line,maxCurrentA,normAmps,maxLoadingPct,meanLoadingPct,overloadHours
rbt_1607347,91.27188039882809,124.95,73.04672300826579,25.171225283464512,0
sbt_7584,91.27189074309787,163.8,55.721545020206264,19.201128558275805,0
sbt_22840,91.27188600357479,163.8,55.72154212672453,19.201128517675187,0
rbt_630758,30.89513895745189,76.65,40.30676967704095,17.307115762128564,0
rbt_637576,24.550545578461357,61.95,39.629613524554244,14.496231104818419,0
rbt_632607,45.12013784430777,124.95,36.11055449724511,17.015658211088482,0
rbt_606147,25.28734947087949,76.65,32.99067119488518,12.290890680697672,0
rbt_1130761,28.00236988718508,90.3,31.010376397768635,14.601455272203232,0
rbt_637918,17.48260766004296,61.95,28.22051276843093,11.138206562443832,0
rbt_605836,23.756773671256642,90.3,26.308719458755974,12.403698593078799,0
rbt_637360,16.21397782074693,61.95,26.172684133570506,12.296923519949756,0
rbt_1607350,21.627025821920228,90.3,23.950194708660273,8.626859451813322,0
rbt_626476,14.008931653190052,61.95,22.613287575770865,10.641025016047289,0
rbt_606126,13.442884304934386,61.95,21.699571113695537,7.7234861946828,0
rbt_1633671,13.189568191800992,61.95,21.29066697627279,10.042061078645805,0
smt_29422,34.50376703003343,163.8,21.064570836406244,19.976561954293683,0
smt_17184,34.411026884946445,163.8,21.007952921212723,19.915806428660087,0
smt_19119,34.40950653242988,163.8,21.007024745073185,19.9146243990504,0
rbt_3405844,18.376014212248023,90.3,20.34996036793801,7.026802944685958,0
smt_24512,31.713401517616752,163.8,19.361050987556013,19.054251910476843,0
smt_19115,31.71334814766872,163.8,19.361018405170157,19.054219774044654,0
smt_29473,31.71186031756174,163.8,19.360110083981525,19.053323889826412,0
smt_29474,31.709967857306985,163.8,19.35895473584065,19.052184362011783,0
smt_6092,31.70807788905578,163.8,19.35780090906946,19.05104633590456,0
smt_19063,31.70639101015581,163.8,19.356771068471186,19.050030599064453,0
smt_6227,31.70444557810166,163.8,19.355583381014444,19.048859178233545,0
smt_6144,31.70248461774598,163.8,19.354386213520133,19.047678408400085,0
smt_6176,31.700456978991234,163.8,19.353148338822486,19.04645749024213,0
smt_6719,31.698546167950134,163.8,19.351981787515342,19.045306919683373,0
smt_6062,31.696502221436987,163.8,19.350733956921236,19.044076184570205,0
smt_6066,31.694690882458506,163.8,19.349628133369052,19.0429855120758,0
smt_19014,31.69305188246535,163.8,19.34862752287262,19.04199861201766,0
smt_19011,31.69109206851365,163.8,19.34743105525864,19.040818539581117,0
smt_29475,31.689113819623138,163.8,19.346223333103257,19.039627367969473,0
smt_6594,31.687389558795918,163.8,19.345170670815577,19.03858913227798,0
smt_29476,31.685390951375364,163.8,19.34395051976518,19.0373857043426,0
smt_19061,31.683410634034587,163.8,19.34274153481965,19.03619329068071,0
smt_6474,31.681790206906456,163.8,19.341752263068653,19.035217579524495,0
smt_37840,31.680132866733814,163.8,19.34074045588145,19.03421964262626,0
rbt_606143,14.774526867928996,76.65,19.275312286926283,6.819478253831337,0
smt_13371,31.51624040854915,163.8,19.240684010103266,18.98788795539272,0
smt_21221,31.514465831546094,163.8,19.23960062975952,18.98680896668792,0
smt_13441,31.512709837582715,163.8,19.23852859437284,18.98574127742725,0
smt_26478,31.511956408255323,163.8,19.2380686253085,18.955771959539373,0
smt_857,31.511510046068587,163.8,19.23779612092099,18.98501177376426,0
smt_21217,31.510274013171856,163.8,19.237041522082936,18.98426023462953,0
smt_30311,31.510223056704945,163.8,19.23701041312878,18.954722801950727,0
smt_26396,31.508864919439024,163.8,19.236181269498793,18.983403470027277,0
smt_39969,31.508792363725394,163.8,19.236136974191325,18.98335935545932,0
smt_14452,31.508121528513882,163.8,19.235727428885152,18.95345079797566,0
smt_13847,31.507623757704245,163.8,19.23542353950198,18.982648814085092,0
smt_22508,31.506419190529574,163.8,19.234688150506454,18.952420416091556,0
smt_14513,31.506005968328765,163.8,19.234435878100587,18.981665158450195,0
smt_13787,31.504666588722564,163.8,19.23361818603331,18.980850783098088,0
smt_14288,31.50450550672038,163.8,19.233519845372637,18.973124382143922,0
smt_14113,31.504392622934844,163.8,19.233450929752653,18.9511937885318,0
smt_20815,31.502764224701703,163.8,19.23245679163718,18.972065665799224,0
smt_21165,31.502718620810473,163.8,19.232428950433743,18.979666371773657,0
smt_14544,31.502096615137706,163.8,19.23204921559078,18.949804078952983,0
smt_26394,31.500751469420695,163.8,19.231228003309337,18.978470297054763,0
smt_22453,31.500006310072944,163.8,19.230773083072613,18.948538878272565,0
smt_14041,31.49893959448982,163.8,19.230121852557886,18.977368634599845,0
smt_14754,31.49871477000003,163.8,19.229984597069617,18.94945219553298,0
smt_21157,31.49849869901021,163.8,19.229852685598416,18.969472187138525,0
smt_26474,31.497915739758298,163.8,19.229496788619226,18.94727351962697,0
smt_26393,31.4974601374908,163.8,19.229218643156777,18.97646909045725,0
smt_15145,31.49674634639448,163.8,19.2287828732567,18.96840674168087,0
smt_14780,31.496660495203376,163.8,19.22873046105212,18.948208857586682,0
smt_21229,31.496177108822582,163.8,19.22843535337154,18.94622118122773,0
smt_13284,31.49606127450501,163.8,19.228364636449943,18.975618549603,0
smt_26472,31.494598187073585,163.8,19.22747142067984,18.94696065990413,0
smt_15288,31.494566187978997,163.8,19.22745188521306,18.967081187290393,0
smt_21164,31.494267859823236,163.8,19.22726975569184,18.974528112685807,0
smt_14729,31.494207843780288,163.8,19.22723311586098,18.94502924940165,0
smt_26388,31.492744789821383,163.8,19.226339920525874,18.965973762771327,0
smt_15243,31.492533719877912,163.8,19.226211062196526,18.94571115787861,0
smt_13919,31.492370543580346,163.8,19.22611144296724,18.973374501779727,0
smt_15568,31.49104272471017,163.8,19.225300808736364,18.945031037606824,0
smt_20997,31.490936261932784,163.8,19.225235813145776,18.96487416405572,0
smt_20813,31.490380776701834,163.8,19.224896689073155,18.97216467943723,0
smt_15581,31.489574261217495,163.8,19.224404310877592,18.94414197937039,0
smt_15035,31.489224070684994,163.8,19.224190519343708,18.963833139295197,0
smt_20814,31.489051118119683,163.8,19.224084931696996,18.97135621787696,0
smt_23196,31.488060187587443,163.8,19.2234799680021,18.94322530855344,0
smt_21162,31.48719342351185,163.8,19.22295080800479,18.97022669919301,0
smt_15622,31.48666271079625,163.8,19.222626807567917,18.94237923059314,0
smt_20816,31.486640209713297,163.8,19.22261307064304,18.96226213387465,0
smt_856,31.485360241192335,163.8,19.22183164907957,18.94159067411245,0
smt_14255,31.48479111587511,163.8,19.221484197725953,18.96113787268802,0
smt_15189,31.48344259624869,163.8,19.22066092567075,18.96031796428421,0
smt_16038,31.483019308198624,163.8,19.220402508057767,18.940173401469348,0
smt_14349,31.481982580868703,163.8,19.219769585389926,18.959430266152932,0
smt_14630,31.4801742949198,163.8,19.218665625714163,18.958330817808122,0
smt_23147,31.479157618343603,163.8,19.218044944043715,18.93793892403837,0
smt_20817,31.47878164511665,163.8,19.217815412159126,18.957484079082274,0
smt_14608,31.477311637097237,163.8,19.21691797136583,18.956590306475853,0
smt_20862,31.474951441332177,163.8,19.215477070410365,18.955155295750686,0
smt_14261,31.473780899161046,163.8,19.21476245370027,18.95444360069443,0
smt_14274,31.47175737236506,163.8,19.21352708935596,18.953213287613767,0
smt_26385,31.47014127252847,163.8,19.21254045941909,18.952230692336254,0
smt_13717,31.469509701959915,163.8,19.212154885201414,18.932815257943815,0
smt_14298,31.46859148581724,163.8,19.211594313685737,18.951288416129547,0
smt_20807,31.46815406672266,163.8,19.21132726906145,18.931994473509658,0
smt_14732,31.467008407768745,163.8,19.21062784357066,18.950325899070283,0
smt_23095,31.46645339560315,163.8,19.21028900830473,18.930964784747594,0
smt_20808,31.46564738922492,163.8,19.209796940918753,18.930476780540687,0
smt_21153,31.46538051287684,163.8,19.209634012745322,18.94933613366128,0
smt_26469,31.46405031765571,163.8,19.208821927750737,18.929509819509747,0
smt_36207,31.463776543196357,163.8,19.208654788276164,18.948360915286543,0
smt_13955,31.462526664370312,163.8,19.20789173648981,18.92858731158007,0
smt_14872,31.46186753061313,163.8,19.20748933492865,18.947200230486363,0
smt_14437,31.460785075585044,163.8,19.206828495473165,18.92753285457385,0
smt_15028,31.459104119427195,163.8,19.20580227071257,18.932411038844695,0
smt_13280,31.459067890528594,163.8,19.205780152947856,18.92649317468158,0
smt_14970,31.457735507515757,163.8,19.204966732305103,18.92570296526449,0
smt_21226,31.457366631696527,163.8,19.204741533392262,18.92546313911914,0
smt_13747,31.45613740282533,163.8,19.20399108841595,18.924731044210045,0
smt_13930,31.455581550554086,163.8,19.20365174026501,18.924382354750126,0
smt_20865,31.454593094232624,163.8,19.203048287077305,18.923791841072422,0
smt_21225,31.453251373612613,163.8,19.202229165819666,18.922971542745575,0
smt_14193,31.45292345567992,163.8,19.20202897172156,18.92277641670229,0
smt_14225,31.45139230001144,163.8,19.201094200251184,18.92184521414829,0
smt_13546,31.450907703181667,163.8,19.20079835359076,18.921552564298494,0
smt_21108,31.449637298767808,163.8,19.200022770920516,18.920777876343454,0
smt_20866,31.44798917844114,163.8,19.199016592454907,18.919775540878714,0
smt_36206,31.44648727055593,163.8,19.19809967677407,18.918862127697256,0
smt_13702,31.444777703740673,163.8,19.197055985189664,18.91782242337966,0
smt_20867,31.44333857840199,163.8,19.196177398291812,18.916947193339656,0
smt_13866,31.44188185920329,163.8,19.195288070331674,18.916061263765812,0
smt_21107,31.440129018093554,163.8,19.194217959764075,18.914995242880558,0
smt_26355,31.437957634151847,163.8,19.19289232854203,18.913674678656637,0
smt_13752,31.436680963079038,163.8,19.19211292007267,18.91280841459241,0
smt_14823,31.436644344034065,163.8,19.192090564123358,18.912786242327115,0
smt_27620,31.436573586608535,163.8,19.192047366671876,18.911694305777345,0
smt_20868,31.436342109219858,163.8,19.191906049584773,18.912692170114244,0
smt_23041,31.434869233924992,163.8,19.191006858318065,18.911711429214808,0
smt_23009,31.434840567684176,163.8,19.190989357560547,18.911778982897467,0
smt_20869,31.434635032503298,163.8,19.19086387820714,18.91051531608147,0
smt_14797,31.433115942211863,163.8,19.189936472656814,18.910649828719986,0
smt_13891,31.433036332396114,163.8,19.189887870815696,18.9095430192898,0
smt_21104,31.431361592101336,163.8,19.188865440843305,18.908524476926022,0
smt_26430,31.430744716201353,163.8,19.18848883772976,18.90990657270668,0
smt_13932,31.42910450577642,163.8,19.18748748826399,18.907151764477057,0
smt_26429,31.429000031271464,163.8,19.187423706514934,18.908850153955004,0
smt_20810,31.427245108518033,163.8,19.186352325102582,18.90778753790894,0
smt_14054,31.427064178876115,163.8,19.186241867445737,18.905910881407028,0
smt_26425,31.425477690982227,163.8,19.185273315617966,18.906717358000453,0
smt_26351,31.425032003567715,163.8,19.185001223179313,18.904674956688872,0
smt_14845,31.42338151025295,163.8,19.183993596003017,18.905448112710584,0
smt_14864,31.4230205790524,163.8,19.183773247284737,18.903451652880513,0
smt_21052,31.42135622444947,163.8,19.18275715778356,18.90243942990819,0
smt_21220,31.421274833679053,163.8,19.182707468668532,18.904172514674553,0
smt_26348,31.41971322975346,163.8,19.181754108518597,18.90144019796735,0
smt_23225,31.419242641001034,163.8,19.181466813797943,18.902942019207476,0
smt_14369,31.41821339932691,163.8,19.18083846112754,18.90052803570393,0
smt_20870,31.416567476004627,163.8,19.179833623934446,18.899527023575242,0
smt_21053,31.415154182601228,163.8,19.178970807448856,18.898667491894887,0
smt_14674,31.41469120508164,163.8,19.178688159390497,18.900588663797198,0
smt_26347,31.41338665687627,163.8,19.17789173191469,18.89759252501308,0
smt_15154,31.412677960317406,163.8,19.177459072232846,18.899369646339498,0
smt_14536,31.411686347433577,163.8,19.176853691961888,18.896558437977546,0
smt_20812,31.41099914488256,163.8,19.176434154384957,18.898353127260446,0
smt_14549,31.4096332510989,163.8,19.17560027539615,18.89530979515565,0
smt_26427,31.409220911243725,163.8,19.175348541662835,18.897276412432017,0
smt_21056,31.408127104753603,163.8,19.174680772132845,18.89439379434031,0
smt_23277,31.4074485612129,163.8,19.174266520886995,18.89620326186113,0
smt_15181,31.40677475137132,163.8,19.17385515956735,18.89357132695658,0
smt_14301,31.405768697568217,163.8,19.17324096310636,18.895186113042474,0
smt_21055,31.4054245674448,163.8,19.17303087145592,18.892750179262748,0
smt_20871,31.403988281629285,163.8,19.172154018088694,18.9001382450681,0
smt_21222,31.403984698119473,163.8,19.17215183035377,18.8941059123054,0
smt_14721,31.402642431067274,163.8,19.171332375498945,18.89931970747477,0
smt_14748,31.400997280490326,163.8,19.170328010067355,18.89831913803615,0
smt_26346,31.399378249769153,163.8,19.169339590823657,18.897334455071654,0
smt_14761,31.397588763531417,163.8,19.16824710838304,18.896246102942214,0
smt_14786,31.39581485996468,163.8,19.167164139172574,18.895167228742135,0
smt_21100,31.394068811202118,163.8,19.16609817533707,18.894105296246654,0
smt_21054,31.39233467696291,163.8,19.16503948532534,18.893050610680387,0
smt_21101,31.271810146335984,163.8,19.0914591857973,18.873020938006317,0
smt_14960,31.269392422841634,163.8,19.08998316412798,18.871549056522863,0
smt_21103,31.267927265791275,163.8,19.089088684854257,18.8706570864273,0
smt_14563,31.266170241846034,163.8,19.088016020663023,18.869587431403414,0
smt_26349,31.264368902594544,163.8,19.086916301950268,18.868490798017454,0
smt_26350,31.262925382089612,163.8,19.086035031800737,18.86761200043862,0
smt_17100,31.261008789038616,163.8,19.084864950573024,18.866445202316985,0
smt_14503,31.25880395456585,163.8,19.08351889778135,18.860951354606755,0
smt_15080,31.258652075518956,163.8,19.083426175530498,18.865010464634413,0
smt_26354,31.25701444122623,163.8,19.08242639879501,18.859861928175935,0
smt_20875,31.256269979890384,163.8,19.08197190469498,18.863560275021175,0
smt_27622,31.255339846167534,163.8,19.081404057489333,18.859087737668244,0
smt_14517,31.2550062619325,163.8,19.081200404110195,18.862790939674657,0
smt_21109,31.253945754340734,163.8,19.08055296357798,18.858239039709805,0
smt_14778,31.252716366765714,163.8,19.079802421712888,18.86139688104631,0
smt_21110,31.25261099463266,163.8,19.079738091961328,18.857426462085595,0
smt_14066,31.250862252717795,163.8,19.078670483954696,18.856361859567922,0
smt_14909,31.25068890382188,163.8,19.07856465434791,18.860162588016276,0
smt_21111,31.24882586201366,163.8,19.077427266186607,18.855122141668453,0
smt_14146,31.246858693485237,163.8,19.076226308599047,18.85392456500985,0
smt_26356,31.24496568331244,163.8,19.075070624732867,18.852772134621926,0
smt_14607,31.243052637516538,163.8,19.073902709106555,18.851607506923397,0
smt_15188,31.24138240750672,163.8,19.07288303266588,18.850590701079984,0
smt_14159,31.23998507255331,163.8,19.07202995882375,18.84974002877981,0
smt_14181,31.238562702541877,163.8,19.071161601063416,18.848874115620237,0
smt_14620,31.236827619816058,163.8,19.070102332000033,18.847817828624894,0
smt_20876,31.234844152191712,163.8,19.068891423804462,18.846610329394,0
smt_26384,31.232786018132213,163.8,19.067634931704646,18.845357374573062,0
smt_14740,31.230320461356285,163.8,19.06612970778772,18.843856388170344,0
smt_36560,31.08106045832819,163.8,18.975006384815742,18.789668489262407,0
smt_26391,31.080517222191986,163.8,18.974674738822944,18.802183854554674,0
smt_14427,31.07923399717717,163.8,18.97389132916799,18.788556176890847,0
smt_21161,31.078826111347837,163.8,18.973642314620168,18.80115390130702,0
smt_36562,31.07787245452199,163.8,18.97306010654578,18.787726998896908,0
smt_36563,31.07782917827017,163.8,18.973033686367625,18.78770064388632,0
smt_36561,31.07780072383162,163.8,18.973016314915515,18.787683315216388,0
smt_13545,31.077491585998587,163.8,18.97282758607972,18.783969253215037,0
smt_14907,31.076908426543582,163.8,18.972471566876422,18.799985956160896,0
smt_20926,31.076203855770565,163.8,18.972041425989357,18.786710825902905,0
smt_21154,31.075839309248508,163.8,18.971818870115083,18.78296302360126,0
smt_26390,31.07519125483235,163.8,18.97142323249838,18.798940131937254,0
smt_14247,31.07417027350098,163.8,18.97079992277227,18.785472379367896,0
smt_16842,31.07383780687371,163.8,18.97059695169335,18.781744117901646,0
smt_14065,31.073384280971204,163.8,18.970320073852992,18.797839615246016,0
smt_14040,31.07197058581134,163.8,18.969457012094836,18.784132776157385,0
smt_27624,31.071456304909532,163.8,18.969143043290313,18.796665404150037,0
smt_16817,31.071307299195443,163.8,18.96905207521089,18.780203051775807,0
smt_23120,31.07037270239074,163.8,18.96848150329105,18.78917947960386,0
smt_23173,31.069777163062255,163.8,18.968117926167434,18.79564274316111,0
smt_14587,31.06962366227484,163.8,18.968024213843,18.779177726427378,0
smt_15289,31.068508012595082,163.8,18.967343109032406,18.788043863838023,0
smt_14588,31.06749712565304,163.8,18.966725961937144,18.777882678590725,0
smt_14163,31.06716377676509,163.8,18.966522452237538,18.787225210476272,0
smt_20927,31.06575204051425,163.8,18.965660586394538,18.786365449042975,0
smt_16855,31.065298578776382,163.8,18.965383747726726,18.776543778055668,0
smt_26392,31.06442342811163,163.8,18.964849467711616,18.785556311415117,0
smt_26387,31.063199472304458,163.8,18.96410224194411,18.775265437154296,0
smt_14735,31.06271596699971,163.8,18.963807061660383,18.784516451763185,0
smt_27623,31.061691109371083,163.8,18.96318138545243,18.774346855492826,0
smt_26389,31.06027478845368,163.8,18.96231672066769,18.773484327205164,0
smt_3613,30.942248950275346,163.8,18.89026187440497,18.753023223004913,0
smt_14937,30.939753866407177,163.8,18.888738624180203,18.75150766629886,0
smt_15269,30.937532335709275,163.8,18.88738237833289,18.750158271003034,0
rbt_1627323,13.801896160481219,76.65,18.006387684907,8.473728058667891,0
sbt_34378,22.642614459652247,128.1,17.675733379900272,8.674546452646455,0
sbt_34379,22.57190980006453,128.1,17.620538485608535,8.550001421324863,0
rbt_637397,10.801466148100998,61.95,17.435780707184822,8.197523045111723,0
rbt_635862,10.37267846981085,61.95,16.743629491220098,5.758219299778339,0
rbt_3435739,12.816790025126016,76.65,16.72118724739206,8.05935964448811,0
rbt_605816,9.828659287145049,61.95,15.865471004269653,6.020142335773717,0
sbt_24791,25.28737088341133,163.8,15.437955362277977,5.751507120173215,0
sbt_3174,25.287361960750722,163.8,15.43794991498823,5.751508790619403,0
smt_37838,31.760104361676852,216.3,14.68335846587002,14.46976772906005,0
smt_37842,31.758971807555902,216.3,14.682834862485391,14.469249845844944,0
smt_37843,31.75826711748028,216.3,14.682509069570171,14.468927612207024,0
smt_38001,31.756904176419283,216.3,14.681878953499435,14.468304380864486,0
smt_38002,31.756849404318686,216.3,14.681853631215294,14.468279335027331,0
smt_38000,31.756822474692804,216.3,14.681841181087748,14.468267020929188,0
smt_37845,31.755571741102884,216.3,14.681262940870496,14.467695098669617,0
smt_37846,31.754095726974224,216.3,14.680580548762933,14.467020162875764,0
smt_37831,31.753242312202925,216.3,14.680185997319892,14.456292627374765,0
smt_37847,31.752711812392853,216.3,14.679940736196418,14.466387341813382,0
smt_37858,31.752543123096885,216.3,14.679862747617605,14.45597274336746,0
smt_37848,31.75169843670303,216.3,14.67947223148545,14.465923956930558,0
smt_37859,31.751074320451274,216.3,14.67918368952902,14.455300756156555,0
smt_37849,31.750257372702823,216.3,14.678805997551002,14.465265003975723,0
smt_37860,31.750012584064386,216.3,14.678692826659448,14.4548150048866,0
smt_37850,31.74881174976006,216.3,14.678137655922358,14.464603966843464,0
smt_37861,31.748588292800868,216.3,14.678034347110897,14.454163382921019,0
smt_37851,31.747416820911834,216.3,14.67749275123062,14.463966110906783,0
smt_37862,31.747238330399156,216.3,14.677410231344961,14.453545767354855,0
smt_37863,31.74612375203811,216.3,14.676894938528944,14.45303584168665,0
smt_37852,31.746016999215776,216.3,14.67684558447331,14.463326018066939,0
smt_37864,31.745449196704627,216.3,14.676583077533344,14.452727229149124,0
smt_37923,31.74477410169335,216.3,14.676270967033448,14.452418369819808,0
smt_37853,31.74467198143958,216.3,14.676223754710854,14.462710985637377,0
smt_37924,31.743349703189125,216.3,14.675612437905281,14.451766700823589,0
smt_37854,31.743244806208246,216.3,14.675563941843848,14.462058385747731,0
smt_37925,31.74190553935147,216.3,14.67494477085135,14.451105989650607,0
smt_37855,31.74185520953692,216.3,14.674921502328672,14.46142296969551,0
smt_37856,31.740346070694244,216.3,14.674223795975147,14.460732891472679,0
smt_37932,31.72267808131458,216.3,14.666055516095506,14.440737252534035,0
smt_37933,31.72131558492572,216.3,14.665425605605972,14.440113862738613,0
smt_37934,31.719954343830608,216.3,14.664796275464912,14.43949104782554,0
smt_37935,31.718601535571995,216.3,14.664170843999996,14.438872091719789,0
smt_37936,31.71736431267371,216.3,14.663598850057191,14.438306020338558,0
smt_37937,31.7159972796584,216.3,14.662966842190661,14.437680556900128,0
smt_37938,31.71463167273862,216.3,14.662335493637826,14.437055746487305,0
smt_37939,31.71324304866264,216.3,14.66169350377376,14.436420405425865,0
smt_37940,31.711871232938012,216.3,14.661059284760986,14.435792755290256,0
smt_37941,31.710528539055453,216.3,14.66043852938301,14.435178429870012,0
smt_37942,31.709214290342647,216.3,14.659830924800113,14.434577119475696,0
smt_37943,31.7078884816165,216.3,14.659217975782015,14.43397052048165,0
smt_37944,31.70655213622205,216.3,14.658600155442464,14.433359101120386,0
smt_37945,31.705416457903624,216.3,14.658075107676199,14.432839493552947,0
smt_37873,31.704446940289948,216.3,14.657626879468305,14.432395909833287,0
smt_37874,31.703087571238417,216.3,14.656998414812028,14.431773957705389,0
smt_37875,31.7016240901931,216.3,14.656321817010218,14.431104371842176,0
smt_37876,31.700118226797542,216.3,14.65562562496419,14.430415395321324,0
smt_37877,31.698619242014654,216.3,14.654932613044222,14.429729566625689,0
smt_37878,31.697127993369648,216.3,14.654243177702103,14.429047278036649,0
smt_37879,31.69569034217543,216.3,14.653578521579021,14.428389512337551,0
smt_37880,31.69416289457137,216.3,14.652872350703362,14.427690662936513,0
smt_37881,31.692778385558803,216.3,14.65223226331891,14.427057212394239,0
smt_37882,31.691306470239443,216.3,14.651551766176349,14.426383771690888,0
smt_37883,31.68985702049917,216.3,14.65088165533942,14.425720610136283,0
smt_37884,31.688358827074133,216.3,14.65018900928069,14.42503514767054,0
smt_37885,31.68690518420104,216.3,14.64951695987103,14.424370068807683,0
smt_37886,31.685457236513148,216.3,14.648847543464239,14.423707596207429,0
smt_37887,31.684024745873725,216.3,14.648185273173242,14.423052196168888,0
smt_37888,31.682538873906154,216.3,14.647498323581207,14.422372373392614,0
smt_37889,31.681579160245352,216.3,14.647054627945147,14.421933281276155,0
smt_37890,31.680577087949256,216.3,14.646591349028782,14.421474809291167,0
smt_37841,31.678795913226537,216.3,14.645767874815782,14.413653790854168,0
smt_37891,31.678584239880127,216.3,14.645670013814204,14.420563034576475,0
smt_37837,31.67794635085001,216.3,14.645375104415168,14.41326640526674,0
smt_37892,31.677110390407126,216.3,14.644988622472088,14.419888714552854,0
smt_37893,31.675725155156332,216.3,14.64434819933256,14.419254938110235,0
smt_37894,31.67428977569262,216.3,14.643684593477863,14.418598220126158,0
smt_37895,31.672915444838303,216.3,14.643049211668194,14.417969433737662,0
smt_37896,31.671463202592314,216.3,14.642377809797647,14.417305001699175,0
smt_37897,31.669988212560487,216.3,14.641695891151404,14.416630162683921,0
smt_37903,31.668850147971213,216.3,14.641169740162372,14.406793988562976,0
smt_37898,31.668613871974287,216.3,14.641060504842482,14.416001373407807,0
smt_37904,31.667786041862524,216.3,14.640677781720997,14.406307308280532,0
smt_37905,31.666381702702488,216.3,14.640028526445903,14.405665019242948,0
smt_37906,31.66498239001757,216.3,14.639381595015058,14.405025029704069,0
smt_40683,31.66348024104117,216.3,14.638687120222455,14.404338007558485,0
smt_37908,31.662031465958492,216.3,14.6380173212938,14.403675397069662,0
smt_37909,31.660473824562363,216.3,14.637297191198503,14.402962996306668,0
smt_37910,31.65898516624623,216.3,14.636608953419431,14.402282146144172,0
smt_37911,31.657467554507807,216.3,14.635907329869536,14.40158805492563,0
smt_40685,31.657379149398025,216.3,14.635866458343976,14.401547622026998,0
smt_37912,31.655971534706467,216.3,14.635215688722361,14.400903839097959,0
smt_37913,31.654480587082887,216.3,14.634526392548722,14.40022194379492,0
smt_37914,31.652942147255477,216.3,14.63381513973901,14.399518328302333,0
smt_37915,31.651481134106785,216.3,14.633139682897264,14.398850124991226,0
smt_37916,31.650365812060826,216.3,14.632624046260206,14.398340026033184,0
smt_37917,31.648865270559007,216.3,14.631930314636618,14.397653745308807,0
smt_37918,31.64734502701494,216.3,14.6312274743481,14.396958454387942,0
smt_37919,31.645870480949867,216.3,14.630545760956942,14.396284064051478,0
smt_37920,31.64433005180926,216.3,14.629833588446258,14.395579542456076,0
smt_37993,31.642761838171545,216.3,14.629108570583238,14.394862314245609,0
smt_37987,31.6421160708571,216.3,14.628810018889087,14.394566970345274,0
smt_37986,31.64082497706903,216.3,14.628213119310693,14.393976484616589,0
smt_37948,31.614086083755915,216.3,14.61585117140819,14.388857255624856,0
smt_37947,31.612340741561653,216.3,14.615044263320225,14.388058278541669,0
smt_37985,31.61064349807768,216.3,14.614259592268922,14.387281320949562,0
smt_37984,31.608789375151503,216.3,14.613402392580443,14.386432548869566,0
smt_37983,31.606906006194414,216.3,14.612531671842078,14.385570389938735,0
smt_37963,31.60499303761314,216.3,14.611647266580277,14.384694682341696,0
smt_37959,31.57846981496772,216.3,14.599385027724326,14.38183774136287,0
smt_37958,31.57656089902815,216.3,14.598502496083285,14.380963147869203,0
smt_37957,31.57461667314822,216.3,14.597603639920582,14.380072378090475,0
smt_37956,31.572710592577355,216.3,14.596722419129613,14.379199086371324,0
smt_37955,31.57079535010389,216.3,14.595836962600039,14.378321598381044,0
smt_37954,31.569177437605138,216.3,14.595088967917308,14.377580336219085,0
smt_37962,31.569170409584487,216.3,14.595085718716822,14.371387593981906,0
smt_37960,31.567451779023084,216.3,14.594291159973686,14.37060067864138,0
smt_37953,31.565352891295927,216.3,14.593320800414206,14.37681869084483,0
smt_37952,31.56350182180214,216.3,14.592465012391187,14.375970556696293,0
smt_37951,31.561582032262972,216.3,14.59157745365833,14.37509093729224,0
smt_37981,31.560023765271147,216.3,14.590857034337098,14.37437696323287,0
smt_37980,31.549053167818755,216.3,14.585785098390547,14.370922537589507,0
smt_37979,31.547852965346223,216.3,14.585230219762469,14.370372620362275,0
smt_37978,31.54621989972031,216.3,14.584475219473097,14.369624371756714,0
smt_37977,31.54437603295784,216.3,14.583622761422948,14.368779538157455,0
smt_37976,31.54271662303677,216.3,14.58285558161663,14.368019221147142,0
smt_37975,31.540974705901228,216.3,14.582050257004727,14.36722110162143,0
smt_37990,31.539210212685152,216.3,14.58123449500007,14.366412639254884,0
smt_37974,31.53758131389187,216.3,14.580481421124302,14.365666305101293,0
smt_37991,31.535821810888468,216.3,14.579667966199015,14.364860131355174,0
smt_37973,31.534790596728616,216.3,14.579191214391408,14.364387647443406,0
smt_37989,31.529399479246095,216.3,14.576698788370823,14.3604691455028,0
smt_37969,31.5269745247284,216.3,14.575577681335366,14.361740248374701,0
smt_37968,31.525637667507556,216.3,14.5749596243678,14.361127473727953,0
smt_37972,31.52508635162861,216.3,14.574704739541659,14.358492472343679,0
smt_37967,31.523901545651658,216.3,14.574156979034514,14.360331689365934,0
smt_37971,31.523337657076585,216.3,14.573896281588805,14.3576910611721,0
smt_37966,31.522134711549572,216.3,14.573340134789445,14.359521828641219,0
smt_37970,31.522113653807715,216.3,14.573330399356315,14.357130112055671,0
smt_37996,31.520413588744056,216.3,14.572544423829893,14.358732921724007,0
smt_37995,31.51900719730282,216.3,14.571894219742404,14.358088278729424,0
smt_37994,31.51897849011994,216.3,14.571880947813195,14.35807512006212,0
smt_37965,31.51896485730621,216.3,14.571874645079152,14.358068870468594,0
smt_37964,31.51283647596445,216.3,14.569041366603997,14.355259828102065,0
rbt_609688,10.767780657819584,76.65,14.04798520263481,5.153446657511496,0
rbt_1638954,7.8678670986026535,61.95,12.700350441650771,5.969883676339124,0
rbt_1607265,11.074540693512574,90.3,12.264164666126883,5.773658601019008,0
rbt_606139,9.253259199879833,76.65,12.072092889601869,4.325741574237997,0
smt_34714,34.45678095903613,286.65,12.020506177929926,11.400794784644207,0
smt_34721,34.45675212241758,286.65,12.02049611805951,11.400781964463505,0
smt_34712,34.45673406582964,286.65,12.020489818883533,11.400773936824857,0
smt_34720,34.45620480400882,286.65,12.02030518193226,11.400538645214885,0
smt_34711,34.455467147494424,286.65,12.0200478449309,11.400210711616147,0
smt_34719,34.454667477620944,286.65,12.019768874104638,11.399855213379405,0
smt_34710,34.453966052875025,286.65,12.01952417682715,11.399543394106933,0
smt_34718,34.45326228898645,286.65,12.019278663522224,11.399230538309654,0
smt_34709,34.45258934265829,286.65,12.019043901154124,11.398931385373237,0
smt_34708,34.451901140115226,286.65,12.018803816541157,11.39862545359968,0
smt_34707,34.450665587525364,286.65,12.018372784763777,11.398076212103481,0
smt_34706,34.449708022033604,286.65,12.018038730868168,11.397650551575865,0
smt_34717,34.44868012861695,286.65,12.017680142549086,11.3971936353322,0
smt_34705,34.44780701106619,286.65,12.017375548950355,11.396805525174628,0
smt_34716,34.44694456613612,286.65,12.017074678575309,11.396422164095208,0
smt_34704,34.44622071007406,286.65,12.016822155965135,11.396100410313897,0
smt_34703,34.445500688308655,286.65,12.016570970978076,11.395780364344176,0
smt_34702,34.44434851548411,286.65,12.016169026856485,11.395268236654452,0
smt_34715,34.4433899608531,286.65,12.015834627892238,11.394842176822117,0
smt_34701,34.44269009468942,286.65,12.015590474337841,11.394531103059663,0
smt_34700,34.44198342281849,286.65,12.015343946561483,11.394217007705576,0
smt_34713,34.44115695910105,286.65,12.015055628502026,11.393849672427068,0
rbt_623004,6.999313196489737,61.95,11.298326386585531,4.443560244287697,0
sbt_9361,23.75677372238233,216.3,10.983251836515178,5.178243067902765,0
smt_24122,35.29070231368825,327.6,10.77249765375099,10.098129170673909,0
smt_18806,35.29068074911599,327.6,10.772491071158727,10.098120545503727,0
smt_10381,35.29052776424766,327.6,10.772444372480972,10.098059344342461,0
smt_18545,35.2900576872295,327.6,10.772300881327686,10.097871292708042,0
smt_23134,35.28912705270237,327.6,10.772016804854202,10.097499002800504,0
smt_4527,35.28824851205916,327.6,10.771748630054688,10.097147558817047,0
smt_4627,35.28726849886555,327.6,10.771449480728188,10.09675552980348,0
smt_4591,35.28666557353851,327.6,10.771265437588067,10.096514348901948,0
smt_4693,35.28591169533561,327.6,10.771035316036508,10.096212788178736,0
smt_4863,35.28520122635224,327.6,10.770818445162467,10.095928595819993,0
smt_4387,35.28442369891496,327.6,10.770581104674896,10.095617584214404,0
smt_31415,35.283496765847815,327.6,10.770298158073203,10.095246816593983,0
smt_31414,35.28269329214519,327.6,10.770052897480216,10.094925437486067,0
smt_31413,35.282204653242395,327.6,10.769903740305981,10.094729990765494,0
smt_31412,35.282011801369734,327.6,10.769844872212984,10.094652854028258,0
smt_31411,35.28175516410241,327.6,10.769766533608792,10.094550204442585,0
smt_31416,35.281708395152464,327.6,10.769752257372547,10.09453149813132,0
smt_31417,35.281673644673084,327.6,10.769741649778108,10.094517598112988,0
smt_31408,35.271892315302445,327.6,10.766755896001968,10.094107871250037,0
smt_31407,35.27106044211454,327.6,10.766501966457428,10.086228699274479,0
smt_6830,35.27005684068562,327.6,10.766195616814901,10.085826791234128,0
smt_6842,35.2684177057406,327.6,10.76569527037259,10.085170391443494,0
smt_7020,35.26705450731651,327.6,10.765279153637518,10.08462450844834,0
smt_22791,35.26615573974235,327.6,10.765004804561157,10.084264611781837,0
smt_7012,35.26498748134422,327.6,10.764648193328515,10.083796811712197,0
smt_6826,35.26398651453019,327.6,10.764342647902987,10.083396008207451,0
smt_17964,35.26286928143342,327.6,10.764001612159161,10.082948659418243,0
smt_17962,35.2489897666732,327.6,10.75976488604188,10.081894262617029,0
smt_29388,35.24804895282956,327.6,10.759477702328926,10.081517604295525,0
smt_17961,35.246930433191935,327.6,10.759136273868112,10.08106981012773,0
smt_19163,35.246020204080864,327.6,10.75885842615411,10.080705411501368,0
smt_29389,35.245230863916284,327.6,10.758617479827924,10.080389414738473,0
smt_17795,35.24399216378903,327.6,10.758239366235966,10.079893535580096,0
smt_22739,35.242554285444136,327.6,10.757800453432276,10.07931793659871,0
smt_29420,35.2412651159595,327.6,10.75740693405357,10.078801881567426,0
smt_17794,35.24087407584966,327.6,10.757287568940676,10.078645350774996,0
smt_18202,35.24020488568079,327.6,10.757083298437358,10.078377481096922,0
smt_10747,35.23912169491296,327.6,10.756752654124835,10.077943899084698,0
smt_17776,35.237954179692736,327.6,10.756396269747476,10.077476574079979,0
smt_29390,35.23660944656894,327.6,10.755985789550957,10.076938327137272,0
sbt_11363,17.520320933548213,163.8,10.69616662609781,4.013675372652748,0
smt_12228,34.546550824255235,327.6,10.545345184449094,9.996925734871423,0
smt_24626,34.54573282726483,327.6,10.545095490618078,9.996606771142623,0
smt_6431,34.54482944336902,327.6,10.544819732408124,9.996254516795895,0
smt_6957,34.54399847657084,327.6,10.544566079539328,9.995930504015922,0
smt_24627,34.54299983596689,327.6,10.544261244190137,9.995541116743622,0
smt_24628,34.54219730724996,327.6,10.544016272054321,9.995228201041494,0
smt_24629,34.54133932539553,327.6,10.543754372831359,9.994893667612816,0
smt_24630,34.54018353770424,327.6,10.543401568285786,9.99444302422679,0
smt_6627,34.53931651947923,327.6,10.543136910707943,9.99410497755838,0
smt_6447,34.537911164377846,327.6,10.542707925634263,9.99355704491033,0
smt_6527,34.50944523520553,327.6,10.53401869206518,9.990492628128083,0
smt_24631,34.50858199155003,327.6,10.533755186675833,9.990156384412794,0
smt_1873,34.50764597393942,327.6,10.533469467014474,9.989791799149703,0
smt_24632,34.50674490777374,327.6,10.53319441629235,9.989440832404052,0
smt_24633,34.5057391855906,327.6,10.532887419288949,9.989049107475791,0
smt_24634,34.50471719773066,327.6,10.532575457182741,9.988651053036978,0
smt_6535,34.50209222936827,327.6,10.53177418478885,9.987628684114041,0
smt_6544,34.50110363159525,327.6,10.531472415016864,9.987243659753204,0
smt_19172,34.49988493398714,327.6,10.53110040719998,9.986769027066176,0
smt_19173,34.49906031212611,327.6,10.530848691125186,9.98644787551041,0
smt_6686,34.49830451731508,327.6,10.53061798452841,9.986153532153539,0
smt_19174,34.49606741588998,327.6,10.529935108635526,9.985282314472608,0
smt_24636,34.49473677492153,327.6,10.529528930073726,9.98476412241182,0
smt_24637,34.49360864402011,327.6,10.529184567771704,9.984324801674699,0
smt_24635,34.49236939272029,327.6,10.528806285934154,9.983842216212585,0
smt_24665,34.49110194551869,327.6,10.528419397288978,9.983348659690348,0
smt_6737,34.489876845564176,327.6,10.5280454351539,9.982871602160609,0
smt_22843,34.488690803442964,327.6,10.527683395434359,9.98240976182092,0
smt_19223,34.487780511964154,327.6,10.527405528682586,9.982055303134599,0
smt_6510,34.48673673418943,327.6,10.527086915198238,9.98164887178635,0
smt_24666,34.46875924033466,327.6,10.521599279711435,9.980355345611102,0
smt_6687,34.46785383438409,327.6,10.521322904268645,9.980003088239428,0
smt_22844,34.46710097663738,327.6,10.521093094211654,9.979710184784054,0
smt_19220,34.466096656109,327.6,10.520786525063796,9.979319453187415,0
smt_6683,34.46518255022606,327.6,10.520507493963999,9.978963824383717,0
smt_24667,34.463867985557506,327.6,10.52010622269765,9.978452406947282,0
smt_6502,34.46224759963076,327.6,10.519611599398887,9.977822026003041,0
smt_19218,34.461644853508936,327.6,10.519427610961213,9.977587542545583,0
smt_29393,34.46049134111986,327.6,10.519075500952338,9.977138802572044,0
smt_24668,34.457175567093664,327.6,10.5180633599187,9.97584893904603,0
smt_6394,34.440808036746944,327.6,10.51306716628417,9.969482765920787,0
smt_24450,34.43985221285577,327.6,10.512775400749623,9.969111045229326,0
smt_24451,34.43884202112735,327.6,10.512467039416162,9.96871818628958,0
smt_24452,34.43791852453456,327.6,10.512185141799316,9.968359047650374,0
smt_24453,34.436940770352145,327.6,10.511886682036673,9.96797881387217,0
smt_6993,34.43582501578602,327.6,10.511546097614781,9.967544920330031,0
smt_17113,34.43438323213543,327.6,10.511105992715333,9.966984251068387,0
smt_19165,34.43200651856257,327.6,10.510380500171724,9.966060038763738,0
smt_24454,34.43092297009433,327.6,10.51004974667104,9.965638698808343,0
smt_24455,34.4298865189047,327.6,10.509733369629028,9.965235678771142,0
smt_24456,34.42894772674726,327.6,10.509446803036404,9.964870638173538,0
smt_24457,34.42796906730552,327.6,10.509148066943077,9.964490100698603,0
smt_24458,34.427015644964015,327.6,10.5088570344823,9.9641193813325,0
smt_24459,34.42597866173604,327.6,10.50854049503542,9.96371617666754,0
smt_24505,34.42494798906455,327.6,10.508225881887835,9.963315431569683,0
smt_24506,34.4240922032919,327.6,10.507964653019505,9.962982690261205,0
smt_24507,34.42309470445564,327.6,10.50766016619525,9.962594854015624,0
smt_29445,34.42212795733802,327.6,10.507365066342496,9.96221897944372,0
smt_6650,34.421157787223635,327.6,10.507068921618936,9.961841779229898,0
smt_6653,34.42021459464306,327.6,10.506781011795805,9.961475072795421,0
smt_6140,34.41925295332751,327.6,10.506487470490692,9.96110119860669,0
smt_6420,34.418276873721766,327.6,10.50618952189309,9.960721716263798,0
smt_6426,34.41725341673692,327.6,10.505877111336055,9.960323820022715,0
smt_24508,34.416306172756364,327.6,10.505587964821844,9.959955558723339,0
smt_24509,34.415376971523656,327.6,10.505304325861921,9.959594316720285,0
smt_24510,34.414346092403825,327.6,10.504989649695917,9.959193551385775,0
smt_6389,34.41316987713455,327.6,10.504630609625929,9.958736292037374,0
smt_32671,34.41313218265364,327.6,10.504619103374127,9.9587216380408,0
smt_29446,34.41202941590518,327.6,10.50428248348754,9.958292939777438,0
smt_24511,34.41099438989335,327.6,10.503966541481486,9.957890581945078,0
rbt_606121,6.391267423000593,61.95,10.316815856336712,4.847640330838298,0
rbt_1605991,6.12264270028524,61.95,9.883200484721936,4.647269640984725,0
rbt_1607280,6.072733519495518,61.95,9.802636835343854,4.607491447840261,0
sbt_34393,12.204211696843593,128.1,9.527097343359559,6.263771738673193,0
rbt_635543,5.759731060975526,61.95,9.297386700525466,3.7027842975116383,0
rbt_606114,8.290265797812776,90.3,9.180803762804846,4.315658176431874,0
smt_37926,31.727421118345056,346.5,9.156542891297274,9.015875504496863,0
smt_37927,31.72662675880643,346.5,9.156313638905173,9.015648624636261,0
smt_37928,31.725823679330595,346.5,9.15608186993668,9.015419254387739,0
smt_37929,31.72501495456834,346.5,9.155848471736896,9.015188271820689,0
smt_37930,31.724214934440997,346.5,9.155617585697257,9.014959775568649,0
smt_37931,31.723481874525724,346.5,9.155406024394148,9.014750404144447,0
rbt_627337,8.072706068724344,90.3,8.939873830259518,4.204374465189313,0
rbt_1621994,7.910750317292043,90.3,8.760520838640137,4.116978748777724,0
rbt_626678,7.768447779188615,90.3,8.602932202866684,4.047467575461776,0
rbt_606150,5.259887080414837,61.95,8.490536045867373,3.988764031856128,0
rbt_1607272,7.570723678589337,90.3,8.383968636311558,3.94494376708094,0
rbt_623007,5.17905012790835,61.95,8.360048632620419,3.928124221402207,0
sbt_22748,17.941579804464073,216.3,8.294766437570075,3.904144916387603,0
sbt_7427,17.941571301928104,216.3,8.294762506670413,3.904140857321769,0
sbt_34383,10.604160189246437,128.1,8.27803293461861,4.877546960769856,0
sbt_34392,10.604156977628314,128.1,8.278030427500637,5.191051161339917,0
sbt_34384,10.59047056229558,128.1,8.267346262525823,3.99429355493708,0
rbt_1630759,6.273490858418092,76.65,8.184593422593727,3.850798438395652,0
rbt_606122,5.0604365848490716,61.95,8.16858205786775,3.8397324602086,0
rbt_1229546,7.353502000499129,90.3,8.143413068105348,3.8304031745625617,0
rbt_1638606,5.005372873996592,61.95,8.079697940268913,3.799041556134824,0
rbt_605905,7.169234922139639,90.3,7.939352073244339,3.7324511463055017,0
rbt_1607283,7.108149158497947,90.3,7.871704494460628,3.7041743878398363,0
rbt_605822,6.818450113903246,90.3,7.550886061908358,3.555850758802593,0
rbt_1107340,6.8109511668839335,90.3,7.542581580159395,3.551153512937306,0
rbt_1607287,6.799688460314456,90.3,7.5301090368930845,3.54288845904525,0
rbt_1626486,6.788648380199306,90.3,7.517883034550726,3.5328522621013048,0
rbt_606132,4.540325247692655,61.95,7.329015734774261,3.443685535275279,0
rbt_623433,6.5755919244294105,90.3,7.281940115647188,3.4267942924028154,0
rbt_626698,6.530928829172569,90.3,7.232479323557663,3.399481292154133,0
rbt_1607252,5.5075795946705295,76.65,7.185361506419477,3.3797046196340585,0
rbt_637356,4.304996088199131,61.95,6.949146227924342,3.2669370870004713,0
rbt_631391,6.189103599002705,90.3,6.853935325584391,5.191008330618687,0
rbt_605855,5.12427311168678,76.65,6.685287816942961,3.146079882093103,0
rbt_1607255,5.967460432851523,90.3,6.608483314342771,3.106837981493935,0
rbt_636933,4.962296545843917,76.65,6.473968096339096,3.0465552123478186,0
rbt_605910,3.8986517630508555,61.95,6.293223184908564,2.9563590985867667,0
rbt_627343,5.644682033450507,90.3,6.251032152215401,2.9374434498465867,0
rbt_1607304,3.801325553387746,61.95,6.136118730246563,2.8821570559119896,0
sbt_28279,13.189580404843689,216.3,6.097818032752514,2.8761242542454375,0
sbt_20214,13.189572948930731,216.3,6.097814585728494,2.876124551129454,0
rbt_1607305,5.369284394393611,90.3,5.946051378066014,2.7960351047140546,0
rbt_1607285,3.6460187135112934,61.95,5.885421652157051,2.763827986218933,0
rbt_3405846,4.422484549508115,76.65,5.769712393356967,2.7139699151151357,0
rbt_606103,4.421921439113428,76.65,5.768977741830955,2.7119805002108346,0
rbt_605825,5.13515628880552,90.3,5.686773298787952,2.674960272611969,0
rbt_606109,3.510829750496295,61.95,5.667198951567869,2.662523019140328,0
sbt_4580,9.23386775027063,163.8,5.637281898822118,2.654166813635621,0
rbt_1631852,5.069549577933779,90.3,5.614119133924452,2.639100230963203,0
rbt_605993,5.034697112823311,90.3,5.575522827046856,2.6204207378312976,0
rbt_630753,5.015058641987639,90.3,5.553774797328504,2.6127485610792367,0
rbt_621999,4.999770338613761,90.3,5.536844228808151,2.602789855614792,0
sbt_6049,9.045251440942748,163.8,5.522131526827074,2.5998778699368184,0
rbt_607384,3.3065782976258307,61.95,5.337495234262842,2.5079184771934933,0
smt_6110,17.477138806856093,327.6,5.334901955694778,3.0558439943622164,0
rbt_1607278,4.07968965809962,76.65,5.322491399999504,2.500936701248235,0
rbt_1628760,4.793149119792031,90.3,5.308027818152858,2.494070592767755,0
rbt_3433894,4.7861993243178915,90.3,5.3003314776499355,2.4925367897253374,0
rbt_1607357,4.028059837131857,76.65,5.2551335122398655,2.470129266231963,0
smt_24515,16.957138286949817,327.6,5.17617163826307,3.02266362815659,0
smt_6552,16.956742325497295,327.6,5.17605077090882,3.0225715473723986,0
smt_6549,16.956219152940236,327.6,5.175891072326079,3.0224499438832257,0
smt_23959,16.955762318334667,327.6,5.17575162342328,3.022343815704438,0
smt_22744,16.95521427612967,327.6,5.175584333372915,3.0222165678992314,0
smt_19175,16.954758475517256,327.6,5.175445200096842,3.022110794683291,0
smt_19177,16.954239482869976,327.6,5.175286777432837,3.0219904205099684,0
smt_19176,16.953694038736423,327.6,5.175120280444573,3.021863984100182,0
smt_19164,16.95345654897831,327.6,5.175047786623415,3.021808956281731,0
smt_32311,16.953047900748675,327.6,5.17492304662658,3.0217143030730713,0
smt_39119,16.952557747866273,327.6,5.174773427309606,3.021600826333053,0
smt_32312,16.952534734911765,327.6,5.174766402598219,3.0215955003547132,0
smt_32310,16.952515969993286,327.6,5.174760674601124,3.0215911570650795,0
smt_32309,16.95206241344563,327.6,5.174622226326505,3.0214862118339028,0
smt_32314,16.951855050239836,327.6,5.174558928644638,3.0214382492230065,0
smt_32313,16.95183930652088,327.6,5.174554122869622,3.0214346075723424,0
smt_6802,16.951658749506898,327.6,5.174499007785988,3.076054151520403,0
smt_24514,16.95109238189957,327.6,5.1743261239009675,3.075923949064564,0
smt_24513,16.950504200025716,327.6,5.174146581204431,3.075788813900038,0
smt_19166,16.95004267071675,327.6,5.174005699241987,3.075682835902242,0
smt_6414,16.949592155805068,327.6,5.173868179427676,3.075579436849754,0
smt_18852,16.94913620232929,327.6,5.173728999490015,3.0754748396858695,0
smt_6403,16.94863029288444,327.6,5.173574570477546,3.075358841484883,0
smt_1832,16.948190498516027,327.6,5.173440323112341,3.0752580530198195,0
smt_1831,16.947762038913698,327.6,5.173309535687942,3.075159907319858,0
smt_1829,16.946920860662146,327.6,5.173052765769886,3.0749673513683864,0
smt_1828,16.946311957812323,327.6,5.172866897989109,3.0748280733519207,0
smt_6350,16.85971269514891,327.6,5.146432446626651,3.0067126343285047,0
smt_24517,16.857486105628947,327.6,5.145752779496015,3.0064220842764917,0
smt_24520,16.856803728279065,327.6,5.145544483601667,3.0062632922413055,0
smt_19116,16.856481518574935,327.6,5.145446128991128,3.0061883534009843,0
rbt_605806,4.397357949069738,90.3,4.8697208738313815,2.2886513325375795,0
rbt_622714,4.327238175639454,90.3,4.7920688545287415,2.2535301733128486,0
rbt_1607258,3.622183074331839,76.65,4.725613926068935,2.2227356063048274,0
rbt_627328,4.2253651741641916,90.3,4.679252684567211,2.202843656736002,0
sbt_5830,7.584179413733903,163.8,4.63014616223071,2.178639916935643,0
rbt_605815,4.144680228123,90.3,4.589900584853821,2.1592393925200315,0
rbt_621168,3.5158204598548717,76.65,4.586849915009617,2.156110657303913,0
rbt_1107330,4.133856783967164,90.3,4.57791448944315,2.155692034374298,0
rbt_3422597,4.121593480311906,90.3,4.564333865240205,2.147354902194945,0
rbt_621171,2.822811219299718,61.95,4.556595995641191,2.1408249831153356,0
sbt_25907,9.828684545495115,216.3,4.544005800043973,1.7242148886171613,0
sbt_21361,9.828677599975896,216.3,4.54400258898562,1.7242150750010359,0
sbt_20771,9.828672054819144,216.3,4.544000025344033,1.724217469318642,0
rbt_606127,2.8019537687489513,61.95,4.5229277945907205,2.1250448883316646,0
rbt_1124041,4.065013819183048,90.3,4.501676433203818,2.117993687505512,0
rbt_635966,2.786430422518478,61.95,4.497869931426115,2.1135155827519663,0
rbt_605921,3.3530391110037865,76.65,4.374480249189545,2.0567901594591778,0
sbt_14007,7.108148861906931,163.8,4.339529219723401,2.042044666160314,0
rbt_627336,3.876493186652946,90.3,4.292904968607914,2.017181471386992,0
rbt_1627321,3.8570881966576374,90.3,4.271415500174571,2.0078336245824517,0
rbt_1607355,3.850820810735349,90.3,4.264474873461074,2.0046565847088194,0
rbt_605902,2.6377444815357425,61.95,4.257860341462054,2.000956650423794,0
sbt_35173,5.369283977465175,128.1,4.1914785148049765,1.9709752295847636,0
rbt_1607358,3.2065726646637716,76.65,4.183395518152343,1.966812061038092,0
sbt_21952,9.045250517937658,216.3,4.181807913979499,1.9688390356672765,0
sbt_20840,6.818450080726256,163.8,4.162667936951316,1.9602766373218377,0
sbt_6273,6.799688142056734,163.8,4.151213761939398,1.953130615295958,0
rbt_3405838,3.698923635013312,90.3,4.096260946858596,1.9286646274626709,0
rbt_1107341,2.5212644802468906,61.95,4.0698377405115265,1.9154106223164098,0
rbt_622273,2.347065640179548,57.75,4.064182926717833,1.913287809751804,0
rbt_638617,2.514498981522006,61.95,4.058916838615022,1.9102022231524496,0
smt_6536,11.613477789133215,286.65,4.051448731600633,2.3936995607589115,0
smt_6703,11.612883431556273,286.65,4.0512413855071605,2.3935639618973794,0
smt_6514,11.612300544986397,286.65,4.051038041160439,2.393431151275681,0
smt_6984,11.612211566476189,286.65,4.051007000340552,2.3934108925048965,0
smt_5854,11.611306200903641,286.65,4.050691156777828,2.393204982307717,0
smt_5855,11.610627804013467,286.65,4.050454492940334,2.3930509613782207,0
smt_5657,11.61007172682497,286.65,4.0502605012471555,2.3929248836699553,0
smt_21743,11.609485430864014,286.65,4.050055967508814,2.392792122797225,0
smt_22741,11.608884636717084,286.65,4.049846375969679,2.3926562582694912,0
smt_6098,11.608407286239654,286.65,4.049679848679454,2.3925484390874714,0
smt_19120,11.607853684309068,286.65,4.049486720498542,2.392423540864358,0
smt_22740,11.607305708143265,286.65,4.04929555490782,2.392300064192289,0
rbt_605828,3.6547970674150227,90.3,4.0473943160742225,1.9058966533134558,0
smt_22738,11.592997105754659,286.65,4.044303891768589,2.3867889652833068,0
smt_6754,11.59249790272102,286.65,4.044129741050417,2.38667522403239,0
smt_6567,11.591990400690271,286.65,4.04395269516493,2.386559719498549,0
smt_6746,11.591485866464886,286.65,4.043776684620578,2.386445018168501,0
smt_6812,11.590990001503933,286.65,4.043603698414071,2.386332411919862,0
rbt_1607292,3.581377637524972,90.3,3.966088192164975,1.8651928547528895,0
rbt_1635060,2.4242315025744943,61.95,3.913206622396278,1.8402200180336958,0
rbt_1626490,3.531868181778413,90.3,3.9112604449373345,2.9623782192271157,0
rbt_605867,3.52981671429128,90.3,3.908988609403411,1.838709607164022,0
sbt_37156,6.3912672060048825,163.8,3.901872531138512,1.833402299066366,0
sbt_4615,6.319562897764741,163.8,3.8580970071823817,1.8177382776653248,0
sbt_3373,6.31956161500629,163.8,3.858096224057564,1.8177374309511733,0
sbt_20793,6.3195604383403605,163.8,3.8580955057022956,1.817736660412373,0
sbt_4010,6.31955861565315,163.8,3.8580943929506404,1.8177354778903976,0
sbt_28804,6.3195569618807905,163.8,3.858093383321606,1.817734416016319,0
rbt_605812,3.4335632042552047,90.3,3.8023955750334495,1.7899561448178876,0
rbt_632613,3.4290785688689964,90.3,3.797429201405312,1.7863234005833188,0
rbt_622713,3.41301145527727,90.3,3.779636163097752,1.7761622643106951,0
rbt_606120,2.3305279822609037,61.95,3.761949931010337,1.767109442572946,0
sbt_4118,10.767788428144764,286.65,3.75642366235645,1.3780283104147426,0
sbt_26269,8.072705694303925,216.3,3.7321801638020924,1.7552241131273905,0
rbt_1132019,3.332249885262453,90.3,3.690199208485552,1.7355628797416198,0
rbt_605863,3.3198296863010985,90.3,3.6764448353279056,1.7297787771740099,0
rbt_634166,2.7791793814210206,76.65,3.625804802897613,1.7039175372508908,0
rbt_1138614,2.237344993356066,61.95,3.611533484029162,1.6985658015226663,0
smt_7052,5.888335890910023,163.8,3.5948326562332245,1.9441739410911094,0
rbt_605803,3.212857013426967,90.3,3.557981188734183,1.6727236781003911,0
rbt_605834,3.1960475191230513,90.3,3.5393660233920836,1.6675819997048,0
smt_29484,5.768947238240757,163.8,3.5219458108917925,1.7450368285962294,0
smt_22951,5.768933534179862,163.8,3.5219374445542497,1.7450284056570167,0
rbt_605904,2.1815317531662526,61.95,3.5214394724233293,1.653559720920641,0
smt_19381,5.767575904503314,163.8,3.521108610807884,1.7441950853446342,0
smt_18804,5.766869106850134,163.8,3.520677110409117,1.7437621774022798,0
smt_19380,5.766059130589762,163.8,3.5201826194076693,1.7432668590229239,0
smt_5349,5.765410171485496,163.8,3.5197864294783248,1.7428706140441896,0
smt_18803,5.764751027365952,163.8,3.519384021590935,1.742468705910462,0
smt_13454,5.764077978502079,163.8,3.5189731248486433,1.7420588994676407,0
smt_19377,5.763277916190032,163.8,3.5184846863187005,1.741572522361697,0
smt_29411,5.762272077467673,163.8,3.517870621164635,1.740962233702282,0
smt_8954,5.761654082611282,163.8,3.5174933349275226,1.7405879253275858,0
smt_5584,5.760933683181685,163.8,3.5170535306359487,1.7401522267242717,0
rbt_605864,3.1740247854289168,90.3,3.5149776139855113,1.6538358337842087,0
rbt_605810,2.6919218897885777,76.65,3.511965935797231,1.6507633466936762,0
rbt_609682,2.6760063927965687,76.65,3.4912020780124835,1.6433333800506613,0
rbt_605835,3.1235162726297157,90.3,3.4590434912842922,1.6297117067530176,0
rbt_622703,2.1394276862645523,61.95,3.4534748769403585,2.616291410486838,0
sbt_14006,5.652164930823755,163.8,3.4506501409180426,1.622935940035476,0
sbt_27416,7.353501868478633,216.3,3.399677239241161,1.5991002915710997,0
sbt_15213,7.353501817657797,216.3,3.3996772157456294,1.599100280595593,0
rbt_606128,2.589157048194919,76.65,3.377895692361277,1.5875438434887583,0
rbt_607385,3.0282423059479546,90.3,3.353535222533726,1.5779356979058086,0
rbt_1607257,3.0262944329577817,90.3,3.351378109587798,1.575560648560816,0
rbt_3405845,3.017592046306179,90.3,3.3417409150677506,1.5737673954781763,0
rbt_633056,3.002940180911483,90.3,3.3255151505110554,1.563672419120322,0
rbt_606141,2.998694528890413,90.3,3.3208134317723292,1.563482008427475,0
rbt_623015,2.9928032734622225,90.3,3.3142893393823063,2.5105167606572096,0
smt_25186,5.413190499830487,163.8,3.3047561049026175,1.80284470967515,0
sbt_34389,4.225363892515182,128.1,3.298488596811228,2.538860237484996,0
rbt_1606000,2.935111197234387,90.3,3.250399996937306,1.5284441865858114,0
rbt_605982,2.9313960303522646,90.3,3.2462857478984106,1.5276237719690104,0
sbt_37537,6.999345313869242,216.3,3.235943279643662,1.2726712956884978,0
sbt_37545,6.999336392697283,216.3,3.235939155199853,1.2726720230822028,0
sbt_37546,6.9993191440009594,216.3,3.235931180767896,1.2726708305899221,0
sbt_37539,6.991507895298774,216.3,3.2323198776231044,1.798429722948322,0
sbt_37538,6.991502189566025,216.3,3.2323172397438857,1.7984303197848206,0
sbt_3952,5.28916921162909,163.8,3.229041032740592,1.5205458737423523,0
sbt_4120,5.2891676970508215,163.8,3.229040108089634,1.520544894907909,0
sbt_20855,5.289166221672484,163.8,3.2290392073702585,1.520543948384758,0
sbt_20854,5.28916482140381,163.8,3.2290383525053783,1.5205430561762754,0
rbt_1629639,2.9152246235002166,90.3,3.228377213178535,1.5168292383096766,0
rbt_635963,1.9936015870075945,61.95,3.2180816578007985,1.511608580678203,0
rbt_626481,2.8788720014855924,90.3,3.188119602974078,1.4989126791368272,0
rbt_1607306,2.422929415511476,76.65,3.161029896296772,1.4866557922118717,0
rbt_605820,2.4155330270927284,76.65,3.1513803354112566,1.4828901328173816,0
rbt_3405847,2.8419267986911056,90.3,3.147205757133007,1.482161156027974,0
rbt_605901,2.8393298136834155,90.3,3.144329804743539,1.4775350630806823,0
rbt_1607289,2.3948725998779574,76.65,3.1244260924696112,1.4683962862903048,0
sbt_34000,6.736698784901361,216.3,3.114516312945613,1.4639519416418347,0
sbt_20828,5.060435300104968,163.8,3.0893988401129224,1.4522057097054197,0
rbt_1609690,2.7465327053014987,90.3,3.041564457698227,1.4291696100389328,0
smt_6512,8.692414225642562,286.65,3.0324138237022717,1.8079936638630285,0
smt_6425,8.692018877571943,286.65,3.032275903566002,1.8079156309067563,0
smt_6930,8.691413262076285,286.65,3.032064630063243,1.8077951921341284,0
rbt_1625170,2.7295923207160624,90.3,3.022804341878253,1.4205369767602773,0
rbt_605821,3.870609546215678,128.1,3.021553119606306,1.4200857480950753,0
sbt_34382,3.870566347575246,128.1,3.0215193970142438,1.4200105581921891,0
sbt_35105,3.850820434740836,128.1,3.0061049451528774,1.413118273302314,0
rbt_605988,2.690636890739281,90.3,2.9796643308297686,1.402643462873053,0
smt_22686,8.50358243716268,286.65,2.966538439617192,1.8548974041371296,0
smt_6239,8.503117337877542,286.65,2.9663761862471807,1.8548020043552953,0
smt_23961,8.5026633669117,286.65,2.9662178150747254,1.8547090772490085,0
smt_29407,8.502201581461588,286.65,2.966056717760889,1.8546145903163298,0
smt_6278,8.50178799713757,286.65,2.9659124357709996,1.8545303435910603,0
smt_6630,8.501305797043685,286.65,2.965744216655742,1.8544321156981296,0
smt_19070,8.5008213145065,286.65,2.9655752012930403,1.854333592709447,0
smt_6639,8.500337132972062,286.65,2.965406290937402,1.8542352206739767,0
smt_19117,8.499885188962962,286.65,2.9652486268839917,1.8541435515723486,0
smt_21514,8.49554930616945,286.65,2.963736021688278,1.848751315494041,0
smt_5615,8.49508115311687,286.65,2.9635727029886167,1.8486533943215084,0
smt_18742,8.494716571493699,286.65,2.963445515958032,1.8485774077414423,0
smt_6270,8.49414399350723,286.65,2.9632457678378614,1.8484579995407884,0
smt_5967,8.493698665189752,286.65,2.9630904117180368,1.8483654233646254,0
smt_5772,8.493173348330155,286.65,2.9629071509960423,1.8482563311429034,0
smt_6158,8.492653813572517,286.65,2.9627259074036343,1.848148570041043,0
smt_6263,8.492203887027467,286.65,2.9625689471576724,1.8480555929132627,0
smt_6384,8.491645920579598,286.65,2.9623742963822077,1.847940337558283,0
smt_22684,8.491099984582705,286.65,2.9621838425196954,1.8478276618109633,0
smt_22685,8.490654554983815,286.65,2.9620284510670905,1.847736032975001,0
smt_29447,8.490187564256026,286.65,2.96186553785314,1.847640149676348,0
smt_19065,8.489687296136394,286.65,2.9616910155717404,1.8475376851419518,0
smt_24385,8.489122042207528,286.65,2.9614938225039347,1.8474219967065844,0
smt_29448,8.487674077716346,286.65,2.960988689243449,1.8350711627333987,0
smt_6824,8.487217693798149,286.65,2.960829476294488,1.8349732467370732,0
smt_6855,8.486728337852147,286.65,2.96065876080661,1.8348684240375668,0
smt_19062,8.486156872692558,286.65,2.9604594009044334,1.8347462327527364,0
smt_7054,8.485702652773437,286.65,2.9603009428827622,1.8346492800767462,0
smt_6446,8.485238568970674,286.65,2.960139043771385,1.8345503769980331,0
smt_39006,8.484763093837941,286.65,2.959973170709207,1.8344492090503888,0
smt_39008,8.484333455576646,286.65,2.959823288183027,1.8343579354366515,0
smt_39007,8.484315346145268,286.65,2.95981697057222,1.8343540913595013,0
smt_6122,8.483903032850847,286.65,2.959673131990528,1.8342666311739937,0
smt_18741,8.4833827269736,286.65,2.959491619387267,1.8341564564082118,0
smt_5938,8.48290068449677,286.65,2.9593234552578997,1.8340546105031053,0
smt_5946,8.482344058400507,286.65,2.959129272074135,1.8339372000937166,0
rbt_605804,1.8248462516370978,61.95,2.945675950988051,1.3844383077280957,0
sbt_6048,4.778600051895675,163.8,2.9173382490205584,1.3736194457061537,0
rbt_605829,2.632356105769504,90.3,2.9151230407192736,1.370809697890879,0
sbt_15045,6.27348807757526,216.3,2.9003643446949887,1.3646020048559162,0
rbt_1107342,1.7842482670930602,61.95,2.8801424811833094,1.3545835576913416,0
rbt_1607316,2.599437116984801,90.3,2.8786679036376532,2.1818379575192828,0
rbt_3405987,1.755402287038533,61.95,2.833579155832983,1.3347472230990698,0
sbt_22669,6.122642174159789,216.3,2.830625138307808,1.3310138638988114,0
rbt_1132012,2.5483914665199157,90.3,2.8221389440973597,1.3265886472076942,0
rbt_605823,2.5394194763651385,90.3,2.8122031853434537,1.3229773881924614,0
rbt_1607268,2.1530666685527415,76.65,2.808958471693074,1.3200746716702543,0
sbt_35588,6.072730001144359,216.3,2.807549700020508,1.319619685558991,0
sbt_21281,4.540323836318115,163.8,2.7718704739426827,1.3024186595076148,0
rbt_1121173,2.4730551785617507,90.3,2.73871005377824,1.2886696103706443,0
rbt_605989,2.471303917813797,90.3,2.73677067310498,1.2863286322800997,0
rbt_605807,2.4607987779805085,90.3,2.7251370741755356,1.2823486610186805,0
smt_29426,5.889072847000383,216.3,2.7226411682849667,1.4726189252913275,0
rbt_606130,2.072683383617157,76.65,2.704087910785593,1.2706563974484342,0
sbt_3491,4.421918137574908,163.8,2.6995837225732036,1.269065738116384,0
rbt_637399,1.66314795329058,61.95,2.684661748653075,1.261640193680118,0
sbt_21191,4.384001870343555,163.8,2.6764358182805585,1.2584279893520585,0
sbt_26310,4.3272377623265506,163.8,2.6417812956816547,1.2423304782136035,0
rbt_637705,2.373227336209119,90.3,2.628158733343432,1.9910006550620618,0
rbt_1105833,2.3732176495411514,90.3,2.6281480061363807,1.2356678806629837,0
rbt_1607276,2.3530163308223377,90.3,2.6057766675773397,1.2244229908795918,0
rbt_622709,2.325736978251545,90.3,2.575566974807913,1.2112598766732041,0
rbt_1607319,2.324461852158472,90.3,2.5741548750370677,1.828721173600311,0
rbt_1607328,2.31879120264863,90.3,2.5678750859896233,1.2077855981308734,0
rbt_607366,2.3132572294967275,90.3,2.5617466550351358,1.2039383958271757,0
sbt_21953,4.133857071619861,163.8,2.523722265946191,1.188394351380545,0
sbt_21849,4.133857005008212,163.8,2.5237222252797387,1.1883943320058934,0
sbt_21968,4.133856924305881,163.8,2.5237221760109163,1.1883943085823865,0
smt_6074,7.193330400963036,286.65,2.5094472007545914,1.4839468169093983,0
smt_6082,7.192851573938925,286.65,2.5092801583599953,1.4838644404462558,0
smt_6649,7.192379680032099,286.65,2.509115534635304,1.4837834264487368,0
smt_29408,7.191918297438416,286.65,2.508954577860951,1.4837046407682601,0
smt_6422,7.191455935622162,286.65,2.5087932794774686,1.4836259405968921,0
smt_22683,7.190991200047919,286.65,2.508631152990727,1.4835469954018645,0
smt_25183,5.4125459539570935,216.3,2.5023328497258865,1.3649639826689455,0
smt_22793,7.172500087631203,286.65,2.5021803898940185,1.4702129501350907,0
smt_25117,5.411887823463694,216.3,2.502028582276326,1.3646609596939043,0
smt_22790,7.172015999345466,286.65,2.5020115120688877,1.4701256626169192,0
smt_6370,7.171548687858536,286.65,2.501848486955708,1.4700418676617917,0
smt_29449,7.171523399896677,286.65,2.5018396650607633,1.470789233795312,0
smt_25116,5.411211322251423,216.3,2.5017158216603894,1.3643497925073327,0
smt_29409,7.1710789466149585,286.65,2.5016846142037186,1.4699581338010506,0
smt_6401,7.171056887350029,286.65,2.501676918663886,1.4707076042255658,0
smt_21348,7.1705877315294115,286.65,2.501513250141082,1.4706331985390293,0
smt_5650,7.170586816644546,286.65,2.501512930976643,1.469870256762506,0
smt_25115,5.410682044972022,216.3,2.501471125738336,1.3641065660278777,0
smt_6094,7.17010096919807,286.65,2.501343439455109,1.4697822590602547,0
smt_25114,5.41021753902365,216.3,2.5012563749531433,1.3638932664680787,0
smt_29477,7.169727898061036,286.65,2.5012132907940123,1.469717209810501,0
smt_29450,7.169271966802346,286.65,2.5010542357587116,1.469637150469375,0
smt_25113,5.409675477490463,216.3,2.501005768604005,1.3636445452955293,0
smt_6231,7.168770705492568,286.65,2.500879366995489,1.4695482146190966,0
smt_25112,5.409102906229676,216.3,2.500741056971649,1.3633820495564697,0
smt_6340,7.168300963036581,286.65,2.5007154938205414,1.4694657460136478,0
smt_25111,5.408727796617122,216.3,2.5005676359764784,1.3632102058081568,0
smt_25110,5.408456864722634,216.3,2.5004423785125445,1.3630861493642785,0
smt_25109,5.40774229200846,216.3,2.5001120166474617,1.362759204992197,0
smt_25108,5.407198270038743,216.3,2.4998605039476387,1.3625105374817876,0
smt_25107,5.406465421780826,216.3,2.4995216929176265,1.3621758930288328,0
smt_25106,5.405825592949307,216.3,2.4992258867079546,1.361884038867175,0
smt_25105,5.405171094156792,216.3,2.4989232982694367,1.361585797363302,0
smt_29427,5.404516301906415,216.3,2.49862057415923,1.3612877310630729,0
smt_6407,5.403220302196065,216.3,2.4980214064706723,1.3606986987074554,0
smt_22794,5.402575286916026,216.3,2.4977232024577094,1.3604059977004868,0
smt_6477,5.401863456245789,216.3,2.4973941082967124,1.3600833294166466,0
smt_6641,5.400938727466898,216.3,2.4969665869010162,1.3596647108288344,0
smt_6157,5.400289451510305,216.3,2.4966664130884437,1.3593711641909527,0
smt_6694,5.399556184605076,216.3,2.49632740850905,1.3590400188682794,0
sbt_21137,4.065011091819237,163.8,2.481691753247397,1.1676101965719072,0
smt_6581,7.104366251010059,286.65,2.4784113905494713,1.4437608670942457,0
smt_6701,7.103893528944657,286.65,2.478246477915457,1.443680665920357,0
smt_21959,7.103374404912451,286.65,2.4780653776076926,1.443590884153674,0
smt_19219,7.09442584736205,286.65,2.474943606266196,1.4330274601001303,0
smt_5952,7.09392601025702,286.65,2.474769234347469,1.4329339157099803,0
smt_29478,7.093404760835582,286.65,2.4745873925817485,1.4328358332461926,0
smt_22841,7.092945482929564,286.65,2.4744271700434552,1.432750515432918,0
rbt_1134165,2.234300804453732,90.3,2.474308753547876,1.1649044799871544,0
smt_6660,7.0924493686792935,286.65,2.474254096870502,1.4326580173763765,0
rbt_1131858,2.233700205820925,90.3,2.4736436387828626,1.1641504274312398,0
rbt_1633892,2.2325379230412894,90.3,2.4723565039216937,1.1620362464263942,0
smt_22845,7.053082306693045,286.65,2.460520602369805,1.409659679268075,0
smt_18913,7.0525029615326424,286.65,2.4603184934703095,1.4095502870270564,0
smt_5786,7.0519414593893,286.65,2.460122609240991,1.4094440659157492,0
smt_29479,7.051458068611364,286.65,2.459953974746682,1.4093535496655785,0
smt_19224,7.050961288052121,286.65,2.459780669126852,1.4092608863953464,0
rbt_1607353,2.2120176694192106,90.3,2.44963197056391,1.1514331494049792,0
sbt_34390,3.9934280931241717,163.8,2.4379902888425957,1.8469815868392665,0
sbt_20633,3.824139667580135,163.8,2.334639601697274,1.5409186762780074,0
sbt_4619,4.999770147109832,216.3,2.311497987568114,1.0866015001894753,0
rbt_606110,1.3891157417873474,61.95,2.2423175815776393,1.0535772078767327,0
rbt_1607284,2.0207725656929045,90.3,2.2378433728603593,1.0522183010776949,0
rbt_1607302,1.3702753226429374,61.95,2.211905282716606,1.0393304892466755,0
rbt_607382,1.9727344490759786,90.3,2.1846450155880164,1.0272067295235943,0
rbt_1607273,1.671364675763605,76.65,2.180514906410443,1.0246143245229962,0
sbt_26614,3.531867904366716,162.75,2.1701185280287043,1.6436419359503693,0
sbt_26512,3.5318663132890817,162.75,2.1701175504080377,1.6436409462261061,0
sbt_16246,3.531865733287319,162.75,2.1701171940321466,1.643640586032796,0
sbt_5828,3.5318629873032594,163.8,2.1562045099531497,1.633102737583913,0
sbt_3790,3.5108290976099026,163.8,2.143363307454153,1.0069794582405758,0
rbt_1137150,1.3236358560001877,61.95,2.136619622276332,1.004663262596534,0
rbt_3405843,1.9248920448096856,90.3,2.1316633940306593,1.0026925985294166,0
rbt_1607288,1.615620927625717,76.65,2.107789859916134,0.9908234593554287,0
rbt_605817,1.6116148553046818,76.65,2.102563412008717,0.9885352541051148,0
smt_13591,3.416576071925266,163.8,2.0858217777321526,1.0345511513095684,0
sbt_30492,2.589154642674225,124.95,2.072152575169448,0.9738694761537504,0
rbt_607387,1.8621417907778202,90.3,2.0621725257783172,0.9691655648337556,0
rbt_623432,1.8607112022970802,90.3,2.0605882638948843,0.9691870637644412,0
sbt_21147,2.637708373866767,128.1,2.059100994431512,0.9676472698020712,0
sbt_17923,2.637702796994705,128.1,2.059096640901409,0.9676428756912308,0
rbt_626695,1.85400154433003,90.3,2.053157856400919,1.5554423221249065,0
sbt_3473,3.3530366283973767,163.8,2.047030908667507,0.9624707757279051,0
sbt_26790,4.406809384451034,216.3,2.03735986336155,0.9581145020610209,0
smt_18691,5.806081553421913,286.65,2.025495047417378,1.0643313202151168,0
smt_18692,5.805368134941822,286.65,2.0252461660358705,1.0641479545766828,0
smt_22142,5.804732255093246,286.65,2.025024334586864,1.063984965562446,0
smt_29410,5.804155233421993,286.65,2.0248230362539656,1.0638374291363968,0
smt_4821,5.803604780393911,286.65,2.024631006591283,1.0636970114457336,0
smt_18693,5.802934500609137,286.65,2.024397174466819,1.0635264569893055,0
smt_5832,5.80231689058867,286.65,2.0241817165842213,1.0633697241450053,0
smt_18694,5.801670242163279,286.65,2.0239561284365184,1.0632060547790168,0
smt_5643,5.801100391564026,286.65,2.0237573317858106,1.0630621911814069,0
smt_29483,5.800534085130361,286.65,2.0235597715438205,1.0629195648741485,0
smt_6014,5.799973253403163,286.65,2.023364121194196,1.062778654779059,0
smt_18695,5.799326349002896,286.65,2.0231384437477398,1.0626165369783915,0
smt_29482,5.798751242869393,286.65,2.0229378136645364,1.0624727894854282,0
smt_6195,5.798148534820053,286.65,2.0227275544462078,1.0623225251243167,0
smt_6105,5.79754373259645,286.65,2.022516564659498,1.0621721329702372,0
smt_19334,5.759941970044897,286.65,2.009398908091714,1.0427694743189282,0
smt_19331,5.7593109519901855,286.65,2.0091787727159205,1.0425761704617549,0
smt_22269,5.758691251728911,286.65,2.0089625856371573,1.042386659915098,0
sbt_34896,4.304995703325115,216.3,1.9902892756935346,0.9356759748448186,0
sbt_34381,3.2128566721043637,163.8,1.9614509597706737,0.9221423276090609,0
smt_29480,5.542275672119726,286.65,1.933464389366728,1.0647187941780474,0
smt_19271,5.541084286766685,286.65,1.9330487656608009,1.0644625909759995,0
smt_5537,5.540611293456514,286.65,1.9328837584010168,1.064361334632808,0
rbt_1607326,1.7390064106523724,90.3,1.9258099785740561,0.9056592098055748,0
smt_19274,5.5201505029125455,286.65,1.9257458583333493,1.0517953268610842,0
smt_4942,5.519594882089122,286.65,1.9255520258465455,1.051674549974916,0
smt_18740,5.519052738522348,286.65,1.9253628950016914,1.051557051068355,0
smt_5191,5.518513093951763,286.65,1.9251746359503799,1.0514404364256504,0
rbt_605808,1.7383183276286098,90.3,1.9250479818699997,0.9045159354196187,0
smt_5198,5.517978542623895,286.65,1.9249881537149471,1.051325260398894,0
smt_5549,5.517389398008096,286.65,1.9247826262020225,1.0511987122895443,0
smt_19273,5.516786830440879,286.65,1.9245724159919344,1.0510697060064524,0
smt_5414,5.516280995314453,286.65,1.9243959516185083,1.050961742473348,0
smt_5522,5.5157185584647115,286.65,1.9241997413098595,1.050842055787282,0
smt_40861,5.489878878291144,286.65,1.9151853752978003,1.0348357220784978,0
smt_40860,5.489515914063509,286.65,1.9150587525077656,1.0347564665265347,0
smt_40859,5.489134353237545,286.65,1.9149256421550829,1.0346733189967636,0
smt_40858,5.488747493977942,286.65,1.9147906834041315,1.0345891937136198,0
smt_40857,5.48827268793236,286.65,1.9146250437580188,1.0344861877424039,0
smt_40856,5.487794127757515,286.65,1.9144580944557879,1.034382639998369,0
smt_40855,5.487327076615554,286.65,1.9142951601659008,1.0342818470469106,0
smt_40854,5.4868853940874605,286.65,1.9141410759070159,1.034186769831672,0
smt_40853,5.486408529961465,286.65,1.9139747182841325,1.034084382987071,0
smt_22899,5.48605661846217,286.65,1.9138519513211827,1.02676127024519,0
smt_5757,5.486050941326493,286.65,1.9138499708098704,1.0269975758247583,0
smt_40852,5.485928852757157,286.65,1.9138073792978045,1.0339816689534256,0
smt_40375,3.1345716818576723,163.8,1.9136579254320343,0.9525010585673434,0
smt_5956,5.485485429069414,286.65,1.913652687622332,1.0266195765141097,0
smt_6028,5.485456084609643,286.65,1.9136424505877005,1.0268509678431703,0
smt_22898,5.484851849391514,286.65,1.9134316586050983,1.0267024481709062,0
smt_40374,3.1340102833783994,163.8,1.9133151913177038,0.952167559034575,0
smt_16985,5.484360423283737,286.65,1.9132602209257759,1.0265819546140504,0
smt_6106,5.48379450736582,286.65,1.9130627969181302,1.0264435288581957,0
smt_40358,3.1334518041900035,163.8,1.9129742394322364,0.9518365487450032,0
smt_6021,5.4832339441596725,286.65,1.912867240244086,1.0263067637877674,0
smt_6212,5.482688902258643,286.65,1.9126770982936137,1.026174121837333,0
smt_40357,3.132863816362463,163.8,1.912615272504556,0.9514888672750135,0
smt_6044,5.482122604584834,286.65,1.912479541107565,1.026036659281564,0
smt_40356,3.1323686028315505,163.8,1.9123129443416056,0.9511966988492063,0
smt_6029,5.481570481915426,286.65,1.9122869289779965,1.0259029842122689,0
smt_19276,5.481018794603197,286.65,1.9120944687260413,1.0257697573081412,0
smt_40355,3.1318030601942284,163.8,1.9119676802162564,0.9508637739841629,0
smt_22896,5.480388914949891,286.65,1.9118747304901071,1.025618067948383,0
smt_6693,5.479963808351713,286.65,1.9117264288685554,1.0255159465012427,0
smt_41231,5.479946575903755,286.65,1.9117204171999844,1.0255118113360766,0
smt_40354,3.13122840986098,163.8,1.911616855836984,0.9505262966667511,0
smt_41232,5.4793462863783455,286.65,1.9115110017018475,1.0253679678483831,0
smt_40353,3.130647086594236,163.8,1.9112619576277385,0.9501857351627473,0
smt_40352,3.130161792907594,163.8,1.9109656855357715,0.9499020780092514,0
smt_40351,3.1297019009162987,163.8,1.9106849211943215,0.9496338139871997,0
smt_40350,3.129139893203386,163.8,1.910341815142482,0.9493067086920334,0
smt_40349,3.1286107007270907,163.8,1.9100187428126316,0.9489994353608872,0
smt_40373,3.128068685621262,163.8,1.9096878422596224,0.9486854569965116,0
smt_40348,3.128044696205605,163.8,1.9096731967067186,0.9486715782426476,0
smt_40347,3.1274694256883624,163.8,1.909321993704739,0.9483391960789188,0
smt_40346,3.1268974809409484,163.8,1.9089728210872698,0.9480095821540226,0
smt_40366,3.1266543756805665,163.8,1.9088244051773908,0.9427619091824905,0
smt_40380,3.1266102013023027,163.8,1.9087974366924925,0.9427346931345256,0
smt_40865,5.471066401770471,286.65,1.9086225019258576,1.0234262234707636,0
smt_40345,3.1263168658079357,163.8,1.9086183551941,0.9476758400755468,0
smt_40367,3.126219497111487,163.8,1.9085589115454744,0.9424941719017023,0
smt_40864,5.470600404412318,286.65,1.908459935256347,1.0233193249258006,0
smt_40863,5.470127743769843,286.65,1.9082950440501807,1.02321116260479,0
smt_40344,3.1257451220488233,163.8,1.9082693052801118,0.9473480575213359,0
smt_40368,3.1257136861432815,163.8,1.9082501136405867,0.9421833067923244,0
smt_40862,5.469655306626556,286.65,1.9081302308133807,1.0231033186132772,0
smt_40369,3.125366315348443,163.8,1.9080380435582678,0.9419701563436101,0
smt_40362,3.1227151190640714,163.8,1.906419486608102,0.9403525580970777,0
smt_40378,3.1223769166623447,163.8,1.9062130138353752,0.9401473913037863,0
smt_40361,3.1218282882584534,163.8,1.9058780758598615,0.9398151496063504,0
smt_40360,3.121254200126847,163.8,1.9055275947050347,0.9394682589740873,0
smt_40359,3.120712000495706,163.8,1.9051965814992098,0.9391413634373861,0
smt_40377,3.1200414866182204,163.8,1.9047872323676558,0.9387380884514333,0
smt_40376,3.1194784272821234,163.8,1.9044434842992206,0.9384002852884653,0
rbt_3422706,1.6996040478511565,90.3,1.8821750253058211,0.884823304330073,0
sbt_13153,3.026294220199364,163.8,1.8475544689861807,0.8685781742800249,0
rbt_624033,1.6554058218387466,90.3,1.8332290385811147,0.8613050733271873,0
rbt_609686,1.6551975323830561,90.3,1.8329983747320664,0.8613267833816779,0
sbt_20625,2.998694384635499,163.8,1.8307047525247244,0.8619194753924497,0
sbt_2989,2.998692587879825,163.8,1.8307036556042888,0.861918315757034,0
sbt_20223,2.9986907375897394,163.8,1.8307025260010619,0.8619171279003468,0
sbt_2988,2.998686855512015,163.8,1.8307001559902412,0.8619146557467642,0
smt_20940,2.987877629052942,163.8,1.8241011166379373,0.9736657656480991,0
rbt_605827,1.6343728737966667,90.3,1.8099367373163529,0.852303667036619,0
rbt_605819,1.381064885712643,76.65,1.8017806728149288,0.8478098692514195,0
smt_14697,2.94819266176807,163.8,1.7998734198828266,0.9537072721979264,0
smt_23226,2.947677620487976,163.8,1.7995589868668962,0.9535066641284909,0
smt_14609,2.947070612243565,163.8,1.7991884079631042,0.9532714592007719,0
smt_13409,2.9465936900493537,163.8,1.798897246672377,0.9540969386426493,0
smt_14836,2.946491032391852,163.8,1.7988345741097995,0.9530481263196265,0
smt_26426,2.9460193109822814,163.8,1.7985465879012705,0.9528672578872553,0
smt_20986,2.945574861315386,163.8,1.798275251108294,0.9526975915152427,0
smt_26428,2.9450756291965976,163.8,1.797970469594992,0.9525078792920502,0
smt_13764,2.944556959172967,163.8,1.7976538212289173,0.9523117576756245,0
smt_13981,2.944044163297744,163.8,1.7973407590340316,0.9521188418878116,0
smt_24388,2.943528099412022,163.8,1.797025701716741,0.9519256909760162,0
smt_13297,2.942915926752588,163.8,1.796651969934425,0.9516978703785671,0
smt_20985,2.942351718413367,163.8,1.7963075203988808,0.9514891586831596,0
smt_20984,2.9418046207896267,163.8,1.795973516965584,0.9512879374946731,0
smt_14307,2.9413332615744188,163.8,1.7956857518769342,0.9511154950252951,0
smt_13856,2.940933129637631,163.8,1.7954414710852449,0.9509697840393779,0
smt_21224,2.940500407112263,163.8,1.7951772937193304,0.9508129046583939,0
smt_13665,2.939909763065653,163.8,1.794816705168286,0.9505999524701562,0
smt_20983,2.939286648132498,163.8,1.7944362931211828,0.9503767792865725,0
smt_26433,2.9387797847004813,163.8,1.7941268526864964,0.9501963754422736,0
smt_13987,2.938295278983494,163.8,1.7938310616504847,0.950024885481978,0
smt_13425,2.938286829842124,163.8,1.79382590344452,0.9500219037241969,0
smt_27285,3.8390103504524893,216.3,1.7748545309535317,0.9388453161291439,0
smt_18507,3.8386710214890254,216.3,1.774697652098486,0.9386875490761081,0
rbt_624028,1.597985064721927,90.3,1.7696401602679146,0.8320838681372603,0
rbt_605884,1.0834014475370737,61.95,1.7488320379936622,0.8221061803170443,0
rbt_605813,1.3316953814512629,76.65,1.737371665298451,0.8164492856988438,0
rbt_605809,1.5573108888574878,90.3,1.7245967761433971,0.8104963896237214,0
rbt_1107333,1.5543386145659868,90.3,1.7213052210033077,0.8099647324293096,0
rbt_605801,1.5449816591713936,90.3,1.7109431441543674,0.8041625478013662,0
sbt_20870,3.698923800438959,216.3,1.7100895979837998,0.8051706350046492,0
sbt_20871,3.698923578247031,216.3,1.7100894952598384,0.8051705869018008,0
rbt_631859,1.5398936628811477,90.3,1.7053085967676056,0.8015865648124768,0
rbt_607377,1.5326438336017147,90.3,1.697279992914413,0.797677644366576,0
rbt_3432407,1.5224087751181195,90.3,1.6859454873954811,0.7931843160236877,0
sbt_22826,3.621444568057656,216.3,1.6742693333599887,0.7873871015165235,0
sbt_7560,3.62143376765048,216.3,1.6742643401065558,0.7873819882939962,0
rbt_622270,1.5052420945170486,90.3,1.6669347669070307,0.7833838452694005,0
sbt_6286,3.5867476868440726,216.3,1.6582282417217165,0.7798315807321959,0
sbt_25782,3.5813773175010684,216.3,1.6557454079986447,0.7786725819136784,0
sbt_4378,2.6760041177057894,163.8,1.6337021475615319,0.7689942972714694,0
sbt_4106,2.6760005795552124,163.8,1.6336999875184448,0.7689920409421731,0
sbt_4104,2.6759911762945525,163.8,1.633694246822071,0.7689860473022964,0
sbt_4103,2.6759826970011713,163.8,1.6336890702082854,0.7689806462693944,0
sbt_37542,3.529822492577433,216.3,1.6319105374837877,0.7676193220003124,0
sbt_37540,3.5297967628498874,216.3,1.6318986420942614,0.7676072307212536,0
rbt_609687,1.4702374524604618,90.3,1.6281699362795812,0.7650090676925125,0
sbt_7807,2.599420897407618,163.8,1.5869480448153954,1.348177754431645,0
sbt_7598,2.599414905394992,163.8,1.5869443866880293,1.3481731907943357,0
sbt_15930,3.4290780611903875,216.3,1.5853342862646267,0.745746418522204,0
sbt_27518,3.4290761278673556,216.3,1.585333392449078,0.745745492833137,0
sbt_15929,3.4290741567313754,216.3,1.5853324811518146,0.745744554649027,0
sbt_13972,3.4130113595090448,216.3,1.5779063150758412,0.7415045898466177,0
rbt_627344,1.4148195461994475,90.3,1.5667990544844381,0.7363169274859809,0
rbt_1607308,1.1985587390105759,76.65,1.5636774155389117,0.7353441063525773,0
rbt_609685,1.4008708154278928,90.3,1.5513519550696488,0.7291237604718814,0
sbt_4577,2.539411320675361,163.8,1.5503121615844693,0.7293285446766945,0
sbt_4338,3.3198289490472415,216.3,1.5348261438036253,0.7221403050497165,0
rbt_1607303,1.37147279170753,90.3,1.5187960041057917,0.714321771083022,0
sbt_29862,2.473059277694249,163.8,1.5098041988365376,0.7104228792925084,0
sbt_29861,2.4730592434419627,163.8,1.509804177925496,0.7104228695280698,0
rbt_622720,1.361637992740225,90.3,1.507904753865144,0.7092176265290284,0
rbt_1607297,1.140879814941938,76.65,1.4884276776802843,0.6996628737042246,0
rbt_1607271,1.341821585307789,90.3,1.4859596736520366,0.6985454991297929,0
sbt_4773,2.424231290641499,163.8,1.479994682931318,0.6959804926467698,0
sbt_4774,2.4242312877126104,163.8,1.4799946811432299,0.6959804916306713,0
sbt_12815,2.424231267662021,163.8,1.4799946689023324,0.6959804856226642,0
sbt_12816,2.4242312525912393,163.8,1.4799946597016111,0.6959804811827458,0
sbt_4093,2.41553054059872,163.8,1.4746828697183882,0.6939149519010934,0
rbt_635550,0.9115508350981633,61.95,1.4714299194482054,0.6911392112295028,0
rbt_627346,1.1227193702230833,76.65,1.4647349905063056,0.688225132028719,0
sbt_20634,2.3732267667920834,163.8,1.4488563899829567,1.097602573266493,0
sbt_12492,2.34706425687802,163.8,1.4328841617081927,0.6745557006880532,0
sbt_11694,2.3470535431559414,163.8,1.432877620974323,0.6745487413885284,0
rbt_605909,1.0957496030352356,76.65,1.429549384259929,0.6716650011557084,0
sbt_34388,3.087591792257117,216.3,1.4274580639191479,0.6708789351061122,0
sbt_7816,2.3244616768940713,163.8,1.4190852728291035,1.00814105117218,0
sbt_7815,2.3244616540241143,163.8,1.4190852588669807,1.0081410378557916,0
sbt_7599,2.3187910152940647,163.8,1.415623330460357,0.6658303273840162,0
sbt_37544,3.0282417398467256,216.3,1.400019297201445,0.6587495728836161,0
rbt_622258,1.2604119427983997,90.3,1.395805030784496,0.6560241610478064,0
sbt_34385,2.2807879551752834,163.8,1.3924224390569495,0.6545057953435478,0
rbt_1620360,1.2372139495402663,90.3,1.3701151157699516,0.6438292426434943,0
sbt_14624,2.9351107333342488,216.3,1.3569628910468094,0.6380881261354158,0
rbt_606111,0.8233681099122914,61.95,1.3290849231836825,0.6242775831049093,0
sbt_21224,2.1530644956025533,163.8,1.3144471890125475,0.6177259081558034,0
sbt_4772,2.1530541476825458,163.8,1.3144408716010656,0.6177195192473383,0
smt_40370,3.1248521593282614,240.45,1.299585011157522,0.6414768872665947,0
smt_40371,3.124470146558313,240.45,1.2994261370589784,0.6413177310039347,0
smt_40372,3.1240887888803055,240.45,1.299267535404577,0.6411590773916067,0
smt_40365,3.1237607619811256,240.45,1.299131113321325,0.641022794851926,0
smt_40364,3.123417693839197,240.45,1.2989884357825732,0.6408804464126168,0
smt_40363,3.12308118783645,240.45,1.2988484873514037,0.6407410031847948,0
rbt_605911,0.7830231274484845,61.95,1.2639598506028804,0.5936954376232708,0
sbt_35533,3.5718185132628664,286.65,1.2460556473967788,0.5858974301882641,0
sbt_35536,3.5718119017364467,286.65,1.2460533409162557,0.5858950938610289,0
sbt_35532,3.5718002678105223,286.65,1.246049282334039,0.5858909861035951,0
sbt_35531,3.5717888994275153,286.65,1.2460453163884582,0.585886976204906,0
sbt_35530,3.5717826708245797,286.65,1.2460431434936612,0.5858847809404922,0
sbt_3418,2.691918849026755,216.3,1.2445302122176398,0.5849778153197168,0
sbt_3417,2.691913086636785,216.3,1.244527548144607,0.5849751081319662,0
rbt_1607279,0.7648806957681924,61.95,1.2346742465991805,0.5802242839495066,0
smt_41342,2.016354085551733,163.8,1.2309854002147331,0.6461327798928319,0
smt_31098,2.0157135351248634,163.8,1.2305943437880729,0.645753249278223,0
smt_29421,2.015689060586133,163.8,1.230579402067236,0.645738773867748,0
sbt_20697,2.6377439398616507,216.3,1.219484022127439,0.5730892726851501,0
sbt_3836,2.637735251111692,216.3,1.2194800051371668,0.5730852091344999,0
sbt_3835,2.6377279143615495,216.3,1.2194766132045998,0.5730817798264863,0
sbt_20696,2.637719312755788,216.3,1.2194726365029072,0.5730777615609162,0
smt_40634,1.9974377048724659,163.8,1.2194369382615786,0.6023301221602572,0
smt_40623,1.9973676044529252,163.8,1.2193941419126526,0.6022868598516598,0
rbt_1124340,0.7461840332345138,61.95,1.2044940003785534,0.5658246510428748,0
sbt_21702,1.9597771829141775,163.8,1.196445166614272,0.5624495215982453,0
smt_22679,1.9592063805948812,163.8,1.1960966914498663,0.5924502320588355,0
smt_29391,1.958258145915333,163.8,1.1955177935991042,0.5918756767849751,0
smt_22680,1.957151656192152,163.8,1.1948422809475896,0.5912093426631796,0
smt_6839,1.9563390087370067,163.8,1.1943461591801017,0.5907228271641706,0
smt_7016,1.9557778994214923,163.8,1.1940036016004225,0.5903883381316036,0
rbt_1620373,0.7305407701346542,61.95,1.179242566803316,0.5540642964959741,0
sbt_11080,1.9248918499641952,163.8,1.1751476495507907,0.5527663102776899,0
sbt_24835,1.9248906000075976,163.8,1.1751468864515247,0.5527655268726065,0
sbt_18181,1.9248878589213496,163.8,1.1751452130166968,0.5527638143271552,0
rbt_605915,0.7249620673746613,61.95,1.1702373968921087,0.8863214560802909,0
smt_6625,1.8428591377572485,163.8,1.1250666286674287,0.6566464031339646,0
sbt_22687,2.4229277822547792,216.3,1.1201700334048907,0.5268238504256888,0
sbt_22686,2.4229210178617318,216.3,1.1201669060849428,0.5268206415269582,0
sbt_22685,2.4229148819158497,216.3,1.1201640693092232,0.5268177319820474,0
sbt_27354,1.784252949114273,163.8,1.0892875147217782,0.5123133048143809,0
sbt_22586,1.7842498084818532,163.8,1.0892855973637685,0.5123113853699178,0
rbt_1107345,0.9825039013074437,90.3,1.0880441874944005,0.5116448114030032,0
rbt_622777,0.9763567207978434,90.3,1.0812366786244114,0.5079170779006473,0
sbt_11308,1.7554085030906847,163.8,1.0716779628148259,0.5048116542784268,0
sbt_24981,1.755402481392346,163.8,1.0716742865643136,0.504808226771699,0
rbt_606117,0.6604819153718228,61.95,1.0661532128681561,0.5007682658334307,0
smt_29471,1.7080915133668515,163.8,1.0427909117013745,0.5662238106524923,0
smt_6146,1.707836591479293,163.8,1.04263528173339,0.5660676499375088,0
smt_6091,1.7069310031668885,163.8,1.0420824195158047,0.5655142185925965,0
smt_29429,1.7065004909122332,163.8,1.0418195915215098,0.5652518468263873,0
smt_5878,1.7059906478349975,163.8,1.0415083320115979,0.5649417394909374,0
smt_29428,1.705310786612769,163.8,1.0410932763203717,0.5645292618921965,0
smt_6456,1.7046467170672104,163.8,1.0406878614573933,0.5641275263769353,0
rbt_609684,0.9351333571650476,90.3,1.0355851131395877,0.48656069522153883,0
sbt_17593,2.181530194208931,216.3,1.00856689514976,0.4735916230745465,0
sbt_28453,2.1815240781888976,216.3,1.0085640675861753,0.4735887825630345,0
smt_5845,1.6362801661188071,163.8,0.998950040365572,0.6145264516439656,0
smt_5640,1.6359096113930454,163.8,0.9987238164792707,0.6145008401952653,0
smt_5451,1.635520052608977,163.8,0.9984859906037711,0.6144672280878752,0
smt_29434,1.6351578705309526,163.8,0.9982648782240247,0.6144405304800659,0
smt_19269,1.6348070119370948,163.8,0.9980506788382751,0.614411113930113,0
smt_19270,1.6344928592187526,163.8,0.9978588884119368,0.614332080654702,0
rbt_1635694,0.8956202903645915,90.3,0.9918275640803892,0.46590482321477994,0
smt_22795,1.599413219168645,163.8,0.9764427467452045,0.597931631092119,0
smt_29435,1.599082815811249,163.8,0.9762410352938027,0.5979327713754775,0
smt_5831,1.5985863240297107,163.8,0.975937926758065,0.5978520752354792,0
smt_40622,1.5977389332285035,163.8,0.9754205941565954,0.593827569779425,0
smt_40624,1.597407193865015,163.8,0.9752180670726587,0.5937712032675387,0
smt_40625,1.5970078690296947,163.8,0.9749742790169077,0.5936923151292738,0
smt_40626,1.5966511949143376,163.8,0.9747565292517323,0.5936271021911627,0
smt_40627,1.5962961885326115,163.8,0.9745397976389569,0.5935653127667176,0
smt_40628,1.5959276563745382,163.8,0.9743148085314641,0.5934974634190232,0
smt_40629,1.595591602520125,163.8,0.9741096474481837,0.5934478670007491,0
smt_40630,1.595190713550599,163.8,0.973864904487545,0.5933813732036551,0
smt_40631,1.5947915892588016,163.8,0.9736212388637372,0.5933178188352072,0
smt_40632,1.5943881248890277,163.8,0.9733749236196749,0.593257991807738,0
smt_40633,1.5939612060453119,163.8,0.9731142894049521,0.5931886093791723,0
smt_22737,1.5935736008439854,163.8,0.9728776561929091,0.5931443958520204,0
smt_29541,1.5930950428864306,163.8,0.972585496267662,0.5930730771904986,0
smt_29487,1.5926498878575308,163.8,0.9723137288507513,0.5930048744179671,0
smt_6341,1.5922656582826602,163.8,0.9720791564607204,0.592954281664973,0
smt_19123,1.5918889894275332,163.8,0.971849199894709,0.5929168146899165,0
smt_6039,1.5914514924876701,163.8,0.9715821077458303,0.5928655026127932,0
smt_6031,1.591012451528521,163.8,0.971314072972235,0.5928116105875334,0
smt_22788,1.5906031656674584,163.8,0.971064203704187,0.5927609772536672,0
smt_18746,1.590237695584962,163.8,0.9708410839957031,0.5927172054677684,0
smt_6200,1.5899126317464582,163.8,0.9706426323238451,0.5926926537588799,0
smt_6371,1.5895473390154493,163.8,0.9704196208885527,0.5926580782816896,0
smt_19167,1.5891876003231786,163.8,0.9702000001973008,0.5925647741084533,0
smt_29437,1.5891783553632965,163.8,0.9701943561436487,0.5926211156094671,0
smt_29436,1.588848440395926,163.8,0.9699929428546555,0.5925878953400028,0
smt_24040,1.5885531525059127,163.8,0.969812669417529,0.5925696534945634,0
smt_6493,1.588233561727644,163.8,0.9696175590522856,0.5925608941124367,0
sbt_5871,1.5543381924073962,163.8,0.9489244153891306,0.4465187532128973,0
sbt_5870,1.5543371219503315,163.8,0.9489237618744392,0.44651803984919897,0
rbt_605824,0.8368803394236033,90.3,0.9267777845222628,0.4357630854186441,0
sbt_13081,1.5052419049005328,163.8,0.9189511018928771,0.4318653088427255,0
sbt_26027,1.5052418589257037,163.8,0.9189510738252159,0.4318652958864834,0
rbt_606101,0.5637115963539421,61.95,0.9099460796673802,0.4274226095572455,0
sbt_27797,1.8770749980972712,216.3,0.8678109098924046,0.5191097709599111,0
sbt_2986,1.8770749980801644,216.3,0.8678109098844958,0.5191097705714882,0
sbt_24630,2.4713034609741578,286.65,0.8621327266611402,0.4052169161605817,0
sbt_24513,2.4713019324778265,286.65,0.8621321934337438,0.4052163745441621,0
sbt_34391,1.862143832388676,216.3,0.8609079206605067,0.40460403967123804,0
sbt_34386,1.8621425005017476,216.3,0.860907304901409,0.40460342419891443,0
sbt_20597,1.8607089622481163,216.3,0.8602445502765217,0.40461101479218153,0
sbt_3662,1.8607071024502884,216.3,0.8602436904532077,0.404610135608287,0
rbt_1629422,0.5277432910453966,61.95,0.8518858612516491,0.40014466924272113,0
sbt_20827,1.3891145487804708,163.8,0.8480552800857575,0.39846756791785004,0
sbt_4069,1.3891041292076436,163.8,0.8480489189301853,0.3984611494670541,0
sbt_3791,1.3890925079596703,163.8,0.8480418241512028,0.3984539941901961,0
sbt_6296,1.3714836718537144,163.8,0.8372916189583116,0.3937993761633838,0
sbt_6298,1.371483637311802,163.8,0.8372915978704529,0.3937993664261615,0
sbt_22096,1.3714835980563496,163.8,0.8372915739049752,0.39379935533350346,0
sbt_7545,1.3714724559543963,163.8,0.8372847716449305,0.3937925442086582,0
rbt_622257,0.7525574316137287,90.3,0.8333969342344726,0.3915327071791026,0
sbt_13749,1.3616429856921097,163.8,0.831283874048907,0.3909819989441308,0
sbt_13750,1.361642967413748,163.8,0.831283862889956,0.3909819938417926,0
rbt_632016,0.740895319244395,90.3,0.8204820811122868,0.38565761949098326,0
smt_15261,1.3417480081358824,163.8,0.8191379781049342,0.36938652585561366,0
smt_14230,1.340881995842637,163.8,0.818609277071207,0.3688906135291412,0
smt_14292,1.3399581768624418,163.8,0.8180452850198058,0.3683632135868508,0
smt_21218,1.3391337422269605,163.8,0.8175419671715265,0.3678939742768305,0
sbt_7399,1.7263688257817869,216.3,0.7981363041062352,0.3753713008972109,0
sbt_7151,1.7263607238632321,216.3,0.798132558420357,0.3753674943544858,0
rbt_628757,0.71516597067674,90.3,0.7919888933297233,0.5996204120606156,0
rbt_1632402,0.5937303684469455,76.65,0.7745993065191722,0.3645941796275986,0
smt_7087,1.246310272481584,163.8,0.7608731822231891,0.3854013834133196,0
smt_6854,1.2456520569042902,163.8,0.7604713412114104,0.3850719483991199,0
smt_6819,1.2449915167001262,163.8,0.760068081013508,0.38474384794499383,0
smt_19017,1.2444259602002183,163.8,0.7597228084250417,0.3844649460785487,0
smt_6924,1.243854438602864,163.8,0.7593738941409426,0.38418502205654326,0
smt_6990,1.2432892896152559,163.8,0.759028870338984,0.3839101428540539,0
smt_19064,1.2427740266795675,163.8,0.7587143020021778,0.3836612166230597,0
smt_14935,1.2211053914768424,163.8,0.7454855869821992,0.33234315476141024,0
smt_26344,1.22064057531423,163.8,0.7452018164311538,0.33258545728795574,0
smt_27621,1.2196146471362121,163.8,0.7445754866521441,0.33251503054409665,0
smt_14558,1.2190919986458248,163.8,0.7442564094296855,0.33256823442082273,0
smt_14529,1.2185845450142012,163.8,0.7439466086777785,0.33256722598983657,0
smt_14815,1.218242988105023,163.8,0.7437380879762044,0.33249436957952044,0
rbt_606148,0.5663498816613598,76.65,0.7388778625718979,0.34711595144313007,0
smt_30287,1.1974654467743886,163.8,0.7310533863091505,0.36448973750555624,0
smt_29532,1.1966516997671974,163.8,0.7305565932644672,0.3640292247495757,0
smt_5961,1.1960844820948298,163.8,0.7302103065292,0.36371180962387367,0
smt_29425,1.1954810325415484,163.8,0.7298419002085155,0.3633773570490228,0
smt_33340,1.1949520885452876,163.8,0.7295189795758775,0.36448588222600803,0
smt_30303,1.194939859782375,163.8,0.7295115139086538,0.36447845728123135,0
smt_6182,1.1948670985195158,163.8,0.7294670931132574,0.36303949811938435,0
smt_30302,1.194567368156703,163.8,0.7292841075437747,0.3642525186514097,0
smt_19813,1.1942468102922752,163.8,0.7290884067718407,0.3627001517227524,0
smt_30301,1.1939079375308277,163.8,0.7288815247440951,0.3638538340826989,0
smt_29531,1.1936540270244065,163.8,0.7287265122249124,0.36237913586695636,0
smt_30300,1.1932319894341816,163.8,0.7284688580184259,0.3634469104959371,0
smt_5738,1.193063114857215,163.8,0.7283657599860897,0.36206149682046357,0
smt_30299,1.1927453979464968,163.8,0.7281717936181298,0.363155090912719,0
smt_5931,1.1924871005072364,163.8,0.7280141028737707,0.3617537214012334,0
smt_6347,1.192346865186598,163.8,0.7279284891249072,0.36195961790181236,0
smt_30298,1.1919079797494168,163.8,0.7276605492975682,0.36265508386615425,0
smt_6151,1.1918922692940497,163.8,0.7276509580549754,0.3614378426760822,0
smt_29530,1.191765928447191,163.8,0.7275738268908369,0.3616665984479952,0
smt_19013,1.1911999794906816,163.8,0.7272283147073758,0.3613831596585604,0
smt_30297,1.1910919859445264,163.8,0.7271623845815178,0.36217060475239293,0
smt_6313,1.1907273381752135,163.8,0.7269397668957347,0.36114800087022775,0
rbt_606102,0.6563514206261005,90.3,0.7268565012470659,0.5502456562000093,0
smt_30296,1.190552983556698,163.8,0.7268333232946873,0.36185208997302204,0
smt_7060,1.1901701843675492,163.8,0.7265996241560129,0.36087262971791395,0
smt_30295,1.1899776432619895,163.8,0.7264820776935222,0.3615134446188397,0
smt_7053,1.1895772270154559,163.8,0.7262376233305591,0.3605817759078389,0
smt_30294,1.189515924190935,163.8,0.7262001979187637,0.36124269205702975,0
smt_30293,1.1889316785924626,163.8,0.725843515624214,0.3609014022279726,0
smt_30292,1.1884191545652072,163.8,0.7255306193926783,0.3606032310168974,0
smt_30291,1.1876807424536358,163.8,0.7250798183477629,0.3601756825969841,0
smt_30290,1.186872354198621,163.8,0.7245862968245549,0.359710421099694,0
smt_30289,1.186395987757644,163.8,0.7242954748215165,0.35943764672007456,0
smt_32757,1.185936292841412,163.8,0.7240148307945129,0.3591754129568632,0
smt_30288,1.1852699159393616,163.8,0.7236080072889876,0.3587970323540734,0
rbt_1627342,0.6470787553496984,90.3,0.7165877689365431,0.3368110388155286,0
rbt_1132015,0.6447543430799416,90.3,0.714013668970035,0.33599363923708875,0
rbt_605970,0.6432811140414195,90.3,0.7123821860923805,0.33490953318190614,0
rbt_1626487,0.6420007387188837,90.3,0.7109642732213552,0.3342568097547764,0
smt_37839,1.151584974197115,163.8,0.7030433297906684,0.3504096011135846,0
rbt_1633896,0.617959170400748,90.3,0.684340166556753,0.32171581774154534,0
rbt_605898,0.4122632544904245,61.95,0.6654774083784092,0.3125781534742715,0
rbt_609683,0.5688809960222954,90.3,0.6299900288176029,0.2962142372350351,0
rbt_629428,0.5559863481449998,90.3,0.6157102415780729,0.2893478806946705,0
sbt_13219,1.2604116768129825,216.3,0.5827145986190395,0.2738740394410338,0
sbt_25939,1.2604106265682067,216.3,0.5827141130689814,0.2738735466382153,0
sbt_13090,1.2603936286487274,216.3,0.582706254576388,0.273865613309725,0
sbt_13089,1.260380181271348,216.3,0.5827000375734387,0.2738593503301595,0
sbt_25895,1.2603689220178793,216.3,0.5826948321857972,0.27385410894998924,0
sbt_35529,1.6551948180248095,286.65,0.5774271125151961,0.2713327580528875,0
rbt_626699,0.5184630384692595,90.3,0.5741561887810183,0.2697190699082283,0
sbt_2987,1.237213702991581,216.3,0.5719896916281003,0.2687829604155974,0
sbt_20222,1.2372136776591687,216.3,0.5719896799163978,0.2687829517549832,0
rbt_605896,0.42483638344129443,76.65,0.5542549033806842,0.23923294825413968,0
sbt_7324,1.1985553540691198,216.3,0.5541171308687562,0.26058150198477464,0
sbt_7561,1.198547871801389,216.3,0.5541136716603741,0.2605779577448912,0
rbt_1607298,0.3336751344808196,61.95,0.5386200718011616,0.25305124185422906,0
sbt_6276,1.1408788209520446,216.3,0.5274520670143525,0.24793831791961465,0
sbt_31020,1.1227191523218008,216.3,0.5190564735653262,0.24388550339910428,0
sbt_31021,1.1227155644050921,216.3,0.5190548147966214,0.243883829934971,0
smt_26423,0.8368803118929162,163.8,0.5109159413265667,0.2712686536692727,0
smt_26424,0.8367754292670174,163.8,0.5108519104194245,0.2716178930542967,0
smt_15065,0.8342114919795134,163.8,0.509286625140118,0.2666237272211406,0
smt_14504,0.8336361382727031,163.8,0.5089353713508566,0.2667372039341612,0
smt_14910,0.8330810618267405,163.8,0.5085964968417219,0.2668573453711265,0
smt_14896,0.8325330418715807,163.8,0.5082619303245303,0.26698914898061105,0
smt_14518,0.8319738824237776,163.8,0.5079205631402792,0.2670806888111768,0
smt_14364,0.8315159564857488,163.8,0.5076409990755487,0.26720306304466807,0
smt_20872,0.8310413944635934,163.8,0.5073512786713025,0.26733469434064244,0
smt_21046,0.8305488234925295,163.8,0.5070505637927529,0.26747338410246063,0
rbt_1607299,0.45538607780798207,90.3,0.5043035191672005,0.23705163132520438,0
smt_13721,0.7916863254687895,163.8,0.48332498502368093,0.24194449265858145,0
smt_26395,0.7910853036904084,163.8,0.4829580608610552,0.24158664302360908,0
smt_14689,0.790471898486002,163.8,0.48258357660928075,0.24122473077230186,0
smt_21166,0.7897897380343739,163.8,0.4821671172371025,0.24082628032701572,0
sbt_20845,1.3810618400078303,286.65,0.48179376940792973,0.22670265047477686,0
sbt_20853,1.38105358529918,286.65,0.48179088969097517,0.22669970368594508,0
smt_23174,0.7891570168006667,163.8,0.4817808405376475,0.24046059691725583,0
smt_21216,0.788251125036645,163.8,0.4812277930626648,0.2399437438153543,0
smt_27096,0.7816854421641509,163.8,0.4772194396606538,0.1653790894763684,0
smt_22848,0.7815289506544417,163.8,0.4771239014984381,0.16533735479731385,0
smt_14595,0.7779479664088566,163.8,0.4749377084303153,0.25575577966858143,0
smt_14583,0.7772166814432823,163.8,0.47449125851238233,0.2558011257541197,0
smt_14582,0.7766119318130998,163.8,0.47412205849395594,0.25587764404444185,0
smt_14542,0.7760229037892589,163.8,0.473762456525799,0.25595337956519204,0
smt_14388,0.7754609225169681,163.8,0.4734193666159756,0.25616100487087207,0
smt_14296,0.7745870940095536,163.8,0.47288589377872625,0.2561433579829844,0
smt_14253,0.7741381871050967,163.8,0.4726118358394974,0.2561724494112487,0
smt_17936,0.7669520677618604,163.8,0.46822470559332136,0.16502414806113666,0
smt_6738,0.7669175014559805,163.8,0.4682036028424789,0.16506356387993024,0
smt_22787,0.7666112300809228,163.8,0.46801662398102734,0.16523994937300696,0
smt_6330,0.765027641137507,163.8,0.46704984196429,0.16496279729616983,0
sbt_6264,0.764879700840752,163.8,0.46695952432280335,0.21944318481516634,0
sbt_22076,0.7648686276941123,163.8,0.46695276416001974,0.21943634265127285,0
sbt_6252,0.7648568695468346,163.8,0.4669455858039283,0.2194290798016707,0
sbt_6494,0.764843747336593,163.8,0.46693757468656466,0.21942097752362125,0
smt_6485,0.7633566011587407,163.8,0.46602967103708226,0.1645996451701858,0
smt_38843,0.7621335554054001,163.8,0.46528300085799756,0.16432694633078765,0
smt_38842,0.7614124150927218,163.8,0.4648427442568509,0.16423096298557335,0
smt_14662,0.7478818543243362,163.8,0.45658232864733583,0.2502590193331212,0
smt_2121,0.7466439050744469,163.8,0.45582655987450965,0.25013804542507145,0
smt_13728,0.7460376971791648,163.8,0.4554564695843496,0.2502032961075808,0
smt_14450,0.7454010706448185,163.8,0.45506780869647034,0.2503185142061621,0
smt_15187,0.7446196449303042,163.8,0.4545907478206985,0.25029426873096255,0
sbt_3230,0.7249614545788882,163.8,0.4425894106098218,0.3352109434471164,0
sbt_20357,0.724959470313846,163.8,0.44258819921480214,0.33520972472137855,0
smt_40621,0.6959361285439263,163.8,0.4248694313454983,0.2614776813357635,0
smt_40620,0.6946578441679658,163.8,0.42408903795358105,0.260697276104815,0
smt_40619,0.6934161404880883,163.8,0.423330977098955,0.2599398918742737,0
smt_40618,0.692176392165147,163.8,0.4225741099909322,0.2591843902154054,0
smt_40617,0.6910380302668477,163.8,0.42187913935704985,0.258497272359516,0
smt_40616,0.6899013391793613,163.8,0.4211851887541888,0.25781469536772295,0
smt_5751,0.6898059461896504,163.8,0.4211269512757328,0.24626419166197336,0
smt_40615,0.6888100311768529,163.8,0.42051894455241323,0.25715997655664224,0
smt_5939,0.6885232253584169,163.8,0.42034384942516295,0.24544943520853724,0
smt_40614,0.6876757788034423,163.8,0.41982648278598433,0.2564801333658946,0
smt_5953,0.6871728330208388,163.8,0.41951943407865616,0.24459589792536526,0
smt_14678,0.6871347880353671,163.8,0.4194962075917992,0.19299457566365907,0
smt_40613,0.6866909488312998,163.8,0.419225243486752,0.2558903876399691,0
smt_14636,0.6866479584585746,163.8,0.4191989978379576,0.1930320841144736,0
smt_40612,0.6858451294785824,163.8,0.4187088702555448,0.2553842902320113,0
smt_29438,0.6857399807954907,163.8,0.4186446769203239,0.24369122233150473,0
smt_40611,0.6850102169200355,163.8,0.41819915562883725,0.25488509052116376,0
smt_29439,0.6844406573546206,163.8,0.41785143916643497,0.24287175178109757,0
smt_40610,0.6841867947538222,163.8,0.4176964558936643,0.2543931271356419,0
smt_40609,0.6832405098428188,163.8,0.4171187483777893,0.2538282129861652,0
smt_6284,0.6831210604432416,163.8,0.41704582444642346,0.24204039225570187,0
smt_40608,0.682260810519653,163.8,0.41652064134288946,0.25324387085866845,0
smt_19113,0.6818495961984011,163.8,0.4162695947487186,0.24124289721475647,0
smt_40607,0.6810387720146795,163.8,0.4157745860895479,0.25251573847976244,0
smt_5966,0.6806545782759045,163.8,0.41554003557747526,0.24050276282539637,0
smt_40606,0.6796772103543308,163.8,0.4149433518646708,0.25170547608051325,0
smt_40605,0.6783364950688457,163.8,0.4141248443643747,0.2509086728563634,0
smt_40604,0.6773628554644224,163.8,0.41353043679146667,0.25033069481254755,0
smt_40603,0.6764215151576324,163.8,0.4129557479594825,0.24977243350468134,0
smt_40602,0.6754814429018786,163.8,0.41238183327343014,0.24921546511317647,0
smt_18749,0.6741313129903329,163.8,0.4115575781381764,0.23626973887729252,0
smt_6379,0.6740969475083525,163.8,0.4115365979904471,0.23624764989766575,0
smt_22735,0.6732224599495495,163.8,0.4110027228019228,0.23568581509064115,0
smt_29543,0.6723784935484509,163.8,0.41048748079881003,0.23514402338883364,0
smt_29544,0.6713522576909009,163.8,0.4098609631812582,0.23448580842770136,0
smt_6123,0.6701054330427914,163.8,0.40909977597240005,0.2336869966169214,0
smt_22682,0.6689128930426875,163.8,0.4083717295742903,0.23292389675565497,0
smt_6112,0.667856538488029,163.8,0.40772682447376607,0.2322487233054422,0
smt_29545,0.6668487401120652,163.8,0.40711156294997874,0.23160528628806065,0
smt_19016,0.6656950120276379,163.8,0.4064072112500842,0.2308695407468797,0
smt_19015,0.6645888391642533,163.8,0.40573189204166865,0.23016500634274636,0
smt_6053,0.663474937711213,163.8,0.40505185452455,0.22945644700200893,0
smt_5649,0.6623398589876599,163.8,0.4043588882708546,0.22253269617681334,0
smt_19012,0.6610009541919704,163.8,0.4035414860756839,0.2216631884652045,0
smt_6634,0.6598511454683075,163.8,0.40283952714792887,0.22091755031612323,0
smt_6638,0.6587005928479626,163.8,0.40213711407079517,0.22017244732985752,0
smt_19010,0.657744971035636,163.8,0.40155370637096216,0.2195543774713853,0
smt_19009,0.6565217227950734,163.8,0.40080691257330486,0.21876429664760708,0
sbt_20691,0.6563512862452788,163.8,0.4007028609556037,0.3033404718988728,0
sbt_3828,0.6563494103579148,163.8,0.4007017157252227,0.30333932526968826,0
sbt_20690,0.6563481088424096,163.8,0.40070092114921213,0.30333853004494143,0
sbt_3802,0.6563455473507785,163.8,0.4006993573570076,0.30333696574171404,0
smt_29546,0.6554144411459628,163.8,0.4001309164505267,0.21805019428349606,0
smt_6565,0.6544651908381413,163.8,0.39955139855808375,0.21743884598320198,0
smt_6745,0.653638840932079,163.8,0.3990469114359457,0.21690729428363317,0
smt_6601,0.6522123096250972,163.8,0.398176013202135,0.2159970786950196,0
smt_6690,0.6509689938573231,163.8,0.3974169681668639,0.2152053778510309,0
smt_6717,0.6499849584129643,163.8,0.39681621392732863,0.21457986076649152,0
smt_6528,0.6488709990702445,163.8,0.39613614106852535,0.21387294223151798,0
smt_24102,0.6477139199450892,163.8,0.3954297435562205,0.21314003051084318,0
smt_24103,0.6466259951461181,163.8,0.3947655648022698,0.2124522316746794,0
smt_7041,0.6457053773011853,163.8,0.39420352704590056,0.21187122379488685,0
smt_5651,0.6448069737383457,163.8,0.39365505112231114,0.2113051566298142,0
sbt_28835,0.6447537691937035,163.8,0.39362256971532567,0.18522690017056265,0
smt_18849,0.6434425900350509,163.8,0.39282209403849255,0.21044727073074618,0
smt_29440,0.6423396035323915,163.8,0.3921487201052451,0.20975536319729127,0
sbt_22971,0.6419993129918786,163.8,0.3919409725225144,0.18426889534610638,0
sbt_7601,0.6419992578275567,163.8,0.3919409388446622,0.18426887383913768,0
sbt_7600,0.6419991808215422,163.8,0.3919408918324433,0.18426884398920704,0
smt_29441,0.6412219713970464,163.8,0.39146640500430185,0.20905578967876015,0
sbt_14630,0.8368801995100648,216.3,0.3869071657466781,0.1819204455678836,0
sbt_14629,0.8368791881584766,216.3,0.38690669817775153,0.18191996994564197,0
sbt_26794,0.836877195580655,216.3,0.386905776967478,0.18191903376626287,0
smt_39158,0.6296676754668743,163.8,0.38441250028502705,0.19310451680213478,0
smt_39157,0.6292234234921252,163.8,0.3841412841832266,0.19284064874034204,0
smt_39156,0.6287494670842263,163.8,0.3838519335068536,0.19256165360454283,0
smt_39155,0.6282517803406846,163.8,0.38354809544608337,0.19227155312313363,0
smt_39154,0.6277679284635224,163.8,0.38325270357968394,0.19199239922016617,0
smt_39153,0.6273004438689612,163.8,0.3829673039493047,0.1917254537945313,0
smt_39152,0.6268295270139346,163.8,0.38267980892181597,0.19145936260495502,0
smt_39151,0.6263610899972937,163.8,0.3823938278371756,0.1911975413913974,0
smt_39150,0.6258512354629995,163.8,0.3820825613327225,0.19091590225320806,0
smt_39149,0.6253447925216041,163.8,0.3817733776078169,0.19063967097449577,0
smt_39148,0.6248453747945352,163.8,0.38146848278054646,0.1903707976017837,0
smt_39147,0.62427464640287,163.8,0.38112005274900485,0.1900679324539347,0
smt_39146,0.6237832568325816,163.8,0.3808200591163502,0.18981102721000212,0
rbt_637912,0.23572880546706607,61.95,0.3805146173802519,0.17892864420401589,0
smt_39604,0.6232643852371543,163.8,0.38050328769057035,0.1895437300115764,0
smt_39145,0.6227898833464833,163.8,0.38021360399663207,0.1893029523966129,0
smt_39144,0.6227664330737006,163.8,0.38019928759078175,0.18929114561214086,0
sbt_5607,0.6179588769683235,163.8,0.3772642716534331,0.17735597258729682,0
sbt_27826,0.6179576953652762,163.8,0.3772635502840514,0.17735523454472302,0
sbt_12635,0.5637110482644869,163.8,0.34414593911140834,0.16165308676588072,0
sbt_25351,0.5637011257778162,163.8,0.34413988142723817,0.16164700353719128,0
sbt_12020,0.5636922071225391,163.8,0.3441344365827467,0.16164153729971462,0
sbt_3750,0.5636825138852527,163.8,0.3441285188554656,0.16163559800597674,0
smt_37829,0.546371651152766,163.8,0.3335602265889902,0.16989754636733745,0
smt_37834,0.5456816084802908,163.8,0.33313895511617264,0.16973999946490603,0
smt_37835,0.545207477494461,163.8,0.3328494978598663,0.16964276552519686,0
smt_37921,0.5446971543988592,163.8,0.3325379452984488,0.16953179878988753,0
smt_37857,0.544694877870524,163.8,0.33253655547651034,0.1695360174743014,0
sbt_15442,0.7151656752412775,216.3,0.3306360033477936,0.25032683116988935,0
sbt_35534,0.9351327833242746,286.65,0.3262280772106313,0.15327533084405168,0
sbt_34001,0.6470768535720143,216.3,0.299157121392517,0.14060954078285198,0
sbt_14107,0.6420006407396829,216.3,0.2968102823576897,0.139544059005273,0
smt_6402,0.4792458899353797,163.8,0.29257990838545767,0.14056942141981146,0
smt_6977,0.4787265782230904,163.8,0.29226286826806497,0.14039669885913153,0
smt_7259,0.4779580353830352,163.8,0.29179367239501536,0.140153563650422,0
smt_6768,0.47692320698661983,163.8,0.2911619090272404,0.13985297451484807,0
smt_7102,0.47630028155419163,163.8,0.29078161267044667,0.13968785904970787,0
smt_6808,0.4755717192050583,163.8,0.29033682491151297,0.13950855861520636,0
smt_6803,0.4749298272158421,163.8,0.28994494946022104,0.13935500953261729,0
smt_14092,0.4650107137147714,163.8,0.2838893246121925,0.1545233334143847,0
smt_14186,0.46443648867882886,163.8,0.2835387598771849,0.15450120296913228,0
smt_13980,0.4639412193119165,163.8,0.28323639762632263,0.15454791494161366,0
rbt_1637704,0.17498428036137625,61.95,0.28246050098688663,0.13267720018308893,0
smt_14330,0.4594158656334256,163.8,0.28047366644287275,0.13334413855480565,0
smt_6301,0.4593954723503497,163.8,0.2804612163311048,0.1440139241364172,0
smt_6120,0.45842429987112016,163.8,0.27986831493963377,0.14371635776447833,0
smt_15072,0.4564923973762039,163.8,0.27868888728705976,0.13167831137981514,0
smt_37830,0.4564437380645005,163.8,0.27865918074755824,0.14319208962804564,0
smt_20991,0.4560797691851805,163.8,0.2784369775245302,0.13145147778611882,0
smt_14716,0.45560144155182747,163.8,0.27814495821234886,0.1311912806180984,0
sbt_28762,0.45538575530852027,163.8,0.27801328162913325,0.13068210659976268,0
smt_14715,0.4544675661588047,163.8,0.27745272659267683,0.13058675149834656,0
rbt_605865,0.21259068270046,76.65,0.2773524888460013,0.13049031741347125,0
smt_20989,0.45299595583068974,163.8,0.27655430758894367,0.13028488284623863,0
smt_15262,0.4526597594360358,163.8,0.27634905948475935,0.13018264082094988,0
smt_14616,0.45256702892738354,163.8,0.2762924474526151,0.12961483039129884,0
smt_14746,0.4523998310083781,163.8,0.2761903730209878,0.13010976011455977,0
smt_13726,0.4522788880968693,163.8,0.27611653729967595,0.1294996477058459,0
smt_23197,0.4520841046279017,163.8,0.27599762187295585,0.1300279515378245,0
smt_20990,0.451993726549458,163.8,0.27594244600089013,0.12939005315140073,0
smt_26473,0.4517440435480332,163.8,0.27579001437608863,0.12994804181513855,0
smt_14832,0.45165802840754243,163.8,0.2757375020803067,0.12926688168833486,0
smt_14373,0.45139059656610864,163.8,0.2755742347778441,0.12917347416039787,0
smt_27626,0.4511219927961167,163.8,0.27541025201228125,0.1290840460357959,0
smt_26475,0.44946105232806477,163.8,0.2743962468425304,0.12988659876510802,0
smt_13751,0.44865542110760814,163.8,0.2739044084906032,0.12943113702319817,0
smt_13530,0.44788820213258973,163.8,0.27343602083796686,0.12900176184865106,0
smt_37961,0.44723914474675863,163.8,0.27303977090766707,0.1286419514166521,0
smt_37998,0.4464292686327662,163.8,0.2725453410456448,0.128197602838625,0
rbt_1632306,0.24491117755936354,90.3,0.2712194657357293,0.1274317838021509,0
smt_13761,0.43759111405910484,163.8,0.26714964228272575,0.14975182528007502,0
smt_38722,0.4348792874096494,163.8,0.2654940704576614,0.11043912719042738,0
smt_38723,0.4342043019562023,163.8,0.2650819914262529,0.10989437394486017,0
smt_38724,0.4333522198211479,163.8,0.26456179476260555,0.10921022246724608,0
smt_38725,0.4324398541945618,163.8,0.26400479499057494,0.10848242847591845,0
smt_38726,0.4315804266821727,163.8,0.2634801139695804,0.10780179759537195,0
smt_38727,0.43041734541175664,163.8,0.26277005214392957,0.10688912189544726,0
smt_38728,0.4298519389553725,163.8,0.26242487115712604,0.10644927255650227,0
smt_38729,0.42914903205026556,163.8,0.26199574606243314,0.10590624717529074,0
smt_38730,0.4285240059119476,163.8,0.26161416722341124,0.10542714894888698,0
smt_38731,0.427639986318203,163.8,0.2610744727217356,0.10475603548340005,0
smt_38732,0.4267317079020358,163.8,0.260519968194161,0.1040751157057922,0
smt_3147,0.4265955750050536,163.8,0.2604368589774442,0.12385514560220702,0
smt_3146,0.426437648791495,163.8,0.26034044492765257,0.12376212509997912,0
smt_3112,0.42611743221262255,163.8,0.26014495251075853,0.12357443250223905,0
smt_38733,0.4259321130287001,163.8,0.2600318150358364,0.10348354238519326,0
smt_3111,0.42549256820910897,163.8,0.25976347265513366,0.12321179976624604,0
smt_38734,0.42511723087202063,163.8,0.25953432898169754,0.10288889405554962,0
smt_14644,0.42483205822328723,163.8,0.2593602309055477,0.1228338713545271,0
smt_38735,0.42427920568183825,163.8,0.25902271409147637,0.10228675209119854,0
smt_14834,0.42409100069336103,163.8,0.2589078148311117,0.12240368967062232,0
smt_38736,0.42348102461350756,163.8,0.2585354240619704,0.10172283195109123,0
smt_38737,0.42271031714134205,163.8,0.258064906679696,0.10118792243481951,0
smt_38738,0.4220090879519441,163.8,0.2576368058314677,0.10071005034486685,0
smt_38739,0.4211276985813123,163.8,0.25709871708260823,0.10012225016386651,0
smt_38740,0.4202922678204847,163.8,0.256588686093092,0.09957936616100584,0
smt_38741,0.419613727949661,163.8,0.2561744370877051,0.09914945288869038,0
smt_38742,0.41880373206188065,163.8,0.25567993410371226,0.09865015858924686,0
smt_18751,0.417165356251707,163.8,0.25467970467137174,0.115230745397578,0
smt_22631,0.41714934541019044,163.8,0.25466993004285127,0.11522018351392949,0
smt_6225,0.41623908974982443,163.8,0.2541142184064862,0.1146222624254772,0
smt_6306,0.4153537169223397,163.8,0.2535736977547861,0.11404546132851884,0
smt_6311,0.4143778230783902,163.8,0.25297791396727115,0.11341545106567895,0
smt_19807,0.41340446111335216,163.8,0.25238367589337735,0.11279344261535161,0
smt_3430,0.41299211830323385,163.8,0.2521319403560646,0.1340314619799358,0
smt_6992,0.41297151911359703,163.8,0.2521193645382155,0.13413235200065204,0
smt_29551,0.412508204304476,163.8,0.25183651056439316,0.11222665524822455,0
smt_39769,0.41247897614634843,163.8,0.2518186667560125,0.12710887425767461,0
smt_6608,0.4122569535087999,163.8,0.2516831218002441,0.13416787594491186,0
smt_29552,0.41179999473585366,163.8,0.2514041481903868,0.11178303195808116,0
smt_39779,0.41179058598444396,163.8,0.2513984041419072,0.12696063957319045,0
smt_39770,0.4117677495524237,163.8,0.25138446248621715,0.12712638695479697,0
smt_39771,0.4112156530725858,163.8,0.25104740724822083,0.1271925218178414,0
smt_6429,0.4110303747313765,163.8,0.25093429470780004,0.13402343008588025,0
smt_39772,0.41061972564139526,163.8,0.250683593187665,0.12725253006568157,0
smt_6620,0.41028872318985443,163.8,0.2504815159889221,0.13397483514350653,0
smt_39773,0.41003297221171975,163.8,0.25032537986063474,0.12734073246158686,0
smt_39774,0.40938933175170267,163.8,0.24993243696685144,0.1273336556290875,0
smt_39775,0.40900415105025995,163.8,0.2496972839134676,0.127485526737278,0
smt_39776,0.4083420876315376,163.8,0.24929309379214748,0.12755414437429105,0
smt_39777,0.40776649751588673,163.8,0.2489416956751445,0.12764155223761267,0
smt_39778,0.4072090336018495,163.8,0.24860136361529273,0.12767015150803088,0
smt_38743,0.40495674988950997,163.8,0.24722634303388885,0.09084426928044698,0
smt_38744,0.4042792441567511,163.8,0.24681272537042193,0.09074289844209164,0
smt_38745,0.4036132725123249,163.8,0.24640614927492363,0.090672817020992,0
smt_38746,0.40295528804714975,163.8,0.24600444935723426,0.09064725533126282,0
smt_38749,0.4022441016979924,163.8,0.245570269656894,0.09061891118399161,0
smt_38747,0.40162660452686316,163.8,0.24519328725693723,0.09058845102430073,0
smt_38748,0.4011801709657474,163.8,0.24492073929532807,0.09067179507299329,0
smt_6042,0.3909334908176992,163.8,0.23866513480934015,0.12371455815523548,0
smt_32843,0.3720870445898002,163.8,0.2271593678814409,0.11886086441628367,0
smt_32842,0.37159390641099693,163.8,0.22685830672222032,0.11888797523906765,0
smt_36326,0.35415328519271844,163.8,0.21621079682095143,0.07929649594180795,0
smt_36327,0.3535712400005007,163.8,0.21585545787576355,0.07923460291493935,0
smt_36328,0.353005218210104,163.8,0.21550990122716968,0.07921264591637965,0
smt_36329,0.3524388875410158,163.8,0.21516415600794617,0.07916734531110436,0
smt_36330,0.35204869882754275,163.8,0.2149259455601604,0.07923492608364424,0
sbt_22703,0.455385786298028,216.3,0.21053434410449745,0.09896315543732341,0
smt_37982,0.3443864844024168,163.8,0.21024815897583443,0.08354194140017283,0
smt_21273,0.3441185188803086,163.8,0.21008456586099422,0.08334994925471229,0
smt_37350,0.3437882170962026,163.8,0.20988291642014809,0.08312313065487072,0
smt_37351,0.3437793399810537,163.8,0.2098774969359302,0.08311784618795351,0
smt_37349,0.3437718507674918,163.8,0.20987292476647845,0.08311557615267262,0
smt_14333,0.3434457983666615,163.8,0.20967386957671644,0.08290960476730086,0
smt_13481,0.34314000745918655,163.8,0.2094871840410174,0.08273153978419184,0
rbt_628766,0.16049404758670083,76.65,0.20938558067410412,0.09839054561022316,0
smt_20988,0.3428226880543289,163.8,0.20929346035062812,0.08256282602537392,0
smt_37950,0.4514368013342288,216.3,0.20870864601674932,0.0983536665394993,0
rbt_1607349,0.18816876875534794,90.3,0.20838180371577844,0.09796637397070691,0
smt_24232,0.337226273945359,163.8,0.20587684612048776,0.0837536607287215,0
smt_21156,0.3359154975888429,163.8,0.20507661635460495,0.0824960424883206,0
smt_15268,0.33464269987101664,163.8,0.20429957257082823,0.08189974639293744,0
smt_14171,0.33337688140160826,163.8,0.20352678962247145,0.08136564892274038,0
smt_31409,0.332298581978768,163.8,0.20286848716652503,0.09686679761885468,0
smt_31410,0.33225634855426744,163.8,0.2028427036350839,0.09684469131455631,0
smt_14621,0.33219154425080777,163.8,0.20280314056825868,0.08092055462157054,0
smt_14661,0.33163151872558994,163.8,0.20246124464321727,0.08074315611703922,0
smt_21159,0.3306906974237814,163.8,0.2018868726640912,0.08046467820831822,0
smt_21160,0.3299529563384008,163.8,0.20143648128107494,0.080286398867436,0
smt_27028,0.395925091065809,216.3,0.18304442490328662,0.08733795219846369,0
smt_17394,0.29305324599508914,163.8,0.1789091855891875,0.08591283625618058,0
smt_17266,0.2921575574614462,163.8,0.1783623671925801,0.0853909389945134,0
smt_17265,0.2915428891639005,163.8,0.17798711182167307,0.0850420403865178,0
smt_17267,0.2902930194442068,163.8,0.17722406559475384,0.08435797284239917,0
smt_20993,0.2896571862683698,163.8,0.1768358890527288,0.08402412937583657,0
smt_13773,0.2890463270779007,163.8,0.1764629591440175,0.08371314194375895,0
smt_13650,0.2884386232265497,163.8,0.17609195557176413,0.08341382525247303,0
smt_13985,0.28759030473669106,163.8,0.1755740566158065,0.08301396376139768,0
smt_27649,0.28682278536178046,163.8,0.17510548556885253,0.06663896597795209,0
smt_13442,0.2867790456159153,163.8,0.17507878242729868,0.08265268208943323,0
smt_27648,0.28627365310661657,163.8,0.1747702399918294,0.0666543151367488,0
smt_39765,0.5722425563222744,327.6,0.17467721499458924,0.10406794657561798,0
smt_14905,0.2860645991485239,163.8,0.17464261242278625,0.08235301589029007,0
smt_39766,0.5708106082240402,327.6,0.17424011240050066,0.10362241467339865,0
smt_14795,0.28493721472458594,163.8,0.17395434354370323,0.08191871606423387,0
smt_39767,0.5698088680699981,327.6,0.1739343309126978,0.1033110083625944,0
smt_26470,0.2844445899032998,163.8,0.1736535957895603,0.08174500336921166,0
smt_39768,0.5684814848573607,327.6,0.17352914678185613,0.10289872460972542,0
smt_14264,0.2835554848681722,163.8,0.17311079662281575,0.0814594183286118,0
smt_15055,0.282968443842956,163.8,0.17275240771853234,0.08129276129605036,0
smt_15155,0.28246589644010067,163.8,0.17244560222228367,0.08116617850232499,0
smt_37988,0.2822546380674443,163.8,0.17231662885680357,0.08259040169617232,0
smt_14675,0.2818977426561156,163.8,0.17209874399030256,0.08103926890479406,0
smt_37997,0.28182047594464427,163.8,0.17205157261577791,0.08251612140534227,0
smt_14617,0.28140130437698485,163.8,0.17179566811781735,0.08097607788922691,0
smt_14481,0.2804316806198614,163.8,0.1712037122221376,0.08080560661866158,0
smt_20996,0.2800884943353797,163.8,0.17099419678594607,0.08074132212522188,0
smt_14831,0.2800716956623426,163.8,0.17098394118580132,0.08074149461688647,0
smt_20928,0.27787718454195937,163.8,0.16964419080705698,0.11787517416084609,0
smt_14185,0.27750195016105367,163.8,0.16941510998843323,0.11712789471314111,0
smt_26353,0.2770425017339239,163.8,0.16913461644317698,0.11619104605683267,0
smt_14130,0.2766436251984622,163.8,0.16889110207476324,0.1153563784878799,0
smt_13313,0.2763262483479643,163.8,0.16869734331377553,0.11467676241610521,0
smt_20929,0.276079067243674,163.8,0.16854643909870207,0.11413718205486495,0
smt_41343,0.2757494753302063,163.8,0.16834522303431396,0.11340259049854075,0
smt_20931,0.2754245921886287,163.8,0.16814688167803948,0.11266015149747516,0
smt_20309,0.275132761579554,163.8,0.16796871891303664,0.11197625157787572,0
smt_21102,0.27480633314286135,163.8,0.167769434153151,0.11119029179297031,0
smt_20932,0.274511909845231,163.8,0.16758968855020207,0.11046040173750288,0
smt_14573,0.27419926520146065,163.8,0.1673988188043105,0.10966103043866447,0
smt_20933,0.27392979979743737,163.8,0.1672343100106455,0.10894962305878503,0
smt_14602,0.2736098323825485,163.8,0.16703896970851553,0.1080743694946286,0
smt_26345,0.2733574506203158,163.8,0.16688489048859328,0.10735750624406933,0
smt_21047,0.2730815543293255,163.8,0.16671645563450885,0.10654318571357448,0
smt_14712,0.27295706626969607,163.8,0.16664045559810503,0.10616399381985958,0
smt_37765,0.27283834765164666,163.8,0.16656797780930807,0.0802975854576337,0
smt_37764,0.27228838284460505,163.8,0.16623222395885534,0.07997831289001946,0
smt_37763,0.2716665650597194,163.8,0.1658526038215625,0.07962510092677454,0
smt_37762,0.2710866174511006,163.8,0.16549854545244233,0.07930357122613481,0
smt_37766,0.27060084573348253,163.8,0.16520198152227258,0.07904047348576723,0
smt_15284,0.2614994537263425,163.8,0.15964557614550823,0.07651681021630949,0
smt_21155,0.26124070876070926,163.8,0.15948761218602517,0.07636424944627872,0
smt_19259,0.26081646170230477,163.8,0.15922860909786615,0.07611702605153838,0
smt_6169,0.25384243457808725,163.8,0.15497096128088353,0.08328620838321835,0
smt_5803,0.25286771798037067,163.8,0.15437589620291248,0.07625876239571384,0
smt_4152,0.25170837470057994,163.8,0.15366811642282047,0.07594370435376956,0
smt_19215,0.25129637692990586,163.8,0.15341659153229906,0.07588948687309686,0
smt_31609,0.3603057246081905,240.45,0.14984642320989416,0.07393095156825426,0
smt_31608,0.3602214058859267,240.45,0.1498113561596701,0.07393299604879926,0
smt_31592,0.36021815823242265,240.45,0.14981000550319096,0.07393811635261623,0
smt_18688,0.41690552830827926,286.65,0.1454406168875909,0.07261355407306853,0
smt_18689,0.4167550496402035,286.65,0.14538812127688944,0.07282919024203768,0
smt_19335,0.4166452184416761,286.65,0.14534980584045917,0.07310362735038588,0
smt_18690,0.4165141226456269,286.65,0.14530407208987509,0.07342238653747894,0
smt_6233,0.23772840505838963,163.8,0.14513333642148327,0.08746930790828004,0
smt_40592,0.34761065258004237,240.45,0.14456670932836033,0.050278408065675594,0
smt_40591,0.3475823725716065,240.45,0.14455494804392038,0.05029844638099934,0
smt_40593,0.34726989690198673,240.45,0.14442499351299096,0.05024449681192377,0
smt_5658,0.23545568946866433,163.8,0.14374584216646172,0.10091683635212123,0
smt_23912,0.23516407237333067,163.8,0.14356780975172811,0.08585405848158197,0
smt_29547,0.2351301140162425,163.8,0.1435470781539942,0.08583272931180752,0
smt_6108,0.23385258211924306,163.8,0.14276714415094202,0.08503156313948433,0
smt_14826,0.23310343648005552,163.8,0.14230979028086418,0.06763744473405935,0
smt_19806,0.2325715832559275,163.8,0.1419850935628373,0.08423078203692096,0
smt_14726,0.2323994259038544,163.8,0.1418799913942945,0.0672291336885662,0
smt_5933,0.23173999439841292,163.8,0.14147740805763914,0.06685715464781948,0
smt_6731,0.23135722161687344,163.8,0.14124372504082627,0.08347419885181583,0
smt_6244,0.23021799508848123,163.8,0.14054822654974433,0.08276683660800124,0
smt_14023,0.2294775108590488,163.8,0.14009616047560977,0.0675139499558187,0
smt_19805,0.22873723461071468,163.8,0.13964422137406268,0.08185116194570133,0
smt_20873,0.22859743965209958,163.8,0.13955887646648324,0.06704773361758286,0
smt_13778,0.22795401350824823,163.8,0.13916606441284995,0.0667218326354272,0
smt_13282,0.22732125087523966,163.8,0.13877976243909623,0.06641475461324689,0
smt_6478,0.22730431845866395,163.8,0.13876942518843952,0.08096943623948444,0
smt_13691,0.2263115294536437,163.8,0.13816332689477634,0.06595497499382753,0
smt_29548,0.22603429304015568,163.8,0.13799407389508891,0.08019183072481642,0
smt_29549,0.22580722872698655,163.8,0.13785545099327629,0.052195259558791875,0
smt_14091,0.2252044438138468,163.8,0.1374874504358039,0.0654986906471581,0
smt_6590,0.22475295098030987,163.8,0.13721181378529296,0.07941129505798165,0
smt_7344,0.2245378105855054,163.8,0.1370804704429215,0.051347158621374706,0
smt_14412,0.22442905701213864,163.8,0.13701407631998697,0.06521270473841802,0
smt_7058,0.22361972757010504,163.8,0.13651998020152933,0.050779723712058134,0
smt_6672,0.22360364936405103,163.8,0.13651016444691758,0.07871486431081749,0
smt_6068,0.2230426067341683,163.8,0.13616764757885733,0.06683925807302742,0
smt_31605,0.327246160610963,240.45,0.13609738432562407,0.06547243615182848,0
smt_31604,0.32718523309829617,240.45,0.13607204537254988,0.06566616493025765,0
smt_31603,0.32707192806595226,240.45,0.13602492329629956,0.06583216225833222,0
smt_6679,0.22244891633505995,163.8,0.13580519922775333,0.0780188935827144,0
smt_6161,0.22243485963923282,163.8,0.1357966176063692,0.050119546495907885,0
smt_5830,0.22225135993812983,163.8,0.13568459092681917,0.06656310951164934,0
smt_5639,0.22143800191749408,163.8,0.1351880353586655,0.06631658717908534,0
smt_7070,0.2213540939508426,163.8,0.1351368094937989,0.07736274453954874,0
smt_24104,0.22079059968758266,163.8,0.1347927959020651,0.049385473338218716,0
smt_28124,0.21928520096392573,163.8,0.1338737490622257,0.04901167552194532,0
smt_6349,0.21768722942518842,163.8,0.13289818646226398,0.04869662840823195,0
smt_37922,0.28643820223166394,216.3,0.13242635332023298,0.05268890409226018,0
smt_37899,0.2864263153810639,216.3,0.13242085778135176,0.052797285017937824,0
smt_37900,0.2858521818015447,216.3,0.13215542385647003,0.05280104526931826,0
smt_37901,0.285274405694352,216.3,0.13188830591509568,0.05279922371387275,0
smt_37902,0.28477688923211325,216.3,0.13165829368105095,0.05282023376048171,0
smt_6831,0.21380522395919785,163.8,0.13052821975531004,0.05544985366753727,0
smt_4929,0.3725046196478601,286.65,0.12995102726246646,0.0640662485804997,0
smt_18685,0.37233933608564057,286.65,0.1298933668535289,0.06435373847107043,0
smt_19328,0.37217533109739476,286.65,0.12983615248470076,0.06467687097133717,0
smt_5142,0.37200352484308535,286.65,0.12977621658576152,0.06499587692295612,0
smt_18686,0.3718457786464462,286.65,0.12972118564327445,0.06527894680447824,0
smt_19330,0.37171547132754706,286.65,0.12967572695885124,0.06556055443233587,0
smt_22900,0.3715950005969385,286.65,0.12963369984194612,0.06584813654858886,0
smt_5577,0.3714808277337052,286.65,0.12959386978325665,0.06617633628456783,0
smt_4928,0.3602162342973555,286.65,0.12566413197186657,0.062105350024280866,0
smt_27825,0.19675309337852975,163.8,0.12011788362547603,0.057477869903666164,0
smt_16964,0.19648182326502464,163.8,0.1199522730555706,0.05732030083527497,0
smt_2915,0.19632947055501634,163.8,0.11985926163309911,0.057808179571935896,0
smt_6492,0.19600493069591893,163.8,0.11966112985098834,0.05840826561339663,0
smt_16963,0.19524594905538548,163.8,0.11919777109608391,0.05662925205341835,0
smt_29534,0.1951812140116616,163.8,0.1191582503123697,0.05810121854445941,0
smt_6464,0.19488185717039905,163.8,0.11897549277802139,0.05733803108314977,0
smt_6526,0.19413074089905494,163.8,0.11851693583580887,0.05697453640786723,0
smt_21045,0.19376466906409595,163.8,0.11829344875707933,0.08867395372166537,0
smt_6700,0.19361256949601552,163.8,0.11820059187790935,0.05673809530031756,0
smt_20934,0.1934883090270872,163.8,0.11812473078576749,0.08807546198016719,0
smt_20935,0.1931950077374389,163.8,0.1179456701693766,0.08741602772514799,0
smt_14187,0.19292360179041607,163.8,0.11777997667302567,0.08678001885873887,0
smt_14724,0.19268759582605047,163.8,0.1176358948876987,0.08620494211493329,0
smt_14853,0.19267776044037765,163.8,0.11762989037874094,0.08618038692251774,0
smt_21048,0.19240528448876287,163.8,0.11746354364393337,0.08548105413068856,0
smt_39709,0.19215621353693388,163.8,0.1173114856757838,0.08480492097356486,0
smt_39710,0.19187509621254442,163.8,0.11713986337762174,0.08398846329825922,0
smt_39711,0.1916208833396666,163.8,0.1169846662635327,0.08318643116924149,0
smt_39708,0.19139375304782674,163.8,0.1168460030817013,0.08239959950016548,0
smt_14565,0.19119273897560476,163.8,0.11672328386789056,0.08162430089432697,0
smt_21051,0.19104450790461477,163.8,0.11663278870855602,0.08098295486961375,0
smt_14804,0.1909167093741912,163.8,0.11655476762771133,0.0803582595528968,0
smt_14134,0.19080863868720796,163.8,0.11648879040733084,0.07974870654926892,0
smt_14196,0.19072965374332032,163.8,0.1164405700508671,0.07922529011462634,0
smt_21050,0.19067563740808197,163.8,0.11640759304522709,0.07880246263330622,0
smt_21049,0.19058412338760936,163.8,0.11635172367985917,0.07778704023456219,0
smt_5525,0.18858925430407028,163.8,0.11513385488648978,0.09883664372723366,0
smt_18796,0.18855905456586702,163.8,0.11511541792787974,0.09880892512473682,0
sbt_36538,0.18816861218420933,163.8,0.1148770526155124,0.05400700658762498,0
sbt_33400,0.18816712863676874,163.8,0.11487614690889421,0.05400608750343985,0
sbt_33399,0.18816477443504628,163.8,0.11487470966730542,0.054004629593964494,0
smt_5394,0.18752083196583239,163.8,0.11448158239672306,0.09785145062498019,0
smt_19804,0.14129075570428837,123.9,0.11403612244091071,0.05584164357229663,0
smt_18797,0.18642920266755192,163.8,0.1138151420436825,0.09683457591528251,0
smt_6171,0.14047359916329444,123.9,0.11337659335213432,0.05558836306893536,0
smt_5220,0.1854575203977897,163.8,0.11322192942478003,0.09592014591675484,0
smt_6245,0.13973746623568484,123.9,0.11278245862444297,0.0554771295840212,0
smt_5880,0.18458277458347425,163.8,0.1126878965711076,0.09508900571614354,0
smt_5886,0.18341131640218944,163.8,0.1119727206362573,0.09396340201779424,0
smt_5813,0.1823275987329689,163.8,0.11131111033758784,0.09290841613810717,0
smt_37215,0.18194482230738884,163.8,0.11107742509608598,0.053660409941545535,0
smt_5629,0.18147907779221728,163.8,0.11079308778523642,0.09207253834981004,0
smt_31600,0.3615506509512238,327.6,0.11036344656630763,0.052804634071355806,0
smt_31599,0.3613580986432332,327.6,0.11030466991551685,0.05301462565193402,0
smt_31598,0.3611687620178493,327.6,0.11024687485282335,0.05322095371979999,0
smt_31597,0.36099154166667785,327.6,0.1101927782865317,0.0533932696365531,0
smt_31596,0.36084944633192156,327.6,0.1101494036422227,0.053543246355467734,0
smt_31595,0.360730816903758,327.6,0.1101131919730641,0.05372960827660509,0
smt_5847,0.1803549319927791,163.8,0.11010679608838773,0.09095079934273587,0
smt_31594,0.36059081015133115,327.6,0.11007045486914868,0.05391873459261274,0
smt_31593,0.36045453525275317,327.6,0.1100288569147598,0.05413674977336306,0
smt_29412,0.17952967852068152,163.8,0.10960297833985441,0.09011614928975263,0
smt_5905,0.1787386530863109,163.8,0.10912005682924962,0.08930658191320305,0
sbt_34894,0.23572820758190918,216.3,0.10898206545626868,0.05124627242717947,0
sbt_34893,0.2357271238141437,216.3,0.10898156440783344,0.051245763121165404,0
smt_6293,0.1779579047534977,163.8,0.10864340949541984,0.0884977526431998,0
smt_29485,0.17719465409794855,163.8,0.10817744450424209,0.08769700023292075,0
smt_28365,0.17657932185066305,163.8,0.10780178379161356,0.08704370975589194,0
rbt_605908,0.09719308703470007,90.3,0.10763354045924703,0.05056895572154315,0
smt_28366,0.175923421983933,163.8,0.10740135652254759,0.08633924932786437,0
smt_28367,0.1751563198656155,163.8,0.10693304021099848,0.08550400153443756,0
smt_28414,0.1743988303458578,163.8,0.10647059239673856,0.08466625154956102,0
smt_28415,0.17360290878100113,163.8,0.10598468179548297,0.08377085809440991,0
smt_28416,0.17292106193585263,163.8,0.1055684138802519,0.08299031432222383,0
smt_28417,0.17204015069908254,163.8,0.10503061703240693,0.08196152500255831,0
smt_31002,0.1695733902049088,163.8,0.10352465824475506,0.043188635763050175,0
smt_31003,0.16913280117650345,163.8,0.10325567837393373,0.043011317236014646,0
smt_31004,0.16878590584536107,163.8,0.10304389856249149,0.042883493201805734,0
smt_31005,0.1680637763069153,163.8,0.10260303803840981,0.042664705951671315,0
smt_31633,0.3336537014156254,327.6,0.10184789420501386,0.043915341975590105,0
smt_31632,0.33335957801232174,327.6,0.10175811294637414,0.044085227943113404,0
smt_31631,0.33294985264200827,327.6,0.10163304415201717,0.044202061570496186,0
smt_31630,0.33265214722974545,327.6,0.10154216948404927,0.04432132238941339,0
smt_31629,0.3323751055296746,327.6,0.10145760242053557,0.044460449472132235,0
smt_31628,0.33207234852769213,327.6,0.10136518575326378,0.04463146514963071,0
smt_31627,0.33172005298793217,327.6,0.10125764743221372,0.044798571094718014,0
smt_31626,0.33138552151105327,327.6,0.1011555315967806,0.04494898135055184,0
smt_31625,0.3310959934625684,327.6,0.10106715307160206,0.04495434588138503,0
smt_31624,0.3310609737917875,327.6,0.10105646330640643,0.045125644603401495,0
smt_31623,0.33077691379789953,327.6,0.10096975390656274,0.04528286071664192,0
smt_31622,0.33050554418536,327.6,0.10088691824949939,0.045439327111840934,0
smt_31621,0.33024726480174965,327.6,0.10080807838881248,0.04560447916872374,0
smt_31620,0.32998780436981967,327.6,0.10072887801276546,0.04578379863410079,0
smt_31619,0.32971936978608374,327.6,0.10064693827414033,0.04594510348450793,0
smt_31618,0.3294856519717909,327.6,0.100575595839985,0.04603815607996228,0
smt_31617,0.32935033810059805,327.6,0.1005342912394988,0.04625986029692921,0
smt_31616,0.3290643178922963,327.6,0.10044698348360692,0.04640518915611012,0
smt_31615,0.3288740724597832,327.6,0.10038891100725982,0.04660237849026826,0
smt_31614,0.32863664718699453,327.6,0.10031643687026695,0.04679633308892975,0
smt_31613,0.32841126164985124,327.6,0.10024763786625494,0.046976009914897705,0
smt_31612,0.32821139443194935,327.6,0.10018662833698086,0.047194320471317885,0
smt_31611,0.327983045197817,327.6,0.10011692466355829,0.04735978334518206,0
smt_31610,0.32781476280165367,327.6,0.10006555641076118,0.04754166616581157,0
smt_31607,0.3276404929498583,327.6,0.10001236048530474,0.04773971452662031,0
smt_31606,0.32745953305222014,327.6,0.0999571224213126,0.047987586813835546,0
smt_31602,0.32697621836277063,327.6,0.0998095904648262,0.04853473264624885,0
smt_31601,0.3268166790180902,327.6,0.09976089103116306,0.048733873892042756,0
smt_6143,0.15603474023928926,163.8,0.09525930417539026,0.04696138236736027,0
smt_6033,0.15551988120147225,163.8,0.09494498241848122,0.046763864875739365,0
smt_19272,0.15503873370657204,163.8,0.0946512415791038,0.046596473501706266,0
smt_6472,0.1172502173373368,123.9,0.09463294377509024,0.04598825769934923,0
smt_6299,0.15462618373152062,163.8,0.0943993795674729,0.046468604037662176,0
smt_6532,0.14999717113671207,163.8,0.09157336455232727,0.044400601718408546,0
smt_6573,0.1494557953586889,163.8,0.09124285430933388,0.04409152719104659,0
rbt_605873,0.08168361609519964,90.3,0.09045804661705387,0.042522089376242855,0
smt_6688,0.14814107182953187,163.8,0.090440214792144,0.04339295438742429,0
smt_40151,0.2174112322450407,240.45,0.09041847878770667,0.08997530531134139,0
smt_40150,0.21652190477560598,240.45,0.09004861916223997,0.08960725835448967,0
smt_40149,0.21572421504434708,240.45,0.08971687046968063,0.08927713551853132,0
smt_40148,0.21489830806126212,240.45,0.08937338659233193,0.08893533497979582,0
smt_5626,0.14604649042042747,163.8,0.08916147156314252,0.042476816891559556,0
smt_40147,0.2141034139076637,240.45,0.08904280054384017,0.08860636910564212,0
smt_5822,0.14471872482436238,163.8,0.08835086985614307,0.042067420385121845,0
smt_14431,0.14363444522419866,163.8,0.08768891649828978,0.04652844030938728,0
smt_15274,0.14329261184727937,163.8,0.08748022701299107,0.04655574666178707,0
smt_28420,0.14149312159748262,163.8,0.08638163711690025,0.07401066821286763,0
smt_28421,0.14061303040342665,163.8,0.08584434090563287,0.07319687641824212,0
smt_28422,0.13970370570622476,163.8,0.08528919762284783,0.07234589033595099,0
smt_28423,0.13905844179352067,163.8,0.08489526361020797,0.07173531015393157,0
smt_8778,0.1387161756730755,163.8,0.08468630993472254,0.041144069907619776,0
smt_28424,0.13842932124922885,163.8,0.08451118513383934,0.07113428123057887,0
smt_3295,0.1382828114875122,163.8,0.08442174083486703,0.05603245084574735,0
smt_17541,0.13827283949475197,163.8,0.08441565292719899,0.05601072375740392,0
smt_28425,0.13802364906754966,163.8,0.08426352201926107,0.07074356652175469,0
smt_17542,0.13791388682225722,163.8,0.08419651210150013,0.05520046626912307,0
smt_17534,0.13752593372184657,163.8,0.08395966649685382,0.05424889954729548,0
smt_28426,0.137450421976171,163.8,0.08391356653001891,0.07018703208497347,0
smt_16494,0.13713374743793538,163.8,0.08372023653109607,0.05317016160894721,0
smt_28427,0.13702257980772203,163.8,0.08365236862498293,0.06976809585329759,0
smt_6385,0.1365919792594295,163.8,0.08338948672736844,0.040116603241702874,0
smt_40134,0.2001963097777728,240.45,0.08325901841454474,0.0828509318574073,0
smt_17712,0.13625519033079794,163.8,0.08318387688082901,0.04013689244203934,0
smt_6264,0.13613423590522278,163.8,0.08311003413017264,0.03999557761852411,0
smt_28428,0.13604655274961133,163.8,0.08305650351014122,0.06880021005256906,0
smt_40133,0.19941996604766005,240.45,0.08293614724377628,0.08252964297768116,0
smt_6086,0.135768303928362,163.8,0.08288663243489744,0.03993438677740498,0
smt_19121,0.13542710875919653,163.8,0.08267833257582205,0.03990788585873258,0
smt_28429,0.13534484159952942,163.8,0.08262810842462112,0.06809305396320368,0
smt_40132,0.19862882142576388,240.45,0.08260712057632102,0.08220222890182668,0
smt_18748,0.13510003439687232,163.8,0.08247865347794402,0.03985219444956658,0
smt_13112,0.134935671425132,163.8,0.08237830978335287,0.03939796761541694,0
smt_28430,0.13462290445858768,163.8,0.08218736535933313,0.06735469694728657,0
smt_13111,0.1343171067402605,163.8,0.0820006756656047,0.03908216177170561,0
smt_28431,0.13412449931026416,163.8,0.08188308871200498,0.06683802981252485,0
smt_13110,0.13356026373691007,163.8,0.08153862255000614,0.03872785199545136,0
smt_28432,0.1330089404817818,163.8,0.08120203936616716,0.06565886085117854,0
smt_31664,0.2659408285690533,327.6,0.08117851909922262,0.03843578761704918,0
smt_12980,0.1329241884260079,163.8,0.081150298184376,0.03846168081235037,0
smt_31663,0.26547703788937305,327.6,0.08103694685267797,0.038349368321573776,0
smt_40189,0.2651268759657586,327.6,0.08093005981860762,0.08053337943153689,0
smt_31662,0.26499517898018593,327.6,0.08088985927356102,0.038264616207689055,0
smt_28465,0.13249467931726885,163.8,0.08088808261127524,0.0651035714558572,0
smt_13078,0.1323912165010168,163.8,0.08082491849878924,0.03826427299675214,0
smt_31661,0.2645404085806053,327.6,0.08075104047027024,0.03818959261555976,0
smt_31660,0.264012395960034,327.6,0.08058986445666483,0.03810946148969022,0
smt_27950,0.13199026822466042,163.8,0.08058013933129451,0.06455092781018228,0
smt_40188,0.26375794400300256,327.6,0.08051219291910945,0.08011756042876282,0
smt_31659,0.2635557593554357,327.6,0.08045047599372274,0.03804635570927986,0
smt_31658,0.26312444894988135,327.6,0.08031881836076964,0.03799195882131662,0
smt_31657,0.2627672886450567,327.6,0.08020979506869863,0.0379510104691367,0
smt_31656,0.26246936687032213,327.6,0.08011885435602019,0.037921037125146044,0
smt_31655,0.2621371955222522,327.6,0.08001745895062642,0.03788808084767121,0
smt_40187,0.26197846178501016,327.6,0.07996900542887977,0.07957703490661398,0
smt_31654,0.2619455037334256,327.6,0.07995894497357314,0.03787123767695861,0
smt_40190,0.26190422496774546,327.6,0.07994634461774891,0.07955448516495686,0
smt_40191,0.26185495104858925,327.6,0.0799313037388856,0.07953951818100086,0
smt_31653,0.26178958778946715,327.6,0.07991135158408642,0.03786782126221066,0
smt_31649,0.26134569431882687,327.6,0.07977585296667486,0.0378387177206182,0
smt_31648,0.26096251364085693,327.6,0.07965888694775852,0.03781989571146702,0
smt_31647,0.2606093183608731,327.6,0.07955107398073048,0.03781056908473241,0
smt_40186,0.2605450836045835,327.6,0.07953146630176541,0.07914164025300469,0
smt_31646,0.26023659624338463,327.6,0.07943730044059359,0.03781260253676624,0
smt_29533,0.12998972377384269,163.8,0.07935880572273668,0.03799730096334088,0
smt_31645,0.2597780787932759,327.6,0.07929733784898532,0.03780855848450171,0
smt_41331,0.19041336022372038,240.45,0.07919041805935553,0.0384489112880329,0
smt_31644,0.25939675343207264,327.6,0.07918093816607834,0.03781403956816069,0
smt_40185,0.25929460414388056,327.6,0.0791497570646766,0.0787618016664194,0
smt_31643,0.25905514816548353,327.6,0.0790766630541769,0.037827689155703934,0
smt_31642,0.25872268187973246,327.6,0.07897517761896596,0.03784179686299702,0
smt_31641,0.25843377336749973,327.6,0.07888698820741749,0.037842981872046655,0
smt_31640,0.258280800873303,327.6,0.07884029330686905,0.037881866122661756,0
smt_31639,0.25797022211049797,327.6,0.07874548904471854,0.03791112160591789,0
smt_40184,0.2578029969808829,327.6,0.07869444352285802,0.07830871952652518,0
smt_31638,0.25768163105189984,327.6,0.07865739653598897,0.03795079833924661,0
smt_21114,0.1288058118765218,163.8,0.07863602678664333,0.043473538965358584,0
smt_16769,0.12872837269084175,163.8,0.078588750116509,0.03729087458167571,0
smt_31637,0.2573776469231813,327.6,0.07856460528790639,0.03799950520011545,0
smt_31636,0.2570588842810725,327.6,0.07846730289410027,0.03805259524278926,0
smt_14487,0.12846485189111123,163.8,0.07842787050739392,0.04370831186507743,0
smt_31635,0.25674994156690206,327.6,0.07837299803629488,0.0381037860394332,0
smt_31634,0.2564798035041542,327.6,0.07829053831018139,0.03813736531952605,0
smt_14971,0.1281959677254002,163.8,0.07826371656007339,0.04399773963422917,0
smt_40183,0.2563746119315653,327.6,0.07825842855053886,0.0778748413147134,0
smt_16079,0.12791198709424706,163.8,0.07809034621138404,0.04423311595102788,0
smt_14915,0.12769871850354722,163.8,0.07796014560656118,0.04422054470996001,0
smt_17533,0.1276984146973145,163.8,0.07795996013267063,0.03677605035500602,0
smt_14886,0.12769742839983822,163.8,0.07795935799745923,0.04462098117923685,0
smt_40182,0.25491421115367235,327.6,0.07781264076729924,0.07743123826085851,0
smt_40181,0.2534689783009145,327.6,0.07737148299783715,0.07699224250675629,0
smt_6506,0.1469840330511482,190.05,0.07733966485195906,0.036933230464172837,0
smt_40180,0.2520295114384681,327.6,0.07693208529867768,0.076554998195034,0
smt_40179,0.25061635437517554,327.6,0.076500718673741,0.07612574562148718,0
smt_14873,0.12490341909311478,163.8,0.07625361360996018,0.04090589284748586,0
smt_40178,0.24954078798370788,327.6,0.07617240170442853,0.07579903764543622,0
smt_26352,0.12434909932668418,163.8,0.07591520105414175,0.04073152421667059,0
smt_40177,0.2480770065021033,327.6,0.07572558196034898,0.07535440765497828,0
smt_14768,0.12396754344408704,163.8,0.0756822609548761,0.04064135168853217,0
smt_40176,0.2475380174421041,327.6,0.07556105538525765,0.07519068741352945,0
smt_14299,0.12328073158204031,163.8,0.0752629618937975,0.04053593552421133,0
smt_40175,0.24628891918073928,327.6,0.07517976775968842,0.07481126835057801,0
smt_14265,0.12271138600305104,163.8,0.07491537607023872,0.04050693865509262,0
smt_40174,0.24466903391795383,327.6,0.0746852972887527,0.07431922116448919,0
smt_13722,0.1222191554927121,163.8,0.07461486904316977,0.04051284505999594,0
smt_40173,0.24335121216096436,327.6,0.07428303179516617,0.0739189270809069,0
smt_40172,0.24192495802633024,327.6,0.07384766728520459,0.07348569616601495,0
smt_40171,0.24089179584380435,327.6,0.07353229421361548,0.07317186865262901,0
smt_40143,0.21038299016056877,286.65,0.07339368224684067,0.07303395222634006,0
smt_40170,0.2394749825836176,327.6,0.0730998115334608,0.07274150544842177,0
smt_40142,0.20929407404087855,286.65,0.07301380570063791,0.0726559372897773,0
smt_40157,0.2092278215464543,286.65,0.07299069302161323,0.07263293686185802,0
smt_40158,0.20919838003143656,286.65,0.07298042212853187,0.07262271684547313,0
smt_215,0.11906584866390774,163.8,0.07268977329908896,0.035181885456138685,0
smt_40169,0.23810362632868448,327.6,0.07268120461803555,0.07232495000590912,0
smt_40141,0.2079246507429105,286.65,0.07253607212381319,0.07218054456846709,0
smt_214,0.11852363378138962,163.8,0.07235875078228914,0.03487422769128922,0
smt_40168,0.236700438145301,327.6,0.07225288099673412,0.07189872546770837,0
smt_40140,0.20710593059075266,286.65,0.07225045546511519,0.07189632765767494,0
smt_40139,0.20625080869912274,286.65,0.0719521397868909,0.07159947402532692,0
smt_40167,0.23524818744497908,327.6,0.0718095810271609,0.07145759800271508,0
smt_40166,0.2340725507141499,327.6,0.07145071755621181,0.0711004932072646,0
smt_40138,0.20479751475222013,286.65,0.07144514730585039,0.07109496627463896,0
smt_40165,0.23261512682354027,327.6,0.07100583846872413,0.07065779434205144,0
smt_40137,0.20340119731969403,286.65,0.07095803150870192,0.07061023776834573,0
smt_40164,0.23188303116246317,327.6,0.07078236604470792,0.07043541709060576,0
smt_40163,0.23107105033882225,327.6,0.07053450865043413,0.07018877434309086,0
smt_40136,0.20198852133302772,286.65,0.07046520890738801,0.07011983042329951,0
smt_30228,0.11507483291170764,163.8,0.07025325574585325,0.03402735067640169,0
smt_40162,0.2301219228493296,327.6,0.07024478719454505,0.06990047272666881,0
smt_40135,0.20124090702261044,286.65,0.07020439805428587,0.06986029774216289,0
smt_40161,0.2286960789468856,327.6,0.06980954790808473,0.06946736641407186,0
smt_39049,0.11419128816593577,163.8,0.06971385113915492,0.034276066201825654,0
smt_40160,0.22728662343718906,327.6,0.06937931118351313,0.06903923817764308,0
smt_40131,0.19773822435889202,286.65,0.06898246096594873,0.06864434919361313,0
smt_40159,0.2259076539540194,327.6,0.06895838032784475,0.06862037012713278,0
smt_40156,0.22450277944909353,327.6,0.06852954195637775,0.06819363336653313,0
smt_40130,0.19631324824413918,286.65,0.06848534737280279,0.06814967190216846,0
smt_40155,0.2230732204881982,327.6,0.06809316864719114,0.06775939854740128,0
smt_40129,0.19477280996811766,286.65,0.06794795393968871,0.06761491214024584,0
smt_40128,0.19406948269074994,286.65,0.06770259294985173,0.06737075365734506,0
smt_14515,0.11082332944499737,163.8,0.06765771028388118,0.03281810291607792,0
rbt_633672,0.06106068266327754,90.3,0.06761980361381788,0.0317713903846139,0
smt_40154,0.22128252020748673,327.6,0.06754655683989215,0.06721548743114994,0
smt_14514,0.11035562663316338,163.8,0.06737217743172368,0.032551168206757734,0
smt_40127,0.192625219868624,286.65,0.06719875104434817,0.06686938099392192,0
smt_40153,0.22002105761960675,327.6,0.06716149499987996,0.06683231276145228,0
smt_14458,0.10956967430138205,163.8,0.06689235305334679,0.032131080637200805,0
smt_40126,0.19154760895711567,286.65,0.06682281840471505,0.06649529071656587,0
smt_40152,0.21872267246967705,327.6,0.06676516253653146,0.06643792267631908,0
smt_14457,0.10899510421662481,163.8,0.0665415776658271,0.031850422538719406,0
smt_40125,0.19028852313289082,286.65,0.06638357688222252,0.06605820184145224,0
smt_40851,0.10831982648756691,163.8,0.06612932019997979,0.03213080122861613,0
smt_40124,0.18931787579049741,286.65,0.06604495928501568,0.06572124374691622,0
smt_40123,0.1884923189546975,286.65,0.06575695759801065,0.06543465353636758,0
smt_40122,0.18713504181568177,286.65,0.065283461299732,0.06496347776170337,0
smt_40146,0.21324807553739164,327.6,0.06509404015182894,0.06477499026408325,0
smt_40145,0.21224362554012954,327.6,0.06478743148355602,0.06446988425140436,0
smt_40121,0.18570359023461538,286.65,0.06478408869165024,0.06446655250626583,0
smt_16495,0.10600744112671079,163.8,0.06471760752546446,0.045958546058057,0
smt_40144,0.21124388597152957,327.6,0.06448226067507008,0.06416620902267563,0
smt_16794,0.10538234894166931,163.8,0.06433598836487747,0.044921870748335195,0
smt_40120,0.18431813810182598,286.65,0.06430076333571463,0.06398559588015322,0
smt_40119,0.18294315605051237,286.65,0.06382109054614071,0.06350827386206649,0
smt_28874,0.10418042391519794,163.8,0.06360221240244074,0.03103198846441754,0
smt_40118,0.18150166750764163,286.65,0.06331821646873945,0.06300786426057968,0
smt_40117,0.18011314443746343,286.65,0.06283381979328918,0.06252584148109384,0
smt_40116,0.17870984067024284,286.65,0.06234426676094291,0.06203868764245036,0
smt_40115,0.17780966949962415,286.65,0.06203023530424705,0.061726195208640415,0
smt_26827,0.10123123115470291,163.8,0.06180172842167454,0.03324429877684467,0
smt_40114,0.17626604398533077,286.65,0.061491729979183944,0.061190328998886136,0
smt_40113,0.17477364506937357,286.65,0.06097109543672548,0.06067224598616,0
smt_40110,0.1739572782269032,286.65,0.06068629974774227,0.060388845944673954,0
smt_40111,0.17389678598826763,286.65,0.06066519657710366,0.0603678465431381,0
smt_40112,0.1738624810962519,286.65,0.06065322905852152,0.0603559371909743,0
smt_6458,0.09889456484395176,163.8,0.06037519221242475,0.04445090826780771,0
smt_40109,0.17230169250139185,286.65,0.06010873626422183,0.059814112819348536,0
smt_6542,0.09806439192662582,163.8,0.0598683711395762,0.04323859458188902,0
smt_40108,0.17078307565330936,286.65,0.05957895539972419,0.05928692830865456,0
smt_6548,0.09745636207658293,163.8,0.05949716854492242,0.042296721654236584,0
sbt_3829,0.09719241073273298,163.8,0.05933602608835957,0.02787734149973538,0
smt_6358,0.09704575443397294,163.8,0.0592464923284328,0.04162835084024107,0
smt_40107,0.16933501185375663,286.65,0.05907378749476945,0.05878423614412834,0
smt_2192,0.09620319882871298,163.8,0.05873211161704088,0.02861409200205331,0
smt_40106,0.16778372140245834,286.65,0.05853260819900868,0.05824570906027272,0
smt_30140,0.09581543004589874,163.8,0.058495378538399714,0.02884935390065188,0
smt_30139,0.09526759390694059,163.8,0.05816092424111147,0.02854697604700189,0
smt_40105,0.1663170878818296,286.65,0.058020962107737536,0.05773657043332165,0
smt_16523,0.09485345879699845,163.8,0.05790809450366205,0.041508944228301654,0
smt_5338,0.09483599996471448,163.8,0.05789743587589406,0.04033897690551235,0
smt_30138,0.09473696489225984,163.8,0.05783697490369953,0.028273858974076777,0
smt_5556,0.09453656688255611,163.8,0.0577146317964323,0.0398144432182238,0
smt_17176,0.09441862276547802,163.8,0.05764262684095117,0.040816786399360275,0
smt_40104,0.16490132808267996,286.65,0.05752706369533577,0.05724509250331861,0
smt_19378,0.09415170729728005,163.8,0.05747967478466425,0.03910670227766919,0
smt_2495,0.0941282807485133,163.8,0.057465372862340235,0.027988914269467105,0
smt_20864,0.09394511287739851,163.8,0.057353548765200546,0.02765956651309757,0
smt_17177,0.09389933189352809,163.8,0.05732559944659833,0.03994655108025033,0
smt_22864,0.09380404813013522,163.8,0.0572674286508762,0.038427315904292846,0
smt_1307,0.09354421782455526,163.8,0.057108802090693064,0.03931788647562561,0
smt_30137,0.0935412659091556,163.8,0.05710699994453943,0.027748376746404485,0
smt_19376,0.09347845915845066,163.8,0.05706865638489051,0.03774672077365763,0
smt_40103,0.16346505311665127,286.65,0.05702600841327448,0.05674649275263143,0
smt_1308,0.09322994281826995,163.8,0.056916937007490814,0.03873339474858827,0
smt_4911,0.09315741966573492,163.8,0.05687266157859274,0.03701971044036149,0
smt_18750,0.09304997401457654,163.8,0.05680706594296492,0.0383845374396843,0
smt_30136,0.09298900701559801,163.8,0.05676984555286813,0.02756101073363545,0
smt_6259,0.09294935895399364,163.8,0.0567456403870535,0.028038214908226267,0
smt_22949,0.09289523596317162,163.8,0.056712598268114534,0.03636910599297039,0
smt_8702,0.09283877750518205,163.8,0.05667813034504399,0.02704822537683245,0
smt_5633,0.09272177755638156,163.8,0.05660670180487274,0.029702095499384167,0
smt_1390,0.09267836481704712,163.8,0.056580198301005566,0.0376240895602286,0
smt_29486,0.09267458341714621,163.8,0.05657788975405752,0.03576480599201528,0
smt_40102,0.16204413166486345,286.65,0.056530309319680255,0.05625322295776048,0
smt_29385,0.0925078723300344,163.8,0.05647611253359853,0.030129280965853374,0
smt_29413,0.09246971967053919,163.8,0.05645282031168448,0.03513422880434033,0
smt_30135,0.0924627423908319,163.8,0.05644856067816355,0.02743347639953371,0
smt_29432,0.0699084128476821,123.9,0.056423254921454474,0.02757833584373011,0
smt_18798,0.09233304745116415,163.8,0.056369381838317544,0.03465600558334234,0
smt_5893,0.09228234261118859,163.8,0.05633842650255714,0.030385569264312576,0
smt_8486,0.09222714959522364,163.8,0.05630473113261516,0.02674943982528889,0
smt_5404,0.09219112903598484,163.8,0.0562827405592093,0.03407711716260108,0
smt_5251,0.09218093496134054,163.8,0.05627651707041547,0.03076857053018439,0
smt_1391,0.0921806367782679,163.8,0.056276335029467585,0.036489825149864374,0
smt_5196,0.09209516651970584,163.8,0.056224155384435794,0.03359914830779346,0
smt_22901,0.09207349047679199,163.8,0.05621092214700365,0.03118154143946417,0
smt_29540,0.09202412161247457,163.8,0.056180782425198146,0.027540217221493347,0
smt_29414,0.09201317120069559,163.8,0.056174097192121845,0.03306546592113448,0
smt_5319,0.09199771609017515,163.8,0.056164661837713764,0.03163449347909027,0
smt_26186,0.09198112315333305,163.8,0.05615453183964166,0.02736656046551896,0
smt_19333,0.09196165245703189,163.8,0.056142644967662934,0.03254162709290543,0
smt_14226,0.09195776129899584,163.8,0.05614026941330637,0.03449770922896152,0
smt_29415,0.09195372706826084,163.8,0.056137806512979754,0.03210000902272451,0
smt_1611,0.09187608134190932,163.8,0.05609040374963939,0.03569485661418163,0
smt_40101,0.1606517956312878,286.65,0.05604458246338316,0.05576987652073556,0
smt_1632,0.09170553611898223,163.8,0.05598628578692443,0.03519630898371913,0
smt_30141,0.09160579121028288,163.8,0.055925391459269155,0.02729945365085742,0
smt_14227,0.091599066357283,163.8,0.0559212859324072,0.03382980808591101,0
smt_1633,0.09157455780775918,163.8,0.05590632344796042,0.03477467354691428,0
smt_1634,0.09147165638069316,163.8,0.05584350206391523,0.03440985763676716,0
smt_13383,0.09140083787714441,163.8,0.055800267324263984,0.03275952376087551,0
smt_1635,0.09132833838143863,163.8,0.055756006337874614,0.033824745714636804,0
smt_37833,0.0913132568646185,163.8,0.05574679906264865,0.027203596158889492,0
smt_14072,0.09123435877849687,163.8,0.05569863173290406,0.03229805237051312,0
smt_1636,0.09123097934808991,163.8,0.055696568588577466,0.03333619754392338,0
smt_1484,0.09116324609150883,163.8,0.055655217394083537,0.031245394471859266,0
smt_863,0.09114117210169975,163.8,0.0556417412098289,0.03272515168265952,0
smt_23069,0.09110871263432292,163.8,0.055621924685178833,0.03190341462281959,0
smt_864,0.09110757832033692,163.8,0.05562123218579787,0.03233384938402175,0
smt_40100,0.15924921925586336,286.65,0.055555283187114377,0.055282975173090575,0
smt_19021,0.09078521595092791,163.8,0.05542442976247125,0.027438772200321634,0
smt_40099,0.15773960612430357,286.65,0.05502864333657896,0.054758916262561214,0
smt_14963,0.08938012023483229,163.8,0.05456661796998308,0.049352065912083985,0
smt_40098,0.15624326356242862,286.65,0.05450663302369741,0.0542394641189845,0
smt_14821,0.08896972748610764,163.8,0.05431607294634165,0.03732474361881536,0
smt_14837,0.08896281173289586,163.8,0.05431185087478379,0.03731764296512232,0
smt_14223,0.08856947867872925,163.8,0.05407172080508501,0.04855507327903403,0
smt_14638,0.08853643111957576,163.8,0.054051545250046254,0.03684896766748354,0
smt_40097,0.15480893570717166,286.65,0.054006257005816044,0.053741540371838516,0
smt_14668,0.08831273116675202,163.8,0.05391497629227839,0.03659486755668864,0
smt_31369,0.08815112974595858,163.8,0.05381631852622624,0.030997910293315053,0
smt_15144,0.08812882723211977,163.8,0.05380270282791194,0.03637964676964769,0
smt_20937,0.08800490472977722,163.8,0.05372704806457705,0.03622995204334399,0
smt_14259,0.08788968060860873,163.8,0.0536567036682593,0.03608565835580417,0
smt_14266,0.0877979870282766,163.8,0.05360072468148754,0.04778212629907963,0
smt_14879,0.08770773686804033,163.8,0.05354562690356552,0.035837517204551354,0
smt_14911,0.08765836925695393,163.8,0.053515487946858314,0.035758936385009925,0
smt_15190,0.08765639015350606,163.8,0.053514279702995146,0.035614872483661214,0
smt_20939,0.08762957658876168,163.8,0.05349791000534901,0.0356185138063951,0
smt_40096,0.15334922955657135,286.65,0.053497027579477184,0.053234806536560736,0
smt_20938,0.08762352666403453,163.8,0.0534942165226096,0.035691446394890046,0
smt_14219,0.08761503581269002,163.8,0.053489032852680106,0.03564529849210978,0
smt_14300,0.08684689366445814,163.8,0.053020081602233295,0.04680756773339675,0
smt_13372,0.08679114013219007,163.8,0.05298604403674607,0.025613695907233062,0
smt_40095,0.15181470987603912,286.65,0.052961698892739974,0.05270210136889481,0
smt_6896,0.08614137468150503,163.8,0.05258936183242065,0.025733223399211816,0
smt_14769,0.08595755681445053,163.8,0.052477140912362955,0.04587179259188944,0
smt_40094,0.1503308911401609,286.65,0.05244405761038232,0.05218699689048023,0
smt_6593,0.08536456121136238,163.8,0.05211511673465346,0.02530672497657627,0
smt_40093,0.148885759537543,286.65,0.05193991262429548,0.05168532253964325,0
smt_29424,0.08477950695658464,163.8,0.051757940754935665,0.025018706885372884,0
smt_32891,0.08459200881953009,163.8,0.05164347302779614,0.026119327583341043,0
smt_40092,0.1473933258309058,286.65,0.051419265944847664,0.05116722742432634,0
smt_32890,0.08411426892785764,163.8,0.05135181253226963,0.025862950328516977,0
smt_6742,0.08404618807624802,163.8,0.05131024913079854,0.024708826742973658,0
smt_31368,0.08375721840844647,163.8,0.051133832972189534,0.02774856845030657,0
smt_32889,0.08362908143680572,163.8,0.05105560527277517,0.025621179306959747,0
smt_40091,0.14589136644196155,286.65,0.05089529615976333,0.05064582544757342,0
smt_6451,0.08335912445536557,163.8,0.05089079637079705,0.024494691132148933,0
smt_36916,0.08307443009841706,163.8,0.05071699029207391,0.025372121047362108,0
smt_6081,0.08273128275638666,163.8,0.050507498630272686,0.024460732557252823,0
smt_32888,0.082679971775051,163.8,0.05047617324484188,0.02521601478024681,0
smt_40090,0.14443140282273725,286.65,0.05038597691356611,0.050139002198170295,0
smt_18743,0.08216606891943068,163.8,0.05016243523774767,0.024586895917447994,0
smt_8006,0.08209414358363308,163.8,0.05011852477633277,0.024608234348474964,0
smt_6075,0.08191426663930307,163.8,0.050008709792004315,0.02454596271364159,0
smt_40089,0.14297061693268487,286.65,0.049876370812030314,0.04963189353681665,0
sbt_20803,0.08168321277918023,163.8,0.04986765126934079,0.023441415520002475,0
sbt_20802,0.08168171380873496,163.8,0.049866736146968835,0.02344048971648943,0
sbt_3972,0.08168013747476804,163.8,0.04986577379411969,0.02343951638286587,0
sbt_3970,0.08167797363841316,163.8,0.049864452770704,0.02343818070565255,0
sbt_4564,0.0816761032819847,163.8,0.049863310916962576,0.023437026576732686,0
sbt_21105,0.08167487472715712,163.8,0.0498625608834903,0.023436267932399116,0
smt_6714,0.08165120549269504,163.8,0.04984811080140112,0.024301378250203634,0
smt_8005,0.08151552633740783,163.8,0.04976527859426607,0.024285360510321416,0
smt_9866,0.08125930773187601,163.8,0.04960885697916728,0.024464141891988412,0
smt_6646,0.0810167100236345,163.8,0.049460750930179785,0.023979687629881726,0
smt_40866,0.08099963220027734,163.8,0.04945032490859422,0.024341296136822482,0
smt_40849,0.08099498085830345,163.8,0.04944748526147951,0.02433187631403763,0
smt_19280,0.08096627004403874,163.8,0.04942995729184294,0.024263870626886206,0
smt_5279,0.08093590437611448,163.8,0.04941141903303691,0.023893743513505445,0
smt_19324,0.0809036405018647,163.8,0.049391721918110316,0.024094934203071055,0
smt_40088,0.14154555898844426,286.65,0.04937922867205451,0.04913718773370573,0
smt_5375,0.08088118159222854,163.8,0.04937801074006626,0.023974863170556162,0
smt_6760,0.08079447781309312,163.8,0.04932507802997138,0.036801716126797605,0
smt_7936,0.08078191352605943,163.8,0.049317407525066796,0.02391629246926902,0
smt_29442,0.08077576233340512,163.8,0.049313652218196044,0.03677620888495504,0
smt_31650,0.0805982774171243,163.8,0.04920529756845195,0.02931002449741282,0
smt_39669,0.08057618593088771,163.8,0.04919181070261765,0.02946269477280881,0
smt_19217,0.0803000607278025,163.8,0.04902323609755953,0.03611553226804795,0
smt_40087,0.1401073234367732,286.65,0.04887748942500374,0.04863790733319224,0
smt_31651,0.07991826158290413,163.8,0.048790147486510456,0.029509338963609886,0
smt_19222,0.07976745821655201,163.8,0.04869808193928694,0.0353439356372872,0
smt_31652,0.07956070536939251,163.8,0.04857185919987332,0.029567838651890273,0
smt_7079,0.07922750086992954,163.8,0.048368437649529625,0.03451979599426225,0
smt_40086,0.13861588692741827,286.65,0.04835719062529855,0.048120158326350776,0
smt_6369,0.07868435908826955,163.8,0.048036849260237824,0.03363676330110394,0
smt_40085,0.13709005143596995,286.65,0.04782489148298272,0.0475904678035837,0
smt_6372,0.07827780354368269,163.8,0.04778864685206513,0.03292981125921262,0
smt_22846,0.07796896928018324,163.8,0.04760010334565521,0.032358648263549915,0
smt_22847,0.07762435332874146,163.8,0.047389715096911755,0.03167582729189062,0
smt_40084,0.1355912497176279,286.65,0.04730202327494432,0.04707016196297071,0
smt_6222,0.0773250832042467,163.8,0.04720701050320311,0.031030564057299332,0
smt_6258,0.07705160690139132,163.8,0.04704005305335245,0.03038032303902013,0
smt_6040,0.07682080313097617,163.8,0.04689914721060816,0.029764034220228972,0
smt_6415,0.07680750903895363,163.8,0.04689103115931234,0.02495456203856843,0
smt_6475,0.07676651727737219,163.8,0.04686600566384138,0.02303967908845188,0
smt_40083,0.13409807771385066,286.65,0.04678111903500808,0.0465518104870263,0
smt_29467,0.07661592937563902,163.8,0.04677407165789928,0.025273683376367803,0
smt_6322,0.07659847319881143,163.8,0.046763414651289026,0.029073399520974093,0
smt_19279,0.07645819641579683,163.8,0.04667777558961955,0.02563421061638231,0
smt_29443,0.0764437424925241,163.8,0.046668951460637424,0.02848838550235004,0
smt_29423,0.07633956552346949,163.8,0.04660535135742948,0.026029152583124267,0
smt_19275,0.07632987916913063,163.8,0.04659943783219208,0.027936748798706168,0
smt_32217,0.07631042951082287,163.8,0.046587563803921164,0.03183662810769716,0
smt_6268,0.07626054725313623,163.8,0.04655711065515032,0.026449908166941847,0
smt_6209,0.07625469939756908,163.8,0.04655354053575646,0.02741240418700185,0
smt_6142,0.07622057380465486,163.8,0.04653270684044863,0.026909996879629444,0
smt_40082,0.1327036258816395,286.65,0.04629465406650603,0.046067729469674995,0
smt_32218,0.07553517325373546,163.8,0.04611426938567488,0.031107831548047773,0
smt_6167,0.07541465404905451,163.8,0.04604069233764011,0.022349094301754146,0
smt_40081,0.13149609801685103,286.65,0.04587339892442039,0.04564853875540089,0
smt_32219,0.07474950613293192,163.8,0.04563461912877406,0.030356791816802,0
smt_40080,0.13027713090036788,286.65,0.04544815311368146,0.045225376934633764,0
smt_6109,0.07429878508465224,163.8,0.04535945365363384,0.02196575864701057,0
smt_32220,0.0738465829591421,163.8,0.04508338397994023,0.029476563485868485,0
smt_40079,0.12887622833595153,286.65,0.04495943775892257,0.04473905655633146,0
smt_6038,0.07347076064593924,163.8,0.04485394422829014,0.021947549424667492,0
rbt_625625,0.040386738795382494,90.3,0.044725070648264115,0.021011963702606325,0
smt_40078,0.12750879073705207,286.65,0.04448239690809422,0.044264353467636235,0
smt_32221,0.0728484656579817,163.8,0.04447403275823058,0.028479644488731443,0
smt_6219,0.07269576372093373,163.8,0.04438080813243817,0.02233446653164325,0
smt_40077,0.1263973148141266,286.65,0.04409465020552124,0.04387850692061953,0
smt_32222,0.07211955026785032,163.8,0.044029029467552085,0.027733719880529403,0
smt_6218,0.07181114719332647,163.8,0.04384074920227501,0.02223692877132109,0
smt_40076,0.12492700901772447,286.65,0.0435817230133349,0.04336809337293668,0
smt_32223,0.07134608919421236,163.8,0.04355683100989765,0.026923524904303168,0
smt_37832,0.07082850320332196,163.8,0.0432408444464725,0.02134757882146053,0
smt_40075,0.12346060614957335,286.65,0.04307015738690855,0.04285903469454267,0
smt_37836,0.07043342662500963,163.8,0.04299964995421833,0.021128494009867608,0
smt_14696,0.07003200025048423,163.8,0.04275457890749953,0.02193694142194075,0
smt_26482,0.06995324077078427,163.8,0.04270649619705999,0.03265849513886325,0
smt_40073,0.12236198574358129,286.65,0.04268689542772765,0.04247765092061506,0
smt_14695,0.06972192973837697,163.8,0.04256528067055981,0.02184087780468286,0
smt_26516,0.06960895020655307,163.8,0.042496306597407246,0.03193252289708585,0
smt_13499,0.06935328160352351,163.8,0.042340220759171855,0.03132962426459577,0
smt_40072,0.12135855144068824,286.65,0.04233683985371996,0.04212931079807833,0
smt_14577,0.0692657904199076,163.8,0.04228680733816093,0.021754492155661987,0
smt_13593,0.06918776129209644,163.8,0.04223917050799538,0.030895806219124036,0
smt_32224,0.06890989774374102,163.8,0.042069534642088534,0.02268199031306865,0
smt_14652,0.06881064250486471,163.8,0.042008939258159156,0.021716937002341462,0
smt_13653,0.06879436777757113,163.8,0.0419990035272107,0.029585341770739765,0
smt_32225,0.06862539884062954,163.8,0.04189584788805222,0.02230631382834651,0
smt_14552,0.06849574213216861,163.8,0.041816692388381316,0.02176675203091538,0
smt_9123,0.06842208741885955,163.8,0.041771726140939894,0.02077660377024203,0
smt_13336,0.06838691927779829,163.8,0.04175025596935182,0.02886483569676948,0
smt_40071,0.11965737627668997,286.65,0.04174337215304028,0.041538751361849306,0
smt_9037,0.06820715959442762,163.8,0.04164051257291063,0.020664273454846425,0
smt_1830,0.06820118183290175,163.8,0.041636863145849655,0.02402652353603649,0
smt_14930,0.06812829489326151,163.8,0.041592365624701776,0.02184043422401176,0
smt_13298,0.06802971922413686,163.8,0.04153218511852067,0.028177648709403227,0
smt_8980,0.06800120970492009,163.8,0.04151478003963375,0.020582979005471045,0
smt_14496,0.06784275998428602,163.8,0.041418046388453,0.021984991114568874,0
smt_8737,0.06777482973674999,163.8,0.0413765749308608,0.020569512345342874,0
smt_13300,0.06767253628850048,163.8,0.041314124718254255,0.027414412694258778,0
smt_8798,0.06759283966439895,163.8,0.041265469880585444,0.02054319183725598,0
smt_40070,0.11826048495003916,286.65,0.04125605614862696,0.04105382348448953,0
smt_14461,0.0675671822275712,163.8,0.041249805999738216,0.022234765816674853,0
smt_13394,0.06741187127408543,163.8,0.04115498856781772,0.026782765295036957,0
smt_6907,0.06733844510024152,163.8,0.04111016184385929,0.02037502864914463,0
smt_14820,0.06728229672020196,163.8,0.04107588322356651,0.022539520341979997,0
smt_13431,0.06718639273381444,163.8,0.04101733378132749,0.026149903870243327,0
smt_14332,0.06706530777836381,163.8,0.04094341134210244,0.022884748932879312,0
smt_13433,0.06698731538808045,163.8,0.040895796940220046,0.025460618242621438,0
smt_14347,0.06691552458769298,163.8,0.040851968612755175,0.023253330190963668,0
smt_7029,0.06688576279333457,163.8,0.04083379901912977,0.02012795587136926,0
smt_16689,0.06688024887318667,163.8,0.04083043276751322,0.024971860608536168,0
smt_13447,0.06687500925013519,163.8,0.040827233974441504,0.024943488873126602,0
smt_13261,0.06682406649564727,163.8,0.04079613339172605,0.023762106169071883,0
smt_13753,0.06682218930029143,163.8,0.04079498736281528,0.02461009417656408,0
smt_19168,0.13358072653963668,327.6,0.040775557551781645,0.019668518905616963,0
smt_13737,0.06678260719713959,163.8,0.040770822464676185,0.024214534304987486,0
smt_40069,0.11672716314223901,286.65,0.04072114534876645,0.04052153401553812,0
smt_27625,0.06642840635348211,163.8,0.04055458263338346,0.02145435592645016,0
smt_29469,0.06634192206008331,163.8,0.040501783919464775,0.0198592267812108,0
smt_40068,0.1153958276168594,286.65,0.04025669897675194,0.0400593636016686,0
smt_19278,0.06577340083632079,163.8,0.0401547013652752,0.019619511261784395,0
smt_6611,0.06525031589664829,163.8,0.03983535769026147,0.019453055236100695,0
smt_40067,0.11386078627763854,286.65,0.03972118830547307,0.039526477170067784,0
smt_29468,0.06475980322510252,163.8,0.03953589940482449,0.019381557284292653,0
smt_40074,0.11303523348076233,286.65,0.039433188027476834,0.039239888236290855,0
smt_19323,0.06431146810492891,163.8,0.03926219054024964,0.019389558176910886,0
smt_40066,0.11235575903029874,286.65,0.03919614827500392,0.03900401008922509,0
smt_6409,0.06391509348856826,163.8,0.03902020359497452,0.019464806433233246,0
smt_40065,0.11101965249868133,286.65,0.038730037501720334,0.038540183432220605,0
smt_40064,0.10966138398513645,286.65,0.038256195355010104,0.03806866329816504,0
smt_40063,0.10836439950572993,286.65,0.03780373260273154,0.03761841780336008,0
smt_40062,0.10700875604285928,286.65,0.03733080622461513,0.037147808901828006,0
smt_40061,0.10604775231674277,286.65,0.03699555287519371,0.03681419842642919,0
smt_40060,0.10466674004335284,286.65,0.036513776397471776,0.03633478281658724,0
smt_15275,0.05974908740731802,163.8,0.03647685433902199,0.018871163119477622,0
smt_26431,0.059652332946144804,163.8,0.03641778568140708,0.018679170323968406,0
smt_15229,0.05957486006344593,163.8,0.03637048843922217,0.018500194174831668,0
smt_15067,0.059559631102910494,163.8,0.036361191149518,0.01833531608093759,0
smt_26432,0.05954565659389367,163.8,0.03635265970323179,0.01841115511842439,0
smt_40059,0.1036615545620755,286.65,0.0361631099117654,0.035985834709272926,0
smt_40058,0.10224720621432017,286.65,0.03566970389475673,0.03549484652113758,0
smt_40057,0.10096451638777143,286.65,0.03522222793921906,0.03504956331229522,0
smt_21163,0.05739955888376012,163.8,0.03504246574100129,0.017883731575542273,0
smt_40056,0.09975646982393459,286.65,0.03480079184508446,0.03463019236897024,0
smt_14449,0.05681944416027862,163.8,0.034688305348155445,0.017583299400884513,0
smt_40055,0.09843230468022025,286.65,0.03433884691443233,0.034170511064594476,0
smt_40054,0.09703861115900128,286.65,0.03385264648840094,0.03368669312093054,0
smt_16982,0.055322792185878066,163.8,0.03377459840407696,0.01693210445862968,0
smt_40053,0.09564037482580032,286.65,0.033364861268376185,0.03320129813933737,0
smt_14543,0.06333028953096778,190.05,0.03332296213152738,0.016284249380415255,0
smt_17172,0.05426509380551101,163.8,0.03312887289713737,0.016407562903689665,0
smt_14519,0.06252815887835311,190.05,0.03290089917303505,0.01591883876442714,0
smt_40052,0.09425601230285728,286.65,0.03288191603099853,0.03272071939509959,0
smt_17171,0.053702870147047624,163.8,0.032785635010407585,0.016204437864684514,0
smt_14387,0.06191234829173673,190.05,0.032576873607859366,0.01567730779913649,0
smt_16772,0.053166347943464115,163.8,0.03245808787757272,0.016106154921227977,0
smt_40051,0.0928867411414703,286.65,0.03240423552815989,0.03224537957696631,0
smt_4162,0.06994942658028552,216.3,0.032339078400501854,0.015988897466540957,0
smt_14828,0.061399457261848,190.05,0.032307001979399105,0.015509497980035912,0
smt_16735,0.05277219084727479,163.8,0.03221745472971598,0.01613350033316355,0
smt_14254,0.060839403470402245,190.05,0.03201231437537608,0.015380421418811215,0
smt_40050,0.09167580430114246,286.65,0.03198179113941827,0.031825005192468704,0
smt_1261,0.052350360939902536,163.8,0.03195992731373781,0.01623001064566214,0
smt_16748,0.05199756439523553,163.8,0.031744544807836096,0.016436726789325107,0
smt_16747,0.05167613858463957,163.8,0.03154831415423661,0.016694829489614486,0
smt_40049,0.0902662201583967,286.65,0.03149004715101926,0.03133567083150676,0
smt_38720,0.05151993624479236,163.8,0.03145295253039826,0.016196335393586173,0
smt_21158,0.05144397721669834,163.8,0.031406579497373834,0.017354643250163684,0
smt_32230,0.051301782791644684,163.8,0.031319769714068794,0.015385183829537921,0
smt_6332,0.05127479333050741,163.8,0.031303292631567406,0.01545529642535011,0
smt_27961,0.050905995549605156,163.8,0.03107814136117531,0.020960446908808935,0
smt_40048,0.0888637660137345,286.65,0.03100079051586761,0.03084881156918709,0
smt_27960,0.0507169790197562,163.8,0.030962746654307812,0.020886632585002448,0
smt_15981,0.05064803768485209,163.8,0.030920657927260127,0.015586688481199332,0
smt_38719,0.05060537424635291,163.8,0.030894611872010324,0.015753467087490477,0
smt_27959,0.05044508297933147,163.8,0.030796753955635817,0.020796346798490496,0
smt_38718,0.05017836879721977,163.8,0.030633924784627453,0.01559966755914659,0
smt_27958,0.050110308332865054,163.8,0.030592373829587946,0.020753961585510596,0
smt_40047,0.08741447192849051,286.65,0.030495193416532538,0.030345691937848404,0
smt_40379,0.049942576183617866,163.8,0.030489973250071956,0.015352909238295631,0
smt_27957,0.04975655847981334,163.8,0.03037640932833537,0.020788580254299017,0
smt_38721,0.049716982439302504,163.8,0.030352248131442307,0.015482034709374494,0
smt_27956,0.04946674627541175,163.8,0.030199478800617675,0.02090694458334709,0
smt_40046,0.08654048733253261,286.65,0.030190297342589437,0.03004228981608274,0
smt_27951,0.049442597939859965,163.8,0.030184736227020732,0.02216055466883275,0
smt_27952,0.049296724790597705,163.8,0.030095680580340477,0.021796082525622668,0
smt_27955,0.049286419631161246,163.8,0.030089389274213212,0.02102503904120792,0
smt_27954,0.04921911463030269,163.8,0.030048299530099323,0.0212523490147673,0
smt_27953,0.049212169932880946,163.8,0.030044059788083607,0.02147895538637482,0
smt_40045,0.08503984093603396,286.65,0.029666785604756316,0.029521343284295464,0
smt_34422,0.048258262626460276,163.8,0.029461698795152792,0.014447321924497464,0
smt_37992,0.04815390892710259,163.8,0.02939799079798693,0.01484980505973559,0
smt_40044,0.0841811775727406,286.65,0.029367234457610535,0.029223259884591835,0
rbt_622722,0.02648575268312625,90.3,0.029330844610328078,0.013794113800326377,0
smt_6950,0.04791594858332074,163.8,0.02925271586283317,0.014349753914252002,0
smt_34421,0.04780812803272647,163.8,0.02918689135087086,0.014202012970951715,0
smt_26067,0.04738617469816972,163.8,0.028929288582521192,0.017064327919793915,0
smt_6670,0.047370063135520134,163.8,0.0289194524636875,0.014267672300536221,0
smt_40043,0.0828205745897099,286.65,0.028892577913731,0.028750929082671562,0
smt_6937,0.047301696095125474,163.8,0.028877714343788444,0.01402244250823458,0
smt_34420,0.047261313531140506,163.8,0.02885306076382204,0.01394636845146751,0
smt_30849,0.04671319106372806,163.8,0.028518431662837643,0.01392426752656578,0
smt_37999,0.046697518136489695,163.8,0.02850886333119029,0.014217336406122558,0
smt_40040,0.08139793378744115,286.65,0.028396279011840626,0.02825706198052884,0
sbt_6793,0.06105681658195993,216.3,0.028227839381396176,0.013261986746187933,0
sbt_14323,0.06105443838029331,216.3,0.028226739889178596,0.013260881538512575,0
smt_6655,0.04615564504438089,163.8,0.028178049477644008,0.01369191848877977,0
smt_6515,0.03459922544591464,123.9,0.027925121425274126,0.014035747487971553,0
smt_40039,0.07969776764748693,286.65,0.027803163316758046,0.027666852417395794,0
smt_24362,0.04518451380346697,163.8,0.027585173262189844,0.014011625149382293,0
smt_40038,0.07822578845396676,286.65,0.02728965234745047,0.02715585750806729,0
smt_6230,0.03358100625259043,123.9,0.027103314166739653,0.01383618287738231,0
smt_40037,0.07681686595544798,286.65,0.026798139178596893,0.026666752598544636,0
smt_40036,0.07556091336934015,286.65,0.026359990709694806,0.02623075087208836,0
smt_40035,0.07431716884866248,286.65,0.02592610111587737,0.02579898719305794,0
smt_40034,0.07315561812400155,286.65,0.025520885443572842,0.025395756892639915,0
smt_28419,0.04155973265849492,163.8,0.025372242160253307,0.012987444803852511,0
smt_40033,0.07227764063584076,286.65,0.02521459641927116,0.02509096852508973,0
smt_28418,0.0412721049006334,163.8,0.02519664523848193,0.01283727318063912,0
smt_40032,0.07143218649996161,286.65,0.02491965341006859,0.024797470571239766,0
smt_40031,0.07015335572629092,286.65,0.02447352371403835,0.02435352669036404,0
smt_39005,0.04008704395444121,163.8,0.02447316480735116,0.012651735382220345,0
smt_36333,0.039615814690932304,163.8,0.024185479054293222,0.012407471746484768,0
smt_40030,0.06880406760176215,286.65,0.0240028144433149,0.02388512356251839,0
smt_36332,0.03885658012255991,163.8,0.02372196588678871,0.012045625413746618,0
smt_30850,0.05119699686577144,216.3,0.023669439142751474,0.011897008024928204,0
smt_40029,0.06772993377009143,286.65,0.02362809480903242,0.023512239823084053,0
rbt_605990,0.014599747616150793,61.95,0.023566985659646156,0.016755732207447246,0
smt_40020,0.05651488579435955,240.45,0.02350379945700127,0.023388533479234863,0
smt_36331,0.038375080242399724,163.8,0.023428009915994946,0.011908719487003219,0
smt_18745,0.05063472630643188,216.3,0.023409489739450704,0.011675426589604798,0
smt_40042,0.055736186789612334,240.45,0.023179948758416443,0.02306626916279105,0
smt_40028,0.06632151139580945,286.65,0.02313675611226564,0.023023308309577033,0
smt_40019,0.05494687556134785,240.45,0.02285168457531622,0.022739612963054493,0
smt_40027,0.06492947123680903,286.65,0.022651132474030715,0.02254006379837609,0
smt_40018,0.05407547529652532,240.45,0.022489280639020722,0.022378984143874726,0
smt_40026,0.06354967863169639,286.65,0.022169781486724716,0.022061070951246372,0
smt_37946,0.047630244838812105,216.3,0.022020455311517386,0.012359586490950267,0
smt_37872,0.04761695870648776,216.3,0.022014312855519073,0.012349671512744041,0
smt_37865,0.04738632933981064,216.3,0.02190768809052734,0.012177382505897056,0
smt_40017,0.052581310084452805,240.45,0.0218678769326067,0.02176068487407677,0
smt_40025,0.0626032593060037,286.65,0.02183961601465331,0.02173252301128832,0
smt_37866,0.047033140277858015,216.3,0.021744401422957933,0.011913140543046841,0
smt_37867,0.046616420428514105,216.3,0.021551743147718034,0.011602332150651313,0
smt_37868,0.04623464328278772,216.3,0.021375239612939308,0.01132157450004363,0
smt_40024,0.06110482767789391,286.65,0.02131687691536505,0.02121234477409703,0
smt_37869,0.04591113421476998,216.3,0.021225674625413766,0.011091047748313909,0
smt_37870,0.045636274214663354,216.3,0.021098601116349213,0.01090639633061886,0
smt_37871,0.045439606503255785,216.3,0.021007677532711874,0.010786625266648892,0
smt_40023,0.059693754895542156,286.65,0.020824613603887026,0.020722492925053602,0
smt_14719,0.03385601228687216,163.8,0.020669116170251623,0.010780007567137982,0
smt_40022,0.05827764195053917,286.65,0.020330591993908662,0.02023089139568258,0
smt_26343,0.03293139195306821,163.8,0.020104634891983032,0.010426854345572561,0
smt_40021,0.05712321462009102,286.65,0.019927861371041695,0.019830133551149574,0
smt_14143,0.03230784728875143,163.8,0.019723960493743243,0.010631289712941671,0
smt_28610,0.03120358324647272,163.8,0.019049806621778218,0.01001375635105557,0
smt_1485,0.030840484463419398,163.8,0.018828134593052135,0.018732910181086467,0
smt_28611,0.030672610904575875,163.8,0.018725647682891255,0.009764233809229602,0
smt_28612,0.030111930169526954,163.8,0.018383351751847958,0.009667032164726776,0
smt_28613,0.02971903281797176,163.8,0.018143487678859437,0.009772855630985419,0
smt_40016,0.05192540646972575,286.65,0.018114567057291385,0.01802577275637408,0
smt_40041,0.051512160538021066,286.65,0.01797040311809561,0.0178823151999172,0
smt_28614,0.02942183181729414,163.8,0.01796204628650436,0.010022166270324493,0
smt_17114,0.029381053524767404,163.8,0.017937151114021613,0.009112460336844841,0
smt_28615,0.029224258095698296,163.8,0.017841427408851217,0.010017403219098012,0
smt_1530,0.029107352265949165,163.8,0.017770056328418292,0.01768018321342184,0
smt_40015,0.050321385814205484,286.65,0.01755499243474812,0.017468940267758772,0
smt_15592,0.028384682003666253,163.8,0.01732886569210394,0.009180979847581747,0
smt_17110,0.028207752262301718,163.8,0.017220849976985177,0.009131474116509067,0
smt_13867,0.028137707077131556,163.8,0.017178087348676162,0.017082013901925996,0
smt_40014,0.048849941262122124,286.65,0.017041667979111157,0.01695813131323425,0
rbt_628768,0.015302661056329304,90.3,0.016946468500918386,0.007967579239123529,0
rbt_628753,0.015274288430616347,90.3,0.016915048095920652,0.007945952029140222,0
smt_16519,0.027664002833649583,163.8,0.01688889061883369,0.012447832904446815,0
smt_17109,0.02751839496910905,163.8,0.016799996928638004,0.0088806571132787,0
smt_1531,0.027406367335503425,163.8,0.016731603989928828,0.016646982895790467,0
smt_15591,0.027318879625802508,163.8,0.01667819268974512,0.008938186566277833,0
smt_16531,0.027312279489184077,163.8,0.01667416330231018,0.011923801485038445,0
smt_40013,0.04750581630738591,286.65,0.016572759918850835,0.016491521129754154,0
smt_16991,0.026936449786900504,163.8,0.016444719039621795,0.008964192879150347,0
smt_29346,0.026931449644250854,163.8,0.016441666449481595,0.009163508715473468,0
smt_15569,0.026685069011225315,163.8,0.016291250922603976,0.009466236704573227,0
smt_19895,0.02661446983651763,163.8,0.016248150083344095,0.010581727281267444,0
smt_29538,0.026605077623858955,163.8,0.016242416131782022,0.010037296880579274,0
smt_13878,0.02655639216215531,163.8,0.016212693627689442,0.016122027950225378,0
smt_40012,0.04602389631776954,286.65,0.01605578102835149,0.01597707561515354,0
smt_15281,0.025767646922176975,163.8,0.015731164177153218,0.008452631626617094,0
smt_14692,0.025542814808771738,163.8,0.01559390403465918,0.008437779561986911,0
smt_40011,0.0446256800471829,286.65,0.015568002807320042,0.015491687635707534,0
smt_41221,0.025413706477212854,163.8,0.015515083319421764,0.0079803251799989,0
smt_1532,0.025297095620019115,163.8,0.015443892319913987,0.015365783914396344,0
smt_13583,0.02494244676051714,163.8,0.015227378974674686,0.015142232558331721,0
smt_40010,0.04308666567786349,286.65,0.015031106114726493,0.01495742188974853,0
smt_19329,0.02460984391826932,163.8,0.015024324736428155,0.014820126266181682,0
smt_6362,0.024520010872433516,163.8,0.014969481607102268,0.014890488535861815,0
smt_40867,0.02451519150119567,163.8,0.014966539378019336,0.014888428406485535,0
rbt_1605996,0.013460554929202437,90.3,0.014906483864011557,0.007013304045646761,0
smt_14878,0.024399806842386476,163.8,0.014896096973373915,0.014566790664773904,0
smt_20809,0.024398643581143784,163.8,0.01489538680167508,0.007619014153720009,0
smt_40009,0.04164478106528061,286.65,0.014528093865438903,0.014456874503257429,0
smt_6240,0.023775286231757994,163.8,0.014514826759315013,0.00803885335665788,0
smt_29701,0.02372715902889697,163.8,0.01448544507258667,0.007322755294567578,0
smt_6121,0.023541302369674708,163.8,0.014371979468665877,0.007690695638033582,0
smt_5645,0.023481619023684938,163.8,0.014335542749502404,0.014039629837725527,0
smt_19810,0.023431888745304785,163.8,0.014305182384190953,0.007739080111087984,0
smt_6354,0.023416593989872753,163.8,0.01429584492666224,0.007473408331875938,0
smt_13592,0.023219500834937484,163.8,0.014175519435248769,0.014096264923813724,0
smt_19809,0.023154844855779618,163.8,0.014136046920500378,0.0074730594133352425,0
smt_40868,0.023137334535689367,163.8,0.014125356859395219,0.014051636081303977,0
smt_14321,0.023029040541044557,163.8,0.014059243309551009,0.013692335102778478,0
smt_40008,0.04016627806074804,286.65,0.014012307015785118,0.013943615085815556,0
smt_6732,0.022939868318131326,163.8,0.014004803613022787,0.013930902127007856,0
smt_1533,0.02255143605342953,163.8,0.013767665478284206,0.013698034692202675,0
smt_40007,0.03940869494447679,286.65,0.013748018470077374,0.013680621594748752,0
smt_29416,0.022265405281945594,163.8,0.0135930435176713,0.013152832045082172,0
smt_39852,0.03255770839156484,240.45,0.013540323722838362,0.013473969134258447,0
smt_40006,0.03872709442693452,286.65,0.013510237023176181,0.013444005283564896,0
smt_39851,0.03179304929761385,240.45,0.01322231203893277,0.013157515971722074,0
smt_40884,0.021627467098537953,163.8,0.013203581867239286,0.013134671816832503,0
smt_14413,0.02158894609055614,163.8,0.013180064768349292,0.012768807441707664,0
smt_40869,0.02155074179675727,163.8,0.013156741023661336,0.013088075413423626,0
smt_40005,0.03756413434020316,286.65,0.013104529684354846,0.013040285923731366,0
smt_13652,0.02128907665446136,163.8,0.012996994294542954,0.012924341016368591,0
smt_6728,0.02120305366158729,163.8,0.012944477204876246,0.01287617220011153,0
smt_29050,0.02106134744632125,163.8,0.012857965473944596,0.007116018197069824,0
smt_40004,0.036688016585703066,286.65,0.012798889442073283,0.012736168142498963,0
smt_6494,0.02095121369627427,163.8,0.012790728752304194,0.012166197019377767,0
smt_1534,0.02084863712684581,163.8,0.012728105694045063,0.0126637325455638,0
smt_14053,0.020278684335511665,163.8,0.012380149166979038,0.01231095090503645,0
smt_40870,0.0201304281605503,163.8,0.012289638681654641,0.012225498579376793,0
smt_40003,0.034861796730832305,286.65,0.012161798964183606,0.012102199789095762,0
smt_29433,0.019722327544196606,163.8,0.012040493006225032,0.011207445284723313,0
smt_6261,0.01947285092870663,163.8,0.011888187380162776,0.011825457654433021,0
smt_13606,0.01932040593131309,163.8,0.011795119616186258,0.011300923693213403,0
smt_16563,0.019251429921947956,163.8,0.011753009720358946,0.006569786176556774,0
smt_40002,0.03330929175527527,286.65,0.01162019597253629,0.01156325096303302,0
smt_13979,0.018949277328121673,163.8,0.011568545377363657,0.011503892870435012,0
smt_1535,0.01883536469463067,163.8,0.011499001645073668,0.011440844755257223,0
smt_40871,0.018663876498178997,163.8,0.011394307996446274,0.01133484069520812,0
smt_6648,0.018589794934091054,163.8,0.011349081156343744,0.010280067925059038,0
smt_16527,0.01850395666277422,163.8,0.0112966768393005,0.00656820627427896,0
smt_16489,0.018264854169301487,163.8,0.011150704621063177,0.007228879118638024,0
smt_32229,0.01825588757798562,163.8,0.01114523051159073,0.006326003012576153,0
smt_16490,0.018235604312053306,163.8,0.011132847565356109,0.007055497998641767,0
smt_31428,0.01791900924281741,163.8,0.010939566082306111,0.006187858669304963,0
smt_6065,0.01789709214264816,163.8,0.01092618567927238,0.010868533698470366,0
smt_32228,0.01785181319788311,163.8,0.010898542855850494,0.006195622962491026,0
smt_14095,0.017838339401710965,163.8,0.01089031709506164,0.010330373597728523,0
smt_26697,0.01781481266682886,163.8,0.010875954009053026,0.010804558809514005,0
smt_26386,0.01769892465779833,163.8,0.010805204308790188,0.010744827074486853,0
smt_13777,0.017672444334456045,163.8,0.01078903805522347,0.01073723768929953,0
smt_39850,0.030881072669587215,286.65,0.01077309355296955,0.010720299822383539,0
smt_32227,0.01754709773018678,163.8,0.010712513876792906,0.006305265048231568,0
smt_31427,0.017506150517630367,163.8,0.010687515578528917,0.006068732794124542,0
smt_40872,0.017453954209126505,163.8,0.01065564970032143,0.01060003748398163,0
smt_19332,0.01745370553655167,163.8,0.01065549788556268,0.009286515480693498,0
smt_32226,0.017333335371203407,163.8,0.010582011826131504,0.006557573588771571,0
smt_39853,0.030311500902501638,286.65,0.010574394174952604,0.01052257427218871,0
smt_31423,0.017304046524056385,163.8,0.01056413096706739,0.0073682245501561295,0
smt_31429,0.017289446634372305,163.8,0.010555217725502017,0.007342310362869733,0
smt_31430,0.017281556259382005,163.8,0.01055040064675336,0.007328152091089609,0
smt_31426,0.017186702711363282,163.8,0.01049249249777978,0.0062539009578180225,0
smt_31424,0.017069782348973814,163.8,0.010421112545161058,0.006882910984640136,0
smt_31425,0.01697494594188272,163.8,0.01036321486073426,0.006413356850219488,0
smt_2032,0.016879265785154758,163.8,0.010304802066639045,0.010252684917597794,0
smt_39848,0.02905990934125471,286.65,0.010137767082244798,0.010088086568846666,0
smt_40192,0.0289956906238137,286.65,0.010115363901557196,0.010065792382426922,0
smt_40193,0.028953497780936206,286.65,0.010100644612222645,0.01005114563076944,0
smt_13968,0.01648479400468006,163.8,0.010063976803833979,0.010007750820342571,0
smt_22902,0.016466007711306515,163.8,0.010052507760260386,0.008339329537235783,0
smt_26698,0.01623344798653771,163.8,0.009910529906311178,0.009864526305023836,0
smt_19800,0.016177163405749352,163.8,0.009876168135378114,0.00982405865217176,0
smt_40873,0.016005106924650712,163.8,0.009771127548626808,0.009720131739143347,0
smt_40800,0.01592705017291927,163.8,0.009723473854041069,0.008717460578838099,0
smt_39847,0.027559816780146313,286.65,0.00961444855403674,0.009567332245210048,0
smt_6890,0.01562510359938354,163.8,0.009539135286558937,0.0074210943694893935,0
smt_14316,0.015529521157395218,163.8,0.009480782147371927,0.009435262988424191,0
smt_22948,0.01539551321891102,163.8,0.009398970219115396,0.0050313110070122,0
smt_17884,0.015299297308387682,163.8,0.009340230347001025,0.009327043900861852,0
sbt_26028,0.015271163456327232,163.8,0.009323054613142387,0.004378549824898827,0
smt_13315,0.01517613725132232,163.8,0.009265041056973332,0.007508028134330949,0
smt_22947,0.015056176422124111,163.8,0.009191804897511667,0.006677693516203479,0
smt_14336,0.014983492418607677,163.8,0.009147431268991256,0.00791096597377304,0
smt_13931,0.014913171913151443,163.8,0.009104500557479512,0.009053647796382675,0
smt_39846,0.026046363332634246,286.65,0.009086468980510813,0.00904194016950127,0
smt_19430,0.014837661144926573,163.8,0.00905840118737886,0.0050054625926333005,0
smt_26699,0.014758252812191397,163.8,0.009009922351765199,0.008904758891380317,0
smt_7039,0.014734677204848508,163.8,0.008995529429089443,0.004843082265593897,0
smt_13637,0.014718367586426815,163.8,0.008985572397085967,0.0072792563496623915,0
smt_18800,0.014633201388366247,163.8,0.008933578381175974,0.005945733997999449,0
smt_6455,0.014605932671249714,163.8,0.008916930812728763,0.008869884811161842,0
smt_39845,0.02553449859239645,286.65,0.008907901131134294,0.008864247400953639,0
smt_40874,0.014537351882649084,163.8,0.008875062199419465,0.00882874298960025,0
smt_19008,0.014527882638324373,163.8,0.00886928121997825,0.0088244243054764,0
smt_18801,0.014514943719516182,163.8,0.00886138200214663,0.005354102562217884,0
smt_13605,0.01450963915171298,163.8,0.008858143560264334,0.00742309205173167,0
smt_7105,0.014352933626647467,163.8,0.008762474741543019,0.004735684582425382,0
smt_39844,0.024694872824562702,286.65,0.008614991391788838,0.00857277310945746,0
smt_29470,0.014099240190567939,163.8,0.008607594743936471,0.005876249476522829,0
smt_39841,0.020631857836700684,240.45,0.008580518958910661,0.008538469718666302,0
smt_19325,0.014029767576955114,163.8,0.008565181670912768,0.004914627457550899,0
smt_13942,0.013890533424028273,163.8,0.008480179135548395,0.007669344816431144,0
smt_26434,0.013890209949630845,163.8,0.008479981654231285,0.004638551347845711,0
smt_22897,0.013866808476602197,163.8,0.00846569504066068,0.005287909737206387,0
smt_22521,0.013753619773521481,163.8,0.008396593268328131,0.00835270417986809,0
smt_26696,0.013621494195979508,163.8,0.008315930522576013,0.008143337562397008,0
sbt_4716,0.013460425810601103,163.8,0.008217598174970147,0.0038662271028037753,0
sbt_18049,0.013457997438637048,163.8,0.00821611565240357,0.0038646950014245736,0
sbt_6095,0.01345590835620446,163.8,0.008214840266303088,0.0038633790862714827,0
smt_39840,0.019695995725267597,240.45,0.008191306186428613,0.008151164328096833,0
smt_39843,0.023375809440490013,286.65,0.008154826248208622,0.008114863083403433,0
smt_28241,0.01324775344938768,163.8,0.008087761568612746,0.007889761646749587,0
smt_14025,0.01319560915810516,163.8,0.008055927446950646,0.008010946246230511,0
smt_40875,0.013144540107627672,163.8,0.008024749760456454,0.00798286840074723,0
smt_6602,0.0128730014956369,163.8,0.007858975272061598,0.00781751418316571,0
smt_39839,0.018819758110513153,240.45,0.007826890459768416,0.007788534482530699,0
smt_13516,0.01260724120834566,163.8,0.00769672845442348,0.007659774899301909,0
smt_39842,0.022055351440081267,286.65,0.007694174582271505,0.00765646887509968,0
smt_13299,0.012340036525135524,163.8,0.00753359983219507,0.006570703280720051,0
smt_1723,0.012259140386346333,163.8,0.007484212690077126,0.007446360840991127,0
smt_39838,0.017967579452026965,240.45,0.007472480537337063,0.007435861406475914,0
smt_17885,0.012069353772943492,163.8,0.007368347846729848,0.0073579452867750346,0
smt_19802,0.011958170604353944,163.8,0.007300470454428537,0.007262310763260854,0
smt_28242,0.01182830594913112,163.8,0.007221188003132551,0.006906502563472802,0
smt_14073,0.011746908215788516,163.8,0.007171494637233526,0.0071314651751141845,0
smt_40876,0.011712365862726875,163.8,0.0071504065096012655,0.007113088369920504,0
sbt_28873,0.015302142208557818,216.3,0.007074499402939352,0.00332602763440439,0
sbt_20344,0.015300948404771404,216.3,0.007073947482557282,0.0033254680860809725,0
sbt_20343,0.015300771680679635,216.3,0.007073865779324843,0.0033254298235320568,0
sbt_3208,0.015300564795687305,216.3,0.0070737701320791975,0.0033253850306801153,0
sbt_18132,0.015300387325814992,216.3,0.007073688084056861,0.003325346606432207,0
sbt_4147,0.01530018640973805,216.3,0.007073595196365255,0.0033253031058835133,0
rbt_1607291,0.005402708718644453,76.65,0.0070485436642458614,0.003313394333124232,0
smt_13314,0.011010766076560407,163.8,0.006722079411819541,0.005581698863204403,0
smt_18111,0.01100656032354704,163.8,0.006719511797037264,0.006684066433412107,0
smt_14548,0.010600094782419486,163.8,0.006471364336031431,0.006440294007951566,0
smt_28244,0.01055549663557334,163.8,0.006444137140154663,0.005983514519363124,0
smt_40877,0.010442454226458397,163.8,0.0063751246803775315,0.006341852777994088,0
smt_6183,0.01041885089605552,163.8,0.006360714832756727,0.006327467220328443,0
smt_1724,0.010254929978257225,163.8,0.0062606410123670474,0.006228977444251213,0
smt_17886,0.009986188371616148,163.8,0.006096574097445755,0.006087967012952445,0
smt_14211,0.009900931123065016,163.8,0.006044524495155688,0.0060108032211748175,0
smt_13415,0.009795164710271224,163.8,0.005979954035574617,0.004609282925639175,0
smt_39837,0.017034680944185365,286.65,0.00594267606634759,0.005913553850179039,0
smt_6595,0.009498167518610795,163.8,0.0057986370687489585,0.00576805402787368,0
smt_28245,0.009262525234132943,163.8,0.005654777310215471,0.004964497217849111,0
smt_19801,0.009169345197589798,163.8,0.0055978908410194116,0.005568630521590197,0
smt_40878,0.00901973366915549,163.8,0.005506552911572338,0.0054778141544150295,0
smt_39836,0.015699926654889153,286.65,0.005477037032928364,0.0054501967422048575,0
smt_21044,0.00895806849908155,163.8,0.005468906287595573,0.0038673016780005226,0
smt_13446,0.008430295281128274,163.8,0.005146700415829227,0.0033356288493089485,0
smt_1725,0.008401877490907567,163.8,0.005129351337550407,0.005103409334411242,0
smt_28246,0.008390844111072453,163.8,0.005122615452425185,0.004135192464178531,0
smt_39835,0.01427451528200472,286.65,0.004979771596722387,0.0049553681146800995,0
smt_14545,0.008155032883130615,163.8,0.004978652553803794,0.004950894897277214,0
smt_17887,0.008088379863926073,163.8,0.004937960844887712,0.00493098948006615,0
smt_6419,0.008045140663031025,163.8,0.004911563286343726,0.004885664947500677,0
smt_6298,0.007596499721680021,163.8,0.0046376677177533705,0.004613426477742729,0
smt_39834,0.01324607773273948,286.65,0.004620993452900569,0.004598348272287433,0
smt_16595,0.007517270905502586,163.8,0.004589298477107805,0.004567264323912125,0
smt_40879,0.007381465005254516,163.8,0.004506388892096774,0.004482870077396967,0
smt_36129,0.007235967563636231,163.8,0.004417562615162534,0.00400257348768294,0
smt_36130,0.007216981852716084,163.8,0.004405971827054996,0.003987764756545753,0
smt_36125,0.007208249858496313,163.8,0.004400640939252938,0.003980943053798583,0
smt_5676,0.007112311208305443,163.8,0.004342070334740807,0.004320531909832102,0
smt_36126,0.007012751143291964,163.8,0.004281288854268598,0.003826125205024029,0
smt_1726,0.006750654967142742,163.8,0.004121278978719623,0.004100435352120337,0
smt_31665,0.013454665366407154,327.6,0.004107040710136494,0.0040843198951528515,0
smt_39833,0.01169200246286495,286.65,0.004078842652316396,0.0040588543261568626,0
smt_29529,0.006603410301884319,163.8,0.0040313860206863976,0.004010137294136224,0
smt_37701,0.006488582914046193,163.8,0.003961283830309031,0.003955691287211091,0
smt_36127,0.0064837347229005915,163.8,0.003958324006654817,0.003378387457650466,0
smt_37700,0.006437768815956528,163.8,0.003930261792403252,0.003924713082937435,0
smt_15148,0.0062309171529251065,163.8,0.003803978725839503,0.0037827875164378965,0
smt_36128,0.006130515944929893,163.8,0.0037426837270634265,0.002921482778372191,0
smt_39832,0.010549371740096436,286.65,0.003680227364415293,0.003662192527057557,0
smt_40880,0.005923507300960546,163.8,0.003616304823541237,0.003597431422264893,0
smt_31666,0.011795904109301055,327.6,0.0036007033300674766,0.0035807835487541516,0
smt_6390,0.005704445444708744,163.8,0.003482567426562114,0.0034643639291369378,0
smt_6027,0.005560645132378265,163.8,0.0033947772480941787,0.0033779377800654455,0
smt_31370,0.00544117213827157,163.8,0.0033218389122537054,0.0033034070583638064,0
smt_6897,0.005279598303158444,163.8,0.003223197987276217,0.0032062207256816785,0
smt_31667,0.01031948275350177,327.6,0.0031500252605316755,0.003132598600897924,0
smt_1727,0.005150365509848527,163.8,0.0031443012880638136,0.0031283987942659296,0
smt_39831,0.009009417918563188,286.65,0.0031430029368788377,0.0031276008346457287,0
smt_39830,0.007554193801821187,240.45,0.0031416900818553493,0.0031262945311741016,0
smt_31371,0.0047969902758978715,163.8,0.0029285654920011422,0.0029123157782242645,0
smt_6640,0.004795412439950131,163.8,0.0029276022221917768,0.0029161522177326513,0
smt_2249,0.004782524262399228,163.8,0.0029197339819287105,0.0029036196652832843,0
smt_14360,0.004577791493897579,163.8,0.0027947445017689736,0.0027791827590543127,0
smt_351,0.004483855673503001,163.8,0.002737396626070208,0.0027257532779803753,0
smt_31668,0.008877776312390145,327.6,0.002709943929301021,0.0026949518262375564,0
smt_40881,0.004436500467576721,163.8,0.0027084862439418315,0.002694350796924948,0
smt_15979,0.004204760405316914,163.8,0.00256700879445477,0.0025542753871678286,0
smt_6901,0.0041609367069353085,163.8,0.0025402543998384055,0.0025268895868535302,0
sbt_22089,0.005399736539956911,216.3,0.002496410790548734,0.0011727684941471286,0
sbt_6287,0.005392100748008493,216.3,0.0024928806047195993,0.0011692156724103329,0
sbt_28637,0.00538429695545576,216.3,0.0024892727487081643,0.0011656345188166479,0
smt_6087,0.00397954273159176,163.8,0.002429513267150037,0.0024168141034781898,0
smt_17889,0.0039051854090646253,163.8,0.00238411807635203,0.002380752193026751,0
smt_39829,0.006720669755103917,286.65,0.00234455599340796,0.0023330667531958884,0
smt_2946,0.0038026415823274053,163.8,0.002321515007525888,0.002311007637576547,0
smt_31669,0.0073864034571388595,327.6,0.0022547019099935467,0.0022422281767124556,0
smt_15980,0.003571601978443757,163.8,0.002180465188305102,0.002169649180921858,0
smt_17087,0.0035040315769879547,163.8,0.002139213416964563,0.002128942619846566,0
smt_36787,0.00341662743159502,163.8,0.0020858531328418924,0.0020853631380485533,0
smt_1748,0.003337130608421935,163.8,0.002037320273761865,0.002027016407354514,0
smt_166,0.003266876493746887,163.8,0.001994430093862568,0.001985946825707661,0
smt_39828,0.005535151183474427,286.65,0.0019309789581281797,0.0019215164622606586,0
smt_14370,0.003108972571741243,163.8,0.0018980296530776819,0.0018874383845778918,0
smt_6238,0.00615155075255005,327.6,0.0018777627449786474,0.001870395019432234,0
smt_31670,0.005945212703193864,327.6,0.0018147779924279192,0.0018047378955390536,0
smt_40882,0.002963416531538354,163.8,0.0018091676016717669,0.0017997257875927602,0
smt_1749,0.002585511724940677,163.8,0.0015784564865327696,0.0015704733426333826,0
smt_39827,0.004306918951877397,286.65,0.0015025009425701718,0.0014951382752230588,0
smt_14164,0.002434577649592172,163.8,0.0014863111413871623,0.0014780351179767765,0
smt_31671,0.0044859769796621405,327.6,0.0013693458423877107,0.0013617698463468185,0
smt_2947,0.002192206777714739,163.8,0.0013383435761384242,0.0013322861234959923,0
smt_11048,0.0021169409986694235,163.8,0.001292393772081455,0.0012852609174404876,0
smt_3764,0.0020851593753532737,163.8,0.001272991071644245,0.001267576398075023,0
smt_6273,0.0020515793320743784,163.8,0.0012524904347218425,0.0012459436215600133,0
smt_17890,0.0019297017188554624,163.8,0.001178084077445337,0.0011764208668937055,0
smt_39826,0.003070143856240887,286.65,0.0010710426848912914,0.0010657944611195379,0
smt_40883,0.0014693622892492867,163.8,0.0008970465746332641,0.0008923651606167067,0
smt_31672,0.002755722952239563,327.6,0.0008411852723563989,0.0008365310420106316,0
smt_14117,0.0012851656231251288,163.8,0.0007845943975122885,0.000780810700284708,0
smt_14613,0.0011655032128653413,163.8,0.0007115404229947138,0.0007075784346052297,0
smt_40698,0.0010774950484887394,163.8,0.0006578113849137603,0.0006550132923808363,0
smt_39825,0.001651008303008638,286.65,0.0005759666153876288,0.0005731445549247391,0
smt_21275,0.0008687002003755574,163.8,0.0005303420026712805,0.0005280862099021862,0
smt_31687,0.0013691819380636729,327.6,0.00041794320453714064,0.00041563038101934363,0
smt_32676,0.0013229529801911312,327.6,0.0004038318010351438,0.00040159740246798023,0
sbt_22680,0.00013099693192485776,163.8,7.997370691383257e-05,7.95460387057537e-05,0
sbt_4579,0.00012677159924679877,163.8,7.739413873430937e-05,7.680028777600396e-05,0
sbt_7826,0.00012457855786041896,163.8,7.605528562907141e-05,7.570553091751363e-05,0
sbt_4119,0.00012001679323197148,163.8,7.327032553844412e-05,7.282976748387145e-05,0
sbt_11345,0.00011678025130556585,163.8,7.129441471646267e-05,7.05526569631181e-05,0
sbt_36865,0.00011111672654722402,163.8,6.783682939390965e-05,6.745699649866712e-05,0
sbt_12998,0.00010757057538939776,163.8,6.567190194712928e-05,6.516799617950281e-05,0
sbt_7593,0.00010087335096384194,163.8,6.158324234666785e-05,6.130003999761649e-05,0
sbt_7505,0.0001006056827721215,163.8,6.141983075221092e-05,6.109138135121184e-05,0
sbt_5542,9.945438713167635e-05,163.8,6.0716964060852476e-05,6.0639545378094546e-05,0
smt_40885,9.746094501519027e-05,163.8,5.949996643174009e-05,5.918925520477246e-05,0
sbt_20856,9.4770944991e-05,163.8,5.7857719774725274e-05,5.75098340756936e-05,0
sbt_3664,9.27355110813589e-05,163.8,5.661508613025573e-05,5.626725032760829e-05,0
sbt_24982,8.938700028036112e-05,163.8,5.4570818241978704e-05,5.401797396866139e-05,0
sbt_4094,8.712000457019824e-05,163.8,5.3186815976922e-05,5.277870960445271e-05,0
sbt_21141,8.626566251392788e-05,163.8,5.26652396299926e-05,5.237035558337654e-05,0
smt_24098,8.595287272351598e-05,163.8,5.2474281271987776e-05,5.221005139270806e-05,0
sbt_20076,8.24576274917932e-05,163.8,5.034043192417166e-05,5.0024950011623324e-05,0
sbt_7385,8.210007545609157e-05,163.8,5.0122146188090095e-05,4.983907928805365e-05,0
sbt_37541,0.0001079800887350655,216.3,4.9921446479457e-05,4.9609701002477324e-05,0
sbt_18437,8.0078136136357e-05,163.8,4.8887750998996946e-05,4.847739983345375e-05,0
sbt_7793,7.896239081542162e-05,163.8,4.82065877994027e-05,4.798490042662713e-05,0
sbt_22728,6.921394487330953e-05,163.8,4.2255155600311066e-05,4.201651791363288e-05,0
sbt_4578,6.792255777938051e-05,163.8,4.146676299107479e-05,4.116064745540628e-05,0
sbt_25935,8.957961899048908e-05,216.3,4.141452565441011e-05,4.119357043251844e-05,0
sbt_26470,8.874576191625215e-05,216.3,4.1029016142511396e-05,4.1000499894527974e-05,0
sbt_3953,6.71727609860931e-05,163.8,4.100901159102142e-05,4.076243340809941e-05,0
sbt_13506,6.617722870338085e-05,163.8,4.0401238524652525e-05,4.014993548381607e-05,0
sbt_24966,6.556468106654752e-05,163.8,4.0027277818405076e-05,3.9638705640104476e-05,0
sbt_20598,6.455375121308832e-05,163.8,3.941010452569495e-05,3.916797395139827e-05,0
sbt_13751,6.382168367597572e-05,163.8,3.8963176847360025e-05,3.871842904847829e-05,0
sbt_4624,6.100146384692383e-05,163.8,3.7241430919977915e-05,3.7032908193086654e-05,0
sbt_21106,6.055475930265892e-05,163.8,3.6968717522990794e-05,3.678817375182206e-05,0
sbt_6046,6.047444631180586e-05,163.8,3.691968639304387e-05,3.666282809915791e-05,0
sbt_21667,6.0238116437733006e-05,163.8,3.677540686064286e-05,3.672851514014259e-05,0
sbt_7351,7.935543686597452e-05,216.3,3.66876730771958e-05,3.650867345105821e-05,0
sbt_4359,5.865708375578533e-05,163.8,3.5810185443092385e-05,3.5535410957126427e-05,0
sbt_31047,5.768067802052803e-05,163.8,3.521408914562151e-05,3.502258787097387e-05,0
sbt_22794,5.739571049078548e-05,163.8,3.504011629474083e-05,3.485273530140528e-05,0
sbt_9360,5.6771339860840116e-05,163.8,3.465893764398053e-05,3.43680196031374e-05,0
sbt_25580,7.458081269929494e-05,216.3,3.4480264770825214e-05,3.4407252664701794e-05,0
sbt_4105,5.640384735029276e-05,163.8,3.443458324193697e-05,3.411653570731334e-05,0
sbt_4087,9.676820627475202e-05,286.65,3.375831371873436e-05,3.354109161127087e-05,0
sbt_36991,4.213795131312407e-05,128.1,3.289457557620927e-05,3.2660910789379065e-05,0
sbt_22959,5.35800754535434e-05,163.8,3.271066877505702e-05,3.2560242472015685e-05,0
sbt_14093,7.040463014617293e-05,216.3,3.2549528500311104e-05,3.252690592468053e-05,0
sbt_5340,5.3180881986191284e-05,163.8,3.24669609195307e-05,3.24255633369344e-05,0
sbt_21855,5.222425215985406e-05,163.8,3.188293782652873e-05,3.168425982179057e-05,0
smt_40699,5.2112517936753814e-05,163.8,3.181472401511222e-05,3.167928390416982e-05,0
sbt_13265,6.756106442076278e-05,216.3,3.1234888775202394e-05,3.10682439968108e-05,0
sbt_7386,4.91516910809483e-05,163.8,3.0007137412056345e-05,2.983767091473606e-05,0
sbt_4032,4.884115309821761e-05,163.8,2.9817553784015636e-05,2.9605911993683875e-05,0
sbt_2727,4.57404548918645e-05,163.8,2.792457563605891e-05,2.7749573080746237e-05,0
sbt_22849,4.5631743399736454e-05,163.8,2.7858207203746304e-05,2.7674494923900958e-05,0
sbt_4576,4.526910897242888e-05,163.8,2.7636818664486494e-05,2.7432798522097357e-05,0
sbt_31061,4.440431830820096e-05,163.8,2.7108863436020123e-05,2.6981982761445683e-05,0
sbt_3472,4.4294146852975025e-05,163.8,2.704160369534495e-05,2.687199232141496e-05,0
sbt_15177,4.3921948468633624e-05,163.8,2.681437635447718e-05,2.6605098361835675e-05,0
sbt_28854,5.788461873917683e-05,216.3,2.6761266176225995e-05,2.6351924038001323e-05,0
sbt_35527,7.51958525770163e-05,286.65,2.6232636517361346e-05,2.6119306646682095e-05,0
sbt_21951,4.214871368942797e-05,163.8,2.573181543921121e-05,2.555279320021333e-05,0
sbt_20626,4.161131173433333e-05,163.8,2.5403731217541714e-05,2.524765386937437e-05,0
sbt_29015,5.4062431266292126e-05,216.3,2.4994189212340323e-05,2.475071667669159e-05,0
sbt_11321,4.082401555773429e-05,163.8,2.4923086421083202e-05,2.4681140947552013e-05,0
sbt_5863,5.301907292643533e-05,216.3,2.4511822897103712e-05,2.432840858213753e-05,0
sbt_22095,3.9660436746195636e-05,163.8,2.421272084627328e-05,2.4080711939151773e-05,0
sbt_21969,3.895860985361627e-05,163.8,2.3784255099887833e-05,2.360628494347789e-05,0
sbt_4429,5.111719472716307e-05,216.3,2.3632544950144736e-05,2.3529943830729702e-05,0
sbt_31048,3.8297405613289554e-05,163.8,2.338058950750278e-05,2.3253441111873458e-05,0
sbt_3899,6.625412053995563e-05,286.65,2.311324630732797e-05,2.296452118167683e-05,0
sbt_12631,4.989850276518307e-05,216.3,2.3069118245577008e-05,2.30202695665428e-05,0
sbt_24012,3.7637222990795045e-05,163.8,2.2977547613427986e-05,2.2829695486801892e-05,0
sbt_36992,2.9423836609726702e-05,128.1,2.296942748612545e-05,2.2806264145160817e-05,0
sbt_22706,4.949904893654897e-05,216.3,2.2884442411719357e-05,2.277278898243366e-05,0
sbt_21142,3.651218310814484e-05,163.8,2.2290710078232502e-05,2.2165899566334622e-05,0
sbt_17733,4.781920821179978e-05,216.3,2.210781701886259e-05,2.2018393876998828e-05,0
sbt_4086,3.599835877773812e-05,163.8,2.197702001082913e-05,2.1844877205085865e-05,0
sbt_5543,3.5300299663657736e-05,163.8,2.1550854495517542e-05,2.1523375642749942e-05,0
sbt_7794,3.507189858653501e-05,163.8,2.141141549849512e-05,2.1312951030461114e-05,0
sbt_3971,3.445663907795861e-05,163.8,2.1035799192892926e-05,2.0933071653837046e-05,0
sbt_37305,2.6620015993871577e-05,128.1,2.078065261036033e-05,2.0677309887698363e-05,0
sbt_12437,4.447338547446727e-05,216.3,2.0560973404746774e-05,2.0517435313707285e-05,0
sbt_26496,4.436440811075845e-05,216.3,2.0510590897253096e-05,2.0496335314232806e-05,0
sbt_13752,3.3460934283680194e-05,163.8,2.0427920808107564e-05,2.0299602379619035e-05,0
sbt_26034,4.317587800137366e-05,216.3,1.9961108646034976e-05,1.985461182418675e-05,0
sbt_13256,3.2678375311544756e-05,163.8,1.995016807786615e-05,1.9897247372327425e-05,0
sbt_25906,4.283056678134609e-05,216.3,1.980146406904581e-05,1.965553501528776e-05,0
smt_39824,5.666046004218266e-05,286.65,1.9766425969713123e-05,1.966993505248697e-05,0
sbt_11826,4.221583489511869e-05,216.3,1.951726070047096e-05,1.9437957279748536e-05,0
sbt_21030,3.0300668821284926e-05,163.8,1.849857681397126e-05,1.8404286958665507e-05,0
sbt_11346,2.9957516492081795e-05,163.8,1.828908210749804e-05,1.8022063036250767e-05,0
sbt_22747,3.8642458075534746e-05,216.3,1.7865214089475148e-05,1.77394130516783e-05,0
sbt_27937,3.831987858057726e-05,216.3,1.7716078862957585e-05,1.76059289765165e-05,0
sbt_4102,2.8842077496730566e-05,163.8,1.760810591985993e-05,1.747299768579795e-05,0
sbt_21666,2.8556909293248535e-05,163.8,1.7434010557538787e-05,1.741178129003184e-05,0
sbt_7384,2.835478329806699e-05,163.8,1.7310612514082408e-05,1.7202741954563227e-05,0
sbt_3228,2.8227317364193064e-05,163.8,1.7232794483634348e-05,1.7124706219807844e-05,0
sbt_10155,2.7941015417585027e-05,163.8,1.705800697044263e-05,1.6914826456826665e-05,0
sbt_35526,4.844083773619564e-05,286.65,1.689894914920483e-05,1.682594250408933e-05,0
sbt_5820,3.6479057941425333e-05,216.3,1.6865029099133302e-05,1.6839661296045087e-05,0
sbt_25976,3.573877581799601e-05,216.3,1.652278123809339e-05,1.62700477556111e-05,0
sbt_3837,2.653691093771033e-05,163.8,1.6200800328272483e-05,1.6138236258629238e-05,0
sbt_15559,2.6338643347214302e-05,163.8,1.6079757843232175e-05,1.595426012781244e-05,0
sbt_4617,4.440291336893742e-05,286.65,1.5490288982709726e-05,1.538845622437072e-05,0
sbt_25581,3.3397003902192296e-05,216.3,1.544013125390305e-05,1.5407436764061648e-05,0
smt_21219,2.4581499278211142e-05,163.8,1.5007020316368217e-05,1.4933194224305088e-05,0
rbt_639280,8.927135812600343e-06,61.95,1.4410227300404104e-05,1.4226231957499517e-05,0
sbt_4031,2.3322035782097345e-05,163.8,1.4238117083087512e-05,1.4133008517881836e-05,0
sbt_4618,4.0639043661007455e-05,286.65,1.4177234837260583e-05,1.4084033836924623e-05,0
sbt_31062,2.313192490603827e-05,163.8,1.4122054277190638e-05,1.4055957478780138e-05,0
rbt_1139390,8.60436700974935e-06,61.95,1.388921228369548e-05,1.3820139672451873e-05,0
sbt_7808,2.2433788045395412e-05,163.8,1.3695841297555194e-05,1.3605523277087787e-05,0
sbt_7506,2.2432764013990577e-05,163.8,1.3695216125757372e-05,1.362197943063027e-05,0
sbt_12632,2.908628314522658e-05,216.3,1.3447195166540259e-05,1.3418721025578677e-05,0
sbt_2726,2.1408009292056747e-05,163.8,1.3069602742403387e-05,1.2910886263388224e-05,0
rbt_1607318,8.0500229362535e-06,61.95,1.2994387306301049e-05,1.2903268020371501e-05,0
sbt_20835,2.1092285477960777e-05,163.8,1.2876853161148213e-05,1.2799427397843383e-05,0
sbt_7295,2.0872829509855904e-05,163.8,1.2742875158642186e-05,1.2668596115889669e-05,0
sbt_5864,2.7542039750333215e-05,216.3,1.2733259246571064e-05,1.2637979892866175e-05,0
sbt_11322,2.076414586066874e-05,163.8,1.267652372446199e-05,1.2553463901944724e-05,0
sbt_15418,2.7194448689531223e-05,216.3,1.2572560651655673e-05,1.251797695765766e-05,0
sbt_5544,2.056361981676045e-05,163.8,1.2554102452234707e-05,1.2526695448983544e-05,0
sbt_20804,2.0458709400081287e-05,163.8,1.2490054578804203e-05,1.2401401854070926e-05,0
sbt_37306,1.5864162373318302e-05,128.1,1.238420169657947e-05,1.2322614306109975e-05,0
rbt_639277,7.5979125181647416e-06,61.95,1.2264588407045588e-05,1.2188295899358834e-05,0
sbt_20489,1.915081054974121e-05,163.8,1.1691581532198539e-05,1.1619439540134304e-05,0
sbt_6297,1.9103035410785262e-05,163.8,1.1662414780699182e-05,1.1598830905384048e-05,0
sbt_18140,2.5191215371849617e-05,216.3,1.1646424120133895e-05,1.1532973947298281e-05,0
sbt_12493,1.8944735713041226e-05,163.8,1.1565772718584386e-05,1.1383561952794224e-05,0
sbt_3663,2.497256294743326e-05,216.3,1.1545336545276589e-05,1.147003291591106e-05,0
rbt_623427,7.09196590649773e-06,61.95,1.1447886854717885e-05,1.1272778107650908e-05,0
sbt_17734,2.446075277567535e-05,216.3,1.1308716031287724e-05,1.1262973910035937e-05,0
sbt_36993,1.4126199221260489e-05,128.1,1.1027477924481257e-05,1.0952286734128372e-05,0
sbt_34094,1.3921746552337156e-05,128.1,1.0867873967476314e-05,1.0857559141557154e-05,0
sbt_22795,2.320493929241848e-05,216.3,1.0728127273425094e-05,1.0658763962906317e-05,0
rbt_606123,8.083934645658716e-06,76.65,1.054655531070935e-05,1.038119267751894e-05,0
sbt_6047,1.721917597881264e-05,163.8,1.0512317447382563e-05,1.043918090182601e-05,0
sbt_2728,1.712789605338812e-05,163.8,1.0456590997184443e-05,1.0391059832924833e-05,0
sbt_7795,1.6747737837758265e-05,163.8,1.0224504174455595e-05,1.0177484349563155e-05,0
sbt_35525,2.8777761891151117e-05,286.65,1.0039337830507977e-05,9.99384368308766e-06,0
sbt_13255,1.640010513249047e-05,163.8,1.0012274195659628e-05,9.984333088840938e-06,0
sbt_34003,2.1594798173404595e-05,216.3,9.983725461583262e-06,9.954636374706196e-06,0
sbt_37308,1.2663041060242289e-05,128.1,9.885277954912013e-06,9.836118020891974e-06,0
smt_31688,3.1794466005357086e-05,327.6,9.705270453405703e-06,9.651158135129553e-06,0
sbt_13730,2.0760930055924268e-05,216.3,9.59821084416286e-06,9.57788657459979e-06,0
sbt_4329,2.075269838222067e-05,216.3,9.594405169773771e-06,9.535077544843308e-06,0
sbt_3725,1.5640982151688255e-05,163.8,9.548829152434833e-06,9.490162463745433e-06,0
sbt_31049,1.5330749956259248e-05,163.8,9.359432207728479e-06,9.308533748172414e-06,0
sbt_5829,1.5274597996745658e-05,163.8,9.325151402164626e-06,9.311119516772612e-06,0
sbt_13266,2.01583896622687e-05,216.3,9.319643856804762e-06,9.269921626617612e-06,0
sbt_4625,1.5143581353371429e-05,163.8,9.245165661398918e-06,9.193399965875883e-06,0
sbt_25781,1.96483896413342e-05,216.3,9.08386021328442e-06,9.03954018296982e-06,0
sbt_3470,1.4703975945591055e-05,163.8,8.97678629156963e-06,8.92139577233664e-06,0
sbt_6076,1.4181430253258878e-05,163.8,8.657771827386371e-06,8.59298794658071e-06,0
sbt_25244,1.834404928446036e-05,216.3,8.480836469930818e-06,8.44637702140075e-06,0
sbt_16683,1.7459736226654616e-05,216.3,8.072000104787154e-06,8.021812033328095e-06,0
sbt_7387,1.3076227690369493e-05,163.8,7.983044988015564e-06,7.937960425476948e-06,0
sbt_35524,2.269796086130306e-05,286.65,7.918353693111133e-06,7.884144577400581e-06,0
sbt_7428,1.637014053599777e-05,216.3,7.568257298195918e-06,7.51496431096501e-06,0
rbt_1107334,6.644911230573471e-06,90.3,7.358705681698197e-06,7.3128501534421815e-06,0
sbt_35535,1.5421253746715555e-05,216.3,7.129567150585092e-06,7.099786697875826e-06,0
sbt_34898,1.5167352299476947e-05,216.3,7.012183217511302e-06,6.904923672341674e-06,0
sbt_13030,1.5065138578399424e-05,216.3,6.964927683032558e-06,6.913598755718984e-06,0
rbt_1239552,4.302338856276774e-06,61.95,6.944856910858392e-06,6.9103182698170774e-06,0
sbt_12633,1.3204930902112096e-05,216.3,6.104914887707857e-06,6.091987430188868e-06,0
rbt_622267,5.262660395567212e-06,90.3,5.827973859985839e-06,5.791362719914641e-06,0
sbt_4011,8.66749412905651e-06,163.8,5.291510457299456e-06,5.2574610255900495e-06,0
rbt_625624,4.771422830206756e-06,90.3,5.283967696795965e-06,5.245754390594012e-06,0
rbt_1607290,4.6783672424147365e-06,90.3,5.180916104556741e-06,5.156667008099659e-06,0
sbt_17981,1.0603780530270728e-05,216.3,4.90234883507662e-06,4.8903348737934e-06,0
sbt_14094,1.0585548269084995e-05,216.3,4.893919680575587e-06,4.89051864446132e-06,0
rbt_605859,4.307657631313327e-06,90.3,4.770384973768912e-06,4.747105995718827e-06,0
rbt_605914,4.144634573697409e-06,90.3,4.589850026242978e-06,4.5866581679549535e-06,0
rbt_699990,2.822869852617603e-06,61.95,4.556690641836324e-06,4.542262421677708e-06,0
sbt_22709,6.917729638328703e-06,163.8,4.223278167477841e-06,4.19542760489583e-06,0
rbt_625156,3.5038556333757785e-06,90.3,3.880238796650917e-06,3.858500524028815e-06,0
rbt_1607277,3.241540996544294e-06,90.3,3.5897463970590193e-06,3.584344544921626e-06,0
rbt_1607282,2.5952445609338034e-06,90.3,2.8740249844228167e-06,2.8572705628641793e-06,0
rbt_606124,2.4568334593504403e-06,90.3,2.7207458021599562e-06,2.706452778548821e-06,0
rbt_607367,2.3381679121970376e-06,90.3,2.589333236098602e-06,2.5759018466643926e-06,0
rbt_639387,1.910219619193068e-06,90.3,2.115414860678924e-06,2.095101670316766e-06,0
rbt_605985,1.192745908862798e-06,61.95,1.925336414629214e-06,1.913662706481087e-06,0
rbt_3425629,1.247356382723419e-06,90.3,1.3813470462053367e-06,1.3741912349138548e-06,0
rbt_639553,1.1620908019938886e-06,90.3,1.2869222613442843e-06,1.2777783729876563e-06,0
rbt_1636598,0.0,61.95,0.0,0.0,0
rbt_1628763,0.0,90.3,0.0,0.0,0
smt_29539,0.0,163.8,0.0,0.0,0
rbt_1626672,0.0,90.3,0.0,0.0,0
sbt_27288,0.0,216.3,0.0,0.0,0
smt_37255,0.0,163.8,0.0,0.0,0
smt_31093,0.0,163.8,0.0,0.0,0
smt_31094,0.0,163.8,0.0,0.0,0
smt_31095,0.0,163.8,0.0,0.0,0
sbt_15527,0.0,216.3,0.0,0.0,0
sbt_15526,0.0,216.3,0.0,0.0,0
smt_2716,0.0,163.8,0.0,0.0,0
smt_4734,0.0,163.8,0.0,0.0,0
smt_18744,0.0,163.8,0.0,0.0,0
smt_5057,0.0,163.8,0.0,0.0,0
smt_4735,0.0,163.8,0.0,0.0,0
rbt_1607368,0.0,76.65,0.0,0.0,0
rbt_1623434,0.0,90.3,0.0,0.0,0
rbt_1624026,0.0,90.3,0.0,0.0,0
