hour,transformer,apparentPowerKva,ratedKva,loadingPct,isOverloaded
0,trf_6_1030a,0.5828031060869056,10.0,5.828031060869056,0
0,trf_6_878a,0.11708132971104863,10.0,1.1708132971104863,0
0,trf_16_1585a,0.17416653419692033,15.0,1.1611102279794687,0
0,trf_16_3545a,0.045137925192506846,10.0,0.45137925192506845,0
0,trf_16_1143a,2.485772263949377,30.0,8.285907546497922,0
0,trf_16_6460a,0.7963798791438819,25.0,3.1855195165755275,0
0,trf_6_725a,0.0504791581224854,10.0,0.504791581224854,0
0,trf_6_3820a,0.8341915506853547,15.0,5.561277004569031,0
0,trf_6_3538a,0.5603968262505473,10.0,5.603968262505473,0
0,trf_6_4910a,9.140679265181909,30.0,30.4689308839397,0
0,trf_6_1870a,0.27416558293783994,15.0,1.8277705529189328,0
0,trf_6_127a,1.0959728090073806,15.0,7.306485393382537,0
0,trf_6_1541a,0.7493855580511671,15.0,4.995903720341114,0
0,trf_6_1503a,0.30861280799100277,10.0,3.086128079910028,0
0,trf_6_6272a,0.2488951863220802,15.0,1.6593012421472013,0
0,trf_6_128a,0.4092784974245674,15.0,2.7285233161637827,0
0,trf_6_1260a,0.04538855439949203,10.0,0.4538855439949203,0
0,trf_6_1350a,0.7852659052026715,45.0,1.7450353448948255,0
0,trf_6_808a,0.6164607873152095,15.0,4.1097385821013965,0
0,trf_6_1475a,0.8722068344165683,15.0,5.8147122294437885,0
0,trf_6_1138a,0.979831170393454,10.0,9.79831170393454,0
0,trf_6_1146a,0.941811072311848,10.0,9.41811072311848,0
0,trf_16_2916a,0.5517544599228817,10.0,5.517544599228818,0
0,trf_16_1140a,0.04523311126007833,10.0,0.4523311126007833,0
0,trf_16_5474a,0.47938026005686124,10.0,4.793802600568613,0
0,trf_16_3548a,0.8892404095163954,10.0,8.892404095163954,0
0,trf_16_1141a,0.580251880964523,15.0,3.86834587309682,0
0,trf_6_810a,1.0089060173615927,30.0,3.3630200578719758,0
0,trf_16_300a,0.5026432305647209,15.0,3.350954870431473,0
0,trf_16_3130a,1.441468864752153,30.0,4.80489621584051,0
0,trf_11_4955a,2.2179159339297723,15.0,14.786106226198482,0
0,trf_11_131a,0.9601944019917091,10.0,9.601944019917092,0
0,trf_6_1048a,0.23540187089675185,15.0,1.5693458059783458,0
0,trf_6_129a,0.4624596456600842,10.0,4.624596456600842,0
0,trf_34_1018a,0.2752020538506781,5.0,5.504041077013562,0
0,trf_16_5730a,0.3907353130912715,25.0,1.5629412523650863,0
0,trf_16_1144a,0.6168771284051113,15.0,4.112514189367409,0
0,trf_6_6273a,1.468528826619594,30.0,4.89509608873198,0
0,trf_6_1238a,0.6277598159353496,15.0,4.185065439568997,0
0,trf_6_731a,0.22778988608536346,15.0,1.5185992405690896,0
0,trf_6_732a,0.8851017475808902,30.0,2.9503391586029672,0
0,trf_16_6082a,0.4261657901784883,15.0,2.841105267856589,0
0,trf_16_537a,0.23063103356205486,5.0,4.612620671241097,0
0,trf_16_3996a,1.7280965854458152,15.0,11.5206439029721,0
0,trf_16_1095a,0.45818265093214655,15.0,3.0545510062143104,0
0,trf_6_730a,0.3143434918630374,15.0,2.095623279086916,0
0,trf_34_1649a,0.15678749245209084,5.0,3.1357498490418165,0
0,trf_34_5029a,0.41866521889731023,10.0,4.1866521889731025,0
0,trf_34_1581a,0.6286248811173094,10.0,6.286248811173094,0
0,trf_11_132a,0.3957665072926894,10.0,3.9576650729268943,0
0,trf_16_3221a,1.2113554828877189,25.0,4.8454219315508755,0
0,trf_16_504a,1.0706968065865847,15.0,7.137978710577231,0
0,trf_6_735a,0.18909199832712972,10.0,1.890919983271297,0
0,trf_6_4489a,2.391941223580759,25.0,9.567764894323036,0
0,trf_6_729a,1.0535427105726636,15.0,7.0236180704844235,0
0,trf_16_299a,1.5118924433237944,45.0,3.359760985163988,0
0,trf_16_1301a,0.466273072837984,10.0,4.66273072837984,0
0,trf_16_2139a,1.6574334563579751,25.0,6.6297338254319005,0
0,trf_16_6081a,0.18747168893434948,10.0,1.874716889343495,0
0,trf_6_1019a,2.0568741845168685,25.0,8.227496738067474,0
0,trf_11_2597a,0.46932193044655923,10.0,4.693219304465592,0
0,trf_11_130a,0.40695071107644115,15.0,2.713004740509608,0
0,trf_6_4704a,1.2667475294492092,10.0,12.667475294492093,0
0,trf_6_733a,0.05125633508424998,10.0,0.5125633508424998,0
0,trf_11_305a,1.034513079464139,75.0,1.379350772618852,0
0,trf_16_539a,0.051284867152209354,10.0,0.5128486715220936,0
0,trf_6_1151a,0.6822286600105982,30.0,2.2740955333686608,0
0,trf_6_4764a,0.2730723357451406,75.0,0.3640964476601875,0
0,trf_6_4765a,0.45510145525947143,150.0,0.30340097017298095,0
0,trf_16_538a,0.5224110835517543,30.0,1.7413702785058476,0
0,trf_11_133a,0.05228002148377642,10.0,0.5228002148377642,0
0,trf_6_723a,0.6204448803903572,15.0,4.136299202602381,0
0,trf_6_722a,0.20427302473624614,15.0,1.3618201649083077,0
0,trf_6_726a,0.08075460766402652,15.0,0.53836405109351,0
0,trf_6_737a,0.5854128363011094,15.0,3.902752242007396,0
0,trf_6_728a,1.0780759903535484,30.0,3.593586634511828,0
0,trf_6_125a,0.05272887286857952,10.0,0.5272887286857951,0
0,trf_6_3011a,0.24570745523624118,10.0,2.457074552362412,0
0,trf_6_3819a,1.405325011669395,30.0,4.684416705564649,0
0,trf_6_1344a,0.16793428742061595,10.0,1.6793428742061594,0
0,trf_6_122a,0.09355918089668258,10.0,0.9355918089668258,0
0,trf_6_1212a,0.5233298336245826,25.0,2.0933193344983305,0
0,trf_6_1213a,0.19185876222145617,10.0,1.9185876222145617,0
0,trf_6_1139a,1.059925955305662,15.0,7.066173035371079,0
0,trf_6_1145a,0.3365421425581149,10.0,3.365421425581149,0
0,trf_16_302a,0.13392500417114986,10.0,1.3392500417114985,0
0,trf_16_301a,0.4717041927982243,25.0,1.886816771192897,0
0,trf_6_124a,1.8076695330929256,45.0,4.017043406873167,0
0,trf_16_6318a,1.2739539733126288,45.0,2.8310088295836198,0
0,trf_16_303a,0.5425883160693894,15.0,3.617255440462596,0
0,trf_6_1256a,0.19249323325286655,10.0,1.9249323325286654,0
0,trf_6_2090a,0.7139625707084016,15.0,4.759750471389344,0
0,trf_6_1445a,0.330912476394596,10.0,3.3091247639459596,0
0,trf_6_4766a,0.37439489086210154,112.5,0.33279545854409026,0
0,trf_16_3549a,0.0,0.0,0.0,0
0,trf_11_4675a,0.4671533489192071,150.0,0.3114355659461381,0
0,trf_16_4173a,0.2302258712854316,10.0,2.3022587128543157,0
0,trf_6_4662a,0.741754311668238,300.0,0.247251437222746,0
0,trf_6_2860a,0.49638995261309804,10.0,4.96389952613098,0
0,trf_6_1178a,0.4056617667653363,15.0,2.7044117784355755,0
0,trf_6_4249a,0.6725487334977219,25.0,2.6901949339908877,0
0,trf_6_2887a,0.36655305089122353,10.0,3.665530508912235,0
0,trf_6_2064a,0.15634958923441775,5.0,3.1269917846883546,0
0,trf_6_4161a,0.1552547022410658,10.0,1.5525470224106581,0
0,trf_6_1960a,0.30132783584312695,10.0,3.0132783584312692,0
0,trf_6_6394a,0.5670941228722439,25.0,2.2683764914889757,0
0,trf_6_3613a,0.14195623783817415,10.0,1.4195623783817415,0
0,trf_6_738a,0.03539994503509281,5.0,0.7079989007018563,0
0,trf_16_2195a,1.857322445535956,15.0,12.382149636906373,0
0,trf_16_4674a,0.6488605436452675,225.0,0.28838246384234106,0
0,trf_6_2417a,0.36754692893054597,10.0,3.6754692893054597,0
0,trf_16_4687a,0.27089679853667714,75.0,0.3611957313822362,0
0,trf_16_2428a,0.20519043502360645,5.0,4.103808700472129,0
0,trf_16_2658a,0.22181253598540418,15.0,1.4787502399026946,0
0,trf_6_1177a,2.556496173722875,75.0,3.408661564963833,0
0,trf_6_4661a,0.45675848801335517,150.0,0.3045056586755701,0
0,trf_6_3019a,0.2546414510635706,10.0,2.546414510635706,0
0,trf_6_3013a,0.5299026299215627,5.0,10.598052598431254,0
0,trf_16_3364a,0.34585207883546737,15.0,2.3056805255697825,0
0,trf_6_3563a,0.5660079253333541,10.0,5.6600792533335404,0
0,trf_16_3328a,0.22117647123296602,10.0,2.21176471232966,0
0,trf_6_3721a,0.030306493949069965,5.0,0.6061298789813993,0
0,trf_6_3434a,0.37001921424978046,5.0,7.400384284995608,0
0,trf_6_3010a,0.10619426827763628,10.0,1.061942682776363,0
0,trf_6_3509a,0.9358393540503883,5.0,18.716787081007766,0
0,trf_16_6165a,0.0,0.0,0.0,0
0,trf_6_3142a,0.17281101204147475,10.0,1.7281101204147475,0
0,trf_16_3908a,0.0,0.0,0.0,0
0,trf_6_3604a,0.07738322290441842,10.0,0.7738322290441841,0
0,trf_6_3012a,0.14118270557755594,10.0,1.4118270557755594,0
0,trf_6_3507a,0.23530374175444355,10.0,2.3530374175444355,0
0,trf_34_5142a,0.15690955621898245,10.0,1.5690955621898246,0
0,trf_6_3508a,0.04549136066988622,10.0,0.45491360669886216,0
0,trf_6_3634a,0.4649997701884579,10.0,4.649997701884579,0
0,trf_6_3224a,0.1352704660983334,5.0,2.705409321966668,0
0,trf_16_3904a,0.3508525195487969,10.0,3.5085251954879695,0
0,trf_11_3987a,0.3959246456588069,5.0,7.918492913176138,0
0,trf_16_3997a,0.6127245890258602,30.0,2.0424152967528673,0
0,trf_6_3817a,0.1202623922284289,5.0,2.405247844568578,0
0,trf_6_3818a,0.40701327124712183,10.0,4.070132712471219,0
0,trf_16_1142a,1.1862161317211826,45.0,2.6360358482692945,0
0,trf_34_5260a,0.36034005632229427,10.0,3.603400563222942,0
0,trf_6_5725a,0.7425791047482697,300.0,0.24752636824942323,0
0,trf_6_5472a,0.4155001178605416,15.0,2.770000785736944,0
0,trf_6_4925a,0.3744574100422377,112.5,0.3328510311486557,0
0,trf_6_3256a,1.6353211554324503,15.0,10.902141036216335,0
0,trf_6_4998a,0.3737326495369319,112.5,0.33220679958838395,0
0,trf_16_5055a,0.7970836281831489,10.0,7.97083628183149,0
0,trf_6_724a,0.582723444558399,30.0,1.94241148186133,0
0,trf_11_4785a,0.21177692977551732,10.0,2.1177692977551734,0
0,trf_16_5003a,0.07650204456140791,15.0,0.5100136304093861,0
0,trf_6_5157a,0.741993878185627,300.0,0.24733129272854232,0
0,trf_6_5085a,1.0152348058072291,30.0,3.3841160193574304,0
0,trf_6_5595a,0.7081794435079727,30.0,2.3605981450265756,0
0,trf_11_5652a,0.06281046856284217,15.0,0.41873645708561447,0
0,trf_16_5666a,0.10059893799732023,10.0,1.0059893799732023,0
0,trf_6_5711a,0.5179619720265988,30.0,1.726539906755329,0
0,trf_6_5712a,1.15767216296201,30.0,3.858907209873366,0
0,trf_6_5659a,0.3110127731915116,30.0,1.0367092439717054,0
0,trf_6_1262a,0.38157342464721583,10.0,3.815734246472158,0
0,trf_16_6019a,0.055546898368529746,10.0,0.5554689836852974,0
0,trf_16_6122a,0.04502951634751119,10.0,0.45029516347511195,0
0,trf_6_6158a,2.3263467228962855,45.0,5.1696593842139675,0
0,trf_6_6197a,3.3852378198446806,75.0,4.5136504264595745,0
0,trf_6_6153a,4.488977440641097,30.0,14.963258135470323,0
0,trf_6_1504a,0.4191392204941489,30.0,1.3971307349804964,0
0,trf_6_6249a,1.5576394213961324,30.0,5.192131404653775,0
0,trf_16_6312a,0.3867353729996428,30.0,1.2891179099988093,0
0,trf_6_6386a,0.45477113368344074,150.0,0.3031807557889605,0
0,trf_6_4627a,0.37440600191922796,112.5,0.33280533503931375,0
0,trf_11_6443a,0.4671510669164079,150.0,0.3114340446109386,0
0,trf_12_6577a,0.14534944573922648,30.0,0.4844981524640882,0
0,trf_12_6578a,0.19207126778400116,45.0,0.4268250395200026,0
0,trf_11_6482a,0.19205715743152132,45.0,0.4267936831811585,0
0,trf_6_1647a,0.22599557274337326,10.0,2.2599557274337325,0
0,trf_6_6496a,0.37359057618294683,112.5,0.3320805121626194,0
0,trf_6_727a,1.3664602446261571,30.0,4.55486748208719,0
1,trf_6_1030a,0.5607111321233695,10.0,5.607111321233695,0
1,trf_6_878a,0.11419209694878542,10.0,1.1419209694878543,0
1,trf_16_1585a,0.17036501510731203,15.0,1.1357667673820802,0
1,trf_16_3545a,0.045140717651769836,10.0,0.45140717651769835,0
1,trf_16_1143a,2.388106528618056,30.0,7.9603550953935205,0
1,trf_16_6460a,0.7664635534323448,25.0,3.0658542137293794,0
1,trf_6_725a,0.050502602231419065,10.0,0.5050260223141907,0
1,trf_6_3820a,0.8023434793781464,15.0,5.348956529187643,0
1,trf_6_3538a,0.539214336218103,10.0,5.39214336218103,0
1,trf_6_4910a,8.770923281202371,30.0,29.23641093734124,0
1,trf_6_1870a,0.26541507832150185,15.0,1.7694338554766789,0
1,trf_6_127a,1.0533902348150868,15.0,7.022601565433912,0
1,trf_6_1541a,0.7218682672060492,15.0,4.812455114706995,0
1,trf_6_1503a,0.29765900878391777,10.0,2.9765900878391776,0
1,trf_6_6272a,0.24117622625936821,15.0,1.607841508395788,0
1,trf_6_128a,0.39494140735344613,15.0,2.6329427156896412,0
1,trf_6_1260a,0.04541153231811947,10.0,0.4541153231811947,0
1,trf_6_1350a,0.7602679526608603,45.0,1.6894843392463565,0
1,trf_6_808a,0.5941744853331106,15.0,3.9611632355540705,0
1,trf_6_1475a,0.8358118866697664,15.0,5.572079244465109,0
1,trf_6_1138a,0.9410649405581326,10.0,9.410649405581326,0
1,trf_6_1146a,0.9045901934582368,10.0,9.045901934582368,0
1,trf_16_2916a,0.530629294120945,10.0,5.30629294120945,0
1,trf_16_1140a,0.0452384091596875,10.0,0.452384091596875,0
1,trf_16_5474a,0.4612569937813054,10.0,4.6125699378130545,0
1,trf_16_3548a,0.8500382329219897,10.0,8.500382329219896,0
1,trf_16_1141a,0.5584924675380453,15.0,3.723283116920302,0
1,trf_6_810a,0.9727997973313888,30.0,3.242665991104629,0
1,trf_16_300a,0.48436378447723516,15.0,3.229091896514901,0
1,trf_16_3130a,1.3876723181517476,30.0,4.625574393839159,0
1,trf_11_4955a,2.1291555577929104,15.0,14.19437038528607,0
1,trf_11_131a,0.9227108010920457,10.0,9.227108010920457,0
1,trf_6_1048a,0.2289336856537548,15.0,1.526224571025032,0
1,trf_6_129a,0.4453052533507664,10.0,4.453052533507664,0
1,trf_34_1018a,0.26510870599974606,5.0,5.3021741199949215,0
1,trf_16_5730a,0.37788912694497,25.0,1.51155650777988,0
1,trf_16_1144a,0.5936619094150802,15.0,3.9577460627672014,0
1,trf_6_6273a,1.4134131207235816,30.0,4.711377069078606,0
1,trf_6_1238a,0.6042160221651373,15.0,4.028106814434248,0
1,trf_6_731a,0.22163673832396555,15.0,1.4775782554931036,0
1,trf_6_732a,0.8541051817978852,30.0,2.8470172726596177,0
1,trf_16_6082a,0.4110097344328665,15.0,2.74006489621911,0
1,trf_16_537a,0.22252299753120136,5.0,4.450459950624028,0
1,trf_16_3996a,1.6591613633403888,15.0,11.061075755602591,0
1,trf_16_1095a,0.4417078806477038,15.0,2.9447192043180253,0
1,trf_6_730a,0.30382632891541106,15.0,2.0255088594360737,0
1,trf_34_1649a,0.15157959174969438,5.0,3.0315918349938875,0
1,trf_34_5029a,0.40327283475090575,10.0,4.032728347509058,0
1,trf_34_1581a,0.6045756161583317,10.0,6.045756161583316,0
1,trf_11_132a,0.38131960927078007,10.0,3.8131960927078006,0
1,trf_16_3221a,1.1645165885446525,25.0,4.65806635417861,0
1,trf_16_504a,0.9716650885964172,15.0,6.4777672573094485,0
1,trf_6_735a,0.1832959054294341,10.0,1.832959054294341,0
1,trf_6_4489a,2.2963803877865807,25.0,9.185521551146323,0
1,trf_6_729a,1.0131907318078615,15.0,6.754604878719077,0
1,trf_16_299a,1.4569617506761505,45.0,3.2376927792803345,0
1,trf_16_1301a,0.44904342390337065,10.0,4.490434239033706,0
1,trf_16_2139a,1.5923201130157616,25.0,6.369280452063046,0
1,trf_16_6081a,0.18157681443733562,10.0,1.8157681443733562,0
1,trf_6_1019a,1.975444599495217,25.0,7.901778397980868,0
1,trf_11_2597a,0.45183677178377446,10.0,4.518367717837744,0
1,trf_11_130a,0.39350900805685024,15.0,2.623393387045668,0
1,trf_6_4704a,1.209147502539426,10.0,12.09147502539426,0
1,trf_6_733a,0.05103443286348144,10.0,0.5103443286348144,0
1,trf_11_305a,1.0030720718653672,75.0,1.337429429153823,0
1,trf_16_539a,0.051309012327824255,10.0,0.5130901232782425,0
1,trf_6_1151a,0.6596257852365066,30.0,2.198752617455022,0
1,trf_6_4764a,0.2731735981846261,75.0,0.36423146424616815,0
1,trf_6_4765a,0.45527122388870045,150.0,0.30351414925913367,0
1,trf_16_538a,0.5065737624219461,30.0,1.6885792080731536,0
1,trf_11_133a,0.05231260584550649,10.0,0.5231260584550649,0
1,trf_6_723a,0.5979961607740304,15.0,3.986641071826869,0
1,trf_6_722a,0.19910794114275226,15.0,1.327386274285015,0
1,trf_6_726a,0.08079241815327474,15.0,0.5386161210218317,0
1,trf_6_737a,0.5643913465674297,15.0,3.7626089771161983,0
1,trf_6_728a,1.039108944679274,30.0,3.463696482264247,0
1,trf_6_125a,0.052550079788970985,10.0,0.5255007978897098,0
1,trf_6_3011a,0.23769347198364876,10.0,2.3769347198364876,0
1,trf_6_3819a,1.3532817715844954,30.0,4.510939238614984,0
1,trf_6_1344a,0.16292985201878138,10.0,1.6292985201878138,0
1,trf_6_122a,0.09188529274219462,10.0,0.9188529274219462,0
1,trf_6_1212a,0.5051077256218236,25.0,2.0204309024872944,0
1,trf_6_1213a,0.18499764850717684,10.0,1.8499764850717686,0
1,trf_6_1139a,1.0183994646465055,15.0,6.789329764310037,0
1,trf_6_1145a,0.32354024598074177,10.0,3.2354024598074176,0
1,trf_16_302a,0.13028833913055526,10.0,1.3028833913055526,0
1,trf_16_301a,0.45594580552157155,25.0,1.8237832220862862,0
1,trf_6_124a,1.740905178863217,45.0,3.8686781752515933,0
1,trf_16_6318a,1.2289948599955673,45.0,2.7310996888790386,0
1,trf_16_303a,0.5230815088921037,15.0,3.487210059280691,0
1,trf_6_1256a,0.18655878214992702,10.0,1.86558782149927,0
1,trf_6_2090a,0.6876425564250798,15.0,4.584283709500531,0
1,trf_6_1445a,0.31902939667053326,10.0,3.1902939667053323,0
1,trf_6_4766a,0.37452667063989936,112.5,0.332912596124355,0
1,trf_16_3549a,0.0,0.0,0.0,0
1,trf_11_4675a,0.46743292850521134,150.0,0.31162195233680756,0
1,trf_16_4173a,0.22247138058414342,10.0,2.2247138058414344,0
1,trf_6_4662a,0.7421106715304664,300.0,0.2473702238434888,0
1,trf_6_2860a,0.4776801079649879,10.0,4.7768010796498785,0
1,trf_6_1178a,0.39129835238337596,15.0,2.60865568255584,0
1,trf_6_4249a,0.6482190020281768,25.0,2.5928760081127074,0
1,trf_6_2887a,0.35320153784233904,10.0,3.5320153784233903,0
1,trf_6_2064a,0.15109671701708882,5.0,3.0219343403417764,0
1,trf_6_4161a,0.1506562504174633,10.0,1.5065625041746329,0
1,trf_6_1960a,0.2906591497754574,10.0,2.906591497754574,0
1,trf_6_6394a,0.546827675178027,25.0,2.187310700712108,0
1,trf_6_3613a,0.13791307117359275,10.0,1.3791307117359275,0
1,trf_6_738a,0.035412846185102625,5.0,0.7082569237020525,0
1,trf_16_2195a,1.7831467231252622,15.0,11.887644820835082,0
1,trf_16_4674a,0.6492474538227362,225.0,0.28855442392121605,0
1,trf_6_2417a,0.3541516151220815,10.0,3.541516151220815,0
1,trf_16_4687a,0.27092045964365635,75.0,0.36122727952487516,0
1,trf_16_2428a,0.197865870486663,5.0,3.9573174097332595,0
1,trf_16_2658a,0.2160253938627461,15.0,1.4401692924183074,0
1,trf_6_1177a,2.504238470277583,75.0,3.3389846270367776,0
1,trf_6_4661a,0.45692245733060505,150.0,0.3046149715537367,0
1,trf_6_3019a,0.24604336909444294,10.0,2.4604336909444293,0
1,trf_6_3013a,0.5091462120114797,5.0,10.182924240229593,0
1,trf_16_3364a,0.3348871003334662,15.0,2.2325806688897747,0
1,trf_6_3563a,0.5444153584092535,10.0,5.444153584092534,0
1,trf_16_3328a,0.21387306101409626,10.0,2.1387306101409624,0
1,trf_6_3721a,0.03031962553977765,5.0,0.606392510795553,0
1,trf_6_3434a,0.3560183044862017,5.0,7.120366089724034,0
1,trf_6_3010a,0.10362965026619485,10.0,1.0362965026619484,0
1,trf_6_3509a,0.8983673162890607,5.0,17.967346325781214,0
1,trf_16_6165a,0.0,0.0,0.0,0
1,trf_6_3142a,0.16748585785246325,10.0,1.6748585785246326,0
1,trf_16_3908a,0.0,0.0,0.0,0
1,trf_6_3604a,0.07605669136312705,10.0,0.7605669136312705,0
1,trf_6_3012a,0.13715839475392505,10.0,1.3715839475392504,0
1,trf_6_3507a,0.22749744700924138,10.0,2.2749744700924137,0
1,trf_34_5142a,0.15234466440114572,10.0,1.5234466440114571,0
1,trf_6_3508a,0.045509515924376916,10.0,0.45509515924376914,0
1,trf_6_3634a,0.44755852011941494,10.0,4.475585201194149,0
1,trf_6_3224a,0.13086680196619083,5.0,2.6173360393238165,0
1,trf_16_3904a,0.3380671807560296,10.0,3.380671807560296,0
1,trf_11_3987a,0.38083118700955904,5.0,7.61662374019118,0
1,trf_16_3997a,0.5932136451353579,30.0,1.9773788171178597,0
1,trf_6_3817a,0.11650704285527338,5.0,2.3301408571054676,0
1,trf_6_3818a,0.39197955014601826,10.0,3.9197955014601824,0
1,trf_16_1142a,1.1442890794815486,45.0,2.542864621070108,0
1,trf_34_5260a,0.34735279574164396,10.0,3.4735279574164393,0
1,trf_6_5725a,0.7428956652495922,300.0,0.24763188841653072,0
1,trf_6_5472a,0.40072401782655537,15.0,2.671493452177036,0
1,trf_6_4925a,0.3745863567060643,112.5,0.3329656504053905,0
1,trf_6_3256a,1.570551034254865,15.0,10.470340228365766,0
1,trf_6_4998a,0.37389754643530965,112.5,0.33235337460916414,0
1,trf_16_5055a,0.7657364916682087,10.0,7.657364916682087,0
1,trf_6_724a,0.564286807071918,30.0,1.88095602357306,0
1,trf_11_4785a,0.204915609142828,10.0,2.04915609142828,0
1,trf_16_5003a,0.07590428712107244,15.0,0.5060285808071496,0
1,trf_6_5157a,0.7423412517649155,300.0,0.24744708392163847,0
1,trf_6_5085a,0.9788429397201425,30.0,3.2628097990671416,0
1,trf_6_5595a,0.684922234321122,30.0,2.28307411440374,0
1,trf_11_5652a,0.06284676167689095,15.0,0.418978411179273,0
1,trf_16_5666a,0.09824976626434616,10.0,0.9824976626434616,0
1,trf_6_5711a,0.5022204010105551,30.0,1.6740680033685171,0
1,trf_6_5712a,1.115412559681097,30.0,3.718041865603657,0
1,trf_6_5659a,0.30392455996461487,30.0,1.0130818665487162,0
1,trf_6_1262a,0.36780073354712084,10.0,3.6780073354712086,0
1,trf_16_6019a,0.055105963162609156,10.0,0.5510596316260916,0
1,trf_16_6122a,0.045031048878688404,10.0,0.450310488786884,0
1,trf_6_6158a,2.2382324322058538,45.0,4.973849849346341,0
1,trf_6_6197a,3.256099785543227,75.0,4.341466380724302,0
1,trf_6_6153a,4.348232909442082,30.0,14.494109698140274,0
1,trf_6_1504a,0.40754640047498564,30.0,1.3584880015832854,0
1,trf_6_6249a,1.498884058561048,30.0,4.996280195203493,0
1,trf_16_6312a,0.3765829424184663,30.0,1.2552764747282208,0
1,trf_6_6386a,0.45495976304895386,150.0,0.3033065086993026,0
1,trf_6_4627a,0.37453726708749824,112.5,0.33292201518888737,0
1,trf_11_6443a,0.4674308299193684,150.0,0.31162055327957894,0
1,trf_12_6577a,0.14543634040252432,30.0,0.4847878013417477,0
1,trf_12_6578a,0.19218609428389394,45.0,0.4270802095197643,0
1,trf_11_6482a,0.19217197549574738,45.0,0.4270488344349942,0
1,trf_6_1647a,0.21845774902009296,10.0,2.1845774902009296,0
1,trf_6_6496a,0.3737620021295744,112.5,0.33223289078184387,0
1,trf_6_727a,1.3155550258096074,30.0,4.385183419365358,0
2,trf_6_1030a,0.5325469458002563,10.0,5.325469458002563,0
2,trf_6_878a,0.11049715663782467,10.0,1.1049715663782467,0
2,trf_16_1585a,0.1654992084742379,15.0,1.1033280564949195,0
2,trf_16_3545a,0.04514199093315342,10.0,0.45141990933153425,0
2,trf_16_1143a,2.264046084135942,30.0,7.546820280453141,0
2,trf_16_6460a,0.7284635900949341,25.0,2.9138543603797364,0
2,trf_6_725a,0.050515315194967866,10.0,0.5051531519496787,0
2,trf_6_3820a,0.7617227712518805,15.0,5.078151808345869,0
2,trf_6_3538a,0.5121902926342814,10.0,5.121902926342814,0
2,trf_6_4910a,8.299348626077181,30.0,27.66449542025727,0
2,trf_6_1870a,0.2542445551651995,15.0,1.6949637011013299,0
2,trf_6_127a,0.9990714594952547,15.0,6.6604763966350315,0
2,trf_6_1541a,0.6867618952118173,15.0,4.578412634745448,0
2,trf_6_1503a,0.28370516578421356,10.0,2.8370516578421356,0
2,trf_6_6272a,0.2313182095213825,15.0,1.5421213968092167,0
2,trf_6_128a,0.376641746091712,15.0,2.510944973944747,0
2,trf_6_1260a,0.045425508490110816,10.0,0.4542550849011081,0
2,trf_6_1350a,0.7283693864273241,45.0,1.6185986365051646,0
2,trf_6_808a,0.565755388703481,15.0,3.7717025913565396,0
2,trf_6_1475a,0.792388725270634,15.0,5.282591501804226,0
2,trf_6_1138a,0.8917283186841823,10.0,8.917283186841823,0
2,trf_6_1146a,0.857240458644251,10.0,8.572404586442511,0
2,trf_16_2916a,0.5037842422339432,10.0,5.037842422339432,0
2,trf_16_1140a,0.045241050925389194,10.0,0.4524105092538919,0
2,trf_16_5474a,0.43822764594101693,10.0,4.3822764594101695,0
2,trf_16_3548a,0.804562067129671,10.0,8.04562067129671,0
2,trf_16_1141a,0.5308698461625398,15.0,3.5391323077502657,0
2,trf_6_810a,0.9267550461684725,30.0,3.0891834872282415,0
2,trf_16_300a,0.46105122121557923,15.0,3.0736748081038616,0
2,trf_16_3130a,1.3190860691675683,30.0,4.396953563891895,0
2,trf_11_4955a,2.0159539441669123,15.0,13.439692961112748,0
2,trf_11_131a,0.8749059372163867,10.0,8.749059372163867,0
2,trf_6_1048a,0.2206700010721573,15.0,1.4711333404810487,0
2,trf_6_129a,0.42341499226525453,10.0,4.234149922652545,0
2,trf_34_1018a,0.2522315549919543,5.0,5.044631099839086,0
2,trf_16_5730a,0.36150090810580204,25.0,1.4460036324232082,0
2,trf_16_1144a,0.56414957269878,15.0,3.7609971513251996,0
2,trf_6_6273a,1.3431437997048843,30.0,4.477145999016281,0
2,trf_6_1238a,0.5742019165782816,15.0,3.8280127771885435,0
2,trf_6_731a,0.2137794574961978,15.0,1.4251963833079853,0
2,trf_6_732a,0.814583005120136,30.0,2.7152766837337867,0
2,trf_16_6082a,0.3916885076105941,15.0,2.6112567174039607,0
2,trf_16_537a,0.21218847120239026,5.0,4.243769424047805,0
2,trf_16_3996a,1.5713447886076126,15.0,10.47563192405075,0
2,trf_16_1095a,0.42070368960205107,15.0,2.804691264013674,0
2,trf_6_730a,0.2912103700081668,15.0,1.941402466721112,0
2,trf_34_1649a,0.14493209859469236,5.0,2.898641971893847,0
2,trf_34_5029a,0.38363662244066327,10.0,3.8363662244066328,0
2,trf_34_1581a,0.5739025047748979,10.0,5.73902504774898,0
2,trf_11_132a,0.36288694893888684,10.0,3.628869489388868,0
2,trf_16_3221a,1.104847033255297,25.0,4.419388133021188,0
2,trf_16_504a,0.9055758038806769,15.0,6.03717202587118,0
2,trf_6_735a,0.17590128924700268,10.0,1.759012892470027,0
2,trf_6_4489a,2.174617971042034,25.0,8.698471884168136,0
2,trf_6_729a,0.9617544604605884,15.0,6.411696403070589,0
2,trf_16_299a,1.3869406639242166,45.0,3.082090364276037,0
2,trf_16_1301a,0.4270834685326924,10.0,4.270834685326924,0
2,trf_16_2139a,1.509338938253769,25.0,6.037355753015075,0
2,trf_16_6081a,0.17405789729897056,10.0,1.7405789729897054,0
2,trf_6_1019a,1.87160336237458,25.0,7.48641344949832,0
2,trf_11_2597a,0.42953516095801486,10.0,4.295351609580148,0
2,trf_11_130a,0.3763517674030247,15.0,2.5090117826868314,0
2,trf_6_4704a,1.1433461149766695,10.0,11.433461149766696,0
2,trf_6_733a,0.05073792784659389,10.0,0.5073792784659389,0
2,trf_11_305a,0.9629111472752084,75.0,1.283881529700278,0
2,trf_16_539a,0.051325210681142965,10.0,0.5132521068114296,0
2,trf_6_1151a,0.6308211783967935,30.0,2.102737261322645,0
2,trf_6_4764a,0.27322748828324445,75.0,0.3643033177109926,0
2,trf_6_4765a,0.4553613085848982,150.0,0.3035742057232655,0
2,trf_16_538a,0.4863743880866908,30.0,1.6212479602889693,0
2,trf_11_133a,0.05233604858793254,10.0,0.5233604858793254,0
2,trf_6_723a,0.5693647373526995,15.0,3.795764915684664,0
2,trf_6_722a,0.1925044751188068,15.0,1.283363167458712,0
2,trf_6_726a,0.08081246123533584,15.0,0.5387497415689055,0
2,trf_6_737a,0.5376047223985558,15.0,3.5840314826570387,0
2,trf_6_728a,0.9894101335300152,30.0,3.298033778433384,0
2,trf_6_125a,0.0523057105247812,10.0,0.523057105247812,0
2,trf_6_3011a,0.22746333691299112,10.0,2.274633369129911,0
2,trf_6_3819a,1.2868881397735106,30.0,4.289627132578369,0
2,trf_6_1344a,0.1565367475414291,10.0,1.565367475414291,0
2,trf_6_122a,0.0897365443789228,10.0,0.897365443789228,0
2,trf_6_1212a,0.48185768820474,25.0,1.92743075281896,0
2,trf_6_1213a,0.17715226671242604,10.0,1.7715226671242603,0
2,trf_6_1139a,0.9655779565532183,15.0,6.4371863770214555,0
2,trf_6_1145a,0.3078857896326694,10.0,3.078857896326694,0
2,trf_16_302a,0.125640649698093,10.0,1.2564064969809299,0
2,trf_16_301a,0.43583996029798483,25.0,1.7433598411919393,0
2,trf_6_124a,1.6557304915020288,45.0,3.6794010922267306,0
2,trf_16_6318a,1.1716354316769457,45.0,2.603634292615435,0
2,trf_16_303a,0.4981963864557258,15.0,3.321309243038172,0
2,trf_6_1256a,0.17898475144532594,10.0,1.7898475144532593,0
2,trf_6_2090a,0.6540831234103297,15.0,4.360554156068864,0
2,trf_6_1445a,0.303876533023545,10.0,3.0387653302354503,0
2,trf_6_4766a,0.37459864991917585,112.5,0.3329765777059341,0
2,trf_16_3549a,0.0,0.0,0.0,0
2,trf_11_4675a,0.46761747569616596,150.0,0.311744983797444,0
2,trf_16_4173a,0.21261296240803018,10.0,2.126129624080302,0
2,trf_6_4662a,0.7422963932814868,300.0,0.24743213109382892,0
2,trf_6_2860a,0.453824688857165,10.0,4.53824688857165,0
2,trf_6_1178a,0.37300089829399957,15.0,2.4866726552933307,0
2,trf_6_4249a,0.6171728855264336,25.0,2.4686915421057343,0
2,trf_6_2887a,0.3361946078637036,10.0,3.361946078637036,0
2,trf_6_2064a,0.14440374612111467,5.0,2.8880749224222937,0
2,trf_6_4161a,0.14479633013089266,10.0,1.4479633013089266,0
2,trf_6_1960a,0.2770719236815486,10.0,2.770719236815486,0
2,trf_6_6394a,0.5210175974888596,25.0,2.0840703899554383,0
2,trf_6_3613a,0.1327599458460808,10.0,1.327599458460808,0
2,trf_6_738a,0.03542026896909432,5.0,0.7084053793818865,0
2,trf_16_2195a,1.688637332266354,15.0,11.257582215109027,0
2,trf_16_4674a,0.6495033582876346,225.0,0.2886681592389487,0
2,trf_6_2417a,0.33707599547022504,10.0,3.37075995470225,0
2,trf_16_4687a,0.270933691282179,75.0,0.36124492170957195,0
2,trf_16_2428a,0.1885555177155379,5.0,3.7711103543107583,0
2,trf_16_2658a,0.2086273327798528,15.0,1.3908488851990186,0
2,trf_6_1177a,2.437518587643933,75.0,3.250024783525244,0
2,trf_6_4661a,0.4570205991990261,150.0,0.3046803994660174,0
2,trf_6_3019a,0.23507083452164465,10.0,2.3507083452164466,0
2,trf_6_3013a,0.48274050891603587,5.0,9.654810178320718,0
2,trf_16_3364a,0.3208925385615364,15.0,2.1392835904102427,0
2,trf_6_3563a,0.5169144025099098,10.0,5.169144025099099,0
2,trf_16_3328a,0.20456200710985248,10.0,2.045620071098525,0
2,trf_6_3721a,0.03032619436247858,5.0,0.6065238872495715,0
2,trf_6_3434a,0.33816147678529657,5.0,6.763229535705932,0
2,trf_6_3010a,0.10036656956180705,10.0,1.0036656956180705,0
2,trf_6_3509a,0.8506584208295105,5.0,17.01316841659021,0
2,trf_16_6165a,0.0,0.0,0.0,0
2,trf_6_3142a,0.1606895405542913,10.0,1.6068954055429132,0
2,trf_16_3908a,0.0,0.0,0.0,0
2,trf_6_3604a,0.07435392489966965,10.0,0.7435392489966965,0
2,trf_6_3012a,0.1320356416933109,10.0,1.320356416933109,0
2,trf_6_3507a,0.21753463579917845,10.0,2.1753463579917844,0
2,trf_34_5142a,0.1465133324904463,10.0,1.465133324904463,0
2,trf_6_3508a,0.04551867834181299,10.0,0.4551867834181299,0
2,trf_6_3634a,0.42535029786442974,10.0,4.253502978644297,0
2,trf_6_3224a,0.12526382423528018,5.0,2.5052764847056035,0
2,trf_16_3904a,0.32182072946201434,10.0,3.218207294620144,0
2,trf_11_3987a,0.36158320085892287,5.0,7.231664017178457,0
2,trf_16_3997a,0.5683159381896975,30.0,1.894386460632325,0
2,trf_6_3817a,0.11172100195997557,5.0,2.2344200391995113,0
2,trf_6_3818a,0.3728115623467677,10.0,3.7281156234676773,0
2,trf_16_1142a,1.0910241353876453,45.0,2.424498078639212,0
2,trf_34_5260a,0.3307833487536684,10.0,3.3078334875366835,0
2,trf_6_5725a,0.743063236312488,300.0,0.247687745437496,0
2,trf_6_5472a,0.38188667531195836,15.0,2.5459111687463887,0
2,trf_6_4925a,0.37465725868192506,112.5,0.3330286743839334,0
2,trf_6_3256a,1.48793912122698,15.0,9.9195941415132,0
2,trf_6_4998a,0.37398581860825253,112.5,0.3324318387628911,0
2,trf_16_5055a,0.7259394792350126,10.0,7.259394792350126,0
2,trf_6_724a,0.5407550651624828,30.0,1.8025168838749428,0
2,trf_11_4785a,0.19615838685607018,10.0,1.9615838685607017,0
2,trf_16_5003a,0.07512687821157275,15.0,0.5008458547438184,0
2,trf_6_5157a,0.7425253213498212,300.0,0.2475084404499404,0
2,trf_6_5085a,0.9324615788650827,30.0,3.108205262883609,0
2,trf_6_5595a,0.6552350659060548,30.0,2.184116886353516,0
2,trf_11_5652a,0.06287154590265874,15.0,0.41914363935105825,0
2,trf_16_5666a,0.09526815249393705,10.0,0.9526815249393705,0
2,trf_6_5711a,0.48212305209552386,30.0,1.6070768403184128,0
2,trf_6_5712a,1.061516719798,30.0,3.5383890659933335,0
2,trf_6_5659a,0.29485671275340686,30.0,0.9828557091780229,0
2,trf_6_1262a,0.35023780919160863,10.0,3.5023780919160865,0
2,trf_16_6019a,0.05454604612414685,10.0,0.5454604612414685,0
2,trf_16_6122a,0.045032238402787014,10.0,0.4503223840278701,0
2,trf_6_6158a,2.125837981318175,45.0,4.724084402929278,0
2,trf_6_6197a,3.091442258226092,75.0,4.121923010968123,0
2,trf_6_6153a,4.17888350435408,30.0,13.929611681180267,0
2,trf_6_1504a,0.39276379306644077,30.0,1.3092126435548024,0
2,trf_6_6249a,1.4240320761805982,30.0,4.7467735872686605,0
2,trf_16_6312a,0.36362075082785067,30.0,1.212069169426169,0
2,trf_6_6386a,0.4550609163865766,150.0,0.30337394425771774,0
2,trf_6_4627a,0.3746090562910198,112.5,0.3329858278142398,0
2,trf_11_6443a,0.46761542641297893,150.0,0.3117436176086526,0
2,trf_12_6577a,0.14549373476875896,30.0,0.48497911589586323,0
2,trf_12_6578a,0.19226193777042888,45.0,0.4272487506009531,0
2,trf_11_6482a,0.1922478134105528,45.0,0.42721736313456177,0
2,trf_6_1647a,0.20884926868434167,10.0,2.088492686843417,0
2,trf_6_6496a,0.37385289861081344,112.5,0.33231368765405644,0
2,trf_6_727a,1.250656355170432,30.0,4.168854517234773,0
3,trf_6_1030a,0.48589054024182693,10.0,4.858905402418269,0
3,trf_6_878a,0.10436324587530532,10.0,1.0436324587530532,0
3,trf_16_1585a,0.1574174100751524,15.0,1.049449400501016,0
3,trf_16_3545a,0.045140897299924404,10.0,0.451408972999244,0
3,trf_16_1143a,2.059083671825439,30.0,6.8636122394181305,0
3,trf_16_6460a,0.6656883514782177,25.0,2.662753405912871,0
3,trf_6_725a,0.05051210141382467,10.0,0.5051210141382467,0
3,trf_6_3820a,0.6943951536461304,15.0,4.629301024307535,0
3,trf_6_3538a,0.46739156973575324,10.0,4.673915697357533,0
3,trf_6_4910a,7.517751532267904,30.0,25.059171774226346,0
3,trf_6_1870a,0.23572195589848408,15.0,1.571479705989894,0
3,trf_6_127a,0.9090305229287757,15.0,6.060203486191838,0
3,trf_6_1541a,0.6285677237077709,15.0,4.190451491385139,0
3,trf_6_1503a,0.2606034745618267,10.0,2.606034745618267,0
3,trf_6_6272a,0.21496737146607114,15.0,1.4331158097738075,0
3,trf_6_128a,0.3462971325487051,15.0,2.3086475503247006,0
3,trf_6_1260a,0.04542705590382606,10.0,0.4542705590382606,0
3,trf_6_1350a,0.6754996341220059,45.0,1.501110298048902,0
3,trf_6_808a,0.5186702166437127,15.0,3.4578014442914182,0
3,trf_6_1475a,0.7266058222573349,15.0,4.8440388150489,0
3,trf_6_1138a,0.8101018907995324,10.0,8.101018907995325,0
3,trf_6_1146a,0.778926708710837,10.0,7.789267087108371,0
3,trf_16_2916a,0.45942202795852316,10.0,4.594220279585231,0
3,trf_16_1140a,0.04523966482159437,10.0,0.45239664821594366,0
3,trf_16_5474a,0.4001728473938036,10.0,4.001728473938035,0
3,trf_16_3548a,0.7384528833169113,10.0,7.384528833169112,0
3,trf_16_1141a,0.48525919495472497,15.0,3.2350612996981667,0
3,trf_6_810a,0.8504646684175458,30.0,2.8348822280584858,0
3,trf_16_300a,0.42241884730156104,15.0,2.8161256486770734,0
3,trf_16_3130a,1.2054579322266268,30.0,4.018193107422089,0
3,trf_11_4955a,1.8283380680777988,15.0,12.18892045385199,0
3,trf_11_131a,0.7956780611821833,10.0,7.9567806118218325,0
3,trf_6_1048a,0.2069627867786432,15.0,1.3797519118576211,0
3,trf_6_129a,0.38712147163172794,10.0,3.8712147163172794,0
3,trf_34_1018a,0.23088602172231235,5.0,4.617720434446246,0
3,trf_16_5730a,0.3343432597104113,25.0,1.337373038841645,0
3,trf_16_1144a,0.5153660912161806,15.0,3.435773941441204,0
3,trf_6_6273a,1.2267333112177967,30.0,4.089111037392656,0
3,trf_6_1238a,0.5244810862968424,15.0,3.4965405753122827,0
3,trf_6_731a,0.20075165817000037,15.0,1.3383443878000025,0
3,trf_6_732a,0.7491100723187266,30.0,2.4970335743957555,0
3,trf_16_6082a,0.35968120503472084,15.0,2.397874700231472,0
3,trf_16_537a,0.19507127638342617,5.0,3.9014255276685232,0
3,trf_16_3996a,1.4259373791245724,15.0,9.506249194163816,0
3,trf_16_1095a,0.38590645976731996,15.0,2.5727097317821332,0
3,trf_6_730a,0.27196986690471875,15.0,1.8131324460314582,0
3,trf_34_1649a,0.13391084146349339,5.0,2.678216829269868,0
3,trf_34_5029a,0.351090541838596,10.0,3.51090541838596,0
3,trf_34_1581a,0.5230696078763216,10.0,5.230696078763216,0
3,trf_11_132a,0.3323301679277305,10.0,3.323301679277305,0
3,trf_16_3221a,1.0060481595967925,25.0,4.02419263838717,0
3,trf_16_504a,0.8269037122288927,15.0,5.512691414859285,0
3,trf_6_735a,0.1636475030818486,10.0,1.6364750308184859,0
3,trf_6_4489a,1.9729723945422593,25.0,7.891889578169037,0
3,trf_6_729a,0.8765547105968825,15.0,5.843698070645884,0
3,trf_16_299a,1.2709548631941292,45.0,2.824344140431398,0
3,trf_16_1301a,0.39070992238492175,10.0,3.9070992238492175,0
3,trf_16_2139a,1.3718947822295318,25.0,5.487579128918127,0
3,trf_16_6081a,0.16159933441340626,10.0,1.6159933441340626,0
3,trf_6_1019a,1.6995275793193492,25.0,6.798110317277397,0
3,trf_11_2597a,0.3925732958085623,10.0,3.925732958085623,0
3,trf_11_130a,0.3479047864794052,15.0,2.3193652431960343,0
3,trf_6_4704a,1.0502007359074481,10.0,10.502007359074481,0
3,trf_6_733a,0.05022774416414515,10.0,0.5022774416414515,0
3,trf_11_305a,0.896296162079851,75.0,1.1950615494398014,0
3,trf_16_539a,0.05133148911696811,10.0,0.5133148911696811,0
3,trf_6_1151a,0.5831256403893251,30.0,1.9437521346310838,0
3,trf_6_4764a,0.2732108213376438,75.0,0.36428109511685836,0
3,trf_6_4765a,0.4553325553171359,150.0,0.3035550368780906,0
3,trf_16_538a,0.45290893706362645,30.0,1.5096964568787548,0
3,trf_11_133a,0.05234943879989315,10.0,0.5234943879989314,0
3,trf_6_723a,0.521921618797261,15.0,3.479477458648406,0
3,trf_6_722a,0.18154577966221305,15.0,1.210305197748087,0
3,trf_6_726a,0.08080596246051534,15.0,0.5387064164034356,0
3,trf_6_737a,0.493249299744284,15.0,3.2883286649618935,0
3,trf_6_728a,0.9070581773177963,30.0,3.0235272577259877,0
3,trf_6_125a,0.05187828047441073,10.0,0.5187828047441073,0
3,trf_6_3011a,0.2104996640901255,10.0,2.1049966409012546,0
3,trf_6_3819a,1.176834089335867,30.0,3.9227802977862236,0
3,trf_6_1344a,0.1459309719555768,10.0,1.459309719555768,0
3,trf_6_122a,0.0861589858847516,10.0,0.8615898588475159,0
3,trf_6_1212a,0.44331597462142996,25.0,1.7732638984857199,0
3,trf_6_1213a,0.16603889615254178,10.0,1.660388961525418,0
3,trf_6_1139a,0.8782212063496386,15.0,5.854808042330925,0
3,trf_6_1145a,0.28383615985067023,10.0,2.8383615985067023,0
3,trf_16_302a,0.1179290077449465,10.0,1.179290077449465,0
3,trf_16_301a,0.4025140727318425,25.0,1.61005629092737,0
3,trf_6_124a,1.5145451982135247,45.0,3.365655996030055,0
3,trf_16_6318a,1.076562010826054,45.0,2.392360024057898,0
3,trf_16_303a,0.4569491197103354,15.0,3.0463274647355694,0
3,trf_6_1256a,0.1664297365018899,10.0,1.6642973650188992,0
3,trf_6_2090a,0.5984847439439256,15.0,3.989898292959504,0
3,trf_6_1445a,0.2787715546482604,10.0,2.7877155464826044,0
3,trf_6_4766a,0.3745826541646731,112.5,0.33296235925748724,0
3,trf_16_3549a,0.0,0.0,0.0,0
3,trf_11_4675a,0.46768278364656574,150.0,0.3117885224310438,0
3,trf_16_4173a,0.19631873043650303,10.0,1.96318730436503,0
3,trf_6_4662a,0.7422253555824053,300.0,0.2474084518608018,0
3,trf_6_2860a,0.414301297107902,10.0,4.14301297107902,0
3,trf_6_1178a,0.34270782434176555,15.0,2.2847188289451035,0
3,trf_6_4249a,0.5657003291594708,25.0,2.262801316637883,0
3,trf_6_2887a,0.30803896681859405,10.0,3.0803896681859406,0
3,trf_6_2064a,0.13332168930282165,5.0,2.666433786056433,0
3,trf_6_4161a,0.13509472391603705,10.0,1.3509472391603705,0
3,trf_6_1960a,0.2545819934703011,10.0,2.545819934703011,0
3,trf_6_6394a,0.4782960097410991,25.0,1.9131840389643964,0
3,trf_6_3613a,0.12422786014762023,10.0,1.2422786014762024,0
3,trf_6_738a,0.035419901854156784,5.0,0.7083980370831358,0
3,trf_16_2195a,1.5321199248320083,15.0,10.214132832213389,0
3,trf_16_4674a,0.6495953149319585,225.0,0.28870902885864824,0
3,trf_6_2417a,0.30879108318065235,10.0,3.0879108318065236,0
3,trf_16_4687a,0.2709317714496286,75.0,0.3612423619328381,0
3,trf_16_2428a,0.17316813698888156,5.0,3.4633627397776308,0
3,trf_16_2658a,0.19635040961959055,15.0,1.3090027307972705,0
3,trf_6_1177a,2.326840248814521,75.0,3.1024536650860277,0
3,trf_6_4661a,0.45702727626381895,150.0,0.30468485084254593,0
3,trf_6_3019a,0.21687946502668504,10.0,2.1687946502668503,0
3,trf_6_3013a,0.43906619069972463,5.0,8.781323813994494,0
3,trf_16_3364a,0.29769323370251183,15.0,1.9846215580167454,0
3,trf_6_3563a,0.47138710065250183,10.0,4.713871006525018,0
3,trf_16_3328a,0.18913891598205435,10.0,1.8913891598205435,0
3,trf_6_3721a,0.030322780959350808,5.0,0.6064556191870161,0
3,trf_6_3434a,0.30856655526854576,5.0,6.171331105370916,0
3,trf_6_3010a,0.0949724156884141,10.0,0.949724156884141,0
3,trf_6_3509a,0.7716960430789446,5.0,15.433920861578892,0
3,trf_16_6165a,0.0,0.0,0.0,0
3,trf_6_3142a,0.14942436612997703,10.0,1.4942436612997703,0
3,trf_16_3908a,0.0,0.0,0.0,0
3,trf_6_3604a,0.07151929078486564,10.0,0.7151929078486565,0
3,trf_6_3012a,0.12356242830642652,10.0,1.2356242830642654,0
3,trf_6_3507a,0.20101696556509002,10.0,2.0101696556509,0
3,trf_34_5142a,0.13684113970195563,10.0,1.3684113970195564,0
3,trf_6_3508a,0.045514092800769686,10.0,0.45514092800769684,0
3,trf_6_3634a,0.3885934106810827,10.0,3.885934106810827,0
3,trf_6_3224a,0.11599812527196379,5.0,2.3199625054392756,0
3,trf_16_3904a,0.29497566920336915,10.0,2.9497566920336915,0
3,trf_11_3987a,0.32968637903928166,5.0,6.593727580785634,0
3,trf_16_3997a,0.527046814747606,30.0,1.7568227158253533,0
3,trf_6_3817a,0.103795946353516,5.0,2.0759189270703198,0
3,trf_6_3818a,0.3410576601524922,10.0,3.410576601524922,0
3,trf_16_1142a,1.0030298491674718,45.0,2.2289552203721597,0
3,trf_34_5260a,0.3033191830428082,10.0,3.033191830428082,0
3,trf_6_5725a,0.7430081956721665,300.0,0.24766939855738884,0
3,trf_6_5472a,0.3506823871538157,15.0,2.3378825810254384,0
3,trf_6_4925a,0.37464306071571835,112.5,0.3330160539695274,0
3,trf_6_3256a,1.3510114497327639,15.0,9.006742998218424,0
3,trf_6_4998a,0.3739601428206481,112.5,0.3324090158405761,0
3,trf_16_5055a,0.66021736069961,10.0,6.602173606996101,0
3,trf_6_724a,0.5017460312800578,30.0,1.6724867709335258,0
3,trf_11_4785a,0.18163982127011694,10.0,1.8163982127011693,0
3,trf_16_5003a,0.07381808203610842,15.0,0.49212054690738943,0
3,trf_6_5157a,0.7424653984633914,300.0,0.24748846615446382,0
3,trf_6_5085a,0.8556481534611159,30.0,2.8521605115370527,0
3,trf_6_5595a,0.6060116505008784,30.0,2.0200388350029277,0
3,trf_11_5652a,0.06288222544740427,15.0,0.4192148363160284,0
3,trf_16_5666a,0.09034903329514242,10.0,0.9034903329514241,0
3,trf_6_5711a,0.44880173779025606,30.0,1.4960057926341868,0
3,trf_6_5712a,0.972212383683458,30.0,3.2407079456115264,0
3,trf_6_5659a,0.27980144278193364,30.0,0.9326714759397788,0
3,trf_6_1262a,0.3211384145588428,10.0,3.2113841455884278,0
3,trf_16_6019a,0.053621855995785915,10.0,0.5362185599578592,0
3,trf_16_6122a,0.04503312835350826,10.0,0.4503312835350826,0
3,trf_6_6158a,1.939550178593959,45.0,4.3101115079865755,0
3,trf_6_6197a,2.8186475981865606,75.0,3.7581967975820807,0
3,trf_6_6153a,3.917527764640656,30.0,13.058425882135518,0
3,trf_6_1504a,0.3682790948869317,30.0,1.227596982956439,0
3,trf_6_6249a,1.3000971784238924,30.0,4.333657261412975,0
3,trf_16_6312a,0.342131488591096,30.0,1.1404382953036534,0
3,trf_6_6386a,0.45503212983562363,150.0,0.3033547532237491,0
3,trf_6_4627a,0.37459340427010385,112.5,0.3329719149067589,0
3,trf_11_6443a,0.46768055524219104,150.0,0.31178703682812736,0
3,trf_12_6577a,0.1455141448115929,30.0,0.4850471493719763,0
3,trf_12_6578a,0.19228890851491287,45.0,0.4273086855886952,0
3,trf_11_6482a,0.19227478217368332,45.0,0.4272772937192963,0
3,trf_6_1647a,0.19293549286273773,10.0,1.9293549286273772,0
3,trf_6_6496a,0.3738235181488207,112.5,0.3322875716878406,0
3,trf_6_727a,1.1431475318623971,30.0,3.810491772874657,0
4,trf_6_1030a,0.49068431434090193,10.0,4.906843143409019,0
4,trf_6_878a,0.10499381999658874,10.0,1.0499381999658874,0
4,trf_16_1585a,0.1582474478664131,15.0,1.0549829857760873,0
4,trf_16_3545a,0.045141141741041335,10.0,0.4514114174104133,0
4,trf_16_1143a,2.0801235114057732,30.0,6.933745038019244,0
4,trf_16_6460a,0.6721332352856981,25.0,2.6885329411427925,0
4,trf_6_725a,0.050513360407792626,10.0,0.5051336040779263,0
4,trf_6_3820a,0.7013133942593242,15.0,4.675422628395494,0
4,trf_6_3538a,0.4719907080234986,10.0,4.719907080234986,0
4,trf_6_4910a,7.597984031780595,30.0,25.32661343926865,0
4,trf_6_1870a,0.2376255515861406,15.0,1.584170343907604,0
4,trf_6_127a,0.9182748986055681,15.0,6.121832657370454,0
4,trf_6_1541a,0.6345443758961796,15.0,4.230295839307864,0
4,trf_6_1503a,0.26297535334131855,10.0,2.6297535334131856,0
4,trf_6_6272a,0.2166455420796735,15.0,1.44430361386449,0
4,trf_6_128a,0.3494105460582234,15.0,2.3294036403881564,0
4,trf_6_1260a,0.045427528655705304,10.0,0.454275286557053,0
4,trf_6_1350a,0.6809322153461153,45.0,1.5131827007691452,0
4,trf_6_808a,0.523508224311151,15.0,3.4900548287410067,0
4,trf_6_1475a,0.742810671755392,15.0,4.952071145035946,0
4,trf_6_1138a,0.8184859278810566,10.0,8.184859278810567,0
4,trf_6_1146a,0.7869687198864074,10.0,7.8696871988640735,0
4,trf_16_2916a,0.4639767615876143,10.0,4.639767615876143,0
4,trf_16_1140a,0.04524003138741925,10.0,0.4524003138741925,0
4,trf_16_5474a,0.40407989868047656,10.0,4.040798986804766,0
4,trf_16_3548a,0.7591787360032929,10.0,7.591787360032929,0
4,trf_16_1141a,0.48994098629190486,15.0,3.2662732419460325,0
4,trf_6_810a,0.858303477166951,30.0,2.8610115905565032,0
4,trf_16_300a,0.4263844292359191,15.0,2.842562861572794,0
4,trf_16_3130a,1.2171275228351506,30.0,4.057091742783835,0
4,trf_11_4955a,1.8475952149356205,15.0,12.317301432904138,0
4,trf_11_131a,0.8038133900900337,10.0,8.038133900900338,0
4,trf_6_1048a,0.20837153047453552,15.0,1.3891435364969034,0
4,trf_6_129a,0.3908435766149847,10.0,3.9084357661498474,0
4,trf_34_1018a,0.2330782013199779,5.0,4.661564026399558,0
4,trf_16_5730a,0.3371321983559172,25.0,1.3485287934236687,0
4,trf_16_1144a,0.520374703810017,15.0,3.4691646920667805,0
4,trf_6_6273a,1.2386943224001477,30.0,4.128981074667158,0
4,trf_6_1238a,0.5295882355434389,15.0,3.53058823695626,0
4,trf_6_731a,0.20209032190871565,15.0,1.347268812724771,0
4,trf_6_732a,0.7558369208021437,30.0,2.5194564026738124,0
4,trf_16_6082a,0.3629675980442685,15.0,2.41978398696179,0
4,trf_16_537a,0.19682945104430946,5.0,3.9365890208861893,0
4,trf_16_3996a,1.4408767071088555,15.0,9.605844714059037,0
4,trf_16_1095a,0.38948179451804565,15.0,2.596545296786971,0
4,trf_6_730a,0.27653085595701227,15.0,1.8435390397134153,0
4,trf_34_1649a,0.13504248125227214,5.0,2.700849625045443,0
4,trf_34_5029a,0.3544326285780806,10.0,3.544326285780806,0
4,trf_34_1581a,0.5282900290215734,10.0,5.282900290215734,0
4,trf_11_132a,0.33546716893233425,10.0,3.354671689323342,0
4,trf_16_3221a,1.0161985991860076,25.0,4.0647943967440305,0
4,trf_16_504a,0.9123650890460924,15.0,6.082433926973949,0
4,trf_6_735a,0.16490653958604465,10.0,1.6490653958604464,0
4,trf_6_4489a,1.9936836792310693,25.0,7.974734716924277,0
4,trf_6_729a,0.8853079241744863,15.0,5.902052827829909,0
4,trf_16_299a,1.2828670937483508,45.0,2.8508157638852243,0
4,trf_16_1301a,0.3944462687167969,10.0,3.944462687167969,0
4,trf_16_2139a,1.3860022701115202,25.0,5.544009080446081,0
4,trf_16_6081a,0.1628782614230606,10.0,1.6287826142306059,0
4,trf_6_1019a,1.7171994526553018,25.0,6.868797810621207,0
4,trf_11_2597a,0.39637171887629064,10.0,3.9637171887629066,0
4,trf_11_130a,0.35082613553354275,15.0,2.3388409035569517,0
4,trf_6_4704a,1.0843259638853688,10.0,10.843259638853688,0
4,trf_6_733a,0.05028067033668413,10.0,0.5028067033668413,0
4,trf_11_305a,0.9031383428992648,75.0,1.2041844571990197,0
4,trf_16_539a,0.05133149049687459,10.0,0.5133149049687459,0
4,trf_6_1151a,0.5880252659620806,30.0,1.960084219873602,0
4,trf_6_4764a,0.2732164672168435,75.0,0.36428862295579134,0
4,trf_6_4765a,0.4553421326286319,150.0,0.3035614217524213,0
4,trf_16_538a,0.4563447294076794,30.0,1.5211490980255982,0
4,trf_11_133a,0.052348809120273565,10.0,0.5234880912027357,0
4,trf_6_723a,0.5267966578412299,15.0,3.5119777189415324,0
4,trf_6_722a,0.1826721976565096,15.0,1.2178146510433974,0
4,trf_6_726a,0.08080814605672881,15.0,0.5387209737115254,0
4,trf_6_737a,0.4978057137057398,15.0,3.3187047580382654,0
4,trf_6_728a,0.9155202510004518,30.0,3.0517341700015055,0
4,trf_6_125a,0.05192261703174568,10.0,0.5192261703174568,0
4,trf_6_3011a,0.2122422309500959,10.0,2.122422309500959,0
4,trf_6_3819a,1.1881360124726872,30.0,3.9604533749089574,0
4,trf_6_1344a,0.14701941245390715,10.0,1.4701941245390715,0
4,trf_6_122a,0.08652674244157318,10.0,0.8652674244157318,0
4,trf_6_1212a,0.44727676594972854,25.0,1.7891070637989142,0
4,trf_6_1213a,0.17011707102611437,10.0,1.7011707102611435,0
4,trf_6_1139a,0.8871911659303081,15.0,5.91460777286872,0
4,trf_6_1145a,0.28913916391662486,10.0,2.8913916391662484,0
4,trf_16_302a,0.11872042856038448,10.0,1.1872042856038447,0
4,trf_16_301a,0.4059374380365285,25.0,1.623749752146114,0
4,trf_6_124a,1.5290436557101352,45.0,3.3978747904669673,0
4,trf_16_6318a,1.0863273254031702,45.0,2.414060723118156,0
4,trf_16_303a,0.46118634186706575,15.0,3.074575612447105,0
4,trf_6_1256a,0.16771987356359394,10.0,1.6771987356359392,0
4,trf_6_2090a,0.6041974078716409,15.0,4.027982719144273,0
4,trf_6_1445a,0.28135162114725615,10.0,2.813516211472561,0
4,trf_6_4766a,0.3745892158400032,112.5,0.33296819185778065,0
4,trf_16_3549a,0.0,0.0,0.0,0
4,trf_11_4675a,0.46768247090486736,150.0,0.31178831393657824,0
4,trf_16_4173a,0.1979912809017204,10.0,1.979912809017204,0
4,trf_6_4662a,0.7422472432052069,300.0,0.24741574773506894,0
4,trf_6_2860a,0.4183613557501208,10.0,4.183613557501208,0
4,trf_6_1178a,0.34581809003053654,15.0,2.3054539335369104,0
4,trf_6_4249a,0.5709844729867019,25.0,2.2839378919468074,0
4,trf_6_2887a,0.3109297854927006,10.0,3.1092978549270063,0
4,trf_6_2064a,0.13445950896552814,5.0,2.689190179310563,0
4,trf_6_4161a,0.13609080196504694,10.0,1.3609080196504695,0
4,trf_6_1960a,0.25689140507059793,10.0,2.5689140507059793,0
4,trf_6_6394a,0.4826829262321259,25.0,1.9307317049285035,0
4,trf_6_3613a,0.12510384030152732,10.0,1.2510384030152732,0
4,trf_6_738a,0.03542031001544863,5.0,0.7084062003089726,0
4,trf_16_2195a,1.5481917079271756,15.0,10.321278052847838,0
4,trf_16_4674a,0.6495946600875945,225.0,0.28870873781670864,0
4,trf_6_2417a,0.31169628539444605,10.0,3.1169628539444605,0
4,trf_16_4687a,0.27093282042361105,75.0,0.3612437605648148,0
4,trf_16_2428a,0.17474795847165808,5.0,3.4949591694331614,0
4,trf_16_2658a,0.1976112976294393,15.0,1.3174086508629288,0
4,trf_6_1177a,2.3382166654279724,75.0,3.1176222205706297,0
4,trf_6_4661a,0.45703161439732837,150.0,0.30468774293155226,0
4,trf_6_3019a,0.21874900507731343,10.0,2.1874900507731345,0
4,trf_6_3013a,0.4435507630124786,5.0,8.871015260249571,0
4,trf_16_3364a,0.30007586403569764,15.0,2.000505760237984,0
4,trf_6_3563a,0.47606127383361924,10.0,4.760612738336192,0
4,trf_16_3328a,0.19072356221646125,10.0,1.9072356221646125,0
4,trf_6_3721a,0.03032371156864822,5.0,0.6064742313729644,0
4,trf_6_3434a,0.3116077621546758,5.0,6.232155243093516,0
4,trf_6_3010a,0.09552611662980438,10.0,0.9552611662980439,0
4,trf_6_3509a,0.7798035270557289,5.0,15.596070541114576,0
4,trf_16_6165a,0.0,0.0,0.0,0
4,trf_6_3142a,0.15058203606461815,10.0,1.5058203606461815,0
4,trf_16_3908a,0.0,0.0,0.0,0
4,trf_6_3604a,0.07181103241426999,10.0,0.7181103241426998,0
4,trf_6_3012a,0.12443242078503301,10.0,1.24432420785033,0
4,trf_6_3507a,0.20271445537396932,10.0,2.027144553739693,0
4,trf_34_5142a,0.13783423128721933,10.0,1.3783423128721934,0
4,trf_6_3508a,0.045515424818676625,10.0,0.45515424818676625,0
4,trf_6_3634a,0.39236770096567514,10.0,3.923677009656751,0
4,trf_6_3224a,0.11694953060626273,5.0,2.338990612125255,0
4,trf_16_3904a,0.29773172320009406,10.0,2.9773172320009405,0
4,trf_11_3987a,0.3329641504090665,5.0,6.659283008181331,0
4,trf_16_3997a,0.5312841561368383,30.0,1.7709471871227944,0
4,trf_6_3817a,0.10460950452555551,5.0,2.09219009051111,0
4,trf_6_3818a,0.3443205788903804,10.0,3.4432057889038044,0
4,trf_16_1142a,1.0120626900262188,45.0,2.249028200058264,0
4,trf_34_5260a,0.3061394693799841,10.0,3.061394693799841,0
4,trf_6_5725a,0.7430263613685274,300.0,0.24767545378950914,0
4,trf_6_5472a,0.35388746061447796,15.0,2.3592497374298533,0
4,trf_6_4925a,0.3746492767955189,112.5,0.3330215793737946,0
4,trf_6_3256a,1.3650758839225776,15.0,9.100505892817184,0
4,trf_6_4998a,0.37396923295016143,112.5,0.33241709595569907,0
4,trf_16_5055a,0.6669639703951091,10.0,6.669639703951091,0
4,trf_6_724a,0.5057546378604703,30.0,1.6858487928682342,0
4,trf_11_4785a,0.18313191890065322,10.0,1.8313191890065323,0
4,trf_16_5003a,0.07395340033177845,15.0,0.49302266887852303,0
4,trf_6_5157a,0.7424854863418644,300.0,0.24749516211395478,0
4,trf_6_5085a,0.8635386078449218,30.0,2.878462026149739,0
4,trf_6_5595a,0.6110675645076562,30.0,2.0368918816921875,0
4,trf_11_5652a,0.06288238415960581,15.0,0.4192158943973721,0
4,trf_16_5666a,0.09085355109458589,10.0,0.9085355109458588,0
4,trf_6_5711a,0.4522259772476275,30.0,1.5074199241587583,0
4,trf_6_5712a,0.981388871136932,30.0,3.271296237123107,0
4,trf_6_5659a,0.2813490976652953,30.0,0.9378303255509844,0
4,trf_6_1262a,0.3241284913306348,10.0,3.241284913306348,0
4,trf_16_6019a,0.05371663676713871,10.0,0.5371663676713871,0
4,trf_16_6122a,0.04503304033428025,10.0,0.45033040334280255,0
4,trf_6_6158a,1.9586830950382466,45.0,4.352629100084992,0
4,trf_6_6197a,2.846677945573978,75.0,3.795570594098637,0
4,trf_6_6153a,3.9726211432089555,30.0,13.242070477363184,0
4,trf_6_1504a,0.3707935438451582,30.0,1.2359784794838609,0
4,trf_6_6249a,1.312825915568765,30.0,4.3760863852292164,0
4,trf_16_6312a,0.3443376959058777,30.0,1.1477923196862592,0
4,trf_6_6386a,0.4550424004593689,150.0,0.3033616003062459,0
4,trf_6_4627a,0.37459990086960515,112.5,0.33297768966187125,0
4,trf_11_6443a,0.4676802732868389,150.0,0.3117868488578926,0
4,trf_12_6577a,0.14551403196901153,30.0,0.4850467732300384,0
4,trf_12_6578a,0.19228875939950793,45.0,0.42730835422112873,0
4,trf_11_6482a,0.1922746330692556,45.0,0.42727696237612356,0
4,trf_6_1647a,0.19456984439286826,10.0,1.9456984439286824,0
4,trf_6_6496a,0.3738333738153586,112.5,0.33229633228031874,0
4,trf_6_727a,1.1541935737199163,30.0,3.8473119123997206,0
5,trf_6_1030a,0.9819770652689075,10.0,9.819770652689076,0
5,trf_6_878a,0.1696218029652181,10.0,1.6962180296521807,0
5,trf_16_1585a,0.2434973091584764,15.0,1.6233153943898426,0
5,trf_16_3545a,0.04511510656359114,10.0,0.4511510656359114,0
5,trf_16_1143a,4.2480194120621695,30.0,14.160064706873898,0
5,trf_16_6460a,1.3364438024000955,25.0,5.345775209600382,0
5,trf_6_725a,0.05027309368967625,10.0,0.5027309368967625,0
5,trf_6_3820a,1.4082930643425617,15.0,9.388620428950412,0
5,trf_6_3538a,0.9422516308581367,10.0,9.422516308581367,0
5,trf_6_4910a,15.796610805646976,30.0,52.65536935215659,0
5,trf_6_1870a,0.43246488235143543,15.0,2.8830992156762365,0
5,trf_6_127a,1.8631792832043539,15.0,12.421195221362359,0
5,trf_6_1541a,1.2458558450479296,15.0,8.305705633652865,0
5,trf_6_1503a,0.5065422116396907,10.0,5.065422116396907,0
5,trf_6_6272a,0.3885623460102548,15.0,2.590415640068365,0
5,trf_6_128a,0.6679191519758663,15.0,4.452794346505775,0
5,trf_6_1260a,0.045172278425752985,10.0,0.4517227842575299,0
5,trf_6_1350a,1.2382413857759293,45.0,2.7516475239465095,0
5,trf_6_808a,1.0194386524198111,15.0,6.796257682798741,0
5,trf_6_1475a,1.086534584973984,15.0,7.24356389982656,0
5,trf_6_1138a,1.6795605562147187,10.0,16.795605562147188,0
5,trf_6_1146a,1.6135650330373363,10.0,16.135650330373362,0
5,trf_16_2916a,0.9331598507455476,10.0,9.331598507455476,0
5,trf_16_1140a,0.045187673561722645,10.0,0.45187673561722647,0
5,trf_16_5474a,0.8066228966802461,10.0,8.066228966802461,0
5,trf_16_3548a,0.9421166218320907,10.0,9.421166218320908,0
5,trf_16_1141a,0.9730720435473857,15.0,6.4871469569825715,0
5,trf_6_810a,1.661843867119011,30.0,5.539479557063371,0
5,trf_16_300a,0.8325605446276683,15.0,5.550403630851122,0
5,trf_16_3130a,2.412596469872496,30.0,8.04198823290832,0
5,trf_11_4955a,3.816811295952124,15.0,25.445408639680824,0
5,trf_11_131a,1.635805378375805,10.0,16.358053783758052,0
5,trf_6_1048a,0.3529605637140279,15.0,2.353070424760186,0
5,trf_6_129a,0.7715830704520926,10.0,7.715830704520926,0
5,trf_34_1018a,0.45729449470023154,5.0,9.14588989400463,0
5,trf_16_5730a,0.6232405332728748,25.0,2.492962133091499,0
5,trf_16_1144a,1.0360473235874954,15.0,6.90698215724997,0
5,trf_6_6273a,2.464597894727806,30.0,8.215326315759352,0
5,trf_6_1238a,1.0530983917919752,15.0,7.020655945279835,0
5,trf_6_731a,0.33962425352222214,15.0,2.2641616901481476,0
5,trf_6_732a,1.4458740181131324,30.0,4.819580060377108,0
5,trf_16_6082a,0.6998853292177201,15.0,4.665902194784801,0
5,trf_16_537a,0.37714179303433754,5.0,7.5428358606867505,0
5,trf_16_3996a,2.971691603744596,15.0,19.811277358297307,0
5,trf_16_1095a,0.7557874222853216,15.0,5.038582815235477,0
5,trf_6_730a,0.38344393837282614,15.0,2.556292922485508,0
5,trf_34_1649a,0.2509445772203858,5.0,5.018891544407717,0
5,trf_34_5029a,0.6965080987281072,10.0,6.9650809872810715,0
5,trf_34_1581a,1.0624972846748266,10.0,10.624972846748268,0
5,trf_11_132a,0.6564322942267862,10.0,6.564322942267862,0
5,trf_16_3221a,2.056899627010571,25.0,8.227598508042284,0
5,trf_16_504a,1.354597898982615,15.0,9.030652659884101,0
5,trf_6_735a,0.29418148315849074,10.0,2.9418148315849075,0
5,trf_6_4489a,4.116377590010858,25.0,16.46551036004343,0
5,trf_6_729a,1.7824906188219016,15.0,11.883270792146012,0
5,trf_16_299a,2.504096557315605,45.0,5.5646590162569,0
5,trf_16_1301a,0.7773840510992209,10.0,7.77384051099221,0
5,trf_16_2139a,2.8314088661126946,25.0,11.325635464450778,0
5,trf_16_6081a,0.2941750055654072,10.0,2.941750055654072,0
5,trf_6_1019a,3.5250544500788266,25.0,14.100217800315306,0
5,trf_11_2597a,0.7848405920793097,10.0,7.8484059207930965,0
5,trf_11_130a,0.6499948268858279,15.0,4.333298845905519,0
5,trf_6_4704a,1.1576183710589738,10.0,11.576183710589738,0
5,trf_6_733a,0.05547299749061124,10.0,0.5547299749061124,0
5,trf_11_305a,1.6043131523854433,75.0,2.139084203180591,0
5,trf_16_539a,0.05103655406900014,10.0,0.5103655406900014,0
5,trf_6_1151a,1.091375880126243,30.0,3.6379196004208096,0
5,trf_6_4764a,0.2721880469596924,75.0,0.36291739594625655,0
5,trf_6_4765a,0.4536218302642933,150.0,0.30241455350952884,0
5,trf_16_538a,0.8092852524697147,30.0,2.6976175082323826,0
5,trf_11_133a,0.051924145932464146,10.0,0.5192414593246415,0
5,trf_6_723a,1.0264216162977582,15.0,6.842810775318387,0
5,trf_6_722a,0.29830451082213705,15.0,1.9886967388142471,0
5,trf_6_726a,0.08042490719499219,15.0,0.5361660479666147,0
5,trf_6_737a,0.9654404414290695,15.0,6.43626960952713,0
5,trf_6_728a,1.7827802736962899,30.0,5.942600912320967,0
5,trf_6_125a,0.05618497237590971,10.0,0.5618497237590971,0
5,trf_6_3011a,0.3905861016024377,10.0,3.9058610160243767,0
5,trf_6_3819a,2.3442622448760475,30.0,7.814207482920158,0
5,trf_6_1344a,0.25853840560590335,10.0,2.5853840560590333,0
5,trf_6_122a,0.1241901744585909,10.0,1.241901744585909,0
5,trf_6_1212a,0.8524949091947068,25.0,3.4099796367788273,0
5,trf_6_1213a,0.17832172393950202,10.0,1.7832172393950203,0
5,trf_6_1139a,1.8093564427941071,15.0,12.062376285294048,0
5,trf_6_1145a,0.43835559474879576,10.0,4.383555947487958,0
5,trf_16_302a,0.19992566490581326,10.0,1.9992566490581325,0
5,trf_16_301a,0.7566447808942184,25.0,3.0265791235768735,0
5,trf_6_124a,3.012263519145645,45.0,6.693918931434768,0
5,trf_16_6318a,2.0863630967334905,45.0,4.636362437185534,0
5,trf_16_303a,0.8948642507279785,15.0,5.965761671519856,0
5,trf_6_1256a,0.3000891352896096,10.0,3.0008913528960965,0
5,trf_6_2090a,1.1897542893111608,15.0,7.931695262074405,0
5,trf_6_1445a,0.5458221972587581,10.0,5.458221972587582,0
5,trf_6_4766a,0.37322370754909,112.5,0.33175440671030226,0
5,trf_16_3549a,0.0,0.0,0.0,0
5,trf_11_4675a,0.4642914456668154,150.0,0.3095276304445436,0
5,trf_16_4173a,0.3704195652340373,10.0,3.7041956523403727,0
5,trf_6_4662a,0.7386830998605544,300.0,0.24622769995351812,0
5,trf_6_2860a,0.8343975160551824,10.0,8.343975160551825,0
5,trf_6_1178a,0.6652027789661508,15.0,4.434685193107671,0
5,trf_6_4249a,1.1114508794022613,25.0,4.445803517609045,0
5,trf_6_2887a,0.6077073301725893,10.0,6.077073301725893,0
5,trf_6_2064a,0.25131898500513405,5.0,5.026379700102681,0
5,trf_6_4161a,0.2386071874103852,10.0,2.386071874103852,0
5,trf_6_1960a,0.4941494822899636,10.0,4.941494822899636,0
5,trf_6_6394a,0.9333090070268842,25.0,3.733236028107537,0
5,trf_6_3613a,0.21529314332047225,10.0,2.1529314332047225,0
5,trf_6_738a,0.035281717964160644,5.0,0.7056343592832129,0
5,trf_16_2195a,3.194545790051619,15.0,21.29697193367746,0
5,trf_16_4674a,0.6448942307513731,225.0,0.28661965811172135,0
5,trf_6_2417a,0.6096562595527132,10.0,6.096562595527132,0
5,trf_16_4687a,0.27068287235422944,75.0,0.3609104964723059,0
5,trf_16_2428a,0.3375365615679762,5.0,6.750731231359524,0
5,trf_16_2658a,0.3269982791796301,15.0,2.1799885278642006,0
5,trf_6_1177a,3.288588677285789,75.0,4.384784903047719,0
5,trf_6_4661a,0.45520832823858404,150.0,0.30347221882572273,0
5,trf_6_3019a,0.4100126047139821,10.0,4.100126047139821,0
5,trf_6_3013a,0.9045168331864646,5.0,18.090336663729293,0
5,trf_16_3364a,0.5443752972787982,15.0,3.6291686485253214,0
5,trf_6_3563a,0.9557059078020866,10.0,9.557059078020867,0
5,trf_16_3328a,0.3533240641907753,10.0,3.533240641907753,0
5,trf_6_3721a,0.030194130546084975,5.0,0.6038826109216995,0
5,trf_6_3434a,0.6225775923179192,5.0,12.451551846358385,0
5,trf_6_3010a,0.15279199339936156,10.0,1.5279199339936156,0
5,trf_6_3509a,1.6117480045578454,5.0,32.23496009115691,0
5,trf_16_6165a,0.0,0.0,0.0,0
5,trf_6_3142a,0.26936428031960663,10.0,2.693642803196066,0
5,trf_16_3908a,0.0,0.0,0.0,0
5,trf_6_3604a,0.10170497080530172,10.0,1.0170497080530172,0
5,trf_6_3012a,0.21414112560381257,10.0,2.1414112560381255,0
5,trf_6_3507a,0.37643577756310775,10.0,3.7643577756310775,0
5,trf_34_5142a,0.23967248874877564,10.0,2.3967248874877565,0
5,trf_6_3508a,0.04533739834291136,10.0,0.4533739834291136,0
5,trf_6_3634a,0.7799607302791676,10.0,7.799607302791675,0
5,trf_6_3224a,0.21495848279775823,5.0,4.299169655955165,0
5,trf_16_3904a,0.5818008372877537,10.0,5.818008372877537,0
5,trf_11_3987a,0.6682725354747587,5.0,13.365450709495175,0
5,trf_16_3997a,0.9658557608683914,30.0,3.219519202894638,0
5,trf_6_3817a,0.18825852144800545,5.0,3.765170428960109,0
5,trf_6_3818a,0.6788112689791999,10.0,6.7881126897919986,0
5,trf_16_1142a,1.9437615124963659,45.0,4.319470027769702,0
5,trf_34_5260a,0.5948649071932975,10.0,5.948649071932975,0
5,trf_6_5725a,0.7398258192599025,300.0,0.24660860641996754,0
5,trf_6_5472a,0.682668335703652,15.0,4.551122238024347,0
5,trf_6_4925a,0.3733061945967699,112.5,0.3318277285304621,0
5,trf_6_3256a,2.80169756494654,15.0,18.677983766310266,0
5,trf_6_4998a,0.37228723222358034,112.5,0.3309219841987381,0
5,trf_16_5055a,1.3626665494443937,10.0,13.626665494443937,0
5,trf_6_724a,0.916908068334743,30.0,3.0563602277824766,0
5,trf_11_4785a,0.33592768997948586,10.0,3.359276899794858,0
5,trf_16_5003a,0.08759715203353857,15.0,0.5839810135569238,0
5,trf_6_5157a,0.7389657169130276,300.0,0.24632190563767584,0
5,trf_6_5085a,1.6731559027875444,30.0,5.577186342625149,0
5,trf_6_5595a,1.1287013202620957,30.0,3.762337734206986,0
5,trf_11_5652a,0.062425839338222044,15.0,0.41617226225481363,0
5,trf_16_5666a,0.14323614646449867,10.0,1.4323614646449867,0
5,trf_6_5711a,0.8035113795816811,30.0,2.67837126527227,0
5,trf_6_5712a,1.9218329666244243,30.0,6.40610988874808,0
5,trf_6_5659a,0.4402796731336609,30.0,1.4675989104455363,0
5,trf_6_1262a,0.6305924365222589,10.0,6.305924365222589,0
5,trf_16_6019a,0.0635759251140089,10.0,0.6357592511400891,0
5,trf_16_6122a,0.04501283969172979,10.0,0.4501283969172979,0
5,trf_6_6158a,3.91569254879175,45.0,8.701538997315001,0
5,trf_6_6197a,5.7190039553436005,75.0,7.625338607124801,0
5,trf_6_6153a,5.464716944417879,30.0,18.2157231480596,0
5,trf_6_1504a,0.6294975399027521,30.0,2.098325133009174,0
5,trf_6_6249a,2.6186021084753364,30.0,8.728673694917786,0
5,trf_16_6312a,0.5711330689998875,30.0,1.9037768966662916,0
5,trf_6_6386a,0.45311622960991116,150.0,0.3020774864066074,0
5,trf_6_4627a,0.3732383839105495,112.5,0.3317674523649329,0
5,trf_11_6443a,0.46428809753006656,150.0,0.30952539835337767,0
5,trf_12_6577a,0.1444595433343461,30.0,0.481531811114487,0
5,trf_12_6578a,0.19089531088738135,45.0,0.4242118019719585,0
5,trf_11_6482a,0.1908812869255674,45.0,0.424180637612372,0
5,trf_6_1647a,0.362408811787434,10.0,3.62408811787434,0
5,trf_6_6496a,0.37209644998475255,112.5,0.33075239998644673,0
5,trf_6_727a,2.286565088831306,30.0,7.621883629437686,0
6,trf_6_1030a,1.7618521555843782,10.0,17.61852155584378,0
6,trf_6_878a,0.27275904786384786,10.0,2.7275904786384784,0
6,trf_16_1585a,0.38015905171163117,15.0,2.5343936780775413,0
6,trf_16_3545a,0.045107748503805,10.0,0.45107748503805,0
6,trf_16_1143a,6.578149967504715,30.0,21.92716655834905,0
6,trf_16_6460a,2.391763290737936,25.0,9.567053162951744,0
6,trf_6_725a,0.05012546584424447,10.0,0.5012546584424447,0
6,trf_6_3820a,2.5240287855240955,15.0,16.82685857016064,0
6,trf_6_3538a,1.684107246539628,10.0,16.84107246539628,0
6,trf_6_4910a,28.700950857836702,30.0,95.669836192789,0
6,trf_6_1870a,0.7414947091850517,15.0,4.943298061233678,0
6,trf_6_127a,3.352374834418535,15.0,22.349165562790233,0
6,trf_6_1541a,1.4356404280313553,15.0,9.570936186875702,0
6,trf_6_1503a,0.8930588593852351,10.0,8.930588593852352,0
6,trf_6_6272a,0.6610030215687359,15.0,4.40668681045824,0
6,trf_6_128a,1.1703394553610889,15.0,7.802263035740593,0
6,trf_6_1260a,0.04499130996259122,10.0,0.44991309962591225,0
6,trf_6_1350a,1.148210766515277,45.0,2.55157948114506,0
6,trf_6_808a,1.8076437492918507,15.0,12.050958328612337,0
6,trf_6_1475a,1.681018292797787,15.0,11.206788618651915,0
6,trf_6_1138a,2.5833197387837266,10.0,25.833197387837266,0
6,trf_6_1146a,2.187399629427528,10.0,21.87399629427528,0
6,trf_16_2916a,1.6788230939668234,10.0,16.78823093966823,0
6,trf_16_1140a,0.045165910475608397,10.0,0.45165910475608395,0
6,trf_16_5474a,1.44649012821415,10.0,14.4649012821415,0
6,trf_16_3548a,1.3053377617998696,10.0,13.053377617998697,0
6,trf_16_1141a,1.741008807712165,15.0,11.606725384747767,0
6,trf_6_810a,2.9389747355677116,30.0,9.796582451892371,0
6,trf_16_300a,1.4749335133470172,15.0,9.832890088980115,0
6,trf_16_3130a,4.306090964527361,30.0,14.353636548424538,0
6,trf_11_4955a,6.92003783334926,15.0,46.13358555566173,0
6,trf_11_131a,2.9486874013878266,10.0,29.486874013878264,0
6,trf_6_1048a,0.5840055255394856,15.0,3.8933701702632373,0
6,trf_6_129a,1.3712439636838356,10.0,13.712439636838358,0
6,trf_34_1018a,0.8117930663951555,5.0,16.23586132790311,0
6,trf_16_5730a,1.0784106386112038,25.0,4.313642554444815,0
6,trf_16_1144a,1.8553277458094781,15.0,12.368851638729854,0
6,trf_6_6273a,2.5768877270692316,30.0,8.589625756897439,0
6,trf_6_1238a,1.8835809470194154,15.0,12.557206313462768,0
6,trf_6_731a,0.5594815104172474,15.0,3.7298767361149823,0
6,trf_6_732a,2.543432244756908,30.0,8.478107482523027,0
6,trf_16_6082a,0.6828464782927295,15.0,4.5523098552848635,0
6,trf_16_537a,0.6631617365115723,5.0,13.263234730231446,0
6,trf_16_3996a,5.3954599273688775,15.0,35.969732849125855,0
6,trf_16_1095a,1.336625100695395,15.0,8.910834004635968,0
6,trf_6_730a,0.5676894431485601,15.0,3.784596287657067,0
6,trf_34_1649a,0.43478351343464844,5.0,8.695670268692968,0
6,trf_34_5029a,0.7787480005755688,10.0,7.787480005755688,0
6,trf_34_1581a,1.9079823068973367,10.0,19.07982306897337,0
6,trf_11_132a,1.1635432829296752,10.0,11.635432829296752,0
6,trf_16_3221a,3.707025272645266,25.0,14.828101090581065,0
6,trf_16_504a,1.95345879169317,15.0,13.023058611287802,0
6,trf_6_735a,0.5002649595357982,10.0,5.0026495953579815,0
6,trf_6_4489a,5.777137717524157,25.0,23.10855087009663,0
6,trf_6_729a,3.206487674735162,15.0,21.376584498234415,0
6,trf_16_299a,4.440914991247025,45.0,9.868699980548945,0
6,trf_16_1301a,1.3842730372987204,10.0,13.842730372987205,0
6,trf_16_2139a,5.114964427731991,25.0,20.459857710927963,0
6,trf_16_6081a,0.5027482602632486,10.0,5.027482602632486,0
6,trf_6_1019a,5.643616960439157,25.0,22.57446784175663,0
6,trf_11_2597a,1.399353585693546,10.0,13.99353585693546,0
6,trf_11_130a,1.1242778065150167,15.0,7.495185376766779,0
6,trf_6_4704a,1.4032869977264566,10.0,14.032869977264564,0
6,trf_6_733a,0.06404149355190857,10.0,0.6404149355190857,0
6,trf_11_305a,4.365098495698476,75.0,5.820131327597967,0
6,trf_16_539a,0.050791942507136305,10.0,0.507919425071363,0
6,trf_6_1151a,1.8927567426661502,30.0,6.309189142220501,0
6,trf_6_4764a,0.2716323987230657,75.0,0.3621765316307543,0
6,trf_6_4765a,0.45270186697429127,150.0,0.3018012446495275,0
6,trf_16_538a,1.3707254902017776,30.0,4.569084967339259,0
6,trf_11_133a,0.051541511736618285,10.0,0.5154151173661828,0
6,trf_6_723a,1.820535943454304,15.0,12.13690628969536,0
6,trf_6_722a,0.48342431200778496,15.0,3.222828746718567,0
6,trf_6_726a,0.08020216543293426,15.0,0.5346811028862284,0
6,trf_6_737a,1.7086036332959198,15.0,11.390690888639465,0
6,trf_6_728a,3.161199594870166,30.0,10.537331982900554,0
6,trf_6_125a,0.06332381859473436,10.0,0.6332381859473436,0
6,trf_6_3011a,0.6730426531939735,10.0,6.7304265319397345,0
6,trf_6_3819a,4.171876996124036,30.0,13.906256653746787,0
6,trf_6_1344a,0.4353196626453553,10.0,4.3531966264535535,0
6,trf_6_122a,0.1847039865053294,10.0,1.847039865053294,0
6,trf_6_1212a,1.4942650906414803,25.0,5.977060362565921,0
6,trf_6_1213a,0.20705028695201974,10.0,2.0705028695201975,0
6,trf_6_1139a,1.9282957976957413,15.0,12.85530531797161,0
6,trf_6_1145a,0.6905923506305202,10.0,6.905923506305202,0
6,trf_16_302a,0.32912947821884186,10.0,3.2912947821884186,0
6,trf_16_301a,1.3129149263422026,25.0,5.251659705368811,0
6,trf_6_124a,4.8046990511711885,45.0,10.677109002602641,0
6,trf_16_6318a,3.6721634972764026,45.0,8.160363327280894,0
6,trf_16_303a,1.5816362194102058,15.0,10.544241462734705,0
6,trf_6_1256a,0.5110158891494329,10.0,5.110158891494328,0
6,trf_6_2090a,2.120106897980539,15.0,14.134045986536927,0
6,trf_6_1445a,0.9662901342786524,10.0,9.662901342786524,0
6,trf_6_4766a,0.37243661209827483,112.5,0.33105476630957764,0
6,trf_16_3549a,0.0,0.0,0.0,0
6,trf_11_4675a,0.4617032549574931,150.0,0.30780216997166204,0
6,trf_16_4173a,0.6447373121311446,10.0,6.447373121311446,0
6,trf_6_4662a,0.7366606248703097,300.0,0.24555354162343657,0
6,trf_6_2860a,1.4943844782830984,10.0,14.943844782830984,0
6,trf_6_1178a,1.1720223816997852,15.0,7.813482544665235,0
6,trf_6_4249a,1.4144739281406409,25.0,5.657895712562563,0
6,trf_6_2887a,1.0783915747401316,10.0,10.783915747401316,0
6,trf_6_2064a,0.4367925012949828,5.0,8.735850025899655,0
6,trf_6_4161a,0.4019922112575636,10.0,4.019922112575636,0
6,trf_6_1960a,0.8709709714433651,10.0,8.709709714433652,0
6,trf_6_6394a,1.648757962723992,25.0,6.595031850895968,0
6,trf_6_3613a,0.35914612866734785,10.0,3.5914612866734785,0
6,trf_6_738a,0.03519310803215601,5.0,0.7038621606431201,0
6,trf_16_2195a,5.795765295141976,15.0,38.638435300946504,0
6,trf_16_4674a,0.6412841167655916,225.0,0.2850151630069296,0
6,trf_6_2417a,1.0827314264154848,10.0,10.827314264154847,0
6,trf_16_4687a,0.27052697618145866,75.0,0.36070263490861154,0
6,trf_16_2428a,0.5965038806596535,5.0,11.93007761319307,0
6,trf_16_2658a,0.533555866992048,15.0,3.5570391132803203,0
6,trf_6_1177a,4.413681896877623,75.0,5.884909195836831,0
6,trf_6_4661a,0.4539658103833168,150.0,0.3026438735888779,0
6,trf_6_3019a,0.7129606109519494,10.0,7.129606109519495,0
6,trf_6_3013a,1.6360019759322073,5.0,32.72003951864415,0
6,trf_16_3364a,0.932726531079685,15.0,6.218176873864566,0
6,trf_6_3563a,1.7154425037642913,10.0,17.154425037642913,0
6,trf_16_3328a,0.6118230044681977,10.0,6.118230044681978,0
6,trf_6_3721a,0.03013325592110661,5.0,0.6026651184221322,0
6,trf_6_3434a,1.1141973228975492,5.0,22.283946457950982,0
6,trf_6_3010a,0.2445470388944998,10.0,2.4454703889449982,0
6,trf_6_3509a,2.928755563221768,5.0,58.575111264435364,0
6,trf_16_6165a,0.0,0.0,0.0,0
6,trf_6_3142a,0.4587824192598097,10.0,4.587824192598097,0
6,trf_16_3908a,0.0,0.0,0.0,0
6,trf_6_3604a,0.15000671567166832,10.0,1.5000671567166832,0
6,trf_6_3012a,0.3573397968369838,10.0,3.573397968369838,0
6,trf_6_3507a,0.6518262619850594,10.0,6.518262619850594,0
6,trf_34_5142a,0.40179796321838984,10.0,4.0179796321838985,0
6,trf_6_3508a,0.045245410734286735,10.0,0.4524541073428674,0
6,trf_6_3634a,1.3948846543791813,10.0,13.948846543791813,0
6,trf_6_3224a,0.37111243722903575,5.0,7.422248744580715,0
6,trf_16_3904a,1.03360461363254,10.0,10.3360461363254,0
6,trf_11_3987a,1.1989025964960864,5.0,23.978051929921726,0
6,trf_16_3997a,1.6561004498735852,30.0,5.520334832911951,0
6,trf_6_3817a,0.3213099222058424,5.0,6.426198444116848,0
6,trf_6_3818a,1.2106721386096932,10.0,12.106721386096932,0
6,trf_16_1142a,3.426011544037741,45.0,7.613358986750535,0
6,trf_34_5260a,1.0523895094771167,10.0,10.523895094771166,0
6,trf_6_5725a,0.7381120470151605,300.0,0.2460373490050535,0
6,trf_6_5472a,1.2049485141858078,15.0,8.032990094572051,0
6,trf_6_4925a,0.3725213022445295,112.5,0.33113004643958177,0
6,trf_6_3256a,5.0659615581236395,15.0,33.773077054157596,0
6,trf_6_4998a,0.371317918457449,112.5,0.3300603719621769,0
6,trf_16_5055a,2.467142424001025,10.0,24.671424240010246,0
6,trf_6_724a,1.5720141786587483,30.0,5.240047262195827,0
6,trf_11_4785a,0.578544303092934,10.0,5.785443030929341,0
6,trf_16_5003a,0.10987390436623241,15.0,0.7324926957748829,0
6,trf_6_5157a,0.7369219226491306,300.0,0.24564064088304355,0
6,trf_6_5085a,2.9596355087095705,30.0,9.865451695698567,0
6,trf_6_5595a,1.1892018637448898,30.0,3.964006212482966,0
6,trf_11_5652a,0.062041408571123086,15.0,0.4136093904741539,0
6,trf_16_5666a,0.2271338754944466,10.0,2.271338754944466,0
6,trf_6_5711a,1.3636704164395963,30.0,4.545568054798654,0
6,trf_6_5712a,2.976461178311491,30.0,9.921537261038303,0
6,trf_6_5659a,0.6952906015363395,30.0,2.317635338454465,0
6,trf_6_1262a,1.1174651889114207,10.0,11.174651889114205,0
6,trf_16_6019a,0.07951649015830439,10.0,0.7951649015830439,0
6,trf_16_6122a,0.04499452598575811,10.0,0.4499452598575811,0
6,trf_6_6158a,7.009222591454455,45.0,15.576050203232121,0
6,trf_6_6197a,10.281226787127075,75.0,13.7083023828361,0
6,trf_6_6153a,7.552917826578598,30.0,25.176392755261993,0
6,trf_6_1504a,1.0421393565878705,30.0,3.4737978552929016,0
6,trf_6_6249a,3.3255455439977206,30.0,11.085151813325735,0
6,trf_16_6312a,0.9330074279412282,30.0,3.1100247598040935,0
6,trf_6_6386a,0.45202208046773096,150.0,0.301348053645154,0
6,trf_6_4627a,0.3724592847484836,112.5,0.3310749197764299,0
6,trf_11_6443a,0.4617102605331176,150.0,0.3078068403554117,0
6,trf_12_6577a,0.14365478546164093,30.0,0.47884928487213646,0
6,trf_12_6578a,0.18983186778942426,45.0,0.42184859508760947,0
6,trf_11_6482a,0.18981792195261715,45.0,0.4218176043391492,0
6,trf_6_1647a,0.6293335020335965,10.0,6.293335020335965,0
6,trf_6_6496a,0.3710980392428462,112.5,0.32986492377141885,0
6,trf_6_727a,4.0855254828188015,30.0,13.618418276062672,0
7,trf_6_1030a,1.7922489824026304,10.0,17.922489824026304,0
7,trf_6_878a,0.2764854790024214,10.0,2.7648547900242137,0
7,trf_16_1585a,0.3850938239509437,15.0,2.567292159672958,0
7,trf_16_3545a,0.04504603264999177,10.0,0.4504603264999177,0
7,trf_16_1143a,5.5417676348614835,30.0,18.472558782871612,0
7,trf_16_6460a,2.4436684242854074,25.0,9.77467369714163,0
7,trf_6_725a,0.04963999594399331,10.0,0.4963999594399331,0
7,trf_6_3820a,2.567926408310676,15.0,17.119509388737843,0
7,trf_6_3538a,1.713746076762788,10.0,17.13746076762788,0
7,trf_6_4910a,29.22125097191526,30.0,97.4041699063842,0
7,trf_6_1870a,0.7532667735148597,15.0,5.021778490099065,0
7,trf_6_127a,3.412138352231034,15.0,22.747589014873558,0
7,trf_6_1541a,0.6363912327710056,15.0,4.242608218473371,0
7,trf_6_1503a,0.9094849910483106,10.0,9.094849910483106,0
7,trf_6_6272a,0.6715491701651274,15.0,4.476994467767516,0
7,trf_6_128a,1.190228594361308,15.0,7.934857295742053,0
7,trf_6_1260a,0.04457868065221649,10.0,0.4457868065221649,0
7,trf_6_1350a,0.13816127785839658,45.0,0.30702506190754797,0
7,trf_6_808a,1.8382363974160014,15.0,12.254909316106676,0
7,trf_6_1475a,1.627291302879547,15.0,10.848608685863647,0
7,trf_6_1138a,2.1411945114445645,10.0,21.411945114445647,0
7,trf_6_1146a,1.448227281348202,10.0,14.482272813482021,0
7,trf_16_2916a,1.7147436884539022,10.0,17.147436884539022,0
7,trf_16_1140a,0.045055156216544386,10.0,0.4505515621654439,0
7,trf_16_5474a,1.4773828550184114,10.0,14.773828550184115,0
7,trf_16_3548a,1.2074919566704967,10.0,12.074919566704967,0
7,trf_16_1141a,1.7800174430850033,15.0,11.866782953900021,0
7,trf_6_810a,2.9884656139562824,30.0,9.961552046520941,0
7,trf_16_300a,1.5009266012918343,15.0,10.006177341945563,0
7,trf_16_3130a,4.382676115222003,30.0,14.608920384073341,0
7,trf_11_4955a,7.045009313056793,15.0,46.966728753711955,0
7,trf_11_131a,3.000870415876887,10.0,30.00870415876887,0
7,trf_6_1048a,0.5923066488364815,15.0,3.94871099224321,0
7,trf_6_129a,1.3952279540797479,10.0,13.95227954079748,0
7,trf_34_1018a,0.8259220533676563,5.0,16.518441067353127,0
7,trf_16_5730a,1.096463696291768,25.0,4.385854785167072,0
7,trf_16_1144a,1.8940134466173508,15.0,12.626756310782339,0
7,trf_6_6273a,0.66346279351233,30.0,2.2115426450410998,0
7,trf_6_1238a,1.9165792344559927,15.0,12.777194896373285,0
7,trf_6_731a,0.5676858797324419,15.0,3.7845725315496126,0
7,trf_6_732a,2.5864038213722105,30.0,8.621346071240701,0
7,trf_16_6082a,0.11133040634328437,15.0,0.7422027089552291,0
7,trf_16_537a,0.6748819926798366,5.0,13.497639853596732,0
7,trf_16_3996a,5.495890159798903,15.0,36.63926773199269,0
7,trf_16_1095a,1.3598602941457707,15.0,9.065735294305139,0
7,trf_6_730a,0.5525165670527753,15.0,3.6834437803518356,0
7,trf_34_1649a,0.4419863056313732,5.0,8.839726112627464,0
7,trf_34_5029a,0.3029443990525337,10.0,3.0294439905253365,0
7,trf_34_1581a,1.9418204799568155,10.0,19.418204799568155,0
7,trf_11_132a,1.1836666135845768,10.0,11.836666135845768,0
7,trf_16_3221a,3.7753079978138686,25.0,15.101231991255474,0
7,trf_16_504a,1.9878749155374091,15.0,13.252499436916061,0
7,trf_6_735a,0.5082083866224409,10.0,5.082083866224409,0
7,trf_6_4489a,4.079135453401679,25.0,16.316541813606715,0
7,trf_6_729a,3.262653608247746,15.0,21.751024054984974,0
7,trf_16_299a,4.519986054000278,45.0,10.044413453333952,0
7,trf_16_1301a,1.4090874091522327,10.0,14.090874091522327,0
7,trf_16_2139a,5.210276146288875,25.0,20.8411045851555,0
7,trf_16_6081a,0.5112003218950426,10.0,5.112003218950425,0
7,trf_6_1019a,4.954248380132998,25.0,19.81699352053199,0
7,trf_11_2597a,1.423393984605717,10.0,14.233939846057172,0
7,trf_11_130a,1.1426709520615617,15.0,7.617806347077078,0
7,trf_6_4704a,1.206689558941147,10.0,12.06689558941147,0
7,trf_6_733a,0.06402517177032875,10.0,0.6402517177032875,0
7,trf_11_305a,11.67775669820213,75.0,15.570342264269506,0
7,trf_16_539a,0.05040360655567139,10.0,0.5040360655567139,0
7,trf_6_1151a,1.92550138795863,30.0,6.4183379598621,0
7,trf_6_4764a,0.2695644793272097,75.0,0.35941930576961295,0
7,trf_6_4765a,0.4492297892419839,150.0,0.2994865261613226,0
7,trf_16_538a,1.3935061592247389,30.0,4.64502053074913,0
7,trf_11_133a,0.051072667508643026,10.0,0.5107266750864302,0
7,trf_6_723a,1.8507250237379365,15.0,12.338166824919576,0
7,trf_6_722a,0.4899274811209611,15.0,3.266183207473074,0
7,trf_6_726a,0.07940911424689458,15.0,0.5293940949792971,0
7,trf_6_737a,1.738971034012845,15.0,11.5931402267523,0
7,trf_6_728a,3.213646314378753,30.0,10.71215438126251,0
7,trf_6_125a,0.06322743607518767,10.0,0.6322743607518768,0
7,trf_6_3011a,0.6839300094417086,10.0,6.839300094417085,0
7,trf_6_3819a,4.244230949580534,30.0,14.147436498601781,0
7,trf_6_1344a,0.4421230308548453,10.0,4.421230308548453,0
7,trf_6_122a,0.18671724244934146,10.0,1.8671724244934147,0
7,trf_6_1212a,1.5190860936870185,25.0,6.076344374748074,0
7,trf_6_1213a,0.1831686159441451,10.0,1.831686159441451,0
7,trf_6_1139a,0.5567551014573471,15.0,3.7117006763823137,0
7,trf_6_1145a,0.6785455703796893,10.0,6.7854557037968934,0
7,trf_16_302a,0.33402222453615477,10.0,3.3402222453615478,0
7,trf_16_301a,1.3346890148951953,25.0,5.338756059580781,0
7,trf_6_124a,4.2965489260521785,45.0,9.547886502338175,0
7,trf_16_6318a,3.7341604776155015,45.0,8.298134394701114,0
7,trf_16_303a,1.6084892169247014,15.0,10.723261446164676,0
7,trf_6_1256a,0.518937971496836,10.0,5.189379714968359,0
7,trf_6_2090a,2.1562539080640555,15.0,14.37502605376037,0
7,trf_6_1445a,0.9824632236091386,10.0,9.824632236091386,0
7,trf_6_4766a,0.3698007178932432,112.5,0.3287117492384384,0
7,trf_16_3549a,0.0,0.0,0.0,0
7,trf_11_4675a,0.4573419206186086,150.0,0.30489461374573906,0
7,trf_16_4173a,0.6576743993886865,10.0,6.576743993886865,0
7,trf_6_4662a,0.7290541351243377,300.0,0.2430180450414459,0
7,trf_6_2860a,1.5203001434171455,10.0,15.203001434171455,0
7,trf_6_1178a,1.1935565101682413,15.0,7.9570434011216085,0
7,trf_6_4249a,0.8497583455207226,25.0,3.3990333820828904,0
7,trf_6_2887a,1.0984520147896284,10.0,10.984520147896284,0
7,trf_6_2064a,0.4446333160304965,5.0,8.89266632060993,0
7,trf_6_4161a,0.4088446376707012,10.0,4.0884463767070125,0
7,trf_6_1960a,0.8870966171180228,10.0,8.870966171180228,0
7,trf_6_6394a,1.6794080565271512,25.0,6.717632226108605,0
7,trf_6_3613a,0.3651500756790701,10.0,3.651500756790701,0
7,trf_6_738a,0.03494959637936037,5.0,0.6989919275872074,0
7,trf_16_2195a,5.905128772071952,15.0,39.367525147146345,0
7,trf_16_4674a,0.6352523898764073,225.0,0.2823343955006255,0
7,trf_6_2417a,1.1016907573068713,10.0,11.016907573068712,0
7,trf_16_4687a,0.27005738433216914,75.0,0.3600765124428922,0
7,trf_16_2428a,0.6087773703727518,5.0,12.175547407455037,0
7,trf_16_2658a,0.5411892562958756,15.0,3.6079283753058373,0
7,trf_6_1177a,4.4065996922748925,75.0,5.875466256366523,0
7,trf_6_4661a,0.45097917395881126,150.0,0.3006527826392075,0
7,trf_6_3019a,0.7246205918470513,10.0,7.246205918470513,0
7,trf_6_3013a,1.6691575825530187,5.0,33.38315165106037,0
7,trf_16_3364a,0.947818618811553,15.0,6.318790792077021,0
7,trf_6_3563a,1.7479966697002858,10.0,17.479966697002858,0
7,trf_16_3328a,0.6222286537271212,10.0,6.222286537271212,0
7,trf_6_3721a,0.02985230767979405,5.0,0.597046153595881,0
7,trf_6_3434a,1.133475892564078,5.0,22.66951785128156,0
7,trf_6_3010a,0.2487096486387675,10.0,2.487096486387675,0
7,trf_6_3509a,2.98591915675343,5.0,59.7183831350686,0
7,trf_16_6165a,0.0,0.0,0.0,0
7,trf_6_3142a,0.46592381092692575,10.0,4.659238109269258,0
7,trf_16_3908a,0.0,0.0,0.0,0
7,trf_6_3604a,0.1515449041398601,10.0,1.515449041398601,0
7,trf_6_3012a,0.3636689557221009,10.0,3.636689557221009,0
7,trf_6_3507a,0.6623911214561358,10.0,6.623911214561358,0
7,trf_34_5142a,0.4080069897592377,10.0,4.080069897592377,0
7,trf_6_3508a,0.04484728220381811,10.0,0.4484728220381811,0
7,trf_6_3634a,1.4214676900378524,10.0,14.214676900378524,0
7,trf_6_3224a,0.37814271917964426,5.0,7.562854383592885,0
7,trf_16_3904a,1.055392071103489,10.0,10.55392071103489,0
7,trf_11_3987a,1.2197276692670131,5.0,24.394553385340263,0
7,trf_16_3997a,1.6832862189178748,30.0,5.610954063059582,0
7,trf_6_3817a,0.3268828805325506,5.0,6.537657610651012,0
7,trf_6_3818a,1.231373268653893,10.0,12.31373268653893,0
7,trf_16_1142a,3.4982542658574376,45.0,7.773898368572083,0
7,trf_34_5260a,1.070536552931788,10.0,10.70536552931788,0
7,trf_6_5725a,0.7316134772970981,300.0,0.24387115909903273,0
7,trf_6_5472a,1.2258440010982685,15.0,8.172293340655123,0
7,trf_6_4925a,0.3699577702290278,112.5,0.32885135131469134,0
7,trf_6_3256a,5.157612887728148,15.0,34.38408591818766,0
7,trf_6_4998a,0.3679168218231837,112.5,0.327037174953941,0
7,trf_16_5055a,2.523235383087237,10.0,25.232353830872373,0
7,trf_6_724a,1.5963053163707037,30.0,5.321017721235679,0
7,trf_11_4785a,0.587805101186074,10.0,5.878051011860739,0
7,trf_16_5003a,0.110364942614113,15.0,0.7357662840940867,0
7,trf_6_5157a,0.7296339092321066,300.0,0.24321130307736885,0
7,trf_6_5085a,3.011664668531129,30.0,10.038882228437096,0
7,trf_6_5595a,0.3996279758914773,30.0,1.3320932529715912,0
7,trf_11_5652a,0.06146862085860089,15.0,0.40979080572400595,0
7,trf_16_5666a,0.23134110230175625,10.0,2.3134110230175624,0
7,trf_6_5711a,1.3842388324241452,30.0,4.614129441413818,0
7,trf_6_5712a,2.5554428560767204,30.0,8.518142853589067,0
7,trf_6_5659a,0.7042516451037113,30.0,2.3475054836790377,0
7,trf_6_1262a,1.1363293099945686,10.0,11.363293099945686,0
7,trf_16_6019a,0.08032064737684744,10.0,0.8032064737684743,0
7,trf_16_6122a,0.04497679320294426,10.0,0.44976793202944265,0
7,trf_6_6158a,7.131965776157403,45.0,15.848812835905342,0
7,trf_6_6197a,10.456278345952695,75.0,13.941704461270259,0
7,trf_6_6153a,7.4086798080663865,30.0,24.69559936022129,0
7,trf_6_1504a,1.0589658610823414,30.0,3.5298862036078043,0
7,trf_6_6249a,1.931958564569053,30.0,6.439861881896843,0
7,trf_16_6312a,0.9472225918231008,30.0,3.1574086394103356,0
7,trf_6_6386a,0.44815807579476097,150.0,0.2987720505298407,0
7,trf_6_4627a,0.36984519928372483,112.5,0.32875128825219985,0
7,trf_11_6443a,0.4573543354044716,150.0,0.30490289026964773,0
7,trf_12_6577a,0.1423013613529008,30.0,0.474337871176336,0
7,trf_12_6578a,0.18804339255243527,45.0,0.4178742056720784,0
7,trf_11_6482a,0.18802957810443033,45.0,0.41784350689873406,0
7,trf_6_1647a,0.6401712618366139,10.0,6.401712618366139,0
7,trf_6_6496a,0.36751530662023585,112.5,0.32668027255132076,0
7,trf_6_727a,4.155787790372981,30.0,13.852625967909939,0
8,trf_6_1030a,1.2204157827054378,10.0,12.204157827054377,0
8,trf_6_878a,0.2006090393413513,10.0,2.006090393413513,0
8,trf_16_1585a,0.284402715289249,15.0,1.8960181019283266,0
8,trf_16_3545a,0.044988666590896946,10.0,0.4498866659089694,0
8,trf_16_1143a,1.986359425985936,30.0,6.621198086619787,0
8,trf_16_6460a,1.6739388541713305,25.0,6.695755416685322,0
8,trf_6_725a,0.04924393221158106,10.0,0.49243932211581065,0
8,trf_6_3820a,1.751690135310547,15.0,11.677934235403647,0
8,trf_6_3538a,1.1715212755774254,10.0,11.715212755774253,0
8,trf_6_4910a,19.793521243750575,30.0,65.97840414583524,0
8,trf_6_1870a,0.5266988334275048,15.0,3.5113255561833654,0
8,trf_6_127a,2.3240593531665548,15.0,15.493729021110365,0
8,trf_6_1541a,0.8874725582728655,15.0,5.9164837218191035,0
8,trf_6_1503a,0.6267041665807128,10.0,6.267041665807128,0
8,trf_6_6272a,0.4719814351442204,15.0,3.1465429009614696,0
8,trf_6_128a,0.8227956570797913,15.0,5.485304380531942,0
8,trf_6_1260a,0.04429319392024209,10.0,0.4429319392024209,0
8,trf_6_1350a,1.6482571101360692,45.0,3.662793578080154,0
8,trf_6_808a,1.2601095375217466,15.0,8.400730250144978,0
8,trf_6_1475a,1.2249164041077225,15.0,8.16610936071815,0
8,trf_6_1138a,0.7066574944630256,10.0,7.066574944630256,0
8,trf_6_1146a,0.33791352301028477,10.0,3.3791352301028477,0
8,trf_16_2916a,1.1706034532604732,10.0,11.706034532604733,0
8,trf_16_1140a,0.04495909030518465,10.0,0.4495909030518465,0
8,trf_16_5474a,1.0104500188639989,10.0,10.104500188639989,0
8,trf_16_3548a,0.9925268689507327,10.0,9.925268689507327,0
8,trf_16_1141a,1.220309992743932,15.0,8.135399951626214,0
8,trf_6_810a,2.0516458221048004,30.0,6.838819407016001,0
8,trf_16_300a,1.0309955889896518,15.0,6.873303926597679,0
8,trf_16_3130a,2.9969393875587773,30.0,9.989797958529259,0
8,trf_11_4955a,4.777439060095401,15.0,31.84959373396934,0
8,trf_11_131a,2.0406246678703828,10.0,20.40624667870383,0
8,trf_6_1048a,0.4221316497090581,15.0,2.8142109980603873,0
8,trf_6_129a,0.9569262737538652,10.0,9.569262737538653,0
8,trf_34_1018a,0.5666157154889699,5.0,11.332314309779399,0
8,trf_16_5730a,0.7628580846590045,25.0,3.0514323386360176,0
8,trf_16_1144a,1.2959017807927757,15.0,8.63934520528517,0
8,trf_6_6273a,2.648842088284436,30.0,8.829473627614787,0
8,trf_6_1238a,1.3080621200510154,15.0,8.720414133673437,0
8,trf_6_731a,0.40588949506336097,15.0,2.7059299670890735,0
8,trf_6_732a,1.7812371324522684,30.0,5.937457108174228,0
8,trf_16_6082a,0.8885332464445831,15.0,5.923554976297221,0
8,trf_16_537a,0.4654755311092689,5.0,9.309510622185378,0
8,trf_16_3996a,3.7229488540766678,15.0,24.819659027177785,0
8,trf_16_1095a,0.9344528663705537,15.0,6.229685775803691,0
8,trf_6_730a,0.4256201639590097,15.0,2.837467759726731,0
8,trf_34_1649a,0.30735419627657024,5.0,6.147083925531405,0
8,trf_34_5029a,0.5711917324654905,10.0,5.711917324654904,0
8,trf_34_1581a,1.3234388509630512,10.0,13.234388509630511,0
8,trf_11_132a,0.8127175363396753,10.0,8.127175363396752,0
8,trf_16_3221a,2.5677708137002297,25.0,10.271083254800919,0
8,trf_16_504a,1.630030066342427,15.0,10.866867108949513,0
8,trf_6_735a,0.3568250539242891,10.0,3.5682505392428907,0
8,trf_6_4489a,0.049393081711389245,25.0,0.197572326845557,0
8,trf_6_729a,2.2189330706872608,15.0,14.792887137915072,0
8,trf_16_299a,3.102289039706994,45.0,6.893975643793319,0
8,trf_16_1301a,0.9649077980296558,10.0,9.649077980296557,0
8,trf_16_2139a,3.541269049790105,25.0,14.16507619916042,0
8,trf_16_6081a,0.35841028204342257,10.0,3.584102820434226,0
8,trf_6_1019a,2.164280798457205,25.0,8.65712319382882,0
8,trf_11_2597a,0.973515178870441,10.0,9.73515178870441,0
8,trf_11_130a,0.7951895101650932,15.0,5.301263401100622,0
8,trf_6_4704a,1.1098713747802438,10.0,11.098713747802439,0
8,trf_6_733a,0.05734810376355674,10.0,0.5734810376355675,0
8,trf_11_305a,18.9350488217116,75.0,25.246731762282135,0
8,trf_16_539a,0.05019905400559036,10.0,0.5019905400559036,0
8,trf_6_1151a,1.3379823355023506,30.0,4.459941118341169,0
8,trf_6_4764a,0.2678558765169818,75.0,0.35714116868930906,0
8,trf_6_4765a,0.4463520209453565,150.0,0.297568013963571,0
8,trf_16_538a,0.9820175883581138,30.0,3.2733919611937123,0
8,trf_11_133a,0.050901650191668146,10.0,0.5090165019166815,0
8,trf_6_723a,1.2679060882554778,15.0,8.452707255036518,0
8,trf_6_722a,0.35339533601109147,15.0,2.3559689067406095,0
8,trf_6_726a,0.07875092724577355,15.0,0.5250061816384903,0
8,trf_6_737a,1.1944619248033947,15.0,7.963079498689298,0
8,trf_6_728a,2.202015059935211,30.0,7.340050199784036,0
8,trf_6_125a,0.057618023477681544,10.0,0.5761802347768155,0
8,trf_6_3011a,0.47699461080248673,10.0,4.769946108024867,0
8,trf_6_3819a,2.9073040445602105,30.0,9.691013481867369,0
8,trf_6_1344a,0.31259350404798947,10.0,3.1259350404798947,0
8,trf_6_122a,0.14198729322359874,10.0,1.4198729322359873,0
8,trf_6_1212a,1.0489694051485159,25.0,4.1958776205940636,0
8,trf_6_1213a,0.17170725267096898,10.0,1.7170725267096898,0
8,trf_6_1139a,1.7486115725807454,15.0,11.657410483871637,0
8,trf_6_1145a,0.5041824426578299,10.0,5.041824426578299,0
8,trf_16_302a,0.23917781614236044,10.0,2.3917781614236047,0
8,trf_16_301a,0.9270446827374421,25.0,3.7081787309497685,0
8,trf_6_124a,2.0552665896356244,45.0,4.567259088079165,0
8,trf_16_6318a,2.572505625813552,45.0,5.716679168474561,0
8,trf_16_303a,1.1055139509097558,15.0,7.370093006065038,0
8,trf_6_1256a,0.3639163388304751,10.0,3.639163388304751,0
8,trf_6_2090a,1.4739313970326338,15.0,9.826209313550892,0
8,trf_6_1445a,0.6739275653594958,10.0,6.739275653594959,0
8,trf_6_4766a,0.36768706461063766,112.5,0.3268329463205668,0
8,trf_16_3549a,0.0,0.0,0.0,0
8,trf_11_4675a,0.4550400558286821,150.0,0.3033600372191214,0
8,trf_16_4173a,0.45733685022717335,10.0,4.573368502271734,0
8,trf_6_4662a,0.7226285260940765,300.0,0.24087617536469216,0
8,trf_6_2860a,1.0366188261104252,10.0,10.366188261104252,0
8,trf_6_1178a,0.8227583010083048,15.0,5.485055340055366,0
8,trf_6_4249a,0.3020040052691568,25.0,1.2080160210766273,0
8,trf_6_2887a,0.7541755598860052,10.0,7.5417555988600515,0
8,trf_6_2064a,0.308898168031206,5.0,6.177963360624121,0
8,trf_6_4161a,0.28909673226789406,10.0,2.8909673226789403,0
8,trf_6_1960a,0.6113583651694878,10.0,6.113583651694879,0
8,trf_6_6394a,1.1559399785043822,25.0,4.623759914017529,0
8,trf_6_3613a,0.2596775150706456,10.0,2.5967751507064563,0
8,trf_6_738a,0.03476748354627067,5.0,0.6953496709254134,0
8,trf_16_2195a,4.004243053059741,15.0,26.69495368706494,0
8,trf_16_4674a,0.6320874871453172,225.0,0.2809277720645854,0
8,trf_6_2417a,0.7550388073042622,10.0,7.550388073042622,0
8,trf_16_4687a,0.2696905825100748,75.0,0.3595874433467664,0
8,trf_16_2428a,0.41967748012710726,5.0,8.393549602542146,0
8,trf_16_2658a,0.38933601121915695,15.0,2.595573408127713,0
8,trf_6_1177a,3.0499478010309784,75.0,4.066597068041305,0
8,trf_6_4661a,0.4488928066311965,150.0,0.2992618710874643,0
8,trf_6_3019a,0.5026556271128116,10.0,5.026556271128117,0
8,trf_6_3013a,1.1347956871912452,5.0,22.695913743824907,0
8,trf_16_3364a,0.6630579740017019,15.0,4.4203864933446795,0
8,trf_6_3563a,1.192559499466127,10.0,11.925594994661271,0
8,trf_16_3328a,0.43276446177813976,10.0,4.327644617781397,0
8,trf_6_3721a,0.02960917368946131,5.0,0.5921834737892262,0
8,trf_6_3434a,0.7736733821570803,5.0,15.473467643141607,0
8,trf_6_3010a,0.1815083928845151,10.0,1.8150839288451508,0
8,trf_6_3509a,2.023379505286799,5.0,40.46759010573598,0
8,trf_16_6165a,0.0,0.0,0.0,0
8,trf_6_3142a,0.3267209519001432,10.0,3.2672095190014323,0
8,trf_16_3908a,0.0,0.0,0.0,0
8,trf_6_3604a,0.11569220691915584,10.0,1.1569220691915585,0
8,trf_6_3012a,0.25881986504814675,10.0,2.588198650481467,0
8,trf_6_3507a,0.46055451098664246,10.0,4.605545109866425,0
8,trf_34_5142a,0.2890922377431397,10.0,2.890922377431397,0
8,trf_6_3508a,0.044501495957834585,10.0,0.44501495957834586,0
8,trf_6_3634a,0.9717937977382904,10.0,9.717937977382904,0
8,trf_6_3224a,0.26392726224867646,5.0,5.27854524497353,0
8,trf_16_3904a,0.7256407845121146,10.0,7.256407845121146,0
8,trf_11_3987a,0.8312609216473366,5.0,16.62521843294673,0
8,trf_16_3997a,1.1773800399877457,30.0,3.9246001332924854,0
8,trf_6_3817a,0.22943330813985552,5.0,4.58866616279711,0
8,trf_6_3818a,0.8412936828784974,10.0,8.412936828784975,0
8,trf_16_1142a,2.4166141895805637,45.0,5.370253754623475,0
8,trf_34_5260a,0.7357096819687975,10.0,7.357096819687975,0
8,trf_6_5725a,0.7262121108549493,300.0,0.24207070361831645,0
8,trf_6_5472a,0.8430573370423253,15.0,5.620382246948836,0
8,trf_6_4925a,0.36791897433907766,112.5,0.3270390883014023,0
8,trf_6_3256a,3.5029337290526077,15.0,23.352891527017384,0
8,trf_6_4998a,0.36512228581227185,112.5,0.32455314294424165,0
8,trf_16_5055a,1.7184525629970806,10.0,17.184525629970807,0
8,trf_6_724a,1.1147343575603672,30.0,3.7157811918678907,0
8,trf_11_4785a,0.409869356666316,10.0,4.09869356666316,0
8,trf_16_5003a,0.09355974433095479,15.0,0.6237316288730319,0
8,trf_6_5157a,0.7235827190950879,300.0,0.24119423969836262,0
8,trf_6_5085a,2.0688887666410283,30.0,6.896295888803428,0
8,trf_6_5595a,1.0752434630876853,30.0,3.584144876958951,0
8,trf_11_5652a,0.06119246892499842,15.0,0.4079497928333228,0
8,trf_16_5666a,0.17010083024688807,10.0,1.7010083024688807,0
8,trf_6_5711a,0.9722325471628016,30.0,3.240775157209339,0
8,trf_6_5712a,1.0357121938519784,30.0,3.452373979506595,0
8,trf_6_5659a,0.5160297513753394,30.0,1.720099171251131,0
8,trf_6_1262a,0.7792083088863645,10.0,7.792083088863644,0
8,trf_16_6019a,0.06865684126025384,10.0,0.6865684126025384,0
8,trf_16_6122a,0.044974127767135115,10.0,0.4497412776713512,0
8,trf_6_6158a,4.869256342975357,45.0,10.82056965105635,0
8,trf_6_6197a,7.10987078824012,75.0,9.479827717653492,0
8,trf_6_6153a,5.444480030107189,30.0,18.148266767023966,0
8,trf_6_1504a,0.7562319282518305,30.0,2.5207730941727684,0
8,trf_6_6249a,1.0127744122737699,30.0,3.375914707579233,0
8,trf_16_6312a,0.6815323611362157,30.0,2.271774537120719,0
8,trf_6_6386a,0.44498956125557937,150.0,0.2966597075037196,0
8,trf_6_4627a,0.36775299900117187,112.5,0.32689155466770836,0
8,trf_11_6443a,0.4550558968934661,150.0,0.30337059792897736,0
8,trf_12_6577a,0.14158900320520154,30.0,0.47196334401733847,0
8,trf_12_6578a,0.18710205058968998,45.0,0.4157823346437555,0
8,trf_11_6482a,0.18708830529662238,45.0,0.4157517895480497,0
8,trf_6_1647a,0.44451206903970775,10.0,4.4451206903970775,0
8,trf_6_6496a,0.364541898847881,112.5,0.3240372434203387,0
8,trf_6_727a,2.836593450249885,30.0,9.45531150083295,0
9,trf_6_1030a,0.8998566349763715,10.0,8.998566349763715,0
9,trf_6_878a,0.15834564893361083,10.0,1.5834564893361083,0
9,trf_16_1585a,0.22848781677331803,15.0,1.5232521118221203,0
9,trf_16_3545a,0.04498970942302561,10.0,0.44989709423025614,0
9,trf_16_1143a,1.7863582286176938,30.0,5.954527428725646,0
9,trf_16_6460a,1.2373141900564442,25.0,4.949256760225777,0
9,trf_6_725a,0.04924424701150717,10.0,0.4924424701150717,0
9,trf_6_3820a,1.292850136749016,15.0,8.619000911660105,0
9,trf_6_3538a,0.8668057977870833,10.0,8.668057977870834,0
9,trf_6_4910a,14.483770056152295,30.0,48.27923352050765,0
9,trf_6_1870a,0.39985822021097966,15.0,2.665721468073198,0
9,trf_6_127a,1.7120770766643547,15.0,11.413847177762365,0
9,trf_6_1541a,2.853921238684533,15.0,19.02614159123022,0
9,trf_6_1503a,0.4676177426171178,10.0,4.6761774261711775,0
9,trf_6_6272a,0.3602607547833363,15.0,2.401738365222242,0
9,trf_6_128a,0.6163312700031843,15.0,4.108875133354562,0
9,trf_6_1260a,0.04435640664192317,10.0,0.44356406641923163,0
9,trf_6_1350a,4.014049268531452,45.0,8.92010948562545,0
9,trf_6_808a,0.9364104083326906,15.0,6.242736055551271,0
9,trf_6_1475a,0.9947569736814549,15.0,6.631713157876366,0
9,trf_6_1138a,0.7777856136745995,10.0,7.777856136745996,0
9,trf_6_1146a,2.2021842109192487,10.0,22.021842109192484,0
9,trf_16_2916a,0.8625409153175019,10.0,8.625409153175019,0
9,trf_16_1140a,0.04496561292615281,10.0,0.4496561292615281,0
9,trf_16_5474a,0.7460846453634773,10.0,7.4608464536347725,0
9,trf_16_3548a,0.8639474957363543,10.0,8.639474957363543,0
9,trf_16_1141a,0.9023352441442696,15.0,6.0155682942951305,0
9,trf_6_810a,1.5271240935454213,30.0,5.090413645151404,0
9,trf_16_300a,0.7669388663850141,15.0,5.112925775900094,0
9,trf_16_3130a,2.2187480429446946,30.0,7.395826809815649,0
9,trf_11_4955a,3.5013811279636564,15.0,23.342540853091045,0
9,trf_11_131a,1.500689911769328,10.0,15.00689911769328,0
9,trf_6_1048a,0.3272823476890082,15.0,2.1818823179267213,0
9,trf_6_129a,0.7103087155850103,10.0,7.103087155850103,0
9,trf_34_1018a,0.4210844149242859,5.0,8.421688298485718,0
9,trf_16_5730a,0.5762187319031785,25.0,2.304874927612714,0
9,trf_16_1144a,0.957598367692637,15.0,6.383989117950914,0
9,trf_6_6273a,7.188864698048173,30.0,23.96288232682724,0
9,trf_6_1238a,0.9666832996434556,15.0,6.444555330956371,0
9,trf_6_731a,0.31561303484748515,15.0,2.104086898983234,0
9,trf_6_732a,1.3303026956014985,30.0,4.434342318671662,0
9,trf_16_6082a,2.2211505700850953,15.0,14.807670467233969,0
9,trf_16_537a,0.3478324317033328,5.0,6.956648634066656,0
9,trf_16_3996a,2.725186019263159,15.0,18.167906795087728,0
9,trf_16_1095a,0.6956698744306402,15.0,4.637799162870935,0
9,trf_6_730a,0.35388469562830854,15.0,2.359231304188724,0
9,trf_34_1649a,0.23199776697265795,5.0,4.6399553394531585,0
9,trf_34_5029a,1.71596607808824,10.0,17.159660780882398,0
9,trf_34_1581a,0.9765958701571189,10.0,9.76595870157119,0
9,trf_11_132a,0.6044416353416527,10.0,6.044416353416528,0
9,trf_16_3221a,1.8888221539003578,25.0,7.555288615601431,0
9,trf_16_504a,1.4591048019188009,15.0,9.727365346125339,0
9,trf_6_735a,0.2721615808374661,10.0,2.721615808374661,0
9,trf_6_4489a,4.703458013030491,25.0,18.813832052121963,0
9,trf_6_729a,1.6335977253561844,15.0,10.890651502374563,0
9,trf_16_299a,2.3062918478772008,45.0,5.125092995282668,0
9,trf_16_1301a,0.7153268511269381,10.0,7.153268511269381,0
9,trf_16_2139a,2.6012393812273533,25.0,10.404957524909413,0
9,trf_16_6081a,0.27272923016857226,10.0,2.727292301685723,0
9,trf_6_1019a,0.4916076832352425,25.0,1.96643073294097,0
9,trf_11_2597a,0.7210276638933157,10.0,7.210276638933157,0
9,trf_11_130a,0.6005911226877156,15.0,4.003940817918104,0
9,trf_6_4704a,1.0464385490180137,10.0,10.464385490180138,0
9,trf_6_733a,0.05382870647384472,10.0,0.5382870647384472,0
9,trf_11_305a,32.847574703560305,75.0,43.79676627141374,0
9,trf_16_539a,0.050309069042819114,10.0,0.5030906904281911,0
9,trf_6_1151a,1.0084129269232631,30.0,3.3613764230775436,0
9,trf_6_4764a,0.2679482416401388,75.0,0.3572643221868518,0
9,trf_6_4765a,0.44650572679484324,150.0,0.29767048452989553,0
9,trf_16_538a,0.7513178906563627,30.0,2.504392968854542,0
9,trf_11_133a,0.051103293309655524,10.0,0.5110329330965553,0
9,trf_6_723a,0.9417506494292094,15.0,6.278337662861396,0
9,trf_6_722a,0.2774130690044572,15.0,1.8494204600297148,0
9,trf_6_726a,0.07874890604580728,15.0,0.5249927069720486,0
9,trf_6_737a,0.8887914572027149,15.0,5.925276381351433,0
9,trf_6_728a,1.635861152674755,30.0,5.452870508915851,0
9,trf_6_125a,0.054791009160428096,10.0,0.547910091604281,0
9,trf_6_3011a,0.36103827578600073,10.0,3.6103827578600076,0
9,trf_6_3819a,2.156978528778961,30.0,7.189928429263204,0
9,trf_6_1344a,0.2401114865020152,10.0,2.401114865020152,0
9,trf_6_122a,0.11726632378659504,10.0,1.1726632378659505,0
9,trf_6_1212a,0.7854358722165818,25.0,3.1417434888663274,0
9,trf_6_1213a,0.16448714966161382,10.0,1.6448714966161382,0
9,trf_6_1139a,4.924453062766781,15.0,32.82968708511187,0
9,trf_6_1145a,0.4045335216891635,10.0,4.045335216891635,0
9,trf_16_302a,0.18621689657146384,10.0,1.8621689657146383,0
9,trf_16_301a,0.6985821936756903,25.0,2.794328774702761,0
9,trf_6_124a,0.1993322597463945,45.0,0.44296057721421006,0
9,trf_16_6318a,1.9218020896102526,45.0,4.270671310245006,0
9,trf_16_303a,0.823470481181019,15.0,5.48980320787346,0
9,trf_6_1256a,0.2772838211124682,10.0,2.772838211124682,0
9,trf_6_2090a,1.0917676355904242,15.0,7.278450903936162,0
9,trf_6_1445a,0.5011860299676109,10.0,5.011860299676108,0
9,trf_6_4766a,0.3678510391402457,112.5,0.3269787014579962,0
9,trf_16_3549a,0.0,0.0,0.0,0
9,trf_11_4675a,0.4566083969618496,150.0,0.30440559797456646,0
9,trf_16_4173a,0.34410573024177254,10.0,3.4410573024177253,0
9,trf_6_4662a,0.7224621892635662,300.0,0.24082072975452207,0
9,trf_6_2860a,0.7654495320283781,10.0,7.654495320283781,0
9,trf_6_1178a,0.6141513311863193,15.0,4.094342207908795,0
9,trf_6_4249a,1.7645568964886655,25.0,7.058227585954662,0
9,trf_6_2887a,0.560407806501455,10.0,5.6040780650145505,0
9,trf_6_2064a,0.23254571189090267,5.0,4.6509142378180535,0
9,trf_6_4161a,0.22188207678097135,10.0,2.2188207678097136,0
9,trf_6_1960a,0.4562097896848408,10.0,4.5620978968484085,0
9,trf_6_6394a,0.8613274128085314,25.0,3.4453096512341257,0
9,trf_6_3613a,0.20050831927569193,10.0,2.0050831927569193,0
9,trf_6_738a,0.034795562120147214,5.0,0.6959112424029443,0
9,trf_16_2195a,2.9331664695076265,15.0,19.554443130050846,0
9,trf_16_4674a,0.6342496565620054,225.0,0.28188873624978017,0
9,trf_6_2417a,0.5605887170538825,10.0,5.605887170538825,0
9,trf_16_4687a,0.2697203167854342,75.0,0.35962708904724555,0
9,trf_16_2428a,0.3127700028923547,5.0,6.255400057847093,0
9,trf_16_2658a,0.3047644207419497,15.0,2.0317628049463314,0
9,trf_6_1177a,2.287411502555346,75.0,3.0498820034071277,0
9,trf_6_4661a,0.4493588431657909,150.0,0.2995725621105273,0
9,trf_6_3019a,0.3782503916896555,10.0,3.7825039168965553,0
9,trf_6_3013a,0.8330720288238415,5.0,16.661440576476828,0
9,trf_16_3364a,0.5037706962052448,15.0,3.3584713080349653,0
9,trf_6_3563a,0.8796357109365149,10.0,8.79635710936515,0
9,trf_16_3328a,0.32650110650237324,10.0,3.2650110650237325,0
9,trf_6_3721a,0.02961259281533488,5.0,0.5922518563066976,0
9,trf_6_3434a,0.5716654474742935,5.0,11.43330894948587,0
9,trf_6_3010a,0.14372107200769071,10.0,1.4372107200769073,0
9,trf_6_3509a,1.4804373111427378,5.0,29.608746222854755,0
9,trf_16_6165a,0.0,0.0,0.0,0
9,trf_6_3142a,0.248972589369409,10.0,2.4897258936940903,0
9,trf_16_3908a,0.0,0.0,0.0,0
9,trf_6_3604a,0.09590307784604286,10.0,0.9590307784604286,0
9,trf_6_3012a,0.1998462155944005,10.0,1.998462155944005,0
9,trf_6_3507a,0.3474986825353152,10.0,3.4749868253531515,0
9,trf_34_5142a,0.22273981841121882,10.0,2.227398184112188,0
9,trf_6_3508a,0.04448807578459337,10.0,0.44488075784593367,0
9,trf_6_3634a,0.7185537000969555,10.0,7.185537000969555,0
9,trf_6_3224a,0.19958614573376052,5.0,3.9917229146752105,0
9,trf_16_3904a,0.5390079633502518,10.0,5.390079633502518,0
9,trf_11_3987a,0.6132645022094605,5.0,12.26529004418921,0
9,trf_16_3997a,0.8940566959362359,30.0,2.98018898645412,0
9,trf_6_3817a,0.17470321902080713,5.0,3.4940643804161424,0
9,trf_6_3818a,0.6229338673435251,10.0,6.229338673435251,0
9,trf_16_1142a,1.8040460192895238,45.0,4.008991153976719,0
9,trf_34_5260a,0.5481243631852132,10.0,5.4812436318521325,0
9,trf_6_5725a,0.7264626704487153,300.0,0.24215422348290508,0
9,trf_6_5472a,0.6284152163502121,15.0,4.189434775668081,0
9,trf_6_4925a,0.36809373771081233,112.5,0.3271944335207221,0
9,trf_6_3256a,2.5719229371382237,15.0,17.146152914254824,0
9,trf_6_4998a,0.3651911156183936,112.5,0.3246143249941276,0
9,trf_16_5055a,1.2609104289848627,10.0,12.609104289848627,0
9,trf_6_724a,0.8457369912792709,30.0,2.8191233042642367,0
9,trf_11_4785a,0.3102995288128182,10.0,3.1029952881281817,0
9,trf_16_5003a,0.08444280225014972,15.0,0.5629520150009981,0
9,trf_6_5157a,0.7235623992759327,300.0,0.2411874664253109,0
9,trf_6_5085a,1.5399035663700156,30.0,5.133011887900052,0
9,trf_6_5595a,2.9705389620567,30.0,9.901796540189,0
9,trf_11_5652a,0.06137948129947928,15.0,0.4091965419965285,0
9,trf_16_5666a,0.13546498168629906,10.0,1.3546498168629906,0
9,trf_6_5711a,0.7422399475239543,30.0,2.474133158413181,0
9,trf_6_5712a,0.6034592308359055,30.0,2.0115307694530182,0
9,trf_6_5659a,0.41144096302426497,30.0,1.37146987674755,0
9,trf_6_1262a,0.5791847173099045,10.0,5.791847173099045,0
9,trf_16_6019a,0.062105127571366256,10.0,0.6210512757136626,0
9,trf_16_6122a,0.044987979804726685,10.0,0.4498797980472668,0
9,trf_6_6158a,3.599176615210308,45.0,7.998170256022907,0
9,trf_6_6197a,5.2360682707260615,75.0,6.981424360968083,0
9,trf_6_6153a,4.30258646796379,30.0,14.341954893212634,0
9,trf_6_1504a,0.5865467317155598,30.0,1.9551557723851996,0
9,trf_6_6249a,4.631269479073083,30.0,15.43756493024361,0
9,trf_16_6312a,0.5330197977916605,30.0,1.776732659305535,0
9,trf_6_6386a,0.4451121925590904,150.0,0.29674146170606025,0
9,trf_6_4627a,0.36793504194631144,112.5,0.32705337061894346,0
9,trf_11_6443a,0.45664310786788154,150.0,0.3044287385785877,0
9,trf_12_6577a,0.14207923514739623,30.0,0.47359745049132074,0
9,trf_12_6578a,0.18774986503541552,45.0,0.41722192230092336,0
9,trf_11_6482a,0.18773607215115853,45.0,0.41719127144701895,0
9,trf_6_1647a,0.33475781672935845,10.0,3.3475781672935847,0
9,trf_6_6496a,0.3645547206085823,112.5,0.324048640540962,0
9,trf_6_727a,2.0974489058757833,30.0,6.991496352919277,0
10,trf_6_1030a,0.6240520844874915,10.0,6.240520844874915,0
10,trf_6_878a,0.12217273306971828,10.0,1.2217273306971828,0
10,trf_16_1585a,0.1807754596625691,15.0,1.2051697310837939,0
10,trf_16_3545a,0.04501165525818108,10.0,0.45011655258181077,0
10,trf_16_1143a,6.299682066597151,30.0,20.9989402219905,0
10,trf_16_6460a,0.8605371060882223,25.0,3.4421484243528893,0
10,trf_6_725a,0.049382868953968616,10.0,0.4938286895396861,0
10,trf_6_3820a,0.8966625276562157,15.0,5.977750184374771,0
10,trf_6_3538a,0.603488326141833,10.0,6.03488326141833,0
10,trf_6_4910a,9.889537610928757,30.0,32.965125369762525,0
10,trf_6_1870a,0.2907284891018859,15.0,1.9381899273459062,0
10,trf_6_127a,1.1828985875878262,15.0,7.885990583918841,0
10,trf_6_1541a,5.505670788551638,15.0,36.70447192367759,0
10,trf_6_1503a,0.33054254348747386,10.0,3.3054254348747385,0
10,trf_6_6272a,0.26408778733487087,15.0,1.7605852488991391,0
10,trf_6_128a,0.4380260891705909,15.0,2.920173927803939,0
10,trf_6_1260a,0.04455465580318542,10.0,0.44554655803185417,0
10,trf_6_1350a,7.284475450382741,45.0,16.18772322307276,0
10,trf_6_808a,0.6580795906818578,15.0,4.3871972712123855,0
10,trf_6_1475a,0.8059409980517714,15.0,5.372939987011809,0
10,trf_6_1138a,2.6084647701330055,10.0,26.084647701330056,0
10,trf_6_1146a,4.789100668169769,10.0,47.89100668169769,0
10,trf_16_2916a,0.5968057528886825,10.0,5.968057528886826,0
10,trf_16_1140a,0.04500987204233948,10.0,0.4500987204233948,0
10,trf_16_5474a,0.5180586187381399,10.0,5.180586187381399,0
10,trf_16_3548a,0.7665955093864663,10.0,7.665955093864663,0
10,trf_16_1141a,0.6278767852107422,15.0,4.185845234738282,0
10,trf_6_810a,1.0761467123764772,30.0,3.5871557079215903,0
10,trf_16_300a,0.5391173304062375,15.0,3.594115536041584,0
10,trf_16_3130a,1.5478381802240242,30.0,5.159460600746747,0
10,trf_11_4955a,2.397944068235379,15.0,15.986293788235859,0
10,trf_11_131a,1.0343476591135459,10.0,10.34347659113546,0
10,trf_6_1048a,0.24609522910063303,15.0,1.6406348606708867,0
10,trf_6_129a,0.49708197159789724,10.0,4.970819715978973,0
10,trf_34_1018a,0.29549896390232094,5.0,5.9099792780464195,0
10,trf_16_5730a,0.4157602976255159,25.0,1.6630411905020637,0
10,trf_16_1144a,0.6658221122956716,15.0,4.4388140819711435,0
10,trf_6_6273a,13.42942208249602,30.0,44.76474027498673,0
10,trf_6_1238a,0.6727600727843297,15.0,4.485067151895532,0
10,trf_6_731a,0.23832264458022484,15.0,1.5888176305348323,0
10,trf_6_732a,0.9427183993775559,30.0,3.142394664591853,0
10,trf_16_6082a,4.068077938453328,15.0,27.120519589688854,0
10,trf_16_537a,0.24649742565621613,5.0,4.929948513124322,0
10,trf_16_3996a,1.864633770053299,15.0,12.430891800355328,0
10,trf_16_1095a,0.49000465007903965,15.0,3.2666976671935974,0
10,trf_6_730a,0.29506650211412283,15.0,1.9671100140941522,0
10,trf_34_1649a,0.16711728188485536,5.0,3.3423456376971075,0
10,trf_34_5029a,3.264774041450389,10.0,32.64774041450389,0
10,trf_34_1581a,0.677334778632077,10.0,6.77334778632077,0
10,trf_11_132a,0.4246722890943994,10.0,4.246722890943994,0
10,trf_16_3221a,1.3036926055603724,25.0,5.2147704222414895,0
10,trf_16_504a,1.2942375237716652,15.0,8.628250158477767,0
10,trf_6_735a,0.19951585256313287,10.0,1.9951585256313287,0
10,trf_6_4489a,10.741921944387617,25.0,42.967687777550466,0
10,trf_6_729a,1.1298404036268754,15.0,7.532269357512503,0
10,trf_16_299a,1.6204626986032968,45.0,3.6010282191184375,0
10,trf_16_1301a,0.5002126678201078,10.0,5.002126678201078,0
10,trf_16_2139a,1.7893207293767885,25.0,7.157282917507155,0
10,trf_16_6081a,0.19901633430805143,10.0,1.9901633430805146,0
10,trf_6_1019a,3.678713412710693,25.0,14.714853650842771,0
10,trf_11_2597a,0.5033047515003877,10.0,5.033047515003877,0
10,trf_11_130a,0.4330514656419355,15.0,2.8870097709462366,0
10,trf_6_4704a,1.0169492783683907,10.0,10.169492783683907,0
10,trf_6_733a,0.050948381647632594,10.0,0.5094838164763259,0
10,trf_11_305a,52.704335262910895,75.0,70.27244701721453,0
10,trf_16_539a,0.050549616636062424,10.0,0.5054961663606242,0
10,trf_6_1151a,0.7251548188174233,30.0,2.417182729391411,0
10,trf_6_4764a,0.26869860927186745,75.0,0.35826481236248997,0
10,trf_6_4765a,0.4477674859326967,150.0,0.29851165728846446,0
10,trf_16_538a,0.5529949660728297,30.0,1.8433165535760991,0
10,trf_11_133a,0.05147310908203659,10.0,0.5147310908203659,0
10,trf_6_723a,0.6614177368043007,15.0,4.4094515786953385,0
10,trf_6_722a,0.21247237881049108,15.0,1.416482525403274,0
10,trf_6_726a,0.07897670562726404,15.0,0.5265113708484269,0
10,trf_6_737a,0.6257828415300258,15.0,4.171885610200173,0
10,trf_6_728a,1.1492385620581933,30.0,3.8307952068606443,0
10,trf_6_125a,0.052570365508241935,10.0,0.5257036550824193,0
10,trf_6_3011a,0.2611713505498699,10.0,2.611713505498699,0
10,trf_6_3819a,1.5094560768843377,30.0,5.031520256281126,0
10,trf_6_1344a,0.1777486923591908,10.0,1.777486923591908,0
10,trf_6_122a,0.09625588299080293,10.0,0.9625588299080293,0
10,trf_6_1212a,0.5584014738872046,25.0,2.2336058955488185,0
10,trf_6_1213a,0.16146682652341154,10.0,1.6146682652341156,0
10,trf_6_1139a,9.111712581733467,15.0,60.74475054488978,0
10,trf_6_1145a,0.3215098103117844,10.0,3.215098103117844,0
10,trf_16_302a,0.14077206504497844,10.0,1.4077206504497846,0
10,trf_16_301a,0.5019225209159097,25.0,2.007690083663639,0
10,trf_6_124a,2.672083152708422,45.0,5.937962561574271,0
10,trf_16_6318a,1.361436239199009,45.0,3.0254138648866866,0
10,trf_16_303a,0.5804168983726841,15.0,3.869445989151227,0
10,trf_6_1256a,0.20295776254094006,10.0,2.0295776254094005,0
10,trf_6_2090a,0.7631082125894545,15.0,5.087388083929697,0
10,trf_6_1445a,0.35271545394904336,10.0,3.5271545394904336,0
10,trf_6_4766a,0.3688541907733275,112.5,0.32787039179851335,0
10,trf_16_3549a,0.0,0.0,0.0,0
10,trf_11_4675a,0.45985597449554266,150.0,0.3065706496636951,0
10,trf_16_4173a,0.2465334691936205,10.0,2.465334691936205,0
10,trf_6_4662a,0.7244557019906077,300.0,0.24148523399686922,0
10,trf_6_2860a,0.5320019904473033,10.0,5.320019904473034,0
10,trf_6_1178a,0.43440740190596727,15.0,2.896049346039782,0
10,trf_6_4249a,3.703506003594676,25.0,14.814024014378704,0
10,trf_6_2887a,0.39338353489769273,10.0,3.9338353489769275,0
10,trf_6_2064a,0.1667811198183119,5.0,3.335622396366238,0
10,trf_6_4161a,0.16413855065909796,10.0,1.6413855065909797,0
10,trf_6_1960a,0.32258275897025607,10.0,3.2258275897025603,0
10,trf_6_6394a,0.6075296395007751,25.0,2.4301185580031004,0
10,trf_6_3613a,0.14970732934283412,10.0,1.497073293428341,0
10,trf_6_738a,0.03490352891386298,5.0,0.6980705782772596,0
10,trf_16_2195a,2.0079947873979425,15.0,13.386631915986282,0
10,trf_16_4674a,0.6387220594951776,225.0,0.28387647088674556,0
10,trf_6_2417a,0.39322639756855404,10.0,3.93226397568554,0
10,trf_16_4687a,0.269895247366515,75.0,0.35986032982202,0
10,trf_16_2428a,0.22062615404337355,5.0,4.412523080867471,0
10,trf_16_2658a,0.23234859295963928,15.0,1.5489906197309287,0
10,trf_6_1177a,1.6311634181251,75.0,2.174884557500133,0
10,trf_6_4661a,0.4508163157142471,150.0,0.3005442104761647,0
10,trf_6_3019a,0.27110310364159523,10.0,2.7110310364159522,0
10,trf_6_3013a,0.5728256626606714,5.0,11.456513253213426,0
10,trf_16_3364a,0.36684381862713966,15.0,2.445625457514264,0
10,trf_6_3563a,0.6096825789054756,10.0,6.096825789054757,0
10,trf_16_3328a,0.2351126635217984,10.0,2.3511266352179843,0
10,trf_6_3721a,0.029704291819686333,5.0,0.5940858363937267,0
10,trf_6_3434a,0.3973964853497315,5.0,7.94792970699463,0
10,trf_6_3010a,0.11131998803527482,10.0,1.1131998803527483,0
10,trf_6_3509a,1.0118543811471137,5.0,20.237087622942276,0
10,trf_16_6165a,0.0,0.0,0.0,0
10,trf_6_3142a,0.18228803330810364,10.0,1.8228803330810366,0
10,trf_16_3908a,0.0,0.0,0.0,0
10,trf_6_3604a,0.07911608895540416,10.0,0.7911608895540416,0
10,trf_6_3012a,0.14918439330300506,10.0,1.4918439330300506,0
10,trf_6_3507a,0.25017743216772836,10.0,2.5017743216772836,0
10,trf_34_5142a,0.16577894007535202,10.0,1.6577894007535203,0
10,trf_6_3508a,0.04458957877308776,10.0,0.44589578773087757,0
10,trf_6_3634a,0.5002525308052711,10.0,5.002525308052711,0
10,trf_6_3224a,0.14422507264312814,5.0,2.8845014528625628,0
10,trf_16_3904a,0.3780848231754271,10.0,3.7808482317542706,0
10,trf_11_3987a,0.42530180144226026,5.0,8.506036028845205,0
10,trf_16_3997a,0.6503541007458846,30.0,2.1678470024862824,0
10,trf_6_3817a,0.12763019592256342,5.0,2.5526039184512683,0
10,trf_6_3818a,0.4351983281771158,10.0,4.351983281771158,0
10,trf_16_1142a,1.2758884582582024,45.0,2.8353076850182277,0
10,trf_34_5260a,0.3864347902347274,10.0,3.8643479023472738,0
10,trf_6_5725a,0.7287712361952641,300.0,0.24292374539842135,0
10,trf_6_5472a,0.4437352707230588,15.0,2.958235138153725,0
10,trf_6_4925a,0.36908678967126624,112.5,0.3280771463744589,0
10,trf_6_3256a,1.7668570690396186,15.0,11.77904712693079,0
10,trf_6_4998a,0.36628221321974747,112.5,0.3255841895286644,0
10,trf_16_5055a,0.8657433129622432,10.0,8.657433129622431,0
10,trf_6_724a,0.6149633285616987,30.0,2.0498777618723287,0
10,trf_11_4785a,0.224674292635253,10.0,2.24674292635253,0
10,trf_16_5003a,0.07681787404602453,15.0,0.5121191603068301,0
10,trf_6_5157a,0.7256540899009382,300.0,0.24188469663364606,0
10,trf_6_5085a,1.0847716751066463,30.0,3.615905583688821,0
10,trf_6_5595a,5.559648458365138,30.0,18.53216152788379,0
10,trf_11_5652a,0.06176481902314063,15.0,0.41176546015427085,0
10,trf_16_5666a,0.10570867964466493,10.0,1.0570867964466495,0
10,trf_6_5711a,0.5450539042566119,30.0,1.8168463475220398,0
10,trf_6_5712a,2.4587186061615562,30.0,8.195728687205188,0
10,trf_6_5659a,0.32219779341979476,30.0,1.073992644732649,0
10,trf_6_1262a,0.4071721207397205,10.0,4.071721207397205,0
10,trf_16_6019a,0.05650751637503176,10.0,0.5650751637503176,0
10,trf_16_6122a,0.04501044227696718,10.0,0.4501044227696719,0
10,trf_6_6158a,2.5029604934024174,45.0,5.56213442978315,0
10,trf_6_6197a,3.6246014962768784,75.0,4.832801995035838,0
10,trf_6_6153a,3.3475885276882846,30.0,11.158628425627617,0
10,trf_6_1504a,0.4409350824266219,30.0,1.4697836080887396,0
10,trf_6_6249a,9.46374402566112,30.0,31.5458134188704,0
10,trf_16_6312a,0.4056855522249312,30.0,1.352285174083104,0
10,trf_6_6386a,0.4464214976779485,150.0,0.297614331785299,0
10,trf_6_4627a,0.3689601248965014,112.5,0.3279645554635568,0
10,trf_11_6443a,0.45992074254832616,150.0,0.3066138283655508,0
10,trf_12_6577a,0.1430919692382399,30.0,0.47697323079413306,0
10,trf_12_6578a,0.18908813722331028,45.0,0.4201958604962451,0
10,trf_11_6482a,0.18907424602396106,45.0,0.4201649911643579,0
10,trf_6_1647a,0.2403783173135999,10.0,2.403783173135999,0
10,trf_6_6496a,0.3656196296785411,112.5,0.3249952263809255,0
10,trf_6_727a,1.4617155145106375,30.0,4.872385048368792,0
11,trf_6_1030a,0.5973528421536275,10.0,5.973528421536274,0
11,trf_6_878a,0.11863714882079404,10.0,1.1863714882079406,0
11,trf_16_1585a,0.17610609992300819,15.0,1.174040666153388,0
11,trf_16_3545a,0.04500302988035302,10.0,0.4500302988035302,0
11,trf_16_1143a,7.348833263155322,30.0,24.49611087718441,0
11,trf_16_6460a,0.8247940700491785,25.0,3.299176280196714,0
11,trf_6_725a,0.04930830007042249,10.0,0.4930830007042249,0
11,trf_6_3820a,0.8583736363499941,15.0,5.72249090899996,0
11,trf_6_3538a,0.5781088661650149,10.0,5.781088661650149,0
11,trf_6_4910a,9.446628531878059,30.0,31.48876177292686,0
11,trf_6_1870a,0.28014240025211473,15.0,1.867616001680765,0
11,trf_6_127a,1.1319121372438923,15.0,7.546080914959282,0
11,trf_6_1541a,6.19201750910902,15.0,41.28011672739346,0
11,trf_6_1503a,0.3173736132713922,10.0,3.173736132713922,0
11,trf_6_6272a,0.2547853372945571,15.0,1.6985689152970473,0
11,trf_6_128a,0.42080841135664493,15.0,2.8053894090442997,0
11,trf_6_1260a,0.04450580713321037,10.0,0.4450580713321036,0
11,trf_6_1350a,8.154103935398519,45.0,18.120230967552263,0
11,trf_6_808a,0.6311238702624927,15.0,4.207492468416619,0
11,trf_6_1475a,0.7554216659521187,15.0,5.0361444396807915,0
11,trf_6_1138a,3.0346978700919376,10.0,30.346978700919372,0
11,trf_6_1146a,5.430073901301052,10.0,54.300739013010514,0
11,trf_16_2916a,0.5715565932799259,10.0,5.71556593279926,0
11,trf_16_1140a,0.044995274196369374,10.0,0.4499527419636937,0
11,trf_16_5474a,0.4963967515011979,10.0,4.963967515011978,0
11,trf_16_3548a,0.7095283379693987,10.0,7.095283379693987,0
11,trf_16_1141a,0.6019275315551844,15.0,4.012850210367896,0
11,trf_6_810a,1.03245618541383,30.0,3.4415206180461,0
11,trf_16_300a,0.5171542573179856,15.0,3.4476950487865707,0
11,trf_16_3130a,1.4831526942664148,30.0,4.943842314221383,0
11,trf_11_4955a,2.291618748986406,15.0,15.27745832657604,0
11,trf_11_131a,0.9893242679410922,10.0,9.893242679410921,0
11,trf_6_1048a,0.23813708703508307,15.0,1.5875805802338872,0
11,trf_6_129a,0.4765075069980332,10.0,4.765075069980332,0
11,trf_34_1018a,0.2833835218754937,5.0,5.667670437509875,0
11,trf_16_5730a,0.4002599943237876,25.0,1.6010399772951505,0
11,trf_16_1144a,0.6380440385531508,15.0,4.253626923687673,0
11,trf_6_6273a,15.074266782238416,30.0,50.247555940794726,0
11,trf_6_1238a,0.6443625231839951,15.0,4.2957501545599674,0
11,trf_6_731a,0.23077453923301114,15.0,1.5384969282200742,0
11,trf_6_732a,0.9051826030872249,30.0,3.017275343624083,0
11,trf_16_6082a,4.558676096461638,15.0,30.39117397641092,0
11,trf_16_537a,0.23672792123916916,5.0,4.734558424783383,0
11,trf_16_3996a,1.7818148786484962,15.0,11.878765857656642,0
11,trf_16_1095a,0.4701390212308647,15.0,3.1342601415390976,0
11,trf_6_730a,0.28043413135981793,15.0,1.8695608757321196,0
11,trf_34_1649a,0.1608491582340523,5.0,3.2169831646810456,0
11,trf_34_5029a,3.6667057291202303,10.0,36.667057291202305,0
11,trf_34_1581a,0.6484996099501055,10.0,6.484996099501055,0
11,trf_11_132a,0.40732467718486187,10.0,4.073246771848618,0
11,trf_16_3221a,1.2473673067802964,25.0,4.989469227121186,0
11,trf_16_504a,1.2828018854183192,15.0,8.552012569455462,0
11,trf_6_735a,0.19245702820334284,10.0,1.9245702820334283,0
11,trf_6_4489a,12.217669969488748,25.0,48.87067987795499,0
11,trf_6_729a,1.0811349949428402,15.0,7.207566632952267,0
11,trf_16_299a,1.5543750704998427,45.0,3.454166823332984,0
11,trf_16_1301a,0.479482221518478,10.0,4.79482221518478,0
11,trf_16_2139a,1.7112557370005108,25.0,6.845022948002043,0
11,trf_16_6081a,0.19190470307356952,10.0,1.9190470307356953,0
11,trf_6_1019a,4.391456448072285,25.0,17.56582579228914,0
11,trf_11_2597a,0.4822545748518103,10.0,4.8225457485181025,0
11,trf_11_130a,0.41683838245665467,15.0,2.7789225497110315,0
11,trf_6_4704a,0.930004116390439,10.0,9.30004116390439,0
11,trf_6_733a,0.05060862690546165,10.0,0.5060862690546164,0
11,trf_11_305a,58.183189148712614,75.0,77.57758553161682,0
11,trf_16_539a,0.05051168072502124,10.0,0.5051168072502124,0
11,trf_6_1151a,0.6978066702862034,30.0,2.3260222342873447,0
11,trf_6_4764a,0.2684138471163251,75.0,0.3578851294884335,0
11,trf_6_4765a,0.4472901879482395,150.0,0.2981934586321597,0
11,trf_16_538a,0.5338421915824517,30.0,1.7794739719415058,0
11,trf_11_133a,0.05144031676882935,10.0,0.5144031676882934,0
11,trf_6_723a,0.6342095020619766,15.0,4.228063347079844,0
11,trf_6_722a,0.20608229593383226,15.0,1.373881972892215,0
11,trf_6_726a,0.07885562960170293,15.0,0.5257041973446862,0
11,trf_6_737a,0.6004105623119862,15.0,4.002737082079908,0
11,trf_6_728a,1.10201118948557,30.0,3.6733706316185666,0
11,trf_6_125a,0.05230521101485581,10.0,0.5230521101485581,0
11,trf_6_3011a,0.25149847384804813,10.0,2.5149847384804813,0
11,trf_6_3819a,1.4469726137359888,30.0,4.823242045786629,0
11,trf_6_1344a,0.17171271289732576,10.0,1.7171271289732577,0
11,trf_6_122a,0.09417946848634606,10.0,0.9417946848634606,0
11,trf_6_1212a,0.536422243242679,25.0,2.145688972970716,0
11,trf_6_1213a,0.1510741998580592,10.0,1.510741998580592,0
11,trf_6_1139a,10.18062804226484,15.0,67.87085361509892,0
11,trf_6_1145a,0.30387068109456034,10.0,3.0387068109456035,0
11,trf_16_302a,0.13635909694725845,10.0,1.3635909694725845,0
11,trf_16_301a,0.4828892483628058,25.0,1.9315569934512231,0
11,trf_6_124a,3.2176569982636143,45.0,7.150348885030254,0
11,trf_16_6318a,1.3072624423062236,45.0,2.905027649569386,0
11,trf_16_303a,0.5569115084595572,15.0,3.7127433897303814,0
11,trf_6_1256a,0.19571818930035823,10.0,1.957181893003582,0
11,trf_6_2090a,0.7312837109965253,15.0,4.875224739976836,0
11,trf_6_1445a,0.3383174827980238,10.0,3.3831748279802385,0
11,trf_6_4766a,0.36849786844327626,112.5,0.32755366083846776,0
11,trf_16_3549a,0.0,0.0,0.0,0
11,trf_11_4675a,0.4595382216681877,150.0,0.3063588144454584,0
11,trf_16_4173a,0.23724547954061773,10.0,2.372454795406177,0
11,trf_6_4662a,0.7232599204901764,300.0,0.24108664016339215,0
11,trf_6_2860a,0.5094308820197884,10.0,5.094308820197884,0
11,trf_6_1178a,0.4171382883529973,15.0,2.7809219223533153,0
11,trf_6_4249a,4.1957127940458046,25.0,16.782851176183218,0
11,trf_6_2887a,0.37734327164438897,10.0,3.7734327164438897,0
11,trf_6_2064a,0.16045665209721977,5.0,3.2091330419443955,0
11,trf_6_4161a,0.1585753673403562,10.0,1.5857536734035622,0
11,trf_6_1960a,0.30974794861806126,10.0,3.097479486180613,0
11,trf_6_6394a,0.5831551217611581,25.0,2.3326204870446325,0
11,trf_6_3613a,0.14480926292495142,10.0,1.4480926292495142,0
11,trf_6_738a,0.034873236258879156,5.0,0.6974647251775832,0
11,trf_16_2195a,1.919101688028124,15.0,12.794011253520827,0
11,trf_16_4674a,0.6382780927520758,225.0,0.2836791523342559,0
11,trf_6_2417a,0.3770648614275463,10.0,3.770648614275463,0
11,trf_16_4687a,0.2698301087721499,75.0,0.35977347836286655,0
11,trf_16_2428a,0.2118572136728528,5.0,4.237144273457056,0
11,trf_16_2658a,0.22529472592461755,15.0,1.5019648394974503,0
11,trf_6_1177a,1.5680527611841157,75.0,2.0907370149121545,0
11,trf_6_4661a,0.45046508750516784,150.0,0.3003100583367786,0
11,trf_6_3019a,0.260722370870651,10.0,2.6072237087065098,0
11,trf_6_3013a,0.5479600663567431,5.0,10.959201327134862,0
11,trf_16_3364a,0.35358666807569106,15.0,2.3572444538379407,0
11,trf_6_3563a,0.5837729383894438,10.0,5.8377293838944375,0
11,trf_16_3328a,0.22628171617827766,10.0,2.2628171617827766,0
11,trf_6_3721a,0.029663804890918563,5.0,0.5932760978183713,0
11,trf_6_3434a,0.380555460991513,5.0,7.61110921983026,0
11,trf_6_3010a,0.10822004865757812,10.0,1.0822004865757813,0
11,trf_6_3509a,0.9669221640185832,5.0,19.338443280371663,0
11,trf_16_6165a,0.0,0.0,0.0,0
11,trf_6_3142a,0.17579685347452084,10.0,1.7579685347452085,0
11,trf_16_3908a,0.0,0.0,0.0,0
11,trf_6_3604a,0.07743440151748968,10.0,0.7743440151748968,0
11,trf_6_3012a,0.14432616710391186,10.0,1.4432616710391186,0
11,trf_6_3507a,0.24074511780587923,10.0,2.407451178058792,0
11,trf_34_5142a,0.16026316176785185,10.0,1.6026316176785187,0
11,trf_6_3508a,0.0445269342730654,10.0,0.44526934273065405,0
11,trf_6_3634a,0.4793149386908094,10.0,4.793149386908094,0
11,trf_6_3224a,0.13892960787520978,5.0,2.778592157504195,0
11,trf_16_3904a,0.3627960377262402,10.0,3.627960377262402,0
11,trf_11_3987a,0.40713809845916393,5.0,8.14276196918328,0
11,trf_16_3997a,0.6267811638109722,30.0,2.0892705460365737,0
11,trf_6_3817a,0.12309847833847823,5.0,2.4619695667695645,0
11,trf_6_3818a,0.41702588788679523,10.0,4.170258878867952,0
11,trf_16_1142a,1.2257626411417546,45.0,2.72391698031501,0
11,trf_34_5260a,0.37083972804782134,10.0,3.7083972804782137,0
11,trf_6_5725a,0.7278696452225657,300.0,0.24262321507418855,0
11,trf_6_5472a,0.425895183816807,15.0,2.8393012254453804,0
11,trf_6_4925a,0.36874302294726036,112.5,0.32777157595312034,0
11,trf_6_3256a,1.68925939623519,15.0,11.261729308234601,0
11,trf_6_4998a,0.36578484579043613,112.5,0.32514208514705434,0
11,trf_16_5055a,0.8283713070670161,10.0,8.283713070670162,0
11,trf_6_724a,0.5924662897791526,30.0,1.9748876325971756,0
11,trf_11_4785a,0.21636788688616412,10.0,2.1636788688616413,0
11,trf_16_5003a,0.07601264966219547,15.0,0.5067509977479697,0
11,trf_6_5157a,0.7245411630986365,300.0,0.24151372103287883,0
11,trf_6_5085a,1.0408283868814296,30.0,3.4694279562714323,0
11,trf_6_5595a,6.239928434734585,30.0,20.799761449115284,0
11,trf_11_5652a,0.06171413490594515,15.0,0.4114275660396343,0
11,trf_16_5666a,0.10289945537745397,10.0,1.0289945537745397,0
11,trf_6_5711a,0.5258004307509674,30.0,1.7526681025032247,0
11,trf_6_5712a,2.887018741158993,30.0,9.62339580386331,0
11,trf_6_5659a,0.31340794972358427,30.0,1.044693165745281,0
11,trf_6_1262a,0.3905060426222824,10.0,3.905060426222824,0
11,trf_16_6019a,0.05597992701125191,10.0,0.5597992701125191,0
11,trf_16_6122a,0.04501087041790191,10.0,0.4501087041790191,0
11,trf_6_6158a,2.3972176587660807,45.0,5.327150352813512,0
11,trf_6_6197a,3.4684651251433825,75.0,4.624620166857843,0
11,trf_6_6153a,3.1283040449137896,30.0,10.427680149712632,0
11,trf_6_1504a,0.4268576112733353,30.0,1.4228587042444512,0
11,trf_6_6249a,10.697670583667545,30.0,35.65890194555848,0
11,trf_16_6312a,0.3933379896713485,30.0,1.3111266322378283,0
11,trf_6_6386a,0.44587005051262396,150.0,0.2972467003417493,0
11,trf_6_4627a,0.36861286248796427,112.5,0.32765587776707933,0
11,trf_11_6443a,0.45961047234924296,150.0,0.306406981566162,0
11,trf_12_6577a,0.14299429911627876,30.0,0.4766476637209292,0
11,trf_12_6578a,0.1889590715496774,45.0,0.41990904788817196,0
11,trf_11_6482a,0.18894518983210817,45.0,0.41987819962690703,0
11,trf_6_1647a,0.23126496561741297,10.0,2.3126496561741297,0
11,trf_6_6496a,0.3650798731019502,112.5,0.32451544275728905,0
11,trf_6_727a,1.4001844033865958,30.0,4.667281344621986,0
12,trf_6_1030a,0.6038490332110422,10.0,6.038490332110422,0
12,trf_6_878a,0.11967053409006012,10.0,1.1967053409006012,0
12,trf_16_1585a,0.17752783516561454,15.0,1.183518901104097,0
12,trf_16_3545a,0.045026839795686356,10.0,0.4502683979568635,0
12,trf_16_1143a,7.958693455602157,30.0,26.528978185340524,0
12,trf_16_6460a,0.8322701635773697,25.0,3.329080654309479,0
12,trf_6_725a,0.04947731115979856,10.0,0.4947731115979856,0
12,trf_6_3820a,0.8680513844719067,15.0,5.787009229812711,0
12,trf_6_3538a,0.5847096428374841,10.0,5.847096428374841,0
12,trf_6_4910a,9.558185897139214,30.0,31.860619657130716,0
12,trf_6_1870a,0.2829729681083113,15.0,1.8864864540554085,0
12,trf_6_127a,1.1450560181969462,15.0,7.633706787979642,0
12,trf_6_1541a,6.6278201929322185,15.0,44.18546795288146,0
12,trf_6_1503a,0.32055658005615384,10.0,3.2055658005615384,0
12,trf_6_6272a,0.25736258161047076,15.0,1.715750544069805,0
12,trf_6_128a,0.4253758253017368,15.0,2.8358388353449118,0
12,trf_6_1260a,0.044665609635540816,10.0,0.44665609635540815,0
12,trf_6_1350a,8.718076788085668,45.0,19.373503973523707,0
12,trf_6_808a,0.6378226389252436,15.0,4.252150926168291,0
12,trf_6_1475a,0.7216135348480263,15.0,4.810756898986842,0
12,trf_6_1138a,3.282698883787456,10.0,32.82698883787456,0
12,trf_6_1146a,5.825669380935039,10.0,58.25669380935038,0
12,trf_16_2916a,0.5769752087178227,10.0,5.769752087178228,0
12,trf_16_1140a,0.045038332760146044,10.0,0.45038332760146044,0
12,trf_16_5474a,0.5010400178965952,10.0,5.010400178965953,0
12,trf_16_3548a,0.6540440673280145,10.0,6.540440673280145,0
12,trf_16_1141a,0.6072133428628917,15.0,4.0480889524192785,0
12,trf_6_810a,1.0433413634110786,30.0,3.4778045447035955,0
12,trf_16_300a,0.5227415726407622,15.0,3.484943817605081,0
12,trf_16_3130a,1.499295058322995,30.0,4.997650194409983,0
12,trf_11_4955a,2.3185370311629065,15.0,15.456913541086044,0
12,trf_11_131a,1.0006412383714456,10.0,10.006412383714457,0
12,trf_6_1048a,0.24027530660212,15.0,1.6018353773474665,0
12,trf_6_129a,0.48185512456562457,10.0,4.818551245656246,0
12,trf_34_1018a,0.28653685028693765,5.0,5.730737005738753,0
12,trf_16_5730a,0.40431020205368434,25.0,1.6172408082147374,0
12,trf_16_1144a,0.6441135978053157,15.0,4.294090652035438,0
12,trf_6_6273a,16.132106767265785,30.0,53.77368922421929,0
12,trf_6_1238a,0.6513317351993412,15.0,4.342211567995608,0
12,trf_6_731a,0.2327834272718356,15.0,1.5518895151455707,0
12,trf_6_732a,0.9144684135929982,30.0,3.0482280453099944,0
12,trf_16_6082a,4.875908288247976,15.0,32.5060552549865,0
12,trf_16_537a,0.23914120502407957,5.0,4.782824100481592,0
12,trf_16_3996a,1.8015253827158988,15.0,12.010169218105993,0
12,trf_16_1095a,0.4750785318675512,15.0,3.1671902124503415,0
12,trf_6_730a,0.27166510503775027,15.0,1.8111007002516684,0
12,trf_34_1649a,0.16253715999315935,5.0,3.2507431998631873,0
12,trf_34_5029a,3.9228027440896915,10.0,39.228027440896916,0
12,trf_34_1581a,0.6559223717665509,10.0,6.559223717665509,0
12,trf_11_132a,0.4118423392041684,10.0,4.118423392041684,0
12,trf_16_3221a,1.2608292098683438,25.0,5.043316839473375,0
12,trf_16_504a,1.1814244856505491,15.0,7.876163237670328,0
12,trf_6_735a,0.19426140245619902,10.0,1.94261402456199,0
12,trf_6_4489a,13.116526097785487,25.0,52.46610439114195,0
12,trf_6_729a,1.0929500496923372,15.0,7.286333664615581,0
12,trf_16_299a,1.570802665433155,45.0,3.4906725898514557,0
12,trf_16_1301a,0.48457981481034207,10.0,4.845798148103421,0
12,trf_16_2139a,1.73031518493449,25.0,6.92126073973796,0
12,trf_16_6081a,0.19375170778995707,10.0,1.9375170778995705,0
12,trf_6_1019a,4.7859050035465085,25.0,19.143620014186034,0
12,trf_11_2597a,0.487594457732355,10.0,4.8759445773235495,0
12,trf_11_130a,0.42116380343869064,15.0,2.8077586895912714,0
12,trf_6_4704a,0.8321695371645502,10.0,8.321695371645502,0
12,trf_6_733a,0.05082389071389251,10.0,0.5082389071389251,0
12,trf_11_305a,61.86660692171421,75.0,82.48880922895228,0
12,trf_16_539a,0.050667373966274847,10.0,0.5066737396627484,0
12,trf_6_1151a,0.7044829080990276,30.0,2.348276360330092,0
12,trf_6_4764a,0.2691832700702734,75.0,0.3589110267603645,0
12,trf_6_4765a,0.4485839937651675,150.0,0.299055995843445,0
12,trf_16_538a,0.5387894267375407,30.0,1.7959647557918024,0
12,trf_11_133a,0.05163928972473439,10.0,0.5163928972473439,0
12,trf_6_723a,0.6409623880373193,15.0,4.2730825869154625,0
12,trf_6_722a,0.20784712480667297,15.0,1.3856474987111533,0
12,trf_6_726a,0.07913333868387497,15.0,0.5275555912258331,0
12,trf_6_737a,0.6065347328496957,15.0,4.0435648856646385,0
12,trf_6_728a,1.1137318941939502,30.0,3.7124396473131673,0
12,trf_6_125a,0.052558386147213,10.0,0.52558386147213,0
12,trf_6_3011a,0.2540872311295916,10.0,2.540872311295916,0
12,trf_6_3819a,1.4631748229635881,30.0,4.877249409878627,0
12,trf_6_1344a,0.17341263819139713,10.0,1.7341263819139712,0
12,trf_6_122a,0.09488509045427734,10.0,0.9488509045427735,0
12,trf_6_1212a,0.5421304334966173,25.0,2.168521733986469,0
12,trf_6_1213a,0.1395749848226727,10.0,1.395749848226727,0
12,trf_6_1139a,10.860467773340172,15.0,72.40311848893448,0
12,trf_6_1145a,0.2941030660101331,10.0,2.9410306601013305,0
12,trf_16_302a,0.1376193289762468,10.0,1.3761932897624678,0
12,trf_16_301a,0.4878319325819596,25.0,1.9513277303278387,0
12,trf_6_124a,3.5143676682580693,45.0,7.8097059294623765,0
12,trf_16_6318a,1.3213122159333706,45.0,2.9362493687408233,0
12,trf_16_303a,0.5629496577534141,15.0,3.752997718356094,0
12,trf_6_1256a,0.19758834211357632,10.0,1.975883421135763,0
12,trf_6_2090a,0.7391279701147815,15.0,4.92751980076521,0
12,trf_6_1445a,0.3418689625856191,10.0,3.418689625856191,0
12,trf_6_4766a,0.3694824313789727,112.5,0.32842882789242017,0
12,trf_16_3549a,0.0,0.0,0.0,0
12,trf_11_4675a,0.461443837445273,150.0,0.30762922496351536,0
12,trf_16_4173a,0.23930672686779958,10.0,2.3930672686779957,0
12,trf_6_4662a,0.7258846796305068,300.0,0.24196155987683562,0
12,trf_6_2860a,0.5150104633026094,10.0,5.150104633026094,0
12,trf_6_1178a,0.4213143995362977,15.0,2.8087626635753176,0
12,trf_6_4249a,4.503199099958416,25.0,18.012796399833665,0
12,trf_6_2887a,0.38119701646986537,10.0,3.8119701646986535,0
12,trf_6_2064a,0.16200492071469375,5.0,3.2400984142938745,0
12,trf_6_4161a,0.15995650576109244,10.0,1.5995650576109244,0
12,trf_6_1960a,0.3128052213680268,10.0,3.128052213680268,0
12,trf_6_6394a,0.5889491975200168,25.0,2.3557967900800674,0
12,trf_6_3613a,0.14603729767735338,10.0,1.4603729767735338,0
12,trf_6_738a,0.03496681296552053,5.0,0.6993362593104107,0
12,trf_16_2195a,1.9405934088356842,15.0,12.937289392237894,0
12,trf_16_4674a,0.6409050577581283,225.0,0.28484669233694593,0
12,trf_6_2417a,0.38103987687023727,10.0,3.8103987687023726,0
12,trf_16_4687a,0.2700030701848823,75.0,0.36000409357984303,0
12,trf_16_2428a,0.2137747508794554,5.0,4.275495017589108,0
12,trf_16_2658a,0.22732946470108395,15.0,1.515529764673893,0
12,trf_6_1177a,1.583218730597781,75.0,2.110958307463708,0
12,trf_6_4661a,0.451627041990476,150.0,0.3010846946603173,0
12,trf_6_3019a,0.26344615026936397,10.0,2.6344615026936395,0
12,trf_6_3013a,0.5535535885913839,5.0,11.071071771827679,0
12,trf_16_3364a,0.3571141433640458,15.0,2.3807609557603056,0
12,trf_6_3563a,0.5899323426153098,10.0,5.899323426153098,0
12,trf_16_3328a,0.2284888656628125,10.0,2.2848886566281252,0
12,trf_6_3721a,0.02976670339892132,5.0,0.5953340679784265,0
12,trf_6_3434a,0.3848209630154289,5.0,7.696419260308578,0
12,trf_6_3010a,0.10895226093065387,10.0,1.0895226093065387,0
12,trf_6_3509a,0.9773513133523729,5.0,19.547026267047457,0
12,trf_16_6165a,0.0,0.0,0.0,0
12,trf_6_3142a,0.1774806693371219,10.0,1.7748066933712188,0
12,trf_16_3908a,0.0,0.0,0.0,0
12,trf_6_3604a,0.0779712276213365,10.0,0.779712276213365,0
12,trf_6_3012a,0.14548182013336022,10.0,1.4548182013336022,0
12,trf_6_3507a,0.24323180729900795,10.0,2.4323180729900793,0
12,trf_34_5142a,0.1618224485513133,10.0,1.618224485513133,0
12,trf_6_3508a,0.044664665711539,10.0,0.44664665711539,0
12,trf_6_3634a,0.4842488921524194,10.0,4.842488921524194,0
12,trf_6_3224a,0.14015023510532157,5.0,2.8030047021064313,0
12,trf_16_3904a,0.36608371614780455,10.0,3.660837161478045,0
12,trf_11_3987a,0.4117045708410815,5.0,8.23409141682163,0
12,trf_16_3997a,0.632997693871839,30.0,2.10999231290613,0
12,trf_6_3817a,0.12422870349834318,5.0,2.4845740699668637,0
12,trf_6_3818a,0.4215099893313374,10.0,4.215099893313374,0
12,trf_16_1142a,1.2364431858053755,45.0,2.7476515240119452,0
12,trf_34_5260a,0.3749311442061678,10.0,3.7493114420616775,0
12,trf_6_5725a,0.7302773005208881,300.0,0.24342576684029604,0
12,trf_6_5472a,0.43031122026416807,15.0,2.868741468427787,0
12,trf_6_4925a,0.369703096581032,112.5,0.3286249747386952,0
12,trf_6_3256a,1.708940910947821,15.0,11.392939406318808,0
12,trf_6_4998a,0.36700547812421924,112.5,0.32622709166597263,0
12,trf_16_5055a,0.8359794308280519,10.0,8.359794308280518,0
12,trf_6_724a,0.5982583466794656,30.0,1.9941944889315522,0
12,trf_11_4785a,0.2185605697262831,10.0,2.185605697262831,0
12,trf_16_5003a,0.0763685639361013,15.0,0.5091237595740086,0
12,trf_6_5157a,0.7270931572010744,300.0,0.24236438573369146,0
12,trf_6_5085a,1.0515249968011513,30.0,3.505083322670504,0
12,trf_6_5595a,6.6766389086666225,30.0,22.25546302888874,0
12,trf_11_5652a,0.061947226908145955,15.0,0.412981512720973,0
12,trf_16_5666a,0.10349635952135855,10.0,1.0349635952135856,0
12,trf_6_5711a,0.5308186978425147,30.0,1.7693956594750488,0
12,trf_6_5712a,3.131476595194042,30.0,10.438255317313473,0
12,trf_6_5659a,0.31592956243668235,30.0,1.053098541455608,0
12,trf_6_1262a,0.3946388293166307,10.0,3.946388293166307,0
12,trf_16_6019a,0.05609720836786148,10.0,0.5609720836786148,0
12,trf_16_6122a,0.045020378812692705,10.0,0.4502037881269271,0
12,trf_6_6158a,2.42442330398368,45.0,5.387607342185955,0
12,trf_6_6197a,3.5067005883751063,75.0,4.6756007845001415,0
12,trf_6_6153a,2.977234654911833,30.0,9.924115516372776,0
12,trf_6_1504a,0.4304567473396678,30.0,1.4348558244655594,0
12,trf_6_6249a,11.472307575927926,30.0,38.241025253093085,0
12,trf_16_6312a,0.39670732091929944,30.0,1.3223577363976646,0
12,trf_6_6386a,0.44727656269178373,150.0,0.29818437512785584,0
12,trf_6_4627a,0.3695975198836134,112.5,0.3285311287854341,0
12,trf_11_6443a,0.46152360717417673,150.0,0.30768240478278447,0
12,trf_12_6577a,0.14358679125579868,30.0,0.47862263751932893,0
12,trf_12_6578a,0.18974201720036282,45.0,0.4216489271119174,0
12,trf_11_6482a,0.1897280779642233,45.0,0.4216179510316073,0
12,trf_6_1647a,0.23352003794029974,10.0,2.3352003794029974,0
12,trf_6_6496a,0.3663451615995049,112.5,0.3256401436440044,0
12,trf_6_727a,1.4152388716937974,30.0,4.717462905645991,0
13,trf_6_1030a,0.5930549471447297,10.0,5.930549471447297,0
13,trf_6_878a,0.11817119997478231,10.0,1.1817119997478231,0
13,trf_16_1585a,0.17552470656195318,15.0,1.1701647104130213,0
13,trf_16_3545a,0.04501479665266447,10.0,0.4501479665266447,0
13,trf_16_1143a,8.00440133651,30.0,26.681337788366665,0
13,trf_16_6460a,0.818298108635723,25.0,3.273192434542892,0
13,trf_6_725a,0.049388675068287126,10.0,0.49388675068287125,0
13,trf_6_3820a,0.8524063011470726,15.0,5.682708674313817,0
13,trf_6_3538a,0.57425636079512,10.0,5.742563607951199,0
13,trf_6_4910a,9.377241401605922,30.0,31.257471338686404,0
13,trf_6_1870a,0.2785869285638019,15.0,1.857246190425346,0
13,trf_6_127a,1.1241020888003441,15.0,7.4940139253356275,0
13,trf_6_1541a,6.641512825659675,15.0,44.2767521710645,0
13,trf_6_1503a,0.3152363698986394,10.0,3.1523636989863943,0
13,trf_6_6272a,0.25346912773238955,15.0,1.689794184882597,0
13,trf_6_128a,0.41824859557870814,15.0,2.788323970524721,0
13,trf_6_1260a,0.044587941592707306,10.0,0.4458794159270731,0
13,trf_6_1350a,8.7304660661094,45.0,19.401035702465332,0
13,trf_6_808a,0.6268669400677244,15.0,4.179112933784829,0
13,trf_6_1475a,0.7049964705661915,15.0,4.6999764704412765,0
13,trf_6_1138a,3.3008602341313997,10.0,33.008602341313996,0
13,trf_6_1146a,5.84277229381838,10.0,58.427722938183805,0
13,trf_16_2916a,0.5670482298891322,10.0,5.670482298891321,0
13,trf_16_1140a,0.0450168657745301,10.0,0.450168657745301,0
13,trf_16_5474a,0.4925256877731466,10.0,4.925256877731465,0
13,trf_16_3548a,0.6369725645318749,10.0,6.369725645318749,0
13,trf_16_1141a,0.5971252136816996,15.0,3.9808347578779975,0
13,trf_6_810a,1.0255731503767223,30.0,3.4185771679224075,0
13,trf_16_300a,0.5137507741537299,15.0,3.425005161024866,0
13,trf_16_3130a,1.472949723091176,30.0,4.90983241030392,0
13,trf_11_4955a,2.2750453744132613,15.0,15.166969162755075,0
13,trf_11_131a,0.9822661160210163,10.0,9.822661160210163,0
13,trf_6_1048a,0.23698021477414868,15.0,1.5798680984943245,0
13,trf_6_129a,0.47338193529584166,10.0,4.733819352958417,0
13,trf_34_1018a,0.2815464336736106,5.0,5.630928673472212,0
13,trf_16_5730a,0.3979239516817382,25.0,1.5916958067269527,0
13,trf_16_1144a,0.6331491431724248,15.0,4.220994287816165,0
13,trf_6_6273a,16.159907758653183,30.0,53.86635919551061,0
13,trf_6_1238a,0.6398231281436905,15.0,4.265487520957937,0
13,trf_6_731a,0.22966494057660658,15.0,1.5310996038440439,0
13,trf_6_732a,0.8992320679126407,30.0,2.9974402263754687,0
13,trf_16_6082a,4.8832531619757695,15.0,32.55502107983846,0
13,trf_16_537a,0.2351738448877837,5.0,4.703476897755674,0
13,trf_16_3996a,1.7681933772214442,15.0,11.78795584814296,0
13,trf_16_1095a,0.46699866655046934,15.0,3.1133244436697955,0
13,trf_6_730a,0.2667118367774589,15.0,1.778078911849726,0
13,trf_34_1649a,0.15993274725691864,5.0,3.198654945138373,0
13,trf_34_5029a,3.9303803511364768,10.0,39.30380351136476,0
13,trf_34_1581a,0.6440778181220228,10.0,6.440778181220227,0
13,trf_11_132a,0.40469737117931304,10.0,4.046973711793131,0
13,trf_16_3221a,1.2381395103106172,25.0,4.952558041242469,0
13,trf_16_504a,1.2038762492730495,15.0,8.02584166182033,0
13,trf_6_735a,0.19137383796754545,10.0,1.9137383796754546,0
13,trf_6_4489a,13.161019836011237,25.0,52.64407934404495,0
13,trf_6_729a,1.0732690870140968,15.0,7.155127246760645,0
13,trf_16_299a,1.5439153785601254,45.0,3.4309230634669454,0
13,trf_16_1301a,0.47616959349424887,10.0,4.761695934942489,0
13,trf_16_2139a,1.6986812082386433,25.0,6.794724832954573,0
13,trf_16_6081a,0.19082672964249806,10.0,1.9082672964249805,0
13,trf_6_1019a,4.825345262912462,25.0,19.301381051649848,0
13,trf_11_2597a,0.4789873020357688,10.0,4.789873020357687,0
13,trf_11_130a,0.4144472319623971,15.0,2.7629815464159804,0
13,trf_6_4704a,0.8067524745410309,10.0,8.06752474541031,0
13,trf_6_733a,0.050634708606368484,10.0,0.5063470860636848,0
13,trf_11_305a,61.878330810842385,75.0,82.50444108112318,0
13,trf_16_539a,0.05059431063231408,10.0,0.5059431063231408,0
13,trf_6_1151a,0.6934163224398412,30.0,2.3113877414661372,0
13,trf_6_4764a,0.2687944022840631,75.0,0.3583925363787508,0
13,trf_6_4765a,0.44793050519074135,150.0,0.29862033679382755,0
13,trf_16_538a,0.5309242979002176,30.0,1.7697476596673918,0
13,trf_11_133a,0.051550292905119234,10.0,0.5155029290511923,0
13,trf_6_723a,0.6299110481877056,15.0,4.199406987918037,0
13,trf_6_722a,0.2051828373359744,15.0,1.3678855822398293,0
13,trf_6_726a,0.07898796836959256,15.0,0.5265864557972837,0
13,trf_6_737a,0.5962936991572598,15.0,3.975291327715065,0
13,trf_6_728a,1.0945494173880468,30.0,3.648498057960156,0
13,trf_6_125a,0.05237547373332867,10.0,0.5237547373332867,0
13,trf_6_3011a,0.25007718581692445,10.0,2.5007718581692444,0
13,trf_6_3819a,1.4374668750561692,30.0,4.791556250187231,0
13,trf_6_1344a,0.1708751310288392,10.0,1.7087513102883918,0
13,trf_6_122a,0.09396506420488572,10.0,0.9396506420488573,0
13,trf_6_1212a,0.5330906920718294,25.0,2.1323627682873174,0
13,trf_6_1213a,0.1364700571407351,10.0,1.364700571407351,0
13,trf_6_1139a,10.878364982409003,15.0,72.52243321606002,0
13,trf_6_1145a,0.28819738997304095,10.0,2.8819738997304096,0
13,trf_16_302a,0.13575831348132675,10.0,1.3575831348132676,0
13,trf_16_301a,0.4800048372134554,25.0,1.9200193488538215,0
13,trf_6_124a,3.547020532161368,45.0,7.8822678492474845,0
13,trf_16_6318a,1.2990349076417778,45.0,2.8867442392039506,0
13,trf_16_303a,0.5533078454036112,15.0,3.6887189693574083,0
13,trf_6_1256a,0.19461940316580323,10.0,1.9461940316580322,0
13,trf_6_2090a,0.7262199221883793,15.0,4.841466147922529,0
13,trf_6_1445a,0.3360298650466595,10.0,3.360298650466595,0
13,trf_6_4766a,0.3689871851746026,112.5,0.3279886090440912,0
13,trf_16_3549a,0.0,0.0,0.0,0
13,trf_11_4675a,0.46058865694404333,150.0,0.3070591046293622,0
13,trf_16_4173a,0.23562837988136437,10.0,2.3562837988136436,0
13,trf_6_4662a,0.7244963396690708,300.0,0.24149877988969023,0
13,trf_6_2860a,0.5058469794674924,10.0,5.058469794674924,0
13,trf_6_1178a,0.4143368795193209,15.0,2.7622458634621396,0
13,trf_6_4249a,4.515128828949007,25.0,18.060515315796028,0
13,trf_6_2887a,0.3747257838351452,10.0,3.7472578383514525,0
13,trf_6_2064a,0.15944221377903592,5.0,3.1888442755807183,0
13,trf_6_4161a,0.15769572429101644,10.0,1.5769572429101646,0
13,trf_6_1960a,0.30763930921294663,10.0,3.076393092129466,0
13,trf_6_6394a,0.5791432267558803,25.0,2.316572907023521,0
13,trf_6_3613a,0.14404215056336434,10.0,1.4404215056336434,0
13,trf_6_738a,0.03492074305227768,5.0,0.6984148610455536,0
13,trf_16_2195a,1.9046603055178348,15.0,12.697735370118899,0
13,trf_16_4674a,0.6397245887117644,225.0,0.2843220394274509,0
13,trf_6_2417a,0.37448654547431065,10.0,3.744865454743106,0
13,trf_16_4687a,0.26991541686055376,75.0,0.35988722248073834,0
13,trf_16_2428a,0.21031314343872023,5.0,4.206262868774404,0
13,trf_16_2658a,0.2243477349823686,15.0,1.495651566549124,0
13,trf_6_1177a,1.5577672319227396,75.0,2.077022975896986,0
13,trf_6_4661a,0.451062041447042,150.0,0.30070802763136134,0
13,trf_6_3019a,0.25916561875110394,10.0,2.591656187511039,0
13,trf_6_3013a,0.543674180414152,5.0,10.873483608283042,0
13,trf_16_3364a,0.3516277671440662,15.0,2.3441851142937744,0
13,trf_6_3563a,0.5795045919330699,10.0,5.795045919330699,0
13,trf_16_3328a,0.22489375053633995,10.0,2.2489375053633998,0
13,trf_6_3721a,0.02971391210693329,5.0,0.5942782421386659,0
13,trf_6_3434a,0.3779367560336479,5.0,7.558735120672958,0
13,trf_6_3010a,0.10770742160348326,10.0,1.0770742160348328,0
13,trf_6_3509a,0.9593715086368607,5.0,19.187430172737216,0
13,trf_16_6165a,0.0,0.0,0.0,0
13,trf_6_3142a,0.1748148417757658,10.0,1.7481484177576583,0
13,trf_16_3908a,0.0,0.0,0.0,0
13,trf_6_3604a,0.07724144180708384,10.0,0.7724144180708384,0
13,trf_6_3012a,0.143527321149895,10.0,1.43527321149895,0
13,trf_6_3507a,0.23933789434597694,10.0,2.393378943459769,0
13,trf_34_5142a,0.15950137353419222,10.0,1.5950137353419223,0
13,trf_6_3508a,0.044591844036245484,10.0,0.44591844036245487,0
13,trf_6_3634a,0.47584123086663355,10.0,4.758412308666335,0
13,trf_6_3224a,0.1380350907201524,5.0,2.760701814403048,0
13,trf_16_3904a,0.3600703706184618,10.0,3.6007037061846185,0
13,trf_11_3987a,0.40429443322762043,5.0,8.085888664552408,0
13,trf_16_3997a,0.6232639412432986,30.0,2.0775464708109954,0
13,trf_6_3817a,0.12238433138500733,5.0,2.4476866277001466,0
13,trf_6_3818a,0.414136016673395,10.0,4.14136016673395,0
13,trf_16_1142a,1.216769033877824,45.0,2.7039311863951645,0
13,trf_34_5260a,0.3684945113275303,10.0,3.6849451132753033,0
13,trf_6_5725a,0.7290577199094861,300.0,0.2430192399698287,0
13,trf_6_5472a,0.42306623624624007,15.0,2.820441574974934,0
13,trf_6_4925a,0.369221212871309,112.5,0.32819663366338575,0
13,trf_6_3256a,1.677181965051777,15.0,11.18121310034518,0
13,trf_6_4998a,0.3663762042694518,112.5,0.3256677371284016,0
13,trf_16_5055a,0.8214517758129105,10.0,8.214517758129105,0
13,trf_6_724a,0.5890405160974822,30.0,1.9634683869916074,0
13,trf_11_4785a,0.21513109146798062,10.0,2.151310914679806,0
13,trf_16_5003a,0.07598020404924341,15.0,0.5065346936616227,0
13,trf_6_5157a,0.7257571961414852,300.0,0.24191906538049504,0
13,trf_6_5085a,1.0337519959053756,30.0,3.445839986351252,0
13,trf_6_5595a,6.688268266315663,30.0,22.294227554385543,0
13,trf_11_5652a,0.06183950992562904,15.0,0.4122633995041936,0
13,trf_16_5666a,0.10239459522031734,10.0,1.0239459522031733,0
13,trf_6_5711a,0.5229063242066878,30.0,1.7430210806889592,0
13,trf_6_5712a,3.152163729126487,30.0,10.507212430421623,0
13,trf_6_5659a,0.31222653305076387,30.0,1.0407551101692127,0
13,trf_6_1262a,0.387869648379918,10.0,3.8786964837991804,0
13,trf_16_6019a,0.05588823599420698,10.0,0.5588823599420698,0
13,trf_16_6122a,0.04501672499004203,10.0,0.45016724990042023,0
13,trf_6_6158a,2.381003703602821,45.0,5.291119341339603,0
13,trf_6_6197a,3.443480377705746,75.0,4.5913071702743276,0
13,trf_6_6153a,2.984427270099155,30.0,9.948090900330518,0
13,trf_6_1504a,0.4246948249992623,30.0,1.4156494166642077,0
13,trf_6_6249a,11.501149501397686,30.0,38.33716500465895,0
13,trf_16_6312a,0.3915655984685465,30.0,1.3052186615618215,0
13,trf_6_6386a,0.446557402546628,150.0,0.29770493503108536,0
13,trf_6_4627a,0.3691047318606545,112.5,0.3280930949872485,0
13,trf_11_6443a,0.4606674450039225,150.0,0.307111630002615,0
13,trf_12_6577a,0.14332121115904167,30.0,0.4777373705301389,0
13,trf_12_6578a,0.18939106776533163,45.0,0.42086903947851473,0
13,trf_11_6482a,0.18937715431147925,45.0,0.42083812069217613,0
13,trf_6_1647a,0.2298196657208857,10.0,2.298196657208857,0
13,trf_6_6496a,0.3656861200986689,112.5,0.3250543289765946,0
13,trf_6_727a,1.3903274310750728,30.0,4.634424770250243,0
14,trf_6_1030a,0.5578025731933023,10.0,5.578025731933023,0
14,trf_6_878a,0.11372865510857981,10.0,1.1372865510857981,0
14,trf_16_1585a,0.1697324453684674,15.0,1.1315496357897825,0
14,trf_16_3545a,0.04504889337657079,10.0,0.45048893376570787,0
14,trf_16_1143a,8.310657893047283,30.0,27.70219297682428,0
14,trf_16_6460a,0.7684820114499433,25.0,3.0739280457997733,0
14,trf_6_725a,0.04964563141669741,10.0,0.4964563141669741,0
14,trf_6_3820a,0.8015148362578282,15.0,5.343432241718855,0
14,trf_6_3538a,0.5403463452268028,10.0,5.403463452268028,0
14,trf_6_4910a,8.78300698145836,30.0,29.276689938194533,0
14,trf_6_1870a,0.26479381219085246,15.0,1.7652920812723498,0
14,trf_6_127a,1.0558019659559257,15.0,7.0386797730395045,0
14,trf_6_1541a,6.786437895697012,15.0,45.24291930464675,0
14,trf_6_1503a,0.297539984429105,10.0,2.97539984429105,0
14,trf_6_6272a,0.24130130825790094,15.0,1.6086753883860063,0
14,trf_6_128a,0.3954200955491915,15.0,2.636133970327943,0
14,trf_6_1260a,0.04482133482252456,10.0,0.4482133482252456,0
14,trf_6_1350a,8.899567721326274,45.0,19.77681715850283,0
14,trf_6_808a,0.5914021509719071,15.0,3.9426810064793805,0
14,trf_6_1475a,0.6480472143996359,15.0,4.320314762664239,0
14,trf_6_1138a,3.421174460626955,10.0,34.21174460626955,0
14,trf_6_1146a,5.993716090716157,10.0,59.93716090716157,0
14,trf_16_2916a,0.5320212065275727,10.0,5.320212065275727,0
14,trf_16_1140a,0.04507860470217034,10.0,0.45078604702170333,0
14,trf_16_5474a,0.4624667551268427,10.0,4.624667551268427,0
14,trf_16_3548a,0.5751308257601516,10.0,5.751308257601517,0
14,trf_16_1141a,0.5606519687748368,15.0,3.737679791832245,0
14,trf_6_810a,0.96815649704857,30.0,3.227188323495233,0
14,trf_16_300a,0.48447214341002887,15.0,3.2298142894001924,0
14,trf_16_3130a,1.386678643080375,30.0,4.62226214360125,0
14,trf_11_4955a,2.1324397177703847,15.0,14.216264785135898,0
14,trf_11_131a,0.9222314204030775,10.0,9.222314204030775,0
14,trf_6_1048a,0.22695256698808106,15.0,1.5130171132538737,0
14,trf_6_129a,0.4459506261003455,10.0,4.4595062610034555,0
14,trf_34_1018a,0.2654258675343683,5.0,5.3085173506873655,0
14,trf_16_5730a,0.3775117829621029,25.0,1.5100471318484117,0
14,trf_16_1144a,0.5948164733012813,15.0,3.965443155341875,0
14,trf_6_6273a,16.49195263416662,30.0,54.97317544722206,0
14,trf_6_1238a,0.6021606793375889,15.0,4.014404528917259,0
14,trf_6_731a,0.22006757215425143,15.0,1.4671171476950096,0
14,trf_6_732a,0.849887151220465,30.0,2.8329571707348835,0
14,trf_16_6082a,4.980374832239755,15.0,33.202498881598366,0
14,trf_16_537a,0.22216589041527263,5.0,4.443317808305453,0
14,trf_16_3996a,1.6568827673723123,15.0,11.045885115815416,0
14,trf_16_1095a,0.4406564932575218,15.0,2.9377099550501455,0
14,trf_6_730a,0.25069912197724753,15.0,1.6713274798483169,0
14,trf_34_1649a,0.15167817679593756,5.0,3.033563535918751,0
14,trf_34_5029a,4.014147654437683,10.0,40.14147654437683,0
14,trf_34_1581a,0.6055587631241226,10.0,6.055587631241226,0
14,trf_11_132a,0.3816343364069296,10.0,3.8163433640692963,0
14,trf_16_3221a,1.162594481244385,25.0,4.65037792497754,0
14,trf_16_504a,1.134881444156312,15.0,7.565876294375413,0
14,trf_6_735a,0.1822241188669966,10.0,1.822241188669966,0
14,trf_6_4489a,13.519839392643545,25.0,54.07935757057418,0
14,trf_6_729a,1.0087361311575362,15.0,6.724907541050242,0
14,trf_16_299a,1.4557638027157922,45.0,3.23503067270176,0
14,trf_16_1301a,0.44848955195424856,10.0,4.484895519542485,0
14,trf_16_2139a,1.5935071536933212,25.0,6.374028614773284,0
14,trf_16_6081a,0.1814366270693235,10.0,1.814366270693235,0
14,trf_6_1019a,5.048878416421308,25.0,20.195513665685233,0
14,trf_11_2597a,0.45109954997341617,10.0,4.510995499734162,0
14,trf_11_130a,0.39317127281423314,15.0,2.621141818761554,0
14,trf_6_4704a,0.7191808181772082,10.0,7.191808181772082,0
14,trf_6_733a,0.050456684939758197,10.0,0.5045668493975819,0
14,trf_11_305a,62.82937799370049,75.0,83.77250399160066,0
14,trf_16_539a,0.05082149777045645,10.0,0.5082149777045645,0
14,trf_6_1151a,0.6572319467939871,30.0,2.190773155979957,0
14,trf_6_4764a,0.26992413339877175,75.0,0.3598988445316957,0
14,trf_6_4765a,0.44982821116232974,150.0,0.29988547410821986,0
14,trf_16_538a,0.5057177739616647,30.0,1.685725913205549,0
14,trf_11_133a,0.05183702578211399,10.0,0.5183702578211399,0
14,trf_6_723a,0.5942998441734808,15.0,3.9619989611565387,0
14,trf_6_722a,0.19724601949659956,15.0,1.3149734633106638,0
14,trf_6_726a,0.07940800037935522,15.0,0.5293866691957014,0
14,trf_6_737a,0.5625487877475034,15.0,3.7503252516500227,0
14,trf_6_728a,1.0327280865246573,30.0,3.442426955082191,0
14,trf_6_125a,0.05230227480554094,10.0,0.5230227480554095,0
14,trf_6_3011a,0.2374100851111981,10.0,2.3741008511119808,0
14,trf_6_3819a,1.3543493221227034,30.0,4.514497740409012,0
14,trf_6_1344a,0.16301335829605712,10.0,1.6301335829605712,0
14,trf_6_122a,0.09149977187635831,10.0,0.9149977187635832,0
14,trf_6_1212a,0.5041690954810608,25.0,2.0166763819242433,0
14,trf_6_1213a,0.12628960123720562,10.0,1.2628960123720563,0
14,trf_6_1139a,11.099120413955115,15.0,73.9941360930341,0
14,trf_6_1145a,0.26753049091852127,10.0,2.6753049091852126,0
14,trf_16_302a,0.13009087881893597,10.0,1.3009087881893597,0
14,trf_16_301a,0.4549944534774833,25.0,1.8199778139099332,0
14,trf_6_124a,3.7258988793197,45.0,8.279775287377111,0
14,trf_16_6318a,1.2275388804517267,45.0,2.7278641787816147,0
14,trf_16_303a,0.5222558420500026,15.0,3.4817056136666844,0
14,trf_6_1256a,0.18529269714814162,10.0,1.8529269714814163,0
14,trf_6_2090a,0.684292239459336,15.0,4.56194826306224,0
14,trf_6_1445a,0.317145814371977,10.0,3.1714581437197698,0
14,trf_6_4766a,0.37043386285963487,112.5,0.3292745447641199,0
14,trf_16_3549a,0.0,0.0,0.0,0
14,trf_11_4675a,0.4632582468499712,150.0,0.3088388312333141,0
14,trf_16_4173a,0.22284933343951624,10.0,2.2284933343951625,0
14,trf_6_4662a,0.7284897940844673,300.0,0.24282993136148912,0
14,trf_6_2860a,0.4759713825569864,10.0,4.759713825569864,0
14,trf_6_1178a,0.39113489125746426,15.0,2.6075659417164285,0
14,trf_6_4249a,4.6246105732152705,25.0,18.498442292861082,0
14,trf_6_2887a,0.3531269539288275,10.0,3.5312695392882745,0
14,trf_6_2064a,0.15098009844683657,5.0,3.0196019689367315,0
14,trf_6_4161a,0.15032816786723524,10.0,1.5032816786723524,0
14,trf_6_1960a,0.2903795823904186,10.0,2.903795823904186,0
14,trf_6_6394a,0.5463408093771599,25.0,2.1853632375086396,0
14,trf_6_3613a,0.13757976503439087,10.0,1.3757976503439087,0
14,trf_6_738a,0.03505702879490237,5.0,0.7011405758980473,0
14,trf_16_2195a,1.7846279581129743,15.0,11.897519720753163,0
14,trf_16_4674a,0.6434111738115028,225.0,0.28596052169400127,0
14,trf_6_2417a,0.3530502628816191,10.0,3.5305026288161914,0
14,trf_16_4687a,0.2701721958690089,75.0,0.3602295944920119,0
14,trf_16_2428a,0.19821899380934455,5.0,3.9643798761868907,0
14,trf_16_2658a,0.21538904945410084,15.0,1.4359269963606722,0
14,trf_6_1177a,1.4732822638387526,75.0,1.9643763517850035,0
14,trf_6_4661a,0.45275348468384663,150.0,0.30183565645589777,0
14,trf_6_3019a,0.24555063359805718,10.0,2.455506335980572,0
14,trf_6_3013a,0.50964774052663,5.0,10.1929548105326,0
14,trf_16_3364a,0.3342968092914068,15.0,2.2286453952760454,0
14,trf_6_3563a,0.5444925018264812,10.0,5.444925018264812,0
14,trf_16_3328a,0.21323858169674767,10.0,2.132385816967477,0
14,trf_6_3721a,0.029865436511108748,5.0,0.5973087302221749,0
14,trf_6_3434a,0.3555815643053145,5.0,7.111631286106291,0
14,trf_6_3010a,0.10354503943175612,10.0,1.0354503943175613,0
14,trf_6_3509a,0.8983935996360537,5.0,17.967871992721076,0
14,trf_16_6165a,0.0,0.0,0.0,0
14,trf_6_3142a,0.16644334461633867,10.0,1.6644334461633867,0
14,trf_16_3908a,0.0,0.0,0.0,0
14,trf_6_3604a,0.07529738749796508,10.0,0.7529738749796507,0
14,trf_6_3012a,0.13701172117407798,10.0,1.3701172117407796,0
14,trf_6_3507a,0.22699401786417991,10.0,2.269940178641799,0
14,trf_34_5142a,0.15234846558970846,10.0,1.5234846558970845,0
14,trf_6_3508a,0.04480047597320837,10.0,0.4480047597320837,0
14,trf_6_3634a,0.44752625360204423,10.0,4.475262536020443,0
14,trf_6_3224a,0.13085341218639318,5.0,2.6170682437278634,0
14,trf_16_3904a,0.33887834511023457,10.0,3.388783451102346,0
14,trf_11_3987a,0.38018546274907195,5.0,7.603709254981439,0
14,trf_16_3997a,0.5923375378394542,30.0,1.9744584594648473,0
14,trf_6_3817a,0.1163604888671246,5.0,2.327209777342492,0
14,trf_6_3818a,0.39018055824969416,10.0,3.9018055824969418,0
14,trf_16_1142a,1.1471357953123638,45.0,2.549190656249697,0
14,trf_34_5260a,0.3477810728769396,10.0,3.4778107287693962,0
14,trf_6_5725a,0.7325972645499339,300.0,0.2441990881833113,0
14,trf_6_5472a,0.3994499687280331,15.0,2.662999791520221,0
14,trf_6_4925a,0.3706310761840711,112.5,0.32944984549695205,0
14,trf_6_3256a,1.5731576667277645,15.0,10.487717778185097,0
14,trf_6_4998a,0.3682015420904474,112.5,0.32729025963595326,0
14,trf_16_5055a,0.7689004161517351,10.0,7.689004161517351,0
14,trf_6_724a,0.5600902377072888,30.0,1.866967459024296,0
14,trf_11_4785a,0.20430336971091556,10.0,2.0430336971091556,0
14,trf_16_5003a,0.07523330538779245,15.0,0.5015553692519497,0
14,trf_6_5157a,0.7296170050056996,300.0,0.24320566833523322,0
14,trf_6_5085a,0.9754459468220981,30.0,3.2514864894069935,0
14,trf_6_5595a,6.825994359526463,30.0,22.753314531754878,0
14,trf_11_5652a,0.062178643785845165,15.0,0.4145242919056344,0
14,trf_16_5666a,0.09847959153275945,10.0,0.9847959153275946,0
14,trf_6_5711a,0.4982784002448914,30.0,1.6609280008163048,0
14,trf_6_5712a,3.2779394101779467,30.0,10.926464700593156,0
14,trf_6_5659a,0.30141214812829137,30.0,1.0047071604276379,0
14,trf_6_1262a,0.3659593302187335,10.0,3.659593302187335,0
14,trf_16_6019a,0.0551577568318578,10.0,0.551577568318578,0
14,trf_16_6122a,0.04502925409273503,10.0,0.4502925409273503,0
14,trf_6_6158a,2.2400824728688216,45.0,4.977961050819603,0
14,trf_6_6197a,3.2378677692616815,75.0,4.317157025682242,0
14,trf_6_6153a,2.7929173934625227,30.0,9.309724644875075,0
14,trf_6_1504a,0.4062768687809948,30.0,1.3542562292699827,0
14,trf_6_6249a,11.77585775376801,30.0,39.2528591792267,0
14,trf_16_6312a,0.37562238732003334,30.0,1.2520746244001113,0
14,trf_6_6386a,0.44864641994815935,150.0,0.2990976132987729,0
14,trf_6_4627a,0.37054568883295946,112.5,0.3293739456292973,0
14,trf_11_6443a,0.4633409608125811,150.0,0.3088939738750541,0
14,trf_12_6577a,0.14415059145139528,30.0,0.48050197150465096,0
14,trf_12_6578a,0.19048704803132843,45.0,0.42330455118072985,0
14,trf_11_6482a,0.19047305406225293,45.0,0.42327345347167317,0
14,trf_6_1647a,0.2177675876377277,10.0,2.1776758763772768,0
14,trf_6_6496a,0.3675917478703189,112.5,0.32674822032917233,0
14,trf_6_727a,1.309126079289403,30.0,4.3637535976313435,0
15,trf_6_1030a,0.5808061640308876,10.0,5.8080616403088765,0
15,trf_6_878a,0.11685880393045672,10.0,1.1685880393045671,0
15,trf_16_1585a,0.1738915422847514,15.0,1.1592769485650092,0
15,trf_16_3545a,0.04506640678184192,10.0,0.4506640678184192,0
15,trf_16_1143a,7.891259632980426,30.0,26.30419877660142,0
15,trf_16_6460a,0.798674711585781,25.0,3.194698846343124,0
15,trf_6_725a,0.049779071053764376,10.0,0.49779071053764373,0
15,trf_6_3820a,0.8347425233880396,15.0,5.564950155920263,0
15,trf_6_3538a,0.5624817640467736,10.0,5.624817640467737,0
15,trf_6_4910a,9.167481628376338,30.0,30.558272094587792,0
15,trf_6_1870a,0.27404881969487854,15.0,1.8269921312991901,0
15,trf_6_127a,1.100218938846564,15.0,7.334792925643759,0
15,trf_6_1541a,6.5332420855129225,15.0,43.55494723675282,0
15,trf_6_1503a,0.3088827574451063,10.0,3.088827574451063,0
15,trf_6_6272a,0.249484216767716,15.0,1.6632281117847734,0
15,trf_6_128a,0.41047585570224615,15.0,2.736505704681641,0
15,trf_6_1260a,0.044932488641449025,10.0,0.44932488641449025,0
15,trf_6_1350a,8.58469115029027,45.0,19.07709144508949,0
15,trf_6_808a,0.6146973046723019,15.0,4.097982031148679,0
15,trf_6_1475a,0.6784061757933504,15.0,4.522707838622336,0
15,trf_6_1138a,3.2518257149119894,10.0,32.51825714911989,0
15,trf_6_1146a,5.752357981118364,10.0,57.52357981118364,0
15,trf_16_2916a,0.5534226821810333,10.0,5.534226821810333,0
15,trf_16_1140a,0.045109558934869586,10.0,0.4510955893486958,0
15,trf_16_5474a,0.4808241491635148,10.0,4.808241491635148,0
15,trf_16_3548a,0.6043109585170691,10.0,6.043109585170691,0
15,trf_16_1141a,0.5825015989522592,15.0,3.8833439930150613,0
15,trf_6_810a,1.0059258710935308,30.0,3.3530862369784358,0
15,trf_16_300a,0.5035466416652821,15.0,3.3569776111018808,0
15,trf_16_3130a,1.4426815126519381,30.0,4.80893837550646,0
15,trf_11_4955a,2.2247976371462115,15.0,14.83198424764141,0
15,trf_11_131a,0.9612771204824557,10.0,9.612771204824558,0
15,trf_6_1048a,0.2338959174005538,15.0,1.559306116003692,0
15,trf_6_129a,0.4638912099103821,10.0,4.638912099103821,0
15,trf_34_1018a,0.2759881534799117,5.0,5.519763069598233,0
15,trf_16_5730a,0.39101392996819473,25.0,1.564055719872779,0
15,trf_16_1144a,0.6184155061252316,15.0,4.122770040834877,0
15,trf_6_6273a,15.89040220001976,30.0,52.9680073333992,0
15,trf_6_1238a,0.6266675858645946,15.0,4.177783905763964,0
15,trf_6_731a,0.226644837738896,15.0,1.5109655849259733,0
15,trf_6_732a,0.8822943675546813,30.0,2.940981225182271,0
15,trf_16_6082a,4.801893982175109,15.0,32.01262654783406,0
15,trf_16_537a,0.23060665512948192,5.0,4.612133102589638,0
15,trf_16_3996a,1.7280845633710293,15.0,11.520563755806863,0
15,trf_16_1095a,0.4578370065136529,15.0,3.052246710091019,0
15,trf_6_730a,0.2597939664228955,15.0,1.7319597761526364,0
15,trf_34_1649a,0.15716800884027818,5.0,3.1433601768055635,0
15,trf_34_5029a,3.86654312458058,10.0,38.665431245805806,0
15,trf_34_1581a,0.6306592405487071,10.0,6.306592405487072,0
15,trf_11_132a,0.3967590839068605,10.0,3.9675908390686048,0
15,trf_16_3221a,1.211037135016916,25.0,4.844148540067664,0
15,trf_16_504a,1.1653676279777307,15.0,7.769117519851538,0
15,trf_6_735a,0.1883432117627445,10.0,1.8834321176274451,0
15,trf_6_4489a,12.958187170616387,25.0,51.83274868246556,0
15,trf_6_729a,1.050689182905941,15.0,7.004594552706274,0
15,trf_16_299a,1.5129324715583725,45.0,3.362072159018606,0
15,trf_16_1301a,0.4663945122239677,10.0,4.663945122239677,0
15,trf_16_2139a,1.6609117960324462,25.0,6.643647184129785,0
15,trf_16_6081a,0.18762540161777552,10.0,1.876254016177755,0
15,trf_6_1019a,4.753786367100749,25.0,19.015145468402995,0
15,trf_11_2597a,0.4693702571598984,10.0,4.693702571598984,0
15,trf_11_130a,0.4073462927933442,15.0,2.715641951955628,0
15,trf_6_4704a,0.7601204418586099,10.0,7.6012044185861,0
15,trf_6_733a,0.050810878965827276,10.0,0.5081087896582728,0
15,trf_11_305a,60.88201516637679,75.0,81.17602022183571,0
15,trf_16_539a,0.050923101331504864,10.0,0.5092310133150486,0
15,trf_6_1151a,0.6807953889419895,30.0,2.2693179631399647,0
15,trf_6_4764a,0.27049378492423215,75.0,0.3606583798989762,0
15,trf_6_4765a,0.45078510669752714,150.0,0.30052340446501813,0
15,trf_16_538a,0.5223632889068531,30.0,1.7412109630228438,0
15,trf_11_133a,0.05195612090346445,10.0,0.5195612090346444,0
15,trf_6_723a,0.6178008751532561,15.0,4.118672501021708,0
15,trf_6_722a,0.2028420255734211,15.0,1.352280170489474,0
15,trf_6_726a,0.07962623679939208,15.0,0.5308415786626139,0
15,trf_6_737a,0.5843847357049661,15.0,3.895898238033107,0
15,trf_6_728a,1.0735203509081608,30.0,3.578401169693869,0
15,trf_6_125a,0.05262127201576609,10.0,0.5262127201576609,0
15,trf_6_3011a,0.24587177711854838,10.0,2.458717771185484,0
15,trf_6_3819a,1.4087926883932183,30.0,4.695975627977394,0
15,trf_6_1344a,0.16833610480585004,10.0,1.6833610480585004,0
15,trf_6_122a,0.09338501911124679,10.0,0.9338501911124679,0
15,trf_6_1212a,0.5233081038804779,25.0,2.0932324155219115,0
15,trf_6_1213a,0.13125736191145404,10.0,1.3125736191145403,0
15,trf_6_1139a,10.711995420287723,15.0,71.41330280191816,0
15,trf_6_1145a,0.278660578203825,10.0,2.78660578203825,0
15,trf_16_302a,0.1339866564889659,10.0,1.339866564889659,0
15,trf_16_301a,0.471561533438049,25.0,1.886246133752196,0
15,trf_6_124a,3.496572531747782,45.0,7.770161181661738,0
15,trf_16_6318a,1.2747029011390139,45.0,2.832673113642253,0
15,trf_16_303a,0.542692803423048,15.0,3.61795202282032,0
15,trf_6_1256a,0.19157780078681108,10.0,1.9157780078681106,0
15,trf_6_2090a,0.711762272833797,15.0,4.74508181889198,0
15,trf_6_1445a,0.3295707280749792,10.0,3.2957072807497925,0
15,trf_6_4766a,0.37115695158368434,112.5,0.32991729029660827,0
15,trf_16_3549a,0.0,0.0,0.0,0
15,trf_11_4675a,0.46440098323957124,150.0,0.3096006554930475,0
15,trf_16_4173a,0.23075363242489758,10.0,2.307536324248976,0
15,trf_6_4662a,0.7305879855551778,300.0,0.2435293285183926,0
15,trf_6_2860a,0.4954714965607996,10.0,4.954714965607996,0
15,trf_6_1178a,0.4060102411084586,15.0,2.7067349407230576,0
15,trf_6_4249a,4.44038371479222,25.0,17.76153485916888,0
15,trf_6_2887a,0.36693302257785343,10.0,3.669330225778534,0
15,trf_6_2064a,0.15643618923806238,5.0,3.128723784761248,0
15,trf_6_4161a,0.15513238789384476,10.0,1.5513238789384476,0
15,trf_6_1960a,0.30140897893485324,10.0,3.0140897893485326,0
15,trf_6_6394a,0.5672818609544309,25.0,2.2691274438177236,0
15,trf_6_3613a,0.14181472372385637,10.0,1.4181472372385637,0
15,trf_6_738a,0.03512320757522401,5.0,0.7024641515044803,0
15,trf_16_2195a,1.861273398518085,15.0,12.4084893234539,0
15,trf_16_4674a,0.6449903700042533,225.0,0.28666238666855703,0
15,trf_6_2417a,0.3670006069268973,10.0,3.670006069268973,0
15,trf_16_4687a,0.27030062425549617,75.0,0.36040083234066156,0
15,trf_16_2428a,0.20566781708747717,5.0,4.113356341749543,0
15,trf_16_2658a,0.22162227578563345,15.0,1.4774818385708897,0
15,trf_6_1177a,1.5275684954179656,75.0,2.0367579938906206,0
15,trf_6_4661a,0.45355812147576785,150.0,0.3023720809838452,0
15,trf_6_3019a,0.2546029065818157,10.0,2.5460290658181575,0
15,trf_6_3013a,0.5308569977695794,5.0,10.617139955391588,0
15,trf_16_3364a,0.34587558594771806,15.0,2.3058372396514537,0
15,trf_6_3563a,0.5667656122292871,10.0,5.667656122292871,0
15,trf_16_3328a,0.22087655091306388,10.0,2.2087655091306386,0
15,trf_6_3721a,0.029943385879342626,5.0,0.5988677175868525,0
15,trf_6_3434a,0.3701982766525826,5.0,7.403965533051652,0
15,trf_6_3010a,0.10620105103463609,10.0,1.062010510346361,0
15,trf_6_3509a,0.9368911826177438,5.0,18.737823652354876,0
15,trf_16_6165a,0.0,0.0,0.0,0
15,trf_6_3142a,0.1720827407602988,10.0,1.7208274076029881,0
15,trf_16_3908a,0.0,0.0,0.0,0
15,trf_6_3604a,0.07680318102785667,10.0,0.7680318102785668,0
15,trf_6_3012a,0.14118108806462043,10.0,1.4118108806462044,0
15,trf_6_3507a,0.23522385234296497,10.0,2.3522385234296497,0
15,trf_34_5142a,0.15721269390518341,10.0,1.572126939051834,0
15,trf_6_3508a,0.0449105247285609,10.0,0.449105247285609,0
15,trf_6_3634a,0.46549844389289635,10.0,4.654984438928963,0
15,trf_6_3224a,0.1353811822339991,5.0,2.7076236446799817,0
15,trf_16_3904a,0.3518385577480579,10.0,3.5183855774805792,0
15,trf_11_3987a,0.39592975211513753,5.0,7.9185950423027505,0
15,trf_16_3997a,0.6128992996042156,30.0,2.0429976653473854,0
15,trf_6_3817a,0.1202787177826035,5.0,2.40557435565207,0
15,trf_6_3818a,0.4058695489211621,10.0,4.058695489211621,0
15,trf_16_1142a,1.1895726571862653,45.0,2.6434947937472564,0
15,trf_34_5260a,0.3613910712388092,10.0,3.613910712388092,0
15,trf_6_5725a,0.7343880667238162,300.0,0.24479602224127206,0
15,trf_6_5472a,0.41486179761607606,15.0,2.765745317440507,0
15,trf_6_4925a,0.37133355024535036,112.5,0.3300742668847559,0
15,trf_6_3256a,1.6405791088326374,15.0,10.937194058884248,0
15,trf_6_4998a,0.3691367684146693,112.5,0.3281215719241505,0
15,trf_16_5055a,0.8003707010416128,10.0,8.003707010416127,0
15,trf_6_724a,0.5796105027001591,30.0,1.9320350090005303,0
15,trf_11_4785a,0.2115493661789224,10.0,2.115493661789224,0
15,trf_16_5003a,0.07600099736052425,15.0,0.5066733157368284,0
15,trf_6_5157a,0.7316226931847818,300.0,0.24387423106159395,0
15,trf_6_5085a,1.01331064919752,30.0,3.3777021639917333,0
15,trf_6_5595a,6.577187898905534,30.0,21.923959663018447,0
15,trf_11_5652a,0.062326720410896715,15.0,0.4155114694059781,0
15,trf_16_5666a,0.1008544279690398,10.0,1.008544279690398,0
15,trf_6_5711a,0.515010453157306,30.0,1.7167015105243533,0
15,trf_6_5712a,3.104079441197137,30.0,10.346931470657124,0
15,trf_6_5659a,0.30915510322709105,30.0,1.0305170107569703,0
15,trf_6_1262a,0.3803569120049851,10.0,3.8035691200498514,0
15,trf_16_6019a,0.05560613011802759,10.0,0.5560613011802759,0
15,trf_16_6122a,0.04503353752244223,10.0,0.4503353752244223,0
15,trf_6_6158a,2.332116752524442,45.0,5.182481672276538,0
15,trf_6_6197a,3.372508858157516,75.0,4.496678477543354,0
15,trf_6_6153a,2.913823931244905,30.0,9.712746437483016,0
15,trf_6_1504a,0.4184810150881402,30.0,1.3949367169604672,0
15,trf_6_6249a,11.314532937109279,30.0,37.71510979036427,0
15,trf_16_6312a,0.3864356628080139,30.0,1.2881188760267128,0
15,trf_6_6386a,0.4497090784436041,150.0,0.2998060522957361,0
15,trf_6_4627a,0.37126266069871,112.5,0.3300112539544089,0
15,trf_11_6443a,0.46448232097914605,150.0,0.30965488065276403,0
15,trf_12_6577a,0.1445051196847562,30.0,0.48168373228252065,0
15,trf_12_6578a,0.19095553751848487,45.0,0.4243456389299664,0
15,trf_11_6482a,0.19094150913215194,45.0,0.42431446473811546,0
15,trf_6_1647a,0.22563717054401033,10.0,2.2563717054401033,0
15,trf_6_6496a,0.36857790719979755,112.5,0.32762480639982006,0
15,trf_6_727a,1.3621805759830812,30.0,4.540601919943604,0
16,trf_6_1030a,0.8483242101614853,10.0,8.483242101614852,0
16,trf_6_878a,0.15218821950950995,10.0,1.5218821950950994,0
16,trf_16_1585a,0.22052887248788117,15.0,1.4701924832525413,0
16,trf_16_3545a,0.04507302378601138,10.0,0.4507302378601138,0
16,trf_16_1143a,4.521367008918105,30.0,15.07122336306035,0
16,trf_16_6460a,1.160539709700301,25.0,4.642158838801204,0
16,trf_6_725a,0.049836006465841506,10.0,0.4983600646584151,0
16,trf_6_3820a,1.2202570855492154,15.0,8.135047236994769,0
16,trf_6_3538a,0.8191845016566183,10.0,8.191845016566182,0
16,trf_6_4910a,13.640352443646124,30.0,45.46784147882042,0
16,trf_6_1870a,0.3803880281043005,15.0,2.535920187362003,0
16,trf_6_127a,1.6159885282679074,15.0,10.773256855119381,0
16,trf_6_1541a,4.662942181900721,15.0,31.086281212671473,0
16,trf_6_1503a,0.44167719526040605,10.0,4.41677195260406,0
16,trf_6_6272a,0.34337585692825523,15.0,2.2891723795217014,0
16,trf_6_128a,0.5843643406328578,15.0,3.8957622708857187,0
16,trf_6_1260a,0.04492580877959144,10.0,0.44925808779591436,0
16,trf_6_1350a,6.308579909228614,45.0,14.019066464952475,0
16,trf_6_808a,0.8848997108372757,15.0,5.8993314055818376,0
16,trf_6_1475a,0.8701213861448445,15.0,5.80080924096563,0
16,trf_6_1138a,1.8956423240403306,10.0,18.956423240403304,0
16,trf_6_1146a,3.9072248973342107,10.0,39.072248973342106,0
16,trf_16_2916a,0.8090437704266445,10.0,8.090437704266446,0
16,trf_16_1140a,0.045117065595597736,10.0,0.4511706559559774,0
16,trf_16_5474a,0.7001427589359097,10.0,7.001427589359098,0
16,trf_16_3548a,0.7097743431649176,10.0,7.097743431649176,0
16,trf_16_1141a,0.8456842599602185,15.0,5.637895066401456,0
16,trf_6_810a,1.4437603139062405,30.0,4.812534379687468,0
16,trf_16_300a,0.725135766239616,15.0,4.8342384415974395,0
16,trf_16_3130a,2.094532193676784,30.0,6.981773978922614,0
16,trf_11_4955a,3.2992304813607074,15.0,21.99486987573805,0
16,trf_11_131a,1.414977207920564,10.0,14.149772079205642,0
16,trf_6_1048a,0.3128603235770997,15.0,2.085735490513998,0
16,trf_6_129a,0.6717117559460446,10.0,6.717117559460446,0
16,trf_34_1018a,0.39835865389205716,5.0,7.967173077841143,0
16,trf_16_5730a,0.5471331969818517,25.0,2.188532787927407,0
16,trf_16_1144a,0.8993839384312842,15.0,5.995892922875228,0
16,trf_6_6273a,11.509236923350965,30.0,38.36412307783655,0
16,trf_6_1238a,0.9118883485164158,15.0,6.0792556567761045,0
16,trf_6_731a,0.3017547190390757,15.0,2.0116981269271714,0
16,trf_6_732a,1.2582991932922936,30.0,4.194330644307645,0
16,trf_16_6082a,3.510420936628581,15.0,23.402806244190536,0
16,trf_16_537a,0.3289219061830358,5.0,6.578438123660716,0
16,trf_16_3996a,2.5620185215673956,15.0,17.080123477115972,0
16,trf_16_1095a,0.6575246314122969,15.0,4.383497542748645,0
16,trf_6_730a,0.31939648255060166,15.0,2.1293098836706776,0
16,trf_34_1649a,0.22044417853874854,5.0,4.408883570774971,0
16,trf_34_5029a,2.7784340063125605,10.0,27.784340063125605,0
16,trf_34_1581a,0.9221772303306509,10.0,9.221772303306508,0
16,trf_11_132a,0.5719249969646055,10.0,5.7192499696460555,0
16,trf_16_3221a,1.7780192006487534,25.0,7.112076802595014,0
16,trf_16_504a,1.3647140571141156,15.0,9.098093714094103,0
16,trf_6_735a,0.25886225546186165,10.0,2.5886225546186163,0
16,trf_6_4489a,8.62246588294579,25.0,34.48986353178316,0
16,trf_6_729a,1.53925265209148,15.0,10.261684347276534,0
16,trf_16_299a,2.1788379047942388,45.0,4.841862010653864,0
16,trf_16_1301a,0.6751558763609528,10.0,6.751558763609528,0
16,trf_16_2139a,2.4490629775422357,25.0,9.796251910168943,0
16,trf_16_6081a,0.2592785889157579,10.0,2.592785889157579,0
16,trf_6_1019a,2.329317776319145,25.0,9.31727110527658,0
16,trf_11_2597a,0.6811883289719163,10.0,6.811883289719162,0
16,trf_11_130a,0.5706337043630985,15.0,3.8042246957539896,0
16,trf_6_4704a,0.811773248274662,10.0,8.117732482746622,0
16,trf_6_733a,0.05376494107749539,10.0,0.5376494107749539,0
16,trf_11_305a,47.702218795244356,75.0,63.60295839365914,0
16,trf_16_539a,0.05087421167081905,10.0,0.5087421167081905,0
16,trf_6_1151a,0.9551748621658088,30.0,3.1839162072193625,0
16,trf_6_4764a,0.27065043212863255,75.0,0.3608672428381767,0
16,trf_6_4765a,0.45104875037189174,150.0,0.3006991669145945,0
16,trf_16_538a,0.7150040880918,30.0,2.383346960306,0
16,trf_11_133a,0.05183740996317656,10.0,0.5183740996317656,0
16,trf_6_723a,0.8899368644981224,15.0,5.932912429987482,0
16,trf_6_722a,0.2660524152251163,15.0,1.773682768167442,0
16,trf_6_726a,0.07972021927350956,15.0,0.5314681284900638,0
16,trf_6_737a,0.8391841515784216,15.0,5.594561010522811,0
16,trf_6_728a,1.545907140638385,30.0,5.15302380212795,0
16,trf_6_125a,0.05501225674674376,10.0,0.5501225674674376,0
16,trf_6_3011a,0.343221986797776,10.0,3.43221986797776,0
16,trf_6_3819a,2.039688939406456,30.0,6.798963131354854,0
16,trf_6_1344a,0.22925262288160614,10.0,2.2925262288160613,0
16,trf_6_122a,0.11402085636464573,10.0,1.1402085636464574,0
16,trf_6_1212a,0.744353930068149,25.0,2.9774157202725964,0
16,trf_6_1213a,0.13720097608073317,10.0,1.3720097608073316,0
16,trf_6_1139a,7.828846820416508,15.0,52.192312136110054,0
16,trf_6_1145a,0.3611956322511085,10.0,3.611956322511085,0
16,trf_16_302a,0.17835311247951446,10.0,1.7835311247951444,0
16,trf_16_301a,0.6629032050285794,25.0,2.6516128201143174,0
16,trf_6_124a,1.595016271087877,45.0,3.544480602417505,0
16,trf_16_6318a,1.8202302830735972,45.0,4.044956184607994,0
16,trf_16_303a,0.7792352178708682,15.0,5.194901452472455,0
16,trf_6_1256a,0.263785569178042,10.0,2.6378556917804206,0
16,trf_6_2090a,1.030719682150629,15.0,6.87146454767086,0
16,trf_6_1445a,0.4736239881794583,10.0,4.736239881794583,0
16,trf_6_4766a,0.3713182743051445,112.5,0.3300606882712396,0
16,trf_16_3549a,0.0,0.0,0.0,0
16,trf_11_4675a,0.4635481656711127,150.0,0.30903211044740847,0
16,trf_16_4173a,0.3247339796572409,10.0,3.247339796572409,0
16,trf_6_4662a,0.731618738597807,300.0,0.24387291286593565,0
16,trf_6_2860a,0.7221365679742137,10.0,7.221365679742137,0
16,trf_6_1178a,0.5801431633419103,15.0,3.8676210889460685,0
16,trf_6_4249a,3.059304508047688,25.0,12.237218032190752,0
16,trf_6_2887a,0.5287220037247615,10.0,5.287220037247615,0
16,trf_6_2064a,0.22016563085478458,5.0,4.4033126170956916,0
16,trf_6_4161a,0.21106066676467627,10.0,2.1106066676467625,0
16,trf_6_1960a,0.43073248986586543,10.0,4.3073248986586545,0
16,trf_6_6394a,0.8128984011687405,25.0,3.251593604674962,0
16,trf_6_3613a,0.19102837072988194,10.0,1.9102837072988195,0
16,trf_6_738a,0.03512700078639194,5.0,0.7025400157278389,0
16,trf_16_2195a,2.758878214507155,15.0,18.392521430047697,0
16,trf_16_4674a,0.643817504242587,225.0,0.2861411129967053,0
16,trf_6_2417a,0.529372816826168,10.0,5.29372816826168,0
16,trf_16_4687a,0.27032986004326287,75.0,0.36043981339101716,0
16,trf_16_2428a,0.2943732293494087,5.0,5.887464586988174,0
16,trf_16_2658a,0.29232543073248185,15.0,1.9488362048832122,0
16,trf_6_1177a,2.1628392849173874,75.0,2.8837857132231832,0
16,trf_6_4661a,0.45350123118830404,150.0,0.30233415412553605,0
16,trf_6_3019a,0.3589575818732924,10.0,3.589575818732924,0
16,trf_6_3013a,0.782002188936753,5.0,15.640043778735059,0
16,trf_16_3364a,0.47921039947593214,15.0,3.1947359965062145,0
16,trf_6_3563a,0.8282032506184478,10.0,8.282032506184478,0
16,trf_16_3328a,0.30954445012662885,10.0,3.0954445012662886,0
16,trf_6_3721a,0.029972741118970622,5.0,0.5994548223794125,0
16,trf_6_3434a,0.5397619768457699,5.0,10.795239536915398,0
16,trf_6_3010a,0.13744691360786765,10.0,1.3744691360786765,0
16,trf_6_3509a,1.3901599157615379,5.0,27.80319831523076,0
16,trf_16_6165a,0.0,0.0,0.0,0
16,trf_6_3142a,0.23688144276871073,10.0,2.3688144276871075,0
16,trf_16_3908a,0.0,0.0,0.0,0
16,trf_6_3604a,0.09322028201422157,10.0,0.9322028201422157,0
16,trf_6_3012a,0.19011367093196693,10.0,1.9011367093196694,0
16,trf_6_3507a,0.33001344525185544,10.0,3.3001344525185545,0
16,trf_34_5142a,0.21283721232084038,10.0,2.1283721232084036,0
16,trf_6_3508a,0.04496740935912743,10.0,0.4496740935912743,0
16,trf_6_3634a,0.676737185719857,10.0,6.767371857198571,0
16,trf_6_3224a,0.18880952248604443,5.0,3.7761904497208887,0
16,trf_16_3904a,0.5066190070924732,10.0,5.066190070924732,0
16,trf_11_3987a,0.5787222600131068,5.0,11.574445200262137,0
16,trf_16_3997a,0.8500926676650893,30.0,2.8336422255502978,0
16,trf_6_3817a,0.1659108546698765,5.0,3.31821709339753,0
16,trf_6_3818a,0.5880765959275697,10.0,5.880765959275697,0
16,trf_16_1142a,1.6972236023943323,45.0,3.7716080053207386,0
16,trf_34_5260a,0.5189767904959313,10.0,5.189767904959313,0
16,trf_6_5725a,0.7349129949015832,300.0,0.24497099830052776,0
16,trf_6_5472a,0.5940605356354646,15.0,3.960403570903097,0
16,trf_6_4925a,0.3714774914983852,112.5,0.3302022146652313,0
16,trf_6_3256a,2.4244803875309846,15.0,16.1632025835399,0
16,trf_6_4998a,0.36947087437774234,112.5,0.32841855500243766,0
16,trf_16_5055a,1.179344834987289,10.0,11.793448349872891,0
16,trf_6_724a,0.8038283938410561,30.0,2.6794279794701867,0
16,trf_11_4785a,0.2949207579417922,10.0,2.949207579417922,0
16,trf_16_5003a,0.08357775536186272,15.0,0.5571850357457515,0
16,trf_6_5157a,0.7324878747172712,300.0,0.24416262490575705,0
16,trf_6_5085a,1.454485360925953,30.0,4.848284536419843,0
16,trf_6_5595a,4.761204703873361,30.0,15.870682346244536,0
16,trf_11_5652a,0.06223123539976914,15.0,0.4148749026651276,0
16,trf_16_5666a,0.1294039636632689,10.0,1.294039636632689,0
16,trf_6_5711a,0.7066560662782431,30.0,2.3555202209274766,0
16,trf_6_5712a,1.7056195120190005,30.0,5.685398373396668,0
16,trf_6_5659a,0.39611372942909107,30.0,1.3203790980969703,0
16,trf_6_1262a,0.5473245130219209,10.0,5.473245130219209,0
16,trf_16_6019a,0.06097708268510959,10.0,0.609770826851096,0
16,trf_16_6122a,0.04502353866425295,10.0,0.45023538664252954,0
16,trf_6_6158a,3.3999013358438366,45.0,7.555336301875193,0
16,trf_6_6197a,4.9363435225529635,75.0,6.581791363403951,0
16,trf_6_6153a,3.8570695183381756,30.0,12.856898394460586,0
16,trf_6_1504a,0.5596710557478314,30.0,1.8655701858261047,0
16,trf_6_6249a,7.866836846235008,30.0,26.222789487450026,0
16,trf_16_6312a,0.5103387907943995,30.0,1.7011293026479983,0
16,trf_6_6386a,0.4500487900538311,150.0,0.3000325267025541,0
16,trf_6_4627a,0.3714048848488375,112.5,0.3301376754211889,0
16,trf_11_6443a,0.4636112672021923,150.0,0.3090741781347949,0
16,trf_12_6577a,0.14423731815699237,30.0,0.4807910605233079,0
16,trf_12_6578a,0.19060165258464354,45.0,0.4235592279658746,0
16,trf_11_6482a,0.19058765019619914,45.0,0.4235281115471092,0
16,trf_6_1647a,0.3171466363858999,10.0,3.171466363858999,0
16,trf_6_6496a,0.36898263302339984,112.5,0.3279845626874665,0
16,trf_6_727a,1.978903282733823,30.0,6.596344275779411,0
17,trf_6_1030a,1.4569149473728824,10.0,14.569149473728825,0
17,trf_6_878a,0.23252057961803438,10.0,2.325205796180344,0
17,trf_16_1585a,0.32683207365320344,15.0,2.178880491021356,0
17,trf_16_3545a,0.045067227499956904,10.0,0.450672274999569,0
17,trf_16_1143a,1.7168981457432686,30.0,5.7229938191442296,0
17,trf_16_6460a,1.985687399232686,25.0,7.942749596930744,0
17,trf_6_725a,0.049792382066565256,10.0,0.49792382066565255,0
17,trf_6_3820a,2.0917665710304676,15.0,13.94511047353645,0
17,trf_6_3538a,1.39845643319174,10.0,13.984564331917401,0
17,trf_6_4910a,23.72574402592362,30.0,79.0858134197454,0
17,trf_6_1870a,0.6214319142513578,15.0,4.142879428342385,0
17,trf_6_127a,2.7792158891075935,15.0,18.528105927383955,0
17,trf_6_1541a,1.4875324565755816,15.0,9.91688304383721,0
17,trf_6_1503a,0.7434416537216431,10.0,7.434416537216431,0
17,trf_6_6272a,0.5558112467335681,15.0,3.705408311557121,0
17,trf_6_128a,0.9767204663193765,15.0,6.51146977546251,0
17,trf_6_1260a,0.044781198055165804,10.0,0.447811980551658,0
17,trf_6_1350a,2.5211441312557796,45.0,5.602542513901732,0
17,trf_6_808a,1.499673806209983,15.0,9.997825374733221,0
17,trf_6_1475a,1.2815574084816457,15.0,8.543716056544303,0
17,trf_6_1138a,0.5811433728042733,10.0,5.811433728042733,0
17,trf_6_1146a,0.6576747296462423,10.0,6.576747296462424,0
17,trf_16_2916a,1.3917264877550395,10.0,13.917264877550394,0
17,trf_16_1140a,0.045098016165242276,10.0,0.4509801616524228,0
17,trf_16_5474a,1.200149721253253,10.0,12.00149721253253,0
17,trf_16_3548a,0.9150888262417024,10.0,9.150888262417023,0
17,trf_16_1141a,1.4462234752228613,15.0,9.641489834819076,0
17,trf_6_810a,2.439914256448137,30.0,8.13304752149379,0
17,trf_16_300a,1.2266749242499146,15.0,8.177832828332765,0
17,trf_16_3130a,3.5724011097328083,30.0,11.908003699109361,0
17,trf_11_4955a,5.723817505369914,15.0,38.158783369132756,0
17,trf_11_131a,2.4405627817355082,10.0,24.405627817355082,0
17,trf_6_1048a,0.49300715450791555,15.0,3.286714363386104,0
17,trf_6_129a,1.1402540568742974,10.0,11.402540568742975,0
17,trf_34_1018a,0.6749713050437655,5.0,13.499426100875308,0
17,trf_16_5730a,0.901831977450722,25.0,3.607327909802888,0
17,trf_16_1144a,1.539526091704941,15.0,10.26350727803294,0
17,trf_6_6273a,4.194200044389543,30.0,13.98066681463181,0
17,trf_6_1238a,1.5600511154557715,15.0,10.400340769705142,0
17,trf_6_731a,0.47316264927798024,15.0,3.1544176618532016,0
17,trf_6_732a,2.114429636535948,30.0,7.048098788453159,0
17,trf_16_6082a,1.3703369055826653,15.0,9.135579370551103,0
17,trf_16_537a,0.5521904681625062,5.0,11.043809363250123,0
17,trf_16_3996a,4.454906106707575,15.0,29.699374044717164,0
17,trf_16_1095a,1.110847543366137,15.0,7.405650289107579,0
17,trf_6_730a,0.44856902694978923,15.0,2.9904601796652615,0
17,trf_34_1649a,0.363736569899559,5.0,7.27473139799118,0
17,trf_34_5029a,0.9357233908491729,10.0,9.357233908491729,0
17,trf_34_1581a,1.58165249580119,10.0,15.8165249580119,0
17,trf_11_132a,0.9677912437032253,10.0,9.677912437032253,0
17,trf_16_3221a,3.0662069204476596,25.0,12.264827681790639,0
17,trf_16_504a,1.7475503665725818,15.0,11.650335777150547,0
17,trf_6_735a,0.4195928913187691,10.0,4.195928913187691,0
17,trf_6_4489a,0.9026551847790454,25.0,3.6106207391161815,0
17,trf_6_729a,2.6504604507737293,15.0,17.66973633849153,0
17,trf_16_299a,3.6901995588513987,45.0,8.200443464114219,0
17,trf_16_1301a,1.1489212983122814,10.0,11.489212983122815,0
17,trf_16_2139a,4.233165993133891,25.0,16.932663972535565,0
17,trf_16_6081a,0.4219806034831818,10.0,4.219806034831818,0
17,trf_6_1019a,2.1766187604310305,25.0,8.706475041724122,0
17,trf_11_2597a,1.1608651469250608,10.0,11.608651469250608,0
17,trf_11_130a,0.9405327494443627,15.0,6.270218329629085,0
17,trf_6_4704a,0.8665920590246102,10.0,8.665920590246103,0
17,trf_6_733a,0.06043087299167873,10.0,0.6043087299167873,0
17,trf_11_305a,26.33391557811821,75.0,35.11188743749094,0
17,trf_16_539a,0.05064811621243532,10.0,0.5064811621243532,0
17,trf_6_1151a,1.580394833379525,30.0,5.26798277793175,0
17,trf_6_4764a,0.27032209444015126,75.0,0.36042945925353503,0
17,trf_6_4765a,0.4505009711876395,150.0,0.30033398079175966,0
17,trf_16_538a,1.1529463169135652,30.0,3.843154389711884,0
17,trf_11_133a,0.0514432329173194,10.0,0.514432329173194,0
17,trf_6_723a,1.509374970075491,15.0,10.062499800503273,0
17,trf_6_722a,0.41036868766609425,15.0,2.735791251107295,0
17,trf_6_726a,0.07965426743240757,15.0,0.5310284495493838,0
17,trf_6_737a,1.419134414946416,15.0,9.460896099642774,0
17,trf_6_728a,2.6211375502582865,30.0,8.737125167527621,0
17,trf_6_125a,0.060396653150877014,10.0,0.6039665315087701,0
17,trf_6_3011a,0.5636054840522066,10.0,5.636054840522066,0
17,trf_6_3819a,3.465992978804289,30.0,11.55330992934763,0
17,trf_6_1344a,0.367077383995778,10.0,3.67077383995778,0
17,trf_6_122a,0.1610375098828371,10.0,1.6103750988283712,0
17,trf_6_1212a,1.24511818677642,25.0,4.98047274710568,0
17,trf_6_1213a,0.14314916609539471,10.0,1.4314916609539472,0
17,trf_6_1139a,2.8128600454845873,15.0,18.75240030323058,0
17,trf_6_1145a,0.5421957465368623,10.0,5.421957465368623,0
17,trf_16_302a,0.2790300819214411,10.0,2.7903008192144108,0
17,trf_16_301a,1.0969154896390323,25.0,4.387661958556129,0
17,trf_6_124a,2.129185856261045,45.0,4.731524125024544,0
17,trf_16_6318a,3.0570212140296364,45.0,6.793380475621414,0
17,trf_16_303a,1.3151705739010695,15.0,8.76780382600713,0
17,trf_6_1256a,0.42829932723120845,10.0,4.282993272312085,0
17,trf_6_2090a,1.7564546619833603,15.0,11.709697746555737,0
17,trf_6_1445a,0.8016100784544438,10.0,8.016100784544438,0
17,trf_6_4766a,0.37081677849407507,112.5,0.3296149142169556,0
17,trf_16_3549a,0.0,0.0,0.0,0
17,trf_11_4675a,0.4604810284594517,150.0,0.30698735230630114,0
17,trf_16_4173a,0.5390215676291137,10.0,5.390215676291136,0
17,trf_6_4662a,0.7312373415503283,300.0,0.24374578051677606,0
17,trf_6_2860a,1.237148145341564,10.0,12.37148145341564,0
17,trf_6_1178a,0.975836620571853,15.0,6.505577470479021,0
17,trf_6_4249a,0.6800798542293168,25.0,2.7203194169172673,0
17,trf_6_2887a,0.8962527794659175,10.0,8.962527794659175,0
17,trf_6_2064a,0.3649815497185769,5.0,7.299630994371538,0
17,trf_6_4161a,0.33853683064546075,10.0,3.3853683064546076,0
17,trf_6_1960a,0.7249274405036203,10.0,7.2492744050362035,0
17,trf_6_6394a,1.371523483390465,25.0,5.48609393356186,0
17,trf_6_3613a,0.3032495352787139,10.0,3.032495352787139,0
17,trf_6_738a,0.035058371629775695,5.0,0.7011674325955138,0
17,trf_16_2195a,4.79134185960715,15.0,31.942279064047668,0
17,trf_16_4674a,0.6395832634189875,225.0,0.2842592281862167,0
17,trf_6_2417a,0.8985360100174486,10.0,8.985360100174486,0
17,trf_16_4687a,0.270238258425417,75.0,0.36031767790055597,0
17,trf_16_2428a,0.49666339616835553,5.0,9.93326792336711,0
17,trf_16_2658a,0.45313384677546015,15.0,3.0208923118364006,0
17,trf_6_1177a,3.737009630166,75.0,4.982679506888,0
17,trf_6_4661a,0.4524407477900294,150.0,0.301627165193353,0
17,trf_6_3019a,0.5953445271468033,10.0,5.953445271468032,0
17,trf_6_3013a,1.3534362615589994,5.0,27.06872523117999,0
17,trf_16_3364a,0.7819368121096737,15.0,5.212912080731158,0
17,trf_6_3563a,1.4216541042760855,10.0,14.216541042760856,0
17,trf_16_3328a,0.511224152374022,10.0,5.112241523740219,0
17,trf_6_3721a,0.029944483775892147,5.0,0.598889675517843,0
17,trf_6_3434a,0.9235539729761002,5.0,18.471079459522006,0
17,trf_6_3010a,0.2090083668799739,10.0,2.090083668799739,0
17,trf_6_3509a,2.41929218426755,5.0,48.385843685351,0
17,trf_16_6165a,0.0,0.0,0.0,0
17,trf_6_3142a,0.3845491413948469,10.0,3.8454914139484693,0
17,trf_16_3908a,0.0,0.0,0.0,0
17,trf_6_3604a,0.1308125298255197,10.0,1.308125298255197,0
17,trf_6_3012a,0.3018469515516031,10.0,3.0184695155160313,0
17,trf_6_3507a,0.5448497950672753,10.0,5.448497950672753,0
17,trf_34_5142a,0.33905183700509955,10.0,3.3905183700509958,0
17,trf_6_3508a,0.04495563758591301,10.0,0.44955637585913016,0
17,trf_6_3634a,1.1569201209728808,10.0,11.569201209728806,0
17,trf_6_3224a,0.3106901012366165,5.0,6.213802024732329,0
17,trf_16_3904a,0.8596235607652604,10.0,8.596235607652604,0
17,trf_11_3987a,0.992876644362966,5.0,19.857532887259318,0
17,trf_16_3997a,1.3883903439545593,30.0,4.627967813181865,0
17,trf_6_3817a,0.2697381499095002,5.0,5.394762998190004,0
17,trf_6_3818a,1.0028113504555782,10.0,10.028113504555781,0
17,trf_16_1142a,2.8555071460240815,45.0,6.34557143560907,0
17,trf_34_5260a,0.8756903972153275,10.0,8.756903972153275,0
17,trf_6_5725a,0.7339495139088981,300.0,0.24464983796963266,0
17,trf_6_5472a,1.0015723850101743,15.0,6.677149233401162,0
17,trf_6_4925a,0.3709629555497667,112.5,0.3297448493775704,0
17,trf_6_3256a,4.193095475539532,15.0,27.95396983693021,0
17,trf_6_4998a,0.3690607641312211,112.5,0.3280540125610854,0
17,trf_16_5055a,2.043357130433041,10.0,20.43357130433041,0
17,trf_6_724a,1.314726658165059,30.0,4.38242219388353,0
17,trf_11_4785a,0.48412782931942117,10.0,4.841278293194212,0
17,trf_16_5003a,0.10087631894292756,15.0,0.6725087929528504,0
17,trf_6_5157a,0.731884972306889,300.0,0.24396165743562964,0
17,trf_6_5085a,2.4583721775188896,30.0,8.194573925062965,0
17,trf_6_5595a,1.7102251539028166,30.0,5.700750513009388,0
17,trf_11_5652a,0.06185292985739322,15.0,0.4123528657159548,0
17,trf_16_5666a,0.1948900761751756,10.0,1.9489007617517558,0
17,trf_6_5711a,1.1434814824052884,30.0,3.811604941350961,0
17,trf_6_5712a,0.9767468921125056,30.0,3.2558229737083524,0
17,trf_6_5659a,0.5947821384610701,30.0,1.982607128203567,0
17,trf_6_1262a,0.9271649667088313,10.0,9.271649667088314,0
17,trf_16_6019a,0.07337627635826255,10.0,0.7337627635826255,0
17,trf_16_6122a,0.04499828358035285,10.0,0.4499828358035285,0
17,trf_6_6158a,5.814180397360899,45.0,12.92040088302422,0
17,trf_6_6197a,8.495133737259692,75.0,11.326844983012924,0
17,trf_6_6153a,6.027321655427342,30.0,20.09107218475781,0
17,trf_6_1504a,0.8815478014973845,30.0,2.9384926716579485,0
17,trf_6_6249a,1.9707200800385625,30.0,6.569066933461874,0
17,trf_16_6312a,0.7923752293346815,30.0,2.6412507644489387,0
17,trf_6_6386a,0.44951139053858596,150.0,0.2996742603590573,0
17,trf_6_4627a,0.37087605444897676,112.5,0.329667603954646,0
17,trf_11_6443a,0.4605147448874199,150.0,0.3070098299249466,0
17,trf_12_6577a,0.14327960067059278,30.0,0.47759866890197594,0
17,trf_12_6578a,0.1893360818022171,45.0,0.42074684844937127,0
17,trf_11_6482a,0.18932217238785448,45.0,0.4207159386396766,0
17,trf_6_1647a,0.5254280771963429,10.0,5.254280771963429,0
17,trf_6_6496a,0.36864990619645815,112.5,0.3276888055079628,0
17,trf_6_727a,3.38234216546133,30.0,11.2744738848711,0
18,trf_6_1030a,1.8663846469045036,10.0,18.663846469045033,0
18,trf_6_878a,0.286260439161703,10.0,2.8626043916170305,0
18,trf_16_1585a,0.3980638586962835,15.0,2.6537590579752233,0
18,trf_16_3545a,0.045065244361572596,10.0,0.45065244361572593,0
18,trf_16_1143a,7.062099774607474,30.0,23.540332582024913,0
18,trf_16_6460a,2.540509716672048,25.0,10.162038866688192,0
18,trf_6_725a,0.04980286567861929,10.0,0.49802865678619285,0
18,trf_6_3820a,2.672227440933997,15.0,17.814849606226645,0
18,trf_6_3538a,1.7825244322261247,10.0,17.82524432226125,0
18,trf_6_4910a,30.41793622981687,30.0,101.39312076605623,1
18,trf_6_1870a,0.7823189157521623,15.0,5.215459438347748,0
18,trf_6_127a,3.5500685056759282,15.0,23.667123371172856,0
18,trf_6_1541a,1.5633694241139693,15.0,10.422462827426463,0
18,trf_6_1503a,0.9455556440635016,10.0,9.455556440635016,0
18,trf_6_6272a,0.6969555946445019,15.0,4.646370630963346,0
18,trf_6_128a,1.2368851397608052,15.0,8.245900931738701,0
18,trf_6_1260a,0.044699313409881286,10.0,0.4469931340988128,0
18,trf_6_1350a,1.2662638593038713,45.0,2.813919687341936,0
18,trf_6_808a,1.9130689284255162,15.0,12.75379285617011,0
18,trf_6_1475a,1.6341983289587796,15.0,10.894655526391864,0
18,trf_6_1138a,2.7702119333304065,10.0,27.70211933330406,0
18,trf_6_1146a,2.3677858950985606,10.0,23.677858950985605,0
18,trf_16_2916a,1.7832987375541025,10.0,17.832987375541027,0
18,trf_16_1140a,0.04508849704141808,10.0,0.45088497041418085,0
18,trf_16_5474a,1.5361975122273204,10.0,15.361975122273204,0
18,trf_16_3548a,1.1680171970539845,10.0,11.680171970539845,0
18,trf_16_1141a,1.850124889391875,15.0,12.334165929279168,0
18,trf_6_810a,3.1097406002817425,30.0,10.36580200093914,0
18,trf_16_300a,1.5608148753012068,15.0,10.405432502008045,0
18,trf_16_3130a,4.559755778516841,30.0,15.199185928389472,0
18,trf_11_4955a,7.333104140629569,15.0,48.88736093753046,0
18,trf_11_131a,3.123508622718151,10.0,31.23508622718151,0
18,trf_6_1048a,0.6145608487555994,15.0,4.097072325037329,0
18,trf_6_129a,1.4508502454294516,10.0,14.508502454294515,0
18,trf_34_1018a,0.8588475883007597,5.0,17.176951766015193,0
18,trf_16_5730a,1.1391041831852502,25.0,4.556416732741001,0
18,trf_16_1144a,1.9695311676016964,15.0,13.13020778401131,0
18,trf_6_6273a,2.8369465775036025,30.0,9.456488591678674,0
18,trf_6_1238a,1.9950783710952156,15.0,13.300522473968103,0
18,trf_6_731a,0.5887342283749092,15.0,3.924894855832728,0
18,trf_6_732a,2.690631101915404,30.0,8.968770339718013,0
18,trf_16_6082a,0.7542980227100715,15.0,5.02865348473381,0
18,trf_16_537a,0.7016812916855594,5.0,14.033625833711188,0
18,trf_16_3996a,5.722684353903993,15.0,38.15122902602662,0
18,trf_16_1095a,1.414423634274921,15.0,9.42949089516614,0
18,trf_6_730a,0.5569100180889636,15.0,3.712733453926424,0
18,trf_34_1649a,0.4591090190250943,5.0,9.182180380501887,0
18,trf_34_5029a,0.8504006440291851,10.0,8.504006440291851,0
18,trf_34_1581a,2.020350060816836,10.0,20.203500608168362,0
18,trf_11_132a,1.2308863045235092,10.0,12.308863045235093,0
18,trf_16_3221a,3.9299181401014747,25.0,15.7196725604059,0
18,trf_16_504a,2.0459504428634756,15.0,13.639669619089837,0
18,trf_6_735a,0.5278372851491533,10.0,5.278372851491533,0
18,trf_6_4489a,6.228688911317613,25.0,24.914755645270453,0
18,trf_6_729a,3.3976275324040093,15.0,22.65085021602673,0
18,trf_16_299a,4.701109874536059,45.0,10.446910832302354,0
18,trf_16_1301a,1.4659143808919732,10.0,14.659143808919731,0
18,trf_16_2139a,5.422627946835304,25.0,21.690511787341215,0
18,trf_16_6081a,0.5307109662349726,10.0,5.307109662349726,0
18,trf_6_1019a,6.023115067758231,25.0,24.092460271032923,0
18,trf_11_2597a,1.4810186274385353,10.0,14.810186274385353,0
18,trf_11_130a,1.187080669949603,15.0,7.913871132997354,0
18,trf_6_4704a,1.1041611344034776,10.0,11.041611344034775,0
18,trf_6_733a,0.06496632695270599,10.0,0.6496632695270599,0
18,trf_11_305a,4.216548305449947,75.0,5.6220644072665955,0
18,trf_16_539a,0.05049942791845458,10.0,0.5049942791845459,0
18,trf_6_1151a,2.0011197487754666,30.0,6.670399162584888,0
18,trf_6_4764a,0.2702181620394091,75.0,0.36029088271921217,0
18,trf_6_4765a,0.45032753010456866,150.0,0.30021835340304576,0
18,trf_16_538a,1.4461078977986668,30.0,4.820359659328889,0
18,trf_11_133a,0.051167705139772174,10.0,0.5116770513977217,0
18,trf_6_723a,1.9265060613969205,15.0,12.843373742646138,0
18,trf_6_722a,0.5078221015804005,15.0,3.38548067720267,0
18,trf_6_726a,0.07967412775175638,15.0,0.5311608516783759,0
18,trf_6_737a,1.8090418420218748,15.0,12.060278946812499,0
18,trf_6_728a,3.3451631663269805,30.0,11.150543887756603,0
18,trf_6_125a,0.06398814631284025,10.0,0.6398814631284024,0
18,trf_6_3011a,0.7103915310027615,10.0,7.103915310027615,0
18,trf_6_3819a,4.4143811729965075,30.0,14.714603909988359,0
18,trf_6_1344a,0.45860663516389755,10.0,4.5860663516389755,0
18,trf_6_122a,0.19249873031848289,10.0,1.9249873031848288,0
18,trf_6_1212a,1.579322578435698,25.0,6.317290313742792,0
18,trf_6_1213a,0.17096535827528028,10.0,1.709653582752803,0
18,trf_6_1139a,2.1289641092640634,15.0,14.193094061760423,0
18,trf_6_1145a,0.6871856406559496,10.0,6.8718564065594965,0
18,trf_16_302a,0.3461630119037431,10.0,3.461630119037431,0
18,trf_16_301a,1.3869609536206282,25.0,5.547843814482514,0
18,trf_6_124a,5.115575048850619,45.0,11.367944553001376,0
18,trf_16_6318a,3.8829040927973724,45.0,8.628675761771937,0
18,trf_16_303a,1.6729479713598883,15.0,11.152986475732588,0
18,trf_6_1256a,0.5391019652820457,10.0,5.391019652820456,0
18,trf_6_2090a,2.2446329431064607,15.0,14.964219620709738,0
18,trf_6_1445a,1.0225195595140835,10.0,10.225195595140836,0
18,trf_6_4766a,0.3706195830164519,112.5,0.32943962934795723,0
18,trf_16_3549a,0.0,0.0,0.0,0
18,trf_11_4675a,0.458282015515951,150.0,0.30552134367730066,0
18,trf_16_4173a,0.6829765228382192,10.0,6.8297652283821915,0
18,trf_6_4662a,0.7316438415413028,300.0,0.2438812805137676,0
18,trf_6_2860a,1.5827605828066982,10.0,15.827605828066982,0
18,trf_6_1178a,1.2408533179235015,15.0,8.272355452823343,0
18,trf_6_4249a,1.5273914262522,25.0,6.1095657050088,0
18,trf_6_2887a,1.1423486515182568,10.0,11.423486515182569,0
18,trf_6_2064a,0.4619501436730582,5.0,9.239002873461164,0
18,trf_6_4161a,0.4241791894436483,10.0,4.241791894436483,0
18,trf_6_1960a,0.9223187128556363,10.0,9.223187128556363,0
18,trf_6_6394a,1.7462584356830861,25.0,6.985033742732345,0
18,trf_6_3613a,0.3786640993131556,10.0,3.786640993131556,0
18,trf_6_738a,0.03502248308142588,5.0,0.7004496616285176,0
18,trf_16_2195a,6.146937767506717,15.0,40.97958511671145,0
18,trf_16_4674a,0.6365559528551913,225.0,0.28291375682452946,0
18,trf_6_2417a,1.1463556637044265,10.0,11.463556637044267,0
18,trf_16_4687a,0.2702035769262349,75.0,0.36027143590164656,0
18,trf_16_2428a,0.6326530629813212,5.0,12.653061259626423,0
18,trf_16_2658a,0.5607093047569689,15.0,3.738062031713126,0
18,trf_6_1177a,5.518432570887728,75.0,7.357910094516971,0
18,trf_6_4661a,0.4518119542831551,150.0,0.30120796952210344,0
18,trf_6_3019a,0.7530592254581165,10.0,7.530592254581165,0
18,trf_6_3013a,1.7369174656084962,5.0,34.73834931216992,0
18,trf_16_3364a,0.9843009790589536,15.0,6.562006527059691,0
18,trf_6_3563a,1.8187511254854725,10.0,18.187511254854723,0
18,trf_16_3328a,0.6465506656336742,10.0,6.465506656336743,0
18,trf_6_3721a,0.0299431037671177,5.0,0.598862075342354,0
18,trf_6_3434a,1.1795145279980233,5.0,23.590290559960465,0
18,trf_6_3010a,0.2572446228934908,10.0,2.572446228934908,0
18,trf_6_3509a,3.108558632706573,5.0,62.17117265413145,0
18,trf_16_6165a,0.0,0.0,0.0,0
18,trf_6_3142a,0.4839941773064435,10.0,4.839941773064435,0
18,trf_16_3908a,0.0,0.0,0.0,0
18,trf_6_3604a,0.15627021649274342,10.0,1.5627021649274342,0
18,trf_6_3012a,0.3770128171410946,10.0,3.7701281714109456,0
18,trf_6_3507a,0.6882701928868024,10.0,6.882701928868023,0
18,trf_34_5142a,0.42315541852881283,10.0,4.231554185288128,0
18,trf_6_3508a,0.04498243232087992,10.0,0.44982432320879917,0
18,trf_6_3634a,1.4787851881395002,10.0,14.787851881395003,0
18,trf_6_3224a,0.3926517115850496,5.0,7.853034231700991,0
18,trf_16_3904a,1.0969394747692487,10.0,10.969394747692487,0
18,trf_11_3987a,1.269520137123633,5.0,25.390402742472663,0
18,trf_16_3997a,1.748022653860084,30.0,5.826742179533613,0
18,trf_6_3817a,0.3393332419306033,5.0,6.786664838612066,0
18,trf_6_3818a,1.2818575550129019,10.0,12.81857555012902,0
18,trf_16_1142a,3.6344229872709017,45.0,8.076495527268671,0
18,trf_34_5260a,1.1130895219941812,10.0,11.130895219941811,0
18,trf_6_5725a,0.7336864145083076,300.0,0.2445621381694359,0
18,trf_6_5472a,1.2751662942972044,15.0,8.50110862864803,0
18,trf_6_4925a,0.3707490886765897,112.5,0.32955474549030195,0
18,trf_6_3256a,5.367428974635208,15.0,35.782859830901394,0
18,trf_6_4998a,0.369026235764768,112.5,0.3280233206797938,0
18,trf_16_5055a,2.623984357712178,10.0,26.239843577121782,0
18,trf_6_724a,1.6590844394421123,30.0,5.530281464807041,0
18,trf_11_4785a,0.6106741475565289,10.0,6.106741475565289,0
18,trf_16_5003a,0.11261035580116134,15.0,0.7507357053410756,0
18,trf_6_5157a,0.7320698395670396,300.0,0.24402327985567987,0
18,trf_6_5085a,3.1331108614312257,30.0,10.443702871437418,0
18,trf_6_5595a,1.2975535317890425,30.0,4.325178439296808,0
18,trf_11_5652a,0.06159849270114261,15.0,0.4106566180076174,0
18,trf_16_5666a,0.23902340517242432,10.0,2.390234051724243,0
18,trf_6_5711a,1.4380040866661112,30.0,4.793346955553704,0
18,trf_6_5712a,3.1758251104004294,30.0,10.586083701334765,0
18,trf_6_5659a,0.7288526434873192,30.0,2.429508811624397,0
18,trf_6_1262a,1.18259438872664,10.0,11.8259438872664,0
18,trf_16_6019a,0.08178705377389725,10.0,0.8178705377389726,0
18,trf_16_6122a,0.04497872544999923,10.0,0.44978725449999224,0
18,trf_6_6158a,7.41997265171881,45.0,16.48882811493069,0
18,trf_6_6197a,10.890961518056363,75.0,14.52128202407515,0
18,trf_6_6153a,8.533357587373665,30.0,28.44452529124555,0
18,trf_6_1504a,1.0978159443180864,30.0,3.659386481060288,0
18,trf_6_6249a,3.605139917683411,30.0,12.017133058944703,0
18,trf_16_6312a,0.9812632084820866,30.0,3.2708773616069555,0
18,trf_6_6386a,0.44940152469909667,150.0,0.29960101646606446,0
18,trf_6_4627a,0.37065046851886424,112.5,0.3294670831278793,0
18,trf_11_6443a,0.4582858667417783,150.0,0.30552391116118555,0
18,trf_12_6577a,0.14259190935549812,30.0,0.4753063645183271,0
18,trf_12_6578a,0.18842733569656892,45.0,0.41872741265904206,0
18,trf_11_6482a,0.18841349304253388,45.0,0.4186966512056308,0
18,trf_6_1647a,0.6653476778711831,10.0,6.653476778711831,0
18,trf_6_6496a,0.3687044433778014,112.5,0.32773728300249017,0
18,trf_6_727a,4.326654207280042,30.0,14.422180690933471,0
19,trf_6_1030a,1.4749504557179596,10.0,14.749504557179597,0
19,trf_6_878a,0.23459806823109275,10.0,2.3459806823109277,0
19,trf_16_1585a,0.3294959521643827,15.0,2.1966396810958844,0
19,trf_16_3545a,0.04508632196931011,10.0,0.45086321969310106,0
19,trf_16_1143a,6.432409972067925,30.0,21.44136657355975,0
19,trf_16_6460a,2.00631096350099,25.0,8.02524385400396,0
19,trf_6_725a,0.050015242795419856,10.0,0.5001524279541986,0
19,trf_6_3820a,2.1136497830527943,15.0,14.090998553685296,0
19,trf_6_3538a,1.4110341081029842,10.0,14.11034108102984,0
19,trf_6_4910a,23.957982832166962,30.0,79.85994277388987,0
19,trf_6_1870a,0.6275302940193984,15.0,4.183535293462656,0
19,trf_6_127a,2.804491566135037,15.0,18.696610440900248,0
19,trf_6_1541a,1.856240524264432,15.0,12.374936828429547,0
19,trf_6_1503a,0.7510806175571872,10.0,7.510806175571872,0
19,trf_6_6272a,0.5604843068552462,15.0,3.7365620457016413,0
19,trf_6_128a,0.985394239914305,15.0,6.569294932762033,0
19,trf_6_1260a,0.04490251469076132,10.0,0.44902514690761325,0
19,trf_6_1350a,1.7986885683859302,45.0,3.997085707524289,0
19,trf_6_808a,1.5173711083040633,15.0,10.115807388693755,0
19,trf_6_1475a,1.3898596323018726,15.0,9.265730882012484,0
19,trf_6_1138a,2.54484505598587,10.0,25.448450559858703,0
19,trf_6_1146a,2.444641113621894,10.0,24.446411136218938,0
19,trf_16_2916a,1.4060847696097285,10.0,14.060847696097284,0
19,trf_16_1140a,0.04513043771422904,10.0,0.4513043771422904,0
19,trf_16_5474a,1.2124578847056393,10.0,12.124578847056394,0
19,trf_16_3548a,1.065185758911879,10.0,10.651857589118789,0
19,trf_16_1141a,1.460795411394238,15.0,9.738636075961587,0
19,trf_6_810a,2.4686318076556657,30.0,8.228772692185553,0
19,trf_16_300a,1.238622063445532,15.0,8.257480422970213,0
19,trf_16_3130a,3.609423039504052,30.0,12.031410131680174,0
19,trf_11_4955a,5.779061560902229,15.0,38.52707707268153,0
19,trf_11_131a,2.4659238343097347,10.0,24.65923834309735,0
19,trf_6_1048a,0.4986728510241246,15.0,3.324485673494164,0
19,trf_6_129a,1.1506981266984377,10.0,11.506981266984377,0
19,trf_34_1018a,0.6811862171440978,5.0,13.623724342881957,0
19,trf_16_5730a,0.9104854423753732,25.0,3.6419417695014933,0
19,trf_16_1144a,1.5554692474088894,15.0,10.369794982725928,0
19,trf_6_6273a,3.69499249807671,30.0,12.3166416602557,0
19,trf_6_1238a,1.5781173263820125,15.0,10.520782175880083,0
19,trf_6_731a,0.4783269228999353,15.0,3.1888461526662355,0
19,trf_6_732a,2.139330127987409,30.0,7.1311004266246965,0
19,trf_16_6082a,1.0373226198943766,15.0,6.915484132629177,0
19,trf_16_537a,0.5579894585942229,5.0,11.159789171884459,0
19,trf_16_3996a,4.5052833824386225,15.0,30.035222549590816,0
19,trf_16_1095a,1.1229060217036626,15.0,7.486040144691084,0
19,trf_6_730a,0.4795903085037347,15.0,3.197268723358231,0
19,trf_34_1649a,0.3669359956433776,5.0,7.3387199128675515,0
19,trf_34_5029a,1.038490456229426,10.0,10.38490456229426,0
19,trf_34_1581a,1.596378291139057,10.0,15.96378291139057,0
19,trf_11_132a,0.9768303616667408,10.0,9.768303616667406,0
19,trf_16_3221a,3.1006687638981285,25.0,12.402675055592516,0
19,trf_16_504a,1.8287429336644698,15.0,12.191619557763131,0
19,trf_6_735a,0.4243168850721938,10.0,4.243168850721938,0
19,trf_6_4489a,6.243227763715098,25.0,24.972911054860393,0
19,trf_6_729a,2.6826803971677466,15.0,17.884535981118308,0
19,trf_16_299a,3.7282723897680974,45.0,8.285049755040216,0
19,trf_16_1301a,1.1611277263376156,10.0,11.611277263376156,0
19,trf_16_2139a,4.276337067003984,25.0,17.105348268015938,0
19,trf_16_6081a,0.4259416683491667,10.0,4.259416683491667,0
19,trf_6_1019a,5.3304911452029256,25.0,21.3219645808117,0
19,trf_11_2597a,1.1731392357967445,10.0,11.731392357967446,0
19,trf_11_130a,0.9493863555209068,15.0,6.3292423701393785,0
19,trf_6_4704a,1.1233250835833055,10.0,11.233250835833056,0
19,trf_6_733a,0.06073758032930687,10.0,0.6073758032930687,0
19,trf_11_305a,2.307667101060002,75.0,3.0768894680800027,0
19,trf_16_539a,0.05072627369433447,10.0,0.5072627369433447,0
19,trf_6_1151a,1.5979564210080304,30.0,5.326521403360101,0
19,trf_6_4764a,0.27107896811220805,75.0,0.36143862414961075,0
19,trf_6_4765a,0.4517661262290768,150.0,0.3011774174860512,0
19,trf_16_538a,1.163949650937822,30.0,3.8798321697927403,0
19,trf_11_133a,0.05148108866901394,10.0,0.5148108866901394,0
19,trf_6_723a,1.528066093689524,15.0,10.187107291263493,0
19,trf_6_722a,0.4149814713467513,15.0,2.7665431423116753,0
19,trf_6_726a,0.080012173640388,15.0,0.53341449093592,0
19,trf_6_737a,1.4353575919772226,15.0,9.569050613181483,0
19,trf_6_728a,2.653543418811406,30.0,8.845144729371354,0
19,trf_6_125a,0.06048512182445957,10.0,0.6048512182445958,0
19,trf_6_3011a,0.5689284101751354,10.0,5.689284101751354,0
19,trf_6_3819a,3.498706079881432,30.0,11.662353599604774,0
19,trf_6_1344a,0.3700730039614784,10.0,3.700730039614784,0
19,trf_6_122a,0.16219517981960127,10.0,1.6219517981960128,0
19,trf_6_1212a,1.2578126077494896,25.0,5.031250430997958,0
19,trf_6_1213a,0.17364352161161634,10.0,1.7364352161161634,0
19,trf_6_1139a,2.736592128846031,15.0,18.243947525640205,0
19,trf_6_1145a,0.5762563754994786,10.0,5.762563754994786,0
19,trf_16_302a,0.2813997257893604,10.0,2.813997257893604,0
19,trf_16_301a,1.1079872862685427,25.0,4.431949145074171,0
19,trf_6_124a,4.493452917393718,45.0,9.985450927541594,0
19,trf_16_6318a,3.08764946602671,45.0,6.861443257837133,0
19,trf_16_303a,1.328702864793826,15.0,8.858019098625507,0
19,trf_6_1256a,0.4332487554169433,10.0,4.332487554169433,0
19,trf_6_2090a,1.7775910968947748,15.0,11.850607312631832,0
19,trf_6_1445a,0.811469248201501,10.0,8.11469248201501,0
19,trf_6_4766a,0.3717544580486791,112.5,0.33044840715438145,0
19,trf_16_3549a,0.0,0.0,0.0,0
19,trf_11_4675a,0.4607181200429475,150.0,0.307145413361965,0
19,trf_16_4173a,0.5443001911338614,10.0,5.443001911338614,0
19,trf_6_4662a,0.7348385959501086,300.0,0.2449461986500362,0
19,trf_6_2860a,1.2515270135551502,10.0,12.515270135551502,0
19,trf_6_1178a,0.9858545695830493,15.0,6.572363797220329,0
19,trf_6_4249a,1.6505334280799335,25.0,6.602133712319734,0
19,trf_6_2887a,0.9055436104224057,10.0,9.055436104224057,0
19,trf_6_2064a,0.36865483250947617,5.0,7.373096650189524,0
19,trf_6_4161a,0.34190433913859125,10.0,3.4190433913859124,0
19,trf_6_1960a,0.7326005735671627,10.0,7.326005735671627,0
19,trf_6_6394a,1.3860818292238226,25.0,5.5443273168952905,0
19,trf_6_3613a,0.30622300977180084,10.0,3.0622300977180084,0
19,trf_6_738a,0.035133983581777654,5.0,0.702679671635553,0
19,trf_16_2195a,4.84080445003316,15.0,32.27202966688773,0
19,trf_16_4674a,0.6399418867817065,225.0,0.2844186163474251,0
19,trf_6_2417a,0.9087054384975543,10.0,9.087054384975541,0
19,trf_16_4687a,0.2704140730909197,75.0,0.3605520974545596,0
19,trf_16_2428a,0.5016975030356611,5.0,10.03395006071322,0
19,trf_16_2658a,0.4571249535636068,15.0,3.0474996904240452,0
19,trf_6_1177a,4.672561093652907,75.0,6.230081458203876,0
19,trf_6_4661a,0.4532603703275492,150.0,0.3021735802183661,0
19,trf_6_3019a,0.6013235305598804,10.0,6.013235305598804,0
19,trf_6_3013a,1.3679567156195873,5.0,27.359134312391745,0
19,trf_16_3364a,0.7894524195440856,15.0,5.263016130293904,0
19,trf_6_3563a,1.4366153452209516,10.0,14.366153452209517,0
19,trf_16_3328a,0.5166733704475991,10.0,5.166733704475991,0
19,trf_6_3721a,0.030053354506398514,5.0,0.6010670901279702,0
19,trf_6_3434a,0.9332500384194515,5.0,18.665000768389028,0
19,trf_6_3010a,0.21084357811823679,10.0,2.1084357811823677,0
19,trf_6_3509a,2.445878463692009,5.0,48.91756927384018,0
19,trf_16_6165a,0.0,0.0,0.0,0
19,trf_6_3142a,0.38890228433920787,10.0,3.889022843392079,0
19,trf_16_3908a,0.0,0.0,0.0,0
19,trf_6_3604a,0.13203923163603112,10.0,1.3203923163603113,0
19,trf_6_3012a,0.30473946357840076,10.0,3.047394635784008,0
19,trf_6_3507a,0.5503093558441279,10.0,5.503093558441279,0
19,trf_34_5142a,0.34184393734787955,10.0,3.4184393734787952,0
19,trf_6_3508a,0.04514375138955387,10.0,0.4514375138955387,0
19,trf_6_3634a,1.169186898510417,10.0,11.69186898510417,0
19,trf_6_3224a,0.3138115842538887,5.0,6.276231685077774,0
19,trf_16_3904a,0.8683235405829703,10.0,8.683235405829702,0
19,trf_11_3987a,1.0035758844369895,5.0,20.071517688739792,0
19,trf_16_3997a,1.4016507879489892,30.0,4.672169293163297,0
19,trf_6_3817a,0.27238370018264596,5.0,5.447674003652919,0
19,trf_6_3818a,1.0147691708047482,10.0,10.147691708047482,0
19,trf_16_1142a,2.8840366915437845,45.0,6.408970425652854,0
19,trf_34_5260a,0.8836424548252884,10.0,8.836424548252882,0
19,trf_6_5725a,0.7363761415629766,300.0,0.24545871385432552,0
19,trf_6_5472a,1.0127722653235658,15.0,6.751815102157106,0
19,trf_6_4925a,0.3718618033928883,112.5,0.3305438252381229,0
19,trf_6_3256a,4.233020358665817,15.0,28.220135724438776,0
19,trf_6_4998a,0.37047688437342324,112.5,0.32931278610970954,0
19,trf_16_5055a,2.064291355243871,10.0,20.64291355243871,0
19,trf_6_724a,1.3304288625119702,30.0,4.4347628750399,0
19,trf_11_4785a,0.4890686326147744,10.0,4.890686326147744,0
19,trf_16_5003a,0.10147196140940341,15.0,0.6764797427293561,0
19,trf_6_5157a,0.7351749089127271,300.0,0.245058302970909,0
19,trf_6_5085a,2.4864739306118313,30.0,8.288246435372772,0
19,trf_6_5595a,1.6466474048597524,30.0,5.488824682865841,0
19,trf_11_5652a,0.061945216550985054,15.0,0.41296811033990033,0
19,trf_16_5666a,0.19644154542122963,10.0,1.9644154542122962,0
19,trf_6_5711a,1.1570083608572317,30.0,3.8566945361907723,0
19,trf_6_5712a,2.866024337931392,30.0,9.553414459771307,0
19,trf_6_5659a,0.6008877953171695,30.0,2.0029593177238985,0
19,trf_6_1262a,0.9382213589403354,10.0,9.382213589403353,0
19,trf_16_6019a,0.07366298487692069,10.0,0.7366298487692069,0
19,trf_16_6122a,0.04499196862874386,10.0,0.44991968628743867,0
19,trf_6_6158a,5.869910824323679,45.0,13.044246276274842,0
19,trf_6_6197a,8.601676730357125,75.0,11.468902307142834,0
19,trf_6_6153a,7.337380689976468,30.0,24.457935633254895,0
19,trf_6_1504a,0.8902199457060982,30.0,2.9673998190203275,0
19,trf_6_6249a,3.928652409414043,30.0,13.095508031380144,0
19,trf_16_6312a,0.7994579367119565,30.0,2.664859789039855,0
19,trf_6_6386a,0.45104249946728514,150.0,0.30069499964485674,0
19,trf_6_4627a,0.3717735726666353,112.5,0.330465397925898,0
19,trf_11_6443a,0.4607134493164506,150.0,0.3071422995443004,0
19,trf_12_6577a,0.14334842197222378,30.0,0.4778280732407459,0
19,trf_12_6578a,0.1894270253525079,45.0,0.42094894522779536,0
19,trf_11_6482a,0.18941310925714383,45.0,0.42091802057143074,0
19,trf_6_1647a,0.5311396452692133,10.0,5.311396452692133,0
19,trf_6_6496a,0.370225655000978,112.5,0.32908947111198045,0
19,trf_6_727a,3.4234246051797874,30.0,11.411415350599292,0
20,trf_6_1030a,1.0416166490550998,10.0,10.416166490550998,0
20,trf_6_878a,0.17748687070853822,10.0,1.7748687070853824,0
20,trf_16_1585a,0.2538937654918979,15.0,1.6926251032793194,0
20,trf_16_3545a,0.04511242018126665,10.0,0.4511242018126665,0
20,trf_16_1143a,4.511517204858568,30.0,15.038390682861893,0
20,trf_16_6460a,1.4172269931664063,25.0,5.668907972665625,0
20,trf_6_725a,0.05024850662010832,10.0,0.5024850662010831,0
20,trf_6_3820a,1.4938290780032994,15.0,9.958860520021997,0
20,trf_6_3538a,0.9991224209723985,10.0,9.991224209723985,0
20,trf_6_4910a,16.787045334511316,30.0,55.95681778170438,0
20,trf_6_1870a,0.45609802205445416,15.0,3.040653480363028,0
20,trf_6_127a,1.9774005896586253,15.0,13.18267059772417,0
20,trf_6_1541a,1.3198538381499638,15.0,8.799025587666426,0
20,trf_6_1503a,0.5361129495482505,10.0,5.361129495482505,0
20,trf_6_6272a,0.40940334367823,15.0,2.729355624521533,0
20,trf_6_128a,0.7064416093278628,15.0,4.709610728852419,0
20,trf_6_1260a,0.045145527523826216,10.0,0.4514552752382621,0
20,trf_6_1350a,1.306013983391262,45.0,2.9022532964250267,0
20,trf_6_808a,1.0796679954153587,15.0,7.197786636102392,0
20,trf_6_1475a,1.1314107862843523,15.0,7.5427385752290155,0
20,trf_6_1138a,1.7841083520664693,10.0,17.841083520664693,0
20,trf_6_1146a,1.7139455311099707,10.0,17.139455311099706,0
20,trf_16_2916a,0.9902066749218208,10.0,9.902066749218209,0
20,trf_16_1140a,0.04518215587036272,10.0,0.45182155870362717,0
20,trf_16_5474a,0.8555731239557177,10.0,8.555731239557177,0
20,trf_16_3548a,0.9690468024097405,10.0,9.690468024097404,0
20,trf_16_1141a,1.0318524525120385,15.0,6.879016350080257,0
20,trf_6_810a,1.7594345409397272,30.0,5.864781803132424,0
20,trf_16_300a,0.8817608133117286,15.0,5.878405422078191,0
20,trf_16_3130a,2.557504035212373,30.0,8.52501345070791,0
20,trf_11_4955a,4.054865813703299,15.0,27.032438758021993,0
20,trf_11_131a,1.7364666699381957,10.0,17.364666699381957,0
20,trf_6_1048a,0.3705753734345442,15.0,2.470502489563628,0
20,trf_6_129a,0.8175959926115086,10.0,8.175959926115087,0
20,trf_34_1018a,0.48443207192289606,5.0,9.688641438457921,0
20,trf_16_5730a,0.6579851046329454,25.0,2.6319404185317814,0
20,trf_16_1144a,1.0987287198429228,15.0,7.324858132286152,0
20,trf_6_6273a,2.613434220066328,30.0,8.711447400221093,0
20,trf_6_1238a,1.1166294825498895,15.0,7.444196550332596,0
20,trf_6_731a,0.35638471652107345,15.0,2.37589811014049,0
20,trf_6_732a,1.5297220385713313,30.0,5.099073461904438,0
20,trf_16_6082a,0.7407381055409329,15.0,4.9382540369395524,0
20,trf_16_537a,0.3990236197424391,5.0,7.980472394848782,0
20,trf_16_3996a,3.157271798244612,15.0,21.04847865496408,0
20,trf_16_1095a,0.800219542353724,15.0,5.334796949024826,0
20,trf_6_730a,0.3973221006172315,15.0,2.6488140041148767,0
20,trf_34_1649a,0.26499466620611173,5.0,5.299893324122235,0
20,trf_34_5029a,0.737939202681266,10.0,7.37939202681266,0
20,trf_34_1581a,1.127180655150255,10.0,11.27180655150255,0
20,trf_11_132a,0.6952807578462791,10.0,6.9528075784627905,0
20,trf_16_3221a,2.183149344203358,25.0,8.732597376813432,0
20,trf_16_504a,1.5571245053128406,15.0,10.380830035418938,0
20,trf_6_735a,0.3099123837492521,10.0,3.099123837492521,0
20,trf_6_4489a,4.373789570894406,25.0,17.495158283577624,0
20,trf_6_729a,1.8913873690574596,15.0,12.60924912704973,0
20,trf_16_299a,2.652231575718669,45.0,5.893847946041487,0
20,trf_16_1301a,0.82382861536289,10.0,8.2382861536289,0
20,trf_16_2139a,3.0064407523203442,25.0,12.025763009281377,0
20,trf_16_6081a,0.31011997924292733,10.0,3.101199792429273,0
20,trf_6_1019a,3.7438509057569593,25.0,14.975403623027837,0
20,trf_11_2597a,0.8318935774501754,10.0,8.318935774501755,0
20,trf_11_130a,0.6862672353754421,15.0,4.575114902502947,0
20,trf_6_4704a,1.174769401892929,10.0,11.747694018929291,0
20,trf_6_733a,0.05611189784375127,10.0,0.5611189784375127,0
20,trf_11_305a,1.6894701962234628,75.0,2.2526269282979503,0
20,trf_16_539a,0.051004156566697975,10.0,0.5100415656669798,0
20,trf_6_1151a,1.1525855963493605,30.0,3.8419519878312016,0
20,trf_6_4764a,0.27208124157763,75.0,0.36277498877017333,0
20,trf_6_4765a,0.4534433694075616,150.0,0.30229557960504105,0
20,trf_16_538a,0.8521775713053217,30.0,2.840591904351072,0
20,trf_11_133a,0.05187685684836803,10.0,0.5187685684836802,0
20,trf_6_723a,1.0871032574841775,15.0,7.247355049894517,0
20,trf_6_722a,0.3124059783249819,15.0,2.082706522166546,0
20,trf_6_726a,0.08038551921756626,15.0,0.5359034614504418,0
20,trf_6_737a,1.0222479087731353,15.0,6.814986058487569,0
20,trf_6_728a,1.8881125805771846,30.0,6.2937086019239485,0
20,trf_6_125a,0.05670774552927479,10.0,0.5670774552927479,0
20,trf_6_3011a,0.4122037737685878,10.0,4.1220377376858774,0
20,trf_6_3819a,2.4842108182041693,30.0,8.280702727347231,0
20,trf_6_1344a,0.27206036930054,10.0,2.7206036930054003,0
20,trf_6_122a,0.12878822464171186,10.0,1.2878822464171187,0
20,trf_6_1212a,0.9016057957174466,25.0,3.6064231828697864,0
20,trf_6_1213a,0.18030414552348745,10.0,1.8030414552348746,0
20,trf_6_1139a,1.921344526308764,15.0,12.808963508725094,0
20,trf_6_1145a,0.45745431247739704,10.0,4.57454312477397,0
20,trf_16_302a,0.20979265187265347,10.0,2.097926518726535,0
20,trf_16_301a,0.799191786161973,25.0,3.196767144647892,0
20,trf_6_124a,3.191813316073048,45.0,7.092918480162329,0
20,trf_16_6318a,2.2076218245304613,45.0,4.905826276734358,0
20,trf_16_303a,0.9474251831974212,15.0,6.316167887982808,0
20,trf_6_1256a,0.3161918300479428,10.0,3.1619183004794285,0
20,trf_6_2090a,1.2608588096616986,15.0,8.405725397744657,0
20,trf_6_1445a,0.5779484647388238,10.0,5.779484647388238,0
20,trf_6_4766a,0.3730804954168654,112.5,0.33162710703721365,0
20,trf_16_3549a,0.0,0.0,0.0,0
20,trf_11_4675a,0.4639148646253333,150.0,0.3092765764168889,0
20,trf_16_4173a,0.3913985840668519,10.0,3.913985840668519,0
20,trf_6_4662a,0.7383190256479064,300.0,0.24610634188263547,0
20,trf_6_2860a,0.8848812596401714,10.0,8.848812596401714,0
20,trf_6_1178a,0.7039781288566227,15.0,4.693187525710818,0
20,trf_6_4249a,1.1768412637713634,25.0,4.707365055085454,0
20,trf_6_2887a,0.6437271469799191,10.0,6.437271469799191,0
20,trf_6_2064a,0.2655093897830753,5.0,5.3101877956615064,0
20,trf_6_4161a,0.25108586772029884,10.0,2.5108586772029886,0
20,trf_6_1960a,0.5229712351291389,10.0,5.229712351291389,0
20,trf_6_6394a,0.9880407365895553,25.0,3.952162946358221,0
20,trf_6_3613a,0.22627645200385507,10.0,2.2627645200385507,0
20,trf_6_738a,0.0352671499832164,5.0,0.705342999664328,0
20,trf_16_2195a,3.3939345238087126,15.0,22.626230158724752,0
20,trf_16_4674a,0.6443719108427911,225.0,0.28638751593012934,0
20,trf_6_2417a,0.6458322257938907,10.0,6.458322257938906,0
20,trf_16_4687a,0.2706564169568661,75.0,0.3608752226091548,0
20,trf_16_2428a,0.3573385203913613,5.0,7.146770407827226,0
20,trf_16_2658a,0.3427425381222924,15.0,2.284950254148616,0
20,trf_6_1177a,3.644050173845731,75.0,4.8587335651276415,0
20,trf_6_4661a,0.45500902834453516,150.0,0.3033393522296901,0
20,trf_6_3019a,0.43319540055703715,10.0,4.331954005570371,0
20,trf_6_3013a,0.960494434886137,5.0,19.20988869772274,0
20,trf_16_3364a,0.5740379958900302,15.0,3.8269199726002014,0
20,trf_6_3563a,1.0138830098814484,10.0,10.138830098814484,0
20,trf_16_3328a,0.37307681387203506,10.0,3.730768138720351,0
20,trf_6_3721a,0.03018081838063501,5.0,0.6036163676127002,0
20,trf_6_3434a,0.6602313750914692,5.0,13.204627501829384,0
20,trf_6_3010a,0.1597865165740429,10.0,1.5978651657404292,0
20,trf_6_3509a,1.7126449043239196,5.0,34.252898086478396,0
20,trf_16_6165a,0.0,0.0,0.0,0
20,trf_6_3142a,0.2838160649296519,10.0,2.838160649296519,0
20,trf_16_3908a,0.0,0.0,0.0,0
20,trf_6_3604a,0.10536594881478437,10.0,1.0536594881478436,0
20,trf_6_3012a,0.2250719608607079,10.0,2.250719608607079,0
20,trf_6_3507a,0.3975009985491182,10.0,3.9750099854911816,0
20,trf_34_5142a,0.2520408286012145,10.0,2.5204082860121453,0
20,trf_6_3508a,0.0453190559214284,10.0,0.4531905592142841,0
20,trf_6_3634a,0.8270150441042444,10.0,8.270150441042444,0
20,trf_6_3224a,0.22688690724697302,5.0,4.5377381449394605,0
20,trf_16_3904a,0.6163556134883581,10.0,6.163556134883581,0
20,trf_11_3987a,0.7088938184639909,5.0,14.177876369279819,0
20,trf_16_3997a,1.0186076151682208,30.0,3.3953587172274027,0
20,trf_6_3817a,0.19842785765124477,5.0,3.968557153024895,0
20,trf_6_3818a,0.7194385247019939,10.0,7.194385247019939,0
20,trf_16_1142a,2.0571339605131667,45.0,4.57140880114037,0
20,trf_34_5260a,0.6298453497279065,10.0,6.2984534972790645,0
20,trf_6_5725a,0.739495892205496,300.0,0.24649863073516537,0
20,trf_6_5472a,0.7225972367919077,15.0,4.817314911946052,0
20,trf_6_4925a,0.3731649288285321,112.5,0.3317021589586952,0
20,trf_6_3256a,2.975312246145172,15.0,19.83541497430115,0
20,trf_6_4998a,0.37211349027329843,112.5,0.33076754690959864,0
20,trf_16_5055a,1.4472574335536408,10.0,14.472574335536407,0
20,trf_6_724a,0.9669148560647582,30.0,3.2230495202158607,0
20,trf_11_4785a,0.35447123413335774,10.0,3.5447123413335775,0
20,trf_16_5003a,0.08927145618036643,15.0,0.5951430412024429,0
20,trf_6_5157a,0.7386040084000943,300.0,0.24620133613336478,0
20,trf_6_5085a,1.7714964620364215,30.0,5.904988206788072,0
20,trf_6_5595a,1.1914553738978169,30.0,3.9715179129927227,0
20,trf_11_5652a,0.062375022747600574,15.0,0.41583348498400385,0
20,trf_16_5666a,0.14963874788533893,10.0,1.4963874788533893,0
20,trf_6_5711a,0.8462561217249762,30.0,2.820853739083254,0
20,trf_6_5712a,2.036047592917928,30.0,6.786825309726426,0
20,trf_6_5659a,0.45968322356778063,30.0,1.532277411892602,0
20,trf_6_1262a,0.6678083592223786,10.0,6.678083592223786,0
20,trf_16_6019a,0.06478581830965228,10.0,0.6478581830965229,0
20,trf_16_6122a,0.045010579398140585,10.0,0.4501057939814059,0
20,trf_6_6158a,4.152579590840965,45.0,9.227954646313254,0
20,trf_6_6197a,6.067726471166916,75.0,8.090301961555888,0
20,trf_6_6153a,5.941385160920297,30.0,19.804617203067657,0
20,trf_6_1504a,0.6609969418553067,30.0,2.2033231395176887,0
20,trf_6_6249a,2.777040510641525,30.0,9.256801702138416,0
20,trf_16_6312a,0.5987382986181431,30.0,1.9957943287271436,0
20,trf_6_6386a,0.45291668997882606,150.0,0.30194445998588404,0
20,trf_6_4627a,0.3730955135287079,112.5,0.3316404564699626,0
20,trf_11_6443a,0.4639114338330098,150.0,0.3092742892220065,0
20,trf_12_6577a,0.144342417234012,30.0,0.48114139078004003,0
20,trf_12_6578a,0.19074053521254336,45.0,0.42386785602787413,0
20,trf_11_6482a,0.19072652262129644,45.0,0.42383671693621433,0
20,trf_6_1647a,0.3828086866451555,10.0,3.8280868664515553,0
20,trf_6_6496a,0.3719177976439255,112.5,0.3305935979057116,0
20,trf_6_727a,2.424068131178787,30.0,8.08022710392929,0
21,trf_6_1030a,0.7680193765226754,10.0,7.680193765226754,0
21,trf_6_878a,0.14142017149745326,10.0,1.4142017149745327,0
21,trf_16_1585a,0.20624917995816625,15.0,1.3749945330544415,0
21,trf_16_3545a,0.04512538427334186,10.0,0.4512538427334186,0
21,trf_16_1143a,3.3032652812158037,30.0,11.010884270719345,0
21,trf_16_6460a,1.046859139901919,25.0,4.187436559607676,0
21,trf_6_725a,0.05036832332703865,10.0,0.5036832332703864,0
21,trf_6_3820a,1.1008968566036668,15.0,7.339312377357779,0
21,trf_6_3538a,0.7378033798229386,10.0,7.378033798229386,0
21,trf_6_4910a,12.23461114992352,30.0,40.78203716641173,0
21,trf_6_1870a,0.34761720751677433,15.0,2.3174480501118286,0
21,trf_6_127a,1.4524819649293297,15.0,9.683213099528865,0
21,trf_6_1541a,0.9799543538741556,15.0,6.533029025827704,0
21,trf_6_1503a,0.4004426802669098,10.0,4.004426802669098,0
21,trf_6_6272a,0.31370631041174885,15.0,2.0913754027449922,0
21,trf_6_128a,0.5294274853618027,15.0,3.529516569078685,0
21,trf_6_1260a,0.04527412908433219,10.0,0.45274129084332193,0
21,trf_6_1350a,0.9952601988429197,45.0,2.2116893307620438,0
21,trf_6_808a,0.8033982299196248,15.0,5.355988199464165,0
21,trf_6_1475a,1.0154503417089003,15.0,6.769668944726002,0
21,trf_6_1138a,1.304511485616318,10.0,13.045114856163181,0
21,trf_6_1146a,1.253499957721638,10.0,12.534999577216379,0
21,trf_16_2916a,0.7286527890699406,10.0,7.286527890699406,0
21,trf_16_1140a,0.045208450434284904,10.0,0.4520845043428491,0
21,trf_16_5474a,0.6311500841755606,10.0,6.311500841755606,0
21,trf_16_3548a,0.9785811892127764,10.0,9.785811892127764,0
21,trf_16_1141a,0.7624133179359702,15.0,5.0827554529064685,0
21,trf_6_810a,1.3117909212265675,30.0,4.372636404088558,0
21,trf_16_300a,0.6558293860962937,15.0,4.372195907308624,0
21,trf_16_3130a,1.8922793044056616,30.0,6.307597681352205,0
21,trf_11_4955a,2.9609101990725395,15.0,19.739401327150265,0
21,trf_11_131a,1.27406557650574,10.0,12.7406557650574,0
21,trf_6_1048a,0.28985162097788014,15.0,1.9323441398525343,0
21,trf_6_129a,0.6061150574829686,10.0,6.061150574829686,0
21,trf_34_1018a,0.35976903486718576,5.0,7.195380697343715,0
21,trf_16_5730a,0.4985658471327024,25.0,1.9942633885308099,0
21,trf_16_1144a,0.8113053905120152,15.0,5.408702603413435,0
21,trf_6_6273a,1.9306670695956794,30.0,6.435556898652265,0
21,trf_6_1238a,0.8251358028206534,15.0,5.500905352137689,0
21,trf_6_731a,0.27958264131492316,15.0,1.863884275432821,0
21,trf_6_732a,1.1451788597036405,30.0,3.8172628656788015,0
21,trf_16_6082a,0.5532112946640488,15.0,3.6880752977603257,0
21,trf_16_537a,0.29861387004990797,5.0,5.972277400998159,0
21,trf_16_3996a,2.305419056540246,15.0,15.369460376934972,0
21,trf_16_1095a,0.5962966283118865,15.0,3.9753108554125762,0
21,trf_6_730a,0.3583691361542925,15.0,2.3891275743619502,0
21,trf_34_1649a,0.2004829857080064,5.0,4.009659714160128,0
21,trf_34_5029a,0.5476645293775458,10.0,5.476645293775459,0
21,trf_34_1581a,0.8300975150077977,10.0,8.300975150077978,0
21,trf_11_132a,0.5168263590987051,10.0,5.168263590987051,0
21,trf_16_3221a,1.6037752799718488,25.0,6.415101119887395,0
21,trf_16_504a,1.4297521780735072,15.0,9.531681187156716,0
21,trf_6_735a,0.2377979391495987,10.0,2.377979391495987,0
21,trf_6_4489a,3.1924390598575627,25.0,12.76975623943025,0
21,trf_6_729a,1.3917911475845899,15.0,9.278607650563933,0
21,trf_16_299a,1.9723506160274225,45.0,4.383001368949827,0
21,trf_16_1301a,0.6106700950737971,10.0,6.106700950737971,0
21,trf_16_2139a,2.2026582117930973,25.0,8.81063284717239,0
21,trf_16_6081a,0.23696061514795883,10.0,2.369606151479588,0
21,trf_6_1019a,2.7387863455730903,25.0,10.955145382292363,0
21,trf_11_2597a,0.6158317928073408,10.0,6.158317928073408,0
21,trf_11_130a,0.5197404476743224,15.0,3.464936317828816,0
21,trf_6_4704a,1.3297361213568966,10.0,13.297361213568966,0
21,trf_6_733a,0.05319405649216571,10.0,0.5319405649216571,0
21,trf_11_305a,1.2987341163326211,75.0,1.7316454884434949,0
21,trf_16_539a,0.05115617465357614,10.0,0.5115617465357614,0
21,trf_6_1151a,0.8719253627095984,30.0,2.906417875698661,0
21,trf_6_4764a,0.27259517357478114,75.0,0.3634602314330415,0
21,trf_6_4765a,0.45430266185003665,150.0,0.30286844123335777,0
21,trf_16_538a,0.6554195332755646,30.0,2.184731777585215,0
21,trf_11_133a,0.05209812989924861,10.0,0.5209812989924861,0
21,trf_6_723a,0.8087676281396783,15.0,5.391784187597855,0
21,trf_6_722a,0.24780347376534972,15.0,1.6520231584356648,0
21,trf_6_726a,0.0805767912037065,15.0,0.5371786080247101,0
21,trf_6_737a,0.761692467431561,15.0,5.077949782877074,0
21,trf_6_728a,1.40497130845725,30.0,4.6832376948575,0
21,trf_6_125a,0.05431308185566352,10.0,0.5431308185566353,0
21,trf_6_3011a,0.31295152480640126,10.0,3.1295152480640125,0
21,trf_6_3819a,1.8413801931059008,30.0,6.13793397701967,0
21,trf_6_1344a,0.20997232741900204,10.0,2.0997232741900205,0
21,trf_6_122a,0.10772428556767658,10.0,1.0772428556767657,0
21,trf_6_1212a,0.6761287811163081,25.0,2.704515124465233,0
21,trf_6_1213a,0.19915971412914862,10.0,1.9915971412914864,0
21,trf_6_1139a,1.4076570657747107,15.0,9.384380438498072,0
21,trf_6_1145a,0.39692163107309636,10.0,3.969216310730964,0
21,trf_16_302a,0.16451984788522217,10.0,1.6451984788522218,0
21,trf_16_301a,0.603921273547181,25.0,2.415685094188724,0
21,trf_6_124a,2.3670869398036034,45.0,5.260193199563563,0
21,trf_16_6318a,1.6509976466147003,45.0,3.6688836591437783,0
21,trf_16_303a,0.7061232987586239,15.0,4.707488658390826,0
21,trf_6_1256a,0.24236568172763015,10.0,2.4236568172763016,0
21,trf_6_2090a,0.9346934614888144,15.0,6.231289743258762,0
21,trf_6_1445a,0.4305976024421635,10.0,4.305976024421635,0
21,trf_6_4766a,0.37376564502133985,112.5,0.3322361289078577,0
21,trf_16_3549a,0.0,0.0,0.0,0
21,trf_11_4675a,0.4656658310188767,150.0,0.3104438873459178,0
21,trf_16_4173a,0.29522520185199946,10.0,2.952252018519995,0
21,trf_6_4662a,0.7400929639917885,300.0,0.2466976546639295,0
21,trf_6_2860a,0.653245454843612,10.0,6.532454548436119,0
21,trf_6_1178a,0.5260767209051642,15.0,3.5071781393677615,0
21,trf_6_4249a,0.8764135564023625,25.0,3.50565422560945,0
21,trf_6_2887a,0.47845319199736386,10.0,4.784531919973639,0
21,trf_6_2064a,0.2004051998646526,5.0,4.008103997293052,0
21,trf_6_4161a,0.19388265057878967,10.0,1.9388265057878968,0
21,trf_6_1960a,0.3907728680133795,10.0,3.9077286801337947,0
21,trf_6_6394a,0.7369849504586264,25.0,2.9479398018345058,0
21,trf_6_3613a,0.17593504999524626,10.0,1.7593504999524625,0
21,trf_6_738a,0.03533690646816916,5.0,0.7067381293633831,0
21,trf_16_2195a,2.4783506018489625,15.0,16.52233734565975,0
21,trf_16_4674a,0.6467996427612674,225.0,0.2874665078938966,0
21,trf_6_2417a,0.47987449224673273,10.0,4.798744922467327,0
21,trf_16_4687a,0.2707823622489653,75.0,0.36104314966528706,0
21,trf_16_2428a,0.26655907295914083,5.0,5.331181459182817,0
21,trf_16_2658a,0.27054114048601235,15.0,1.8036076032400823,0
21,trf_6_1177a,2.9952709575248306,75.0,3.993694610033108,0
21,trf_6_4661a,0.45593697284160595,150.0,0.303957981894404,0
21,trf_6_3019a,0.3267596900129431,10.0,3.2675969001294307,0
21,trf_6_3013a,0.7037219600526017,5.0,14.074439201052034,0
21,trf_16_3364a,0.43792660107591147,15.0,2.91951067383941,0
21,trf_6_3563a,0.7468872443149817,10.0,7.4688724431498175,0
21,trf_16_3328a,0.2824637719437474,10.0,2.8246377194374737,0
21,trf_6_3721a,0.03024558484751156,5.0,0.6049116969502312,0
21,trf_6_3434a,0.48730968359111854,5.0,9.746193671822372,0
21,trf_6_3010a,0.12775960376784387,10.0,1.2775960376784385,0
21,trf_6_3509a,1.2496078715268246,5.0,24.99215743053649,0
21,trf_16_6165a,0.0,0.0,0.0,0
21,trf_6_3142a,0.21756203201787533,10.0,2.175620320178753,0
21,trf_16_3908a,0.0,0.0,0.0,0
21,trf_6_3604a,0.08861853962752227,10.0,0.8861853962752226,0
21,trf_6_3012a,0.17498156585441252,10.0,1.7498156585441251,0
21,trf_6_3507a,0.300800579371485,10.0,3.00800579371485,0
21,trf_34_5142a,0.1952818225860597,10.0,1.952818225860597,0
21,trf_6_3508a,0.045407694598658205,10.0,0.454076945986582,0
21,trf_6_3634a,0.6111424283633412,10.0,6.111424283633412,0
21,trf_6_3224a,0.17220848315744255,5.0,3.444169663148851,0
21,trf_16_3904a,0.45794704837239575,10.0,4.5794704837239575,0
21,trf_11_3987a,0.5223824659908165,5.0,10.44764931981633,0
21,trf_16_3997a,0.7765247739693949,30.0,2.5884159132313163,0
21,trf_6_3817a,0.15178858635647166,5.0,3.0357717271294336,0
21,trf_6_3818a,0.5330956094692404,10.0,5.330956094692404,0
21,trf_16_1142a,1.5374564317518573,45.0,3.4165698483374607,0
21,trf_34_5260a,0.46921141304207625,10.0,4.692114130420762,0
21,trf_6_5725a,0.7410925825968279,300.0,0.2470308608656093,0
21,trf_6_5472a,0.5394381119713781,15.0,3.5962540798091873,0
21,trf_6_4925a,0.3738395550573055,112.5,0.3323018267176049,0
21,trf_6_3256a,2.1773936260028575,15.0,14.515957506685716,0
21,trf_6_4998a,0.37295393185040226,112.5,0.33151460608924643,0
21,trf_16_5055a,1.0594263983152616,10.0,10.594263983152617,0
21,trf_6_724a,0.7376355457331604,30.0,2.458785152443868,0
21,trf_11_4785a,0.2693729068135571,10.0,2.693729068135571,0
21,trf_16_5003a,0.08161584262887692,15.0,0.5441056175258461,0
21,trf_6_5157a,0.7403605825310605,300.0,0.24678686084368684,0
21,trf_6_5085a,1.3204278862548822,30.0,4.401426287516274,0
21,trf_6_5595a,0.9033340831492249,30.0,3.0111136104974165,0
21,trf_11_5652a,0.06261264108256395,15.0,0.41741760721709303,0
21,trf_16_5666a,0.12032990417980129,10.0,1.203299041798013,0
21,trf_6_5711a,0.6502989487216314,30.0,2.167663162405438,0
21,trf_6_5712a,1.5121585379157838,30.0,5.04052845971928,0
21,trf_6_5659a,0.370821429561365,30.0,1.2360714318712167,0
21,trf_6_1262a,0.49709663159197803,10.0,4.97096631591978,0
21,trf_16_6019a,0.05925647352492328,10.0,0.5925647352492328,0
21,trf_16_6122a,0.04502096129042501,10.0,0.4502096129042501,0
21,trf_6_6158a,3.0644935868241725,45.0,6.809985748498161,0
21,trf_6_6197a,4.468029059007978,75.0,5.957372078677304,0
21,trf_6_6153a,5.193353247347168,30.0,17.311177491157228,0
21,trf_6_1504a,0.5165988039421128,30.0,1.721996013140376,0
21,trf_6_6249a,2.0499855669942364,30.0,6.833285223314121,0
21,trf_16_6312a,0.4721602293342335,30.0,1.5738674311141119,0
21,trf_6_6386a,0.4538795558928312,150.0,0.30258637059522075,0
21,trf_6_4627a,0.37377880046751166,112.5,0.3322478226377881,0
21,trf_11_6443a,0.46566290201427607,150.0,0.31044193467618403,0
21,trf_12_6577a,0.1448869522080687,30.0,0.48295650736022894,0
21,trf_12_6578a,0.1914601081168365,45.0,0.4254669069263033,0
21,trf_11_6482a,0.19144604266267692,45.0,0.42543565036150427,0
21,trf_6_1647a,0.28925468125755455,10.0,2.8925468125755454,0
21,trf_6_6496a,0.3727845732708987,112.5,0.3313640651296877,0
21,trf_6_727a,1.793325646927099,30.0,5.977752156423663,0
22,trf_6_1030a,0.6922521835612412,10.0,6.922521835612412,0
22,trf_6_878a,0.13141547795224742,10.0,1.3141547795224742,0
22,trf_16_1585a,0.19304191176022586,15.0,1.2869460784015059,0
22,trf_16_3545a,0.04512400325926062,10.0,0.45124003259260625,0
22,trf_16_1143a,2.9701299655660236,30.0,9.900433218553413,0
22,trf_16_6460a,0.9447665562809263,25.0,3.7790662251237053,0
22,trf_6_725a,0.050364642389680664,10.0,0.5036464238968066,0
22,trf_6_3820a,0.9918481531659115,15.0,6.612321021106076,0
22,trf_6_3538a,0.6652616528483165,10.0,6.652616528483165,0
22,trf_6_4910a,10.97058413347249,30.0,36.56861377824164,0
22,trf_6_1870a,0.31752306892391086,15.0,2.116820459492739,0
22,trf_6_127a,1.3067490955704288,15.0,8.711660637136193,0
22,trf_6_1541a,0.8856359233595389,15.0,5.904239489063593,0
22,trf_6_1503a,0.362908020975377,10.0,3.62908020975377,0
22,trf_6_6272a,0.2871476236388128,15.0,1.9143174909254188,0
22,trf_6_128a,0.48027251141962907,15.0,3.201816742797527,0
22,trf_6_1260a,0.04527741878033445,10.0,0.4527741878033445,0
22,trf_6_1350a,0.9092002594983586,45.0,2.0204450211074634,0
22,trf_6_808a,0.7268892180998187,15.0,4.845928120665458,0
22,trf_6_1475a,0.9591276134465372,15.0,6.3941840896435815,0
22,trf_6_1138a,1.1719493751545653,10.0,11.719493751545652,0
22,trf_6_1146a,1.1263000992196177,10.0,11.263000992196178,0
22,trf_16_2916a,0.6565192553361007,10.0,6.5651925533610065,0
22,trf_16_1140a,0.04520683728050234,10.0,0.45206837280502343,0
22,trf_16_5474a,0.5692629236984733,10.0,5.692629236984733,0
22,trf_16_3548a,0.9456616402810164,10.0,9.456616402810164,0
22,trf_16_1141a,0.6882054671766022,15.0,4.588036447844015,0
22,trf_6_810a,1.187817116119514,30.0,3.9593903870650466,0
22,trf_16_300a,0.5931848086293268,15.0,3.9545653908621783,0
22,trf_16_3130a,1.707939374176545,30.0,5.69313124725515,0
22,trf_11_4955a,2.657275471481868,15.0,17.71516980987912,0
22,trf_11_131a,1.1457611476844491,10.0,11.457611476844491,0
22,trf_6_1048a,0.26749114246571765,15.0,1.7832742831047843,0
22,trf_6_129a,0.5473838686349316,10.0,5.473838686349316,0
22,trf_34_1018a,0.3251773329901877,5.0,6.503546659803755,0
22,trf_16_5730a,0.4544062366799398,25.0,1.8176249467197594,0
22,trf_16_1144a,0.7319951030702976,15.0,4.879967353801984,0
22,trf_6_6273a,1.741590370623216,30.0,5.80530123541072,0
22,trf_6_1238a,0.7444078856567753,15.0,4.962719237711836,0
22,trf_6_731a,0.25832255015353667,15.0,1.7221503343569111,0
22,trf_6_732a,1.038726218958009,30.0,3.46242072986003,0
22,trf_16_6082a,0.5012601961574072,15.0,3.341734641049382,0
22,trf_16_537a,0.27081055312229274,5.0,5.416211062445855,0
22,trf_16_3996a,2.069547219071568,15.0,13.79698146047712,0
22,trf_16_1095a,0.5398013755570268,15.0,3.5986758370468452,0
22,trf_6_730a,0.34088662179156626,15.0,2.272577478610442,0
22,trf_34_1649a,0.1825880915714199,5.0,3.6517618314283977,0
22,trf_34_5029a,0.4948886332473573,10.0,4.948886332473573,0
22,trf_34_1581a,0.7477009829700108,10.0,7.477009829700107,0
22,trf_11_132a,0.4673058191375913,10.0,4.6730581913759135,0
22,trf_16_3221a,1.4434031063675232,25.0,5.773612425470093,0
22,trf_16_504a,1.3390984462891047,15.0,8.927322975260697,0
22,trf_6_735a,0.21783691847002642,10.0,2.1783691847002644,0
22,trf_6_4489a,2.8653104738532877,25.0,11.46124189541315,0
22,trf_6_729a,1.253450740261271,15.0,8.356338268408473,0
22,trf_16_299a,1.7840468789125825,45.0,3.964548619805739,0
22,trf_16_1301a,0.5516321347767261,10.0,5.516321347767262,0
22,trf_16_2139a,1.9799178579222911,25.0,7.9196714316891645,0
22,trf_16_6081a,0.2166984286263965,10.0,2.1669842862639648,0
22,trf_6_1019a,2.46000185628453,25.0,9.84000742513812,0
22,trf_11_2597a,0.5559024781133404,10.0,5.559024781133404,0
22,trf_11_130a,0.4735474701594479,15.0,3.1569831343963197,0
22,trf_6_4704a,1.3095751117577321,10.0,13.095751117577322,0
22,trf_6_733a,0.05236087869789714,10.0,0.5236087869789714,0
22,trf_11_305a,1.1903651781656495,75.0,1.5871535708875326,0
22,trf_16_539a,0.05116735018276955,10.0,0.5116735018276956,0
22,trf_6_1151a,0.7943012009697022,30.0,2.6476706698990076,0
22,trf_6_4764a,0.27257608119073856,75.0,0.36343477492098475,0
22,trf_6_4765a,0.45426940596180315,150.0,0.3028462706412021,0
22,trf_16_538a,0.600948709252514,30.0,2.0031623641750467,0
22,trf_11_133a,0.052121168182705804,10.0,0.521211681827058,0
22,trf_6_723a,0.731674397545887,15.0,4.87782931697258,0
22,trf_6_722a,0.22990693627198883,15.0,1.5327129084799256,0
22,trf_6_726a,0.08056924156951231,15.0,0.537128277130082,0
22,trf_6_737a,0.6895999651504032,15.0,4.597333101002688,0
22,trf_6_728a,1.2711518888579194,30.0,4.237172962859732,0
22,trf_6_125a,0.05361769933477387,10.0,0.5361769933477387,0
22,trf_6_3011a,0.2854103758361852,10.0,2.8541037583618523,0
22,trf_6_3819a,1.6630141941676573,30.0,5.543380647225524,0
22,trf_6_1344a,0.1927383928203538,10.0,1.9273839282035379,0
22,trf_6_122a,0.10187354805284339,10.0,1.0187354805284339,0
22,trf_6_1212a,0.613583707730258,25.0,2.454334830921032,0
22,trf_6_1213a,0.19679827440930778,10.0,1.967982744093078,0
22,trf_6_1139a,1.2657655833528163,15.0,8.438437222352109,0
22,trf_6_1145a,0.3729597578401324,10.0,3.729597578401324,0
22,trf_16_302a,0.15196255525030117,10.0,1.5196255525030116,0
22,trf_16_301a,0.5497881702694448,25.0,2.1991526810777793,0
22,trf_6_124a,2.138255847346741,45.0,4.7516796607705345,0
22,trf_16_6318a,1.4966686383937462,45.0,3.3259303075416584,0
22,trf_16_303a,0.6392046953505433,15.0,4.261364635670288,0
22,trf_6_1256a,0.22191993513783834,10.0,2.2191993513783834,0
22,trf_6_2090a,0.8443697643561096,15.0,5.6291317623740635,0
22,trf_6_1445a,0.38979476603197455,10.0,3.8979476603197454,0
22,trf_6_4766a,0.37374955683840977,112.5,0.3322218283008087,0
22,trf_16_3549a,0.0,0.0,0.0,0
22,trf_11_4675a,0.46578819108660624,150.0,0.3105254607244042,0
22,trf_16_4173a,0.2686973176517685,10.0,2.686973176517685,0
22,trf_6_4662a,0.7400066651690621,300.0,0.24666888838968737,0
22,trf_6_2860a,0.5890807011370431,10.0,5.890807011370431,0
22,trf_6_1178a,0.4768575350830311,15.0,3.179050233886874,0
22,trf_6_4249a,0.793016581978574,25.0,3.172066327914296,0
22,trf_6_2887a,0.43272507985701986,10.0,4.327250798570199,0
22,trf_6_2064a,0.18239115452608917,5.0,3.6478230905217837,0
22,trf_6_4161a,0.17807059893027638,10.0,1.780705989302764,0
22,trf_6_1960a,0.35421629444615926,10.0,3.5421629444615923,0
22,trf_6_6394a,0.6675563764829623,25.0,2.670225505931849,0
22,trf_6_3613a,0.16202091359140042,10.0,1.620209135914004,0
22,trf_6_738a,0.03533710839273821,5.0,0.7067421678547642,0
22,trf_16_2195a,2.224686487979471,15.0,14.831243253196474,0
22,trf_16_4674a,0.6469714165910391,225.0,0.2875428518182396,0
22,trf_6_2417a,0.4339267568851399,10.0,4.339267568851399,0
22,trf_16_4687a,0.270780944787161,75.0,0.3610412597162147,0
22,trf_16_2428a,0.24152073585537423,5.0,4.830414717107485,0
22,trf_16_2658a,0.25052293894439204,15.0,1.670152926295947,0
22,trf_6_1177a,2.815499413175151,75.0,3.753999217566868,0
22,trf_6_4661a,0.4559579338046622,150.0,0.30397195586977477,0
22,trf_6_3019a,0.2972312298879069,10.0,2.9723122988790687,0
22,trf_6_3013a,0.6327848083447779,5.0,12.655696166895558,0
22,trf_16_3364a,0.4002017358414181,15.0,2.6680115722761206,0
22,trf_6_3563a,0.6730009999702433,10.0,6.730009999702434,0
22,trf_16_3328a,0.2573799193203749,10.0,2.573799193203749,0
22,trf_6_3721a,0.030241510935031603,5.0,0.604830218700632,0
22,trf_6_3434a,0.4393401861629805,5.0,8.78680372325961,0
22,trf_6_3010a,0.11893514716938221,10.0,1.189351471693822,0
22,trf_6_3509a,1.1215038740257561,5.0,22.430077480515124,0
22,trf_16_6165a,0.0,0.0,0.0,0
22,trf_6_3142a,0.1992148065952422,10.0,1.992148065952422,0
22,trf_16_3908a,0.0,0.0,0.0,0
22,trf_6_3604a,0.08397396875061312,10.0,0.8397396875061313,0
22,trf_6_3012a,0.16115673210783865,10.0,1.6115673210783865,0
22,trf_6_3507a,0.2739769396870397,10.0,2.739769396870397,0
22,trf_34_5142a,0.17954107462904587,10.0,1.7954107462904587,0
22,trf_6_3508a,0.045401909887293826,10.0,0.4540190988729383,0
22,trf_6_3634a,0.5514424651000388,10.0,5.514424651000388,0
22,trf_6_3224a,0.1571161810705415,5.0,3.1423236214108305,0
22,trf_16_3904a,0.41427010452757346,10.0,4.142701045275734,0
22,trf_11_3987a,0.47066284893041377,5.0,9.413256978608276,0
22,trf_16_3997a,0.7094335139697914,30.0,2.3647783798993047,0
22,trf_6_3817a,0.1388881327413561,5.0,2.7777626548271224,0
22,trf_6_3818a,0.48149980268804143,10.0,4.8149980268804145,0
22,trf_16_1142a,1.3942241305243628,45.0,3.098275845609695,0
22,trf_34_5260a,0.42466000394352593,10.0,4.246600039435259,0
22,trf_6_5725a,0.7410279903078284,300.0,0.24700933010260945,0
22,trf_6_5472a,0.4887303871549829,15.0,3.258202581033219,0
22,trf_6_4925a,0.37382605951349823,112.5,0.3322898306786651,0
22,trf_6_3256a,1.9558958849815251,15.0,13.039305899876835,0
22,trf_6_4998a,0.3729248844871526,112.5,0.3314887862108023,0
22,trf_16_5055a,0.9525735996378739,10.0,9.525735996378739,0
22,trf_6_724a,0.6741286588974266,30.0,2.247095529658089,0
22,trf_11_4785a,0.2457767065634177,10.0,2.457767065634177,0
22,trf_16_5003a,0.07947339490852506,15.0,0.5298226327235004,0
22,trf_6_5157a,0.740290879026192,300.0,0.24676362634206397,0
22,trf_6_5085a,1.1955923609025922,30.0,3.9853078696753075,0
22,trf_6_5595a,0.8234020900146898,30.0,2.744673633382299,0
22,trf_11_5652a,0.06263210956624406,15.0,0.4175473971082937,0
22,trf_16_5666a,0.11227604995145633,10.0,1.1227604995145632,0
22,trf_6_5711a,0.5960201353717012,30.0,1.9867337845723372,0
22,trf_6_5712a,1.3670549468758195,30.0,4.556849822919399,0
22,trf_6_5659a,0.3462065392917008,30.0,1.1540217976390028,0
22,trf_6_1262a,0.4498168149518247,10.0,4.498168149518247,0
22,trf_16_6019a,0.057740352041567106,10.0,0.5774035204156711,0
22,trf_16_6122a,0.04502230845930052,10.0,0.4502230845930052,0
22,trf_6_6158a,2.7626120763648956,45.0,6.139137947477545,0
22,trf_6_6197a,4.0249842144432595,75.0,5.36664561925768,0
22,trf_6_6153a,4.91185090342572,30.0,16.3728363447524,0
22,trf_6_1504a,0.47666660412370004,30.0,1.5888886804123337,0
22,trf_6_6249a,1.8487650004649199,30.0,6.162550001549733,0
22,trf_16_6312a,0.43711350694682605,30.0,1.457045023156087,0
22,trf_6_6386a,0.4538472219350968,150.0,0.30256481462339785,0
22,trf_6_4627a,0.3737632094214716,112.5,0.332233963930197,0
22,trf_11_6443a,0.46578499854990213,150.0,0.3105233323666014,0
22,trf_12_6577a,0.14492515583656593,30.0,0.4830838527885531,0
22,trf_12_6578a,0.1915105921026655,45.0,0.4255790935614789,0
22,trf_11_6482a,0.19149652293975455,45.0,0.4255478287550102,0
22,trf_6_1647a,0.2633677103395717,10.0,2.6336771033957165,0
22,trf_6_6496a,0.3727503697286736,112.5,0.3313336619810432,0
22,trf_6_727a,1.6186788633024092,30.0,5.39559621100803,0
23,trf_6_1030a,0.6544686699750079,10.0,6.544686699750079,0
23,trf_6_878a,0.12645573654590334,10.0,1.2645573654590332,0
23,trf_16_1585a,0.18650679978570422,15.0,1.2433786652380283,0
23,trf_16_3545a,0.04512748621548456,10.0,0.45127486215484564,0
23,trf_16_1143a,2.8030954666826084,30.0,9.343651555608695,0
23,trf_16_6460a,0.8935881243979676,25.0,3.5743524975918706,0
23,trf_6_725a,0.05039419063688524,10.0,0.5039419063688524,0
23,trf_6_3820a,0.9374423666436177,15.0,6.2496157776241175,0
23,trf_6_3538a,0.6290792734698426,10.0,6.290792734698426,0
23,trf_6_4910a,10.339378820711747,30.0,34.46459606903916,0
23,trf_6_1870a,0.30254537115306346,15.0,2.016969141020423,0
23,trf_6_127a,1.2340336014128397,15.0,8.226890676085597,0
23,trf_6_1541a,0.8386108843954447,15.0,5.590739229302965,0
23,trf_6_1503a,0.34416858436975234,10.0,3.441685843697523,0
23,trf_6_6272a,0.27393511476559057,15.0,1.8262340984372705,0
23,trf_6_128a,0.4557706178196297,15.0,3.038470785464198,0
23,trf_6_1260a,0.04530706677483819,10.0,0.4530706677483819,0
23,trf_6_1350a,0.8663777267111646,45.0,1.9252838371359215,0
23,trf_6_808a,0.6887586831221181,15.0,4.591724554147453,0
23,trf_6_1475a,0.9235596187911077,15.0,6.157064125274051,0
23,trf_6_1138a,1.1056650474187535,10.0,11.056650474187535,0
23,trf_6_1146a,1.062655421597616,10.0,10.62655421597616,0
23,trf_16_2916a,0.6203823870347324,10.0,6.203823870347323,0
23,trf_16_1140a,0.045213537845855044,10.0,0.45213537845855045,0
23,trf_16_5474a,0.5382588644994845,10.0,5.382588644994845,0
23,trf_16_3548a,0.9180106218537626,10.0,9.180106218537626,0
23,trf_16_1141a,0.6509769988563747,15.0,4.339846659042498,0
23,trf_6_810a,1.126037401337561,30.0,3.7534580044585364,0
23,trf_16_300a,0.561937807538439,15.0,3.74625205025626,0
23,trf_16_3130a,1.615972107888422,30.0,5.386573692961407,0
23,trf_11_4955a,2.505715855252553,15.0,16.704772368350355,0
23,trf_11_131a,1.0817331660679,10.0,10.817331660678999,0
23,trf_6_1048a,0.2563926398141022,15.0,1.7092842654273481,0
23,trf_6_129a,0.5180834123849989,10.0,5.180834123849989,0
23,trf_34_1018a,0.3079293247440615,5.0,6.158586494881229,0
23,trf_16_5730a,0.4324153410566684,25.0,1.7296613642266734,0
23,trf_16_1144a,0.6922832792942796,15.0,4.615221861961865,0
23,trf_6_6273a,1.6473191838091028,30.0,5.4910639460303425,0
23,trf_6_1238a,0.7041430270853221,15.0,4.69428684723548,0
23,trf_6_731a,0.24776357177648736,15.0,1.6517571451765825,0
23,trf_6_732a,0.98567476191257,30.0,3.2855825397085665,0
23,trf_16_6082a,0.47534163118439193,15.0,3.1689442078959464,0
23,trf_16_537a,0.2569403167587988,5.0,5.1388063351759765,0
23,trf_16_3996a,1.9517295188893808,15.0,13.011530125929205,0
23,trf_16_1095a,0.5116249839038314,15.0,3.4108332260255425,0
23,trf_6_730a,0.33017901315823894,15.0,2.201193421054926,0
23,trf_34_1649a,0.17367838055715268,5.0,3.4735676111430536,0
23,trf_34_5029a,0.4685794612014786,10.0,4.685794612014786,0
23,trf_34_1581a,0.7066075895137566,10.0,7.0660758951375655,0
23,trf_11_132a,0.44261669485291744,10.0,4.426166948529174,0
23,trf_16_3221a,1.3633228856903308,25.0,5.453291542761323,0
23,trf_16_504a,1.189124476646658,15.0,7.92749651097772,0
23,trf_6_735a,0.20790381360637336,10.0,2.0790381360637338,0
23,trf_6_4489a,2.701969222531316,25.0,10.807876890125264,0
23,trf_6_729a,1.1844450566354685,15.0,7.89630037756979,0
23,trf_16_299a,1.690107021449064,45.0,3.7557933809979205,0
23,trf_16_1301a,0.5221709791175293,10.0,5.221709791175293,0
23,trf_16_2139a,1.8686656036861347,25.0,7.4746624147445395,0
23,trf_16_6081a,0.20660463929200085,10.0,2.0660463929200086,0
23,trf_6_1019a,2.3209049827690924,25.0,9.28361993107637,0
23,trf_11_2597a,0.5260174702349221,10.0,5.260174702349221,0
23,trf_11_130a,0.45054877593696196,15.0,3.003658506246413,0
23,trf_6_4704a,1.280295019600672,10.0,12.80295019600672,0
23,trf_6_733a,0.051971277790100356,10.0,0.5197127779010036,0
23,trf_11_305a,1.1365052391415973,75.0,1.515340318855463,0
23,trf_16_539a,0.051199587551130916,10.0,0.5119958755113092,0
23,trf_6_1151a,0.7555971866152088,30.0,2.5186572887173626,0
23,trf_6_4764a,0.27270394064628645,75.0,0.3636052541950486,0
23,trf_6_4765a,0.45448362173890594,150.0,0.30298908115927065,0
23,trf_16_538a,0.5738196036542714,30.0,1.9127320121809046,0
23,trf_11_133a,0.05216573654160876,10.0,0.5216573654160876,0
23,trf_6_723a,0.6932645129716255,15.0,4.621763419810836,0
23,trf_6_722a,0.22103629066834177,15.0,1.4735752711222785,0
23,trf_6_726a,0.08061690782532088,15.0,0.5374460521688058,0
23,trf_6_737a,0.6536318064068745,15.0,4.35754537604583,0
23,trf_6_728a,1.2044788154531587,30.0,4.014929384843862,0
23,trf_6_125a,0.05330153723269165,10.0,0.5330153723269164,0
23,trf_6_3011a,0.27169864373641883,10.0,2.7169864373641883,0
23,trf_6_3819a,1.5740798142382162,30.0,5.246932714127387,0
23,trf_6_1344a,0.1841693064972068,10.0,1.841693064972068,0
23,trf_6_122a,0.09899075257882987,10.0,0.9899075257882988,0
23,trf_6_1212a,0.5824204326958186,25.0,2.3296817307832742,0
23,trf_6_1213a,0.19334709081325627,10.0,1.9334709081325627,0
23,trf_6_1139a,1.1947575159248502,15.0,7.965050106165668,0
23,trf_6_1145a,0.3587233409695124,10.0,3.5872334096951244,0
23,trf_16_302a,0.14572714136551848,10.0,1.4572714136551848,0
23,trf_16_301a,0.5228231357155,25.0,2.091292542862,0
23,trf_6_124a,2.024161743282946,45.0,4.498137207295437,0
23,trf_16_6318a,1.4197737528314844,45.0,3.1550527840699654,0
23,trf_16_303a,0.6058509006497953,15.0,4.039006004331969,0
23,trf_6_1256a,0.2117504500913698,10.0,2.117504500913698,0
23,trf_6_2090a,0.7993445474049269,15.0,5.3289636493661785,0
23,trf_6_1445a,0.36946120486538253,10.0,3.6946120486538256,0
23,trf_6_4766a,0.37391695619401594,112.5,0.3323706277280142,0
23,trf_16_3549a,0.0,0.0,0.0,0
23,trf_11_4675a,0.46616305404023983,150.0,0.31077536936015987,0
23,trf_16_4173a,0.25542223214462,10.0,2.5542223214462,0
23,trf_6_4662a,0.7404541467880212,300.0,0.2468180489293404,0
23,trf_6_2860a,0.557084334468415,10.0,5.57084334468415,0
23,trf_6_1178a,0.4522848695457767,15.0,3.0152324636385113,0
23,trf_6_4249a,0.7514419003415883,25.0,3.005767601366353,0
23,trf_6_2887a,0.4098890776286883,10.0,4.098890776286884,0
23,trf_6_2064a,0.17340147511207074,5.0,3.468029502241415,0
23,trf_6_4161a,0.17018923226966384,10.0,1.7018923226966383,0
23,trf_6_1960a,0.3359616402659599,10.0,3.3596164026595994,0
23,trf_6_6394a,0.6328831427067201,25.0,2.5315325708268803,0
23,trf_6_3613a,0.15508858946992457,10.0,1.5508858946992459,0
23,trf_6_738a,0.03535369538847609,5.0,0.7070739077695218,0
23,trf_16_2195a,2.0979565769593806,15.0,13.986377179729205,0
23,trf_16_4674a,0.647490479527895,225.0,0.2877735464568422,0
23,trf_6_2417a,0.4110113711408881,10.0,4.11011371140888,0
23,trf_16_4687a,0.27081119329247166,75.0,0.3610815910566289,0
23,trf_16_2428a,0.22898612537008556,5.0,4.579722507401711,0
23,trf_16_2658a,0.24059275869607472,15.0,1.6039517246404982,0
23,trf_6_1177a,2.726017505607861,75.0,3.634690007477148,0
23,trf_6_4661a,0.4561710284658579,150.0,0.3041140189772386,0
23,trf_6_3019a,0.2825235988616681,10.0,2.825235988616681,0
23,trf_6_3013a,0.5972924109176335,5.0,11.945848218352669,0
23,trf_16_3364a,0.3814267992507284,15.0,2.5428453283381893,0
23,trf_6_3563a,0.6360853117847146,10.0,6.360853117847146,0
23,trf_16_3328a,0.24487692775564276,10.0,2.4487692775564276,0
23,trf_6_3721a,0.030258039711351624,5.0,0.6051607942270325,0
23,trf_6_3434a,0.415414898750468,5.0,8.30829797500936,0
23,trf_6_3010a,0.11453265422103892,10.0,1.145326542210389,0
23,trf_6_3509a,1.057454263593308,5.0,21.14908527186616,0
23,trf_16_6165a,0.0,0.0,0.0,0
23,trf_6_3142a,0.19008965872275452,10.0,1.9008965872275454,0
23,trf_16_3908a,0.0,0.0,0.0,0
23,trf_6_3604a,0.08168737328723252,10.0,0.8168737328723253,0
23,trf_6_3012a,0.15425771391779866,10.0,1.5425771391779866,0
23,trf_6_3507a,0.26062019317136226,10.0,2.6062019317136227,0
23,trf_34_5142a,0.17171937391619502,10.0,1.71719373916195,0
23,trf_6_3508a,0.04542456792848689,10.0,0.4542456792848689,0
23,trf_6_3634a,0.521614017765884,10.0,5.21614017765884,0
23,trf_6_3224a,0.14957482764548466,5.0,2.9914965529096933,0
23,trf_16_3904a,0.3923928313628511,10.0,3.923928313628511,0
23,trf_11_3987a,0.44486696507023266,5.0,8.897339301404653,0
23,trf_16_3997a,0.6760309436724707,30.0,2.253436478908236,0
23,trf_6_3817a,0.13245597717935492,5.0,2.6491195435870987,0
23,trf_6_3818a,0.4557810949803095,10.0,4.557810949803095,0
23,trf_16_1142a,1.3224666393638096,45.0,2.9388147541417995,0
23,trf_34_5260a,0.40245688150871994,10.0,4.024568815087199,0
23,trf_6_5725a,0.7414268571339478,300.0,0.24714228571131594,0
23,trf_6_5472a,0.46344726703166716,15.0,3.089648446877781,0
23,trf_6_4925a,0.37399012632642176,112.5,0.3324356678457082,0
23,trf_6_3256a,1.8453026811110058,15.0,12.302017874073373,0
23,trf_6_4998a,0.37313315056199975,112.5,0.33167391161066645,0
23,trf_16_5055a,0.8989577290976314,10.0,8.989577290976314,0
23,trf_6_724a,0.6425418723721654,30.0,2.1418062412405514,0
23,trf_11_4785a,0.23403164603779494,10.0,2.3403164603779496,0
23,trf_16_5003a,0.07843654724383856,15.0,0.5229103149589237,0
23,trf_6_5157a,0.7407287577322104,300.0,0.2469095859107368,0
23,trf_6_5085a,1.1333259792327364,30.0,3.7777532641091214,0
23,trf_6_5595a,0.7836084858311663,30.0,2.6120282861038873,0
23,trf_11_5652a,0.06268109306196498,15.0,0.4178739537464332,0
23,trf_16_5666a,0.1082443957776283,10.0,1.082443957776283,0
23,trf_6_5711a,0.5690391673883072,30.0,1.8967972246276905,0
23,trf_6_5712a,1.2947534863508763,30.0,4.315844954502921,0
23,trf_6_5659a,0.33402113110339454,30.0,1.1134037703446487,0
23,trf_6_1262a,0.42625283487570165,10.0,4.262528348757017,0
23,trf_16_6019a,0.05698255230884955,10.0,0.5698255230884955,0
23,trf_16_6122a,0.04502438492593121,10.0,0.45024384925931205,0
23,trf_6_6158a,2.612056575507413,45.0,5.804570167794251,0
23,trf_6_6197a,3.8041181044619368,75.0,5.072157472615916,0
23,trf_6_6153a,4.747100909484039,30.0,15.82366969828013,0
23,trf_6_1504a,0.4567863040661356,30.0,1.5226210135537852,0
23,trf_6_6249a,1.748295709162687,30.0,5.8276523638756235,0
23,trf_16_6312a,0.4196969243074581,30.0,1.398989747691527,0
23,trf_6_6386a,0.4540855982848127,150.0,0.30272373218987514,0
23,trf_6_4627a,0.37393000636489593,112.5,0.3323822278799075,0
23,trf_11_6443a,0.4661600664259468,150.0,0.3107733776172979,0
23,trf_12_6577a,0.1450416856774118,30.0,0.4834722855913727,0
23,trf_12_6578a,0.19166457985370866,45.0,0.425921288563797,0
23,trf_11_6482a,0.19165049937817108,45.0,0.42588999861815796,0
23,trf_6_1647a,0.2504622786854237,10.0,2.5046227868542372,0
23,trf_6_6496a,0.3729664554346262,112.5,0.3315257381641121,0
23,trf_6_727a,1.5316015225355308,30.0,5.10533840845177,0
