hour,meterName,activeEnergyKWh,reactiveEnergyKvarh,activeLossesKWh,reactiveLossesKvarh,deltaActiveEnergyKWh,deltaReactiveEnergyKvarh,deltaActiveLossesKWh,deltaReactiveLossesKvarh
0,busa4-_202312598_segmmt_24122,294.29439433944907,5.536817503702613,14.874644628830245,-110.54638603058089,294.29439433944907,5.536817503702613,14.874644628830245,-110.54638603058089
0,trf_16_1585a_t2,0.15661728438754463,0.03284160347015724,0.07918499550088935,4.2215654628057086e-05,0.15661728438754463,0.03284160347015724,0.07918499550088935,4.2215654628057086e-05
0,trf_16_1143a_t2,2.1025218834346253,0.8429703668215108,0.14538138519136318,0.014077817138632362,2.1025218834346253,0.8429703668215108,0.14538138519136318,0.014077817138632362
0,trf_6_4910a_t2,7.135040280636819,2.9802610930729405,0.177706416017616,0.15007884184287743,7.135040280636819,2.9802610930729405,0.177706416017616,0.15007884184287743
0,trf_6_1541a_t2,0.6156745969207359,0.22845165502451192,0.07983963001204165,0.0022380210143527106,0.6156745969207359,0.22845165502451192,0.07983963001204165,0.0022380210143527106
0,trf_6_1350a_t2,0.6886648329154229,0.214966788714099,0.18358927779207346,0.0008543693029549786,0.6886648329154229,0.214966788714099,0.18358927779207346,0.0008543693029549786
0,trf_6_808a_t2,0.5274487055092728,0.19120937813708694,0.07953751791233736,0.001493259275505622,0.5274487055092728,0.19120937813708694,0.07953751791233736,0.001493259275505622
0,trf_6_810a_t2,0.8652709382895752,0.30943852594599264,0.13955585787115632,0.0021459138601614284,0.8652709382895752,0.30943852594599264,0.13955585787115632,0.0021459138601614284
0,trf_16_3130a_t2,1.2060206812588268,0.45484946280203137,0.1411284128183107,0.005074722951234393,1.2060206812588268,0.45484946280203137,0.1411284128183107,0.005074722951234393
0,trf_6_1048a_t2,0.21098751884691486,0.056063856057353534,0.07931264335573386,0.0002363592385307278,0.21098751884691486,0.056063856057353534,0.07931264335573386,0.0002363592385307278
0,trf_6_6273a_t2,1.24580106925404,0.47264661945679376,0.13949072275917618,0.004189921655378314,1.24580106925404,0.47264661945679376,0.13949072275917618,0.004189921655378314
0,trf_6_731a_t2,0.20462152619932944,0.053339616271536446,0.0793729131497861,0.00021874006300749116,0.20462152619932944,0.053339616271536446,0.0793729131497861,0.00021874006300749116
0,trf_6_732a_t2,0.7625081527493307,0.2658530824005328,0.13902966696553945,0.0015582954894454702,0.7625081527493307,0.2658530824005328,0.13902966696553945,0.0015582954894454702
0,trf_6_730a_t2,0.27684048614470635,0.08394980990522558,0.07974651400561765,0.0005576748567317705,0.27684048614470635,0.08394980990522558,0.07974651400561765,0.0005576748567317705
0,trf_6_729a_t2,0.8893398247567105,0.3460856969201675,0.08122567930741775,0.004583622333826468,0.8893398247567105,0.3460856969201675,0.08122567930741775,0.004583622333826468
0,trf_16_299a_t2,1.2756500061991687,0.4647213697351925,0.18506532716981658,0.0033322632783280392,1.2756500061991687,0.4647213697351925,0.18506532716981658,0.0033322632783280392
0,trf_11_130a_t2,0.3448276195269208,0.11295595892243862,0.07930438195835932,0.0007035490443704807,0.3448276195269208,0.11295595892243862,0.07930438195835932,0.0007035490443704807
0,trf_6_1151a_t2,0.5941354383446672,0.19400713432551567,0.13933752338443908,0.0011622513556658874,0.5941354383446672,0.19400713432551567,0.13933752338443908,0.0011622513556658874
0,trf_16_538a_t2,0.4569195977369368,0.1355747409141302,0.13923409905243053,0.0011338763742809108,0.4569195977369368,0.1355747409141302,0.13923409905243053,0.0011338763742809108
0,trf_6_723a_t2,0.5307741712696659,0.19257208650886048,0.079587549847437,0.0015123655959657113,0.5307741712696659,0.19257208650886048,0.079587549847437,0.0015123655959657113
0,trf_6_722a_t2,0.18494146682265716,0.044966543620621593,0.07931331403812704,0.00017954017479584293,0.18494146682265716,0.044966543620621593,0.07931331403812704,0.00017954017479584293
0,trf_6_737a_t2,0.5017570946795785,0.18000197943264312,0.08012104443755418,0.0014933547592574715,0.5017570946795785,0.18000197943264312,0.08012104443755418,0.0014933547592574715
0,trf_6_728a_t2,0.9225649330680877,0.33401390676437964,0.13933700534642737,0.002320661658197793,0.9225649330680877,0.33401390676437964,0.13933700534642737,0.002320661658197793
0,trf_6_3819a_t2,1.1543433461371795,0.43275333587647025,0.1391601729884427,0.0038973069724343103,1.1543433461371795,0.43275333587647025,0.1391601729884427,0.0038973069724343103
0,trf_6_124a_t2,1.4892156242752395,0.5555577864235729,0.1848087447888018,0.004769686257908808,1.4892156242752395,0.5555577864235729,0.1848087447888018,0.004769686257908808
0,trf_16_6318a_t2,1.0740239585143727,0.37914749726939356,0.18353546556932626,0.0023963304163045446,1.0740239585143727,0.37914749726939356,0.18353546556932626,0.0023963304163045446
0,trf_6_2090a_t2,0.6082088579276895,0.22575967083133305,0.07971630519130912,0.0019934325162992367,0.6082088579276895,0.22575967083133305,0.07971630519130912,0.0019934325162992367
0,trf_16_2658a_t2,0.19557256209591178,0.04951447918019664,0.0791313225251184,0.00020158013767893125,0.19557256209591178,0.04951447918019664,0.0791313225251184,0.00020158013767893125
0,trf_6_1177a_t2,2.1697099799889705,0.8120473835359951,0.26928233559842174,0.00637949653225569,2.1697099799889705,0.8120473835359951,0.26928233559842174,0.00637949653225569
0,trf_16_3364a_t2,0.29766966432561937,0.09297008864519958,0.07921175361262375,0.0004670091837467538,0.29766966432561937,0.09297008864519958,0.07921175361262375,0.0004670091837467538
0,trf_6_3509a_t2,0.7795705792488196,0.32463194692222747,0.03261350319717786,0.01008309539418542,0.7795705792488196,0.32463194692222747,0.03261350319717786,0.01008309539418542
0,trf_11_3987a_t2,0.32657800075192095,0.1270059862178563,0.03002912145797211,0.0017434845160393237,0.32657800075192095,0.1270059862178563,0.03002912145797211,0.0017434845160393237
0,trf_16_3997a_t2,0.5279050127974942,0.16565245729505154,0.1388948167597209,0.0010491044199758953,0.5279050127974942,0.16565245729505154,0.1388948167597209,0.0010491044199758953
0,trf_6_3817a_t2,0.10542090764511977,0.03224841443073668,0.029772403282741427,0.0001761518528219452,0.10542090764511977,0.03224841443073668,0.029772403282741427,0.0001761518528219452
0,trf_16_1142a_t2,1.0286006218924235,0.3606417283735455,0.18483445349116107,0.0018920989228731315,1.0286006218924235,0.3606417283735455,0.18483445349116107,0.0018920989228731315
0,trf_6_724a_t2,0.5115432612407745,0.15866537535453876,0.1388737576541344,0.000698036092698267,0.5115432612407745,0.15866537535453876,0.1388737576541344,0.000698036092698267
0,trf_6_5085a_t2,0.870310062132644,0.3121041364048166,0.13993362121403344,0.0029020954697537757,0.870310062132644,0.3121041364048166,0.13993362121403344,0.0029020954697537757
0,trf_6_5595a_t2,0.5937079398488002,0.19375450262779867,0.13848538747347033,0.001216139859490383,0.5937079398488002,0.19375450262779867,0.13848538747347033,0.001216139859490383
0,trf_6_5711a_t2,0.45765473608297713,0.13570146814133,0.13885307610925354,0.0005579842426460359,0.45765473608297713,0.13570146814133,0.13885307610925354,0.0005579842426460359
0,trf_6_5712a_t2,0.9884589725930888,0.3623364207994917,0.13920412156809597,0.0026313398864714088,0.9884589725930888,0.3623364207994917,0.13920412156809597,0.0026313398864714088
0,trf_6_5659a_t2,0.2846334586355766,0.06205617946959427,0.13883223126347377,0.00022078895353497784,0.2846334586355766,0.06205617946959427,0.13883223126347377,0.00022078895353497784
0,trf_6_6158a_t2,1.900347133750465,0.7317716066419919,0.18406871836813252,0.006589372709569943,1.900347133750465,0.7317716066419919,0.18406871836813252,0.006589372709569943
0,trf_6_6197a_t2,2.8608848760225287,1.1063736943734475,0.2692381574092523,0.00891787246713457,2.8608848760225287,1.1063736943734475,0.2692381574092523,0.00891787246713457
0,trf_6_6153a_t2,3.7317137565060374,1.5422734249319832,0.1636207639795101,0.04297491194133156,3.7317137565060374,1.5422734249319832,0.1636207639795101,0.04297491194133156
0,trf_6_1504a_t2,0.3735961510976606,0.10005115553366123,0.13916076001704686,0.0006857120453659294,0.3735961510976606,0.10005115553366123,0.13916076001704686,0.0006857120453659294
0,trf_6_6249a_t2,1.310105593503313,0.4999279474041975,0.14019292118346469,0.004671736747844983,1.310105593503313,0.4999279474041975,0.14019292118346469,0.004671736747844983
0,trf_16_6312a_t2,0.3439540508359242,0.08734222046151986,0.13897029266242927,0.0005591954321513029,0.3439540508359242,0.08734222046151986,0.13897029266242927,0.0005591954321513029
0,trf_6_727a_t2,1.1613496772813086,0.43629530847742104,0.13982180597240979,0.0037932079179248037,1.1613496772813086,0.43629530847742104,0.13982180597240979,0.0037932079179248037
1,busa4-_202312598_segmmt_24122,577.7182067295229,6.376424106983985,29.663586520997974,-221.23174685467143,283.4238123900738,0.8396066032813723,14.78894189216773,-110.68536082409054
1,trf_16_1585a_t2,0.3100757793098875,0.06433139205674494,0.15840855983381663,7.857050692770836e-05,0.15345849492234287,0.0314897885865877,0.07922356433292728,3.6354852299651277e-05
1,trf_16_1143a_t2,4.123718614674721,1.6507993358475521,0.29029640234619614,0.027064194206094398,2.021196731240096,0.8078289690260413,0.14491501715483296,0.012986377067462036
1,trf_6_4910a_t2,13.982756870158056,5.835567263652554,0.3516521292852108,0.28816118271696545,6.847716589521237,2.8553061705796137,0.17394571326759478,0.13808234087408802
1,trf_6_1541a_t2,1.2092700347612204,0.44751672205326054,0.15965270482681104,0.004310156125048479,0.5935954378404845,0.21906506702874862,0.07981307481476939,0.0020721351106957686
1,trf_6_1350a_t2,1.3565210801569838,0.4210836338355734,0.36724091575584294,0.001657797727838087,0.6678562472415609,0.2061168451214744,0.1836516379637695,0.0008034284248831084
1,trf_6_808a_t2,1.0364141530482347,0.37452998373335566,0.15908616554157518,0.0028818859622449437,0.5089654475389619,0.18332060559626873,0.07954864762923781,0.0013886266867393217
1,trf_6_810a_t2,1.7005781229852448,0.6061254552920503,0.27910375343792737,0.0041407851228848075,0.8353071846956696,0.29668692934605767,0.13954789556677105,0.001994871262723379
1,trf_16_3130a_t2,2.3680446691584542,0.8909653991889448,0.28211007401284466,0.009769112310840225,1.1620239878996275,0.4361159363869134,0.14098166119453395,0.004694389359605832
1,trf_6_1048a_t2,0.4165656328048693,0.10982071885327467,0.15865802549254576,0.0004608362258816214,0.20557811395795444,0.05375686279592114,0.0793453821368119,0.0002244769873508936
1,trf_6_6273a_t2,2.445928628311491,0.925776304986071,0.2789744819685295,0.008072513831751758,1.2001275590574512,0.45312968552927724,0.1394837592093533,0.0038825921763734434
1,trf_6_731a_t2,0.4040943270097202,0.1044827615150819,0.15877560663765028,0.0004265184849816528,0.19947280081039076,0.051143145243545456,0.07940269348786418,0.00020777842197416163
1,trf_6_732a_t2,1.4992894935533525,0.5207392771650157,0.27809728464607164,0.003011877588131256,0.7367813408040218,0.2548861947644829,0.1390676176805322,0.0014535820986857858
1,trf_6_730a_t2,0.5449189078101174,0.16417370817106136,0.15948696819182623,0.0010677363133195122,0.26807842166541107,0.08022389826583579,0.07974045418620858,0.0005100614565877417
1,trf_6_729a_t2,1.7452536886442558,0.6778730702940334,0.1623214297801383,0.00882027679295561,0.8559138638875453,0.33178737337386593,0.08109575047272055,0.004236654459129141
1,trf_16_299a_t2,2.506251530078724,0.9103069044680325,0.3700620337515358,0.006416987048432724,1.2306015238795551,0.44558553473284,0.1849967065817192,0.0030847237701046846
1,trf_11_130a_t2,0.6787352618551162,0.22127263600596353,0.15863153894836116,0.0013560905499370442,0.3339076423281954,0.10831667708352491,0.07932715699000184,0.0006525415055665634
1,trf_6_1151a_t2,1.1694886527392367,0.38000142250006386,0.278694483928406,0.0022436874114534788,0.5753532143945695,0.1859942881745482,0.13935696054396693,0.0010814360557875914
1,trf_16_538a_t2,0.9007533818034703,0.26556309442501447,0.27849013962089486,0.0021895114154352182,0.4438337840665335,0.12998835351088428,0.13925604056846433,0.0010556350411543075
1,trf_6_723a_t2,1.042928723188547,0.377201723561922,0.15918137270444804,0.0029183614736290977,0.512154551918881,0.1846296370530615,0.07959382285701104,0.0014059958776633864
1,trf_6_722a_t2,0.36555001587855357,0.08808332739750188,0.15865961121442107,0.00035078117257886097,0.1806085490558964,0.04311678377688029,0.07934629717629403,0.00017124099778301804
1,trf_6_737a_t2,0.9860762032165563,0.35257156063608663,0.1602092415778911,0.0028749095173848504,0.4843191085369778,0.1725695812034435,0.08008819714033692,0.001381554758127379
1,trf_6_728a_t2,1.8128031419396726,0.6542551796729381,0.27868195366834286,0.004473928030184265,0.8902382088715849,0.32024127290855847,0.1393449483219155,0.002153266371986472
1,trf_6_3819a_t2,2.26688126067142,0.8477141948769225,0.278320774091534,0.007504366574451565,1.1125379145342407,0.4149608590004522,0.1391606011030913,0.0036070596020172543
1,trf_6_124a_t2,2.924668664839916,1.088293025966123,0.36954671467102973,0.009174513222682795,1.4354530405646766,0.5327352395425501,0.18473796988222793,0.004404826964773987
1,trf_16_6318a_t2,2.111367575787669,0.742705008299537,0.3671163187832724,0.004624986780752589,1.0373436172732964,0.36355751103014344,0.18358085321394613,0.002228656364448044
1,trf_6_2090a_t2,1.1945987693946631,0.4422010340799294,0.1594282145112,0.0038437602292009532,0.5863899114669736,0.21644136324859634,0.07971190931989089,0.0018503277129017165
1,trf_16_2658a_t2,0.38637877529001363,0.09699658237507462,0.1583033126758025,0.00039343933711120726,0.19080621319410185,0.04748210319487798,0.0791719901506841,0.000191859199432276
1,trf_6_1177a_t2,4.296155591196023,1.6056885848538545,0.5385955428717113,0.0125632894287411,2.126445611207053,0.7936412013178593,0.26931320727328956,0.00618379289648541
1,trf_16_3364a_t2,0.58635620685906,0.18211855970863988,0.15845781280080623,0.0009056071459299879,0.2886865425334406,0.0891484710634403,0.07924605918818248,0.0004385979621832341
1,trf_6_3509a_t2,1.5282332541089958,0.6357045479322374,0.0649973716068002,0.01937363766884772,0.7486626748601762,0.31107260101000994,0.032383868409622346,0.009290542274662299
1,trf_11_3987a_t2,0.6409278671171929,0.24877029412075544,0.06004132318704375,0.003356583985072269,0.3143498663652719,0.12176430790289913,0.03001220172907164,0.0016130994690329455
1,trf_16_3997a_t2,1.0398043178455,0.3244929829935238,0.2778306290839505,0.0020269307848733193,0.5118993050480058,0.15884052569847226,0.1389358123242296,0.000977826364897424
1,trf_6_3817a_t2,0.20772447633674426,0.06316749845659433,0.05955449406547996,0.0003418961883318157,0.10230356869162449,0.030919084025857656,0.029782090782738534,0.0001657443355098705
1,trf_16_1142a_t2,2.022207043711378,0.7063095957074779,0.3696630609841211,0.003656899524093248,0.9936064218189544,0.34566786733393234,0.18482860749296004,0.0017648006012201164
1,trf_6_724a_t2,1.0077380797462108,0.31079818599839304,0.27779774226533793,0.0013544080062430838,0.49619481850543623,0.15213281064385428,0.13892398461120353,0.0006563719135448168
1,trf_6_5085a_t2,1.7104388627588047,0.6113170882538713,0.27983285741886355,0.005590721751971653,0.8401288006261608,0.2992129518490547,0.1398992362048301,0.0026886262822178775
1,trf_6_5595a_t2,1.1687098760435628,0.3795519982132249,0.2770317986452273,0.002350685821264115,0.5750019361947626,0.18579749558542621,0.13854641117175698,0.0011345459617737319
1,trf_6_5711a_t2,0.902188174298857,0.2658173743022213,0.27775857204475085,0.0010842086566506452,0.4445334382158799,0.1301159061608913,0.1389054959354973,0.0005262244140046093
1,trf_6_5712a_t2,1.9418708859479188,0.7097281827791644,0.2784262106295403,0.005076068128965076,0.95341191335483,0.3473917619796727,0.13922208906144434,0.0024447282424936673
1,trf_6_5659a_t2,0.5632967594595824,0.12156024369163768,0.27772178027323846,0.00043283471024241035,0.27866330082400576,0.05950406422204341,0.1388895490097647,0.0002120457567074325
1,trf_6_6158a_t2,3.7299888114895,1.433448474225015,0.3681214953069555,0.012690011041387691,1.8296416777390352,0.7016768675830232,0.18405277693882297,0.006100638331817748
1,trf_6_6197a_t2,5.614757311941478,2.1670787065905204,0.5384446398936285,0.017171332733471382,2.7538724359189493,1.060705012217073,0.2692064824843762,0.008253460266336813
1,trf_6_6153a_t2,7.3473221984472605,3.034525913640877,0.3252782276351938,0.08296740687320778,3.615608441941223,1.492252488708894,0.16165746365568373,0.03999249493187622
1,trf_6_1504a_t2,0.7375384776828777,0.19597460551807963,0.27835546548807083,0.0013274583673794783,0.36394232658521714,0.0959234499844184,0.13919470547102397,0.0006417463220135489
1,trf_6_6249a_t2,2.571861291537669,0.9792076689684897,0.2803220517890572,0.008999094074355488,1.2617556980343558,0.47927972156429216,0.14012913060559254,0.004327357326510505
1,trf_16_6312a_t2,0.6794901623121972,0.1710911796011455,0.277983369842694,0.0010833227121111058,0.335536111476273,0.08374895913962564,0.13901307718026473,0.0005241272799598029
1,trf_6_727a_t2,2.280503715526378,0.8545815852596933,0.2796115900495302,0.007309864325019618,1.1191540382450695,0.41828627678227226,0.1397897840771204,0.0035166564070948144
2,busa4-_202312598_segmmt_24122,855.0006320911624,4.545536803022859,44.39944946617416,-332.0127842962238,277.2824253616395,-1.8308873039611262,14.735862945176187,-110.78103744155237
2,trf_16_1585a_t2,0.45948852359694636,0.09409466976024944,0.23765760665269262,0.0001077023486698784,0.14941274428705886,0.029763277703504495,0.07924904681887598,2.913184174217004e-05
2,trf_16_1143a_t2,6.041614348626967,2.4140014397881,0.4346425548762138,0.038728430152108625,1.9178957339522462,0.7632021039405479,0.14434615253001765,0.011664235946014227
2,trf_6_4910a_t2,20.464281533518022,8.531601127952051,0.5210199363897032,0.41172667257992457,6.481524663359966,2.6960338642994968,0.16936780710449245,0.12356548986295912
2,trf_6_1541a_t2,1.7747190350501345,0.6545909689063946,0.2394123217830648,0.006180683442074326,0.5654490002889141,0.20707424685313403,0.07975961695625375,0.0018705273170258468
2,trf_6_1350a_t2,1.9978293967260856,0.6158999398218643,0.5509177461310695,0.0023988546113769757,0.6413083165691018,0.1948163059862909,0.18367683037522653,0.0007410568835388887
2,trf_6_808a_t2,1.521822471124985,0.5477795964903927,0.23862681392503435,0.004143135135575455,0.48540831807675033,0.17324961275703699,0.07954064838345917,0.0012612491733305117
2,trf_6_810a_t2,2.497693603090823,0.8865312628922315,0.4186043461294695,0.005951802864709308,0.7971154801055782,0.2804058076001812,0.13950059269154214,0.0018110177418245
2,trf_16_3130a_t2,3.4740134520822137,1.3031685473482266,0.4228797952393538,0.014001869029666509,1.1059687829237594,0.41220314815928183,0.14076972122650916,0.004232756718826284
2,trf_6_1048a_t2,0.6152311105702406,0.1606311222070715,0.23802033831356306,0.0006706763397164721,0.1986654777653713,0.050810403353796815,0.0793623128210173,0.0002098401138348507
2,trf_6_6273a_t2,3.58786087969594,1.353992307967695,0.41841244929134075,0.011581677214394345,1.141932251384449,0.428216002981624,0.13943796732281127,0.003509163382642587
2,trf_6_731a_t2,0.5969904041736509,0.15282212263128275,0.23819364150381028,0.0006207893137925567,0.1928960771639307,0.04833936111620085,0.07941803486616,0.00019427082881090388
2,trf_6_732a_t2,2.203281422336516,0.7616283559729886,0.4171749179493293,0.004337791181567809,0.7039919287831635,0.24088907880797295,0.13907763330325768,0.0013259135934365531
2,trf_6_730a_t2,0.8024871234702466,0.23992543599118332,0.23920327181505102,0.0015244700196498746,0.2575682156601292,0.07575172782012196,0.0797163036232248,0.00045673370633036244
2,trf_6_729a_t2,2.5585870405958295,0.9914120921931467,0.24323955790808957,0.012635902901434277,0.8133333519515737,0.3135390218991133,0.08091812812795127,0.003815626108478668
2,trf_16_299a_t2,3.6794615385226423,1.3314710426173948,0.5549322189514709,0.009200836467696937,1.1732100084439185,0.42116413814936227,0.18487018519993514,0.0027838494192642133
2,trf_11_130a_t2,0.9987106908874459,0.3236624658290575,0.2379644549182126,0.0019464471714771563,0.3199754290323297,0.10238982982309397,0.07933291596985145,0.0005903566215401121
2,trf_6_1151a_t2,1.7209103333908526,0.5557779864272441,0.41804468031297626,0.0032266588699918193,0.5514216806516159,0.17577656392718022,0.13935019638457025,0.0009829714585383406
2,trf_16_538a_t2,1.327897256730495,0.38842460317466987,0.4177414306624787,0.003150009576225097,0.42714387492702466,0.1228615087496554,0.13925129104158385,0.000960498160789879
2,trf_6_723a_t2,1.5313487367537106,0.5516892590671604,0.2387603484650933,0.004194869596428298,0.48842001356516374,0.17448753550523838,0.07957897576064527,0.0012765081227992
2,trf_6_722a_t2,0.5406165191401544,0.1288375326960386,0.2380230400922255,0.0005117690649145868,0.17506650326160084,0.04075420529853671,0.07936342887780443,0.0001609878923357258
2,trf_6_737a_t2,1.4481842964363902,0.5156611909503054,0.24023981677505513,0.004120508169329725,0.4621080932198339,0.16308963031421875,0.08003057519716403,0.0012455986519448745
2,trf_6_728a_t2,2.66183467534872,0.956908968237674,0.4179972833405152,0.0064234818769309185,0.8490315334090472,0.3026537885647359,0.13931532967217236,0.0019495538467466534
2,trf_6_3819a_t2,3.3261285028174603,1.2399472635265634,0.41744444298411676,0.010758775801151378,1.0592472421460402,0.3922330686496409,0.13912366889258276,0.003254409226699813
2,trf_6_124a_t2,4.29158835378288,1.59187200246271,0.5541494289322431,0.013136278797365637,1.3669196889429642,0.503578976496587,0.18460271426121333,0.003961765574682842
2,trf_16_6318a_t2,3.1019418104416903,1.0863494992617166,0.5507014406830004,0.0066495625022773685,0.9905742346540212,0.34364449096217964,0.18358512189972803,0.00202457572152478
2,trf_6_2090a_t2,1.753184290496025,0.6467469580617549,0.23911340919635893,0.005520045995421598,0.558585521101362,0.20454592398182547,0.07968519468515892,0.0016762857662206447
2,trf_16_2658a_t2,0.5710903390351351,0.14188228621459292,0.23750232561443824,0.000573304850995596,0.18471156374512143,0.0448857038395183,0.07919901293863574,0.00017986551388438874
2,trf_6_1177a_t2,6.36741358353966,2.3757888054454464,0.8078931717208175,0.018505033003957606,2.0712579923436367,0.7701002205915919,0.26929762884910624,0.005941743575216506
2,trf_16_3364a_t2,0.8635805676600368,0.26638646765081136,0.23772416623744871,0.001309417575361099,0.2772243608009768,0.08426790794217148,0.07926635343664248,0.0004038104294311111
2,trf_6_3509a_t2,2.237558447468666,0.9295157865878229,0.09709871253943142,0.027704505776141843,0.7093251933596703,0.29381123865558545,0.032101340932631214,0.008330868107294123
2,trf_11_3987a_t2,0.9396953913012148,0.3638426659795605,0.09002522631931627,0.004811397635983048,0.29876752418402197,0.11507237185880506,0.02998390313227252,0.0014548136509107785
2,trf_16_3997a_t2,1.5312840812343187,0.4746355521572656,0.4167802387610614,0.0029179060988604394,0.4914797633888186,0.1501425691637418,0.1389496096771109,0.0008909753139871202
2,trf_6_3817a_t2,0.3060552452514582,0.09239165105842734,0.08934239665488858,0.0004948911848292457,0.09833076891471396,0.029224152601833003,0.029787902589408617,0.00015299499649742998
2,trf_16_1142a_t2,2.9713541847500244,1.0329502134881259,0.5544740169274014,0.005266638019288336,0.9491471410386465,0.326640617780648,0.1848109559432803,0.0016097384951950884
2,trf_6_724a_t2,1.4843462063017798,0.45458792641225343,0.41674290013508225,0.0019597497637918408,0.47660812655556906,0.1437897404138604,0.13894515786974432,0.0006053417575487569
2,trf_6_5085a_t2,2.5121179240331895,0.8940853828978517,0.4196577199669809,0.008020046693637942,0.8016790612743847,0.28276829464398034,0.13982486254811738,0.0024293249416662884
2,trf_6_5595a_t2,1.7198450039806816,0.5551848399964135,0.4156141248853761,0.0033857859864390603,0.5511351279371188,0.17563284178318866,0.13858232624014877,0.0010351001651749455
2,trf_6_5711a_t2,1.3299705170853895,0.38879938769736566,0.41668772655078323,0.0015714688794008184,0.4277823427865325,0.12298201339514436,0.13892915450603238,0.0004872602227501731
2,trf_6_5712a_t2,2.850611467665,1.0380363640688692,0.41763073615383267,0.00729372594008236,0.908740581717081,0.32830818128970485,0.13920452552429236,0.002217657811117284
2,trf_6_5659a_t2,0.8343173135359525,0.17780534940903858,0.4166424848106093,0.0006340405052433482,0.27102055407637016,0.056245105717400906,0.13892070453737082,0.0002012057950009379
2,trf_6_6158a_t2,5.469517833923511,2.0966852333891324,0.5521056691493899,0.01819717124126646,1.7395290224340112,0.6632367591641173,0.18398417384243437,0.005507160199878769
2,trf_6_6197a_t2,8.23227729158039,3.1694716597890693,0.8075373678984628,0.024618148430026285,2.617519979638912,1.002392953198549,0.2690927280048343,0.007446815696554903
2,trf_6_6153a_t2,10.823327321788362,4.466522996298167,0.4847271782791987,0.11957235737517538,3.4760051233411016,1.4319970826572899,0.15944895064400488,0.036604950501967604
2,trf_6_1504a_t2,1.0891669928518102,0.2866355664005037,0.4175628872175521,0.0019156492344273557,0.35162851516893245,0.09066096088242406,0.13920742172948125,0.0005881908670478774
2,trf_6_6249a_t2,3.7720544963928666,1.4321562452581025,0.42034448346160497,0.012908172582244786,1.2001932048551978,0.4529485762896128,0.14002243167254774,0.003909078507889298
2,trf_16_6312a_t2,1.0042751039290772,0.25025455363660076,0.4170156567129786,0.0015646926838250403,0.32478494161688,0.07916337403545526,0.13903228687028457,0.0004813699717139345
2,trf_6_727a_t2,3.345894766653458,1.2498800206280423,0.41932575412387135,0.01049044282758186,1.0653910511270799,0.39529843536834897,0.13971416407434117,0.0031805785025622417
3,busa4-_202312598_segmmt_24122,1132.9737686432277,2.9632911729554525,59.121913144337704,-442.8402294698487,277.9731365520653,-1.5822456300674066,14.722463678163543,-110.82744517362488
3,trf_16_1585a_t2,0.6021720488288317,0.12099376478828633,0.3169158336136369,0.0001254335278310384,0.14268352523188532,0.02689909502803689,0.07925822696094428,1.7731179161159985e-05
3,trf_16_1143a_t2,7.788831799762727,3.1035169866781755,0.5781136214744445,0.04836457607494787,1.7472174511357599,0.6895155468900755,0.14347106659823067,0.009636145922839241
3,trf_6_4910a_t2,26.339128633669013,10.964186743822102,0.6833549398002895,0.5130783647513592,5.8748471001509905,2.4325856158700514,0.16233500341058626,0.10135169217143458
3,trf_6_1541a_t2,2.293534352426746,0.8417704367762011,0.3190610796575157,0.007740474374133015,0.5188153173766117,0.18717946786980655,0.07964875787445089,0.001559790932058689
3,trf_6_1350a_t2,2.5951253836878023,0.7919746396797501,0.7345609040124624,0.00304264177337167,0.5972959869617167,0.17607469985788582,0.18364315788139296,0.0006437871619946944
3,trf_6_808a_t2,1.9682096210815567,0.7043318071002341,0.3181246454521385,0.005207517874649248,0.4463871499565717,0.15655221060984148,0.07949783152710413,0.0010643827390737926
3,trf_6_810a_t2,3.2315437885304323,1.1399385124338808,0.5579787928601666,0.00747872482639248,0.7338501854396093,0.2534072495416493,0.1393744467306971,0.001526921961683172
3,trf_16_3130a_t2,4.487152761252415,1.6757226321038383,0.5632777369136122,0.017524587311403494,1.0131393091702012,0.3725540847556117,0.14039794167425834,0.0035227182817369855
3,trf_6_1048a_t2,0.8024209242476946,0.20655419878473263,0.31737586683728486,0.0008574786788793301,0.18718981367745402,0.04592307657766115,0.0793555285237218,0.00018680233916285797
3,trf_6_6273a_t2,4.633417271813538,1.7409069538876285,0.5577273227091739,0.014515439093346311,1.0455563921175974,0.3869146459199335,0.13931487341783316,0.0029337618789519668
3,trf_6_731a_t2,0.7789720493227106,0.19651263188610368,0.317605355248834,0.0007937847415044122,0.18198164514905968,0.04369050925482093,0.0794117137450237,0.00017299542771185552
3,trf_6_732a_t2,2.8529588316747057,0.9793140161050348,0.5562164851708111,0.005465906718679137,0.6496774093381896,0.21768566013204615,0.1390415672214818,0.0011281155371113275
3,trf_6_730a_t2,1.044021259342327,0.30885233864713,0.31885999179614344,0.0019072509613030047,0.2415341358720804,0.0689269026559467,0.07965671998109242,0.00038278094165313014
3,trf_6_729a_t2,3.301416420556287,1.2747043056019185,0.32385727219204463,0.015804184976036452,0.7428293799604573,0.28329221340877175,0.08061771428395506,0.003168282074602175
3,trf_16_299a_t2,4.757634877559206,1.7121465697781821,0.7395481749585461,0.011520808736511621,1.0781733390365638,0.38067552716078734,0.18461595600707514,0.002319972268814684
3,trf_11_130a_t2,1.2955875282781344,0.4162177280046459,0.31727595983141,0.002440467752008018,0.2968768373906885,0.0925552621755884,0.07931150491319738,0.0004940205805308616
3,trf_6_1151a_t2,2.232697994235423,0.7146271275122011,0.5573411920166456,0.0040572178118875,0.5117876608445702,0.15884914108495707,0.1392965117036693,0.0008305589418956807
3,trf_16_538a_t2,1.7273770874098076,0.4994745336562333,0.5569413169229348,0.003963749321154347,0.3994798306793126,0.11104993048156342,0.1391998862604561,0.0008137397449292498
3,trf_6_723a_t2,1.9804495222996752,0.7093583766568047,0.31828457301929414,0.005271266398128261,0.44910078554596455,0.1576691175896443,0.07952422455420083,0.0010763968016999637
3,trf_6_722a_t2,0.7064756215996574,0.16567274079609123,0.31737982483567007,0.000656548170806623,0.16585910245950297,0.03683520810005264,0.07935678474344457,0.0001447791058920363
3,trf_6_737a_t2,1.8735190232398016,0.6630424742981282,0.320156840440158,0.0051563049487634415,0.42533472680341133,0.14738128334782286,0.0799170236651029,0.0010357967794337166
3,trf_6_728a_t2,3.4426029835048384,1.230396256069505,0.5572112117571707,0.008058360413730498,0.7807683081561185,0.27348728783183096,0.13921392841665547,0.0016348785367995798
3,trf_6_3819a_t2,4.297085837558087,1.5944746260863913,0.5564604302441061,0.013469895775847743,0.9709573347406266,0.354527362559828,0.13901598725998932,0.002711119974696365
3,trf_6_124a_t2,5.544966152777818,2.047073193558044,0.7384772395848883,0.01641605089634795,1.2533777989949373,0.45520119109533397,0.18432781065264525,0.003279772098982312
3,trf_16_6318a_t2,4.015016759701419,1.3969595368400867,0.7342224223263112,0.00835885385306721,0.913074949259729,0.31061003757837,0.18352098164331077,0.0017092913507898416
3,trf_6_2090a_t2,2.265718949973178,0.831571796160258,0.3187273165091652,0.006927765283528509,0.5125346594771529,0.18482483809850314,0.07961390731280626,0.0014077192881069107
3,trf_16_2658a_t2,0.7456788705438927,0.18245987170708405,0.31671153390383533,0.0007342480305675298,0.17458853150875764,0.04057758549249113,0.07920920828939709,0.0001609431795719338
3,trf_6_1177a_t2,8.347185054514213,3.10678622582095,1.0770909350415907,0.02406305216548719,1.979771470974553,0.7309974203755036,0.26919776332077316,0.005558019161529586
3,trf_16_3364a_t2,1.121800153697933,0.3425585821825701,0.31699186079845015,0.001658972369135107,0.2582195860378962,0.07617211453175876,0.07926769456100144,0.00034955479377400786
3,trf_6_3509a_t2,2.8817833240648674,1.1947870183462388,0.12876205626242287,0.03456483462308836,0.6442248765962013,0.26527123175841594,0.031663343722991455,0.006860328846946519
3,trf_11_3987a_t2,1.2126529141402629,0.4678198035271734,0.11995501914646718,0.006022680914409547,0.27295752283904806,0.1039771375476129,0.029929792827150914,0.0012112832784264994
3,trf_16_3997a_t2,1.9889114203829632,0.6103522297331879,0.5557007483605709,0.003674463556738931,0.4576273391486445,0.13571667757592232,0.13892050959950952,0.0007565574578784918
3,trf_6_3817a_t2,0.3978050506436517,0.1188077160935003,0.11913090637832292,0.0006279814669811752,0.09174980539219346,0.02641606503507296,0.029788509723434345,0.00013309028215192952
3,trf_16_1142a_t2,3.847037181323754,1.3281516977849013,0.7392433550028508,0.006636338051335613,0.8756829965737296,0.2952014842967754,0.18476933807544937,0.001369700032047277
3,trf_6_724a_t2,1.928476297302916,0.5845394089845433,0.55566346775567,0.0024854693914110513,0.4441300910011361,0.12995148257228983,0.13892056762058774,0.0005257196276192105
3,trf_6_5085a_t2,3.2501276578527403,1.1496042867542504,0.5593220955132319,0.010049998881562053,0.7380097338195508,0.25551890385639875,0.13966437554625094,0.002029952187924112
3,trf_6_5595a_t2,2.231409020419915,0.7139524012533817,0.554199086489283,0.004266923824230211,0.5115640164392332,0.15876756125696811,0.13858496160390688,0.0008811378377911504
3,trf_6_5711a_t2,1.7299676120461902,0.4999482438779569,0.5555958049735134,0.0019977774924212215,0.3999970949608007,0.11114885618059123,0.13890807842273012,0.00042630861302040313
3,trf_6_5712a_t2,3.6853531074281802,1.334698675058382,0.5567522387057277,0.009160711737202752,0.8347416397631804,0.2966623109895128,0.13912150255189498,0.001866985797120392
3,trf_6_5659a_t2,1.0926309496633462,0.22864524650323634,0.5555558148873432,0.0008180217676888546,0.25831363612739366,0.050839897094197756,0.1389133300767339,0.00018398126244550635
3,trf_6_6158a_t2,7.059775700928613,2.696153315811111,0.7359176749134573,0.02279087202639755,1.5902578670051017,0.5994680824219785,0.18381200576406742,0.004593700785131091
3,trf_6_6197a_t2,10.62399020042049,4.07517745841518,1.076348649160484,0.030823731920386867,2.3917129088401,0.9057057986261103,0.26881128126202114,0.006205583490360583
3,trf_6_6153a_t2,14.08401744274686,5.805440781065627,0.6411030145834291,0.15136371344334335,3.2606901209584986,1.3389177847674603,0.1563758363042304,0.031791356068167964
3,trf_6_1504a_t2,1.420382451100152,0.36857892716922536,0.5567494722104391,0.0024209827152274037,0.33121545824834175,0.08194336076872166,0.13918658499288705,0.000505333480800048
3,trf_6_6249a_t2,4.870348360811951,1.8414822914937332,0.5601627346621817,0.01617309435761226,1.0982938644190843,0.40932604623563074,0.13981825120057673,0.0032649217753674756
3,trf_16_6312a_t2,1.3112193999166812,0.3218157218595307,0.5560313820624788,0.0019798231737789915,0.3069442959876041,0.07156116822292996,0.13901572534950024,0.0004151304899539512
3,trf_6_727a_t2,4.322252189657472,1.6070695911366368,0.5588717784339636,0.013153055590221657,0.9763574230040137,0.35718957050859457,0.13954602431009228,0.0026626127626397968
4,busa4-_202312598_segmmt_24122,1410.4967283109397,1.194089837721404,73.84378934420266,-553.6645660518662,277.52295966771203,-1.7692013352340485,14.721876199864958,-110.82433658201757
4,trf_16_1585a_t2,0.7455473900629149,0.1481871259363778,0.3961739721045059,0.0001443048112810168,0.14337534123408324,0.027193361148091483,0.07925813849086899,1.8871283449978417e-05
4,trf_16_1143a_t2,9.553570887245353,3.8005956725122583,0.7216705923732181,0.058199983658914586,1.764739087482626,0.6970786858340827,0.14355697089877362,0.00983540758396672
4,trf_6_4910a_t2,32.27623437708305,13.423815689630135,0.8463789753279045,0.6166071207573253,5.937105743414037,2.459628945808033,0.16302403552761502,0.10352875600596612
4,trf_6_1541a_t2,2.817138954872013,1.03099417719256,0.39872134374974283,0.009330876065301688,0.5236046024452667,0.1892237404163588,0.07966026409222715,0.0015904016911686726
4,trf_6_1350a_t2,3.196945176693207,0.9699757769153148,0.9182103331766053,0.0036960824404142297,0.6018197930054048,0.17800113723556465,0.18364942916414284,0.0006534406670425596
4,trf_6_808a_t2,2.418606344343097,0.8626000706055239,0.39762792101387867,0.006291332394563099,0.45039672326154045,0.15826826350528977,0.0795032755617402,0.0010838145199138513
4,trf_6_810a_t2,3.971894722379158,1.3961207762353374,0.697367806165077,0.009033684911738959,0.7403509338487257,0.2561822638014566,0.13938901330491038,0.0015549600853464792
4,trf_16_3130a_t2,5.509825525769031,2.052350581118125,0.7037134014592127,0.021117164768499924,1.0226727645166163,0.37662794901428653,0.14043566454560052,0.0035925774570964297
4,trf_6_1048a_t2,0.9907908719000433,0.2529796661215397,0.39673342246885246,0.001046579909737183,0.1883699476523487,0.04642546733680708,0.0793575556315676,0.0001891012308578528
4,trf_6_6273a_t2,5.688875852857304,2.1320660520108383,0.6970564184890344,0.017505890712400978,1.0554585810437667,0.3911590981232098,0.13932909577986052,0.0029904516190546668
4,trf_6_731a_t2,0.9620759429270078,0.24068094672917648,0.3970189017869609,0.0009689041520378422,0.18310389360429724,0.04416831484307279,0.07941354653812693,0.00017511941053343
4,trf_6_732a_t2,3.508217240853599,1.1993842566922766,0.6952636669782856,0.006613575251603692,0.6552584091788933,0.22007024058724178,0.13904718180747444,0.0011476685329245553
4,trf_6_730a_t2,1.2893578346650933,0.37939684915775984,0.39853596076047504,0.002310637524008363,0.24533657532276631,0.07054451051062982,0.0796759689643316,0.0004033865627053584
4,trf_6_729a_t2,4.051488758584666,1.561104816774829,0.4045055882198095,0.01903615585720013,0.7500723380283794,0.28640051117291043,0.08064831602776484,0.0032319708811636774
4,trf_16_299a_t2,5.845569173311574,2.0969822412500805,0.924190782168697,0.013886494368056128,1.087934295752368,0.38483567147189834,0.1846426072101509,0.002365685631544507
4,trf_11_130a_t2,1.5948370248093675,0.5097835249071383,0.39659027575984884,0.002944008918765706,0.2992494965312331,0.09356579690249239,0.07931431592843885,0.0005035411667576881
4,trf_6_1151a_t2,2.7485580988732217,0.8752156863853016,0.6966446905963664,0.004902835749500012,0.5158601046377989,0.16058855887310042,0.1393034985797208,0.0008456179376125118
4,trf_16_538a_t2,2.1296985188745214,0.6117374887653173,0.6961475849850522,0.004791955097473319,0.4023214314647139,0.11226295510908402,0.13920626806211744,0.000828205776318972
4,trf_6_723a_t2,2.4335906791687414,0.8687561092217702,0.3978154892884918,0.006367414191397394,0.4531411568690662,0.15939773256496548,0.07953091626919767,0.0010961477932691322
4,trf_6_722a_t2,0.8732818641857181,0.20291080858688457,0.39673863224456635,0.0008029488664297607,0.1668062425860607,0.03723806779079333,0.07935880740889628,0.00014640069562313763
4,trf_6_737a_t2,2.3026315266190283,0.8120378962298541,0.4000860059425666,0.006212791178216158,0.4291125033792267,0.14899542193172588,0.07992916550240858,0.001056486229452716
4,trf_6_728a_t2,4.230385840590305,1.506881396868971,0.6964374014856785,0.009724289075291052,0.7877828570854666,0.27648514079946596,0.13922618972850775,0.0016659286615605534
4,trf_6_3819a_t2,5.277110102434807,1.952875604308274,0.6954881068471934,0.01623451902194357,0.9800242648767199,0.35840097822188266,0.13902767660308735,0.0027646232460958285
4,trf_6_124a_t2,6.8100036345740484,2.507244709207414,0.9228335172514943,0.01976295138353478,1.2650374817962309,0.4601715156493702,0.184356277666606,0.0033469004871868324
4,trf_16_6318a_t2,4.936052590002379,1.710964206875744,0.9177515223816464,0.010099251813627938,0.9210358303009594,0.31400467003565735,0.18352910005533518,0.0017403979605607276
4,trf_6_2090a_t2,2.782985278013548,1.0184233865204468,0.39834945059638494,0.008361967984673448,0.5172663280403698,0.18685159036018884,0.07962213408721974,0.0014342027011449397
4,trf_16_2658a_t2,0.9213078268255305,0.22348016302009116,0.395920567054789,0.0008970814005480214,0.17562895628163777,0.04102029131300711,0.07920903315095368,0.0001628333699804916
4,trf_6_1177a_t2,10.336358539390128,3.841805131202461,1.3463011675164642,0.029659532974952628,1.9891734848759146,0.7350189053815108,0.2692102324748735,0.0055964808094654366
4,trf_16_3364a_t2,1.3819722184867884,0.41956256701263117,0.39626021826250213,0.002013910879791798,0.26017206478885546,0.07700398483006105,0.07926835746405198,0.00035493851065669093
4,trf_6_3509a_t2,3.532692771145077,1.462988010902843,0.1604684412534117,0.04156951409223541,0.6509094470802097,0.26820099255660423,0.03170638499098882,0.007004679469147047
4,trf_11_3987a_t2,1.4882624231293926,0.5729374522809063,0.14989058702510158,0.0072579324728133925,0.2756095089891297,0.10511764875373292,0.029935567878634398,0.0012352515584038454
4,trf_16_3997a_t2,2.4500158956486953,0.7475506655302684,0.6946254902535758,0.004444296100010202,0.46110447526573206,0.13719843579708046,0.13892474189300485,0.0007698325432712707
4,trf_6_3817a_t2,0.49023072523386185,0.14551219026809942,0.14891951844923712,0.0007630482453947775,0.09242567459021017,0.02670447417459912,0.029788612070914197,0.00013506677841360233
4,trf_16_1142a_t2,4.730262868165939,1.626580831094802,0.9240173033129182,0.008029758842016491,0.8832256868421848,0.29842913330990073,0.18477394831006744,0.0013934207906808778
4,trf_6_724a_t2,2.3759449183811854,0.7159133645428424,0.6945888171129898,0.003019093463412169,0.44746862107826946,0.13137395555829912,0.13892534935731982,0.0005336240720011176
4,trf_6_5085a_t2,3.9946782374298673,1.4079228710902787,0.6990040752254956,0.012119285481816811,0.744550579577127,0.2583185843360283,0.1396819797122637,0.0020692866002547574
4,trf_6_5595a_t2,2.747038310277919,0.8744532934402575,0.6927849881885928,0.0051632711589153,0.5156292898580039,0.1605008921868758,0.13858590169930984,0.0008963473346850891
4,trf_6_5711a_t2,2.1328211976612086,0.6123134879787175,0.6945083362991324,0.002430146296217537,0.4028535856150184,0.11236524410076065,0.1389125313256191,0.00043236880379631535
4,trf_6_5712a_t2,4.527698584484151,1.6346135760656564,0.6958842023995409,0.011062294174589773,0.8423454770559706,0.29991490100727436,0.1391319636938132,0.0019015824373870213
4,trf_6_5659a_t2,1.3522520464020928,0.2800407581964467,0.6944721384184952,0.0010037312761546353,0.25962109673874667,0.051395511693210355,0.13891632353115202,0.0001857095084657807
4,trf_6_6158a_t2,8.665363787174984,3.3021733182108903,0.919748032446281,0.027474484013388208,1.605588086246371,0.6060200023997795,0.18383035753282373,0.004683611986990657
4,trf_6_6197a_t2,13.038903785044166,4.990820317250291,1.3451919528382563,0.03715150105200363,2.414913584623676,0.9156428588351115,0.2688433036777724,0.00632776913161676
4,trf_6_6153a_t2,17.39012273348315,7.163929546409418,0.7982858524417952,0.18421083641971098,3.306105290736289,1.3584887653437905,0.15718283785836606,0.03284712297636763
4,trf_6_1504a_t2,1.7536955793238362,0.45141792387232327,0.6959394312779176,0.002934499401586472,0.3333131282236843,0.08283899670309791,0.13918995906747844,0.0005135166863590684
4,trf_6_6249a_t2,5.979107775808307,2.2552895143673743,0.7000022333779031,0.019501454187541366,1.1087594149963564,0.41380722287364113,0.13983949871572143,0.003328359829929104
4,trf_16_6312a_t2,1.6199967371591,0.3941576570417844,0.6950500977591229,0.0024014995327519746,0.30877733724241874,0.07234193518225368,0.13901871569664404,0.000421676358972983
4,trf_6_727a_t2,5.30775722958285,1.968175579947692,0.6984364172393905,0.01586670618959285,0.9855050399253784,0.36110598881105527,0.1395646388054269,0.002713650599371193
5,busa4-_202312598_segmmt_24122,1803.4485213772568,49.65876008008111,89.80364821823126,-662.5017735184744,392.9517930663171,48.4646702423597,15.959858874028598,-108.8372074666081
5,trf_16_1585a_t2,0.9594638685332766,0.2054245771520683,0.47497713644673756,0.0003171585427893145,0.21391647847036166,0.05723745121569049,0.07880316434223167,0.00017285373150829767
5,trf_16_1143a_t2,13.122126770756624,5.2806017293344585,0.8791948615016812,0.09952427463803258,3.568555883511271,1.4800060568222002,0.15752426912846318,0.041324290979117995
5,trf_6_4910a_t2,44.571390699157966,18.69713154832707,1.1209074203518887,1.0688742952643067,12.295156322074916,5.273315858696936,0.2745284450239842,0.4522671745069814
5,trf_6_1541a_t2,3.8310430689038704,1.4289074200656748,0.47994159792471713,0.015649033712733348,1.0139041140318574,0.3979132428731149,0.0812202541749743,0.00631815764743166
5,trf_6_1350a_t2,4.2620186306229995,1.3449419577780044,1.101506246309763,0.005754291026134964,1.0650734539297924,0.3749661808626896,0.18329591313315763,0.0020582085857207342
5,trf_6_808a_t2,3.279951014308152,1.1966587757377376,0.47746625277428784,0.010335084237518416,0.8613446699650549,0.3340587051322137,0.07983833176040916,0.004043751842955317
5,trf_6_810a_t2,5.378572394926072,1.9362373183323958,0.8381308229504207,0.01486369908046251,1.4066776725469143,0.5401165420970584,0.14076301678534375,0.0058300141687235504
5,trf_16_3130a_t2,7.509724333197904,2.8458072337512372,0.8496201021290399,0.03561201631886439,1.999898807428873,0.7934566526331124,0.14590670066982725,0.014494851550364465
5,trf_6_1048a_t2,1.2997744322445854,0.3507620720970832,0.475784813513949,0.0015547435239803278,0.3089835603445421,0.0977824059755435,0.07905139104509656,0.0005081636142431449
5,trf_6_6273a_t2,7.759411501831645,2.9583405440853983,0.837761377574286,0.029264443622879818,2.0705356489743405,0.8262744920745599,0.1407049590852516,0.01175855291047884
5,trf_6_731a_t2,1.2599545213639562,0.3337316178767144,0.47615906693071297,0.0014374975175132133,0.2978785784369484,0.09305067114753793,0.07914016514375205,0.0004685933654753711
5,trf_6_732a_t2,4.735651831413481,1.6637241922843415,0.8342760787475236,0.010702891993522628,1.227434590559882,0.464339935592065,0.13901241176923806,0.004089316741918936
5,trf_6_730a_t2,1.623733960421632,0.48780341200591265,0.4780458228788852,0.003043229860310747,0.33437612575653874,0.10840656284815281,0.07950986211841016,0.0007325923363023837
5,trf_6_729a_t2,5.544193075057728,2.1662979751506537,0.4896199541851587,0.03222517283396263,1.4927043164730618,0.6051931583758248,0.08511436596534921,0.013189016976762502
5,trf_16_299a_t2,7.9345286591047985,2.9073081441329824,1.1122880774615997,0.023299215458685865,2.0889594857932243,0.810325902882902,0.18809729529290276,0.009412721090629737
5,trf_11_130a_t2,2.1368905444315236,0.7064573138538978,0.47598011096063925,0.004879506822149755,0.5420535196221561,0.19667378894675946,0.0793898352007904,0.001935497903384049
5,trf_6_1151a_t2,3.6821595932651565,1.2141718538876916,0.8362826132043596,0.008023189039028766,0.9336014943919348,0.33895616750239,0.13963792260799324,0.0031203532895287545
5,trf_16_538a_t2,2.8231066964780407,0.8482763219856221,0.8357058906293704,0.007845519253947674,0.6934081776035192,0.23653883322030478,0.13955830564431815,0.003053564156474355
5,trf_6_723a_t2,3.3007786201240368,1.2051619284891353,0.4778432502136889,0.010473547728525951,0.8671879409552954,0.3364058192673651,0.08002776092519709,0.0041061335371285574
5,trf_6_722a_t2,1.1367850954868495,0.2813228878340759,0.47578283602875854,0.0011693306882233916,0.2635032313011314,0.07841207924719132,0.07904420378419219,0.0003663818217936309
5,trf_6_737a_t2,3.1193711091202596,1.1264747899952536,0.48152949197306283,0.010442973198057592,0.8167395825012314,0.3144368937653995,0.08144348603049623,0.004230182019841435
5,trf_6_728a_t2,5.737053806742013,2.0902197636695394,0.8366106893640385,0.016131990060348204,1.5066679661517082,0.5833383668005685,0.14017328787836003,0.006407700985057153
5,trf_6_3819a_t2,7.185387292997724,2.70703983014278,0.8358684769976353,0.027282133841608085,1.9082771905629174,0.7541642258345058,0.1403803701504419,0.011047614819664514
5,trf_6_124a_t2,9.268983954868919,3.474746192978847,1.1110391154888548,0.03354485883207046,2.45898032029487,0.9675014837714326,0.1882055982373605,0.013781907448535677
5,trf_16_6318a_t2,6.672404106766885,2.371767487651077,1.1016267434484777,0.016588878290904625,1.7363515167645067,0.660803280775333,0.1838752210668313,0.006489626477276687
5,trf_6_2090a_t2,3.7852730270950783,1.4129718392493267,0.47876510853544385,0.013862246543771,1.0022877490815305,0.39454845272887984,0.08041565793905892,0.005500278559097552
5,trf_16_2658a_t2,1.2031978426271672,0.30967900638545276,0.47465077593735167,0.0013190803155499005,0.28189001580163675,0.0861988433653616,0.07873020888256266,0.0004219989150018791
5,trf_6_1177a_t2,13.112130521282156,4.9114018003493225,1.6158760983349711,0.0388101736534562,2.775771981892028,1.0695966691468617,0.2695749308185069,0.009150640678503574
5,trf_16_3364a_t2,1.8420137364311566,0.581546760187416,0.47521639110683334,0.003151861431495224,0.4600415179443682,0.16198419317478485,0.07895617284433121,0.001137950551703426
5,trf_6_3509a_t2,4.868634718847097,2.034977816486502,0.1991280684551896,0.0715209175376741,1.3359419477020196,0.571989805583659,0.0386596272017779,0.029951403445438694
5,trf_11_3987a_t2,2.0353281232417495,0.7948947410126627,0.18060733635609902,0.0122283724269635,0.5470657001123569,0.22195728873175635,0.03071674933099744,0.004970439954150108
5,trf_16_3997a_t2,3.2671361662976794,1.0362300208431368,0.8335107968810835,0.007222458574140597,0.8171202706489842,0.28867935531286837,0.13888530662750775,0.0027781624741303954
5,trf_6_3817a_t2,0.6519870476836952,0.20177551646745673,0.17862495663267725,0.0011838220416507425,0.16175632244983335,0.05626332619935731,0.029705438183440125,0.00042077379625596496
5,trf_16_1142a_t2,6.39048128897347,2.2579243234855575,1.1093430300975258,0.013000714454621344,1.6602184208075315,0.6313434923907555,0.18532572678460757,0.004970955612604853
5,trf_6_724a_t2,3.1651829132197014,0.992730698660133,0.8331924255828502,0.0047000507894545155,0.789237994838516,0.2768173341172906,0.13860360846986042,0.0016809573260423466
5,trf_6_5085a_t2,5.410080405475055,1.9534132377404203,0.8406897416718778,0.02028450216679937,1.4154021680451878,0.5454903666501416,0.14168566644638225,0.008165216684982558
5,trf_6_5595a_t2,3.6785542221108707,1.2118225860835308,0.8309132363805264,0.008357078542475456,0.9315159118329519,0.3373692926432733,0.1381282481919336,0.0031938073835601558
5,trf_6_5711a_t2,2.8279662920832855,0.8490243759810029,0.8330340204678706,0.00373068130500959,0.695145094422077,0.23671088800228535,0.13852568416873812,0.0013005350087920533
5,trf_6_5712a_t2,6.149339126521885,2.2675914989082298,0.8356787475601392,0.018255076906026752,1.621640542037734,0.6329779228425734,0.1397945451605983,0.007192782731436979
5,trf_6_5659a_t2,1.745219975973857,0.3882234201866069,0.832809833516855,0.0014178520616162336,0.3929679295717641,0.10818266199016019,0.1383376950983598,0.00041412078546159835
5,trf_6_6158a_t2,11.840644434129558,4.577724363160339,1.105863922862915,0.046144817979710956,3.1752806469545742,1.2755510449494487,0.186115890416634,0.01867033396632275
5,trf_6_6197a_t2,17.832241193111884,6.92470781380494,1.6172805114575501,0.06250983521847797,4.793337408067718,1.9338874965546484,0.2720885586192938,0.025358334166474344
5,trf_6_6153a_t2,21.92558094795934,9.057323406165594,0.9739435105736369,0.25394672870120294,4.53545821447619,1.8933938597561761,0.17565765813184175,0.06973589228149196
5,trf_6_1504a_t2,2.3018851988782236,0.6260890402777475,0.8350105434800588,0.004688242958291519,0.5481896195543874,0.1746711164054242,0.1390711122021412,0.0017537435567050465
5,trf_6_6249a_t2,8.161745134994593,3.1288280023956068,0.8427276434203229,0.03266621270624734,2.1826373591862858,0.8735384880282324,0.1427254100424198,0.013164758518705973
5,trf_16_6312a_t2,2.1162817383297425,0.5463882613407284,0.8338447845249222,0.003809076931108577,0.49628500117064256,0.15223060429894397,0.1387946867657993,0.0014075773983566026
5,trf_6_727a_t2,7.231179545227789,2.7306413062908828,0.8400776012534348,0.026465336568551878,1.923422315644939,0.7624657263431907,0.14164118401404424,0.010598630378959029
6,busa4-_202312598_segmmt_24122,2263.6593456620226,128.57230009327964,107.2801437989438,-768.693437624799,460.21082428476575,78.91354001319853,17.476495580712538,-106.19166410632465
6,trf_16_1585a_t2,1.2856567588642391,0.31026770771048323,0.5535273811833937,0.0008823244960600312,0.32619289033096255,0.10484313055841493,0.07855024473665617,0.0005651659532707168
6,trf_16_1143a_t2,18.534337040159084,7.566286966453564,1.0635009937238795,0.19824451525677272,5.412210269402459,2.2856852371191057,0.18430613222219827,0.09872024061874014
6,trf_6_4910a_t2,66.80414309015094,28.657074946370514,1.7405389154761108,2.5792575031806155,22.232752390992978,9.959943398043443,0.6196314951242221,1.5103832079163089
6,trf_6_1541a_t2,4.908894218209164,1.8474228955546645,0.561035693747723,0.022830728750522673,1.0778511493052934,0.4185154754889897,0.08109409582300586,0.007181695037789326
6,trf_6_1350a_t2,5.164281350539855,1.647306646332513,1.2841821214880653,0.00722755735798023,0.9022627199168554,0.3023646885545086,0.18267587517830242,0.0014732663318452665
6,trf_6_808a_t2,4.793577294786245,1.811799461183044,0.5593763715188175,0.022987189270027658,1.5136262804780931,0.6151406854453063,0.08191011874452964,0.012652105032509242
6,trf_6_810a_t2,7.8433909870851135,2.9290143214749156,0.9848644498390344,0.03313671177833507,2.464818592159041,0.9927770031425198,0.1467336268886137,0.01827301269787256
6,trf_16_3130a_t2,11.057193492983581,4.302908367200274,1.0144545887413676,0.08247830365947853,3.5474691597856767,1.457101133449037,0.1648344866123277,0.04686628734061414
6,trf_6_1048a_t2,1.8007067442157925,0.5302821614234959,0.5548047732724661,0.002907445074201085,0.500932311971207,0.17952008932641272,0.07901995975851711,0.0013527015502207574
6,trf_6_6273a_t2,9.759437173698448,3.74608495102959,0.9779598287560329,0.040222748428629655,2.000025671866803,0.7877444069441917,0.1401984511817469,0.010958304805749837
6,trf_6_731a_t2,1.7405074155744584,0.5045752374005495,0.555305550678251,0.002678669167100422,0.4805528942105022,0.17084361952383514,0.07914648374753808,0.0012411716495872086
6,trf_6_732a_t2,6.8719494891163695,2.518055816006227,0.9747982503084716,0.023248619940083044,2.1362976577028885,0.8543316237218854,0.14052217156094793,0.012545727946560416
6,trf_6_730a_t2,2.1112335281748194,0.6612725734511142,0.5578977815866472,0.004635950252814024,0.48749956775318726,0.17346916144520158,0.07985195870776196,0.001592720392503277
6,trf_6_729a_t2,8.213980510072439,3.2823473071372087,0.5895400382597913,0.07504284197375194,2.669787435014711,1.116049331986555,0.0999200840746326,0.04281766913978931
6,trf_16_299a_t2,11.611045707810312,4.39352078485723,1.3135496105766848,0.053418668787842905,3.676517048705514,1.486212640724248,0.2012615331150851,0.03011945332915704
6,trf_11_130a_t2,3.0636884588346014,1.0664856766075625,0.556977641506702,0.010925802594625153,0.9267979144030778,0.3600283627536648,0.08099753054606279,0.006046295772475398
6,trf_6_1151a_t2,5.279584157418167,1.8377158304464232,0.9783015720146812,0.01770522060221814,1.5974245641530107,0.6235439765587316,0.14201895881032156,0.009682031563189374
6,trf_16_538a_t2,3.9783165704444454,1.2826315894784999,0.9780033389879672,0.017426911553628723,1.1552098739664047,0.4343552674928778,0.1422974483585968,0.009581392299681048
6,trf_6_723a_t2,4.825234098575576,1.8245074293174182,0.5604322387889521,0.023337441644250993,1.5244554784515394,0.6193455008282829,0.0825889885752632,0.012863893915725042
6,trf_6_722a_t2,1.5542691102541726,0.4252371686204055,0.5547575089587082,0.002103108518319418,0.4174840147673231,0.14391428078632962,0.0789746729299497,0.0009337778300960264
6,trf_6_737a_t2,4.551547809951578,1.7047390727790184,0.5684913406792649,0.0239564792847026,1.4321767008313184,0.5782642827837647,0.08696184870620205,0.013513506086645009
6,trf_6_728a_t2,8.38509178680162,3.1635230968432335,0.981462495343356,0.03636146687700104,2.648037980059607,1.073303333173694,0.14485180597931746,0.02022947681665284
6,trf_6_3819a_t2,10.561204640024956,4.090421036113125,0.9831305333220587,0.06275702059323354,3.3758173470272315,1.3833812059703452,0.14726205632442335,0.03547488675162545
6,trf_6_124a_t2,13.110393430643068,5.025840682218997,1.3091667767091906,0.06862456513089085,3.8414094757741495,1.5510944892401506,0.19812766122033576,0.035079706298820394
6,trf_16_6318a_t2,9.701217819600242,3.5838555530540406,1.289551802256697,0.03691425599300133,3.0288137128333563,1.2120880654029635,0.1879250588082193,0.020325377702096702
6,trf_6_2090a_t2,5.557162524498387,2.1398879433468614,0.562673669592275,0.031273160974125525,1.7718894974033086,0.7269161040975347,0.0839085610568312,0.017410914430354522
6,trf_16_2658a_t2,1.654019559572634,0.4675016542787026,0.5531356498286875,0.0024174720197058658,0.4508217169454667,0.15782264789324985,0.0784848738913358,0.0010983917041559653
6,trf_6_1177a_t2,16.819358522744324,6.377308980064065,1.8885424714032244,0.054942650261626605,3.707228001462168,1.4659071797147423,0.27266637306825325,0.016132476608170403
6,trf_16_3364a_t2,2.619319095776566,0.8784627392220181,0.5544275581802542,0.006466453917499653,0.7773053593454096,0.2969159790346021,0.07921116707342091,0.0033145924860044293
6,trf_6_3509a_t2,7.282837856236723,3.1040696991817467,0.2596351841620209,0.17065909887475653,2.4142031373896264,1.0690918826952447,0.060507115706831316,0.09913818133708242
6,trf_11_3987a_t2,3.0114708719272203,1.204100029400134,0.21429264894294142,0.028282453875358222,0.9761427486854708,0.4092052883874714,0.0336853125868424,0.016054081448394722
6,trf_16_3997a_t2,4.648908623634717,1.565452684597897,0.9742859215716628,0.015799644341589716,1.3817724573370374,0.5292226637547603,0.1407751246905793,0.00857718576744912
6,trf_6_3817a_t2,0.9237953785910286,0.30501735317325923,0.20841934339519083,0.0023933433687142697,0.27180833090733336,0.1032418367058025,0.029794386762513586,0.0012095213270635272
6,trf_16_1142a_t2,9.284871810029234,3.4207238125742983,1.2970948259557429,0.028269040932101232,2.8943905210557634,1.1627994890887408,0.1877517958582171,0.015268326477479888
6,trf_6_724a_t2,4.4978504221343405,1.5011514749195605,0.9724331805610082,0.009565603910456055,1.3326675089146391,0.5084207762594275,0.13924075497815802,0.004865553121001539
6,trf_6_5085a_t2,7.889939868419334,2.9580182975625076,0.9900569939111474,0.046448216811529025,2.4798594629442787,1.0046050598220873,0.1493672522392696,0.026163714644729656
6,trf_6_5595a_t2,4.570690214281271,1.5286477501312343,0.9691239869000068,0.013349233353576326,0.8921359921704002,0.31682516404770356,0.1382107505194804,0.004992154811100871
6,trf_6_5711a_t2,3.9880126977431853,1.2836531451927655,0.9719810210669242,0.007408644357257821,1.1600464056598998,0.43462876921176263,0.13894700059905363,0.003677963052248231
6,trf_6_5712a_t2,8.604897647065815,3.2567445792640877,0.9777019669867583,0.03490946887212079,2.4555585205439305,0.9891530803558579,0.1420232194266191,0.01665439196609404
6,trf_6_5659a_t2,2.3506766513667925,0.5866901689868718,0.9709263556311498,0.0024033191653554447,0.6054566753929356,0.19846674880026488,0.13811652211429482,0.000985467103739211
6,trf_6_6158a_t2,17.49747053827963,6.918639046766507,1.3026746550798038,0.10625595517282235,5.6568261041500705,2.340914683606168,0.19681073221688883,0.0601111371931114
6,trf_6_6197a_t2,26.398708366766705,10.48904565374653,1.9029306384027125,0.14435061951363537,8.566467173654821,3.56433783994159,0.28565012694516234,0.0818407842951574
6,trf_6_6153a_t2,28.176423269723646,11.716376995337583,1.2127737142307604,0.4322273088235533,6.250842321764306,2.6590535891719895,0.23883020365712349,0.17828058012235037
6,trf_6_1504a_t2,3.191358910972774,0.9470167276061001,0.9751008347842893,0.010031225739752275,0.8894737120945502,0.32092768732835264,0.14009029130423056,0.005342982781460756
6,trf_6_6249a_t2,10.797158042814587,4.1894163527382915,0.9873204015680511,0.05194627818632869,2.635412907819994,1.0605883503426847,0.1445927581477282,0.01928006548008135
6,trf_16_6312a_t2,2.9104093367576382,0.8254591701444884,0.97366159769671,0.008053039371397895,0.7941275984278957,0.27907090880376006,0.13981681317178785,0.004243962440289318
6,trf_6_727a_t2,10.642882648087575,4.1351294306350574,0.9898780184920466,0.06029182031734545,3.4117031028597857,1.4044881243441747,0.14980041723861182,0.03382648374879357
7,busa4-_202312598_segmmt_24122,2931.9619607470054,296.4819541539499,128.00110107039038,-871.3796752296547,668.3026150849828,167.90965406067028,20.72095727144658,-102.6862376048557
7,trf_16_1585a_t2,1.6161516125882278,0.41678458984044114,0.6314970242182927,0.0014719328291709533,0.3304948537239887,0.10651688212995791,0.07796964303489895,0.000589608333110922
7,trf_16_1143a_t2,22.98793014137257,9.423761208134655,1.2352084529026468,0.26851452903495554,4.453593101213485,1.857474241681091,0.17170745917876729,0.07027001377818282
7,trf_6_4910a_t2,89.46629063985306,38.80070149967036,2.382391555049203,4.160217868642309,22.662147549702112,10.143626553299846,0.6418526395730924,1.580960365461693
7,trf_6_1541a_t2,5.25093805873264,1.9471954441786505,0.6385533286461694,0.023469238276026403,0.34204384052347603,0.09977254862398599,0.07751763489844643,0.0006385095255037297
7,trf_6_1350a_t2,5.118630559245784,1.5431006389648212,1.465169954221499,0.007280748626106713,-0.04565079129407046,-0.10420600736769181,0.18098783273343377,5.3191268126483e-05
7,trf_6_808a_t2,6.334244379831047,2.4364318193021584,0.6407915279881252,0.036194838103996645,1.5406670850448014,0.6246323581191144,0.08141515646930775,0.013207648833968987
7,trf_6_810a_t2,10.352016763038186,3.936987510164574,1.1308838689888674,0.05221315726727093,2.508625775953073,1.0079731886896584,0.14601941914983296,0.01907644548893586
7,trf_16_3130a_t2,14.67130180626746,5.784010425717263,1.1796057992238138,0.13146403293196918,3.6141083132838787,1.4811020585169885,0.1651512104824462,0.04898572927249065
7,trf_6_1048a_t2,2.308994430098202,0.7124340303867054,0.63314529164277,0.004311907225926667,0.5082876858824097,0.18215186896320945,0.07834051837030387,0.0014044621517255822
7,trf_6_6273a_t2,9.99764338367386,3.7717557908364907,1.1148324491166168,0.040367804222909025,0.23820620997541297,0.02567083980690077,0.1368726203605839,0.00014505579427936954
7,trf_6_731a_t2,2.228272403987156,0.6780744273348212,0.6338423265494533,0.003967343652745177,0.4877649884126978,0.1734991899342716,0.07853677587120222,0.0012886744856447554
7,trf_6_732a_t2,9.0460994528678,3.3858005863044163,1.1143570698602245,0.03633782079060822,2.1741499637514305,0.8677447702981893,0.13955881955175298,0.013089200850525173
7,trf_6_730a_t2,2.5865392509479275,0.8291440932365972,0.637002879892954,0.006105339734021249,0.4753057227731081,0.16787151978548298,0.07910509830630685,0.0014693894812072249
7,trf_6_729a_t2,10.933280768923328,4.415946311127782,0.689820158175249,0.11979473747810272,2.7193002588508897,1.1335990039905735,0.10028011991545771,0.04475189550435078
7,trf_16_299a_t2,15.356306541653318,5.904520976819608,1.5144935529531367,0.08488922002240641,3.7452608338430053,1.5110001919623777,0.20094394237645186,0.03147055123456351
7,trf_11_130a_t2,4.006499492787702,1.4321920513406838,0.6375112318743478,0.01723728147636643,0.9428110339531006,0.3657063747331213,0.08053359036764574,0.006311478881741276
7,trf_6_1151a_t2,6.90550033953433,2.471848598230193,1.1195917181725488,0.0278120433031379,1.6259161821161632,0.6341327677837698,0.1412901461578676,0.010106822700919758
7,trf_16_538a_t2,5.153228924162034,1.724467198516892,1.1196223113979316,0.02743414404486869,1.174912353717589,0.44183560903839214,0.14161897240996435,0.010007232491239967
7,trf_6_723a_t2,6.376501589574625,2.4530583323083963,0.6425150132253795,0.03676545808360121,1.5512674909990487,0.6285509029909782,0.08208277443642742,0.013428016439350217
7,trf_6_722a_t2,1.9775120113170186,0.5712538758154029,0.6330475939898221,0.00307111636787498,0.423242901062846,0.14601670719499737,0.0782900850311139,0.0009680078495555621
7,trf_6_737a_t2,6.010245834893058,2.2926648658556217,0.6552897860870844,0.03807439086623447,1.45869802494148,0.5879257930766033,0.08679844540781956,0.014117911581531872
7,trf_6_728a_t2,11.079725909999226,4.252758220123777,1.1254437752943502,0.05748245969940216,2.6946341231976056,1.0892351232805435,0.1439812799509943,0.021120992822401118
7,trf_6_3819a_t2,13.999522680585608,5.496085051097262,1.1298760912382557,0.09982579459022152,3.4383180405606524,1.4056640149841373,0.14674555791619703,0.03706877399698798
7,trf_6_124a_t2,16.481458695914153,6.365518485137569,1.5025375034195645,0.09653372518636391,3.371065265271085,1.3396778029185716,0.19337072671037392,0.02790916005547306
7,trf_16_6318a_t2,12.784230252099567,4.815027985042904,1.4763993705863532,0.058135280405629,3.0830124324993253,1.2311724319888633,0.1868475683296562,0.021221024412627673
7,trf_6_2090a_t2,7.361006873695891,2.8780030355901864,0.6461763679417769,0.04945509472343557,1.8038443491975045,0.738115092243325,0.08350269834950186,0.01818193374931005
7,trf_16_2658a_t2,2.1115118350827773,0.6277864875214054,0.631017660149776,0.003557320359979979,0.4574922755101434,0.16028483324270282,0.07788201032108855,0.0011398483402741133
7,trf_6_1177a_t2,20.52376587053258,7.838435153975261,2.1598900734949953,0.07128546759427479,3.704407347788255,1.4611261739111958,0.2713476020917709,0.016342817332648182
7,trf_16_3364a_t2,3.409788534445383,1.1801143802463132,0.6330901126437718,0.00991920099246683,0.7904694386688167,0.3016516410242951,0.07866255446351755,0.0034527470749671774
7,trf_6_3509a_t2,9.745665970132817,4.193716733306107,0.32144608493567206,0.2743806033465006,2.4628281138960944,1.08964703412436,0.061810900773651145,0.10372150447174408
7,trf_11_3987a_t2,4.005715727011932,1.6198320080459094,0.24795245379906228,0.04505993807339085,0.9942448550847116,0.4157319786457754,0.033659804856120856,0.016777484198032627
7,trf_16_3997a_t2,6.054338398003441,2.1032917969911904,1.1142257122520498,0.024751864209580768,1.4054297743687245,0.5378391123932933,0.13993979068038698,0.008952219867991051
7,trf_6_3817a_t2,1.2004177750805165,0.4100936676002357,0.23805728858983283,0.0036531945188830696,0.27662239648948794,0.10507631442697646,0.029637945194641996,0.0012598511501688
7,trf_16_1142a_t2,12.240126741838885,4.6089315581857235,1.4846933232320316,0.04421678832972054,2.9552549318096517,1.1882077456114253,0.18759849727628874,0.01594774739761931
7,trf_6_724a_t2,5.852082991775166,2.0170434313701193,1.1105321034082012,0.014631576804223848,1.3542325696408257,0.5158919564505589,0.13809892284719294,0.005065972893767793
7,trf_6_5085a_t2,10.415288288414446,3.979251010052532,1.1389643897453052,0.07378644927740498,2.5253484199951126,1.0212327124900242,0.1489073958341578,0.027338232465875953
7,trf_6_5595a_t2,4.7339666338689135,1.5316445914264982,1.1063229012662406,0.016404768275916016,0.1632764195876426,0.0029968412952638968,0.13719891436623377,0.0030555349223396894
7,trf_6_5711a_t2,5.166316793220552,1.7246456439992226,1.1097672636819307,0.011235141139260997,1.1783040954773663,0.4409924988064571,0.1377862426150065,0.003826496782003176
7,trf_6_5712a_t2,10.672873262590597,4.072324648449884,1.1173318402363066,0.04676754343226235,2.067975615524782,0.8155800691857964,0.13962987324954834,0.011858074560141561
7,trf_6_5659a_t2,2.9640321381523576,0.7881611716486523,1.1079131973200003,0.003422635812115463,0.6133554867855651,0.20147100266178053,0.13698684168885045,0.001019316646760018
7,trf_6_6158a_t2,23.260279316632356,9.29726459244507,1.498912060753889,0.16907392491480092,5.762808778352728,2.3786255456785623,0.1962374056740852,0.06281796974197856
7,trf_6_6197a_t2,35.12067126608789,14.106653715329319,2.187200796233527,0.22986128490959526,8.721962899321184,3.6176080615827892,0.28427015783081444,0.08551066539595989
7,trf_6_6153a_t2,34.31307071740614,14.321808100387136,1.450441397885232,0.6122407819295722,6.1366474476824955,2.6054311050495524,0.23766768365447155,0.1800134731060189
7,trf_6_1504a_t2,4.09535745462009,1.2735766616567477,1.1144623081110483,0.015607169973121806,0.9039985436473161,0.32655993405064754,0.13936147332675897,0.005575944233369531
7,trf_6_6249a_t2,12.149565536932064,4.6903977759028725,1.1258109656734407,0.05695319505842888,1.352407494117477,0.500981423164581,0.13849056410538962,0.005006916872100191
7,trf_16_6312a_t2,3.7168475784859383,1.1092500464093138,1.1126594370953264,0.012480285047695813,0.8064382417283,0.28379087626482535,0.13899783939861643,0.0044272456762979185
7,trf_6_727a_t2,14.116658235112611,5.561354579760771,1.1391133708171457,0.09562601818104932,3.4737755870250364,1.4262251491257132,0.1492353523250991,0.03533419786370387
8,busa4-_202312598_segmmt_24122,3760.7283711383384,531.7043196464219,151.6923999796083,-971.6884891236097,828.766410391333,235.22236549247202,23.69129890921792,-100.30881389395495
8,trf_16_1585a_t2,1.8640629075713298,0.4884112684277131,0.7090851946450468,0.0017512168570211505,0.24791129498310194,0.07162667858727195,0.07758817042675414,0.0002792840278501973
8,trf_16_1143a_t2,24.392956203303836,9.95925463328661,1.3807502794033897,0.2794002622109077,1.4050260619312667,0.5354934251519552,0.14554182650074288,0.01088573317595215
8,trf_6_4910a_t2,104.89218420794182,45.473309901821395,2.743958900729792,4.885935418664026,15.425893568088767,6.672608402151035,0.361567345680589,0.7257175500217175
8,trf_6_1541a_t2,4.344220307223975,1.5257236376579133,0.7194849621609941,0.029069197165478497,-0.9067177515086646,-0.42147180652073724,0.08093163351482469,0.005599958889452094
8,trf_6_1350a_t2,3.6643983811184686,0.8442964992244036,1.6476985341195833,0.011550041214029163,-1.4542321781273158,-0.6988041397404176,0.18252857989808424,0.0042692925879224495
8,trf_6_808a_t2,7.397193403533002,2.8542500728896307,0.7198424756521584,0.04247637336421489,1.0629490237019557,0.4178182535874724,0.0790509476640332,0.0062815352602182475
8,trf_6_810a_t2,12.085518693490918,4.612104918274295,1.2708737639291712,0.061277452130750136,1.7335019304527322,0.6751174081097213,0.13998989494030378,0.009064294863479205
8,trf_16_3130a_t2,17.15428651899282,6.778206690958015,1.3284350017268314,0.1543501582113355,2.4829847127253597,0.9941962652407526,0.14882920250301757,0.022886125279366315
8,trf_6_1048a_t2,2.6760885009539686,0.8344542005665242,0.7107828576266549,0.005043822172485889,0.3670940708557664,0.12202017017981881,0.07763756598388494,0.0007319149465592218
8,trf_6_6273a_t2,7.440324576451418,2.630007376774708,1.2572777875840802,0.059249255623323775,-2.557318807222443,-1.1417484140617828,0.14244533846746332,0.01888145140041475
8,trf_6_731a_t2,2.58177435846519,0.7944064337373717,0.711721938597792,0.00464126529556104,0.353501954478034,0.11633200640255059,0.07787961204833871,0.0006739216428158631
8,trf_6_732a_t2,10.55441277161632,3.966760420545591,1.2515421647522487,0.04263149964828193,1.5083133187485203,0.5809598342411748,0.13718509489202413,0.006293678857673714
8,trf_6_730a_t2,2.9565626031982415,0.9522286338985764,0.7152411704056696,0.00699481973744517,0.370023352250314,0.12308454066197916,0.07823829051271558,0.0008894800034239215
8,trf_6_729a_t2,12.791245060403094,5.1734821092751915,0.7774311347516684,0.1406509423595534,1.8579642914797656,0.7575357981474093,0.08761097657641936,0.020856204881450666
8,trf_16_299a_t2,17.94081887790855,6.920033830832205,1.703513904523665,0.09968324077177587,2.5845123362552336,1.0155128540125968,0.1890203515705282,0.01479402074936946
8,trf_11_130a_t2,4.667775489010475,1.678168920855931,0.7161411658708218,0.020246787642262048,0.6612759962227726,0.2459768695152471,0.078629933996474,0.0030095061658956188
8,trf_6_1151a_t2,8.045309358886845,2.897036630607677,1.2580036036505913,0.032644366618629996,1.1398090193525148,0.42518803237748415,0.1384118854780425,0.004832323315492097
8,trf_16_538a_t2,5.990082629638838,2.021285955484638,1.2581170149027479,0.032184597581976115,0.8368537054768037,0.29681875696774584,0.1384947035048163,0.004750453537107426
8,trf_6_723a_t2,7.4461316613427195,2.873264406285413,0.7217845295662975,0.043146666683989345,1.0696300717680947,0.4202060739770168,0.07926951634091794,0.006381208600388134
8,trf_6_722a_t2,2.2873414479194807,0.6690855429575592,0.7106642807783259,0.00358861989800331,0.3098294366024621,0.0978316671421563,0.07761668678850375,0.00051750353012833
8,trf_6_737a_t2,7.018558466829518,2.6868495407901074,0.7370468663934032,0.04471921590217409,1.0083126319364597,0.3941846749344857,0.08175708030631879,0.006644825035939619
8,trf_6_728a_t2,12.937957426891096,4.981297027525178,1.2643503793353756,0.06748016427619799,1.8582315168918697,0.7285388074014012,0.1389066040410254,0.00999770457679583
8,trf_6_3819a_t2,16.3657868666418,6.440415742546331,1.270002255799017,0.11721525022164472,2.36626418605619,0.9443306914490686,0.1401261645607612,0.017389455631423203
8,trf_6_124a_t2,17.988055406783715,6.911250836158714,1.6861470017339362,0.10346837421235947,1.5065967108695624,0.5457323510211447,0.18360949831437168,0.006934649025995554
8,trf_16_6318a_t2,14.921714549499825,5.641712570766686,1.6585522962729295,0.06822347807150207,2.137484297400258,0.8266845857237826,0.18215292568657637,0.010088197665873072
8,trf_6_2090a_t2,8.6012986417855,3.3714849266650937,0.7261539799314501,0.058046613972496754,1.240291768089608,0.49348189107490725,0.07997761198967324,0.00859151924906118
8,trf_16_2658a_t2,2.444992055059812,0.7355553275908475,0.7084884058207968,0.004159616637813269,0.3334802199770346,0.1077688400694421,0.07747074567102075,0.0006022962778332898
8,trf_6_1177a_t2,23.10699074152339,8.820208648090057,2.426714419016439,0.07917274968331756,2.5832248709908114,0.9817734941147966,0.26682434552144363,0.007887282089042769
8,trf_16_3364a_t2,3.967914186646944,1.3828162656928407,0.7109519905993111,0.011629561200017182,0.5581256522015612,0.20270188544652745,0.07786187795553934,0.0017103602075503512
8,trf_6_3509a_t2,11.422277197147803,4.9168698840780225,0.36539050824494096,0.3222289732512346,1.6766112270149858,0.7231531507719158,0.0439444233092689,0.04784836990473401
8,trf_11_3987a_t2,4.68638146482711,1.8978826921116256,0.27896210980202596,0.052901543160602825,0.6806657378151781,0.2780506840657162,0.03100965600296368,0.007841605087211975
8,trf_16_3997a_t2,7.0464149715164215,2.4647721400706457,1.251627007301629,0.02904258430041784,0.9920765735129802,0.3614803430794553,0.1374012950495791,0.004290720090837072
8,trf_6_3817a_t2,1.3965159203953825,0.48075371030193176,0.267446178332559,0.004282162421393239,0.19609814531486602,0.07066004270169607,0.029388889742726187,0.0006289679025101693
8,trf_16_1142a_t2,14.29524070583856,5.408855039701641,1.6699653574037416,0.051889520518360654,2.055113963999675,0.7999234815159175,0.18527203417171,0.007672732188640112
8,trf_6_724a_t2,6.807362239216185,2.3625342222906407,1.2468383447902138,0.017148070728988822,0.9552792474410188,0.3454907909205214,0.13630624138201264,0.0025164939247649745
8,trf_6_5085a_t2,12.161610571053746,4.6630683841146645,1.2806064963579542,0.08662092589459162,1.7463222826392997,0.6838173740621327,0.14164210661264898,0.012834476617186646
8,trf_6_5595a_t2,3.7376261940333184,1.0458742201268152,1.244299116408586,0.02079528464366012,-0.9963404398355951,-0.48577037129968303,0.13797621514234537,0.004390516367744103
8,trf_6_5711a_t2,6.003120168868572,2.0200296111817613,1.2459326211459878,0.013161173591723647,0.83680337564802,0.2953839671825387,0.1361653574640571,0.00192603245246265
8,trf_6_5712a_t2,11.443968934697859,4.331281971370902,1.2535649343124533,0.04839492822215454,0.7710956721072613,0.2589573229210176,0.1362330940761467,0.001627384789892189
8,trf_6_5659a_t2,3.4207749119806503,0.9232825076635192,1.2438967207424592,0.003989928796665769,0.45674277382829276,0.13512133601486687,0.1359835234224589,0.0005672929845503064
8,trf_6_6158a_t2,27.210576598299227,10.894607721049528,1.6851029545681098,0.19848772984823695,3.95029728166687,1.597343128604459,0.18619089381422071,0.02941380493343604
8,trf_6_6197a_t2,41.07968584593604,16.523245671680172,2.4579908657842364,0.26982823239731724,5.9590145798481515,2.416591956350853,0.2707900695507095,0.03996694748772198
8,trf_6_6153a_t2,38.838494048073535,16.208497514073326,1.6395057238542103,0.7059486014442661,4.525423330667394,1.8866894136861898,0.18906432596897838,0.09370781951469387
8,trf_6_1504a_t2,4.749277437495756,1.492885908003608,1.2521569444728293,0.01829671982875982,0.6539199828756663,0.21930924634686044,0.13769463636178103,0.0026895498556380147
8,trf_6_6249a_t2,11.058293473250352,4.159010289700747,1.2645207264992153,0.06052939696458133,-1.0912720636817124,-0.5313874862021253,0.13870976082577458,0.0035762019061524528
8,trf_16_6312a_t2,4.30489194076819,1.3000978991034282,1.249900250929839,0.014628129831022494,0.5880443622822518,0.19084785269411442,0.13724081383451248,0.0021478447833266807
8,trf_6_727a_t2,16.500736079938285,6.5150783567903945,1.2805339937070224,0.11224590159889218,2.384077844825674,0.9537237770296239,0.14142062288987667,0.01661988341784286
9,busa4-_202312598_segmmt_24122,4562.347208301938,755.6245526637524,175.48373081261406,-1071.723235017021,801.6188371635994,223.92023301733047,23.79133083300576,-100.03474589341124
9,trf_16_1585a_t2,2.065917537049404,0.5406223060487357,0.7868966468824633,0.0018973132620518159,0.2018546294780741,0.05221103762102264,0.07781145223741648,0.00014609640503066533
9,trf_16_1143a_t2,22.5689072136323,9.134487483709428,1.5328442777727678,0.2944944524605198,-1.8240489896715353,-0.8247671495771822,0.1520939983693781,0.015094190249612116
9,trf_6_4910a_t2,116.20540368491653,50.27721853480887,2.9955666326440626,5.2720560502109075,11.313219476974709,4.803908632987472,0.25160773191427044,0.3861206315468815
9,trf_6_1541a_t2,1.6847183981242635,0.3941649556181628,0.8238454473320337,0.07528451951037868,-2.6595019090997116,-1.1315586820397505,0.10436048517103957,0.04621532234490018
9,trf_6_1350a_t2,0.07216115590962824,-0.7464654917868044,1.8414433989037395,0.03664887642542098,-3.5922372252088404,-1.590761991011208,0.1937448647841562,0.025098835211391817
9,trf_6_808a_t2,8.191685820581187,3.1576537216811373,0.7982479829160606,0.045961861009362705,0.7944924170481844,0.3034036487915066,0.07840550726390216,0.0034854876451478126
9,trf_6_810a_t2,13.383608688139729,5.102719317419209,1.4089775706257575,0.06630105416610195,1.2980899946488105,0.49061439914491345,0.13810380669658628,0.005023602035351814
9,trf_16_3130a_t2,19.000146224928297,7.5019440827920345,1.4714598130452272,0.16678486383623933,1.845859705935478,0.7237373918340193,0.14302481131839584,0.012434705624903841
9,trf_6_1048a_t2,2.9641814954035954,0.9231335784435245,0.7883968078842206,0.00549274193206606,0.2880929944496269,0.08867937787700031,0.07761395025756568,0.0004489197595801712
9,trf_6_6273a_t2,0.8032312597847167,-0.14925370409196903,1.4310283221177111,0.1837324284435851,-6.637093316666701,-2.779261080866677,0.17375053453363098,0.1244831728202613
9,trf_6_731a_t2,2.8600829502964498,0.8789754225888504,0.7895878509825331,0.005055770426627752,0.27830859183125956,0.08456898885147868,0.07786591238474116,0.0004145051310667112
9,trf_6_732a_t2,11.688569509841132,4.3887108234807055,1.388237784111225,0.046168002663950436,1.1341567382248119,0.42195040293511443,0.13669561935897634,0.0035365030156685046
9,trf_6_730a_t2,3.2668624673309514,1.0501263065266622,0.7933685382715535,0.0076152402844576195,0.31029986413270993,0.0978976726280858,0.07812736786588392,0.0006204205470124492
9,trf_6_729a_t2,14.164284488079169,5.723092841850626,0.8603183112431263,0.15194986241212496,1.3730394276760745,0.5496107325754345,0.08288717649145794,0.011298920052571576
9,trf_16_299a_t2,19.871903120810018,7.659588257294647,1.8886029775707769,0.10777097599671738,1.9310842429014663,0.7395544264624423,0.18508907304711197,0.008087735224941509
9,trf_11_130a_t2,5.170935327277252,1.8575847075586185,0.7944524993897203,0.02191540329385149,0.503159838266777,0.17941578670268754,0.07831133351889852,0.0016686156515894439
9,trf_6_1151a_t2,8.911620822625144,3.2059212084007926,1.3956710994388755,0.0353388186755629,0.8663114637382989,0.3088845777931155,0.1376674957882842,0.002694452056932903
9,trf_16_538a_t2,6.636811956088354,2.237352495882694,1.3958963794009458,0.034819537385446894,0.646729326449516,0.21606654039805617,0.13777936449819794,0.002634939803470779
9,trf_6_723a_t2,8.245220576717024,3.1782768426797374,0.8002137330596034,0.04668387900594808,0.7990889153743046,0.3050124363943243,0.07842920349330595,0.0035372123219587354
9,trf_6_722a_t2,2.5337903303738254,0.7401946315855029,0.7882675187490648,0.003914278925879154,0.2464488824543447,0.07110908862794374,0.07760323797073887,0.00032565902787584384
9,trf_6_737a_t2,7.773307885150259,2.9732458124492305,0.8170530655406721,0.04835282963357648,0.754749418320741,0.28639627165912307,0.08000619914726892,0.003633613731402391
9,trf_6_728a_t2,14.32641631037509,5.510255213111922,1.4017214639067437,0.07299208591304052,1.3884588834839935,0.5289581855867436,0.13737108457136804,0.005511921636842526
9,trf_6_3819a_t2,18.128384570965228,7.128906466817398,1.408338181482618,0.12670427572238738,1.7625977043234293,0.688490724271067,0.13833592568360098,0.009489025500742654
9,trf_6_124a_t2,17.693254951322686,6.69743681110401,1.8750683374990984,0.10822399633426101,-0.2948004554610293,-0.21381402505470337,0.18892133576516223,0.004755622121901545
9,trf_16_6318a_t2,16.527908615463282,6.244001501426189,1.8397949550075028,0.07382005973813244,1.6061940659634573,0.602288930659503,0.18124265873457324,0.005596581666630365
9,trf_6_2090a_t2,9.524762076167182,3.7296896087411517,0.8050214448293496,0.06277815943003187,0.9234634343816825,0.35820468207605805,0.07886746489789942,0.004731545457535118
9,trf_16_2658a_t2,2.709159794161291,0.8141439516784903,0.7861971863232471,0.0045342796117096,0.26416773910147917,0.07858862408764278,0.07770878050245034,0.0003746629738963312
9,trf_6_1177a_t2,25.05850311618852,9.534232287492884,2.6925264484114124,0.08362263218760972,1.9515123746651284,0.7140236394028268,0.2658120293949735,0.004449882504292166
9,trf_16_3364a_t2,4.3956778950370765,1.5305367552327698,0.7888831139435325,0.012622563979327974,0.42776370839013245,0.1477204895399291,0.07793112334422136,0.0009930027793107928
9,trf_6_3509a_t2,12.652601985256524,5.4389436457835645,0.40238702529206116,0.3478295500489169,1.230324788108721,0.522073761705542,0.0369965170471202,0.025600576797682295
9,trf_11_3987a_t2,5.190338584580265,2.0999360706912924,0.30907978307532175,0.057165217182042025,0.5039571197531547,0.20205337857966676,0.030117673273295786,0.0042636740214392
9,trf_16_3997a_t2,7.806309898939564,2.728184177219834,1.3886643343668215,0.03144496125293834,0.7598949274231428,0.26341203714918837,0.13703732706519256,0.0024023769525204977
9,trf_6_3817a_t2,1.5472728490843235,0.5321859147763035,0.29683871204428,0.004650384605546471,0.15075692868894097,0.051432204474371745,0.02939253371172096,0.00036822218415323224
9,trf_16_1142a_t2,15.839849542753832,5.9898337095846115,1.8544983138429698,0.05620004864713508,1.5446088369152715,0.5809786698829704,0.18453295643922818,0.004310528128774423
9,trf_6_724a_t2,7.539020979919839,2.6135746596587817,1.3828857578189853,0.018614451759688688,0.7316587407036543,0.25104043736814097,0.13604741302877144,0.0014663810306998655
9,trf_6_5085a_t2,13.46937052434659,5.15964415331708,1.4198070405616796,0.09363455143550922,1.3077599532928446,0.49657576920241553,0.1392005442037254,0.007013625540917598
9,trf_6_5595a_t2,1.041900714110934,-0.14617799493936445,1.3902435443225043,0.042602683995675954,-2.6957254799223844,-1.1920522150661796,0.14594442791391837,0.021807399352015835
9,trf_6_5711a_t2,6.648616372436732,2.2346876392560935,1.3819051580123345,0.014299719970686632,0.6454962035681602,0.2146580280743322,0.1359725368663467,0.001138546378962985
9,trf_6_5712a_t2,10.880328150977663,4.025650391440388,1.3907570153674416,0.049445574398821426,-0.5636407837201958,-0.3056315799305134,0.13719208105498826,0.0010506461766668848
9,trf_6_5659a_t2,3.7901047637285226,1.0215626887704958,1.379953157395112,0.004361930692007388,0.36932985174787225,0.09828018110697667,0.13605643665265288,0.00037200189534161883
9,trf_6_6158a_t2,30.139996470832127,12.058903503752841,1.8684264202455065,0.21451905121798429,2.9294198725329004,1.164295782703313,0.18332346567739677,0.01603132136974733
9,trf_6_6197a_t2,45.485457769666276,18.276552153053185,2.7243868284578214,0.29156881770832754,4.405771923730235,1.7533064813730128,0.266395962673585,0.021740585311010308
9,trf_6_6153a_t2,42.42328534942572,17.684554547719927,1.8087698851755882,0.7629106141506541,3.5847913013521833,1.476057033646601,0.1692641613213779,0.05696201270638801
9,trf_6_1504a_t2,5.262558728017125,1.6523628594573707,1.3896208598046833,0.019817880469305552,0.5132812905213688,0.15947695145376262,0.13746391533185398,0.0015211606405457316
9,trf_6_6249a_t2,6.731213174507147,2.298295960422931,1.4260422834802722,0.11401219336212676,-4.327080298743205,-1.8607143292778163,0.16152155698105686,0.053482796397545426
9,trf_16_6312a_t2,4.770438018668791,1.4391445668884364,1.3869919125699757,0.015851173032600606,0.4655460779006013,0.13904666778500818,0.13709166164013675,0.0012230432015781119
9,trf_6_727a_t2,18.272017167624757,7.207342233718959,1.4193402009869311,0.12135123465178917,1.7712810876864715,0.692263876928565,0.13880620727990878,0.009105333052896986
10,busa4-_202312598_segmmt_24122,5263.795828112469,939.2700033331843,199.42567399685802,-1170.527437365122,701.4486198105315,183.64545066943185,23.941943184243968,-98.80420234810117
10,trf_16_1585a_t2,2.228310828735566,0.5761028650119823,0.8651918643299461,0.001953257272525301,0.16239329168616212,0.03548055896324653,0.0782952174474828,5.594401047348497e-05
10,trf_16_1143a_t2,16.715597188118178,6.675511204620786,1.7401735559433216,0.4069102257653752,-5.853310025514123,-2.458976279088642,0.2073292781705538,0.11241577330485542
10,trf_6_4910a_t2,123.94498511911732,53.50891450974473,3.181081074979907,5.45033337481961,7.739581434200787,3.2316959749358602,0.18551444233584435,0.17827732460870216
10,trf_6_1541a_t2,-3.342571769145044,-1.654092423966624,0.9922582160366876,0.23655129734610478,-5.0272901672693076,-2.0482573795847867,0.16841276870465394,0.1612667778357261
10,trf_6_1350a_t2,-6.484422806163142,-3.553029976433836,2.064751999159813,0.11895484139200468,-6.55658396207277,-2.8065644846470317,0.22330860025607335,0.08230596496658371
10,trf_6_808a_t2,8.755002361065724,3.3630699533659607,0.8765226201776424,0.04769414053078233,0.5633165404845375,0.20541623168482337,0.07827463726158179,0.001732279521419626
10,trf_6_810a_t2,14.306859596426841,5.435099866464193,1.54638389049007,0.06879220431024706,0.9232509082871125,0.33238054904498426,0.1374063198643125,0.00249115014414511
10,trf_16_3130a_t2,20.296247327633328,7.993188790142528,1.6115509607543947,0.17274312893751187,1.2961011027050304,0.49124470735049375,0.14009114770916753,0.005958265101272536
10,trf_6_1048a_t2,3.1844589255985336,0.983214365196744,0.8662245794459098,0.005754615857056017,0.22027743019493817,0.060080786753219484,0.07782777156168919,0.0002618739249899563
10,trf_6_6273a_t2,-11.438765932453448,-5.053583953003265,1.688970540524502,0.6003435371081554,-12.241997192238165,-4.904330248911297,0.25794221840679077,0.4166111086645703
10,trf_6_731a_t2,3.0738254462250345,0.9362773860753651,0.8676681069544242,0.00529826155824407,0.21374249592858474,0.05730196348651473,0.07808025597189105,0.0002424911316163186
10,trf_6_732a_t2,12.500657432626008,4.674368261167222,1.5250405624972958,0.04796416906162516,0.8120879227848761,0.28565743768651686,0.1368027783860708,0.0017961663976747214
10,trf_6_730a_t2,3.528106146120173,1.1273503041622623,0.8716545853351442,0.008056662989066508,0.2612436787892216,0.07722399763560017,0.07828604706359066,0.00044142270460888894
10,trf_6_729a_t2,15.119331504599966,6.094832120422165,0.9405846282663918,0.1573345765108758,0.9550470165207976,0.371739278571539,0.08026631702326548,0.005384714098750826
10,trf_16_299a_t2,21.23958348560442,8.161631142244852,2.0720202375822327,0.1116772771879751,1.3676803647944027,0.502042884950205,0.18341726001145586,0.003906301191257719
10,trf_11_130a_t2,5.537835559836288,1.9796384021267925,0.872974124755332,0.022736739621078094,0.36690023255903625,0.12205369456817405,0.07852162536561169,0.0008213363272266024
10,trf_6_1151a_t2,9.542486264478205,3.414992376606151,1.5332427156109996,0.03668626734301561,0.6308654418530608,0.20907116820535832,0.1375716161721241,0.0013474486674527122
10,trf_16_538a_t2,7.119784656872659,2.383965367028513,1.5337200514625036,0.036134250890950625,0.48297270078430454,0.14661287114581878,0.13782367206155777,0.0013147135055037312
10,trf_6_723a_t2,8.811417048133574,3.3846860568038393,0.878374170936103,0.048438435612354815,0.5661964714165499,0.20640921412410185,0.07816043787649962,0.0017545566064067347
10,trf_6_722a_t2,2.7258802601356873,0.7883777781117912,0.8660894320489724,0.004111319061041774,0.1920899297618619,0.0481831465262883,0.07782191329990762,0.0001970401351626197
10,trf_6_737a_t2,8.309622846700748,3.1671303237646655,0.8962122436518425,0.050104274078030295,0.536314961550489,0.19388451131543505,0.07915917811117035,0.0017514444444538119
10,trf_6_728a_t2,15.310505807204134,5.868285120824208,1.5385783125977937,0.07569508874006496,0.9840894968290446,0.35802990771228593,0.13685684869104997,0.002703002827024445
10,trf_6_3819a_t2,19.369630470106454,7.597203933734426,1.546354400139208,0.1312773512538427,1.2412458991412265,0.46829746691702834,0.13801621865659008,0.004573075531455334
10,trf_6_124a_t2,15.220319149098895,5.575058757952496,2.0900765989406453,0.13411767237383176,-2.472935802223791,-1.1223780531515146,0.21500826144154694,0.025893676039570754
10,trf_16_6318a_t2,17.67614395987357,6.653277535460444,2.02136169619983,0.07660272578089519,1.1482353444102884,0.4092760340342547,0.18156674119232719,0.0027826660427627548
10,trf_6_2090a_t2,10.175338417615645,3.972102307457794,0.8834682463268341,0.06509935274988876,0.6505763414484633,0.24241269871664217,0.07844680149748451,0.00232119331985689
10,trf_16_2658a_t2,2.913818633728385,0.8675986604517637,0.8644238155546743,0.004757298431382221,0.20465883956709385,0.05345470877327341,0.0782266292314272,0.00022301881967262075
10,trf_6_1177a_t2,26.465739632438357,10.01798189969926,2.958431972831227,0.08589864787938904,1.4072365162498386,0.4837496122063758,0.26590552441981474,0.0022760156917793206
10,trf_16_3364a_t2,4.71122317456501,1.6309320266473013,0.8672146126343864,0.013154039340790813,0.31554527952793343,0.10039527141453153,0.07833149869085387,0.0005314753614628388
10,trf_6_3509a_t2,13.496477482164703,5.790361495104594,0.4352627184280044,0.3597659850587451,0.8438754969081792,0.35141784932102915,0.03287569313594324,0.011936435009828161
10,trf_11_3987a_t2,5.541706992515553,2.2369025572033334,0.3387972050128961,0.05921089497841404,0.3513684079352881,0.13696648651204102,0.029717421937574373,0.0020456777963720127
10,trf_16_3997a_t2,8.366217856535416,2.9071739779297774,1.5260732643579078,0.03265823893393938,0.5599079575958514,0.1789898007099433,0.13740892999108634,0.001213277681001046
10,trf_6_3817a_t2,1.65897071995923,0.5670666785120176,0.32632730264910603,0.004850166822243232,0.11169787087490657,0.03488076373571414,0.02948859060482606,0.00019978221669676114
10,trf_16_1142a_t2,16.94385377114638,6.382361299692025,2.0387438506594067,0.0583884437802335,1.1040042283925473,0.3925275901074139,0.18424553681643685,0.002188395133098424
10,trf_6_724a_t2,8.078470979558237,2.783618937908305,1.5191790028472978,0.019404848737240715,0.5394499996383972,0.17004427824952328,0.13629324502831253,0.0007903969775520277
10,trf_6_5085a_t2,14.399251357764957,5.49573107412312,1.5579108268884427,0.09702951619509467,0.9298808334183661,0.3360869208060402,0.13810378632676312,0.0033949647595854504
10,trf_6_5595a_t2,-3.9869192896022794,-2.28777334671705,1.5567372987506425,0.114688771951232,-5.028820003713213,-2.1415953517776853,0.16649375442813819,0.07208608795555604
10,trf_6_5711a_t2,7.129744572108982,2.380105704734965,1.5181620662364828,0.014927504485937677,0.4811281996722503,0.14541806547887148,0.13625690822414827,0.0006277845152510442
10,trf_6_5712a_t2,8.660485633694549,3.029411571189066,1.5343340076893153,0.06380846598686091,-2.219842517283114,-0.9962388202513224,0.1435769923218737,0.01436289158803948
10,trf_6_5659a_t2,4.084537885160401,1.0882053474102904,1.5164817264117865,0.004600806038117032,0.2944331214318785,0.06664265863979457,0.13652856901667443,0.00023887534610964392
10,trf_6_6158a_t2,32.187592855829415,12.850656182367468,2.0510321406881253,0.22224580485418838,2.047596384997288,0.7917526786146265,0.1826057204426188,0.007726753636204092
10,trf_6_6197a_t2,48.553352322395895,19.4625659570717,2.988941622300937,0.30201350772506913,3.0678945527296193,1.1860138040185149,0.26455479384311564,0.010444690016741587
10,trf_6_6153a_t2,45.21995612385351,18.82022304481444,1.966415968686163,0.7967986957945118,2.7966707744277883,1.135668497094514,0.15764608351057485,0.033888081643857704
10,trf_6_1504a_t2,5.654824952597643,1.7604109437054163,1.5273377885919124,0.020604281794261794,0.39226622458051796,0.10804808424804557,0.13771692878722908,0.0007864013249562415
10,trf_6_6249a_t2,-1.928347487274669,-1.273616192239571,1.6558884030957721,0.3245181635943388,-8.659560661781816,-3.571912152662502,0.22984611961549994,0.21050597023221207
10,trf_16_6312a_t2,5.130657541554309,1.5335843021117606,1.5244973675558593,0.01649069282172362,0.36021952288551784,0.09443973522332416,0.13750545498588362,0.000639519789123015
10,trf_6_727a_t2,19.51546377284473,7.675768019745696,1.5569806323477227,0.1257792414895298,1.2434466052199724,0.4684257860267369,0.13764043136079152,0.004428006837740625
11,busa4-_202312598_segmmt_24122,5989.400090626894,1134.2160970943887,224.67538879175447,-1267.5326300817046,725.6042625144246,194.94609376120445,25.249714794896448,-97.00519271658254
11,trf_16_1585a_t2,2.386848146937549,0.6099599664647662,0.9434545478137384,0.0020018999644356304,0.1585373182019829,0.03385710145278398,0.07826268348379228,4.8642691910329595e-05
11,trf_16_1143a_t2,9.914986831556092,3.843207914845918,1.9683658120550023,0.5570550083274475,-6.8006103565620855,-2.832303289774868,0.2281922561116807,0.15014478256207225
11,trf_6_4910a_t2,131.34152021617336,56.590309845542485,3.3615947553463528,5.6130607543535325,7.396535097056045,3.081395335797758,0.18051368036644577,0.1627273795339228
11,trf_6_1541a_t2,-8.985959612346381,-3.932536463114888,1.183294213206932,0.43919618077459766,-5.643387843201337,-2.278444039148264,0.19103599717024433,0.20264488342849288
11,trf_6_1350a_t2,-13.832669051890901,-6.680070377367102,2.29832577005401,0.22224272472169057,-7.3482462457277595,-3.1270404009332657,0.23357377089419717,0.10328788332968589
11,trf_6_808a_t2,9.29602322421729,3.558946535259367,0.9546864913624381,0.049291911963845164,0.5410208631515658,0.1958765818934065,0.07816387118479573,0.0015977714330628334
11,trf_6_810a_t2,15.19394881745117,5.752062733009986,1.683560666645621,0.07108915994993849,0.8870892210243291,0.31696286654579264,0.13717677615555113,0.002296955639691428
11,trf_16_3130a_t2,21.539587402253545,8.461913737986777,1.7513077605198624,0.17821068885431735,1.2433400746202175,0.46872494784424834,0.13975679976546762,0.005467559916805476
11,trf_6_1048a_t2,3.3980996810764514,1.0404994480551837,0.9439527222701749,0.006001385981956442,0.21364075547791783,0.057285082858439695,0.0777281428242651,0.0002467701249004254
11,trf_6_6273a_t2,-25.160909667095233,-10.494674796930976,1.9768591860686735,1.1228492848558669,-13.722143734641785,-5.441090843927711,0.2878886455441716,0.5225057477477115
11,trf_6_731a_t2,3.2812703293689003,0.9909240444168057,0.9456636138061548,0.005526846087708747,0.20744488314386578,0.05464665834144056,0.07799550685173062,0.00022858452946467652
11,trf_6_732a_t2,13.281669854349754,4.9467654180899565,1.6616762570081116,0.049625971744931247,0.7810124217237462,0.27239715692273414,0.1366356945108158,0.0016618026833060892
11,trf_6_730a_t2,3.777158362887593,1.1994266918709857,0.949809142130672,0.008438817953188647,0.24905221676741984,0.07207638770872338,0.07815455679552785,0.0003821549641221389
11,trf_6_729a_t2,16.034144524283864,6.449269376868424,1.0205536738607892,0.16227140270105417,0.9148130196838977,0.3544372564462588,0.07996904559439744,0.004936826190178378
11,trf_16_299a_t2,22.553204567989436,8.640679665535972,2.25516104518545,0.11526497756443593,1.3136210823850156,0.47904852329111947,0.18314080760321705,0.003587700376460834
11,trf_11_130a_t2,5.89161085684039,2.0961234807399474,0.951449087245884,0.023492740472885267,0.35377529700410193,0.11648507861315482,0.07847496249055197,0.0007560008518071731
11,trf_6_1151a_t2,10.150678956570948,3.6144015421751394,1.6706654340167857,0.037930023018024187,0.608192692092743,0.19940916556898847,0.13742271840578613,0.001243755675008576
11,trf_16_538a_t2,7.586980123273951,2.5238709380388697,1.6714324845305832,0.03734822828550968,0.46719546640129206,0.13990557101035694,0.13771243306807968,0.001213977394559057
11,trf_6_723a_t2,9.355108476292422,3.5814672228391937,0.9563996461848293,0.050056215769719026,0.5436914281588479,0.19678116603535445,0.07802547524872627,0.0016177801573642112
11,trf_6_722a_t2,2.9126258095706756,0.8343191962876683,0.9438114957428357,0.004297833418165772,0.18674554943498833,0.04594141817587705,0.07772206369386336,0.00018651435712399838
11,trf_6_737a_t2,8.824938968796864,3.3520494745217264,0.9752233629444671,0.05171196146047555,0.5153161220961167,0.1849191507570609,0.07901111929262461,0.0016076873824452526
11,trf_6_728a_t2,16.255523163778314,6.2096219857887025,1.675196241709712,0.07818286231050137,0.94501735657418,0.3413368649644948,0.13661792911191828,0.002487773570436405
11,trf_6_3819a_t2,20.560836960384403,8.044173671992302,1.6842503020591966,0.13547660046651736,1.1912064902779491,0.44696973825787634,0.13789590191998857,0.004199249212674644
11,trf_6_124a_t2,12.25627956035197,4.24896697020349,2.3144578243936884,0.16879521211246104,-2.9640395887469246,-1.3260917877490055,0.22438122545304306,0.034677539738629276
11,trf_16_6318a_t2,18.78031880509667,7.043811972816162,2.202793721280919,0.07916985116866175,1.104174845223099,0.3905344373557176,0.18143202508108924,0.0025671253877665584
11,trf_6_2090a_t2,10.799604469495753,4.203238739197042,0.9617795571737194,0.06723634687078893,0.6242660518801078,0.23113643173924814,0.07831131084688536,0.002136994120900168
11,trf_16_2658a_t2,3.112696996572489,0.9186113606256284,0.9426194080247957,0.004968025003074914,0.1988783628441042,0.05101270017386472,0.07819559247012142,0.0002107265716926928
11,trf_6_1177a_t2,27.820776743193477,10.479516347235709,3.2241250160546358,0.08800680864409437,1.35503711075512,0.4615344475364491,0.2656930432234086,0.0021081607647053247
11,trf_16_3364a_t2,5.015945508277256,1.726735156755772,0.9455077192038572,0.013649288298450638,0.3047223337122462,0.09580313010847075,0.07829310656947086,0.0004952489576598249
11,trf_6_3509a_t2,14.303377872049262,6.125456895149747,0.4678108776777697,0.3706765350149181,0.806900389884559,0.33509540004515337,0.032548159249765285,0.010910549956173021
11,trf_11_3987a_t2,5.8784052610875355,2.3675554662560563,0.36845614716773856,0.061088380795929036,0.3366982685719826,0.13065290905272287,0.029658942154842438,0.0018774858175149983
11,trf_16_3997a_t2,8.906851382746053,3.0779827441834193,1.663391581781811,0.03378003715680499,0.5406335262106374,0.17080876625364194,0.1373183174239032,0.0011217982228656082
11,trf_6_3817a_t2,1.766916279022021,0.6003516356489159,0.3558016670103517,0.005036694937350341,0.10794555906279091,0.033284957136898274,0.029474364361245675,0.00018652811510710878
11,trf_16_1142a_t2,18.00605769589465,6.756993574130905,2.2229196008560588,0.06041368563789497,1.062203924748271,0.3746322744388797,0.1841757501966521,0.0020252418576614667
11,trf_6_724a_t2,8.599241516745314,2.9457466863916575,1.6552887189536618,0.020142025601796513,0.5207705371870777,0.16212774848335254,0.13610971610636402,0.0007371768645557976
11,trf_6_5085a_t2,15.292774653758029,5.816261922654395,1.6957764093019325,0.10014933971444302,0.8935232959930719,0.32053084853127434,0.13786558241348978,0.0031198235193483498
11,trf_6_5595a_t2,-9.633064923140608,-4.676638909300168,1.7302539103093784,0.2052554539380345,-5.646145633538329,-2.3888655625831183,0.17351661155873588,0.09056668198680248
11,trf_6_5711a_t2,7.594866875108792,2.5187545332331367,1.6542373221566884,0.015514783779364381,0.46512230299981017,0.13864882849817173,0.13607525592020564,0.0005872792934267044
11,trf_6_5712a_t2,6.05268375418515,1.8725907114949982,1.679983148855454,0.08355614193344095,-2.607801879509399,-1.1568208596940677,0.1456491411661387,0.019747675946580043
11,trf_6_5659a_t2,4.371595283948266,1.1517627872764973,1.6528662548047484,0.0048286158529170465,0.28705739878786485,0.06355743986620688,0.1363845283929619,0.0002278098148000146
11,trf_6_6158a_t2,34.15059114890967,13.606325243545285,2.233458181202768,0.22934243490526954,1.962998293080254,0.7556690611778176,0.18242604051464273,0.00709663005108116
11,trf_6_6197a_t2,51.49224114157283,20.59321531850562,3.252972868489578,0.31160091518015015,2.9388888191769382,1.130649361433921,0.2640312461886407,0.00958740745508102
11,trf_6_6153a_t2,47.83595153739641,19.877845365742054,2.1212132602396094,0.8263483741157566,2.6159954135429047,1.0576223209276137,0.15479729155344635,0.029549678321244777
11,trf_6_1504a_t2,6.035404345154902,1.863493521705038,1.6649593660550417,0.02133419102522854,0.3805793925572587,0.10308257799962162,0.1376215774631293,0.0007299092309667465
11,trf_6_6249a_t2,-11.700529162427397,-5.27201145971366,1.9100233000744264,0.592092125480217,-9.772181675152728,-3.998395267474089,0.2541348969786543,0.2675739618858781
11,trf_16_6312a_t2,5.480679811259089,1.6237108877560518,1.661917992872888,0.017085203876467142,0.35002226970477945,0.09012658564429121,0.1374206253170287,0.0005945110547435212
11,trf_6_727a_t2,20.708044687535324,8.122396904627497,1.6943506505787775,0.12985091213595842,1.1925809146905948,0.4466288848818003,0.13737001823105488,0.004071670646428632
12,busa4-_202312598_segmmt_24122,6632.036243579672,1294.5528040270838,248.9406698768435,-1365.3062994868403,642.6361529527785,160.33670693269505,24.265281085089015,-97.7736694051357
12,trf_16_1585a_t2,2.5465676316188954,0.6442619514021561,1.0219898135840932,0.00205193260613258,0.15971948468134656,0.034301984937389896,0.07853526577035486,5.0032641696949685e-05
12,trf_16_1143a_t2,2.5562449918285415,0.7935588048126316,2.2105428076174185,0.7320675745913643,-7.358741839727551,-3.0496491100332865,0.24217699556241623,0.1750125662639168
12,trf_6_4910a_t2,138.82094894778288,59.71325828813214,3.5436016387905256,5.778939544524197,7.4794287316095165,3.122948442589653,0.18200688344417282,0.1658787901706642
12,trf_6_1541a_t2,-15.023586651730449,-6.356569097238374,1.3899388624770568,0.6698700542896178,-6.037627039384068,-2.424032634123486,0.20664464927012482,0.2306738735150201
12,trf_6_1350a_t2,-21.696110985466508,-10.014900270962913,2.539679432914586,0.34000865016045073,-7.863441933575606,-3.3348298935958116,0.2413536628605759,0.11776592543876016
12,trf_6_808a_t2,9.842473716529627,3.7573405113763214,1.0331073625962137,0.05091755482235592,0.5464504923123368,0.1983939761169542,0.07842087123377561,0.001625642858510759
12,trf_6_810a_t2,16.089872836908903,6.073096012234323,1.8211943498038792,0.07342632275754585,0.8959240194577323,0.3210332792243378,0.13763368315825808,0.0023371628076073597
12,trf_16_3130a_t2,22.795771775188925,8.936680225285574,1.8915703933147925,0.1837790109500919,1.2561843729353797,0.47476648729879756,0.14026263279493012,0.005568322095774542
12,trf_6_1048a_t2,3.613515766531494,1.0985215421855057,1.0219340839853297,0.0062514850515165,0.21541608545504243,0.058022094130322,0.0779813617151548,0.0002500990695600575
12,trf_6_6273a_t2,-39.83944477153339,-16.278129776408186,2.285738909597809,1.7177707997233087,-14.678535104438154,-5.783454979477209,0.3088797235291354,0.5949215148674418
12,trf_6_731a_t2,3.4903858390709015,1.0462607615504136,1.0238948876029277,0.005758480580690071,0.2091155097020012,0.05533671713360788,0.07823127379677286,0.0002316344929813247
12,trf_6_732a_t2,14.070236997707283,5.222605617428919,1.7987280539596797,0.05131572111867362,0.788567143357529,0.27584019933896275,0.1370517969515681,0.0016897493737423747
12,trf_6_730a_t2,4.018853931055645,1.2684092240818847,1.028164551119421,0.008774715721813937,0.24169556816805216,0.068982532210899,0.07835540898874904,0.0003358977686252901
12,trf_6_729a_t2,16.958488098665086,6.808210342141179,1.1008048929014596,0.16729972438317636,0.924343574381222,0.35894096527275554,0.08025121904067034,0.005028321682122194
12,trf_16_299a_t2,23.879975716399382,9.125813049909574,2.438900654922033,0.1189181110399756,1.3267711484099465,0.48513338437360254,0.1837396097365831,0.003653133475539666
12,trf_11_130a_t2,6.248825228693306,2.214160947500065,1.0302203215384853,0.024262320417663682,0.3572143718529164,0.11803746676011784,0.07877123429260136,0.0007695799447784146
12,trf_6_1151a_t2,10.764337945552379,3.8162377161143777,1.8084481351202908,0.03919511154792939,0.613658988981431,0.20183617393923825,0.1377827011035051,0.0012650885299052006
12,trf_16_538a_t2,8.058211114305722,2.66553158316466,1.8095473459997509,0.038583085748553875,0.4712309910317716,0.14166064512579046,0.13811486146916763,0.0012348574630441922
12,trf_6_723a_t2,9.904271078269206,3.7807841783747165,1.0346856315162052,0.05170230768630598,0.5491626019767839,0.19931695553552276,0.07828598533137587,0.0016460919165869545
12,trf_6_722a_t2,3.100846642654789,0.8808519605279147,1.0217873499443528,0.004486711684296563,0.18822083308411353,0.04653276424024644,0.07797585420151709,0.00018887826613079098
12,trf_6_737a_t2,9.345235281317848,3.539242904834792,1.0544602296711783,0.053348979421073174,0.5202963125209834,0.1871934303130658,0.07923686672671115,0.0016370179605976268
12,trf_6_728a_t2,17.210039540826184,6.555354511485,1.812269947559339,0.08071500949317263,0.9545163770478702,0.3457325256962971,0.13707370584962697,0.0025321471826712655
12,trf_6_3819a_t2,21.764646498857108,8.497143090793706,1.822683865237615,0.13975328754489427,1.2038095384727043,0.45296941880140373,0.13843356317841837,0.004276687078376917
12,trf_6_124a_t2,9.017975671041272,2.8101527891292597,2.545792410880833,0.20914467311326876,-3.238303889310698,-1.4388141810742305,0.23133458648714456,0.04034946100080772
12,trf_16_6318a_t2,19.895671709119043,7.43952389301249,2.3849003072293558,0.08178198584508159,1.115352904022373,0.3957119201963284,0.18210658594843654,0.002612134676419839
12,trf_6_2090a_t2,11.430217273219878,4.437337491133651,1.0403488102474994,0.06941133098746773,0.6306128037241248,0.23409875193660934,0.07856925307377993,0.0021749841166787964
12,trf_16_2658a_t2,3.3132404201367853,0.9703019054197753,1.0211025791514439,0.005181546555516146,0.20054342356429622,0.05169054479414692,0.07848317112664815,0.00021352155244123202
12,trf_6_1177a_t2,29.188184040487005,10.946585131814745,3.490461156286797,0.09014966604282716,1.3674072972935285,0.4670687845790358,0.26633614023216134,0.002142857398732795
12,trf_16_3364a_t2,5.32350894987547,1.823795979534843,1.0240768731073324,0.014152304516796181,0.307563441598214,0.09706082277907102,0.07856915390347519,0.0005030162183455433
12,trf_6_3509a_t2,15.118672021030019,6.4645832456000845,0.5004902773937198,0.3817944348958265,0.8152941489807564,0.33912635045033745,0.032679399715950075,0.011117899880908388
12,trf_11_3987a_t2,6.218688482418161,2.4999292228227925,0.39822680779406433,0.06300050713009045,0.3402832213306253,0.13237375656673622,0.029770660626325773,0.001912126334161414
12,trf_16_3997a_t2,9.452496993772483,3.2510154722990676,1.8011775764335536,0.03492100185679453,0.5456456110264298,0.1730327281156483,0.13778599465174257,0.0011409646999895398
12,trf_6_3817a_t2,1.8757883771144155,0.6340410877707137,0.38535134258822396,0.005226020804497659,0.10887209809239451,0.03368945212179775,0.029549675577872248,0.0001893258671473181
12,trf_16_1142a_t2,19.07711932079527,7.135490267809814,2.4072322362318523,0.06247172463186645,1.0710616249006186,0.37849669367890915,0.18431263537579357,0.0020580389939714797
12,trf_6_724a_t2,9.124763643160959,3.1099608764623206,1.7918432931320845,0.020890537942158945,0.5255221264156447,0.16421419007066307,0.13655457417842265,0.0007485123403624325
12,trf_6_5085a_t2,16.194988592510192,6.140780874059832,1.8340461533303676,0.10332551666226306,0.9022139387521637,0.3245189514054374,0.13826974402843506,0.0031761769478200336
12,trf_6_5595a_t2,-15.677988937509102,-7.224465811421236,1.9091405330614344,0.30851213059334903,-6.044924014368494,-2.547826902121068,0.17888662275205602,0.10325667665531454
12,trf_6_5711a_t2,8.064120510032831,2.659188681179837,1.7907581052572967,0.016110769944385667,0.4692536349240388,0.14043414794670017,0.13652078310060833,0.0005959861650212863
12,trf_6_5712a_t2,3.219899287131246,0.6232657060612028,1.8275267749896849,0.10672924962762462,-2.8327844670539037,-1.2493250054337954,0.1475436261342309,0.023173107694183667
12,trf_6_5659a_t2,4.660778850448539,1.2161358163597706,1.7896910384208307,0.005059007303330159,0.2891835665002729,0.06437302908327336,0.1368247836160823,0.00023039145041311212
12,trf_6_6158a_t2,36.13468938266467,14.372127265884014,2.416599571890494,0.23656958795346117,1.9840982337549988,0.765802022338729,0.18314139068772572,0.007227153048191631
12,trf_6_6197a_t2,54.461955094581526,21.73844455429846,3.5178977172218686,0.32136416231679593,2.969713953008693,1.14522923579284,0.26492484873229083,0.00976324713664578
12,trf_6_6153a_t2,50.326467191323395,20.88271605332516,2.27440272872948,0.8530527811423622,2.490515653926984,1.0048706875831073,0.1531894684898707,0.026704407026605592
12,trf_6_1504a_t2,6.41895950370758,1.967822047206927,1.8029309410420882,0.02207584652056819,0.38355515855267797,0.10432852550188909,0.13797157498704649,0.0007416554953396486
12,trf_6_6249a_t2,-22.176530887788065,-9.537274594018138,2.1810048999932516,0.8983140145686199,-10.476001725360668,-4.265263134304478,0.2709815999188252,0.306221889088403
12,trf_16_6312a_t2,5.833476956448854,1.7149795504442982,1.7997537272380502,0.017689214441917435,0.3527971451897649,0.0912686626882464,0.13783573436516217,0.0006040105654502928
12,trf_6_727a_t2,21.91279961377441,8.574715315122422,1.8321678384571145,0.13399582388047176,1.2047549262390866,0.45231841049492516,0.13781718787833697,0.004144911744513341
13,busa4-_202312598_segmmt_24122,7314.740624149684,1471.9660905907544,273.94752406782465,-1462.2745296382038,682.7043805700114,177.41328656367068,25.00685419098116,-96.96823015136351
13,trf_16_1585a_t2,2.7046283033597613,0.6778859682586343,1.1004062873645817,0.002099196774101578,0.1580606717408659,0.0336240168564782,0.07841647378048844,4.726416796899807e-05
13,trf_16_1143a_t2,-4.840163610073057,-2.2710473872461456,2.4535170182258415,0.9087874093948183,-7.396408601901599,-3.0646061920587773,0.24297421060842295,0.176719834803454
13,trf_6_4910a_t2,146.16160093138453,62.773305186292696,3.7235104492844635,5.9388893732783625,7.340651983601646,3.0600468981605573,0.17990881049393792,0.15994982875416586
13,trf_6_1541a_t2,-21.07183889589143,-8.784493308993921,1.597091130762476,0.9017017809611503,-6.048252244160983,-2.4279242117555473,0.20715226828541922,0.2318317266715325
13,trf_6_1350a_t2,-29.56986069216955,-13.353803465041754,2.7809874470667464,0.458267640253433,-7.873749706703041,-3.3389031940788403,0.2413080141521604,0.11825899009298224
13,trf_6_808a_t2,10.37990381727227,3.9517968484803947,1.1113934177649714,0.05249157960880035,0.5374301007426432,0.19445633710407328,0.07828605516875764,0.0015740247864444237
13,trf_6_810a_t2,16.971155335198628,6.387764400064312,1.958578520993025,0.07568897719148669,0.8812824982897247,0.31466838782998874,0.13738417118914592,0.0022626544339408444
13,trf_16_3130a_t2,24.030590842631558,9.4020984640917,2.0315306207998374,0.18915952550379814,1.2348190674426327,0.46541823880612654,0.13996022748504489,0.00538051455370625
13,trf_6_1048a_t2,3.8261855890609184,1.1553904461053754,1.099785826228413,0.006495687797253939,0.21266982252942457,0.05686890391986976,0.07785174224308333,0.00024420274573743947
13,trf_6_6273a_t2,-54.54020621623548,-22.06925776584507,2.595167723750528,2.315413515994677,-14.700761444702096,-5.791127989436884,0.30942881415271906,0.5976427162713684
13,trf_6_731a_t2,3.6969003123906234,1.1005058456733372,1.1020076923898445,0.0059846906025947805,0.20651447331972195,0.054245084122923615,0.07811280478691685,0.00022621002190470908
13,trf_6_732a_t2,14.846238826243718,5.492995798028442,1.9355655320528444,0.05295384160001406,0.776001828536435,0.2703901805995228,0.1368374780931647,0.0016381204813404396
13,trf_6_730a_t2,4.2564255911599655,1.3356488573184022,1.1063875321733243,0.009094186128398067,0.23757166010432051,0.0672396332365175,0.07822298105390324,0.00031947040658412973
13,trf_6_729a_t2,17.866660276879866,7.160036431387978,1.1808554672760903,0.1721568662933533,0.9081721782147802,0.35182608924679837,0.0800505743746307,0.004857141910176943
13,trf_16_299a_t2,25.18486249066745,9.601435530822553,2.622318292301343,0.12244924325163851,1.3048867742680663,0.4756224809129783,0.18341763737931016,0.0035311322116629157
13,trf_11_130a_t2,6.600625282850632,2.3298616837303836,1.1088588115312348,0.025006788455637977,0.3518000541573256,0.1157007362303184,0.07863848999274947,0.0007444680379742954
13,trf_6_1151a_t2,11.368846519558554,4.014134714094666,1.9460438055968083,0.04042045439878995,0.6045085740061751,0.1978969979802887,0.13759567047651755,0.0012253428508605599
13,trf_16_538a_t2,8.522976472075193,2.804425765360293,1.947468378537255,0.03977928891237644,0.4647653577694708,0.13889418219563288,0.1379210325375042,0.0011962031638225665
13,trf_6_723a_t2,10.444334998953423,3.976130926618586,1.1128285268521494,0.053295926795641685,0.5400639206842168,0.19534674824386933,0.0781428953359442,0.0015936191093357047
13,trf_6_722a_t2,3.2868381729819003,0.92645989416027,1.0996332946037066,0.004671459741707058,0.18599153032711113,0.04560793363235527,0.0778459446593538,0.00018474805741049496
13,trf_6_737a_t2,9.857088632670209,3.722772147633255,1.1335634120482674,0.054931024814975186,0.5118533513523609,0.18352924279846272,0.07910318237708913,0.0015820453939020124
13,trf_6_728a_t2,18.14875907537697,6.894203685878894,1.949092443986508,0.08316466256568447,0.9387195345507848,0.3388491743938946,0.13682249642716915,0.00244965307251184
13,trf_6_3819a_t2,22.94801208155719,8.941137882718518,1.9608655779558029,0.14388656191904173,1.183365582700084,0.44399479192481195,0.1381817127181879,0.004133274374147455
13,trf_6_124a_t2,5.75348725898236,1.3602471377839065,2.7771910384673997,0.2499593830839382,-3.2644884120589124,-1.4499056513453532,0.2313986275865667,0.04081470997066944
13,trf_16_6318a_t2,20.992999692098596,7.827393399524571,2.566696526497461,0.08431125122913984,1.0973279829795537,0.3878695065120805,0.1817962192681053,0.0025292653840582463
13,trf_6_2090a_t2,12.050210252621493,4.666787992369691,1.1187755866366869,0.07151572216339099,0.6199929794016157,0.22945050123603927,0.07842677638918749,0.002104391175923259
13,trf_16_2658a_t2,3.5113396860430934,1.020969130269529,1.0994613284187695,0.005390229183074858,0.1980992659063081,0.05066722484975361,0.07835874926732567,0.00020868262755871243
13,trf_6_1177a_t2,30.53460231026962,11.404614338584793,3.756478257197584,0.09222809871689408,1.346418269782614,0.458029206770048,0.266017100910787,0.0020784326740669185
13,trf_16_3364a_t2,5.626606944246663,1.9189396065756712,1.1025240946318837,0.014641283172895501,0.30309799437119267,0.09514362704082813,0.0784472215245513,0.00048897865609932
13,trf_6_3509a_t2,15.919241775594596,6.797082355735094,0.5330192607083017,0.3925213660938815,0.8005697545645774,0.3324991101350099,0.03252898331458198,0.010726931198055012
13,trf_11_3987a_t2,6.5530261645900785,2.6296719469397662,0.4279354118208037,0.064848218508863,0.3343376821719177,0.12974272411697374,0.02970860402673936,0.0018477113787725569
13,trf_16_3997a_t2,9.990209020543592,3.4206392783818993,1.9387494334404325,0.03602675448279034,0.5377120267711089,0.16962380608283167,0.1375718570068789,0.0011057526259958053
13,trf_6_3817a_t2,1.9831364974254926,0.6670778918473199,0.41486680377018403,0.005410227900088296,0.1073481203110771,0.03303680407660625,0.02951546118196008,0.00018420709559063657
13,trf_16_1142a_t2,20.13179183574019,7.506941679429986,2.591469797373571,0.06446752452076368,1.0546725149449223,0.37145141162017214,0.18423756114171885,0.001995799888897233
13,trf_6_724a_t2,9.642651818102328,3.2709098376980767,1.9281675981050697,0.021618466578911737,0.5178881749413691,0.1609489612357562,0.1363243049729852,0.0007279286367527921
13,trf_6_5085a_t2,17.082556860572947,6.458925018722817,1.9720846849964138,0.10639643668397249,0.8875682680627541,0.3181441446629849,0.13803853166604618,0.0030709200217094307
13,trf_6_5595a_t2,-21.73221611963603,-9.775945907669758,2.0879693614755053,0.41222953445155835,-6.054227182126926,-2.551480096248522,0.17882882841407088,0.10371740385820932
13,trf_6_5711a_t2,8.526809526267217,2.796830312095681,1.9270489234264654,0.01669105041041727,0.4626890162343855,0.13764163091584392,0.13629081816916866,0.0005802804660316012
13,trf_6_5712a_t2,0.36999434313211577,-0.6332332195064092,1.9749521796440672,0.13021806947348818,-2.8499049439991304,-1.256498925567612,0.14742540465438236,0.023488819845863568
13,trf_6_5659a_t2,4.946848976952291,1.2792346936913868,1.9262985574618383,0.005285013441953289,0.28607012650375196,0.06309887733161612,0.13660751904100765,0.00022600613862313029
13,trf_6_6158a_t2,38.08430876204656,15.122753631538295,2.599399999960198,0.24355506532621288,1.9496193793818932,0.7506263656542806,0.18280042806970442,0.006985477372751708
13,trf_6_6197a_t2,57.37972178287459,22.860844838007072,3.7823134784250536,0.33079945189981136,2.9177666882930637,1.1224002837086111,0.264415761203185,0.009435289583015427
13,trf_6_6153a_t2,52.823171735647726,21.890062395954374,2.4270901139645034,0.8798650538588633,2.4967045443243308,1.0073463426292122,0.15268738523502323,0.026812272716501107
13,trf_6_1504a_t2,6.797733750769868,2.0701258151532502,1.9407347605355012,0.02279580046575872,0.3787742470622879,0.10230376794632323,0.13780381949341303,0.0007199539451905324
13,trf_6_6249a_t2,-32.675707684170206,-13.811403191321668,2.452546941928833,1.2062640511319205,-10.499176796382141,-4.27412859730353,0.2715420419355814,0.30795003656330056
13,trf_16_6312a_t2,6.182028517383905,1.8044634993599955,1.9373983615635897,0.01827587071287578,0.3485515609350518,0.08948394891569733,0.13764463432553953,0.0005866562709583439
13,trf_6_727a_t2,23.097062462253163,9.018064309087151,1.9697275049647802,0.13800430807304645,1.1842628484787525,0.4433489939647295,0.1375596665076657,0.004008484192574685
14,busa4-_202312598_segmmt_24122,7878.951663628278,1599.0882333308755,297.07959782521795,-1561.2367076345831,564.2110394785941,127.12214274012103,23.1320737573933,-98.9621779963793
14,trf_16_1585a_t2,2.8578529838026876,0.7093810328356305,1.17919419826318,0.0021364229355818666,0.15322468044292625,0.031495064576996135,0.07878791089859827,3.7226161480288355e-05
14,trf_16_1143a_t2,-12.501649978610335,-5.439256960261979,2.702892555413207,1.0975835830248102,-7.661486368537277,-3.168209573015833,0.24937553718736538,0.1887961736299919
14,trf_6_4910a_t2,153.03455251208976,65.63583187447539,3.8975172240463625,6.078355707745864,6.872951580705234,2.8625266881826903,0.17400677476189896,0.13946633446750134
14,trf_6_1541a_t2,-27.245777457512258,-11.259274366124124,1.8092391538137509,1.141933723457807,-6.173938561620826,-2.474781057130203,0.2121480230512749,0.2402319424966568
14,trf_6_1350a_t2,-37.59391616113626,-16.753426779557792,3.025106561252165,0.5804808639867016,-8.024055468966708,-3.399623314516038,0.24411911418541843,0.12221322373326865
14,trf_6_808a_t2,10.887646231540296,4.133912956932263,1.1900049982429342,0.05388856420136845,0.5077424142680265,0.1821161084518681,0.0786115804779628,0.0013969845925681026
14,trf_6_810a_t2,17.804349656794454,6.682490388504144,2.096485847226563,0.07769601344448278,0.8331943215958262,0.2947259884398319,0.13790732623353796,0.002007036252996086
14,trf_16_3130a_t2,25.19418479822461,9.83793261677692,2.1717480837996126,0.19389350636344585,1.1635939555930541,0.43583415268521897,0.14021746299977522,0.004733980859647713
14,trf_6_1048a_t2,4.030415674275369,1.2086688216553443,1.1780106754013815,0.006720157781479372,0.20423008521445096,0.05327837554996884,0.07822484917296846,0.00022446998422543264
14,trf_6_6273a_t2,-69.53301269363233,-27.96565523970724,2.9111497113166016,2.933880843120334,-14.992806477396847,-5.896397473862169,0.31598198756607365,0.6184673271256567
14,trf_6_731a_t2,3.8953390137496213,1.1513054552027582,1.1804620243653607,0.006192660234184759,0.19843870135899788,0.050799609529420975,0.07845433197551621,0.0002079696315899788
14,trf_6_732a_t2,15.58093569418516,5.74617749452271,2.0729759709296625,0.05441505651553386,0.734696867941441,0.25318169649426814,0.13741043887681803,0.0014612149155198012
14,trf_6_730a_t2,4.4805561496233395,1.3972075175854781,1.1849251012324284,0.009357375825990537,0.22413055846337393,0.061558660267075904,0.07853756905910414,0.0002631896975924704
14,trf_6_729a_t2,18.720846892677947,7.4894578460833605,1.2609810104226142,0.1764246591972499,0.8541866157980813,0.3294214146953829,0.08012554314652398,0.004267792903896589
14,trf_16_299a_t2,26.416828752218063,10.046750575270767,2.806254708961187,0.12555979707799175,1.231966261550614,0.4453150444482148,0.18393641665984406,0.003110553826353238
14,trf_11_130a_t2,6.93498238090639,2.438272182649718,1.187856157106902,0.02566480807177031,0.334357098055758,0.10841049891933441,0.07899734557566718,0.0006580196161323319
14,trf_6_1151a_t2,11.943087838400274,4.199311564019505,2.084102623488354,0.04150886671435912,0.5742413188417199,0.1851768499248383,0.13805881789154562,0.001088412315569172
14,trf_16_538a_t2,8.96678619582884,2.934434241181163,2.0858784539299635,0.04084276715627049,0.44380972375364713,0.13000847582086994,0.13841007539270844,0.0010634782438940504
14,trf_6_723a_t2,10.954570320033625,4.159113145716875,1.1912996949537478,0.054709666306863726,0.5102353210802022,0.18298221909828882,0.07847116810159838,0.001413739511222041
14,trf_6_722a_t2,3.466134971721181,0.9691898022985718,1.1778536887863833,0.004842499747095682,0.17929679873928084,0.0427299081383018,0.07822039418267668,0.00017104000538862435
14,trf_6_737a_t2,10.340731883734529,3.8945323672977348,1.2128669462484678,0.05632318867713412,0.48364325106432027,0.17176021966447985,0.07930353420020042,0.0013921638621589363
14,trf_6_728a_t2,19.03568776221877,7.211608511746841,2.086482947589928,0.08533096374351379,0.8869286868418023,0.31740482586794716,0.13739050360341998,0.002166301177829316
14,trf_6_3819a_t2,24.06388539813164,9.357126900961594,2.099609000644134,0.14752670808779778,1.1158733165744472,0.4159890182430761,0.13874342268833129,0.0036401461687560477
14,trf_6_124a_t2,2.337147405670528,-0.1514902149811912,3.011736123398692,0.29336281490448896,-3.4163398533118317,-1.5117373527650977,0.23454508493129245,0.04340343182055076
14,trf_16_6318a_t2,22.03142849527814,8.19078895872286,2.7493079681870745,0.0865565851392609,1.0384288031795421,0.36339555919829003,0.1826114416896134,0.002245333910121064
14,trf_6_2090a_t2,12.635110426352838,4.881668656726717,1.1975006039825975,0.07337771635250193,0.5849001737313451,0.21488066435702624,0.07872501734591064,0.001861994189110941
14,trf_16_2658a_t2,3.7020124791392686,1.0684467350940456,1.1782101705241452,0.005582776082573879,0.19067279309617513,0.047477604824516684,0.0787488421053757,0.0001925468994990213
14,trf_6_1177a_t2,31.81055305829104,11.833087359805797,4.023318747245951,0.09408469549029423,1.275950748021419,0.42847302122100395,0.26684049004836696,0.0018565967734001515
14,trf_16_3364a_t2,5.915391006698661,2.008069381123831,1.1813376057673937,0.015082467398446752,0.28878406245199795,0.08912977454815985,0.07881351113550994,0.00044118422555125027
14,trf_6_3509a_t2,16.669147775880827,7.107816769124854,0.5652360011625674,0.40189646318394107,0.7499060002862308,0.3107344133897598,0.0322167404542657,0.00937509709005957
14,trf_11_3987a_t2,6.867615019103067,2.7511917894664015,0.4577339039696788,0.06647448434394278,0.3145888545129889,0.12151984252663528,0.02979849214887509,0.001626265835079771
14,trf_16_3997a_t2,10.502353257122202,3.579513494304015,2.076910195192397,0.03701185381613572,0.5121442365786102,0.1588742159221157,0.13816076175196468,0.0009850993333453822
14,trf_6_3817a_t2,2.085456645511008,0.6979885996044278,0.4444844198937574,0.005576888349047345,0.10232014808551537,0.030910707757107914,0.029617616123573387,0.00016666044895904952
14,trf_16_1142a_t2,21.128231404682307,7.853596183166027,2.7758547825606654,0.06624633734286274,0.9964395689421153,0.34665450373604045,0.18438498518709423,0.0017788128220990601
14,trf_6_724a_t2,10.136244577601488,3.421690692026926,2.0651325266151743,0.02227652846582283,0.49359275949916004,0.15078085432884913,0.13696492851010467,0.0006580618869110912
14,trf_6_5085a_t2,17.921380973811658,6.756701950552019,2.11053220446187,0.1091048457214512,0.8388241132387115,0.29777693182920206,0.13844751946545641,0.0027084090374787095
14,trf_6_5595a_t2,-27.9073689614535,-12.375706504395811,2.2687885772855516,0.5194951202015875,-6.1751528418174715,-2.5997605967260533,0.18081921581004634,0.10726558575002915
14,trf_6_5711a_t2,8.968814259342695,2.9257806408196685,2.063985845080035,0.017218213820049663,0.4420047330754784,0.1289503287239877,0.13693692165356963,0.0005271634096323946
14,trf_6_5712a_t2,-2.5890031086823533,-1.9339666454595854,2.123656597254817,0.15538549209694,-2.958997451814469,-1.3007334259531762,0.14870441761074993,0.025167422623451813
14,trf_6_5659a_t2,5.223772431431193,1.3383438869114883,2.0635414503984224,0.005496695515747863,0.27692345447890254,0.05910919322010155,0.1372428929365841,0.0002116820737945741
14,trf_6_6158a_t2,39.919580860392266,15.82601859714769,2.7829144167315154,0.2497102681081432,1.8352720983457047,0.7032649656093959,0.1835144167713172,0.0061552027819303246
14,trf_6_6197a_t2,60.125292684292305,23.912137536390123,4.047746863255197,0.3391078355338095,2.7455709014177145,1.051292698383051,0.26543338483014356,0.008308383633998162
14,trf_6_6153a_t2,55.160652853048134,22.83048304550006,2.5778878693427467,0.9032026704245292,2.337481117400408,0.9404206495456862,0.15079775537824336,0.02333761656566591
14,trf_6_1504a_t2,7.161097480993467,2.1658431007320518,2.079002270105409,0.023441339773724437,0.36336373022359947,0.09571728557880155,0.13826750956990796,0.000645539307965716
14,trf_6_6249a_t2,-43.41478917184611,-18.176637776892683,2.7301014086084545,1.527079691173803,-10.739081487675904,-4.365234585571015,0.27755446667962147,0.32081564004188245
14,trf_16_6312a_t2,6.51729142399875,1.888243362236742,2.0755849738285237,0.018803279844814696,0.3352629066148447,0.08377986287674655,0.138186612264934,0.0005274091319389176
14,trf_6_727a_t2,24.21336601716714,9.43323226242724,2.1077585094468962,0.14154395053870888,1.1163035549139764,0.41516795334008805,0.13803100448211603,0.003539642465662435
15,busa4-_202312598_segmmt_24122,8386.428468223565,1701.6029265818229,319.0669108120292,-1661.6508858306397,507.4768045952869,102.5146932509474,21.987312986811276,-100.41417819605658
15,trf_16_1585a_t2,3.0145223351405748,0.7423038130834925,1.2581370659862459,0.002179474625003506,0.15666935133788717,0.032922780247861994,0.07894286772306591,4.305168942163925e-05
15,trf_16_1143a_t2,-19.789632095844823,-8.461796251092139,2.9429014822826267,1.2689511657917967,-7.287982117234488,-3.02253929083016,0.24000892686941988,0.1713675827669865
15,trf_6_4910a_t2,160.20367713277287,68.63036682963322,4.0756451604311685,6.229945516136419,7.169124620683107,2.9945349551578317,0.17812793638480606,0.15158980839055491
15,trf_6_1541a_t2,-33.19501350776267,-13.651509403851266,2.012059521662156,1.364794285827091,-5.949236050250409,-2.3922350377271417,0.20282036784840507,0.22286056236928387
15,trf_6_1350a_t2,-45.332794364582206,-20.03844278640229,3.265316906977363,0.6939730123930143,-7.73887820344595,-3.285016006844497,0.24021034572519806,0.11349214840631272
15,trf_6_808a_t2,11.414608524890156,4.324350295263153,1.268817232534783,0.055391615578762585,0.5269622933498592,0.1904373383308906,0.07881223429184891,0.001503051377394135
15,trf_6_810a_t2,18.66872922362122,6.990668322633285,2.2347722269771406,0.07985614095538475,0.8643795668267664,0.30817793412914085,0.13828637975057756,0.0021601275109019713
15,trf_16_3130a_t2,26.403306579609957,10.293492448650767,2.312438529706277,0.19901241852054072,1.2091217813853454,0.4555598318738472,0.14069044590666424,0.005118912157094868
15,trf_6_1048a_t2,4.240438177251349,1.2643849590982226,1.2564271360416013,0.006956826294167775,0.21002250297597946,0.05571613744287829,0.07841646064021979,0.00023666851268840366
15,trf_6_6273a_t2,-83.98908109079737,-33.6719280400806,3.214915640752847,3.5081233074696323,-14.45606839716504,-5.7062728003733625,0.3037659294362456,0.5742424643492985
15,trf_6_731a_t2,4.099268482281617,1.2044160646206676,1.259089245887364,0.0064118635492340864,0.20392946853199545,0.05311060941790946,0.07862722152200319,0.00021920331504932718
15,trf_6_732a_t2,16.34240758010752,6.010896119877031,2.210703104372496,0.055982499296526454,0.7614718859223597,0.26471862535432056,0.1377271334428336,0.0015674427809925923
15,trf_6_730a_t2,4.71226371415676,1.4619696437755532,1.2636568366481522,0.009647699392924272,0.23170756453342012,0.06476212619007504,0.07873173541572376,0.00029032356693373465
15,trf_6_729a_t2,19.609586574173292,7.83393375183952,1.3414458507619584,0.18104338934966538,0.8887396814953448,0.34447590575615905,0.0804648403393442,0.0046187301524154845
15,trf_16_299a_t2,27.695427208926723,10.512164664113422,2.99067016971171,0.12892081545808984,1.2785984567086608,0.465414088842655,0.18441546075052306,0.0033610183800980853
15,trf_11_130a_t2,7.280788881322191,2.5515950083065704,1.2670292146122109,0.026374501476456716,0.34580650041580085,0.11332282565685237,0.0791730575053089,0.0007096934046864067
15,trf_6_1151a_t2,12.536840791150428,4.392854935499872,2.2224383150043323,0.042679085285805225,0.5937529527501546,0.19354337148036738,0.13833569151597835,0.0011702185714461064
15,trf_16_538a_t2,9.424298829409357,3.07029440592664,2.22456010681242,0.04198555679266068,0.4575126335805173,0.1358601647454769,0.1386816528824566,0.0011427896363901888
15,trf_6_723a_t2,11.48419513270807,4.3504870761120635,1.26998973305991,0.05623123215921346,0.5296248126744452,0.1913739303951889,0.07869003810616215,0.001521565852349735
15,trf_6_722a_t2,3.650117352495114,1.0138746523973379,1.2562661607984071,0.005022095056490121,0.1839823807739327,0.044684850098766105,0.07841247201202384,0.0001795953093944383
15,trf_6_737a_t2,10.842409519265747,4.07406755994378,1.2923811028943264,0.05782834792562416,0.5016776355312178,0.1795351926460449,0.07951415664585859,0.00150515924849004
15,trf_6_728a_t2,19.9562793949473,7.543563550831848,2.224258359233815,0.0876667938675629,0.9205916327285273,0.331955039085007,0.13777541164388696,0.0023358301240491153
15,trf_6_3819a_t2,25.223181487127654,9.791961178006076,2.238694850395117,0.15146090728144992,1.1592960889960153,0.43483427704448196,0.13908584975098304,0.003934199193652149
15,trf_6_124a_t2,-0.8770051087491075,-1.5793348700165486,3.2424996909679287,0.33261455723394817,-3.2141525144196357,-1.4278446550353574,0.23076356756923655,0.039251742329459216
15,trf_16_6318a_t2,23.10810510127315,8.570684245379868,2.9323392347678636,0.08897202711126821,1.0766766059950115,0.3798952866570069,0.18303126658078916,0.0024154419720073123
15,trf_6_2090a_t2,13.242660215480331,5.106376267631428,1.276443457675446,0.07538467204209057,0.6075497891274928,0.22470761090471125,0.07894285369284848,0.002006955689588641
15,trf_16_2658a_t2,3.897798603701472,1.1180764749941194,1.2571202428072992,0.005785319606344664,0.19578612456220323,0.0496297399000738,0.07891007228315394,0.0002025435237707849
15,trf_6_1177a_t2,33.131336105514826,12.28078521685171,4.290616780277374,0.09607395419876373,1.320783047223788,0.44769785704591314,0.2672980330314232,0.001989258708469499
15,trf_16_3364a_t2,6.213614706589369,2.1012365147839516,1.2603116008880597,0.015552584876623199,0.2982236998907082,0.09316713366012053,0.07897399512066605,0.00047011747817644715
15,trf_6_3509a_t2,17.450654799840095,7.432632856870042,0.5977384448174023,0.4120719572469827,0.7815070239592679,0.3248160877451882,0.0325024436548349,0.010175494063041635
15,trf_11_3987a_t2,7.194871848160188,2.8782532458583074,0.48762639545310255,0.0682327740858512,0.32725682905712095,0.1270614563919059,0.029892491483423766,0.0017582897419084198
15,trf_16_3997a_t2,11.031284951058716,3.745571399015369,2.2153602534876473,0.038069297536935325,0.5289316939365136,0.16605790471135418,0.13845005829525014,0.0010574437207996057
15,trf_6_3817a_t2,2.1910185416366583,0.7302845193010588,0.47414819092858357,0.005754121953809304,0.10556189612565037,0.032295919696630926,0.029663771034826147,0.000177233604761959
15,trf_16_1142a_t2,22.1600466778423,8.21542891106116,2.960353268317666,0.06815350854593007,1.0318152731599923,0.3618327278951332,0.18449848575700045,0.001907171203067326
15,trf_6_724a_t2,10.646027253834173,3.5793740057131416,2.202439766494842,0.02297705572180186,0.5097826762326854,0.1576833136862157,0.13730723987966753,0.0007005272559790325
15,trf_6_5085a_t2,18.791465922388667,7.067989353459466,2.2493387160160068,0.11202924264092727,0.8700849485770092,0.31128740290744705,0.1388065115541366,0.0029243969194760744
15,trf_6_5595a_t2,-33.85854112291784,-14.886507753787434,2.446977464797974,0.6190445051238763,-5.951172161464342,-2.5108012493916227,0.17818888751242223,0.09954938492228882
15,trf_6_5711a_t2,9.424719242895986,3.0606338610994688,2.2012641847421417,0.017777808558829003,0.4559049835532907,0.1348532202798003,0.13727833966210667,0.0005595947387793399
15,trf_6_5712a_t2,-5.392687651659439,-3.1705807418609417,2.271666337063651,0.1779578239112334,-2.8036845429770856,-1.2366140964013563,0.1480097398088338,0.02257233181429341
15,trf_6_5659a_t2,5.5072076552578215,1.4001459681945694,2.2010976778194453,0.005717458619831088,0.2834352238266282,0.06180208128308107,0.13755622742102291,0.00022076310408322523
15,trf_6_6158a_t2,41.82816256921938,16.561155502271127,2.966897590493629,0.2563606867202272,1.9085817088271142,0.7351369051234364,0.1839831737621136,0.006650418612084014
15,trf_6_6197a_t2,62.98176534018742,25.011679557710647,4.313971925493557,0.3480887195276569,2.856472655895118,1.0995420213205236,0.26622506223835973,0.008980883993847388
15,trf_6_6153a_t2,57.59738165446566,23.81431868402054,2.730162626230509,0.9285882509833111,2.436728801417523,0.9838356385204818,0.15227475688776249,0.02538558055878193
15,trf_6_1504a_t2,7.534597281319331,2.265861760581907,2.217505122699812,0.02413148254652594,0.37349980032586405,0.10001865984985514,0.13850285259440298,0.0006901427728015011
15,trf_6_6249a_t2,-53.74220792633811,-22.38622083984294,2.997514584335483,1.8235112696657414,-10.327418754492001,-4.209583062950259,0.2674131757270284,0.29643157849193846
15,trf_16_6312a_t2,6.8614915036387485,1.9757942089549652,2.214031487775173,0.019366340136383952,0.34420007963999844,0.08755084671822311,0.1384465139466493,0.0005630602915692555
15,trf_6_727a_t2,25.373408076057274,9.867375208513728,2.246191307795014,0.1453635915635288,1.1600420588901343,0.43414294608648873,0.13843279834811772,0.0038196410248199086
16,busa4-_202312598_segmmt_24122,8894.615221712533,1801.9842589338934,339.12262880802143,-1765.0350553730902,508.18675348896795,100.38133235207056,20.05571799599221,-103.38416954245054
16,trf_16_1585a_t2,3.20976812473532,0.7916247961129114,1.3369408645699696,0.00230499331835316,0.19524578959474503,0.0493209830294189,0.07880379858372377,0.0001255186933496544
16,trf_16_1143a_t2,-24.10102984849196,-10.301167508022544,3.124793570862344,1.3332185569261727,-4.311397752647139,-1.8393712569304057,0.18189208857971728,0.06426739113437607
16,trf_6_4910a_t2,170.84283765371217,73.15965662307165,4.313093414299202,6.56689034177156,10.6391605209393,4.529289793438437,0.2374482538680338,0.3369448256351415
16,trf_6_1541a_t2,-37.492587674096555,-15.421427912297979,2.156981255764656,1.482399340220651,-4.297574166333888,-1.7699185084467128,0.1449217341025002,0.11760505439356006
16,trf_6_1350a_t2,-51.01972425033849,-22.490836164534297,3.47967534858168,0.7555677314260666,-5.686929885756285,-2.452393378132008,0.21435844160431694,0.06159471903305225
16,trf_6_808a_t2,12.165590430770967,4.610469133953945,1.3480103120865619,0.05847026460944936,0.7509819058808116,0.2861188386907916,0.07919307955177879,0.0030786490306867753
16,trf_6_810a_t2,19.896364944268754,7.453401059897012,2.374144440186587,0.08429180843251607,1.227635720647534,0.4627327372637273,0.13937221320944637,0.004435667477131325
16,trf_16_3130a_t2,28.145416465714668,10.976421344589243,2.45621527311146,0.2099311296505193,1.7421098861047106,0.6829288959384758,0.1437767434051831,0.010918711129978581
16,trf_6_1048a_t2,4.516370719718631,1.3480382307046705,1.3349228790572907,0.007364191888033747,0.2759325424672818,0.08365327160644798,0.0784957430156894,0.00040736559386597183
16,trf_6_6273a_t2,-94.54435145528359,-37.9509763659553,3.4430816603907175,3.8164598329632056,-10.55527036448622,-4.279048325874697,0.2281660196378703,0.30833652549357327
16,trf_6_731a_t2,4.36590721934958,1.2841304057843,1.3377768969936064,0.0067881212526776785,0.2666387370679635,0.0797143411636323,0.07868765110624243,0.00037625770344359207
16,trf_6_732a_t2,17.41582616933195,6.408545333390227,2.3487702132357566,0.0591167241902162,1.0734185892244312,0.39764921351319593,0.13806710886326057,0.003134224893689745
16,trf_6_730a_t2,4.993666273187221,1.5477971029364959,1.3425077839156705,0.010100037438889735,0.28140255903046096,0.0858274591609427,0.07885094726751829,0.0004523380459654624
16,trf_6_729a_t2,20.90295172158023,8.351866337979345,1.42449290575236,0.1909555213951827,1.2933651474069379,0.5179325861398256,0.08304705499040166,0.00991213204551733
16,trf_16_299a_t2,29.51998786607194,11.20964640305489,3.1771659822414127,0.136032699996864,1.8245606571452164,0.6974817389414678,0.1864958125297025,0.007111884538774149
16,trf_11_130a_t2,7.759123982611788,2.721219358049497,1.3463228997414876,0.027847444582856234,0.47833510128959755,0.16962434974292684,0.0792936851292767,0.0014729431063995185
16,trf_6_1151a_t2,13.358398261519797,4.683496586560938,2.3612341344275993,0.045060710287047355,0.8215574703693687,0.2906416510610663,0.13879581942326702,0.0023816250012421297
16,trf_16_538a_t2,10.040704929715773,3.273936906413312,2.363621549703339,0.04431308154491722,0.6164061003064152,0.20364250048667198,0.13906144289091893,0.0023275247522565393
16,trf_6_723a_t2,12.239486642322177,4.638138718876225,1.3491853022975735,0.05935468985083193,0.7552915096141071,0.28765164276416133,0.07919556923766358,0.003123457691618467
16,trf_6_722a_t2,3.886989848132481,1.0809572635715479,1.3347546711436746,0.005319548132961239,0.23687249563736712,0.06708261117421,0.07848851034526749,0.0002974530764711181
16,trf_6_737a_t2,11.55538322833371,4.343668421981926,1.3728702009774385,0.061022339876427314,0.7129737090679633,0.26960086203814626,0.08048909808311211,0.0031939919508031517
16,trf_6_728a_t2,21.268685310827944,8.042428411589283,2.362957819372991,0.09252577781938043,1.312405915880646,0.4988648607574344,0.138699460139176,0.004858983951817525
16,trf_6_3819a_t2,26.889091296207276,10.443000704571654,2.3786055461036137,0.15980498588468478,1.665909809079622,0.6510395265655777,0.13991069570849657,0.008344078603234856
16,trf_6_124a_t2,-2.4387522626028617,-2.3207547975031138,3.448252007846884,0.34776887776702475,-1.5617471538537542,-0.7414199274865652,0.20575231687895545,0.015154320533076582
16,trf_16_6318a_t2,24.629633929850787,9.139837215559337,3.1157843847453943,0.09391668330095025,1.5215288285776367,0.56915297017947,0.1834451499775307,0.00494465618968204
16,trf_6_2090a_t2,14.114553546685547,5.444103456241406,1.3560209063159328,0.07955506639206492,0.8718933312052162,0.3377271886099775,0.07957744864048677,0.004170394349974349
16,trf_16_2658a_t2,4.151640968255942,1.192366927759689,1.335876616346787,0.006126700355425313,0.25384236455446985,0.07429045276556967,0.07875637353948783,0.0003413807490806487
16,trf_6_1177a_t2,34.978347061649146,12.952380159789195,4.558501467559268,0.10002017200975438,1.8470109561343193,0.6715949429374852,0.2678846872818941,0.0039462178109906515
16,trf_16_3364a_t2,6.620933696073005,2.2407786379908834,1.3392213970801947,0.016440757156007058,0.40731898948363643,0.13954212320693182,0.078909796192135,0.0008881722793838594
16,trf_6_3509a_t2,18.605544526944215,7.9228478649881175,0.6339738419250251,0.43444294741624645,1.1548897271041199,0.49021500811807517,0.0362353971076228,0.02237099016926375
16,trf_11_3987a_t2,7.6701715856916834,3.0690210303460743,0.5179817222724759,0.07197807552021075,0.4752997375314951,0.19076778448776688,0.030355326819373307,0.0037453014343595548
16,trf_16_3997a_t2,11.754547809165262,3.994297003454872,2.3539705546400436,0.04019698302342079,0.7232628581065459,0.24872560443950276,0.13861030115239625,0.002127685486485467
16,trf_6_3817a_t2,2.3344061181956,0.7786949353294489,0.503804956803123,0.006083919974222746,0.14338757655894163,0.048410416028390135,0.029656765874539415,0.00032979802041344184
16,trf_16_1142a_t2,23.615256714750448,8.758594666873604,3.145240348887072,0.0719667489768365,1.4552100369081487,0.5431657558124439,0.18488708056940606,0.003813240430906431
16,trf_6_724a_t2,11.34230550188186,3.816174717692421,2.3399988443172974,0.024289767110413592,0.6962782480476868,0.2368007119792792,0.13755907782245558,0.0013127113886117307
16,trf_6_5085a_t2,20.02727467690367,7.5356145710201625,2.3895249989431058,0.11819640882647868,1.235808754515002,0.4676252175606965,0.140186282927099,0.006167166185551409
16,trf_6_5595a_t2,-38.18582743984551,-16.74489104087512,2.607449861035243,0.6726705484247724,-4.327286316927669,-1.8583832870876869,0.16047239623726917,0.05362604330089604
16,trf_6_5711a_t2,10.040183730687575,3.2631277245151398,2.338761924717438,0.018800977295444235,0.6154644877915896,0.202493863415671,0.13749773997529635,0.001023168736615232
16,trf_6_5712a_t2,-6.960242312496949,-3.8951801831836974,2.413568087715847,0.18517512032305358,-1.5675546608375104,-0.7245994413227557,0.14190175065219623,0.007217296411820173
16,trf_6_5659a_t2,5.863629084666272,1.4928612279469307,2.338704720037063,0.006060842175752881,0.35642142940845023,0.09271525975236128,0.13760704221761788,0.00034338355592179303
16,trf_6_6158a_t2,44.59335129124087,17.66201698721298,3.152232215095834,0.2704551644509869,2.7651887220214917,1.100861484941852,0.18533462460220518,0.01409447773075967
16,trf_6_6197a_t2,67.13397835353321,26.665044920882227,4.582732535156813,0.3671868176400053,4.152213013345786,1.6533653631715808,0.2687606096632562,0.019098098112348416
16,trf_6_6153a_t2,60.81122685636279,25.135664685327303,2.89327928901186,0.9744369560093116,3.2138452018971293,1.321346001306761,0.16311666278135073,0.04584870502600047
16,trf_6_1504a_t2,8.025385664958478,2.4159092348566014,2.3561519340637016,0.0254822233155254,0.49078838363914645,0.15004747427469445,0.13864681136388946,0.001350740768999461
16,trf_6_6249a_t2,-61.00846261660382,-25.41443887146292,3.2012864925918123,1.9713650705707324,-7.266254690265711,-3.0282180316199785,0.2037719082563294,0.147853800904991
16,trf_16_6312a_t2,7.308123462152533,2.1069298252638218,2.352548657424014,0.020454871293659523,0.4466319585137848,0.13113561630885662,0.13851716964884098,0.0010885311572755713
16,trf_6_727a_t2,27.044557260183346,10.519892239968037,2.3861066711481356,0.15337721847261954,1.6711491841260724,0.652517031454309,0.1399153633531216,0.008013626909090743
17,busa4-_202312598_segmmt_24122,9466.439342083364,1928.036104489965,358.3819491336072,-1869.6532081401042,571.8241203708312,126.05184555607161,19.259320325585747,-104.61815276701395
17,trf_16_1585a_t2,3.492433216488596,0.8780031730913336,1.4153266117244285,0.0026982400741474106,0.28266509175327625,0.08637837697842221,0.0783857471544589,0.0003932467557942504
17,trf_16_1143a_t2,-23.02966537574259,-9.907565843379137,3.2723430009996948,1.3441611470391246,1.071364472749373,0.3936016646434073,0.14754943013735078,0.010942590112951844
17,trf_6_4910a_t2,189.2736348040229,81.27746696019469,4.7759273960103386,7.598639701174121,18.430797150310724,8.117810337123032,0.4628339817111362,1.0317493594025606
17,trf_6_1541a_t2,-38.98420274484468,-16.081990893635183,2.243982486698079,1.4971039426320512,-1.491615070748125,-0.660562981337204,0.08700123093342294,0.014704602411400147
17,trf_6_1350a_t2,-53.29934920176142,-23.53513276066589,3.667290260849173,0.7657213639819338,-2.2796249514229316,-1.0442965961315913,0.18761491226749305,0.01015363255586721
17,trf_6_808a_t2,13.425762334145027,5.1149013879430125,1.4285056988310467,0.06724844005875677,1.2601719033740597,0.5044322539890675,0.08049538674448486,0.00877817544930741
17,trf_6_810a_t2,21.94989778770691,8.268052870205535,2.517341642967122,0.09696467453318622,2.0535328434381555,0.814651810308523,0.14319720278053483,0.012672866100670144
17,trf_16_3130a_t2,31.096006550280954,12.175379238303668,2.6119612720953516,0.24219741124352817,2.9505900845662865,1.1989578937144252,0.15574599898389163,0.03226628159300887
17,trf_6_1048a_t2,4.942133168184974,1.4952745700358117,1.4134196850915477,0.008342575433705238,0.4257624484663429,0.1472363393311411,0.07849680603425702,0.0009783835456714908
17,trf_6_6273a_t2,-98.5727290556625,-39.68922515390061,3.5950854497066493,3.8623139910962485,-4.028377600378917,-1.7382487879453095,0.15200378931593184,0.045854158133042944
17,trf_6_731a_t2,4.775119551863735,1.4243792967001034,1.416458101894815,0.007687439736070155,0.409212332514155,0.1402488909158035,0.07868120490120867,0.0008993184833924767
17,trf_6_732a_t2,19.198736220612254,7.10934952874157,2.487788888409175,0.06786388288661213,1.7829100512803038,0.7008041953513429,0.13901867517341815,0.008747158696395932
17,trf_6_730a_t2,5.382534716018346,1.6791619025741436,1.421490861167435,0.011010078737007867,0.3888684428311251,0.1313647996376477,0.07898307725176457,0.0009100412981181329
17,trf_6_729a_t2,23.115717338091905,9.266415870239541,1.5171987963817595,0.22039265629598795,2.2127656165116747,0.914549532260196,0.09270589062939938,0.02943713490080524
17,trf_16_299a_t2,32.58382183278019,12.433210359681933,3.3717953117630217,0.15682820769334127,3.0638339667082484,1.2235639566270429,0.19462932952160905,0.020795507696477283
17,trf_11_130a_t2,8.537606500140765,3.0179652727816118,1.426335318429572,0.03205049057911871,0.7784825175289765,0.29674591473211454,0.0800124186880844,0.004203045996262478
17,trf_6_1151a_t2,14.69823970795927,5.195550141457243,2.5015216007990944,0.051795045640070266,1.3398414464394737,0.5120535548963048,0.14028746637149503,0.0067343353530229105
17,trf_16_538a_t2,11.01758203948329,3.631491043375018,2.504183805027711,0.05095605741611453,0.9768771097675177,0.3575541369617059,0.14056225532437194,0.006642975871197311
17,trf_6_723a_t2,13.507913879289145,5.145579715880989,1.430063511350702,0.0682757002718064,1.2684272369669678,0.507440997004764,0.08087820905312859,0.008921010420974478
17,trf_6_722a_t2,4.244059993511194,1.1990001914474815,1.4132221153834528,0.006002979441218061,0.3570701453787133,0.11804292787593362,0.07846744423977814,0.000683431308256822
17,trf_6_737a_t2,12.748931682546413,4.818532349213076,1.4569296088371901,0.07035637881187637,1.1935484542127028,0.4748639272311497,0.08405940785975163,0.009334038935449054
17,trf_6_728a_t2,23.472122132404206,8.922037575838337,2.5047334805753536,0.10653095991538626,2.203436821576261,0.8796091642490538,0.14177566120236262,0.014005182096005833
17,trf_6_3819a_t2,29.700851823569625,11.583019438462296,2.5223373017309743,0.18428029765127216,2.811760527362349,1.140018733890642,0.1437317556273605,0.024475311766587377
17,trf_6_124a_t2,-0.9480885734536812,-1.7797626627160859,3.636288962484255,0.35615657565789643,1.4906636891491805,0.5409921347870279,0.1880369546373708,0.008387697890871681
17,trf_16_6318a_t2,27.159624308918893,10.137596195139917,3.3012132336445457,0.10802022756704126,2.5299903790681064,0.9977589795805795,0.18542884889915134,0.014103544266091006
17,trf_6_2090a_t2,15.587320848857779,6.039934611450374,1.4378487687632184,0.09159938480301391,1.4727673021722314,0.5958311552089679,0.08182786244728568,0.012044318410948995
17,trf_16_2658a_t2,4.537079807497711,1.3223852031910441,1.414191658963683,0.0069268564070875055,0.38543883924176914,0.13001827543135502,0.07831504261689592,0.0008001560516621925
17,trf_6_1177a_t2,38.12812128106615,14.178587134980154,4.828551909925346,0.11156942536105634,3.1497742194170044,1.2262069751909586,0.27005044236607745,0.011549253351301955
17,trf_16_3364a_t2,7.275676317808422,2.4852832645486647,1.418033590185299,0.01878447632283541,0.6547426217354166,0.24450462655778127,0.07881219310510423,0.002343719166828351
17,trf_6_3509a_t2,20.604977343945404,8.796803722617229,0.6844577668428459,0.5023053140796852,1.999432817001189,0.8739558576291113,0.05048392491782072,0.0678623666634387
17,trf_11_3987a_t2,8.480684845770774,3.4050086587358024,0.5501832109177008,0.08303229446449163,0.810513260079091,0.33598762838972807,0.032201488645224985,0.01105421894428088
17,trf_16_3997a_t2,12.918365681688067,4.430178969148314,2.493394583314535,0.0461713130248687,1.1638178725228059,0.4358819656934423,0.13942402867449122,0.005974330001447911
17,trf_6_3817a_t2,2.5637191987618335,0.8637023518709931,0.5334630435847759,0.006942092198846247,0.22931308056623356,0.0850074165415442,0.029658086781652937,0.0008581722246235012
17,trf_16_1142a_t2,26.03535682787124,9.7163215290741,3.3316485922924497,0.08261731973453286,2.4201001131207924,0.9577268622004969,0.18640824340537776,0.010650570757696362
17,trf_6_724a_t2,12.462738797486484,4.233107889384483,2.4780079343701784,0.02773245209653517,1.1204332956046237,0.4169331716920621,0.13800909005288098,0.003442684986121578
17,trf_6_5085a_t2,22.09438840772685,8.360073471852587,2.534677033485568,0.13624493655253878,2.0671137308231806,0.8244589008324246,0.14515203454246217,0.018048527726060096
17,trf_6_5595a_t2,-39.79402097773423,-17.486209693337738,2.749387611629396,0.6822252133049682,-1.6081935378887167,-0.741318652462617,0.14193775059415303,0.009554664880195851
17,trf_6_5711a_t2,11.018509002186255,3.619575351260962,2.4765724734476935,0.02141908862472449,0.9783252714986794,0.3564476267458221,0.13781054873025544,0.002618111329280255
17,trf_6_5712a_t2,-6.286067787044209,-3.6760154235289404,2.551407320491503,0.18641951695213657,0.6741745254527398,0.219164759654757,0.13783923277565568,0.0012443966290829889
17,trf_6_5659a_t2,6.3858288241073815,1.6558283159276086,2.4761088536681464,0.00679576813768736,0.5221997394411098,0.16296708798067794,0.13740413363108317,0.0007349259619344791
17,trf_6_6158a_t2,49.296272079643266,19.590579717236018,3.3436504375620095,0.31188711805253366,4.702920788402395,1.9285627300230388,0.19141822246617535,0.04143195360154678
17,trf_6_6197a_t2,74.23219956220817,29.5842307639255,4.86037341642531,0.42351757387520717,7.098221208674957,2.919185843043273,0.2776408812684972,0.05633075623520184
17,trf_6_6153a_t2,65.81134109502185,27.239559797147358,3.0935829449424053,1.0895214854340054,5.000114238659059,2.103895111820055,0.20030365593054533,0.11508452942469383
17,trf_6_1504a_t2,8.782634416036062,2.6798277012716056,2.495278157273709,0.029212506125204547,0.7572487510775847,0.26391846641500427,0.13912622321000745,0.003730282809679148
17,trf_6_6249a_t2,-63.040776486568994,-26.33490909117533,3.3450983119041893,1.98330870010187,-2.032313869965172,-0.9204702197124099,0.14381181931237697,0.0119436295311377
17,trf_16_6312a_t2,7.987073643047131,2.3368128493394806,2.4914126727606387,0.023426208971213034,0.6789501808945975,0.22988302407565886,0.13886401533662474,0.002971337677553511
17,trf_6_727a_t2,29.877764354902627,11.671113688045164,2.5313290606668386,0.176728152401331,2.833207094719281,1.151221448077127,0.14522238951870303,0.02335093392871146
18,busa4-_202312598_segmmt_24122,10074.513029801867,2070.6475394988884,378.12887276255486,-1973.168167810992,608.0736877185027,142.6114350089233,19.746923628947684,-103.51495967088772
18,trf_16_1585a_t2,3.8334598918055325,0.9890018767749624,1.4934221258552365,0.0033335117546952667,0.3410266753169364,0.11099870368362885,0.07809551413080795,0.0006352716805478561
18,trf_16_1143a_t2,-17.214977307991397,-7.445106442526207,3.4636211850872494,1.4581380325996713,5.814688067751192,2.4624594008529304,0.1912781840875546,0.11397688556054675
18,trf_6_4910a_t2,212.84259239693563,91.87323060447477,5.4605447527676745,9.30954749308604,23.56895759291274,10.595763644280083,0.6846173567573359,1.7109077919119189
18,trf_6_1541a_t2,-37.80206307558082,-15.621462311661897,2.3253067806188636,1.5058275987033076,1.1821396692638615,0.4605285819732856,0.08132429392078455,0.00872365607125647
18,trf_6_1350a_t2,-52.2978654887986,-23.192321487555535,3.849035421295531,0.7675478605215122,1.0014837129628233,0.3428112731103532,0.18174516044635824,0.0018264965395784483
18,trf_6_808a_t2,15.027663464627516,5.766718295823045,1.5104018694106345,0.08150475934095233,1.6019011304824886,0.6518169078800327,0.08189617057958776,0.014256319282195562
18,trf_6_810a_t2,24.557917249229007,9.319731750426099,2.6644908088603523,0.11755714063822269,2.6080194615220975,1.0516788802205639,0.14714916589323046,0.02059246610503647
18,trf_16_3130a_t2,34.853442460255735,13.719234650892107,2.779723589007744,0.2951399373498462,3.757435909974781,1.5438554125884387,0.16776231691239252,0.052942526106318055
18,trf_6_1048a_t2,5.468705330445234,1.6853718331329828,1.4920036344753667,0.009847322237690708,0.5265721622602602,0.19009726309717112,0.07858394938381896,0.0015047468039854697
18,trf_6_6273a_t2,-96.35452444735131,-38.81203444073763,3.7351184454479682,3.8758844978352247,2.218204608311197,0.8771907131629817,0.1400329957413189,0.013570506738976196
18,trf_6_731a_t2,5.280194564630403,1.605376897502901,1.4952120590825557,0.009067584692198453,0.5050750127666674,0.1809976008027976,0.0787539571877407,0.0013801449561282979
18,trf_6_732a_t2,21.45828102825291,8.014751384786855,2.6279170308966564,0.08198007049578779,2.259544807640655,0.9054018560452857,0.14012814248748162,0.014116187609175657
18,trf_6_730a_t2,5.861328925088555,1.8486461412426884,1.5007763400443863,0.012468691580985306,0.47879420907020975,0.1694842386685449,0.07928547887695125,0.001458612843977438
18,trf_6_729a_t2,25.94530905615065,10.449520108582679,1.6195382925594501,0.2687746049032337,2.8295917180587438,1.1831042383431374,0.10233949617769067,0.048381948607245734
18,trf_16_299a_t2,36.476217458560534,14.007941588887268,3.5747184960613696,0.1908228885352113,3.8923956257803454,1.5747312292053355,0.20292318429834788,0.03399468084187002
18,trf_11_130a_t2,9.516075834149495,3.399030733550725,1.5072210718059833,0.03885962164191725,0.9784693340087305,0.3810654607691131,0.08088575337641135,0.00680913106279854
18,trf_6_1151a_t2,16.38623396307536,5.8568653728199696,2.643414539618869,0.06269865427898595,1.687994255116088,0.6613152313627264,0.14189293881977472,0.010903608638915686
18,trf_16_538a_t2,12.235375934838153,4.091957982128558,2.646399111185661,0.061758645417375385,1.2177938953548626,0.46046693875354006,0.14221530615794986,0.010802588001260854
18,trf_6_723a_t2,15.121160171125526,5.801700848292796,1.5127148865281763,0.08277142499058385,1.613246291836381,0.6561211324118075,0.08265137517747423,0.014495724718777442
18,trf_6_722a_t2,4.68202262133374,1.3513843242914843,1.4917514624173533,0.007037846451348558,0.4379626278225457,0.15238413284400276,0.07852934703390058,0.0010348670101304972
18,trf_6_737a_t2,14.265120636586037,5.431697942255611,1.5445977355655645,0.08560571565665145,1.5161889540396238,0.6131655930425355,0.08766812672837432,0.015249336844775085
18,trf_6_728a_t2,26.274383787746537,10.05897490620946,2.6497311933782113,0.1293377295481009,2.802261655342331,1.1369373303711239,0.14499771280285767,0.02280676963271465
18,trf_6_3819a_t2,33.274382220830084,13.047686091963207,2.670190756910572,0.2243270739164177,3.573530397260459,1.4646666535009114,0.14785345517959758,0.04004677626514555
18,trf_6_124a_t2,3.1477142980737858,-0.12540309502074076,3.835943237568135,0.39633820020077076,4.095802871527467,1.654359567695345,0.1996542750838799,0.04018162454287433
18,trf_16_6318a_t2,30.36260070830852,11.420912228346602,3.488936903053078,0.130924513044282,3.2029763993896267,1.2833160332066846,0.18772366940853225,0.02290428547724073
18,trf_6_2090a_t2,17.463437219698026,6.81026716692212,1.522015150439633,0.11123522948860579,1.876116370840247,0.7703325554717466,0.08416638167641466,0.019635844685591874
18,trf_16_2658a_t2,5.010358446545769,1.4894254835522136,1.492204519418467,0.008146319384064434,0.47327863904805856,0.16704028036116947,0.07801286045478406,0.0012194629769769283
18,trf_6_1177a_t2,42.74996856072642,16.03446875648772,5.102084451638461,0.1365081047962853,4.6218472796602725,1.8558816215075655,0.2735325417131156,0.02493867943522897
18,trf_16_3364a_t2,8.095647945933605,2.799667493744815,1.4968870457300079,0.0224984220761503,0.8199716281251828,0.3143842291961505,0.0788534555447089,0.0037139457533148894
18,trf_6_3509a_t2,23.167051208352262,9.934160541345884,0.7490220860593119,0.6145140553053643,2.562073864406859,1.1373568187286551,0.06456431921646599,0.11220874122567914
18,trf_11_3987a_t2,9.514715242196411,3.838608913640749,0.5842801033507926,0.10116495831791335,1.0340303964256368,0.4336002549049467,0.034096892433091774,0.018132663853421715
18,trf_16_3997a_t2,14.376237684708915,4.990692116715799,2.6338414159671037,0.055826781980022104,1.4578720030208476,0.5605131475674847,0.14044683265256896,0.009655468955153401
18,trf_6_3817a_t2,2.8505594473163574,0.9732005957704075,0.5631646950609683,0.008296381161091838,0.28684024855452384,0.10949824389941443,0.029701651476192414,0.0013542889622455909
18,trf_16_1142a_t2,29.103639373917986,10.953630547681378,3.519662865411281,0.0998111142307525,3.0682825460467456,1.2373090186072773,0.18801427311883145,0.017193794496219647
18,trf_6_724a_t2,13.868469357472966,4.771518007009108,2.616619314133246,0.033181752121478336,1.4057305599864822,0.5384101176246254,0.1386113797630677,0.005449300024943166
18,trf_6_5085a_t2,24.71922875708354,9.425364351743394,2.684877114265284,0.16578237220404093,2.6248403493566883,1.0652908798908065,0.15020008077971614,0.02953743565150216
18,trf_6_5595a_t2,-38.81349352085415,-17.13356013732105,2.8869756308351766,0.6880645593907774,0.9805274568800755,0.35264955601668646,0.13758801920578057,0.005839346085809161
18,trf_6_5711a_t2,12.240941449949508,4.0798114304749795,2.6148456295139715,0.02553067611228037,1.2224324477632535,0.46023607921401766,0.138273156066278,0.004111587487555881
18,trf_6_5712a_t2,-3.663343295754741,-2.617979326226504,2.693289034778539,0.2055376969261612,2.6227244912894685,1.0580360973024363,0.14188171428703633,0.019118179974024624
18,trf_6_5659a_t2,7.019460284624888,1.8660047977165672,2.613454280707826,0.007881708402124132,0.6336314605175062,0.21017648178895865,0.13734542703967945,0.0010859402644367716
18,trf_6_6158a_t2,55.287690463813604,22.069197228052037,3.5415504554893635,0.37976555818684915,5.991418384170338,2.4786175108160187,0.197900017927354,0.06787844013431549
18,trf_6_6197a_t2,83.30926434562441,33.36084714473313,5.147172304166535,0.5159510298075147,9.077064783416247,3.776616380807628,0.28679888774122464,0.09243345593230756
18,trf_6_6153a_t2,72.87192770386092,30.249039865045628,3.334246075951204,1.2860233923400932,7.060586608839074,3.00948006789827,0.24066313100879855,0.19650190690608782
18,trf_6_1504a_t2,9.718485170970373,3.0202376391559462,2.635016244067001,0.035224431449061656,0.9358507549343109,0.3404099378843406,0.13973808679329203,0.006011925323857109
18,trf_6_6249a_t2,-60.172838659517566,-25.178082756914222,3.49042523732803,2.0062664617308474,2.8679378270514277,1.1568263342611083,0.14532692542384051,0.022957761628977336
18,trf_16_6312a_t2,8.821264730618433,2.632530557815436,2.63079734279711,0.028197193484595998,0.8341910875713019,0.29571770847595547,0.13938467003647137,0.0047709845133829636
18,trf_6_727a_t2,33.49129625744282,13.15957898057478,2.6819792145598504,0.21490210662318618,3.613531902540192,1.4884652925296162,0.15065015389301184,0.03817395422185518
19,busa4-_202312598_segmmt_24122,10591.393713260662,2173.402027387553,396.0703075589827,-2079.118845915497,516.8806834587958,102.7544878886647,17.941434796427814,-105.95067810450496
19,trf_16_1585a_t2,4.118114544846452,1.0762104471293645,1.5717778249547592,0.00373434245730209,0.2846546530409193,0.0872085703544021,0.07835569909952267,0.00040083070260682344
19,trf_16_1143a_t2,-11.832120991369763,-5.167917560411992,3.6457861899270636,1.553165166051268,5.382856316621634,2.277188882114215,0.18216500483981424,0.09502713345159663
19,trf_6_4910a_t2,231.44198067675836,100.06620151347319,5.929981484804881,10.362124023550592,18.599388279822733,8.192970908998419,0.4694367320372068,1.0525765304645525
19,trf_6_1541a_t2,-36.2978712708224,-15.015255685130168,2.4097738242706006,1.5200661605195784,1.5041918047584204,0.6062066265317299,0.08446704365173696,0.014238561816270812
19,trf_6_1350a_t2,-50.76734993230621,-22.619989501896843,4.032318840072848,0.7718479456954788,1.5305155564923894,0.5723319856586926,0.1832834187773167,0.004300085173966517
19,trf_6_808a_t2,16.301540636911266,6.277600224702275,1.5911401630904751,0.09045681270467561,1.2738771722837505,0.5108819288792299,0.08073829367984064,0.008952053363723275
19,trf_6_810a_t2,26.63371743323017,10.14478487768179,2.808161801966141,0.13048131372348354,2.0758001840011637,0.8250531272556909,0.1436709931057889,0.012924173085260851
19,trf_16_3130a_t2,37.832503668409196,14.930395204264101,2.9358316688742594,0.32804677434955865,2.9790612081534604,1.211160553371995,0.15610807986651531,0.03290683699971242
19,trf_6_1048a_t2,5.898872978210679,1.834621335588327,1.5707728832882502,0.010843161043609339,0.4301676477654448,0.14924950245534419,0.0787692488128835,0.000995838805918631
19,trf_6_6273a_t2,-93.26535839886213,-37.54744636501028,3.8788072760765764,3.902360401208244,3.089166048489176,1.264588075727346,0.14368883062860816,0.026475903373019083
19,trf_6_731a_t2,5.693436202071825,1.7474400022320085,1.5741093291162775,0.009982698227305834,0.4132416374414225,0.14206310472910744,0.07889727003372182,0.0009151135351073807
19,trf_6_732a_t2,23.260537591331573,8.72463851270772,2.7673436103036466,0.09089852953051751,1.8022565630786644,0.7098871279208652,0.13942657940699021,0.008918459034729723
19,trf_6_730a_t2,6.275719978190954,1.990943160704933,1.5801206003049761,0.013564452941255136,0.4143910531023982,0.1422970194622446,0.07934426026058983,0.0010957613602698302
19,trf_6_729a_t2,28.1830191909239,11.376080276140794,1.7127707089068476,0.29881051452452184,2.237710134773252,0.9265601675581152,0.09323241634739743,0.03003590962128816
19,trf_16_299a_t2,39.569469711277776,15.244073076695647,3.7696322017389545,0.21202772256787214,3.0932522527172424,1.236131487808379,0.19491370567758493,0.021204834032660852
19,trf_11_130a_t2,10.301227558337628,3.698494815826174,1.5871847357716815,0.04314302644565786,0.7851517241881325,0.2994640822754491,0.0799636639656982,0.004283404803740606
19,trf_6_1151a_t2,17.739836856525116,6.375233437820038,2.784023966379965,0.06956509093023724,1.3536028934497573,0.5183680650000682,0.14060942676109578,0.0068664366512512925
19,trf_16_538a_t2,13.220785067204876,4.453129732198234,2.787070230160057,0.0685304821480919,0.9854091323667227,0.3611717500696763,0.14067111897439633,0.006771836730716518
19,trf_6_723a_t2,16.404019592027996,6.3161051123724485,1.593919476578534,0.09187079032794931,1.2828594209024704,0.5144042640796522,0.08120459005035774,0.009099365337365467
19,trf_6_722a_t2,5.0426854792025075,1.4710434934525893,1.5704923318194028,0.00773306905720039,0.3606628578687676,0.11965916916110508,0.0787408694020495,0.0006952226058518319
19,trf_6_737a_t2,15.471360391688608,5.912430664639251,1.6289380701431069,0.09512637679554822,1.2062397551025708,0.48073272238363973,0.08434033457754242,0.009520661138896769
19,trf_6_728a_t2,28.50285752290133,10.950625741917253,2.7920787069240345,0.14362413227257978,2.228473735154793,0.891650835707793,0.1423475135458232,0.01428640272447887
19,trf_6_3819a_t2,36.11073034339649,14.197383005194455,2.813849002447876,0.24927700426821997,2.836348122566406,1.1496969132312476,0.1436582455373041,0.024949930351802263
19,trf_6_124a_t2,6.800898703038568,1.3481625793877423,4.032001127878944,0.42768939006905937,3.653184404964782,1.473565674408483,0.19605789031080922,0.03135118986828861
19,trf_16_6318a_t2,32.91586470608716,12.4284438617821,3.674351710492047,0.14530082937684285,2.553263997778643,1.007531633435498,0.1854148074389692,0.014376316332560868
19,trf_6_2090a_t2,18.95255993953156,7.4138926871956965,1.6041373286804463,0.12352059676782567,1.489122719833535,0.6036255202735763,0.08212217824081325,0.012285367279219889
19,trf_16_2658a_t2,5.398783066900308,1.6206891854268775,1.570473406666565,0.00895957583523365,0.38842462035453895,0.13126370187466385,0.0782688872480981,0.0008132564511692166
19,trf_6_1177a_t2,46.67079808717118,17.5923817214352,5.373578176390862,0.15468433732605133,3.9208295264447557,1.55791296494748,0.27149372475240074,0.018176232529766023
19,trf_16_3364a_t2,8.756098450088572,3.0465623790248504,1.5756766211388364,0.02488474234409333,0.6604505041549675,0.24689488528003523,0.07878957540882858,0.002386320267943033
19,trf_6_3509a_t2,25.187293997342785,10.818122260989364,0.7999705646668507,0.6837544260788632,2.0202427889905223,0.8839617196434801,0.050948478607538816,0.06924037077349887
19,trf_11_3987a_t2,10.333288650224834,4.178173429539185,0.6165527559953339,0.11243890843568315,0.8185734080284224,0.3395645158984357,0.032272652644541266,0.011273950117769799
19,trf_16_3997a_t2,15.550194791232254,5.430799602370992,2.7732770221458694,0.06191458767913327,1.1739571065233392,0.44010748565519275,0.1394356061787656,0.0060878056991111665
19,trf_6_3817a_t2,3.081952425328516,1.0591070850832958,0.5928369656098511,0.009170132085389492,0.23139297801215886,0.08590648931288825,0.029672270548882773,0.0008737509242976536
19,trf_16_1142a_t2,31.547102305054068,11.92160531799443,3.70620607385596,0.11066575810601992,2.4434629311360823,0.9679747703130523,0.18654320844467875,0.010854643875267411
19,trf_6_724a_t2,15.001076206225473,5.1941523043414115,2.755118738655198,0.03668970304342234,1.1326068487525074,0.4226342973323032,0.13849942452195174,0.003507950921944003
19,trf_6_5085a_t2,26.808278419341605,10.259997510596442,2.830501526587113,0.1841920531562921,2.0890496622580663,0.8346331588530482,0.14562441232182888,0.01840968095225118
19,trf_6_5595a_t2,-37.465711677560506,-16.61975979392703,3.0251501248116295,0.6950407245544056,1.347781843293646,0.5138003433940206,0.13817449397645287,0.006976165163628201
19,trf_6_5711a_t2,13.229762120707305,4.441139623534234,2.753145100459566,0.028197627628387505,0.9888206707577964,0.36132819305925423,0.13829947094559447,0.0026669515161071335
19,trf_6_5712a_t2,-1.259338043448087,-1.650073300594491,2.834777844742267,0.2215336034372866,2.404005252306654,0.9679060256320131,0.14148880996372792,0.015995906511125396
19,trf_6_5659a_t2,7.546414701107986,2.0310489284267152,2.7512071821850426,0.008628400131547252,0.5269544164830986,0.165044130710148,0.13775290147721675,0.0007466917294231198
19,trf_6_6158a_t2,60.032480371733264,24.01434248925785,3.7328987806587355,0.42200608544284457,4.74478990791966,1.9451452612058127,0.19134832516937195,0.04224052725599542
19,trf_6_6197a_t2,90.48962254630274,36.32008226906258,5.4260095483772135,0.5734297961224857,7.180358200678327,2.959235124329453,0.27883724421067857,0.05747876631497095
19,trf_6_6153a_t2,78.94871351179759,32.81983649735173,3.541124554353413,1.4195197058300093,6.076785807936673,2.5707966323061022,0.20687847840220908,0.13349631348991609
19,trf_6_1504a_t2,10.48251400794895,3.287165728684981,2.7742855199269045,0.039026375959396044,0.7640288369785768,0.2669280895290349,0.13926927585990345,0.0038019445103343874
19,trf_6_6249a_t2,-56.91263780811161,-23.841977778909655,3.6387872740852796,2.0359694244214013,3.260200851405955,1.3361049780045668,0.1483620367572498,0.029702962690553836
19,trf_16_6312a_t2,9.505662607421879,2.864687354622368,2.769714064155006,0.031224329908920836,0.6843978768034464,0.2321567968069318,0.13891672135789612,0.003027136424324839
19,trf_6_727a_t2,36.35631234525535,14.326029777614945,2.8277789375109808,0.23872355715671917,2.8650160878125277,1.1664507970401647,0.1457997229511303,0.02382145053353299
20,busa4-_202312598_segmmt_24122,10996.599496938405,2227.2417712754136,412.205697284437,-2187.683369622339,405.20578367774215,53.83974388786055,16.13538972545433,-108.56452370684201
20,trf_16_1585a_t2,4.34059274145655,1.1370838048083167,1.6505326769248492,0.003930810153894681,0.2224781966100986,0.06087335767895219,0.07875485197009002,0.00019646769659259055
20,trf_16_1143a_t2,-8.044551384134204,-3.592185975766337,3.805721313150169,1.59979536100244,3.787569607235559,1.5757315846456548,0.15993512322310544,0.046630194951172044
20,trf_6_4910a_t2,244.50340084837345,105.6875557142094,6.223631210365012,10.873537177619587,13.061420171615083,5.6213542007362065,0.29364972556013047,0.511413154068995
20,trf_6_1541a_t2,-35.2245878644092,-14.592079051514654,2.491302838607359,1.5271714821737419,1.0732834064131964,0.4231766336155136,0.08152901433675819,0.007105321654163443
20,trf_6_1350a_t2,-49.64600528545012,-22.221120330728315,4.215612544219951,0.7741325230768188,1.1213446468560875,0.3988691711685277,0.18329370414710322,0.002284577381340025
20,trf_6_808a_t2,17.212770714592406,6.633037312179101,1.6710646687217672,0.09498993890820384,0.9112300776811395,0.355437087476826,0.07992450563129205,0.004533126203528234
20,trf_6_810a_t2,28.121297318169724,10.719386767056797,2.949207666699166,0.13701848551379706,1.487579884939553,0.5746018893750069,0.14104586473302483,0.006537171790313517
20,trf_16_3130a_t2,39.9508782816867,15.774420950629331,3.0827294283220814,0.3443668316938138,2.1183746132775028,0.8440257463652294,0.14689775944782202,0.01632005734425518
20,trf_6_1048a_t2,6.22251145637799,1.9386371318352247,1.6497968132793983,0.011401296503585097,0.32363847816731184,0.10401579624689772,0.07902392999114816,0.0005581354599757584
20,trf_6_6273a_t2,-91.07163139464025,-36.66821334518582,4.019800271616049,3.9155805604887566,2.193727004221884,0.8792330198244613,0.14099299553947242,0.013220159280512789
20,trf_6_731a_t2,6.005261635442327,1.8464243300664758,1.6532256349810632,0.010497116266656151,0.31182543337050195,0.09898432783446731,0.07911630586478569,0.0005144180393503173
20,trf_6_732a_t2,24.557457426014214,9.218671395439785,2.9063945614185016,0.09547089534490123,1.2969198346826403,0.49403288273206414,0.139050951114855,0.004572365814383722
20,trf_6_730a_t2,6.621641421641427,2.1042518242904413,1.6596268479351677,0.014350147020964873,0.3459214434504734,0.11330866358550828,0.07950624763019154,0.000785694079709737
20,trf_6_729a_t2,29.765829444123018,12.020086683048556,1.7986787871737464,0.31366847248592805,1.582810253199117,0.6440064069077618,0.08590807826689884,0.01485795796140621
20,trf_16_299a_t2,41.77987277583316,16.10597475546991,3.958386872958937,0.22261271917191358,2.2104030645553863,0.8619016787742613,0.18875467121998257,0.010584996604041441
20,trf_11_130a_t2,10.872711036073591,3.9076432456547154,1.6666236683501587,0.045313503192782774,0.5714834777359634,0.20914842982854154,0.07943893257847723,0.002170476747124915
20,trf_6_1151a_t2,18.724184115178677,6.735872212135705,2.923755503555517,0.07305975494114585,0.9843472586535604,0.3606387743156674,0.1397315371755523,0.003494664010908602
20,trf_16_538a_t2,13.94950947834693,4.704749390055331,2.926731589044087,0.07195386029002623,0.7287244111420534,0.2516196578570966,0.13966135888402986,0.00342337814193433
20,trf_6_723a_t2,17.32147343745276,6.674035881163289,1.6740611142805284,0.09647470988021836,0.9174538454247632,0.3579307687908404,0.08014163770199434,0.004603919552269048
20,trf_6_722a_t2,5.3179396956030125,1.554452034889728,1.6495072229939722,0.008133409034087017,0.27525421640050496,0.0834085414371386,0.07901489117456939,0.00040033997688662757
20,trf_6_737a_t2,16.33517112429717,6.246972871053745,1.7106640514253741,0.0998831291588022,0.8638107326085613,0.3345422064144943,0.08172598128226727,0.0047567523632539715
20,trf_6_728a_t2,30.09680576553838,11.571261322589672,2.932463134225264,0.15081686044911002,1.593948242637051,0.6206355806724186,0.14038442730122958,0.007192728176530244
20,trf_6_3819a_t2,38.1314152956145,14.999492586935704,2.9545338901102056,0.26170545830607705,2.020684952218012,0.8021095817412487,0.14068488766232967,0.012428454037857084
20,trf_6_124a_t2,9.404492658146253,2.377058634479585,4.2209569072986035,0.44321459309669975,2.6035939551076854,1.028896055091843,0.18895577941965946,0.015525203027640377
20,trf_16_6318a_t2,34.75107586135181,13.131273656839644,3.8583642250626564,0.15257648480266953,1.8352111552646448,0.7028297950575446,0.1840125145706093,0.0072756554258266715
20,trf_6_2090a_t2,20.013719669159986,7.833710397103848,1.6847180715772436,0.1296959978371881,1.0611597296284252,0.4198177099081519,0.08058074289679729,0.0061754010693624295
20,trf_16_2658a_t2,5.693566368132095,1.7123557423671099,1.6491534038268483,0.009421838402298916,0.29478330123178687,0.0916665569402324,0.07867999716028318,0.000462262567065266
20,trf_6_1177a_t2,49.74026344090527,18.78790222341903,5.643576750895661,0.16617027289618402,3.0694653537340884,1.1955205019838324,0.2699985745047986,0.011485935570132694
20,trf_16_3364a_t2,9.240386109439022,3.2188402632668907,1.6546110959836553,0.026148786851364646,0.48428765935044993,0.17227788424204027,0.07893447484481886,0.0012640445072713141
20,trf_6_3509a_t2,26.606132220988243,11.427466349446961,0.8398331279923079,0.7175837137654337,1.4188382236454586,0.6093440884575969,0.039862563325457234,0.033829287686570564
20,trf_11_3987a_t2,10.913234560107213,4.414342913516252,0.6474187681336633,0.11803433627668393,0.5799459098823796,0.2361694839770676,0.0308660121383294,0.005595427841000783
20,trf_16_3997a_t2,16.410492494766142,5.737832031520714,2.9122078621995966,0.06502343110762451,0.8602977035338881,0.3070324291497224,0.13893084005372724,0.0031088434284912425
20,trf_6_3817a_t2,3.252126157323388,1.1189573734728964,0.6225377533781482,0.009636741850300782,0.17017373199487196,0.0598502883896006,0.0297007877682971,0.00046660976491129033
20,trf_16_1142a_t2,33.3017842689321,12.593498576990907,3.891646958993479,0.11622474546326944,1.7546819638780349,0.6718932589964766,0.1854408851375191,0.005558987357249523
20,trf_6_724a_t2,15.831830327484727,5.488626741869332,2.893711996941566,0.03855527550711768,0.830754121259254,0.2944744375279207,0.13859325828636804,0.001865572463695342
20,trf_6_5085a_t2,28.305119331351754,10.840422511728892,2.9725713007035717,0.19337431732010704,1.4968409120101498,0.5804250011324505,0.1420697741164587,0.00918226416381493
20,trf_6_5595a_t2,-36.483796960132885,-16.260986530373902,3.1632681113003636,0.6986125570910482,0.981914717427621,0.3587732635531289,0.13811798648873408,0.0035718325366426162
20,trf_6_5711a_t2,13.960416353764487,4.692943221151248,2.8916487768121577,0.029636781752956108,0.7306542330571819,0.2518035976170143,0.13850367635259175,0.0014391541245686035
20,trf_6_5712a_t2,0.45690991128956404,-0.9765932900267937,2.97473598230681,0.22960314727290182,1.716247954737651,0.6734800105676972,0.1399581375645429,0.008069543835615228
20,trf_6_5659a_t2,7.955589195184424,2.146120348458445,2.8894877842972786,0.009077186265405365,0.4091744940764377,0.11507142003172977,0.13828060211223603,0.00044878613385811346
20,trf_6_6158a_t2,63.397849122260446,25.371035566995438,3.919504440777502,0.44301440791564367,3.365368750527182,1.3566930777375887,0.18660566011876645,0.0210083224727991
20,trf_6_6197a_t2,95.57163564293964,38.377886907914394,5.698753577521868,0.6019723705982415,5.082013096636899,2.057804638851813,0.2727440291446541,0.02854257447575581
20,trf_6_6153a_t2,83.87652032895501,34.88435231557869,3.7211137333433886,1.499475586866034,4.927806817157418,2.0645158182269583,0.17998917898997568,0.0799558810360248
20,trf_6_1504a_t2,11.056794392247474,3.4729913897078144,2.9133719041076005,0.040984593458812654,0.5742803842985236,0.18582566102283327,0.13908638418069597,0.0019582174994166104
20,trf_6_6249a_t2,-54.59971912393803,-22.91255211206464,3.7820559776707112,2.0507756918446827,2.3129186841735816,0.9294256668450167,0.14326870358543164,0.014806267423281394
20,trf_16_6312a_t2,10.024702242926834,3.026599889022537,2.908514524232849,0.032793880043493824,0.5190396355049547,0.16191253440016906,0.13880046007784275,0.0015695501345729876
20,trf_6_727a_t2,38.393587137365785,15.13732223344287,2.969824624399285,0.25063576651866326,2.0372747921104377,0.8112924558279246,0.14204568688830443,0.011912209361944093
21,busa4-_202312598_segmmt_24122,11343.642074431156,2255.667936014534,427.5926469069716,-2297.4112982477154,347.04257749275166,28.426164739120395,15.386949622534587,-109.72792862537653
21,trf_16_1585a_t2,4.523782337272561,1.1812551071031085,1.7295156254418533,0.004027732925366634,0.18318959581601035,0.044171302294791825,0.07898294851700416,9.692277147195331e-05
21,trf_16_1143a_t2,-5.261656923643473,-2.4543850606920046,3.955871775247333,1.624731134140014,2.7828944604907306,1.1378009150743322,0.1501504620971641,0.02493577313757389
21,trf_6_4910a_t2,254.03951452762792,109.72374333699189,6.439513613763866,11.143604082856044,9.53611367925447,4.036187622782492,0.21588240339885445,0.2700669052364564
21,trf_6_1541a_t2,-34.42398380208234,-14.284938575841782,2.5716218022655166,1.5310460861015633,0.8006040623268618,0.30714047567287217,0.08031896365815783,0.003874603927821463
21,trf_6_1350a_t2,-48.78274387704896,-21.93191398907895,4.3989845044268865,0.7754783055426127,0.8632614084011649,0.2892063416493649,0.18337196020693547,0.0013457824657938655
21,trf_6_808a_t2,17.895150097889825,6.8904745449937295,1.7506730976081875,0.09751018676091715,0.6823793832974197,0.2574372328146284,0.07960842888642028,0.002520247852713306
21,trf_6_810a_t2,29.23776465596988,11.13582607393698,3.0891596554628085,0.14064744666067253,1.116467337800156,0.41643930688018393,0.13995198876364245,0.00362896114687547
21,trf_16_3130a_t2,41.525434078076906,16.38638660851297,3.2256540398437688,0.3532087469208584,1.5745557963902073,0.6119656578836405,0.14292461152168734,0.008841915227044583
21,trf_6_1048a_t2,6.478943236031039,2.0140570845370735,1.7289621984290422,0.011750249828492241,0.25643177965304886,0.07541995270184887,0.07916538514964389,0.00034895332490714366
21,trf_6_6273a_t2,-89.44310006156526,-36.03166912052109,4.159684443700108,3.9228045240239897,1.6285313330749887,0.6365442246647319,0.13988417208405934,0.0072239635352331355
21,trf_6_731a_t2,6.2531288981960005,1.9181883103489386,1.7324659564231155,0.01081951861301084,0.24786726275367332,0.07176398028246278,0.07924032144205229,0.00032240234635468913
21,trf_6_732a_t2,25.535658948737957,9.57656425601777,3.0453413815308896,0.09805209083196198,0.9782015227237437,0.3578928605779854,0.13894682011238801,0.0025811954870607473
21,trf_6_730a_t2,6.935139972248469,2.2037886125277524,1.7393052409479948,0.015058217893862236,0.3134985506070418,0.09953678823731105,0.07967839301282709,0.0007080708728973636
21,trf_6_729a_t2,30.935200635737836,12.486248311263786,1.8813925359538155,0.321691323007755,1.1693711916148182,0.46616162821523055,0.0827137487800691,0.00802285052182694
21,trf_16_299a_t2,43.432972559003574,16.731112244421215,4.144538214688751,0.22838516721022226,1.6530997831704113,0.6251374889513066,0.18615134172981396,0.005772448038308675
21,trf_11_130a_t2,11.309088732691453,4.059482760638359,1.7459020623677353,0.04651510688710405,0.4363776966178623,0.15183951498364312,0.07927839401757653,0.0012016036943212766
21,trf_6_1151a_t2,19.475789852956655,6.997095296529741,3.0631483413807192,0.07501249016427898,0.7516057377779788,0.26122308439403596,0.13939283782520207,0.001952735223133134
21,trf_16_538a_t2,14.51616535275313,4.887168162303256,3.0660190924124193,0.0738585516772677,0.5666558744062016,0.18241877224792535,0.1392875033683323,0.0019046913872414611
21,trf_6_723a_t2,18.00834021607581,6.933293341239297,1.7537741008389303,0.09903133260012663,0.6868667786230489,0.25925746007600825,0.07971298655840187,0.0025566227199082664
21,trf_6_722a_t2,5.539307744261364,1.6149374282083195,1.728670595262309,0.008390914647009433,0.22136804865835114,0.060485393318591596,0.0791633722683367,0.00025750561292241583
21,trf_6_737a_t2,16.983067548314633,6.4893221539137445,1.7912679902111923,0.1024764077727727,0.6478964240174641,0.24234928285999935,0.08060393878581817,0.002593278613970504
21,trf_6_728a_t2,31.29038070978723,12.020890146806762,3.0720473648869726,0.15478202946392064,1.193574944248848,0.44962882421708983,0.13958423066170855,0.003965169014810616
21,trf_6_3819a_t2,39.63588337875353,15.581447369076022,3.094060567374706,0.26846884215689976,1.504468083139031,0.5819547821403184,0.13952667726450052,0.006763383850822702
21,trf_6_124a_t2,11.344022675809159,3.123922138059088,4.406960606217773,0.4515924990236823,1.9395300176629053,0.7468635035795028,0.18600369891916912,0.008377905926982565
21,trf_16_6318a_t2,36.13252487706651,13.641160421640311,4.041902714417853,0.1566200360263633,1.3814490157147006,0.5098867648006671,0.1835384893551968,0.004043551223693764
21,trf_6_2090a_t2,20.80479353685982,8.137711227248019,1.7646622350005976,0.13309825057123534,0.7910738676998328,0.30400083014417056,0.07994416342335398,0.003402252734047234
21,trf_16_2658a_t2,5.929180471484953,1.7789064321254304,1.7280717418093112,0.009715094763589675,0.23561410335285782,0.06655068975832057,0.07891833798246295,0.00029325636129075815
21,trf_6_1177a_t2,52.2730153000175,19.754639036728793,5.912975240906639,0.17437017927991616,2.5327518591122313,0.9667368133097618,0.26939849001097826,0.008199906383732136
21,trf_16_3364a_t2,9.613401076847081,3.3438504722524005,1.7336680938615723,0.026889762207531354,0.37301496740805895,0.12501020898550985,0.07905699787791698,0.0007409753561667086
21,trf_6_3509a_t2,27.64421314121506,11.86629966802376,0.8748163586474987,0.7355712793452837,1.0380809202268182,0.4388333185767994,0.03498323065519082,0.01798756557984993
21,trf_11_3987a_t2,11.342205934726458,4.585362162026089,0.6776955653450863,0.12106870529822013,0.4289713746192447,0.17101924850983696,0.030276797211423068,0.0030343690215361985
21,trf_16_3997a_t2,17.07261706989839,5.960595874069726,3.0510096003648046,0.0667702687108999,0.6621245751322462,0.2227638425490115,0.13880173816520802,0.001746837603275389
21,trf_6_3817a_t2,3.3836839354389614,1.1623492397258932,0.6522681047218624,0.00991298284335072,0.13155777811557323,0.04339186625299685,0.029730351343714156,0.00027624099304993793
21,trf_16_1142a_t2,34.62335393876335,13.079607830321358,4.076643701512079,0.11936058847433105,1.3215696698312485,0.48610925333045074,0.18499674251860032,0.0031358430110616092
21,trf_6_724a_t2,16.47217801833731,5.702106039156246,3.032400745386361,0.03965485276169314,0.6403476908525825,0.21347929728691373,0.13868874844479517,0.0010995772545754623
21,trf_6_5085a_t2,29.428359299498208,11.26072082155229,3.11312661212481,0.19838522066587666,1.1232399681464535,0.4202983098233979,0.14055531142123812,0.005010903345769618
21,trf_6_5595a_t2,-35.733272602624965,-16.000536937951626,3.3015024408431035,0.7006270509282501,0.7505243575079206,0.26044959242227606,0.13823432954273995,0.0020144938372018695
21,trf_6_5711a_t2,14.528219631943985,4.875509386442044,3.0302947373445783,0.0304993367081487,0.5678032781794986,0.18256616529079572,0.13864596053242062,0.0008625549551925932
21,trf_6_5712a_t2,1.7391608402758514,-0.4887800879936336,3.114088844502907,0.2340689962431216,1.2822509289862873,0.48781320203316014,0.13935286219609688,0.004465848970219788
21,trf_6_5659a_t2,8.290447500500033,2.2295824348257263,3.028050339214483,0.009379328510357747,0.3348583053156089,0.08346208636728125,0.13856255491720448,0.00030214224495238133
21,trf_6_6158a_t2,65.89028111183207,26.355199967067986,4.104226837632884,0.45443913878199554,2.492431989571621,0.9841644000725474,0.18472239685538172,0.011424730866351873
21,trf_6_6197a_t2,99.32927565137368,39.867806185788766,5.968951171817968,0.6174672391663212,3.757640008434038,1.489919277874371,0.2701975942961008,0.01549486856807969
21,trf_6_6153a_t2,88.18869180414497,36.67862328048954,3.892458786997168,1.5581227126531658,4.312171475189956,1.7942709649108508,0.17134505365377928,0.058647125787131715
21,trf_6_1504a_t2,11.51138223699788,3.6076552859185402,3.0524333595595325,0.04210100937304859,0.4545878447504066,0.13466389621072583,0.13906145545193205,0.0011164159142359326
21,trf_6_6249a_t2,-52.88465494594941,-22.239393234623492,3.923168217995394,2.05884991148519,1.7150641779886229,0.6731588774411463,0.14111224032468295,0.008074219640507252
21,trf_16_6312a_t2,10.43932447407772,3.1440622889674534,3.0473382769985307,0.03369583700798812,0.4146222311508865,0.11746239994491647,0.1388237527656817,0.0009019569644942993
21,trf_6_727a_t2,39.90855658898482,15.724818009295698,3.110283187527569,0.2571579860612394,1.514969451619038,0.5874957758528279,0.14045856312828375,0.0065222195425761464
22,busa4-_202312598_segmmt_24122,11691.092246938642,2284.167106011097,442.94068267669184,-2407.242267993738,347.45017250748606,28.49916999656307,15.34803576972024,-109.83096974602267
22,trf_16_1585a_t2,4.696053055129743,1.2207857531827282,1.8085134080019705,0.004101162107278443,0.17227071785718184,0.03953064607961965,0.07899778256011714,7.342918191180926e-05
22,trf_16_1143a_t2,-2.755912929003211,-1.4369124312103125,4.103880212991614,1.6448732913691098,2.505743994640262,1.017472629481692,0.14800843774428074,0.020142157229095847
22,trf_6_4910a_t2,262.5963268347317,113.32566854409679,6.638333857125784,11.36058240720471,8.556812307103797,3.601925207104898,0.19882024336191773,0.21697832434866626
22,trf_6_1541a_t2,-33.69895649267927,-14.010039727932767,2.6516470159146452,1.5342003343793866,0.7250273094030675,0.2748988479090144,0.08002521364912862,0.0031542482778232905
22,trf_6_1350a_t2,-47.99096159438685,-21.673134429447824,4.582280617309642,0.7766097185780856,0.7917822826621048,0.258779559631126,0.18329611288275593,0.001131413035472928
22,trf_6_808a_t2,18.51418014164041,7.120758392999118,1.8301746406179786,0.09957929295472902,0.619030043750584,0.2302838480053886,0.07950154300979118,0.0020691061938118704
22,trf_6_810a_t2,30.25150831093616,11.508405596093795,3.228804593051791,0.14362483573487853,1.0137436549662802,0.3725795221568138,0.13964493758898255,0.0029773890742059994
22,trf_16_3130a_t2,42.949422229483815,16.933992393179388,3.3676555632923133,0.3603898960703976,1.4239881514069097,0.5476057846664162,0.14200152344854455,0.007181149149539212
22,trf_6_1048a_t2,6.71673752281698,2.081541623752714,1.8081158331266551,0.012050441446949715,0.23779428678594083,0.06748453921564046,0.07915363469761294,0.00030019161845747447
22,trf_6_6273a_t2,-87.97100683343507,-35.4623325719424,4.299261504183351,3.928692571868638,1.4720932281301913,0.5693365485786899,0.13957706048324248,0.005888047844648359
22,trf_6_731a_t2,6.483268141354841,1.9824034167325277,1.811694668366925,0.011097072487648324,0.23013924315884093,0.06421510638358918,0.07922871194380954,0.0002775538746374838
22,trf_6_732a_t2,26.425656137571465,9.896736856117409,3.1842005636865234,0.10018481415902288,0.8899971888335081,0.32017260009963877,0.13885918215563375,0.0021327233270608953
22,trf_6_730a_t2,7.234100549480033,2.2971357946057034,1.8189469226011659,0.015706747333945493,0.298960577231564,0.09334718207795101,0.07964168165317109,0.0006485294400832564
22,trf_6_729a_t2,31.99014953912071,12.903179214166405,1.9633723338342648,0.32819746770934977,1.0549489033828756,0.41693090290261914,0.08197979788044929,0.006506144701594774
22,trf_16_299a_t2,44.93183944633587,17.290568408931275,4.330050351562672,0.23308395233536333,1.498866887332298,0.5594561645100598,0.1855121368739212,0.004698785125141075
22,trf_11_130a_t2,11.708010748441783,4.195391910638484,1.8251123964252938,0.04749841770857711,0.3989220157503297,0.13590915000012505,0.0792103340575585,0.0009833108214730574
22,trf_6_1151a_t2,20.163017031078148,7.23079946368608,3.202412010713958,0.07661851682832099,0.6872271781214927,0.2337041671563389,0.13926366933323875,0.0016060266640420123
22,trf_16_538a_t2,15.037930797147519,5.050409874818311,3.205172228664685,0.07542414952063199,0.5217654443943882,0.16324171251505515,0.13915313625226577,0.001565597843364297
22,trf_6_723a_t2,18.631369936181287,7.165202255618678,1.8333531419726083,0.10112917865379571,0.6230297201054782,0.23190891437938088,0.07957904113367809,0.0020978460536690835
22,trf_6_722a_t2,5.745721959783098,1.669060652275286,1.8078233130503065,0.008614775118902625,0.20641421552173433,0.05412322406696646,0.0791527177879976,0.00022386047189319226
22,trf_6_737a_t2,17.571246068471158,6.706141282510803,1.8715947662800971,0.10458613373832853,0.588178520156525,0.21681912859705843,0.08032677606890481,0.0021097259655558365
22,trf_6_728a_t2,32.373119754032636,12.423108768848607,3.211385603531883,0.1580245362638798,1.0827390442454075,0.4022186220418451,0.13933823864491046,0.0032425067999591606
22,trf_6_3819a_t2,40.997274315693964,16.102259966115543,3.233282788694856,0.27397023204070675,1.3613909369404311,0.5208125970395212,0.13922222132014994,0.005501389883806995
22,trf_6_124a_t2,13.099521532841306,3.792404662719292,4.592247968676754,0.4583807295046615,1.7554988570321477,0.6684825246602042,0.1852873624589817,0.006788230480979207
22,trf_16_6318a_t2,37.38826111545438,14.097468365168046,4.225257473575252,0.15993973005436807,1.2557362383878683,0.45630794352773485,0.18335475915739874,0.003319694028004777
22,trf_6_2090a_t2,21.521109579252855,8.409630872266236,1.8444297652751342,0.13588088428039463,0.7163160423930357,0.2719196450182171,0.07976753027453665,0.0027826337091592934
22,trf_16_2658a_t2,6.14836961088179,1.8384766728224564,1.8070059382985701,0.009968728934662245,0.21918913939683726,0.05957024069702599,0.07893419648925892,0.00025363417107257015
22,trf_6_1177a_t2,54.65718384703914,20.657869768501698,6.182143107416972,0.18178876201041855,2.3841685470216447,0.9032307317729042,0.2691678665103332,0.007418582730502388
22,trf_16_3364a_t2,9.955578899793352,3.455734181497389,1.8127178725801305,0.027511255589024158,0.34217782294627064,0.1118837092449887,0.07904977871855823,0.0006214933814928034
22,trf_6_3509a_t2,28.576866465858192,12.258313361961713,0.9087270156808545,0.750065014738768,0.9326533246431303,0.3920136939379528,0.03391065703335572,0.014493735393484308
22,trf_11_3987a_t2,11.72934344788517,4.738332773611891,0.7078323225479449,0.12353405117201176,0.3871375131587129,0.15297061158580139,0.030136757202858577,0.00246534587379163
22,trf_16_3997a_t2,17.67982436396553,6.159966626199999,3.189724925347007,0.06821095074565818,0.6072072940671411,0.19937075213027367,0.1387153249822024,0.0014406820347582783
22,trf_6_3817a_t2,3.5045567406655924,1.2011823362413094,0.6819957873574295,0.010145631732219407,0.12087280522663102,0.03883309651541622,0.029727682635567132,0.00023264888886868722
22,trf_16_1142a_t2,35.8255060795991,13.514532435970358,4.2615282067685,0.12195138032056686,1.20215214083575,0.43492460564899993,0.18488450525642097,0.0025907918462358126
22,trf_6_724a_t2,17.059778712301842,5.89311246474204,3.171036427615908,0.040579329914995674,0.5876006939645322,0.19100642558579395,0.13863568222954692,0.0009244771533025303
22,trf_6_5085a_t2,30.44823154953618,11.6366962908156,3.2532916925139457,0.20246743098240555,1.0198722500379738,0.3759754692633095,0.1401650803891359,0.004082210316528889
22,trf_6_5595a_t2,-35.0469068213302,-15.767413776917937,3.439707599927787,0.7022912776431419,0.6863657812947679,0.23312316103368858,0.13820515908468334,0.0016642267148918588
22,trf_6_5711a_t2,15.050896408994989,5.038862010629626,3.1688971938230583,0.031229345088927846,0.5226767770510037,0.16335262418758223,0.13860245647848002,0.0007300083807791451
22,trf_6_5712a_t2,2.901269022432123,-0.052426725170357236,3.2532387699311367,0.237728437880599,1.1621081821562715,0.43635336282327636,0.1391499254282298,0.0036594416374773897
22,trf_6_5659a_t2,8.604669120772993,2.304271963913432,3.1666027424373837,0.009646498823474195,0.31422162027295997,0.07468952908770587,0.13855240322290063,0.0002671703131164483
22,trf_6_6158a_t2,68.14080361007694,27.23592795140195,4.288471217894902,0.4637330345512011,2.2505224982448766,0.8807279843339657,0.18424438026201795,0.009293895769205529
22,trf_6_6197a_t2,102.7203526024096,41.20040655143571,6.238458112038422,0.6300629716842561,3.3910769510359273,1.3326003656469467,0.2695069402204533,0.012595732517934888
22,trf_6_6153a_t2,92.26926001769803,38.371714271687864,4.060483145768201,1.6101379906189148,4.0805682135530645,1.693090991198325,0.16802435877103283,0.05201527796574901
22,trf_6_1504a_t2,11.932827122471268,3.728155436039006,3.1914399505621143,0.04302838400120098,0.4214448854733881,0.12050015012046567,0.13900659100258173,0.0009273746281523929
22,trf_6_6249a_t2,-51.33496468478501,-21.637160407197598,4.0637635168044595,2.0654256995396274,1.5496902611644003,0.6022328274258939,0.1405952988090653,0.006575788054437481
22,trf_16_6312a_t2,10.82499507972529,3.2491942124662545,3.1861123183290982,0.03444747758014463,0.3856706056475705,0.10513192349880107,0.1387740413305676,0.0007516405721565075
22,trf_6_727a_t2,41.27898121050447,16.25032478396274,3.250329440874961,0.2624788134713828,1.3704246215196463,0.5255067746670417,0.14004625334739185,0.005320827410143392
23,busa4-_202312598_segmmt_24122,12024.627531742293,2306.6415991908048,458.14999260377255,-2517.283271688398,333.53528480365094,22.47449317970768,15.20930992708071,-110.04100369466005
23,trf_16_1585a_t2,4.862910201282568,1.258007288016994,1.8875623116957767,0.004163429893625795,0.1668571461528252,0.03722153483426571,0.07904890369380624,6.226778634735135e-05
23,trf_16_1143a_t2,-0.3891961941071007,-0.4796698107870052,4.250919769935544,1.662802190924403,2.3667167348961105,0.9572426204233073,0.14703955694393045,0.01792889955529331
23,trf_6_4910a_t2,270.66302893391367,116.71237146717563,6.829390837634663,11.553105359753761,8.066702099181953,3.3867029230788432,0.1910569805088791,0.1925229525490515
23,trf_6_1541a_t2,-33.0116617304546,-13.751176930042387,2.7315850423751957,1.5370210518031793,0.6872947622246741,0.25886279789038014,0.07993802646055048,0.0028207174237926402
23,trf_6_1350a_t2,-47.23479290466078,-21.429486360393014,4.765643590713547,0.7776409750971626,0.7561686897260742,0.24364806905481018,0.18336297340390484,0.001031256519076984
23,trf_6_808a_t2,19.101597610018885,7.337543646170058,1.9096714992378396,0.10143909957879992,0.5874174683784759,0.21678525317094,0.079496858619861,0.0018598066240708977
23,trf_6_810a_t2,31.213998352964992,11.859176129824267,3.3683859004524366,0.14629998081090095,0.9624900420288327,0.35077053373047207,0.13958130740064556,0.0026751450760224282
23,trf_16_3130a_t2,44.29820057997218,17.449570072106937,3.5093076096614313,0.3668033039274841,1.3487783504883666,0.5155776789275492,0.141652046369118,0.006413407857086495
23,trf_6_1048a_t2,6.945267000304628,2.145081448933026,1.8873096100720383,0.012327684672513814,0.22852947748764763,0.06353982518031209,0.07919377694538321,0.0002772432255640986
23,trf_6_6273a_t2,-86.57701431295071,-34.92640175245085,4.438775483044938,3.9339623052819186,1.3939925204843604,0.5359308194915471,0.13951397886158734,0.00526973341328052
23,trf_6_731a_t2,6.704589309097431,2.042862743107187,1.8909596723479356,0.011353496410191444,0.22132116774258925,0.06045932637465912,0.07926500398101055,0.00025642392254312044
23,trf_6_732a_t2,27.271642125491958,10.198147253621988,3.3230928604812116,0.10210906193440854,0.8459859879204927,0.3014103975045792,0.13889229679468817,0.0019242477753856624
23,trf_6_730a_t2,7.524143285558473,2.3866942188076545,1.898601866866798,0.016313716902891108,0.29004273607844056,0.08955842420195115,0.07965494426563224,0.0006069695689456152
23,trf_6_729a_t2,32.987949156384204,13.295634000785041,2.045058407216089,0.3340027268595637,0.9977996172634924,0.39245478661863586,0.0816860733818241,0.0058052591502139594
23,trf_16_299a_t2,46.3536763049477,17.817319457868454,4.515361858249961,0.2372854103489439,1.421836858611826,0.5267510489371787,0.18531150668728902,0.004201458013580572
23,trf_11_130a_t2,12.088258553259566,4.323377043802931,1.9043385008065383,0.04838021616991232,0.38024780481778286,0.12798513316444726,0.07922610438124456,0.0008817984613352092
23,trf_6_1151a_t2,20.81810806893527,7.4507957889425205,3.341678120436903,0.07806342390561727,0.6550910378571224,0.21999632525644053,0.13926610972294506,0.0014449070772962758
23,trf_16_538a_t2,15.537308741387768,5.204100336217126,3.3443291063906004,0.07683265474148912,0.4993779442402495,0.15369046139881437,0.13915687772591534,0.0014085052208571286
23,trf_6_723a_t2,19.222552222342223,7.383520926038689,1.9129167888290008,0.10301420929526298,0.5911822861609366,0.21831867042001107,0.0795636468563925,0.001885030641467264
23,trf_6_722a_t2,5.944711880586502,1.7200212092267495,1.8870167476086197,0.008822745096043381,0.19898992080340427,0.05096055695146351,0.07919343455831318,0.00020796997714075602
23,trf_6_737a_t2,18.12959797696545,6.910246868616765,1.9518313290377205,0.10647167678214468,0.5583519084942914,0.2041055861059622,0.08023656275762336,0.0018855430438161486
23,trf_6_728a_t2,33.40056478223907,12.801765287169706,3.3506912073698203,0.1609318945888557,1.0274450282064365,0.37865651832109926,0.13930560383793722,0.002907358324975906
23,trf_6_3819a_t2,42.28722616332144,16.59266759450844,3.37244867880576,0.2788875334762557,1.2899518476274778,0.490407628392898,0.13916589011090386,0.004917301435548971
23,trf_6_124a_t2,14.763139539404937,4.4219020424961375,4.777316085186375,0.4644336221872927,1.663618006563631,0.6294973797768453,0.18506811650962085,0.006052892682631206
23,trf_16_6318a_t2,38.58127758199556,14.52713237409933,4.408635697096307,0.1629237272864848,1.1930164665411809,0.4296640089312831,0.18337822352105526,0.0029839972321167307
23,trf_6_2090a_t2,22.200111441588145,8.665603340061205,1.924160629668223,0.13837640601930962,0.6790018623352907,0.25597246779496885,0.07973086439308874,0.0024955217389149853
23,trf_16_2658a_t2,6.359397028679238,1.8945751504477661,1.885993987596303,0.010203678109999224,0.21102741779744782,0.05609847762530973,0.07898804929773284,0.00023494917533697923
23,trf_6_1177a_t2,56.967286230484575,21.52957881638314,6.451311304148168,0.1888360702319773,2.3101023834454324,0.871709047881442,0.2691681967311954,0.007047308221558746
23,trf_16_3364a_t2,10.282388480907395,3.561087717461731,1.8918092161749482,0.028076909507529852,0.326809581114043,0.10535353596434183,0.07909134359481773,0.0005656539185056944
23,trf_6_3509a_t2,29.45673465383048,12.62703098045267,0.9421573837086546,0.762947762903719,0.8798681879722885,0.3687176184909564,0.033430368027800195,0.012882748164951052
23,trf_11_3987a_t2,12.095585488044664,4.882332732668878,0.7379223109019174,0.12573632607089544,0.36624204015949324,0.1439999590569876,0.030089988353972474,0.00220227489888368
23,trf_16_3997a_t2,18.259653137059846,6.3476968125977455,3.3284761092861124,0.06950943249585767,0.5798287730943166,0.1877301863977463,0.13875118393910535,0.00129848175019949
23,trf_6_3817a_t2,3.620095873279218,1.237742643140064,0.7117348774736231,0.010357877459005401,0.11553913261362547,0.03656030689875456,0.02973909011619358,0.00021224572678599403
23,trf_16_1142a_t2,36.96780156214682,13.923828682962435,4.446384694797789,0.1242886040445623,1.1422954825477163,0.4092962469920778,0.1848564880292889,0.0023372237239954324
23,trf_6_724a_t2,17.62110884228761,6.072947957658162,3.3097275433594735,0.04142196844934754,0.5613301299857696,0.1798354929161219,0.13869111574356552,0.000842638534351868
23,trf_6_5085a_t2,31.416485212492738,11.990611989480705,3.3933450158760268,0.20611986369005036,0.9682536629565561,0.3539156986651051,0.1400533233620811,0.003652432707644815
23,trf_6_5595a_t2,-34.392528428190104,-15.54788277922702,3.5779822681775646,0.7037927999283773,0.6543783931400924,0.21953099769091722,0.13827466824977774,0.0015015222852353682
23,trf_6_5711a_t2,15.551110337706255,5.192663822025881,3.3075596411804913,0.03189727787889248,0.5002139287112666,0.1538018113962547,0.13866244735743294,0.0006679327899646349
23,trf_6_5712a_t2,4.003433774243758,0.35835494076562874,3.392376177730543,0.24101401804822226,1.1021647518116353,0.410781665935986,0.1391374077994061,0.0032855801676232588
23,trf_6_5659a_t2,8.908656595148733,2.3745985559068927,3.305227181624219,0.009897089147831883,0.3039874743757398,0.07032659199346059,0.13862443918683542,0.00025059032435768847
23,trf_6_6158a_t2,70.27050951706036,28.065220876785645,4.472606650334388,0.4720415380325045,2.1297059069834177,0.8292929253836938,0.18413543243948638,0.008308503481303409
23,trf_6_6197a_t2,105.92844118463732,42.45484170553743,6.507803865840573,0.6413184131338755,3.2080885822277168,1.2544351541017207,0.26934575380215087,0.01125544144961943
23,trf_6_6153a_t2,96.2139906125316,40.00597819860083,4.226512422881625,1.6584284521909078,3.9447305948335725,1.6342639269129648,0.16602927711342463,0.048290461571993015
23,trf_6_1504a_t2,12.337748359000923,3.8415958919288737,3.330479862447545,0.04386797547930905,0.4049212365296544,0.11344045588986784,0.13903991188543063,0.0008395914781080677
23,trf_6_6249a_t2,-49.86793663985117,-21.07025387497795,4.204185596839999,2.071308041601348,1.4670280449338335,0.5669065322196474,0.14042208003553913,0.005882342061720447
23,trf_16_6312a_t2,11.196255030274017,3.348185419204648,3.324931422030692,0.03512926258149804,0.3712599505487262,0.09899120673839334,0.13881910370159378,0.0006817850013534077
23,trf_6_727a_t2,42.577245008188655,16.745012406173487,3.390262768227106,0.26724348546372045,1.2982637976841858,0.4946876222107477,0.13993332735214503,0.004764671992337655
