hour,meterName,activeEnergyKWh,reactiveEnergyKvarh,activeLossesKWh,reactiveLossesKvarh,deltaActiveEnergyKWh,deltaReactiveEnergyKvarh,deltaActiveLossesKWh,deltaReactiveLossesKvarh
0,busa4-_202312598_segmmt_24122,428.9740867225684,-1219.4358061854275,145.316322292358,-57.08988118601604,428.9740867225684,-1219.4358061854275,145.316322292358,-57.08988118601604
0,trf_16_1585a_t2,0.1622463168730594,0.03441014335393666,0.0829716894933663,4.113767515769202e-05,0.1622463168730594,0.03441014335393666,0.0829716894933663,4.113767515769202e-05
0,trf_16_1143a_t2,2.108207711641169,0.8472187874820882,0.14609587335349977,0.014090849076719831,2.108207711641169,0.8472187874820882,0.14609587335349977,0.014090849076719831
0,trf_6_4910a_t2,7.616153228885709,3.3771103064937553,0.1964995640473435,0.1530605363549196,7.616153228885709,3.3771103064937553,0.1964995640473435,0.1530605363549196
0,trf_6_1541a_t2,0.6434785626698047,0.2467535827786219,0.08620820626878696,0.002277675820609872,0.6434785626698047,0.2467535827786219,0.08620820626878696,0.002277675820609872
0,trf_6_1350a_t2,0.6969706345960602,0.21906417117015048,0.18709253170454235,0.0008601406402820402,0.6969706345960602,0.21906417117015048,0.18709253170454235,0.0008601406402820402
0,trf_6_808a_t2,0.5332190148928059,0.1948429293008614,0.08105137454301331,0.0015004602608643864,0.5332190148928059,0.1948429293008614,0.08105137454301331,0.0015004602608643864
0,trf_6_810a_t2,0.8748193421669515,0.31532495620416184,0.14220699182413002,0.0021561266152776283,0.8748193421669515,0.31532495620416184,0.14220699182413002,0.0021561266152776283
0,trf_16_3130a_t2,1.2356371008093634,0.47488289154589114,0.14728532898517385,0.005121633604824878,1.2356371008093634,0.47488289154589114,0.14728532898517385,0.005121633604824878
0,trf_6_1048a_t2,0.21375417330217603,0.05713254078402642,0.08082728604792035,0.00023837050622950784,0.21375417330217603,0.05713254078402642,0.08082728604792035,0.00023837050622950784
0,trf_6_6273a_t2,1.2589615351568473,0.48161956620668533,0.14213995021637058,0.004207663418870739,1.2589615351568473,0.48161956620668533,0.14213995021637058,0.004207663418870739
0,trf_6_731a_t2,0.20732773895419604,0.05435613721040306,0.08088817300652125,0.00022060591656057938,0.20732773895419604,0.05435613721040306,0.08088817300652125,0.00022060591656057938
0,trf_6_732a_t2,0.7710850603277813,0.2709105711811238,0.14168013181883743,0.0015666432127871132,0.7710850603277813,0.2709105711811238,0.14168013181883743,0.0015666432127871132
0,trf_6_730a_t2,0.2802276023616199,0.08554585961201723,0.08126236322950041,0.0005594850959883048,0.2802276023616199,0.08554585961201723,0.08126236322950041,0.0005594850959883048
0,trf_6_729a_t2,0.898529443632567,0.35263982620118717,0.08274261061919151,0.004600963632448696,0.898529443632567,0.35263982620118717,0.08274261061919151,0.004600963632448696
0,trf_16_299a_t2,1.305029932005989,0.4834557102619824,0.1924895009052137,0.0033610658138208864,1.305029932005989,0.4834557102619824,0.1924895009052137,0.0033610658138208864
0,trf_11_130a_t2,0.3579731604661782,0.11996751759246067,0.08423178481410161,0.000713516190438604,0.3579731604661782,0.11996751759246067,0.08423178481410161,0.000713516190438604
0,trf_6_1151a_t2,0.601110805163736,0.19769521935960718,0.14199069516176796,0.0011679524698307798,0.601110805163736,0.19769521935960718,0.14199069516176796,0.0011679524698307798
0,trf_16_538a_t2,0.4671713838359873,0.14023625076777518,0.14402671582567214,0.0011443720643540118,0.4671713838359873,0.14023625076777518,0.14402671582567214,0.0011443720643540118
0,trf_6_723a_t2,0.5365752313202606,0.1962319025285143,0.08110133504466796,0.0015195759000060747,0.5365752313202606,0.1962319025285143,0.08110133504466796,0.0015195759000060747
0,trf_6_722a_t2,0.18746063211232125,0.045823923640000215,0.08082808246193657,0.00018120652373498203,0.18746063211232125,0.045823923640000215,0.08082808246193657,0.00018120652373498203
0,trf_6_737a_t2,0.507279559862733,0.18342084109160653,0.08163739002358437,0.0014991495273014338,0.507279559862733,0.18342084109160653,0.08163739002358437,0.0014991495273014338
0,trf_6_728a_t2,0.9326581173509828,0.34036555129156926,0.14198692112735137,0.0023309078488418255,0.9326581173509828,0.34036555129156926,0.14198692112735137,0.0023309078488418255
0,trf_6_3819a_t2,1.2043319530945562,0.466240781392309,0.14992016294068541,0.003963127017099821,1.2043319530945562,0.466240781392309,0.14992016294068541,0.003963127017099821
0,trf_6_124a_t2,1.5507843517047386,0.5965324581758521,0.19836470373483464,0.004839070594825328,1.5507843517047386,0.5965324581758521,0.19836470373483464,0.004839070594825328
0,trf_16_6318a_t2,1.105997440443124,0.3984495868211612,0.19289008562661664,0.002427859964420903,1.105997440443124,0.3984495868211612,0.19289008562661664,0.002427859964420903
0,trf_6_2090a_t2,0.6147441361630902,0.2300466405326696,0.08123026814833227,0.002002421083209711,0.6147441361630902,0.2300466405326696,0.08123026814833227,0.002002421083209711
0,trf_16_2658a_t2,0.20257874035610268,0.05204159964493191,0.08317694458669907,0.00020639281437899725,0.20257874035610268,0.05204159964493191,0.08317694458669907,0.00020639281437899725
0,trf_6_1177a_t2,2.196997978115214,0.8301961547828898,0.27530501281314057,0.006410851284048492,2.196997978115214,0.8301961547828898,0.27530501281314057,0.006410851284048492
0,trf_16_3364a_t2,0.3067559275181989,0.09745639050332898,0.08304130878961835,0.0004747514859895716,0.3067559275181989,0.09745639050332898,0.08304130878961835,0.0004747514859895716
0,trf_6_3509a_t2,0.787201459348495,0.3306788354812329,0.033184682962300364,0.010115515130938491,0.787201459348495,0.3306788354812329,0.033184682962300364,0.010115515130938491
0,trf_11_3987a_t2,0.3370677007332016,0.1344668033822004,0.03178750668994105,0.0017654984560128994,0.3370677007332016,0.1344668033822004,0.03178750668994105,0.0017654984560128994
0,trf_16_3997a_t2,0.543088124281784,0.1732010850252221,0.1452332262727901,0.001062341381044732,0.543088124281784,0.1732010850252221,0.1452332262727901,0.001062341381044732
0,trf_6_3817a_t2,0.1070668109475243,0.03303340249274253,0.030498733212345346,0.0001776942817376651,0.1070668109475243,0.03303340249274253,0.030498733212345346,0.0001776942817376651
0,trf_16_1142a_t2,1.0325460325684566,0.36298274863005,0.18603618065796707,0.001895570184558352,1.0325460325684566,0.36298274863005,0.18603618065796707,0.001895570184558352
0,trf_6_724a_t2,0.5177368665916382,0.16168873871979583,0.14152418978512057,0.0007027333682735915,0.5177368665916382,0.16168873871979583,0.14152418978512057,0.0007027333682735915
0,trf_6_5085a_t2,0.8799040273623778,0.31802966118632797,0.14258673449410766,0.002914274002513005,0.8799040273623778,0.31802966118632797,0.14258673449410766,0.002914274002513005
0,trf_6_5595a_t2,0.6230785353151223,0.20931400106636325,0.14962632641648532,0.001244443810346276,0.6230785353151223,0.20931400106636325,0.14962632641648532,0.001244443810346276
0,trf_6_5711a_t2,0.46333650671413423,0.13828797750903643,0.14150366597875505,0.000562027809693923,0.46333650671413423,0.13828797750903643,0.14150366597875505,0.000562027809693923
0,trf_6_5712a_t2,0.9991786984456508,0.369224503379699,0.1418533405048037,0.002643631317586845,0.9991786984456508,0.369224503379699,0.1418533405048037,0.002643631317586845
0,trf_6_5659a_t2,0.2886717143510483,0.06323986769252044,0.14148387829174386,0.00022313082430187948,0.2886717143510483,0.06323986769252044,0.14148387829174386,0.00022313082430187948
0,trf_6_6158a_t2,1.9821519896593132,0.7892800278055534,0.19850899969432773,0.00670507930753115,1.9821519896593132,0.7892800278055534,0.19850899969432773,0.00670507930753115
0,trf_6_6197a_t2,2.8906194344423493,1.1273890576540897,0.27434807488042345,0.008953907659424566,2.8906194344423493,1.1273890576540897,0.27434807488042345,0.008953907659424566
0,trf_6_6153a_t2,3.778686793133552,1.5794964895934214,0.16710104075237578,0.043146461187104884,3.778686793133552,1.5794964895934214,0.16710104075237578,0.043146461187104884
0,trf_6_1504a_t2,0.380180844531762,0.10261477304720087,0.14274295055222425,0.0006912905545546532,0.380180844531762,0.10261477304720087,0.14274295055222425,0.0006912905545546532
0,trf_6_6249a_t2,1.3328286837809897,0.515590955800694,0.1445695747647192,0.004704192511402765,1.3328286837809897,0.515590955800694,0.1445695747647192,0.004704192511402765
0,trf_16_6312a_t2,0.35308150298095714,0.09064444715900952,0.14422994768044825,0.0005661910206629249,0.35308150298095714,0.09064444715900952,0.14422994768044825,0.0005661910206629249
0,trf_6_727a_t2,1.173706043021421,0.44458055516061673,0.14247250664873812,0.0038095774223777714,1.173706043021421,0.44458055516061673,0.14247250664873812,0.0038095774223777714
1,busa4-_202312598_segmmt_24122,847.2206577657793,-2444.3018768421052,290.84907068102007,-114.15352741921728,418.24657104321085,-1224.8660706566777,145.53274838866207,-57.06364623320125
1,trf_16_1585a_t2,0.3212608150675562,0.06740414917136242,0.16598436308229952,7.633107281034931e-05,0.1590144981944968,0.03299400581742576,0.08301267358893323,3.5193397652657296e-05
1,trf_16_1143a_t2,4.134887869915078,1.6591228524763424,0.2917255219050124,0.02708935878980375,2.026680158273909,0.8119040649942542,0.1456296485515126,0.01299850971308392
1,trf_6_4910a_t2,14.926339328630604,6.61322873825506,0.3891931589909159,0.29391008890874215,7.310186099744895,3.2361184317613048,0.19269359494357238,0.14084955255382256
1,trf_6_1541a_t2,1.2640072465472632,0.4833735388167826,0.172393561951219,0.004386941582549852,0.6205286838774584,0.2366199560381607,0.08618535568243203,0.0021092657619399802
1,trf_6_1350a_t2,1.3729389154210743,0.42911107898886086,0.3742499146523638,0.0016691175744916508,0.675968280825014,0.21004690781871038,0.18715738294782144,0.0008089769342096106
1,trf_6_808a_t2,1.0477821437024963,0.3816487988840328,0.16211496998727784,0.0028959021859464116,0.5145631288096905,0.1868058695831714,0.08106359544426453,0.0013954419250820252
1,trf_6_810a_t2,1.7193952737536047,0.6176581507566423,0.28440782241365825,0.004160656939287634,0.8445759315866532,0.3023331945524805,0.14220083058952823,0.002004530324010006
1,trf_16_3130a_t2,2.4263239207698444,0.9302151618506571,0.2944267928365809,0.009860001015987708,1.190686819960481,0.455332270304766,0.14714146385140706,0.00473836741116283
1,trf_6_1048a_t2,0.422048859974826,0.11191445712214998,0.16168840334854,0.00046479876443884295,0.20829468667264997,0.05478191633812356,0.08086111730061966,0.0002264282582093351
1,trf_6_6273a_t2,2.4718226457675856,0.9433560789159481,0.284274811486834,0.008106936255637761,1.2128611106107383,0.46173651270926275,0.1421348612704634,0.0038992728367670225
1,trf_6_731a_t2,0.4094591109633752,0.10647428058647651,0.1618071852216491,0.0004301939818815939,0.20213137200917913,0.05211814337607345,0.08091901221512786,0.0002095880653210145
1,trf_6_732a_t2,1.5162030560530964,0.5306476830346394,0.2834000957227757,0.0030281654845667988,0.745117995725315,0.25973711185351556,0.14171996390393826,0.0014615222717796856
1,trf_6_730a_t2,0.551611933789976,0.16729566563863144,0.16251965148487707,0.0010711807599263262,0.27138433142835605,0.0817498060266142,0.08125728825537666,0.0005116956639380214
1,trf_6_729a_t2,1.7633213846820326,0.6907143816489425,0.16535605951683113,0.00885383616971474,0.8647919410494656,0.33807455544775533,0.08261344889763962,0.004252872537266043
1,trf_16_299a_t2,2.5641182566032614,0.9470099229582063,0.3849143943235748,0.006472722417475332,1.2590883245972724,0.4635542126962239,0.19242489341836114,0.003111656603654446
1,trf_11_130a_t2,0.7046938097454061,0.23500927985109643,0.16848949522532936,0.0013753635223325155,0.34672064927922785,0.11504176225863576,0.08425771041122775,0.0006618473318939115
1,trf_6_1151a_t2,1.1832644686304372,0.3872268696985325,0.28400255266618313,0.002254778964210442,0.5821536634667012,0.1895316503389253,0.14201185750441517,0.0010868264943796624
1,trf_16_538a_t2,0.9210365589760301,0.2746955684894429,0.2880782053191136,0.002209996943348326,0.4538651751400428,0.1344593177216677,0.14405148949344146,0.0010656248789943144
1,trf_6_723a_t2,1.05435699226864,0.3843720311697787,0.16221002792807804,0.002932391309732175,0.5177817609483794,0.1881401286412644,0.08110869288341008,0.0014128154097261005
1,trf_6_722a_t2,0.37054837650057104,0.08976308506045089,0.1616902358703751,0.0003540693087040765,0.1830877443882498,0.04393916142045067,0.08086215340843853,0.00017286278496909447
1,trf_6_737a_t2,0.9969585688903078,0.35926970901465743,0.16324284612057072,0.0028860984269438606,0.4896790090275748,0.1758488679230509,0.08160545609698634,0.0013869488996424268
1,trf_6_728a_t2,1.8326876274752586,0.6666992575295108,0.2839836534717263,0.004493809440577668,0.9000295101242758,0.3263337062379415,0.14199673234437496,0.0021629015917358422
1,trf_6_3819a_t2,2.3652641407234776,0.9133215198710819,0.29984754071512354,0.007631775841759178,1.1609321876289214,0.4470807384787729,0.14992737777443813,0.0036686488246593573
1,trf_6_124a_t2,3.0458545678621602,1.1685693996588185,0.3966662287232531,0.00930832774063825,1.4950702161574216,0.5720369414829664,0.19830152498841844,0.004469257145812922
1,trf_16_6318a_t2,2.1743962438389035,0.7805205645894235,0.38583151699740614,0.004686375920488308,1.0683988033957794,0.3820709777682623,0.1929414313707895,0.0022585159560674054
1,trf_6_2090a_t2,1.2074655442024396,0.4506000686896446,0.16245720244057688,0.0038612279089762754,0.5927214080393494,0.22055342815697498,0.0812269342922446,0.0018588068257665642
1,trf_16_2658a_t2,0.40027257724476345,0.10194748890248574,0.16639719779833928,0.0004029269742289685,0.19769383688866077,0.049905889257553834,0.08322025321164021,0.00019653415984997126
1,trf_6_1177a_t2,4.350259660386488,1.6415806019926558,0.5506445140474671,0.012625187263682058,2.1532616822712742,0.811384447209766,0.2753395012343265,0.006214335979633567
1,trf_16_3364a_t2,0.6043161133144124,0.1909076814470404,0.1661194126780515,0.0009207711348021341,0.29756018579621346,0.09345129094371142,0.08307810388843315,0.0004460196488125625
1,trf_6_3509a_t2,1.543209650342047,0.6475532649914189,0.06613968313588856,0.019436200359599864,0.756008190993552,0.31687442951018596,0.03295500017358819,0.009320685228661373
1,trf_11_3987a_t2,0.6615524041747101,0.26338749533679673,0.06355915666351342,0.0033992307742478894,0.3244847034415085,0.12892069195459632,0.03177164997357237,0.00163373231823499
1,trf_16_3997a_t2,1.0698129379625407,0.3392817588768157,0.29051139407660925,0.002052747621143938,0.5267248136807567,0.1660806738515936,0.14527816780381916,0.000990406240099206
1,trf_6_3817a_t2,0.21097923237041938,0.06470542403940958,0.06100767679171471,0.0003449211677629976,0.10391242142289508,0.031672021546667053,0.030508943579369365,0.0001672268860253325
1,trf_16_1142a_t2,2.0299861705661577,0.7108957488109764,0.3720672191846657,0.0036636721323146876,0.9974401379977011,0.3479130001809264,0.1860310385266986,0.0017681019477563357
1,trf_6_724a_t2,1.0199824279559324,0.3167214672760973,0.28310051732684016,0.0013636188329055657,0.5022455613642942,0.15503272855630146,0.1415763275417196,0.0006608854646319742
1,trf_6_5085a_t2,1.7293452108770149,0.6229262791204793,0.28514074472318435,0.005614350039315841,0.849441183514637,0.3048966179341513,0.14255401022907668,0.002700076036802836
1,trf_6_5595a_t2,1.2267129316797503,0.4100348039885782,0.29932102900510554,0.0024059268871998328,0.603634396364628,0.20072080292221497,0.14969470258862022,0.0011614830768535568
1,trf_6_5711a_t2,0.9134297571385578,0.27088478475267086,0.2830616605107872,0.0010921497200264624,0.45009325042442355,0.13259680724363443,0.14155799453203213,0.0005301219103325394
1,trf_6_5712a_t2,1.9629828766128425,0.7232232514406504,0.2837265586042067,0.00509997421261091,0.9638041781671918,0.3539987480609514,0.141873218099403,0.002456342895024065
1,trf_6_5659a_t2,0.571318451465741,0.12387929511280707,0.28302695314538806,0.00043746847225911625,0.2826467371146927,0.060639427420286635,0.1415430748536442,0.00021433764795723677
1,trf_6_6158a_t2,3.8908574670351306,1.5461164676838925,0.39701108446331523,0.01291431219680416,1.9087054773758174,0.7568364398783392,0.1985020847689875,0.0062092328892730106
1,trf_6_6197a_t2,5.6732254434102245,2.2082519613222003,0.548668040296004,0.01724117782384093,2.7826060089678752,1.0808629036681106,0.27431996541558057,0.008287270164416364
1,trf_6_6153a_t2,7.43989413513974,3.10779783219151,0.33223494863673136,0.08330001854899159,3.661207342006188,1.5283013425980887,0.16513390788435559,0.04015355736188671
1,trf_6_1504a_t2,0.7505873807758445,0.20099719279074174,0.2855220008624517,0.00133839069706842,0.37040653624408254,0.09838241974354087,0.14277905031022747,0.0006471001425137668
1,trf_6_6249a_t2,2.616560256766239,1.0098934584618842,0.289077799064839,0.009062039168347216,1.2837315729852494,0.49430250266119014,0.14450822430011978,0.0043578466569444505
1,trf_16_6312a_t2,0.6975899848885057,0.17756061286148797,0.2885058696896059,0.0010970421803796562,0.3445084819075485,0.08691616570247845,0.14427592200915765,0.0005308511597167313
1,trf_6_727a_t2,2.3048222996749907,0.8708140514973481,0.2849147655176988,0.007341644747458333,1.1311162566535697,0.4262334963367314,0.14244225886896067,0.0035320673250805613
2,busa4-_202312598_segmmt_24122,1259.448516255945,-3672.3808279409377,436.5644719636084,-171.1933107221802,412.22785849016566,-1228.0789510988325,145.71540128258835,-57.03978330296292
2,trf_16_1585a_t2,0.4761348731142122,0.09858938581049126,0.2490242568881827,0.00010419718789708115,0.154874058046656,0.031185236639128838,0.08303989380588317,2.7866115086731832e-05
2,trf_16_1143a_t2,6.058008209179421,2.4261784596038125,0.43678628363692495,0.038764626501801486,1.9231203392643437,0.7670556071274701,0.14506076173191257,0.011675267711997735
2,trf_6_4910a_t2,21.84649690094487,9.669553363324457,0.5772482847837009,0.4199787815100501,6.920157572314267,3.056324625069397,0.18805512579278505,0.12606869260130793
2,trf_6_1541a_t2,1.8552743314400575,0.7070472496301627,0.2585280449712666,0.006291475861194343,0.5912670848927943,0.22367371081338017,0.08613448302004759,0.0019045342786444906
2,trf_6_1350a_t2,2.02210979051156,0.6276431772192498,0.5614341852968473,0.0024154434361679192,0.6491708750904859,0.19853209823038892,0.1871842706444835,0.0007463258616762685
2,trf_6_808a_t2,1.538566552194768,0.5581937638092342,0.24317132033885203,0.004163487092297054,0.4907844084922717,0.17654496492520144,0.08105635035157419,0.0012675849063506425
2,trf_6_810a_t2,2.525420461403777,0.9034026336162571,0.4265625350274159,0.005980645649928562,0.8060251876501723,0.28574448285961473,0.14215471261375767,0.0018199887106409279
2,trf_16_3130a_t2,3.5597345559237805,1.3605894051130978,0.4413579218998541,0.01413311487699197,1.1334106351539361,0.43037424326244067,0.1469311290632732,0.004273113861004263
2,trf_6_1048a_t2,0.6233661486864255,0.16369403264254892,0.24256719088606238,0.0006765142857710238,0.20131728871159948,0.05177957552039894,0.08087878753752237,0.0002117155213321809
2,trf_6_6273a_t2,3.6259408981658576,1.3797100054303022,0.4263651604568551,0.011631465930143851,1.154118252398272,0.4363539265143541,0.1420903489700211,0.00352452967450609
2,trf_6_731a_t2,0.6049521657143886,0.155735477032055,0.24274226122525308,0.0006262033983915317,0.19549305475101342,0.0492611964455785,0.08093507600360397,0.00019600941650993779
2,trf_6_732a_t2,2.228223092947021,0.77612318632699,0.42513137876018614,0.004361511493229031,0.7120200368939247,0.24547550329235057,0.14173128303741045,0.001333346008662232
2,trf_6_730a_t2,0.8123878277883776,0.2444888672586062,0.24375342444118597,0.0015293467165810293,0.2607758939984016,0.07719320161997476,0.0812337729563089,0.0004581659566547031
2,trf_6_729a_t2,2.585133480240519,1.0101986617678884,0.24779225493966578,0.012684292826351069,0.8218120955584862,0.3194842801189459,0.08243619542283465,0.00383045665663633
2,trf_16_299a_t2,3.764671088112971,1.3851635694097006,0.577215363548162,0.009281191885060555,1.2005528315097096,0.43815364645149435,0.19230096922458723,0.002808469467585223
2,trf_11_130a_t2,1.0370554255803184,0.3437577741304073,0.2527552599983234,0.001974203694244662,0.3323616158349123,0.10874849427931088,0.08426576477299402,0.0005988401719121466
2,trf_6_1151a_t2,1.7412618463892509,0.5663479210899756,0.42600882574572074,0.003242754726001081,0.5579973777588136,0.17912105139144308,0.14200627307953761,0.0009879757617906387
2,trf_16_538a_t2,1.357928514610484,0.40178436404061557,0.43212691374924406,0.0031798582877435003,0.43689195563445393,0.1270887955511727,0.14404870843013046,0.0009698613443951741
2,trf_6_723a_t2,1.5481810127376907,0.5621787847226019,0.2433046075575252,0.0042152331146931635,0.4938240204690507,0.17780675355282316,0.08109457962944716,0.0012828418049609883
2,trf_6_722a_t2,0.548042255079537,0.13129483791179725,0.24257025359950457,0.0005166224493116723,0.17749387857896592,0.04153175285134636,0.08088001772912948,0.00016255314060759578
2,trf_6_737a_t2,1.4642180209407445,0.5254599644298761,0.2447912590708919,0.0041365950577556205,0.46725945205043673,0.16619025541521865,0.08154841295032117,0.0012504966308117598
2,trf_6_728a_t2,2.6911228874788824,0.9751134542276461,0.42595201443919867,0.006452239625621137,0.8584352600036238,0.3084141966981353,0.14196836096747234,0.001958430185043469
2,trf_6_3819a_t2,3.4708638853329816,1.3359254230535402,0.4497429844206561,0.010942541121354891,1.105599744609504,0.42260390318245833,0.14989544370553254,0.003310765279595713
2,trf_6_124a_t2,4.469892221244544,1.7093103236446097,0.5948376041562241,0.013328403002667848,1.424037653382384,0.5407409239857912,0.19817137543297103,0.004020075262029597
2,trf_16_6318a_t2,3.1948483208824165,1.1416697449733895,0.5787814784701647,0.006738737890351714,1.020452077043513,0.36114918038396593,0.19294996147275856,0.0020523619698634057
2,trf_6_2090a_t2,1.7721210950772242,0.6590340494137341,0.24365814153578647,0.005545360608344254,0.5646555508747846,0.20843398072408953,0.08120093909520959,0.001684132699367979
2,trf_16_2658a_t2,0.5917187580586971,0.149124816940114,0.2496463860731174,0.0005872934014484415,0.19144618081393366,0.047177328037628266,0.08324918827477812,0.00018436642721947295
2,trf_6_1177a_t2,6.447725482277379,2.4289027078880148,0.8259709428533994,0.018596446927538722,2.097465821890891,0.787322105895359,0.2753264288059324,0.005971259663856664
2,trf_16_3364a_t2,0.8901409831241274,0.27924375531547685,0.24921962747176662,0.0013316018378626779,0.285824869809715,0.08833607386843645,0.08310021479371513,0.00041083070306054375
2,trf_6_3509a_t2,2.2595150846662655,0.9468525295131065,0.09881191646386105,0.02779441555455179,0.7163054343242186,0.29929926452168765,0.03267223332797249,0.008358215194951925
2,trf_11_3987a_t2,0.9700004971752298,0.38522686776146386,0.09530326974470835,0.004872970796477758,0.3084480930005198,0.12183937242466714,0.03174411308119493,0.0014737400222298684
2,trf_16_3997a_t2,1.5756588588439033,0.4962699058260027,0.43580617157479806,0.002955485762582248,0.5058459208813626,0.156988146949187,0.1452947774981888,0.00090273814143831
2,trf_6_3817a_t2,0.31087122371442133,0.09464151428132991,0.09152283705046318,0.000499323694891512,0.09989199134400195,0.02993609024192033,0.030515160258748474,0.00015440252712851444
2,trf_16_1142a_t2,2.9828239494806166,1.0396589534901146,0.5580811178402283,0.0052765014335742115,0.9528377789144589,0.3287632046791382,0.18601389865556262,0.001612829301259524
2,trf_6_724a_t2,1.5024572837345278,0.46325301725129775,0.4246993124424795,0.0019732435427944357,0.4824748557785954,0.14653154997520046,0.14159879511563933,0.0006096247098888699
2,trf_6_5085a_t2,2.539975353593905,0.9110686062467109,0.42762145236833027,0.008054223318865928,0.81063014271689,0.28814232712623167,0.14248070764514592,0.0024398732795500866
2,trf_6_5595a_t2,1.8055333182173752,0.5997775196495883,0.44905720316776876,0.00346626455747937,0.5788203865376249,0.18974271566101003,0.14973617416266322,0.0010603376702795373
2,trf_6_5711a_t2,1.3466146531208705,0.39621243599041234,0.4246446032227317,0.001583123681577682,0.4331848959823127,0.12532765123774148,0.1415829427119445,0.0004909739615512195
2,trf_6_5712a_t2,2.881695392474525,1.0577783612844467,0.4255835110774051,0.0073284059059188925,0.9187125158616825,0.33455510984379633,0.1418569524731984,0.0022284316933079825
2,trf_6_5659a_t2,0.8462511549469163,0.1811978812197382,0.4246024563376982,0.0006409024503138384,0.27493270348117527,0.057318586106931135,0.14157550319231016,0.0002034339780547221
2,trf_6_6158a_t2,5.705941505002372,2.2615089440630154,0.5954511889642076,0.0185212784174781,1.815084037967241,0.7153924763791228,0.19844010450089233,0.005606966220673939
2,trf_6_6197a_t2,8.318195389973232,3.2297044409102655,0.8228766140562438,0.02471905077714073,2.644969946563007,1.0214524795880653,0.27420857376023977,0.0074778729532998
2,trf_6_6153a_t2,10.9598387891232,4.574422314137627,0.4951552387504782,0.12005397804113543,3.51994465398346,1.4666244819461172,0.1629202901137468,0.03675395949214384
2,trf_6_1504a_t2,1.1085248311142255,0.29398327030665133,0.4283152736659016,0.0019316560152623464,0.357937450338381,0.0929860775159096,0.1427932728034499,0.0005932653181939264
2,trf_6_6249a_t2,3.8377728754699034,1.4770461097292036,0.4334809601724413,0.012999177866238347,1.2212126187036643,0.4671526512673194,0.14440316110760232,0.003937138697891132
2,trf_16_6312a_t2,1.0311472853110653,0.25971852927420813,0.4328032556232473,0.001584797652833487,0.3335573004225596,0.08215791641272016,0.1442973859336414,0.0004877554724538307
2,trf_6_727a_t2,3.3816699981639355,1.2736267961405021,0.4272825651340908,0.010536446506512675,1.0768476984889448,0.402812744643154,0.142367799616392,0.0031948017590543425
3,busa4-_202312598_segmmt_24122,1672.4871568044625,-4900.561993876813,582.4483015775703,-228.20902436035033,413.0386405485176,-1228.1811659358755,145.8838296139619,-57.015713638170126
3,trf_16_1585a_t2,0.6241205699579806,0.12677382585017744,0.33207433776944445,0.0001204945022502605,0.1479856968437684,0.028184440039686176,0.08305008088126176,1.6297314353179348e-05
3,trf_16_1143a_t2,7.8100199577088425,3.1191794291179775,0.5809716579898848,0.04841008860095251,1.752011748529421,0.693000969514165,0.14418537435295986,0.009645462099151021
3,trf_6_4910a_t2,28.120284299995856,12.42828044652807,0.7581695880458579,0.5234192350072154,6.273787399050985,2.7587270832036133,0.18092130326215694,0.10344045349716535
3,trf_6_1541a_t2,2.398051837556755,0.9092388741447495,0.3445530335109788,0.007880348242968026,0.5427775061166977,0.20219162451458672,0.08602498853971224,0.0015888723817736837
3,trf_6_1350a_t2,2.6268514812892576,0.8070774361986446,0.7485855204120706,0.0030640500395383865,0.6047416907776975,0.1794342589793948,0.1871513351152233,0.0006486066033704672
3,trf_6_808a_t2,1.9899604133761202,0.7177255508171136,0.3241852154983291,0.005233444863549672,0.45139386118135216,0.1595317870078794,0.0810138951594771,0.001069957771252618
3,trf_6_810a_t2,3.2675817320481393,1.1616370906319213,0.5685915205216867,0.007515447186790397,0.7421612706443623,0.2582344570156643,0.1420289854942708,0.001534801536861835
3,trf_16_3130a_t2,4.598283718570983,1.7495777605846745,0.5879171211125176,0.017690495403495616,1.038549162647202,0.38898835547157673,0.14655919921266347,0.003557380526503645
3,trf_6_1048a_t2,0.8130991761234964,0.210493370306619,0.3234395040909426,0.0008650686649706945,0.18973302743707088,0.04679933766407007,0.0808723132048802,0.00018855437919967064
3,trf_6_6273a_t2,4.682771142295599,1.773982868368087,0.5683329932214798,0.014578520548023584,1.0568302441297415,0.39427286293778474,0.1419678327646247,0.002947054617879733
3,trf_6_731a_t2,0.7894275215879667,0.20025945289288896,0.3236713340433565,0.0008008218591351693,0.1844753558735781,0.04452397586083395,0.08092907281810344,0.00017461846074363766
3,trf_6_732a_t2,2.885414122130334,0.9979555879590779,0.5668272250349076,0.005496251069981753,0.6571910291833132,0.22183240163208795,0.14169584627472143,0.001134739576752722
3,trf_6_730a_t2,1.0569785302389836,0.3147280455498185,0.32492780477075034,0.0019132704189635053,0.244590702450606,0.07023917829121229,0.08117438032956437,0.00038392370238247596
3,trf_6_729a_t2,3.3357764573429605,1.2988674343776496,0.3299278234062558,0.01586522363986853,0.7506429771024417,0.2886687726097612,0.08213556846659004,0.003180930813517462
3,trf_16_299a_t2,4.868283327259387,1.7812021087378156,0.7692629492786713,0.011622136447266434,1.1036122391464156,0.39603853932811495,0.19204758573050928,0.0023409445622058784
3,trf_11_130a_t2,1.3456069219673554,0.4420629677338717,0.3370010304657447,0.00247540061018292,0.30855149638703705,0.0983051936034644,0.08424577046742132,0.0005011969159382577
3,trf_6_1151a_t2,2.2592502643214885,0.7282210375123294,0.5679619465358199,0.004077704706809442,0.5179884179322376,0.1618731164223538,0.14195312079009914,0.0008349499808083614
3,trf_16_538a_t2,1.766683533436732,0.5166568576818452,0.5761251959911987,0.00400197116834328,0.4087550188262479,0.11487249364122964,0.14399828224195466,0.00082211288059978
3,trf_6_723a_t2,2.002313681876527,0.7228490391812921,0.3243447476903609,0.00529719277192401,0.4541326691388361,0.1606702544586902,0.08104014013283573,0.0010819596572308465
3,trf_6_722a_t2,0.7162416530293428,0.16883305711143798,0.3234439241828303,0.0006628744576939774,0.16819939794980587,0.03753821919964073,0.08087367058332573,0.00014625200838230509
3,trf_6_737a_t2,1.8943566082713355,0.67564489562541,0.3262262708113466,0.00517650566512387,0.43013858733059096,0.1501849311955339,0.0814350117404547,0.0010399106073682492
3,trf_6_728a_t2,3.480648763100471,1.2538090126795831,0.5678194609605502,0.008094791910064158,0.7895258756215888,0.27869555845193705,0.14186744652135158,0.0016425522844430215
3,trf_6_3819a_t2,4.484776298063946,1.7179180076013412,0.5995340008992046,0.013701774531805704,1.0139124127309644,0.38199258454780094,0.14979101647854853,0.002759233410450812
3,trf_6_124a_t2,5.776229035022949,2.19811854050845,0.7927362871591543,0.016656858677952663,1.3063368137784046,0.48880821686384035,0.19789868300293023,0.003328455675284815
3,trf_16_6318a_t2,4.135840362485753,1.4681085644001592,0.7716697350492272,0.008472531375336512,0.9409920416033368,0.3264388194267698,0.1928882565790625,0.001733793484984798
3,trf_6_2090a_t2,2.2902900700210735,0.8473744557432765,0.32478810376127476,0.006959926606128633,0.5181689749438494,0.1883404063295424,0.0811299622254883,0.001414565997784379
3,trf_16_2658a_t2,0.7727857259629758,0.19177450914195857,0.33290690850234805,0.0007524543950691936,0.18106696790427868,0.04264969220184456,0.08326052242923065,0.0001651609936207521
3,trf_6_1177a_t2,8.452686979141962,3.1762521502584318,1.1011987238253922,0.024182311650527432,2.004961496864583,0.747349442370417,0.27522778097199274,0.00558586472298871
3,trf_16_3364a_t2,1.156505499266821,0.35909428815973,0.332322302306636,0.0016875324826670414,0.2663645161426935,0.07985053284425314,0.08310267483486938,0.0003559306448043635
3,trf_6_3509a_t2,2.910111969010314,1.2170897016313211,0.1310455484835118,0.03467772103983509,0.6505968843440484,0.27023717211821463,0.03223363201965075,0.006883305485283299
3,trf_11_3987a_t2,1.2518827980399636,0.49532401298494655,0.12699371643832802,0.00610049724570669,0.28188230086473376,0.11009714522348268,0.03169044669361967,0.0012275264492289323
3,trf_16_3997a_t2,2.0468861552168267,0.6381767240305991,0.5810734239478483,0.0037225081249493645,0.4712272963729234,0.14190681820459639,0.14526725237305027,0.0007670223623671164
3,trf_6_3817a_t2,0.4041027604147011,0.12170140422663395,0.12203891674839598,0.0006337008636254641,0.09323153670027978,0.027059889945304033,0.030516079697932796,0.00013437716873395203
3,trf_16_1142a_t2,3.8619595134022715,1.3367795925366945,0.7440537091086037,0.006648958543650878,0.8791355639216549,0.2971206390465799,0.1859725912683754,0.0013724571100766662
3,trf_6_724a_t2,1.952146527440389,0.5956834212344797,0.5662740634044595,0.002502875028218988,0.4496892437058613,0.13243040398318195,0.14157475096198002,0.0005296314854245521
3,trf_6_5085a_t2,3.2863340315890683,1.1714468303622514,0.5699419982245615,0.010093303307708927,0.7463586779951634,0.26037822411554046,0.14232054585623122,0.0020390799888429997
3,trf_6_5595a_t2,2.343204012820544,0.7713039888267434,0.5987999144939116,0.0043699409208613855,0.5376706946031686,0.1715264691771552,0.1497427113261428,0.0009036763633820154
3,trf_6_5711a_t2,1.7517512107262414,0.5094820273422364,0.5662070047548252,0.0020128493499671904,0.40513655760537093,0.11326959135182402,0.14156240153209354,0.0004297256683895084
3,trf_6_5712a_t2,3.72570833106011,1.3600888539198819,0.5673580058171356,0.00920483347242817,0.844012938585585,0.3023104926354352,0.14177449473973047,0.0018764275665092778
3,trf_6_5659a_t2,1.108356851101385,0.23300838265442342,0.5661711208813692,0.0008270072518944787,0.26210569615446877,0.05181050143468521,0.141568664543671,0.00018610480158064038
3,trf_6_6158a_t2,7.36591811464235,2.9081428016054742,0.7937233948957911,0.023200968142942653,1.659976609639978,0.6466338575424588,0.19827220593158357,0.004679689725464554
3,trf_6_6197a_t2,10.7352203469514,4.152643198634109,1.0968046263011595,0.03095136051632583,2.4170249569781674,0.922938757723843,0.2739280122449157,0.0062323097391851
3,trf_6_6153a_t2,14.261889329175926,5.945759596468218,0.6549940354997028,0.15197675298976546,3.3020505400527256,1.3713372823305905,0.15983879674922463,0.03192277494863002
3,trf_6_1504a_t2,1.4457895162873227,0.37802938197651215,0.5710884748366498,0.00244162022870559,0.33726468517309716,0.08404611166986081,0.1427732011707482,0.0005099642134432435
3,trf_6_6249a_t2,4.955495219214427,1.89921635901234,0.5776806279213916,0.016288337023950362,1.1177223437445236,0.4221702492831365,0.14419966774895032,0.003289159157712015
3,trf_16_6312a_t2,1.3465292063346284,0.3339874811242663,0.5770852891965832,0.0020057749863368673,0.3153819210235631,0.07426895185005816,0.1442820335733359,0.0004209773335033804
3,trf_6_727a_t2,4.36864176741821,1.6376108310892876,0.569482622805598,0.01321140791055447,0.9869717692542745,0.3639840349487855,0.14220005767150723,0.002674961404041795
4,busa4-_202312598_segmmt_24122,2085.064120074691,-6128.907252564713,728.3172630886684,-285.22562050615113,412.57696327022836,-1228.3452586879002,145.86896151109806,-57.016596145800804
4,trf_16_1585a_t2,0.7728144755607772,0.15526657066362223,0.41512427380024197,0.00013794893845415088,0.1486939056027966,0.028492744813444798,0.08304993603079752,1.745443620389039e-05
4,trf_16_1143a_t2,9.579597569147493,3.819781390105441,0.72524297306255,0.058254982120909696,1.7695776114386508,0.7006019609874636,0.14427131507266522,0.009844893519957189
4,trf_6_4910a_t2,34.4604214341565,15.217577533016113,0.9397901451420221,0.629078299281147,6.340137134160646,2.789297086488043,0.1816205570961642,0.10565906427393157
4,trf_6_1541a_t2,2.9458094183167103,1.11363798564842,0.43058945248171093,0.009500321804033903,0.5477575807599551,0.20439911150367052,0.08603641897073211,0.0016199735610658763
4,trf_6_1350a_t2,3.2361598838841923,0.9884747651411,0.9357431137457731,0.0037223554094932467,0.6093084025949347,0.18139732894245542,0.18715759333370252,0.0006583053699548602
4,trf_6_808a_t2,2.4454018422950266,0.8790058663063096,0.40520454414764434,0.00632291038911076,0.4554414289189064,0.16128031548919597,0.08101932864931521,0.001089465525561088
4,trf_6_810a_t2,4.0163053287218915,1.4226991644086102,0.7106350755172535,0.009078395836518809,0.7487235966737522,0.2610620737766889,0.14204355499556676,0.0015629486497284115
4,trf_16_3130a_t2,5.646575162349379,2.1428185359686447,0.7345141230844828,0.021318300862072793,1.0482914437783961,0.3932407753839702,0.14659700197196524,0.0036278054585771775
4,trf_6_1048a_t2,1.0040235270573643,0.2578046531935831,0.4043138406183379,0.0010559344345145013,0.19092435093386795,0.047311282886964096,0.08087433652739534,0.00019086576954380685
4,trf_6_6273a_t2,5.749597383803608,2.172580375331621,0.710315034848416,0.017582471297957928,1.066826241508009,0.3985975069635339,0.14198204162693617,0.003003950749934344
4,trf_6_731a_t2,0.9750357649196943,0.24527032080726424,0.4046022333188939,0.0009775760125769538,0.18560824333172765,0.04501086791437528,0.08093089927553737,0.00017675415344178445
4,trf_6_732a_t2,3.548239073985846,1.222217782913318,0.7085286668498396,0.006650624561594043,0.6628249518555118,0.22426219495424016,0.14170144181493205,0.0011543734916122901
4,trf_6_730a_t2,1.30540757264419,0.3866154813894448,0.4061214639661719,0.002317877015167562,0.24842904240520647,0.07188743583962631,0.08119365919542154,0.0004046065962040567
4,trf_6_729a_t2,4.093730801361738,1.5907030110481468,0.41209403832242353,0.019110060023490832,0.7579543440187773,0.2918355766704972,0.08216621491616771,0.0032448363836223015
4,trf_16_299a_t2,5.981852241448005,2.1815680076277135,0.9613371836443969,0.014009157571083723,1.113568914188618,0.40036589888989793,0.19207423436572557,0.0023870211238172893
4,trf_11_130a_t2,1.6566042187645613,0.5414412588648253,0.42124952245975983,0.002986248874326725,0.3109972967972059,0.09937829113095359,0.08424849199401513,0.0005108482641438053
4,trf_6_1151a_t2,2.7813497089804406,0.8918665358222234,0.7099220405534835,0.004927775021702203,0.5220994446589522,0.16364549830989406,0.14196009401766363,0.0008500703148927608
4,trf_16_538a_t2,2.1783287727338587,0.6327839567392867,0.720129818499178,0.0048386486510782105,0.4116452392971268,0.11612709905744145,0.1440046225079793,0.0008366774827349302
4,trf_6_723a_t2,2.4605250013546907,0.8852806229417828,0.40539157487023747,0.006398980405511586,0.45821131947816385,0.16243158376049072,0.08104682717987655,0.0011017876335875764
4,trf_6_722a_t2,0.8853971691263739,0.20678180088918585,0.40431961505027375,0.000810757432904051,0.16915551609703106,0.03794874377774787,0.08087569086744345,0.00014788297521007362
4,trf_6_737a_t2,2.3283087114871823,0.8274745061206554,0.4076734318731473,0.006237183910714883,0.4339521032158469,0.15182961049524546,0.08144716106180072,0.0010606782455910135
4,trf_6_728a_t2,4.277255655004598,1.5355592101809759,0.7096991665223239,0.0097685143529713,0.7966068919041271,0.28175019750139274,0.14187970556177365,0.0016737224429071423
4,trf_6_3819a_t2,5.508104791179621,2.104082885465545,0.7493364864075232,0.01651533089841921,1.0233284931156748,0.3861648778642037,0.14980248550831854,0.0028135563666135052
4,trf_6_124a_t2,7.094652982991179,2.6922625368395567,0.9906633476100367,0.020053399276224296,1.3184239479682303,0.4941439963311067,0.19792706045088237,0.0033965405982716336
4,trf_16_6318a_t2,5.084994818324679,1.7981142748027708,0.9645659725431166,0.010237759050232208,0.9491544558389258,0.3300057104026115,0.1928962374938894,0.001765227674895696
4,trf_6_2090a_t2,2.8132355278491135,1.0377799242341752,0.4059262870709135,0.008401075750770965,0.5229454578280399,0.19040546849089868,0.08113818330963873,0.001441149144642332
4,trf_16_2658a_t2,0.9549194880903229,0.23488947078994832,0.41616718929647334,0.0009195342675203193,0.1821337621273471,0.04311496164798975,0.08326028079412529,0.00016707987245112577
4,trf_6_1177a_t2,10.46715533799609,3.927712704226055,1.3764389288370136,0.029806807066565064,2.0144683588541277,0.7514605539676231,0.2752402050116214,0.005624495416037632
4,trf_16_3364a_t2,1.424869347061635,0.4398167535997289,0.4154255722884932,0.002048911677586542,0.26836384779481404,0.08072246543999889,0.08310326998185719,0.0003613791949195007
4,trf_6_3509a_t2,3.5674559052192234,1.4903103424848583,0.16332227828874854,0.041705810269554375,0.6573439362089095,0.27322064085353714,0.03227672980523674,0.0070280892297192865
4,trf_11_3987a_t2,1.5364948404245908,0.6066282441563002,0.15868992271567367,0.007352258860650372,0.28461204238462723,0.11130423117135368,0.03169620627734565,0.0012517616149436816
4,trf_16_3997a_t2,2.5216693247525326,0.7816326269218989,0.7263448239678773,0.004502935181962871,0.4747831695357059,0.14345590289129984,0.14527140002002892,0.000780427057013507
4,trf_6_3817a_t2,0.49801831746764724,0.14905669496052826,0.15255506419520717,0.000770066653130684,0.09391555705294613,0.02735529073389431,0.030516147446811193,0.00013636578950521993
4,trf_16_1142a_t2,4.748662239135816,1.6371487894042847,0.930030893115527,0.008045169768689462,0.8867027257335449,0.3003691968675901,0.1859771840069233,0.0013962112250385846
4,trf_6_724a_t2,2.4052059631487808,0.7295633328129326,0.7078535888889472,0.0030404483364050564,0.4530594357083917,0.13387991157845291,0.1415795254844877,0.0005375733081860686
4,trf_6_5085a_t2,4.039295470773911,1.4346776543315125,0.7122801565494721,0.01217185898799618,0.7529614391848423,0.2632308239692611,0.1423381583249106,0.002078555680287253
4,trf_6_5595a_t2,2.8851023861428304,0.9447027323984025,0.7485432898286306,0.005289096835283314,0.5418983733222866,0.17339874357165908,0.14974337533471904,0.0009191559144219284
4,trf_6_5711a_t2,2.1597713486042034,0.6239911348031969,0.7077738533003604,0.002448665148493795,0.408020137877962,0.11450910746096055,0.14156684854553514,0.00043581579852660464
4,trf_6_5712a_t2,4.577397174209228,1.6657135158128717,0.7091429516822364,0.011115990608176099,0.8516888431491179,0.30562466189298987,0.14178494586510082,0.0019111571357479287
4,trf_6_5659a_t2,1.3717823975177035,0.2853850773303669,0.707742771553115,0.0010148509553114416,0.26342554641631843,0.05237669467594347,0.14157165067174582,0.00018784370341696284
4,trf_6_6158a_t2,9.041824830272432,3.5618416207546213,0.9920136647698727,0.02797194202614349,1.6759067156300826,0.6536988191491471,0.1982902698740816,0.004770973883200837
4,trf_6_6197a_t2,13.175665839052792,5.085706880681264,1.3707646609802653,0.03730628621307448,2.440445492101393,0.9330636820471554,0.2739600346791058,0.006354925696748653
4,trf_6_6153a_t2,17.609898798539223,7.337133401771871,0.8156422296902336,0.1849591110259944,3.348009469363298,1.3913738053036528,0.16064819419053078,0.032982358036228954
4,trf_6_1504a_t2,1.785178577617048,0.4629939718628083,0.7138650179850554,0.002959811959694065,0.33938906132972524,0.08496458988629613,0.1427765431484056,0.0005181917309884749
4,trf_6_6249a_t2,6.08384664015929,2.3260075913661002,0.7219015232413896,0.019641314330482478,1.1283514209448633,0.42679123235376015,0.14422089531999793,0.0033529773065321157
4,trf_16_6312a_t2,1.6637786037904512,0.4090666580163518,0.7213702540269216,0.002433352052692386,0.3172493974558228,0.07507917689208549,0.14428496483033837,0.0004275770663555189
4,trf_6_727a_t2,5.3648477803700505,2.00558531931058,0.7117012990307734,0.015937593804842252,0.9962060129518404,0.36797448822129253,0.14221867622517537,0.0027261858942877817
5,busa4-_202312598_segmmt_24122,2610.8662679774084,-7297.208520017679,871.1775163589575,-342.42678937902696,525.8021479027175,-1168.3012674529655,142.86025327028915,-57.201168872875826
5,trf_16_1585a_t2,0.9936923456386481,0.21523178294151865,0.49768791186536165,0.00031139343356883636,0.22087787007787085,0.05996521227789642,0.08256363806511968,0.00017344449511468547
5,trf_16_1143a_t2,13.157468841662146,5.30714728653347,0.8834844832065625,0.09961351478517108,3.5778712725146526,1.4873658964280292,0.15824151014401244,0.041358532664261385
5,trf_6_4910a_t2,47.56700920936845,21.1730190281049,1.2343392944115303,1.0891887100068436,13.106587775211949,5.955441495088786,0.29454914926950826,0.4601104107256966
5,trf_6_1541a_t2,4.003174510517866,1.5432785409524508,0.5181463970676273,0.01591604295056466,1.0573650922011555,0.4296405553040308,0.0875569445859164,0.006415721146530757
5,trf_6_1350a_t2,4.313047850424216,1.3705545332636375,1.1225166411209695,0.005791141520066859,1.0768879665400233,0.3820797681225375,0.18677352737519637,0.0020687861105736123
5,trf_6_808a_t2,3.315630786743438,1.2193694167684992,0.486545773476804,0.010382598694398795,0.8702289444484115,0.3403635504621896,0.08134122932915966,0.004059688305288035
5,trf_6_810a_t2,5.437576394804331,1.973027481043967,0.854032491628802,0.014931161015975618,1.42127106608244,0.5503283166353568,0.14339741611154855,0.00585276517945681
5,trf_16_3130a_t2,7.693226509063857,2.9709900262385163,0.8865627583354023,0.035927900910398665,2.0466513467144782,0.8281714902698716,0.1520486352509195,0.014609600048325871
5,trf_6_1048a_t2,1.3166843831136394,0.35744254145569143,0.4848685436543441,0.0015673534164957594,0.31266085605627514,0.09963788826210834,0.0805547030360062,0.0005114189819812581
5,trf_6_6273a_t2,7.840985432146088,3.0144214997494894,0.853651230625689,0.029383285340633655,2.0913880483424796,0.8418411244178685,0.14333619577727308,0.011800814042675727
5,trf_6_731a_t2,1.2764868852668159,0.3400862171985307,0.4852466245293138,0.0014491963811053986,0.3014511203471215,0.09481589639126647,0.08064439121041989,0.0004716203685284448
5,trf_6_732a_t2,4.788590012180899,1.6953382455955643,0.850172092980538,0.010757398446917052,1.240350938195053,0.4731204626822463,0.14164342613069836,0.004106773885323009
5,trf_6_730a_t2,1.6436950740840195,0.49707490822974953,0.48713624052807425,0.003053036949058106,0.33828750143982944,0.11045942684030474,0.08101477656190237,0.0007351599338905439
5,trf_6_729a_t2,5.601224175525999,2.207249656737563,0.4987227544621935,0.03234255571702386,1.5074933741642615,0.6165466456894162,0.08662871613976997,0.013232495693533027
5,trf_16_299a_t2,8.116276422777922,3.024403796612971,1.1568259793468465,0.02349353953232095,2.1344241813299174,0.8428357889852576,0.1954887957024496,0.009484381961237225
5,trf_11_130a_t2,2.2178020947743335,0.7502805143383882,0.5055338597800221,0.004946391527848596,0.5611978760097722,0.20883925547356286,0.08428433732026225,0.001960142653521871
5,trf_6_1151a_t2,3.72508737045881,1.2372256812205271,0.8521957366569464,0.0080607959164802,0.9437376614783695,0.3453591453983037,0.14227369610346285,0.0031330208947779967
5,trf_16_538a_t2,2.8859732444726283,0.8774151325729553,0.8644522465408568,0.007914297959605694,0.7076444717387695,0.24463117583366867,0.14432242804167883,0.0030756493085274837
5,trf_6_723a_t2,3.3366502541309853,1.2280363423521319,0.48692253763270477,0.01052117681976727,0.8761252527762946,0.3427557194103491,0.0815309627624673,0.004122196414255683
5,trf_6_722a_t2,1.1521481089208927,0.2866824986843121,0.4848673391081138,0.0011797152267218074,0.2667509397945188,0.07990069779512626,0.08054772405784005,0.00036895779381775637
5,trf_6_737a_t2,3.153500594476376,1.147842192868028,0.4906256621932488,0.010482271900890659,0.8251918829891935,0.3203676867473726,0.08295223032010152,0.004245087990175775
5,trf_6_728a_t2,5.799463313074001,2.129919045247063,0.8525044096541733,0.016200334519483675,1.5222076580694024,0.5943598350660872,0.1428052431318494,0.006431820166512375
5,trf_6_3819a_t2,7.495050568936101,2.9163255250903872,0.9004098022925127,0.02772637278181836,1.98694577775648,0.8122426396248423,0.1510733158849895,0.01121104188339915
5,trf_6_124a_t2,9.650301469318956,3.7308121553087243,1.1923629342318383,0.03401936317232502,2.555648486327777,1.0385496184691676,0.20169958662180154,0.013965963896100723
5,trf_16_6318a_t2,6.869874398257782,2.4924147012368074,1.1577346707220653,0.01679680894335606,1.7848795799331025,0.6943004264340367,0.19316869817894866,0.006559049893123852
5,trf_6_2090a_t2,3.8257316765491685,1.439765266421394,0.487845785822129,0.013921988132920782,1.012496148700055,0.4019853421872188,0.08191949875121551,0.005520912382149816
5,trf_16_2658a_t2,1.2459689545046981,0.32547745593704813,0.49891422113042294,0.0013491754059137336,0.29104946641437524,0.09058798514709981,0.0827470318339496,0.00042964113839341427
5,trf_6_1177a_t2,13.27680976027472,5.021120047897773,1.651999501801615,0.03900015589638269,2.80965442227863,1.0934073436717178,0.27556057296460135,0.009193348829817628
5,trf_16_3364a_t2,1.8978412536421625,0.6095924611246972,0.4981843161020137,0.0032015096561866054,0.47297190658052757,0.16977570752496834,0.0827587438135205,0.0011525979786000634
5,trf_6_3509a_t2,4.916117747493128,2.0727298551938307,0.20256084022753026,0.07174283400925652,1.3486618422739043,0.5824195127089724,0.039238561938781724,0.030037023739702143
5,trf_11_3987a_t2,2.10042409760923,0.8415169250089932,0.19115597240661023,0.012376800289449427,0.563929257184639,0.234888680852693,0.032466049690936555,0.005024541428799055
5,trf_16_3997a_t2,3.360432834925393,1.083414622706723,0.871527451373596,0.007309070129171088,0.8387635101728605,0.301781995784824,0.14518262740571874,0.0028061349472082164
5,trf_6_3817a_t2,0.6620904208097415,0.20668201855902024,0.18298100068749165,0.0011936625479665823,0.1640721033420942,0.057625323598491984,0.030425936492284478,0.00042359589483589833
5,trf_16_1142a_t2,6.414841618999452,2.27256080809309,1.1165508436088296,0.013023408602197962,1.6661793798636353,0.6354120186888055,0.1865199504933026,0.0049782388335084995
5,trf_6_724a_t2,3.203225380047919,1.011629639548505,0.8490879824300027,0.004730055969798734,0.7980194168991384,0.2820663067355723,0.1412343935410555,0.0016896076333936774
5,trf_6_5085a_t2,5.469367654825369,1.9904478844758478,0.8566042829195537,0.0203660922005894,1.4300721840514585,0.5557702301443352,0.14432412637008163,0.008194233212593221
5,trf_6_5595a_t2,3.859310913665619,1.3090819139348138,0.897731508030504,0.008541904074519952,0.9742085275227885,0.36437918153641125,0.14918821820187345,0.0032528072392366382
5,trf_6_5711a_t2,2.8628097535329267,0.8651926884576439,0.8489304843219876,0.0037563494388007613,0.7030384049287233,0.24120155365444695,0.14115663102162723,0.0013076842903069663
5,trf_6_5712a_t2,6.215664672648694,2.3106442130753324,0.8515678456642554,0.018336484150973838,1.6382674984394665,0.6449306972624607,0.14242489398201896,0.007220493542797739
5,trf_6_5659a_t2,1.769790662711428,0.3956228867358191,0.848712577152881,0.0014323193434253945,0.39800826519372445,0.11023780940545219,0.1409698055997659,0.0004174683881139529
5,trf_6_6158a_t2,12.348204831505324,4.937140981287123,1.192482942671163,0.04692347667186163,3.306380001232892,1.3752993605325017,0.2004692779012902,0.018951534645718138
5,trf_6_6197a_t2,18.016772372609204,7.056055966460444,1.6479302475384745,0.06275268194407971,4.841106533556411,1.9703490857791799,0.2771655865582092,0.025446395731005225
5,trf_6_6153a_t2,22.20166687157944,9.27578742760749,0.994793818019535,0.25495617691280487,4.5917680730402175,1.9386540258356195,0.17915158832930145,0.06999706588681046
5,trf_6_1504a_t2,2.342134672879955,0.6421118205168825,0.856495906944587,0.0047241980304587455,0.5569560952629071,0.17911784865407426,0.14263088895953158,0.0017643860707646807
5,trf_6_6249a_t2,8.302654961724008,3.226730050883128,0.8689832111462653,0.032884043932411296,2.218808321564717,0.9007224595170276,0.14708168790487575,0.013242729601928818
5,trf_16_6312a_t2,2.1720050271894733,0.567031658916758,0.865391164404049,0.0038540003575659367,0.5082264233990221,0.15796500090040622,0.1440209103771274,0.0014206483048735505
5,trf_6_727a_t2,7.30772873437656,2.782423314766675,0.8559773503862964,0.026574695422956027,1.942880954006509,0.7768379954560949,0.14427605135552302,0.010637101618113775
6,busa4-_202312598_segmmt_24122,3202.182213461505,-8425.87891791608,1011.4662909201375,-398.88670423954517,591.3159454840966,-1128.6703978984006,140.28877456117993,-56.45991486051821
6,trf_16_1585a_t2,1.329450178678809,0.32505057866407316,0.5799687307083852,0.0008813287130391824,0.33575783304016105,0.10981879572255451,0.08228081884302352,0.0005699352794703461
6,trf_16_1143a_t2,18.585972613092405,7.606229020058058,1.0685615422543928,0.19850493969041788,5.428503771430259,2.299081733524588,0.18507705904783034,0.0988914249052468
6,trf_6_4910a_t2,71.22581708419703,32.34852654851381,1.8775804485468006,2.620113339476905,23.658807874828582,11.17550752040891,0.6432411541352703,1.5309246294700616
6,trf_6_1541a_t2,5.15477389754186,2.019640153127971,0.6057290309077765,0.023638746552513922,1.1515993870239942,0.4763616121755203,0.0875826338401492,0.007722703601949262
6,trf_6_1350a_t2,5.233947537344511,1.6858908749433876,1.3086508252991296,0.007303879162694458,0.9208996869202952,0.3153363416797501,0.18613418417816008,0.0015127376426275988
6,trf_6_808a_t2,4.844162990130711,1.8459797620069267,0.5699495316191789,0.02307705313331663,1.5285322033872726,0.6266103452384275,0.08340375814237494,0.012694454438917833
6,trf_6_810a_t2,7.926743605865372,2.9843732563220833,1.003391613875554,0.03326477341576347,2.4891672110610408,1.0113457752781163,0.14935912224675207,0.01833361239978785
6,trf_16_3130a_t2,11.320381434521673,4.491029506715357,1.0575892840223595,0.0831153758896756,3.627154925457816,1.5200394804768407,0.1710265256869572,0.04718747497927694
6,trf_6_1048a_t2,1.8230679911048868,0.5403434903300781,0.5653793311608818,0.0029265867923242758,0.5063836079912474,0.18290094887438668,0.08051078750653767,0.0013592333758285164
6,trf_6_6273a_t2,9.876748035206113,3.830591158577071,0.996503225707359,0.04057984100522791,2.035762603060025,0.8161696588275817,0.14285199508167,0.011196555664594252
6,trf_6_731a_t2,1.7623003679425204,0.514146690941391,0.5658851754670563,0.0026964340767041757,0.48581348267570457,0.17406047374286027,0.08063855093774253,0.0012472376955987771
6,trf_6_732a_t2,6.946214183849545,2.5656597324873283,0.9933057094346867,0.023347700651816385,2.1576241716686457,0.8703214868917639,0.14313361645414868,0.012590302204899333
6,trf_6_730a_t2,2.1365089138278304,0.6738048162572676,0.5684819423068839,0.004651409360873672,0.4928138397438109,0.1767299080275181,0.08134570177880962,0.0015983724118155658
6,trf_6_729a_t2,8.296557264768774,3.343880813331456,0.6001773255725683,0.07528437347624879,2.6953330892427747,1.136631156593893,0.10145457111037481,0.04294181775922493
6,trf_16_299a_t2,11.869318988786818,4.5697127396748725,1.3654893278113347,0.05381561818615736,3.7530425660088955,1.5453089430619014,0.2086633484644882,0.030322078653836414
6,trf_11_130a_t2,3.175342261117319,1.132422715340104,0.5913977919257456,0.011060222201851932,0.9575401663429854,0.3821422010017159,0.08586393214572352,0.0061138306740033364
6,trf_6_1151a_t2,5.338771729043518,1.8724240322330523,0.9968349784825148,0.017776302001304825,1.6136843585847083,0.6351983510125252,0.14463924182556842,0.009715506084824625
6,trf_16_538a_t2,4.063142319366281,1.3264981753763179,1.0114903471806134,0.017553185351953278,1.1771690748936527,0.44908304280336253,0.14703810063975653,0.009638887392347584
6,trf_6_723a_t2,4.876107938152941,1.858932547778278,0.5710068839084451,0.02342789512565505,1.539457684021956,0.6308962054261462,0.08408434627574035,0.01290671830588778
6,trf_6_722a_t2,1.574301342295026,0.43330940948854946,0.5653331524759153,0.0021183936496894837,0.42215323337413335,0.14662691080423734,0.08046581336780151,0.0009386784229676764
6,trf_6_737a_t2,4.599786239456206,1.7368839528607303,0.5790967527189156,0.024038261255034832,1.44628564497983,0.5890417599927023,0.08847109052566676,0.013555989354144173
6,trf_6_728a_t2,8.473576465081297,3.2232729341454682,0.9999756914916562,0.03649603797718911,2.6741131520072967,1.0933538888984051,0.14747128183748293,0.020295703457705434
6,trf_6_3819a_t2,11.004814345579987,4.405208385150773,1.0583342444736243,0.06366450362663809,3.5097637766438865,1.4888828600603854,0.15792444218111168,0.03593813084481973
6,trf_6_124a_t2,13.656138414834963,5.41114648393651,1.4041521566693704,0.0698860657267703,4.005836945516007,1.6803343286277856,0.21178922243753218,0.035866702554445275
6,trf_16_6318a_t2,9.979221177742932,3.765426199520718,1.3549024516675803,0.037306009267671206,3.1093467794851506,1.2730114982839105,0.19716778094551501,0.020509200324315146
6,trf_6_2090a_t2,5.614924247840833,2.1802037176312745,0.5732521815588834,0.03138912629134755,1.789192571291665,0.7404384512098805,0.08540639573675435,0.017467138158426765
6,trf_16_2658a_t2,1.7101445428345927,0.4912983020466699,0.5813830024807098,0.0024625349861266063,0.4641755883298946,0.16582084610962178,0.0824687813502869,0.0011133595802128727
6,trf_6_1177a_t2,17.027942317150707,6.519432531452792,1.9306165705624254,0.055201212273212924,3.7511325568759872,1.4983124835550194,0.2786170687608105,0.016201056376830232
6,trf_16_3364a_t2,2.6955377238370315,0.9207009223293285,0.5811687616427758,0.006550146309462055,0.797696470194869,0.3111084612046313,0.08298444554076206,0.0033486366532754492
6,trf_6_3509a_t2,7.3526366167524975,3.1605549391148893,0.26368331626713787,0.17112462887087646,2.43651886925937,1.0878250839210586,0.061122476039607604,0.09938179486161994
6,trf_11_3987a_t2,3.1056641827711164,1.274173481027713,0.22659350605665562,0.02858394595829376,1.0052400851618866,0.4326565560187198,0.0354375336500454,0.016207145668844333
6,trf_16_3997a_t2,4.776362714655577,1.6364785710679,1.0185616086715013,0.015958014315220467,1.415929879730184,0.553063948361177,0.14703415729790525,0.00864894418604938
6,trf_6_3817a_t2,0.9375112903977185,0.3124002175705275,0.21348888105386835,0.002409550040045858,0.27542086958797707,0.10571819901150725,0.030507880366376694,0.0012158874920792757
6,trf_16_1142a_t2,9.319100348293489,3.442775740286711,1.3054892607978559,0.02831044667735627,2.904258729294037,1.170214932193621,0.18893841718902626,0.01528703807515831
6,trf_6_724a_t2,4.549701984494593,1.5296116750709499,0.9909389116859022,0.009615360877887006,1.346476604446674,0.5179820355224449,0.14185092925589948,0.004885304908088272
6,trf_6_5085a_t2,7.973702859542024,3.013742765224989,1.008606049877493,0.04661080838086487,2.5043352047166545,1.023294880749141,0.1520017669579392,0.02624471618027547
6,trf_6_5595a_t2,4.819964274996183,1.6751462010717573,1.04693962355921,0.01376630076861159,0.9606533613305639,0.3660642871369435,0.14920811552870605,0.0052243966940916375
6,trf_6_5711a_t2,4.035049652571418,1.3080022518583088,0.9904875612358536,0.007450013272820662,1.1722398990384915,0.4428095634006649,0.141557076913866,0.0036936638340199007
6,trf_6_5712a_t2,8.699288788306076,3.32158655800166,0.9962182666152397,0.03510658902724277,2.4836241156573813,1.0109423449263275,0.14465042095098435,0.016770104876268933
6,trf_6_5659a_t2,2.3822463849876434,0.5978346522903119,0.9894394514198286,0.002423626184736836,0.6124557222762155,0.20221176555449277,0.14072687426694763,0.0009913068413114415
6,trf_6_6158a_t2,18.231142570419408,7.4592922362428595,1.4036212254658689,0.1078304967359985,5.882937738914084,2.5221512549557366,0.21113828279470592,0.06090702006413687
6,trf_6_6197a_t2,26.665843135196663,10.686711750416439,1.9386422319782053,0.14484556836254195,8.64907076258746,3.630655783955995,0.2907119844397308,0.08209288641846224
6,trf_6_6153a_t2,28.528220306355614,11.996820058905962,1.2372672436066745,0.4338127411341699,6.326553434776173,2.7210326312984723,0.24247342558713947,0.17885656422136503
6,trf_6_1504a_t2,3.24459774856171,0.9711187518074844,1.0001232023969788,0.010092983636461127,0.9024630756817551,0.3290069312906019,0.14362729545239183,0.005368785606002381
6,trf_6_6249a_t2,11.000272500513573,4.336957985194259,1.0180263317474294,0.05259704537017118,2.697617538789565,1.1102279343111308,0.1490431206011641,0.019713001437759885
6,trf_16_6312a_t2,2.983547630280043,0.856547089453706,1.0104006627999993,0.008129025244363368,0.8115426030905697,0.28951543053694795,0.14500949839595034,0.004275024886797431
6,trf_6_727a_t2,10.752604680409382,4.213040633069079,1.0084079762196105,0.060507931363207534,3.4448759460328224,1.4306173183024042,0.15243062583331413,0.03393323594025151
7,busa4-_202312598_segmmt_24122,4001.0014361474955,-9455.437489796946,1151.5171328574318,-454.0466995972082,798.8192226859906,-1029.558571880867,140.0508419372943,-55.159995357663036
7,trf_16_1585a_t2,1.6695494729350704,0.43660897374586155,0.6616312827281611,0.0014758393002236637,0.3400992942562613,0.11155839508178839,0.0816625520197759,0.0005945105871844813
7,trf_16_1143a_t2,23.056080310563367,9.477322733323264,1.241051663337161,0.268990833938925,4.4701076974709615,1.8710937132652061,0.1724901210827683,0.0704858942485071
7,trf_6_4910a_t2,95.33222406749913,43.723060628399914,2.5427897042249605,4.221365971684193,24.106406983302094,11.374534079886104,0.6652092556781599,1.601252632207288
7,trf_6_1541a_t2,5.57129419952653,2.177801217946082,0.689547993288246,0.024580784273226016,0.4165203019846704,0.1581610648181111,0.08381896238046949,0.0009420377207120939
7,trf_6_1350a_t2,5.207030802680326,1.5947489984908545,1.4930319643435586,0.007350946651796954,-0.02691673466418454,-0.09114187645253313,0.184381139044429,4.7067489102495946e-05
7,trf_6_808a_t2,6.399859154818817,2.482202874501364,0.652839684943739,0.036327395307245575,1.555696164688106,0.6362231124944371,0.08289015332456007,0.013250342173928946
7,trf_6_810a_t2,10.459914767175169,4.011110958150551,1.152003989763736,0.05240229065841609,2.533171161309797,1.026737701828468,0.14861237588818188,0.01913751724265262
7,trf_16_3130a_t2,15.0150687286998,6.035884487820047,1.2288730666032583,0.13242572607972697,3.6946872941781272,1.5448549811046899,0.17128378258089882,0.049310350190051366
7,trf_6_1048a_t2,2.3368292804171684,0.725911464922859,0.6451916455278903,0.00433762274806892,0.5137612893122816,0.18556797459278085,0.07981231436700853,0.0014110359557446446
7,trf_6_6273a_t2,10.150954346712059,3.8847927519434995,1.135943227724344,0.040771092851502495,0.2742063115059459,0.05420159336642838,0.13944000201698492,0.00019125184627458852
7,trf_6_731a_t2,2.2553492461847546,0.6908981297810906,0.6458958166337221,0.003991224684053303,0.4930488782422342,0.17675143883969957,0.08001064116666579,0.0012947906073491277
7,trf_6_732a_t2,9.141863614932818,3.449569214793157,1.1354441165312554,0.036481909436906025,2.1956494310832735,0.8839094823058287,0.14213840709656878,0.01313420878508964
7,trf_6_730a_t2,2.6169728602836058,0.8448195428587773,0.6490620703978128,0.006125933681988352,0.4804639464557754,0.17101472660150963,0.08058012809092896,0.0014745243211146805
7,trf_6_729a_t2,11.041636761995836,4.498276783979444,0.7019736418885146,0.12016110481374932,2.745079497227062,1.1543959706479878,0.10179631631594632,0.04487673133750053
7,trf_16_299a_t2,15.691942545002226,6.140585710521812,1.5737638611440448,0.085491689677545,3.822623556215408,1.5708729708469393,0.20827453333271007,0.03167607149138764
7,trf_11_130a_t2,4.149192853286823,1.5205375386992444,0.6767502167254674,0.017440146152182118,0.9738505921695038,0.38811482335914027,0.08535242479972183,0.006379923950330185
7,trf_6_1151a_t2,6.981078859924298,2.518348336556106,1.1407160356206911,0.027917054413864488,1.6423071308807797,0.6459243043230538,0.14388105713817634,0.010140752412559663
7,trf_16_538a_t2,5.260196843847744,1.7832579309882683,1.1578033116170516,0.02761874624220021,1.1970545244814632,0.4567597556119505,0.14631296443643826,0.010065560890246933
7,trf_6_723a_t2,6.442497420280204,2.499152666504031,0.6545659540472358,0.03689901138748604,1.5663894821272626,0.640220118725753,0.08355907013879071,0.01347111626183099
7,trf_6_722a_t2,2.0022275502813462,0.582067000292009,0.6450953231670692,0.003091331237739734,0.4279262079863202,0.14875759080345952,0.07976217069115388,0.0009729375880502501
7,trf_6_737a_t2,6.072721175705822,2.335711178155534,0.6673874579455485,0.03819917535782688,1.472934936249616,0.5988272252948039,0.08829070522663296,0.01416091410279205
7,trf_6_728a_t2,11.194494241046662,4.332764943914318,1.1465431594099622,0.05768370807243998,2.720917775965365,1.10949200976885,0.146567467918306,0.02118767009525087
7,trf_6_3819a_t2,14.57866056932403,5.917812189083479,1.2156427516230885,0.1012029446358859,3.5738462237440434,1.5126038039327065,0.1573085071494642,0.03753844100924782
7,trf_6_124a_t2,17.19358452940986,6.881970582025792,1.6111007437722034,0.09875376669491098,3.537446114574898,1.470824098089282,0.20694858710283293,0.02886770096814069
7,trf_16_6318a_t2,13.143595940956063,5.058310299739665,1.5508989988752373,0.05871305662950567,3.1643747632131305,1.2928841002189468,0.19599654720765702,0.021407047361834464
7,trf_6_2090a_t2,7.43621955780292,2.9319833727728684,0.6582340916199358,0.04962770913000347,1.8212953099620863,0.7517796551415938,0.08498191006105249,0.018238582838655926
7,trf_16_2658a_t2,2.1810720008831344,0.6596854564693848,0.6632081528350221,0.00361750621551348,0.47092745804854164,0.1683871544227149,0.08182515035431226,0.0011549712293868735
7,trf_6_1177a_t2,20.775894646429833,8.012708398124978,2.2078542691832497,0.07161185768104052,3.7479523292791264,1.4932758666721861,0.27723769862082426,0.016410645407827593
7,trf_16_3364a_t2,3.5065777233638764,1.2367308106234094,0.6635664183377025,0.010037366942717174,0.8110399995268449,0.31602988829408085,0.08239765669492671,0.0034872206332551194
7,trf_6_3509a_t2,9.838033502429505,4.269156932709424,0.3261042198548562,0.275091978336103,2.485396885677008,1.1086019935945348,0.062420903587718346,0.10396734946522654
7,trf_11_3987a_t2,4.129335912955639,1.7136538447158656,0.2619879563902512,0.04551606506911854,1.0236717301845228,0.4394803636881526,0.03539445033359556,0.01693211911082478
7,trf_16_3997a_t2,6.216257781888625,2.1984753104621118,1.1646979516321916,0.024982948338994386,1.4398950672330475,0.5619967393942118,0.14613634296069034,0.009024934023773919
7,trf_6_3817a_t2,1.217777729234054,0.4199858422199095,0.24383324734056455,0.0036758636513404214,0.2802664388363354,0.10758562464938198,0.030344366286696206,0.0012663136112945634
7,trf_16_1142a_t2,12.28433276094537,4.638501862885394,1.4942633593937842,0.04427738913874289,2.965232412651881,1.1957261225986828,0.1887740985959283,0.01596694246138662
7,trf_6_724a_t2,5.917826943376383,2.0551643221301243,1.1316147082422758,0.014701226683635433,1.3681249588817899,0.5255526470591745,0.14067579655637363,0.0050858658057484265
7,trf_6_5085a_t2,10.523745208214208,4.053877846375624,1.1601175648624737,0.07403091057740765,2.550042348672185,1.040135081150635,0.15151151498498083,0.027420102196542784
7,trf_6_5595a_t2,5.052381321027802,1.727918102968127,1.194972301106688,0.0169196611573004,0.23241704603161928,0.05277190189636971,0.14803267754747784,0.003153360388688811
7,trf_6_5711a_t2,5.225613568076043,1.7572605369121854,1.1308505305639063,0.011292319697482277,1.190563915504625,0.44925828505387666,0.1403629693280527,0.003842306424661615
7,trf_6_5712a_t2,10.79556514907173,4.159207014282262,1.1384486585651838,0.04710852003755435,2.096276360765655,0.837620456280602,0.14223039194994413,0.012001931010311578
7,trf_6_5659a_t2,3.002615366195881,0.8030907857257735,1.129004026237499,0.003448814505909727,0.6203689812082378,0.20525613343546167,0.13956457481767037,0.001025188321172891
7,trf_6_6158a_t2,24.222815569351003,10.021622567024185,1.614053400938168,0.1714553328599967,5.991672998931595,2.562330330781325,0.2104321754722991,0.0636248361239982
7,trf_6_6197a_t2,35.47114119144506,14.37131700379355,2.227909963616308,0.2306098877088349,8.805298056248393,3.6846052533771108,0.2892677316381027,0.08576431934629294
7,trf_6_6153a_t2,34.73866473258996,14.662622001379228,1.478532316578072,0.6143867179765639,6.210444426234346,2.6658019424732657,0.24126507297139743,0.18057397684239396
7,trf_6_1504a_t2,4.161673741103813,1.3058636369062764,1.1429860868119661,0.015695110938687577,0.9170759925421033,0.33474488509879197,0.1428628844149873,0.005602127302226451
7,trf_6_6249a_t2,12.415573272637705,4.888167141473365,1.1609007381138634,0.057981846983152424,1.415300772124132,0.5512091562791062,0.142874406366434,0.005384801612981244
7,trf_16_6312a_t2,3.807513714810676,1.150922661110381,1.1545399192908663,0.012587757813652069,0.8239660845306331,0.29437557165667516,0.144139256490867,0.004458732569288701
7,trf_6_727a_t2,14.259844655539979,5.665671584214193,1.1602412143167746,0.09594970155389626,3.507239975130597,1.4526309511451139,0.1518332380971641,0.035441770190688726
8,busa4-_202312598_segmmt_24122,4961.640881457518,-10414.760263297467,1294.4374776758025,-507.4880690856181,960.6394453100224,-959.3227735005203,142.92034481837072,-53.44136948840992
8,trf_16_1585a_t2,1.925114126355313,0.5116255461620378,0.7428960606245942,0.001756839912738911,0.2555646534202427,0.07501657241617626,0.08126477789643316,0.0002810006125152473
8,trf_16_1143a_t2,24.472485368943016,10.021980707433427,1.3873076586442694,0.27995470301920433,1.4164050583796488,0.5446579741101623,0.1462559953071083,0.010963869080279354
8,trf_6_4910a_t2,111.75597004435119,51.23918662318416,2.92489134212688,4.957951623424319,16.42374597685206,7.516125994784247,0.3821016379019193,0.7365856517401257
8,trf_6_1541a_t2,4.716272513238963,1.7945742413380745,0.776064932938995,0.029139025664838558,-0.855021686287567,-0.38322697660800764,0.08651693965074903,0.004558241391612542
8,trf_6_1350a_t2,3.766397209864369,0.9045602120879698,1.678860131098038,0.011460798705793758,-1.4406335928159573,-0.6901887864028847,0.18582816675447944,0.004109852053996804
8,trf_6_808a_t2,7.473382764314315,2.907806834193806,0.7333526632122824,0.04263078557367364,1.0735236094954983,0.42560395969244214,0.08051297826854342,0.006303390266428066
8,trf_6_810a_t2,12.210743482600977,4.698836968055945,1.2945584102174652,0.06149781646702539,1.7508287154258078,0.6877260099053935,0.14255442045372924,0.009095525808609298
8,trf_16_3130a_t2,17.554428171458618,7.073138570675249,1.383730303992011,0.15547450463061782,2.5393594427588173,1.0372540828552026,0.15485723738875268,0.023048778550890853
8,trf_6_1048a_t2,2.7080690798985185,0.8502229034519558,0.7242903625529887,0.005073559369541048,0.3712397994813501,0.12431143852909687,0.07909871702509841,0.0007359366214721276
8,trf_6_6273a_t2,7.618464605848107,2.7614618186377027,1.2807258840553246,0.05890684664749919,-2.5324897408639515,-1.1233309333057968,0.14478265633098064,0.018135753795996697
8,trf_6_731a_t2,2.6128723700905896,0.8094126732988853,0.7252393233986293,0.004668898121384064,0.35752312390583496,0.11851454351779478,0.0793435067649072,0.0006776734373307603
8,trf_6_732a_t2,10.66544885801486,4.041382668531087,1.2751898009567135,0.04279921432004614,1.5235852430820422,0.59181345373793,0.1397456844254581,0.006317304883140112
8,trf_6_730a_t2,2.9911638576293127,0.9702104585428131,0.7287645325460739,0.0070184401542498645,0.37419099734570693,0.12539091568403582,0.07970246214826104,0.0008925064722615124
8,trf_6_729a_t2,12.917450270657163,5.269820335871459,0.7910646517782991,0.14107860687717666,1.8758135086613272,0.7715435518920151,0.08909100988978447,0.020917502063427337
8,trf_16_299a_t2,18.330949580740754,7.1964580665811235,1.7700284889119717,0.10038804889684261,2.639007035738528,1.0558723560593117,0.19626462776792697,0.014896359219297606
8,trf_11_130a_t2,4.832953966271082,1.7816250385139574,0.7601706430412463,0.02048452785911294,0.6837611129842589,0.261087499814713,0.08342042631577884,0.0030443817069308217
8,trf_6_1151a_t2,8.132743386681842,2.951463884938812,1.2816993472804712,0.03276690278166645,1.1516645267575436,0.43311554838270583,0.14098331165978006,0.004849848367801959
8,trf_16_538a_t2,6.113476746192913,2.0901298619016724,1.3009603233759757,0.03239959236810347,0.8532799023451689,0.30687193091340403,0.14315701175892404,0.004780846125903258
8,trf_6_723a_t2,7.522761039332647,2.927195056839369,0.7352972161436298,0.04330220820389814,1.0802636190524435,0.42804239033533786,0.08073126209639392,0.0064031968164121045
8,trf_6_722a_t2,2.3156722109018752,0.6817368880153543,0.724173352614722,0.003611959200919724,0.313444660620529,0.09966988772334529,0.07907802944765285,0.0005206279631799903
8,trf_6_737a_t2,7.091093451757145,2.7372327363620585,0.7506177416715353,0.04486527992926955,1.0183722760513234,0.40152155820652435,0.08323028372598673,0.00666610457144267
8,trf_6_728a_t2,13.071211960449752,5.074906391839916,1.2880095957932152,0.06771486674039709,1.8767177194030893,0.7421414479255981,0.14146643638325296,0.010031158667957112
8,trf_6_3819a_t2,17.03985350064783,6.9343259349408966,1.366249732654022,0.11882613843135573,2.461192931323799,1.0165137458574174,0.1506069810309334,0.017623193795469824
8,trf_6_124a_t2,18.816628892737803,7.5161058491150925,1.807868373662185,0.10608890884719752,1.623044363327942,0.6341352670893006,0.19676762988998164,0.0073351421522865334
8,trf_16_6318a_t2,15.338851812360907,5.926568528698157,1.7421405913603123,0.06889723679778097,2.1952558714048447,0.8682582289584921,0.191241592485075,0.010184180168275297
8,trf_6_2090a_t2,8.688718514739607,3.434647282949392,0.7396753223552895,0.058247780532468776,1.2524989569366873,0.5026639101765236,0.0814412307353537,0.008620071402465304
8,trf_16_2658a_t2,2.5248640466917673,0.7729044949633811,0.7446048396355651,0.0042292491599988085,0.343792045808633,0.11321903849399628,0.08139668680054302,0.0006117429444853287
8,trf_6_1177a_t2,23.390315669164334,9.01611065420167,2.480531204597715,0.0795352563354846,2.6144210227345006,1.0034022560766918,0.27267693541446514,0.00792339865444408
8,trf_16_3364a_t2,4.079754954376057,1.4491085305175215,0.7451458794323326,0.011767038517820329,0.5731772310121803,0.21237771989411214,0.0815794610946301,0.0017296715751031547
8,trf_6_3509a_t2,11.530198439505137,5.00519471129501,0.3706237773586314,0.323063397966364,1.6921649370756313,0.7360377785855858,0.044519557503775176,0.047971419630261025
8,trf_11_3987a_t2,4.830439294671657,2.007734738416436,0.29471042469863357,0.05343439901766544,0.7011033817160177,0.29408089370057056,0.03272246830838238,0.0079183339485469
8,trf_16_3997a_t2,7.233551768792455,2.5762307914692464,1.3082592545394889,0.029311972351507898,1.0172939869038302,0.37775548100713463,0.1435613029072973,0.004329024012513512
8,trf_6_3817a_t2,1.4165612489104185,0.49233735851102745,0.2739265386371965,0.004308525670189312,0.19878351967636454,0.07235151629111797,0.030093291296631963,0.0006326620188488903
8,trf_16_1142a_t2,14.34654441236281,5.443486152637757,1.6807050505118841,0.0519602781815424,2.0622116514174405,0.8049842897523627,0.18644169111809994,0.007682889042799505
8,trf_6_724a_t2,6.883257305952387,2.407136275636188,1.2704781572240083,0.0172289120557024,0.9654303625760043,0.3519719535060637,0.13886344898173242,0.0025276853720669675
8,trf_6_5085a_t2,12.287518037098904,4.7504107480957245,1.3043337115048677,0.08690620848445083,1.7637728288846954,0.6965329017201007,0.1442161466423939,0.01287529790704317
8,trf_6_5595a_t2,4.105967385067276,1.275157220614745,1.3435520353346073,0.02081645167693129,-0.9464139359605257,-0.45276088235338197,0.14857973422791937,0.0038967905196308876
8,trf_6_5711a_t2,6.0714715022539965,2.0581893104542295,1.2695731239773693,0.013227472230620983,0.8458579341779533,0.30092877354204406,0.13872259341346305,0.0019351525331387058
8,trf_6_5712a_t2,11.586490947064956,4.432940867920173,1.277241820186312,0.048798387251500104,0.7909257979932249,0.2737338536379115,0.1387931616211282,0.0016898672139457546
8,trf_6_5659a_t2,3.464893825223214,0.9407514721519752,1.2675473835217834,0.004020047306280044,0.462278459027333,0.13766068642620166,0.13854335728428446,0.0005712328003703174
8,trf_6_6158a_t2,28.332223405194604,11.742938642797819,1.8143167809049305,0.20127019159277426,4.1094078358436015,1.7213160757736343,0.20026337996676258,0.02981485873277756
8,trf_6_6197a_t2,41.487760898018394,16.832903646077476,2.5036393349095687,0.2707005085057044,6.016619706573337,2.461586642283926,0.2757293712932607,0.04009062079686948
8,trf_6_6153a_t2,39.31912891865166,16.59357583505354,1.6710517125572315,0.7084080957377002,4.580464186061697,1.9309538336743106,0.19251939597915957,0.0940213777611364
8,trf_6_1504a_t2,4.825535258562956,1.5306913311997312,1.2841618628961458,0.018398883002371948,0.6638615174591429,0.22482769429345484,0.14117577608417964,0.0027037720636843704
8,trf_6_6249a_t2,11.367831150437171,4.390008419566773,1.303663931975882,0.061152738350053935,-1.0477421222005336,-0.4981587219065915,0.14276319386201863,0.0031708913669015112
8,trf_16_6312a_t2,4.409015118163955,1.3488968032815805,1.2968938809217991,0.014752930231732589,0.6015014033532791,0.19797414217119935,0.14235396163093283,0.00216517241808052
8,trf_6_727a_t2,16.66725563495323,6.63714230809164,1.3042280170371778,0.11262319280053418,2.4074109794132497,0.9714707238774469,0.1439868027204032,0.016673491246637917
9,busa4-_202312598_segmmt_24122,5898.036371567771,-11390.31888488766,1440.098276881188,-559.5372102285045,936.3954901102534,-975.5586215901931,145.6607992053855,-52.049141142886356
9,trf_16_1585a_t2,2.1335539146267424,0.5663067564948656,0.824393703035044,0.00190317321456182,0.20843978827142928,0.0546812103328278,0.08149764241044977,0.00014633330182290912
9,trf_16_1143a_t2,22.656827100999116,9.203693526637931,1.5399883971878046,0.2948796466876391,-1.815658267943899,-0.8182871807954957,0.15268073854353514,0.014924943668434776
9,trf_6_4910a_t2,123.81054176812845,56.66470467895875,3.195847551390182,5.350534365459015,12.054571723777258,5.425518055774589,0.2709562092633022,0.3925827420346959
9,trf_6_1541a_t2,2.0941749607390907,0.6870709392407073,0.8840901781389233,0.07066052732415093,-2.6220975524998726,-1.1075033020973672,0.10802524519992829,0.04152150165931237
9,trf_6_1350a_t2,0.18475068574705622,-0.6804228731311753,1.8756942712492286,0.035946765369271244,-3.5816465241173128,-1.584983085219145,0.1968341401511906,0.024485966663477486
9,trf_6_808a_t2,8.275980729741946,3.216882845084593,0.8132216764473086,0.046129628975247465,0.8025979654276307,0.30907601089078707,0.07986901323502615,0.0034988434015738243
9,trf_6_810a_t2,13.522159692937034,5.198639160174653,1.4352269632008072,0.06654046232548089,1.3114162103360574,0.49980219211870835,0.14066855298334202,0.0050426458584554995
9,trf_16_3130a_t2,19.443111600707102,7.828334000953119,1.5327689498608836,0.1680050771052644,1.8886834292484842,0.7551954302778698,0.1490386458688726,0.01253057247464659
9,trf_6_1048a_t2,2.9995796348520845,0.9405703399278444,0.8033674455749303,0.005525369999876737,0.2915105549535659,0.09034743647588861,0.07907708302194161,0.00045181063033568943
9,trf_6_6273a_t2,0.999492820029757,-0.006831400519289765,1.4561923782542752,0.18037743396018524,-6.61897178581835,-2.7682932191569924,0.17546649419895055,0.12147058731268605
9,trf_6_731a_t2,2.894509151000716,0.895570851107194,0.8045713395498154,0.005086099770416524,0.28163678091012656,0.0861581778083087,0.07933201615118612,0.00041720164903246044
9,trf_6_732a_t2,11.81143074855348,4.471238163588125,1.4144496532071484,0.04635052742489382,1.1459818905386197,0.4298554950570379,0.1392598522504349,0.0035513131048476795
9,trf_6_730a_t2,3.3050839006919115,1.069945540484033,0.80835789108451,0.0076408966646804525,0.3139200430625988,0.09973508194121994,0.07959335853843608,0.000622456510430588
9,trf_6_729a_t2,14.303917110072968,5.829651962235331,0.8754246033839119,0.15241310135315336,1.3864668394158048,0.5598316263638718,0.08435995160561283,0.011334494475976703
9,trf_16_299a_t2,20.30377064943876,7.965461877405433,1.9623599212572345,0.1085357741245389,1.972821068698007,0.7690038108243096,0.19233143234526273,0.008147725227696287
9,trf_11_130a_t2,5.353841158556354,1.9720736532757215,0.8432844433966198,0.022173915969253687,0.5208871922852722,0.1904486147617641,0.08311380035537352,0.0016893881101407472
9,trf_6_1151a_t2,9.00839648647015,3.2661246753522035,1.4219414553706433,0.03547207953882768,0.875653099788309,0.31466079041339157,0.14024210809017212,0.002705176757161233
9,trf_16_538a_t2,6.773460920980875,2.313530421840285,1.4434087645435623,0.0350534491736423,0.6599841747879616,0.22340055993861263,0.1424484411675866,0.002653856805538833
9,trf_6_723a_t2,8.329997187695657,3.2379161827410834,0.8151890158742738,0.04685281617118696,0.8072361483630095,0.3107211259017144,0.07989179973064409,0.0035506079672888158
9,trf_6_722a_t2,2.5651522836986937,0.7541841633364189,0.8032398447522673,0.00393992706669086,0.2494800727968185,0.07244727532106465,0.07906649213754524,0.00032796786577113553
9,trf_6_737a_t2,7.853579757642267,3.028978873861022,0.8320961099318722,0.04851123459347135,0.7624863058851217,0.2917461374989636,0.08147836826033694,0.0036459546642017976
9,trf_6_728a_t2,14.47383853541629,5.6137735189682285,1.4279415543497431,0.07324675028019605,1.402626574966538,0.5388671271283121,0.13993195855652796,0.005531883539798957
9,trf_6_3819a_t2,18.874696120077186,7.675557520556084,1.5150894980123357,0.12845245571898192,1.834842619429356,0.7412315856151874,0.14883976535831378,0.009626317287626196
9,trf_6_124a_t2,18.609776316310068,7.366186431665394,2.0092086092849293,0.11038800674026424,-0.20685257642773536,-0.1499194174496985,0.20134023562274428,0.0042990978930667195
9,trf_16_6318a_t2,16.98968683193562,6.55919166785959,1.9324901222903612,0.0745527897676123,1.6508350195747141,0.6326231391614332,0.19034953093004892,0.0056555529698313345
9,trf_6_2090a_t2,9.621479289999103,3.7995429806798766,0.820006944580769,0.06299648688339785,0.9327607752594957,0.3648956977304847,0.0803316222254794,0.004748706350929069
9,trf_16_2658a_t2,2.797623966860271,0.8554664775248104,0.8262503493339469,0.004610798402873503,0.2727599201685038,0.08256198256142933,0.0816455096983818,0.00038154924287469444
9,trf_6_1177a_t2,25.36616190253986,9.745896252593377,2.7522041889010573,0.08400798005093624,1.9758462333755276,0.7297855983917074,0.2716729843033425,0.00447272371545164
9,trf_16_3364a_t2,4.519511260730654,1.603883870595091,0.8268043370529369,0.012772844575564168,0.43975630635459684,0.15477534007756955,0.08165845762060431,0.001005806057743839
9,trf_6_3509a_t2,12.772096632469495,5.536719173846237,0.4081843179176708,0.3487347248210266,1.2418981929643582,0.5315244625512268,0.0375605405590394,0.025671326854662557
9,trf_11_3987a_t2,5.3497942137433006,2.22149312740508,0.32654051601478534,0.05774307592917475,0.5193549190716436,0.21375838898864385,0.031830091316151776,0.00430867691150931
9,trf_16_3997a_t2,8.013530563397513,2.8515191990100077,1.4514692819460282,0.03173834360061442,0.779978794605058,0.27528840754076134,0.14321002740653932,0.0024263712491065237
9,trf_6_3817a_t2,1.5694714833383707,0.5450042357020273,0.3040261539676846,0.004679236671426146,0.15291023442795226,0.05266687719099983,0.030099615330488105,0.00037071100123683455
9,trf_16_1142a_t2,15.896646219625378,6.028152750935667,1.8664098477949385,0.056277146617209006,1.5501018072625676,0.5846665982979102,0.18570479728305433,0.0043168684356666084
9,trf_6_724a_t2,7.623006193223859,2.6628955437523865,1.4090859576483785,0.018702782399280655,0.7397488872714719,0.2557592681161984,0.13860780042437026,0.0014738703435782548
9,trf_6_5085a_t2,13.608704767299754,5.256257714474294,1.4461076653979872,0.09394398583181715,1.32118673020085,0.5058469663785692,0.14177395389311953,0.007037777347366325
9,trf_6_5595a_t2,1.4490134887649178,0.10543738558764759,1.499553883278205,0.040491081285292926,-2.6569538963023587,-1.1697198350270974,0.15600184794359762,0.019674629608361638
9,trf_6_5711a_t2,6.724258962836429,2.2768842302779397,1.4081060912924872,0.014372257572046956,0.6527874605824326,0.21869491982371025,0.13853296731511788,0.0011447853414259732
9,trf_6_5712a_t2,11.037951901287187,4.137958616082978,1.416950152043533,0.049775302453347096,-0.548539045777769,-0.2949822518371956,0.13970833185722098,0.0009769152018469923
9,trf_6_5659a_t2,3.8389536180740036,1.0408804975803116,1.4061673289132726,0.004395097556098516,0.3740597928507894,0.10012902542833646,0.13861994539148914,0.0003750502498184715
9,trf_6_6158a_t2,31.381763465669593,12.997800531523994,2.011739994672632,0.21753791327981384,3.049540060474989,1.2548618887261753,0.19742321376770167,0.016267721687039577
9,trf_6_6197a_t2,45.93686097683677,18.61898968420707,2.774974269448116,0.2925131619561336,4.449100078818375,1.7860860381295929,0.2713349345385474,0.02181265345042921
9,trf_6_6153a_t2,42.94807978203034,18.104555881595466,1.8437239664677194,0.7655725038219368,3.6289508633786838,1.5109800465419276,0.1726722539104879,0.05716440808423651
9,trf_6_1504a_t2,5.34701933238845,1.6941955466647647,1.4251125813870358,0.019929291581261575,0.5214840738254933,0.16350421546503346,0.14095071849089003,0.0015304085788896277
9,trf_6_6249a_t2,7.072791827029555,2.5514001203371204,1.4684055573321038,0.11218423961802479,-4.295039323407616,-1.8386082992296529,0.16474162535622172,0.051031501267970854
9,trf_16_6312a_t2,4.885771600170877,1.493141108798204,1.4391088565957035,0.015987390499618545,0.47675648200692144,0.1442443055166236,0.1422149756739044,0.0012344602678859562
9,trf_6_727a_t2,18.456244850970048,7.342339641596341,1.4455995782762887,0.12176037549327944,1.7889892160168195,0.7051973335047013,0.14137156123911088,0.009137182692745258
10,busa4-_202312598_segmmt_24122,6738.233841771684,-12414.891505433354,1589.8934932072548,-608.5105769360929,840.1974702039124,-1024.572620545694,149.7952163260668,-48.97336670758841
10,trf_16_1585a_t2,2.301624827194962,0.6034652283498538,0.906396102403624,0.0019582353166501683,0.16807091256821982,0.03715847185498822,0.08200239936858,5.506210208834823e-05
10,trf_16_1143a_t2,16.80911208295342,6.748479612455507,1.7475926011681757,0.4065250793463942,-5.847715018045697,-2.4552139141824236,0.20760420398037116,0.1116454326587551
10,trf_6_4910a_t2,132.06538611520327,60.32287699148138,3.3999856732237412,5.532154379021585,8.254844347074823,3.6581723125226304,0.20413812183355917,0.1816200135625703
10,trf_6_1541a_t2,-2.9109208849387462,-1.3547411255302046,1.051683906400357,0.21876407275366008,-5.005095845677837,-2.041812064770912,0.1675937282614336,0.14810354542950915
10,trf_6_1350a_t2,-6.364154797997802,-3.4843521255039045,2.101587098365866,0.11654759925193127,-6.548905483744859,-2.803929252372729,0.22589282711663738,0.08060083388266003
10,trf_6_808a_t2,8.845281618636427,3.4261526531294844,0.8929666796144288,0.04786960796813822,0.5693008888944817,0.20926980804489137,0.07974500316712019,0.001739978992890752
10,trf_6_810a_t2,14.455300182857453,5.537262458410241,1.5752084526638186,0.06904254117557829,0.9331404899204188,0.33862329823558746,0.13998148946301137,0.0025020788500974
10,trf_16_3130a_t2,20.770324962700254,8.341000106019044,1.6788902481720172,0.17401502109240768,1.3272133619931523,0.5126661050659242,0.14612129831113352,0.006009943987143274
10,trf_6_1048a_t2,3.222653953148158,1.0017837041999693,0.882665206572057,0.005789314335073144,0.2230743182960735,0.06121336427212487,0.07929776099712671,0.00026394433519640655
10,trf_6_6273a_t2,-11.231108613513463,-4.9100490481578705,1.7143724249093801,0.5885941972245449,-12.230601433543221,-4.903217647638581,0.25818004665510497,0.40821676326435963
10,trf_6_731a_t2,3.1109890782269014,0.9539519466319619,0.8841246903482878,0.005330518331477684,0.21647992722618525,0.05838109552476789,0.07955335079847237,0.0002444185610611599
10,trf_6_732a_t2,12.63238637207055,4.762264428711714,1.5538290526025162,0.04815557142146199,0.8209556235170705,0.2910262651235893,0.1393793993953678,0.0018050439965681744
10,trf_6_730a_t2,3.5695037071897833,1.1486221616652204,0.8881166603458699,0.00808365600447773,0.2644198064978718,0.07867662118118735,0.07975876926135994,0.000442759339797278
10,trf_6_729a_t2,15.268576620742984,6.208343570192774,0.9571653768437834,0.15781660120090338,0.9646595106700158,0.3786916079574434,0.08174077345987152,0.005403499847750015
10,trf_16_299a_t2,21.702193129836072,8.487533972560612,2.1530480446484157,0.11247399598187532,1.3984224803973113,0.5220720951551794,0.19068812339118124,0.00393822185733643
10,trf_11_130a_t2,5.73437417574545,2.101637196407883,0.9266374459299002,0.02300637851858575,0.38053301718909616,0.12956354313216156,0.08335300253328037,0.000832462549332065
10,trf_6_1151a_t2,9.64644632597962,3.4791193178954907,1.5620996355318029,0.03682568414153778,0.6380498395094687,0.21299464254328715,0.14015818016115955,0.0013536046027100984
10,trf_16_538a_t2,7.2669664681048145,2.465131546336153,1.5859237338847187,0.03637947078248275,0.4935055471239398,0.15160112449586816,0.14251496934115648,0.001326021608840447
10,trf_6_723a_t2,8.902205365876272,3.4482034003272286,0.8948184910462275,0.04861505796866082,0.572208178180615,0.21028721758614521,0.07962947517195362,0.0017622417974738624
10,trf_6_722a_t2,2.759776680466681,0.8032758986121379,0.8825317994995602,0.0041386738460884405,0.19462439676798704,0.04909173527571897,0.07929195474729289,0.00019874677939758084
10,trf_6_737a_t2,8.395632848174476,3.226499889783151,0.9127326907388558,0.050269078451720565,0.5420530905322085,0.197521015922129,0.08063658080698355,0.0017578438582492167
10,trf_6_728a_t2,15.468387015961406,5.978534270126031,1.5673701924650356,0.07596076970323021,0.9945484805451166,0.36476075115780215,0.1394286381152925,0.0027140194230341613
10,trf_6_3819a_t2,20.16859148860441,8.179780620290027,1.6636747229555842,0.1330989342699582,1.2938953685272239,0.5042230997339425,0.14858522494324844,0.004646478550976274
10,trf_6_124a_t2,16.198943575329952,6.285187392300873,2.2348357821715528,0.13379598669264142,-2.4108327409801156,-1.0809990393645208,0.22562717288662348,0.023407979952377186
10,trf_16_6318a_t2,18.171259174867366,6.989102838017833,2.123214091623415,0.07736966576724233,1.1815723429317444,0.42991117015824276,0.1907239693330538,0.002816875999630028
10,trf_6_2090a_t2,10.27885095735269,4.046502035930584,0.8999242393719087,0.06532732189044595,0.657371667353587,0.2469590552507075,0.07991729479113974,0.0023308350070481015
10,trf_16_2658a_t2,3.009407187573439,0.9116222854726711,0.9084368902791014,0.0048388198055917195,0.2117832207131678,0.05615580794786068,0.08218654094515443,0.00022802140271821654
10,trf_6_1177a_t2,26.791837452379557,10.24035330610614,3.023997422893106,0.0862978488347959,1.4256755498396956,0.4944570535127628,0.2717932339920486,0.002289868783859658
10,trf_16_3364a_t2,4.844424861855023,1.7090750192533848,0.9088848019693105,0.013312561115743957,0.3249136011243694,0.10519114865829371,0.08208046491637366,0.0005397165401797889
10,trf_6_3509a_t2,13.624070235676731,5.894595552181499,0.4416199492890635,0.3607072325215189,0.8519736032072363,0.35787637833526276,0.033435631371392716,0.011972507700492296
10,trf_11_3987a_t2,5.712201992805436,2.3664241981548337,0.3579774724405554,0.05981291933084184,0.36240777906213584,0.14493107074975375,0.031436956425770046,0.0020698434016670902
10,trf_16_3997a_t2,8.58911197467095,3.0385895749456746,1.5950841188523452,0.03296593823135359,0.5755814112734363,0.1870703759356669,0.14361483690631704,0.0012275946307391677
10,trf_6_3817a_t2,1.68286575091497,0.5807253113399475,0.3342267712507703,0.004880656739075562,0.11339426757659932,0.03572107563792026,0.030200617283085707,0.00020142006764941548
10,trf_16_1142a_t2,17.004763219159074,6.423185008903797,2.0518328088377693,0.05846931647545784,1.1081169995336957,0.39503225796813,0.18542296104283085,0.002192169858248834
10,trf_6_724a_t2,8.168783470828117,2.836143946038102,1.5479514947850561,0.01949808533237565,0.545777277604258,0.17324840228571547,0.1388655371366776,0.0007953029330949948
10,trf_6_5085a_t2,14.548550975912708,5.598647400808196,1.5867946610398447,0.09735217003078178,0.9398462086129538,0.34238968633390243,0.1406869956418575,0.003408184198964631
10,trf_6_5595a_t2,-3.551530466540186,-2.0255383045191744,1.6747793738635255,0.10654447555367552,-5.000543955305104,-2.1309756901068218,0.17522549058532055,0.0660533942683826
10,trf_6_5711a_t2,7.21117169673658,2.4250432953676286,1.5469353021190357,0.015004245905838525,0.48691273390015066,0.1481590650896889,0.13882921082654853,0.000631988333791569
10,trf_6_5712a_t2,8.829068019987895,3.1485934906453243,1.5629339648866858,0.0637257778528444,-2.2088838812992915,-0.9893651254376534,0.14598381284315276,0.013950475399497307
10,trf_6_5659a_t2,4.137433126746124,1.1087786268796018,1.5452715059963396,0.004636351507553019,0.2984795086721208,0.06789812929929018,0.139104177083067,0.00024125395145450316
10,trf_6_6158a_t2,33.51579018672833,13.851233273907852,2.208531469688229,0.22539289883897162,2.1340267210587385,0.8534327423838572,0.1967914750155968,0.007854985559157784
10,trf_6_6197a_t2,49.03580554580495,19.82727158172362,3.0444880401438477,0.3029965874857557,3.0989445689681787,1.2082818975165495,0.26951377069573157,0.010483425529622115
10,trf_6_6153a_t2,45.77977539293489,19.267303941162815,2.0047612756471356,0.7995886296953165,2.8316956109045464,1.162748059567349,0.16103730917941617,0.034016125873379766
10,trf_6_1504a_t2,5.745997301378372,1.8049832712727025,1.5663326171754646,0.020721602959408704,0.39897796898992244,0.11078772460793784,0.1412200357884288,0.0007923113781471286
10,trf_6_6249a_t2,-1.5659487384672826,-1.011158770992306,1.6994609241856902,0.3153345231962086,-8.638740565496837,-3.5625588913294264,0.2310553668535864,0.2031502835781838
10,trf_16_6312a_t2,5.255280887535837,1.5911156282994914,1.5817639248985804,0.016634324608723414,0.36950928736496014,0.09797451950128733,0.1426550683028769,0.0006469341091048693
10,trf_6_727a_t2,19.712561256028067,7.819553859501437,1.5858153066090415,0.12620597961208233,1.2563164050580191,0.47721421790509577,0.14021572833275275,0.00444560411880289
11,busa4-_202312598_segmmt_24122,7603.15130839696,-13427.622167336314,1740.9203059771655,-655.8574433101999,864.9174666252766,-1012.7306619029605,151.02681276991075,-47.34686637410698
11,trf_16_1585a_t2,2.4657445336943757,0.6389224409824692,0.988361979764132,0.0020058981738194036,0.16411970649941354,0.035457212632615365,0.08196587736050798,4.7662857169235295e-05
11,trf_16_1143a_t2,10.013744579500571,3.9195279453303264,1.9759512520710543,0.5556959102653671,-6.795367503452848,-2.828951667125181,0.22835865090287855,0.14917083091897293
11,trf_6_4910a_t2,139.9548332587198,63.81150868507882,3.5990424530818426,5.697955343418497,7.88944714351652,3.4886316935974406,0.19905677985810133,0.1658009643969116
11,trf_6_1541a_t2,-8.53474632103578,-3.630585655151557,1.2403088744412325,0.40528117541579123,-5.623825436097033,-2.2758445296213523,0.18862496804087558,0.18651710266213115
11,trf_6_1350a_t2,-13.705154604036498,-6.609352479554845,2.3375511008609906,0.2177371159427804,-7.340999806038695,-3.1250003540509406,0.23596400249512461,0.10118951669084912
11,trf_6_808a_t2,9.392072440812838,3.625701926609622,0.9725983235495985,0.049474589400102235,0.5467908221764102,0.19954927348013785,0.07963164393516975,0.0016049814319640185
11,trf_6_810a_t2,15.35193119418624,5.860175125657741,1.7149557234625175,0.0713497233099157,0.8966310113287879,0.32291266724750045,0.13974727079869886,0.002307182134337407
11,trf_16_3130a_t2,22.043614037749443,8.830158686009003,1.8246694373738086,0.17953054486416142,1.2732890750491883,0.4891585799899598,0.14577918920179145,0.005515523771753739
11,trf_6_1048a_t2,3.4390264303285596,1.0601480868471347,0.9618606332555635,0.006038078018543264,0.21637247718040165,0.05836438264716537,0.07919542668350643,0.00024876368347011985
11,trf_6_6273a_t2,-24.942907113173867,-10.352370904512066,2.0019649268329722,1.1007970536523737,-13.711798499660404,-5.442321856354195,0.2875925019235921,0.5122028564278288
11,trf_6_731a_t2,3.321109539550724,1.0096271173819515,0.9635907850356709,0.005560958566103956,0.21012046132382256,0.05567517074998962,0.07946609468738308,0.0002304402346262717
11,trf_6_732a_t2,13.421967115192501,5.039778610988906,1.6930370116327929,0.04982573448874871,0.7895807431219506,0.2775141822771916,0.1392079590302766,0.0016701630672867201
11,trf_6_730a_t2,3.8216154018014783,1.222053849709544,0.9677412906990797,0.008466927680088273,0.252111694611695,0.07343168804432354,0.07962463035320977,0.00038327167561054247
11,trf_6_729a_t2,16.192618826356135,6.569407763154232,1.0386059251820425,0.16277078728024624,0.9240422056131514,0.3610641929614582,0.08144054833825909,0.004954186079342865
11,trf_16_299a_t2,23.045462881194602,8.985685475277021,2.3434510802091477,0.11609125499312997,1.3432697513585303,0.49815150271640896,0.19040303556073201,0.0036172590112546477
11,trf_11_130a_t2,6.1013724921595065,2.225286174378368,1.0099392502982647,0.023772677704173583,0.36699831641405645,0.1236489779704848,0.08330180436836454,0.0007662991855878314
11,trf_6_1151a_t2,10.261604754684608,3.6822686093920494,1.7021050542280105,0.03807520290740241,0.6151584287049889,0.2031492914965587,0.14000541869620764,0.0012495187658646337
11,trf_16_538a_t2,7.744419694840657,2.609795085161936,1.7283220276660662,0.037604112861435154,0.47745322673584223,0.14466353882578264,0.1423982937813475,0.0012246420789524051
11,trf_6_723a_t2,9.451692308565352,3.648680256478945,0.9743102751217837,0.050240027390764865,0.5494869426890805,0.2004768561517163,0.07949178407555624,0.001624969422104043
11,trf_6_722a_t2,2.94900386098247,0.8500831613127848,0.9617211855276033,0.0043268375134421855,0.18922718051578924,0.046807262700646945,0.07918938602804315,0.00018816366735374505
11,trf_6_737a_t2,8.916485995618645,3.414885794394113,0.9932188121844282,0.051882660462161063,0.5208531474441696,0.18838590461096194,0.08048612144557243,0.001613582010440498
11,trf_6_728a_t2,16.423487926101224,6.326285520218598,1.7065551126745537,0.07845878669400916,0.9551009101398176,0.3477512500925677,0.13918492020951811,0.0024980169907789507
11,trf_6_3819a_t2,21.410509393759686,8.6610270783048,1.8121312454019158,0.1373662371581503,1.241917905155276,0.4812464580147733,0.14845652244633167,0.004267302888192104
11,trf_6_124a_t2,13.293976666562928,4.997777947900414,2.4691626453190527,0.16529886966914686,-2.9049669087670242,-1.287409444400459,0.23432686314749995,0.03150288297650544
11,trf_16_6318a_t2,19.307643217859113,7.399318377550536,2.3137933554722085,0.07996888724050225,1.1363840429917467,0.41021553953270296,0.19057926384879353,0.002599221473259916
11,trf_6_2090a_t2,10.909659975027337,4.281971474969467,0.9797034093869432,0.06747331099117189,0.6308090176746468,0.23546943903888273,0.07977917001503454,0.0021459891007259424
11,trf_16_2658a_t2,3.2152590123889206,0.96521101034131,0.9905881433915905,0.005054374884681793,0.2058518248154817,0.05358872486863886,0.08215125311248916,0.00021555507909007312
11,trf_6_1177a_t2,28.164722815932443,10.712097920610105,3.295570594956267,0.08841908964909663,1.3728853635528857,0.4717446145039652,0.2715731720631611,0.0021212408143007344
11,trf_16_3364a_t2,5.158251266553025,1.8094519844506554,0.9909228854825436,0.013815647624626339,0.31382640469800194,0.10037696519727057,0.08203808351323305,0.0005030865088823822
11,trf_6_3509a_t2,14.43872344912691,6.235853468845034,0.4747269163198406,0.37165096966769995,0.8146532134501783,0.341257916663535,0.03310696703077709,0.010943737146181076
11,trf_11_3987a_t2,6.059506449016044,2.504672866346689,0.3893537749703088,0.06171281780024762,0.34730445621060735,0.1382486681918551,0.03137630252975343,0.0018998984694057822
11,trf_16_3997a_t2,9.144975564839582,3.217106253494923,1.738601577576557,0.034101223189227495,0.5558635901686326,0.17851667854924846,0.14351745872421184,0.0011352849578739055
11,trf_6_3817a_t2,1.7924617700560996,0.6148118764422112,0.36441258283398875,0.005068747444413084,0.1095960191411296,0.03408656510226371,0.030185811583218425,0.00018809070533752203
11,trf_16_1142a_t2,18.07094268109895,6.800205934931051,2.2371847024800666,0.060498117821727544,1.0661794619398748,0.3770209260272539,0.18535189364229732,0.002028801346269704
11,trf_6_724a_t2,8.695699858047586,3.0013250885772766,1.6866287662381017,0.020239934544864592,0.5269163872194689,0.1651811425391747,0.13867727145304554,0.0007418492124889424
11,trf_6_5085a_t2,15.451691117911851,5.9251868811398225,1.7272391695648115,0.10048428768858393,0.9031401419991436,0.3265394803316264,0.14044450852496682,0.00313211765780215
11,trf_6_5595a_t2,-9.170807688822466,-4.4059433256146505,1.856514758765386,0.1896807820355999,-5.61927722228228,-2.380405021095476,0.18173538490186059,0.08313630648192438
11,trf_6_5711a_t2,7.681922592618651,2.5663041636848236,1.6855781069169673,0.015595543000835066,0.4707508958820714,0.14126086831719498,0.13864280479793156,0.0005912970949965412
11,trf_6_5712a_t2,6.2317755864751,1.9981876687324525,1.7109421379262428,0.08294391917691897,-2.597292433512795,-1.1504058219128719,0.14800817303955704,0.019218141324074567
11,trf_6_5659a_t2,4.42846319756592,1.1735325760352342,1.6842270753615836,0.004866474764102693,0.2910300708197955,0.06475394915563237,0.138955569365244,0.00023012325654967435
11,trf_6_6158a_t2,35.56189194237355,14.665749310703426,2.405132042466843,0.2326087401828315,2.0461017556452177,0.8145160367955739,0.19660057277861398,0.007215841343859886
11,trf_6_6197a_t2,52.0045092717715,20.97914215375489,3.3134689264149904,0.3126198968450354,2.9687037259665487,1.151870572031271,0.2689808862711427,0.009623309359279686
11,trf_6_6153a_t2,48.42863546126934,20.350161230372628,2.162937649379777,0.8292511384196957,2.64886006833445,1.0828572892098123,0.15817637373264137,0.029662508724379144
11,trf_6_1504a_t2,6.133135748705451,1.9106788551489329,1.7074529628990784,0.021457135624808006,0.3871384473270787,0.10569558387623035,0.14112034572361387,0.0007355326653993022
11,trf_6_6249a_t2,-11.318932803174262,-5.002691661151609,1.9540825054041813,0.5738256084990665,-9.752984064706979,-3.9915328901593026,0.2546215812184911,0.2584910853028579
11,trf_16_6312a_t2,5.614396017600116,1.6846138484143158,1.7243284275557205,0.01723590424521598,0.3591151300642794,0.09349822011482445,0.14256450265714005,0.0006015796364925649
11,trf_6_727a_t2,20.917524742668892,8.27455893592356,1.7257559569752037,0.13029402936277854,1.2049634866408248,0.45500507642212273,0.1399406503661622,0.00408804975069621
12,busa4-_202312598_segmmt_24122,8386.136788794622,-14479.339990110391,1892.6283522268432,-703.0231404980489,782.9854803976614,-1051.717822774077,151.70804624967764,-47.16569718784899
12,trf_16_1585a_t2,2.6310850941584643,0.6748459393217772,1.0706141357992407,0.002054970321340653,0.16534056046408852,0.03592349833930797,0.08225215603510871,4.907214752124939e-05
12,trf_16_1143a_t2,2.660237650369588,0.8731440787332683,2.2182206082532665,0.7295917516424747,-7.353506929130983,-3.046383866597058,0.24226935618221224,0.17389584137710756
12,trf_6_4910a_t2,147.9335081878667,67.34711724626932,3.7996877957315833,5.8670073665210865,7.978674929146905,3.5356085611905,0.20064534264974077,0.16905202310258982
12,trf_6_1541a_t2,-14.553583346089578,-6.053817679637773,1.4434638089606668,0.6177710918833134,-6.018837025053799,-2.423232024486216,0.20315493451943434,0.21248991646752213
12,trf_6_1350a_t2,-21.561399822392463,-9.94236201802503,2.5811757051181843,0.3331258893098733,-7.856245218355966,-3.3330095384701846,0.24362460425719368,0.11538877336709291
12,trf_6_808a_t2,9.94435802155441,3.8278191671595887,1.0524930685059106,0.05110759677583991,0.5522855807415716,0.2021172405499665,0.0798947449563121,0.001633007375737676
12,trf_6_810a_t2,16.257503358838175,6.18724011273089,1.855170620969409,0.07369733427070703,0.9055721646519341,0.32706498707314857,0.14021489750689153,0.0023476109607913354
12,trf_16_3130a_t2,23.330085701435095,9.32562986409332,1.9709768559637308,0.18514801625845226,1.2864716636856528,0.4954711780843173,0.14630741858992224,0.005617471394290835
12,trf_6_1048a_t2,3.6571978650851995,1.1192644087289838,1.0413154586717417,0.0062901962406646675,0.21817143475663991,0.05911632188184912,0.07945482541617821,0.0002521182221214037
12,trf_6_6273a_t2,-39.61130594399462,-16.138270730702875,2.310185844473012,1.6840710228504332,-14.668398830820756,-5.785899826190809,0.3082209176400399,0.5832739691980595
12,trf_6_731a_t2,3.5329230969314733,1.0660064362224024,1.0432986481850632,0.005794472213460814,0.21181355738074936,0.05637931884045089,0.07970786314939238,0.00023351364735685852
12,trf_6_732a_t2,14.219194966352259,5.320805941336099,1.8326715701014322,0.05152400521811055,0.7972278511597573,0.28102733034719307,0.13963455846863937,0.0016982707293618365
12,trf_6_730a_t2,4.0663102158261495,1.2923351349452306,1.0475727713870577,0.008803792482479466,0.2446948140246712,0.07028128523568666,0.07983148068797807,0.00033686480239119264
12,trf_6_729a_t2,17.126303665691466,6.935066563174372,1.1203348318358546,0.1678169183488323,0.9336848393353314,0.36565880002013973,0.08172890665381205,0.005046131068586063
12,trf_16_299a_t2,24.402203440927906,9.490174199209546,2.5344793582085465,0.11977466568607399,1.3567405597333035,0.5044887239325249,0.1910282779993988,0.0036834106929440197
12,trf_11_130a_t2,6.471939862222544,2.3505833712188022,1.0935554065756503,0.024552811613592185,0.3705673700630374,0.1252971968404344,0.08361615627738561,0.0007801339094186018
12,trf_6_1151a_t2,10.882298140872651,3.887895132349752,1.8424804499007772,0.03934617054095892,0.6206933861880426,0.20562652295770256,0.1403753956727667,0.0012709676335565107
12,trf_16_538a_t2,8.225998765209667,2.7562768868208867,1.8711394762096327,0.03884983743522103,0.48157907036901015,0.14648180165895086,0.14281744854356648,0.0012457245737858766
12,trf_6_723a_t2,10.006716296972845,3.8517440297094425,1.0540687645584221,0.05189346521127101,0.555023988407493,0.20306377323049762,0.07975848943663844,0.0016534378205061429
12,trf_6_722a_t2,3.1397265148548845,0.8974937489379136,1.0411705496627244,0.00451738456636153,0.1907226538724145,0.04741058762512873,0.07944936413512105,0.00019054705291934437
12,trf_6_737a_t2,9.442379872928665,3.6055928654422464,1.0739365022033012,0.05352572160425703,0.5258938773100201,0.19070707104813334,0.08071769001887297,0.0016430611420959682
12,trf_6_728a_t2,17.38820228710818,6.678521149018377,1.8462066514674165,0.08100141830873168,0.9647143610069548,0.35223562879977877,0.13965153879286274,0.0025426316147225264
12,trf_6_3819a_t2,22.66560482538691,9.148731782038986,1.9611651007015887,0.1417127092343185,1.2550954316272254,0.4877047037341864,0.14903385529967283,0.004346472076168201
12,trf_6_124a_t2,10.115002365857729,3.597751101134378,2.7100383040031146,0.20201613599423301,-3.1789743007051996,-1.4000268467660364,0.2408756586840619,0.03671726632508615
12,trf_16_6318a_t2,20.45554695225858,7.814974576684322,2.5050816009736474,0.08261380072625452,1.147903734399467,0.41565619913378615,0.19128824550143886,0.0026449134857522705
12,trf_6_2090a_t2,11.546891458720086,4.520462887403471,1.0597466337642931,0.06965749377281205,0.6372314836927497,0.23849141243400407,0.0800432243773499,0.002184182781640162
12,trf_16_2658a_t2,3.42283098166297,1.0195120349235194,1.0730418470563936,0.005272783026544144,0.2075719692740492,0.05430102458220942,0.08245370366480309,0.00021840814186235152
12,trf_6_1177a_t2,29.550156069396778,11.189510999190665,3.5678077614102923,0.09057525469588605,1.3854332534643348,0.47741307858055926,0.2722371664540253,0.002156165046789421
12,trf_16_3364a_t2,5.475003757812099,1.911147579268645,1.0732508978119213,0.014326628945514409,0.31675249125907445,0.10169559481798962,0.0823280123293777,0.0005109813208880702
12,trf_6_3509a_t2,15.261868993512323,6.581225268671363,0.5079674784196015,0.38280294449214347,0.8231455443854134,0.3453717998263288,0.03324056209976095,0.011151974824443522
12,trf_11_3987a_t2,6.410518468704285,2.6447423701714188,0.42084796856244566,0.06364791413233382,0.35101201968824114,0.14006950382472994,0.03149419359213684,0.001935096332086203
12,trf_16_3997a_t2,9.70599436339672,3.3979500569012573,1.8826094850226847,0.03525593986287391,0.5610187985571375,0.1808438034063342,0.14400790744612757,0.0011547166736464165
12,trf_6_3817a_t2,1.9029995078039497,0.6493136404673172,0.39467636639235243,0.005259659194110426,0.11053773774785003,0.03450176402510596,0.030263783558363677,0.0001909117496973426
12,trf_16_1142a_t2,19.146019740231626,7.1811221037620685,2.422677357155977,0.06255977265277048,1.0750770591326777,0.38091616883101764,0.18549265467591036,0.002061654831042932
12,trf_6_724a_t2,9.227428012623061,3.168634908266041,1.825761712088257,0.020993194131223934,0.5317281545754753,0.16730981968876435,0.13913294585015534,0.0007532595863593422
12,trf_6_5085a_t2,16.363627739854312,6.255796374272852,1.86809813619222,0.10367304441938498,0.911936621942461,0.33060949313302945,0.1408589666274085,0.0031887567308010456
12,trf_6_5595a_t2,-15.18892042337104,-6.946071942651951,2.0433060607539666,0.2845289681459261,-6.018112734548575,-2.5401286170373005,0.18679130198858052,0.0948481861103262
12,trf_6_5711a_t2,8.15685789395245,2.7093864938164507,1.8246772672750209,0.016195607155481895,0.47493530133379913,0.14308233013162708,0.1390991603580536,0.0006000641546468292
12,trf_6_5712a_t2,3.4095955251874117,0.7552959857775017,1.8608261091565037,0.10550885367671081,-2.8221800612876886,-1.2428916829549508,0.14988397123026087,0.02256493449979184
12,trf_6_5659a_t2,4.7216493731779625,1.239118588088618,1.8236335773649481,0.005099203078434107,0.29318617561204263,0.06558601205338377,0.13940650200336457,0.00023272831433141395
12,trf_6_6158a_t2,37.63006310074107,15.49118384651307,2.60250127004593,0.2399580427686764,2.0681711583675195,0.8254345358096451,0.19736922757908681,0.007349302585844902
12,trf_6_6197a_t2,55.00440179309919,22.145886212759507,3.5833643713093988,0.3224199469341371,2.999892521327695,1.1667440590046176,0.2698954448944084,0.00980005008910173
12,trf_6_6153a_t2,50.9506109147953,21.379055914521764,2.3195131282374746,0.8560595170889639,2.521975453525961,1.0288946841491367,0.15657547885769763,0.026808378669268218
12,trf_6_1504a_t2,6.523302652733891,2.017654837412615,1.8489356849474898,0.02220450360154249,0.39016690402844034,0.10697598226368221,0.1414827220484114,0.0007473679767344837
12,trf_6_6249a_t2,-21.775970467606598,-9.262088828955378,2.2250616152178737,0.8697524067575588,-10.457037664432336,-4.259397167803769,0.27097910981369244,0.29592679825849233
12,trf_16_6312a_t2,5.97635677825115,1.7792990190350217,1.8673264979881325,0.017847095054379945,0.36196076065103355,0.09468517062070592,0.14299807043241208,0.000611190809163966
12,trf_6_727a_t2,22.134807280936503,8.735368681939605,1.86615445659581,0.1344557024699479,1.217282538267611,0.46080974601604474,0.14039849962060624,0.004161673107169361
13,busa4-_202312598_segmmt_24122,9208.936087024389,-15512.071285101989,2044.3835300535548,-749.8166675683401,822.7992982297674,-1032.7312949915977,151.7551778267116,-46.79352707029125
13,trf_16_1585a_t2,2.7947221400385587,0.7100589737327777,1.1527408379618616,0.0021012363072030185,0.16363704588009442,0.03521303441100054,0.08212670216262086,4.626598586236546e-05
13,trf_16_1143a_t2,-4.731039896990479,-2.1882879828746256,2.46128459208886,0.9051914246393777,-7.391277547360067,-3.061432061607894,0.2430639838355937,0.17559967299690304
13,trf_6_4910a_t2,155.763985307305,70.81172920828347,3.998172454690503,6.030008625875122,7.830477119438314,3.4646119620141462,0.19848465895891954,0.16300125935403553
13,trf_6_1541a_t2,-20.58352006150139,-8.481368053871783,1.6470906907418483,0.8313714386714458,-6.029936715411811,-2.42755037423401,0.2036268817811815,0.21360034678813244
13,trf_6_1350a_t2,-29.428062790389713,-13.279534864115957,2.8247450721806757,0.4490029563670006,-7.86666296799725,-3.337172846090928,0.24356936706249144,0.1158770670571273
13,trf_6_808a_t2,10.487531535177101,4.0259230379855815,1.1322498176187894,0.05268877669205091,0.5431735136226923,0.1981038708259928,0.07975674911287878,0.001581179916210998
13,trf_6_810a_t2,17.14828500695925,6.507817556322725,1.9951303833663678,0.07597013646693082,0.8907816481210737,0.3205774435918354,0.13995976239695884,0.0022728021962237915
13,trf_16_3130a_t2,24.59469960976318,9.811340726943515,2.1169706123461767,0.1905760838012205,1.2646139083280836,0.48571086285019405,0.14599375638244583,0.005428067542768256
13,trf_6_1048a_t2,3.8725936843766524,1.1772052238495394,1.1206374207279184,0.006536384594179414,0.2153958192914529,0.0579408151205556,0.0793219620561767,0.0002461883535147466
13,trf_6_6273a_t2,-54.302156496942885,-21.932057959372024,2.618943572674728,2.2700414961751725,-14.690850552948262,-5.793787228669149,0.30875772820171576,0.5859704733247393
13,trf_6_731a_t2,3.7421077299449568,1.1212729514573179,1.1228849253165714,0.006022530247046997,0.20918463301348345,0.055266515234915436,0.07958627713150812,0.00022805803358618305
13,trf_6_732a_t2,15.003728905949696,5.596277935510899,1.9720863671615971,0.053170426563393436,0.7845339395974378,0.27547199417479984,0.1394147970601649,0.0016464213452828877
13,trf_6_730a_t2,4.306838781737244,1.3608400594698464,1.1272686479071905,0.009124162292722943,0.24052856591109428,0.06850492452461587,0.07969587652013277,0.0003203698102434774
13,trf_6_729a_t2,18.043654872103517,7.293474275076983,1.2018597723754358,0.17269126114310604,0.9173512064120501,0.3584077119026112,0.08152494053958126,0.004874342794273734
13,trf_16_299a_t2,25.73659553421121,9.984766289173438,2.7251725400288893,0.1233350728767392,1.3343920932833058,0.49459208996389137,0.19069318182034278,0.0035604071906652074
13,trf_11_130a_t2,6.836915056549776,2.4733991048274033,1.1770302385885758,0.025307480003067092,0.3649751943272319,0.1228157336086011,0.08347483201292549,0.0007546683894749072
13,trf_6_1151a_t2,11.493746692744816,4.089506110089539,1.982663708448168,0.040577227475520755,0.6114485518721651,0.20161097773978742,0.14018325854739078,0.001231056934561832
13,trf_16_538a_t2,8.700991553429738,2.8998960761181976,2.01375480958488,0.040056631803907866,0.47499278822007085,0.14361918929731088,0.14261533337524734,0.0012067943686868352
13,trf_6_723a_t2,10.55254909722063,4.0507612138898335,1.1336809079873211,0.05349421820379048,0.5458328002477852,0.19901718418039094,0.079612143428899,0.0016007529925194733
13,trf_6_722a_t2,3.328195665428508,0.9439616007730192,1.1204867532851024,0.00470377622636674,0.18846915057362335,0.0464678518351056,0.07931620362237801,0.00018639166000521037
13,trf_6_737a_t2,9.959744955899382,3.792564875472643,1.1545174902323283,0.05511359848970016,0.5173650829707164,0.18697201003039643,0.08058098802902713,0.0015878768854431305
13,trf_6_728a_t2,18.33695914475574,7.023740853105811,1.9856012752901313,0.08346122654901998,0.9487568576475596,0.34521970408743385,0.13939462382271484,0.002459808240288297
13,trf_6_3819a_t2,23.899430446931408,9.626770970264182,2.1099287399852895,0.1459134519797931,1.2338256215444972,0.4780391882251962,0.14876363928370084,0.004200742745474606
13,trf_6_124a_t2,6.908816738689783,2.1857665012941014,2.9509398390265402,0.23917553118184676,-3.2061856271679456,-1.4119845998402765,0.2409015350234256,0.03715939518761374
13,trf_16_6318a_t2,21.584942945599277,8.222389821672659,2.696042741351655,0.08517493206014709,1.1293959933406974,0.4074152449883366,0.1909611403780076,0.0025611313338925745
13,trf_6_2090a_t2,12.173395574265493,4.754216725187646,1.13964418514347,0.07177080734671713,0.6265041155454067,0.23375383778417547,0.07989755137917687,0.002113313573905082
13,trf_16_2658a_t2,3.6278904367546443,1.0727374923366697,1.155363915004935,0.005486275923851509,0.20505945509167445,0.05322545741315032,0.08232206794854147,0.00021349289730736472
13,trf_6_1177a_t2,30.914348073593327,11.657678297422239,3.839715332032388,0.09266667030996875,1.3641920041965498,0.4681672982315739,0.2719075706220955,0.0020914156140827006
13,trf_16_3364a_t2,5.78717567361222,2.010833322383615,1.1554502417639743,0.014823398956546833,0.3121719158001204,0.0996857431149698,0.08219934395205297,0.0004967700110324238
13,trf_6_3509a_t2,16.070144775085044,6.91984570478278,0.5410563588421926,0.3935627273459949,0.8082757815727213,0.3386204361114169,0.03308888042259106,0.01075978285385143
13,trf_11_3987a_t2,6.755403064792735,2.782027602720252,0.45227702224696553,0.06551784326323969,0.3448845960884501,0.1372852325488334,0.03142905368451987,0.0018699291309058619
13,trf_16_3997a_t2,10.258886132566133,3.575229018691654,2.0263921428734255,0.03637508641503026,0.5528917691694133,0.17727896179039693,0.14378265785074085,0.0011191465521563498
13,trf_6_3817a_t2,2.0119931186939595,0.6831465795615711,0.424904711696371,0.005445420023807159,0.1089936108900098,0.03383293909425389,0.030228345304018578,0.00018576082969673242
13,trf_16_1142a_t2,20.20464963344222,7.554945010135276,2.608093018613828,0.06455910079986991,1.0586298932105933,0.37382290637320725,0.18541566145785104,0.0019993281470994384
13,trf_6_724a_t2,9.751442677915037,3.33261636167845,1.9646587109124942,0.021725769418469317,0.5240146652919755,0.1639814534124091,0.13889699882423723,0.0007325752872453829
13,trf_6_5085a_t2,17.260769546828858,6.5799079622676535,2.00872054380866,0.10675615106531597,0.8971418069745454,0.32411158799480155,0.14062240761644018,0.0030831066459309914
13,trf_6_5595a_t2,-21.21673805442776,-9.49019334619305,2.23001372094018,0.3798160499134362,-6.02781763105672,-2.5441214035410997,0.18670766018621343,0.0952870817675101
13,trf_6_5711a_t2,8.625159687605732,2.849622286063235,1.9635407751147989,0.016779885246239665,0.46830179365328206,0.14023579224678429,0.13886350783977797,0.0005842780907577699
13,trf_6_5712a_t2,0.5701193433084608,-0.4949164942365629,2.0105850784456103,0.1283857241777031,-2.839476181878951,-1.2502124800140646,0.1497589692891066,0.022876870500992297
13,trf_6_5659a_t2,5.011687647720311,1.3034057669687882,1.9628172397056434,0.0053275169222568326,0.2900382745423489,0.06428717888017021,0.13918366234069524,0.0002283138438227252
13,trf_6_6158a_t2,39.662344493429266,16.30025673352049,2.7995048712170205,0.2470617580567749,2.0322813926881977,0.8090728870074209,0.19700360117109073,0.0071037152880985
13,trf_6_6197a_t2,57.951823488941855,23.289362713049748,3.852739683135619,0.33189082772623313,2.947421695842664,1.143476500290241,0.2693753118262201,0.009470880792096015
13,trf_6_6153a_t2,53.47881582425057,22.410467213795407,2.475579168197757,0.8829757886956854,2.528204909455269,1.0314112992736426,0.15606603996028223,0.026916271606721498
13,trf_6_1504a_t2,6.90862083796441,2.122553406174422,1.9902444371842856,0.022930047914733,0.38531818523051875,0.10489856876180692,0.14130875223679573,0.0007255443131905098
13,trf_6_6249a_t2,-32.25657519780645,-13.530701624958839,2.496583458125022,1.1673821302662621,-10.48060473019985,-4.268612796003461,0.2715218429071484,0.2976297235087033
13,trf_16_6312a_t2,6.333983167603178,1.8721313076788393,2.0101243970217526,0.018440781944632025,0.3576263893520286,0.09283228864381754,0.14279789903362006,0.0005936868902520799
13,trf_6_727a_t2,23.3313905445084,9.187036458391798,2.006289830484363,0.1384804285191304,1.196583263571899,0.4516677764521937,0.1401353738885529,0.004024726049182498
14,busa4-_202312598_segmmt_24122,9914.031672369969,-16601.476570292692,2196.669214995894,-797.1686675424338,705.0955853455798,-1089.4052851907036,152.28568494233923,-47.3519999740937
14,trf_16_1585a_t2,2.9534312363078996,0.7430447568786852,1.2352622201329146,0.0021373243387371567,0.15870909626934093,0.0329857831459075,0.08252138217105309,3.608803153413824e-05
14,trf_16_1143a_t2,-12.3877318572301,-5.353643846599304,2.7107257143760797,1.0928125233686474,-7.6566919602396215,-3.165355863724679,0.24944112228721949,0.1876210987292697
14,trf_6_4910a_t2,163.09801586153648,74.0539999775958,4.190777254159466,6.172221271436727,7.334030554231475,3.242270769312327,0.1926047994689628,0.14221264556160484
14,trf_6_1541a_t2,-26.740731242293492,-10.957439866526851,1.8554776571472906,1.0528598457087246,-6.157211180792103,-2.476071812655068,0.2083869664054423,0.2214884070372788
14,trf_6_1350a_t2,-37.44533466292268,-16.677750816466993,3.0711161488908107,0.568764240343828,-8.01727187253297,-3.398215952351036,0.24637107671013503,0.11976128397682739
14,trf_6_808a_t2,11.00076740389611,4.211464398252334,1.2123424755810088,0.05409237051997302,0.5132358687190077,0.18554136026675216,0.08009265796221943,0.0014035938279221075
14,trf_6_810a_t2,17.99057473675087,6.808092599571373,2.135631317824735,0.07798653715120216,0.8422897297916201,0.3002750432486483,0.1405009344583672,0.0020164006842713356
14,trf_16_3130a_t2,25.78666179211531,10.266217468360633,2.263257400875454,0.19535332664402183,1.1919621823521318,0.4548767414171184,0.14628678852927735,0.004777242842801316
14,trf_6_1048a_t2,4.079483754523919,1.2314902500908063,1.2003430069808263,0.006762757812329743,0.20689007014726624,0.054285026241266854,0.07970558625290791,0.00022637321815032873
14,trf_6_6273a_t2,-69.28577813892244,-27.832009656532914,2.934177110098888,2.8764910399145958,-14.983621641979553,-5.8999516971608905,0.31523353742415994,0.6064495437394233
14,trf_6_731a_t2,3.9431535532675883,1.1730315642384919,1.2028228970686115,0.006232269460348227,0.20104582332263154,0.051758612781173996,0.0799379717520401,0.00020973921330122956
14,trf_6_732a_t2,15.746611809114807,5.85423091143086,2.1120919662894,0.05463936210888697,0.7428829031651105,0.25795297591996125,0.14000559912780286,0.0014689355454935368
14,trf_6_730a_t2,4.533814785033082,1.42356016658064,1.2072893160999743,0.009388043614415809,0.2269760032958379,0.06272010711079368,0.08002066819278375,0.0002638813216928656
14,trf_6_729a_t2,18.90656204303307,7.629076830065521,1.2834695431856573,0.17697467504085507,0.862907170929553,0.3356025549885375,0.08160977081022147,0.004283413897749028
14,trf_16_299a_t2,26.99673814799253,10.447878913071817,2.9164279079840485,0.12647212968336563,1.2601426137813192,0.46311262389837893,0.19125536795515918,0.0031370568066264315
14,trf_11_130a_t2,7.183962393856157,2.5884851883938658,1.2608936752809656,0.025974709931164516,0.34704733730638093,0.11508608356646244,0.08386343669238983,0.0006672299280974237
14,trf_6_1151a_t2,12.074677180703251,4.278168597279983,2.1233268534522662,0.041670899220097334,0.5809304879584349,0.18866248719044343,0.14066314500409827,0.0010936717445765784
14,trf_16_538a_t2,9.154715138222988,3.0343375984644867,2.1568873680466876,0.04112995984489313,0.45372358479325037,0.13444152234628914,0.1431325584618075,0.0010733280409852622
14,trf_6_723a_t2,11.068302347935848,4.237190623784422,1.2136318506780337,0.05491454426390868,0.5157532507152176,0.1864294098945889,0.07995094269071257,0.0014203260601182016
14,trf_6_722a_t2,3.509919213363226,0.9874990812768851,1.2001879264236541,0.004876399252591638,0.18172354793471834,0.043537480503865966,0.07970117313855174,0.00017262302622489747
14,trf_6_737a_t2,10.448662374247718,3.967556758117063,1.2353084177329594,0.056511006580691234,0.48891741834833624,0.17499188264442012,0.0807909275006311,0.0013974080909910716
14,trf_6_728a_t2,19.23348941669469,7.347128595014562,2.1255822661820964,0.08563682167303246,0.8965302719389534,0.32338774190875075,0.13998099089196514,0.0021755951240124832
14,trf_6_3819a_t2,25.06336210160607,10.074698003739584,2.2593171919539627,0.14961476352150171,1.1639316546746628,0.44792703347540197,0.14938845196867323,0.0037013115417086073
14,trf_6_124a_t2,3.54771597989162,0.7092180957397329,3.1949371018343613,0.27876216741293247,-3.361100758798163,-1.4765484055543685,0.24399726280782108,0.039586636231085714
14,trf_16_6318a_t2,22.65408776495935,8.604127459839724,2.8878772832875113,0.08744969529784467,1.0691448193600728,0.3817376381670652,0.19183454193585625,0.002274763237697583
14,trf_6_2090a_t2,12.764510275778084,4.97313857025677,1.2198503218751378,0.07364100476332124,0.5911147015125913,0.21892184506912393,0.08020613673166777,0.0018701974166041024
14,trf_16_2658a_t2,3.825363989004285,1.1226157403500885,1.2381013772822929,0.005683437396779219,0.1974735522496407,0.04987824801341878,0.08273746227735779,0.0001971614729277104
14,trf_6_1177a_t2,32.207372954046185,12.095661774198541,4.11248191862758,0.09453534584903846,1.2930248804528581,0.4379834767763029,0.27276658659519226,0.0018686755390697057
14,trf_16_3364a_t2,6.084728995399334,2.1042250288443736,1.2380395145087577,0.01527190644557155,0.297553321787114,0.09339170646075878,0.08258927274478345,0.0004485074890247173
14,trf_6_3509a_t2,16.827324225314282,7.236327315731956,0.5738358528132029,0.4029673274799628,0.7571794502292377,0.31648161094917615,0.03277949397101032,0.009404600133967878
14,trf_11_3987a_t2,7.080005884403034,2.9106249879108415,0.48380647392976245,0.06716432173462487,0.32460281961029924,0.12859738519058928,0.031529451682796916,0.0016464784713851877
14,trf_16_3997a_t2,10.785695442003579,3.741286186613134,2.1708021746268855,0.03737261450320786,0.5268093094374464,0.16605716792147973,0.14441003175346,0.0009975280881776016
14,trf_6_3817a_t2,2.1159055072140496,0.7148042337023949,0.45523962309571087,0.005613545614632212,0.1039123885200901,0.03165765414082378,0.03033491139933986,0.00016812559082505282
14,trf_16_1142a_t2,21.204879681956722,7.90382303024404,2.7936626213691964,0.06634117795773632,1.0002300485145028,0.34887802010876445,0.18556960275536838,0.0017820771578664074
14,trf_6_724a_t2,10.2509638434325,3.4862450711484683,2.104214738901188,0.022388221398513188,0.4995211655174625,0.15362870947001817,0.13955602798869382,0.0006624519800438704
14,trf_6_5085a_t2,18.108756666140998,6.883287058237818,2.149769014924691,0.1094756969581053,0.8479871193121404,0.30337909597016477,0.1410484711160307,0.0027195458927893323
14,trf_6_5595a_t2,-27.366648062827576,-12.08381906832317,2.4186939124900197,0.4784134457334075,-6.149910008399814,-2.5936257221301187,0.18868019154983973,0.09859739581997129
14,trf_6_5711a_t2,9.072610420923736,2.9810088440655367,2.103068806808727,0.01731084311108556,0.44745073331800356,0.1313865580023017,0.13952803169392802,0.0005309578648458949
14,trf_6_5712a_t2,-2.3789320476581084,-1.789812745728892,2.161631915705356,0.15291265901466855,-2.949051390966569,-1.294896251492329,0.15104683725974555,0.02452693483696544
14,trf_6_5659a_t2,5.292512362169438,1.3636308021301085,2.102654387306114,0.00554144048789044,0.2808247144491265,0.06022503516132027,0.13983714760047072,0.0002139235656336072
14,trf_6_6158a_t2,41.57612990952979,17.058350872757266,2.9973068961914042,0.25332465777339913,1.9137854161005237,0.7580941392367748,0.1978020249743837,0.006262899716624221
14,trf_6_6197a_t2,60.72558332861585,24.36044972772407,4.123168024588101,0.34023170208926834,2.7737598396739926,1.0710870146743225,0.2704283414524822,0.008340874363035211
14,trf_6_6153a_t2,55.84604407947151,23.373435535210653,2.6297695163578556,0.9064064636895737,2.367228255220944,0.9629683214152465,0.1541903481600988,0.02343067499388829
14,trf_6_1504a_t2,7.278361555280988,2.2207050824180006,2.132037948456553,0.023580849927248654,0.36974071731657787,0.09815167624357857,0.14179351127226725,0.0006508020125156541
14,trf_6_6249a_t2,-42.97834991278206,-17.89173876134441,2.774003532307065,1.477538651846533,-10.72177471497561,-4.361037136385571,0.27742007418204295,0.31015652158027085
14,trf_16_6312a_t2,6.678109703875635,1.9590525973854562,2.153495427163999,0.018974827445488972,0.3441265362724568,0.08692128970661694,0.1433710301422466,0.0005340455008569465
14,trf_6_727a_t2,24.459438750797993,9.610016198615817,2.1469144524221186,0.1420349602413318,1.1280482062895913,0.42297974022401874,0.14062462193775582,0.0035545317222014094
15,busa4-_202312598_segmmt_24122,10562.69166197995,-17717.89768810754,2348.6557532597267,-845.4102149673282,648.6599896099815,-1116.421117814847,151.9865382638327,-48.24154742489441
15,trf_16_1585a_t2,3.115672460058217,0.7775260467416523,1.3179464499042788,0.0021793193380905207,0.16224122375031724,0.03448128986296706,0.08268422977136414,4.199499935336401e-05
15,trf_16_1143a_t2,-19.670662978532782,-8.373065284427664,2.950845458563041,1.2630887325584383,-7.282931121302681,-3.0194214378283597,0.24011974418696136,0.17027620918979092
15,trf_6_4910a_t2,170.74797460689194,77.4452574221146,4.387602865684581,6.326796644353539,7.6499587453554625,3.3912574445188,0.19682561152511546,0.15457537291681245
15,trf_6_1541a_t2,-32.671691736615244,-13.349010337076615,2.0551819160407736,1.2581584067634692,-5.930960494321752,-2.3915704705497642,0.19970425889348298,0.20529856105474464
15,trf_6_1350a_t2,-45.17713966398699,-19.961025620491363,3.3136634783833125,0.6799613448052964,-7.731805001064309,-3.2832748040243693,0.2425473294925018,0.11119710446146835
15,trf_6_808a_t2,11.533413012321764,4.405485308979269,1.2926401354037973,0.055602451851316036,0.5326456084256552,0.19402091072693572,0.08029765982278847,0.001510081331343019
15,trf_6_810a_t2,18.864357985614475,7.122076005719435,2.276519032573743,0.08015663266412895,0.8737832488636066,0.3139834061480622,0.14088771474900819,0.002170095512926795
15,trf_16_3130a_t2,27.025173917817217,10.741681112893962,2.410031021640331,0.2005186865280901,1.2385121257019058,0.47546364453332934,0.14677362076487688,0.005165359884068271
15,trf_6_1048a_t2,4.292225423229495,1.2882596733598115,1.2802446750409229,0.007001397133847754,0.21274166870557654,0.05676942326900525,0.07990166806009658,0.00023863932151801156
15,trf_6_6273a_t2,-83.73199742717,-33.54069740193862,3.2374126638465253,3.439474949493322,-14.446219288247562,-5.708687745405708,0.30323555374763744,0.5629839095787261
15,trf_6_731a_t2,4.149746324408035,1.227145445872198,1.2829380029946098,0.0064533052491535965,0.20659277114044672,0.05411388163370612,0.08011510592599835,0.00022103578880536962
15,trf_6_732a_t2,16.516535359533663,6.123941056901252,2.2524216591821724,0.056214969753510785,0.7699235504188557,0.26971014547039207,0.14032969289277242,0.0015756076446238124
15,trf_6_730a_t2,4.768443788193877,1.4895448461580316,1.2875084953928844,0.009679174519976248,0.23462900316079516,0.06598467957739151,0.08021917929291011,0.0002911309055604397
15,trf_6_729a_t2,19.804360161328148,7.98001875060909,1.3654232444987067,0.18161024475316556,0.8977981182950785,0.3509419205435691,0.08195370131304935,0.004635569712310494
15,trf_16_299a_t2,28.304474330279326,10.931897118246209,3.108178370442233,0.12986166361298843,1.3077361822867957,0.484018205174392,0.1917504624581845,0.0033895339296227955
15,trf_11_130a_t2,7.5428237951016035,2.708785994810077,1.3449430343625302,0.026694326360144717,0.35886140124544674,0.12030080641621144,0.08404935908156452,0.0007196164289802014
15,trf_6_1151a_t2,12.67531368560487,4.475357599136056,2.2642736844459646,0.042846711260846146,0.6006365049016189,0.19718900185607335,0.1409468309936983,0.0011758120407488123
15,trf_16_538a_t2,9.622386998742266,3.174831550793124,2.3003016435932055,0.04228315015868474,0.4676718605192782,0.14049395232863748,0.14341427554651798,0.0011531903137916091
15,trf_6_723a_t2,11.603636625408809,4.432171379019592,1.2938061524167719,0.05644312279515649,0.5353342774729608,0.19498075523516967,0.08017430173873819,0.0015285785312478053
15,trf_6_722a_t2,3.696376725666965,1.0330289191224282,1.2800856613665796,0.005057628270579899,0.18645751230373886,0.0455298378455431,0.07989773494292551,0.0001812290179882617
15,trf_6_737a_t2,10.955792040981311,4.150471967027891,1.3163140447822008,0.05802183826058327,0.5071296667335936,0.18291520891082813,0.08100562704924141,0.0015108316798920357
15,trf_6_728a_t2,20.164015254596666,7.685343627552506,2.2659560384721136,0.0879826084615995,0.9305258379019747,0.3382150325379447,0.14037377229001713,0.0023457867885670336
15,trf_6_3819a_t2,26.272430095290147,10.542914979142509,2.4090700645031355,0.1536147419394602,1.2090679936840765,0.4682169754029246,0.1497528725491728,0.0039999784179584885
15,trf_6_124a_t2,0.39116196719502305,-0.681381633063854,3.4354537668974636,0.3144923438835726,-3.156554012696597,-1.390599728803587,0.24051666506310232,0.03573017647064014
15,trf_16_6318a_t2,23.762475508774298,9.003196633393378,3.0801513937525296,0.08989638988407468,1.1083877438149479,0.399069173553654,0.1922741104650183,0.0024466945862300082
15,trf_6_2090a_t2,13.378497722842988,5.202074107793833,1.300278675848926,0.07565671829417984,0.613987447064904,0.22893553753706275,0.08042835397378822,0.0020157135308586094
15,trf_16_2658a_t2,4.028087228123019,1.1747550963299218,1.321008546022542,0.0058907484142184255,0.20272323911873436,0.052139355979833324,0.08290716874024917,0.00020731101743920628
15,trf_6_1177a_t2,33.545751474306755,12.553303184464477,4.385719436942877,0.09653734156718113,1.3383785202605694,0.45764141026593563,0.2732375183152973,0.0020019957181426767
15,trf_16_3364a_t2,6.391956761965571,2.2018474959745093,1.3207972217564599,0.015749696704282213,0.3072277665662373,0.09762246713013578,0.08275770724770215,0.0004777902587106628
15,trf_6_3509a_t2,17.616408889709014,7.567150448900302,0.6069028093887537,0.4131747749582136,0.789084664394732,0.33082313316834533,0.03306695657555081,0.010207447478250808
15,trf_11_3987a_t2,7.417655998782404,3.0450850373823974,0.5154338022566928,0.06894432512536902,0.33765011437937,0.134460049471556,0.031627328326930326,0.0017800033907441476
15,trf_16_3997a_t2,11.32968680083892,3.9148522744890406,2.3155147473277773,0.03844320313595554,0.5439913588353402,0.17356608787590666,0.14471257270089177,0.001070588632747678
15,trf_6_3817a_t2,2.2231007477954448,0.7478809169032301,0.4856221294938713,0.005792309358658418,0.10719524058139518,0.03307668320083523,0.030382506398160425,0.00017876374402620628
15,trf_16_1142a_t2,22.240606116264235,8.267980089866716,2.9793481781420637,0.06825179248421746,1.035726434307513,0.3641570596226762,0.18568555677286724,0.0019106145264811414
15,trf_6_724a_t2,10.766837526523215,3.6469081837631716,2.2441209021331043,0.023093341706525803,0.5158736830907156,0.16066311261470334,0.1399061632319163,0.0007051203080126155
15,trf_6_5085a_t2,18.988313333950384,7.200434011064183,2.29118372586146,0.1124120197324959,0.8795566678093856,0.3171469528263646,0.14141471093676916,0.0029363227743905984
15,trf_6_5595a_t2,-33.29158009041401,-14.58725610373452,2.604967793086288,0.5698559816457495,-5.924932027586433,-2.50343703541135,0.18627388059626826,0.09144253591234197
15,trf_6_5711a_t2,9.534101684367851,3.1184111818851035,2.2429460987785608,0.01787439446466246,0.46149126344411506,0.1374023378195668,0.1398772919698339,0.0005635513535768993
15,trf_6_5712a_t2,-5.172294430511395,-3.020239894890902,2.3120100407641386,0.17489495369693822,-2.793362382853287,-1.23042714916201,0.15037812505878279,0.02198229468226967
15,trf_6_5659a_t2,5.579917029229444,1.4266003157429246,2.242812508561891,0.005764503352948036,0.2874046670600059,0.06296951361281611,0.14015812125577698,0.0002230628650575963
15,trf_6_6158a_t2,43.56615965915841,17.85079799252163,3.195607250905622,0.2600905476073468,1.9900297496286186,0.7924471197643648,0.1983003547142177,0.006765889833947658
15,trf_6_6197a_t2,63.611334301936814,25.48070274647109,4.3944033013934884,0.3492475005807464,2.8857509733209668,1.120253018747018,0.2712352768053874,0.009015798491478044
15,trf_6_6153a_t2,58.313745200626016,24.380860230221394,2.785448323182912,0.9318931105259425,2.467701121154505,1.0074246950107408,0.15567880682505653,0.02548664683636881
15,trf_6_1504a_t2,7.658375483521587,2.3232684613899854,2.274074582839555,0.02427650035724589,0.380013928240599,0.10256337897198486,0.14203663438300218,0.0006956504299972348
15,trf_6_6249a_t2,-53.28738998879536,-22.09576484253693,3.0415797577838255,1.7640056010292908,-10.309040076013304,-4.20402608119252,0.2675762254767604,0.28646694918275784
15,trf_16_6312a_t2,7.03135121827707,2.04988712901634,2.297137358044941,0.019544822556820867,0.3532415144014349,0.09083453163088362,0.1436419308809418,0.0005699951113318953
15,trf_6_727a_t2,25.631655807680623,10.05233172090069,2.2879485653066136,0.14587053261245517,1.17221705688263,0.4423155222848738,0.14103411288449497,0.0038355723711233636
16,busa4-_202312598_segmmt_24122,11209.885788632419,-18833.138865101555,2496.9837307952725,-897.2063136917342,647.1941266524682,-1115.2411769940154,148.32797753554587,-51.796098724405965
16,trf_16_1585a_t2,3.3173938310023856,0.8291818427691565,1.4004854573372374,0.002304854113930199,0.20172137094416875,0.05165579602750425,0.08253900743295861,0.00012553477583967815
16,trf_16_1143a_t2,-23.97429137557909,-10.206693404773226,3.133134594942118,1.3268180795694446,-4.303628397046307,-1.833628120345562,0.18228913637907684,0.0637293470110063
16,trf_6_4910a_t2,182.09093015112387,82.56364666548716,4.64454989250635,6.669821915904659,11.342955544231927,5.118389243372562,0.25694702682176906,0.3430252715511193
16,trf_6_1541a_t2,-36.93663597515635,-15.102114454593393,2.2008040680556173,1.3653745022838562,-4.264944238541105,-1.7531041175167772,0.14562215201484374,0.10721609552038691
16,trf_6_1350a_t2,-50.8541835018349,-22.408723065530822,3.5308068110018507,0.7402018767510573,-5.677043837847911,-2.4476974450394593,0.21714333261853813,0.060240531945760956
16,trf_6_808a_t2,12.292168276854357,4.6969741700098835,1.3733183369347535,0.05869355435651095,0.7587552645325921,0.2914888610306141,0.08067820153095617,0.003091102505194912
16,trf_6_810a_t2,20.104784501898603,7.593507059617092,2.4184935677254082,0.08461005151676804,1.2404265162841277,0.47143105389765694,0.14197453515166503,0.004453418852639085
16,trf_16_3130a_t2,28.80818213691677,11.45435573174973,2.5598974717082172,0.21152618170330836,1.7830082190995533,0.7126746188557682,0.14986645006788635,0.011007495175218263
16,trf_6_1048a_t2,4.571493306216688,1.3734921790689925,1.3602254426850011,0.007411530360381264,0.27926788298719263,0.08523250570918095,0.07998076764407824,0.00041013322653350986
16,trf_6_6273a_t2,-94.27098451715311,-37.81315979961402,3.4663224523001905,3.741157953382877,-10.53898708998311,-4.2724623976753975,0.22890978845366527,0.30168300388955505
16,trf_6_731a_t2,4.419634591103526,1.3083637019593344,1.3631130481614615,0.00683214092509296,0.2698882666954914,0.0812182560871364,0.0801750451668517,0.0003788356759393636
16,trf_6_732a_t2,17.60132016596155,6.529071625586064,2.393090287649597,0.0593630400818931,1.084784806427887,0.4051305686848119,0.14066862846742456,0.003148070328382317
16,trf_6_730a_t2,5.053230964039835,1.576990351091225,1.3678467012683753,0.010133010669585862,0.2847871758459579,0.08744550493319347,0.0803382058754909,0.00045383614960961376
16,trf_6_729a_t2,21.110539030598094,8.507629133013381,1.4499637044743805,0.19155527935598832,1.3061788692699459,0.5276103824042915,0.08454045997567383,0.009945034602822755
16,trf_16_299a_t2,30.168971206021723,11.657211096060179,3.3020083155078894,0.137028825888547,1.8644968757423968,0.7253139778139701,0.19382994506565643,0.007167162275558581
16,trf_11_130a_t2,8.038250844345127,2.888844792552483,1.429104191972967,0.028186472578380407,0.4954270492435233,0.18005879774240574,0.08416115761043685,0.0014921462182356897
16,trf_6_1151a_t2,13.505880282713198,4.771461237304485,2.4056795021550976,0.0452382757021114,0.8305665971083283,0.2961036381684288,0.14140581770913307,0.0023915644412652523
16,trf_16_538a_t2,10.251636848511392,3.385406142114218,2.4440912977049414,0.044628331064084766,0.6292498497691259,0.21057459132109368,0.14378965411173583,0.002345180905400028
16,trf_6_723a_t2,12.366742481866297,4.725228575937224,1.374486171956229,0.05957907187488296,0.7631058564574875,0.29305719691763166,0.08068001953945703,0.0031359490797264744
16,trf_6_722a_t2,3.9362187892329126,1.1013784682825352,1.3600593267108965,0.0053573016641162655,0.2398420635659475,0.06834954916010694,0.07997366534431682,0.0002996733935363661
16,trf_6_737a_t2,11.676185268554889,4.425134072791329,1.3982955177685563,0.06122715635295814,0.7203932275735774,0.2746621057634382,0.0819814729863555,0.0032053180923748703
16,trf_6_728a_t2,21.490010771395816,8.193590974242106,2.40725452364045,0.09286012350501921,1.32599551679915,0.5082473466895996,0.14129848516833654,0.004877515043419711
16,trf_6_3819a_t2,28.007392632348946,11.243843313775411,2.559627676715976,0.16208594855019365,1.7349625370587987,0.700928334632902,0.15055761221284047,0.008471206610733445
16,trf_6_124a_t2,-1.087734848289779,-1.3635728441766677,3.652604872417503,0.32799904094367227,-1.4788968154848021,-0.6821912111128137,0.21715110552003924,0.01350669706009966
16,trf_16_6318a_t2,25.3268367219489,9.60103430099483,3.2728260483516074,0.09489609112289163,1.5643612131746032,0.5978376676014516,0.19267465459907784,0.004999701238816948
16,trf_6_2090a_t2,14.25929303841852,5.546135931006385,1.3813418109077635,0.07984307186944242,0.880795315575531,0.3440618232125523,0.08106313505883755,0.0041863535752625775
16,trf_16_2658a_t2,4.290320938909807,1.2528020602911174,1.403754959239303,0.006238727271941372,0.2622337107867878,0.07804696396119559,0.08274641321676102,0.00034797885772294614
16,trf_6_1177a_t2,35.41615046132669,13.239789477030397,4.659539020785029,0.10050483785622474,1.8703989870199322,0.6864862925659203,0.273819583842152,0.003967496289043609
16,trf_16_3364a_t2,6.810865919398963,2.348058409794739,1.4034841312470558,0.01664993819300774,0.41890915743339185,0.14621091382022966,0.08268690949059598,0.0009002414887255283
16,trf_6_3509a_t2,18.782298352860543,8.06631606486997,0.6437087813178464,0.4356107404568659,1.1658894631515295,0.4991656159696678,0.03680597192909263,0.02243596549865229
16,trf_11_3987a_t2,7.907626836789708,3.2469166600362347,0.5475233934395789,0.07273128754218156,0.489970838007304,0.20183162265383725,0.032089591182886124,0.0037869624168125338
16,trf_16_3997a_t2,12.072358364734793,4.17480827738782,2.4603788665646875,0.04059332560411377,0.7426715638958736,0.2599560028987793,0.14486411923691023,0.0021501224681582318
16,trf_6_3817a_t2,2.3685726788791124,0.7974588520526433,0.5159956752599972,0.006124453758274288,0.14547193108366763,0.04957793514941322,0.030373545766125942,0.00033214439961587027
16,trf_16_1142a_t2,23.70108056671295,8.814626748044605,3.165420948995045,0.07207086992288614,1.4604744504487144,0.5466466581778882,0.18607277085298124,0.003819077438668675
16,trf_6_724a_t2,11.47094985227703,3.8881765309513154,2.3842786630117145,0.024413139623898614,0.7041123257538153,0.24126834718814383,0.1401577608786102,0.0013197979173728107
16,trf_6_5085a_t2,20.237003282556515,7.676833189440383,2.4339793355528454,0.11860153013996616,1.2486899486061311,0.47639917837619983,0.14279560969138538,0.006189510407470261
16,trf_6_5595a_t2,-37.58246251276771,-16.427263800162425,2.7746937942036745,0.6187259643649464,-4.290882422353704,-1.8400076964279055,0.16972600111738645,0.04886998271919696
16,trf_6_5711a_t2,10.156643926031386,3.324727067094679,2.3830425978204253,0.018903487894920846,0.6225422416635347,0.20631588520957544,0.1400964990418645,0.0010290934302583862
16,trf_6_5712a_t2,-6.725451529211662,-3.734957455436566,2.456391760603305,0.18184037982413892,-1.5531570987002663,-0.7147175605456639,0.1443817198391666,0.006945426127200699
16,trf_6_5659a_t2,5.940990383824872,1.5210656265581712,2.383020890246016,0.006110841829758694,0.3610733545954279,0.09446531081524667,0.14020838168412508,0.00034633847681065765
16,trf_6_6158a_t2,46.445921013049094,19.037317970154753,3.395233492949879,0.2744042204804724,2.879761353890686,1.1865199776331217,0.19962624204425694,0.014313672873125627
16,trf_6_6197a_t2,67.80491258451968,27.165107430132966,4.668176379471296,0.3684123848547641,4.19357828258287,1.684404683661878,0.2737730780778076,0.01916488427401769
16,trf_6_6153a_t2,61.56775647786347,25.733675546884676,2.95199752419386,0.9779141562999949,3.2540112772374528,1.352815316663282,0.16654920101094772,0.046021045774052416
16,trf_6_1504a_t2,8.157151833534614,2.477122254117999,2.416252037315122,0.025635923722726363,0.4987763500130278,0.1538537927280137,0.14217745447556718,0.0013594233654804742
16,trf_6_6249a_t2,-60.52448093846658,-25.106475415105717,3.247275708833625,1.9061589513794444,-7.23709094967122,-3.0107105725687866,0.20569595104979932,0.14215335035015353
16,trf_16_6312a_t2,7.488925929511141,2.1859357367626244,2.4408434953283735,0.020644122843005066,0.4575747112340709,0.13604860774628458,0.1437061372834325,0.0010993002861841988
16,trf_6_727a_t2,27.319743839477166,10.717092700170166,2.4304666123445617,0.15391371620603342,1.6880880317965428,0.6647609792694755,0.14251804703794813,0.008043183593578251
17,busa4-_202312598_segmmt_24122,11915.88187416616,-19913.04578484566,2639.681514403635,-952.2994801306753,705.9960855337413,-1079.9069197441058,142.69778360836244,-55.093166438941125
17,trf_16_1585a_t2,3.608567296655128,0.9196482631670215,1.482584882718455,0.002701089944911208,0.29117346565274227,0.09046642039786501,0.0820994253812175,0.00039623583098100925
17,trf_16_1143a_t2,-22.889410453893447,-9.802104608497297,3.281395094582984,1.3378377687902319,1.0848809216856417,0.40458879627592914,0.14826049964086607,0.011019689220787221
17,trf_6_4910a_t2,201.71205059210695,91.69215219903032,5.129398741616465,7.7168288224529284,19.621120440983077,9.128505533543162,0.48484884911011505,1.0470069065482699
17,trf_6_1541a_t2,-38.3677843519206,-15.717677060436424,2.292779806930346,1.3778022871794486,-1.4311483767642486,-0.6155626058430315,0.09197573887472865,0.012427784895592486
17,trf_6_1350a_t2,-53.11811407903766,-23.442755599988942,3.7216778862162223,0.7500227260319079,-2.263930577202757,-1.0340325344581203,0.19087107521437163,0.009820849280850585
17,trf_6_808a_t2,13.56481987610674,5.210807740751003,1.4552944253483682,0.0675018734459401,1.2726515992523826,0.5138335707411192,0.0819760884136147,0.008808319089429147
17,trf_6_810a_t2,22.17873345384212,8.423381791865427,2.564290263969079,0.09732603454321512,2.0739489519435175,0.8298747322483351,0.14579669624367098,0.01271598302644708
17,trf_16_3130a_t2,31.82545719229948,12.7051439496633,2.7217622989176773,0.24402058348113825,3.0172750553827115,1.2507882179135699,0.16186482720946005,0.03249440177782989
17,trf_6_1048a_t2,5.001978524856465,1.523497135894059,1.4402014122358482,0.008394970982044747,0.4304852186397774,0.15000495682506654,0.07997596955084707,0.0009834406216634832
17,trf_6_6273a_t2,-98.27008286119928,-39.529856560786186,3.6204617923856244,3.7854397390349988,-3.9990983440461747,-1.716696761172166,0.15413934008543384,0.04428178565212182
17,trf_6_731a_t2,4.833416446032661,1.4512485197694551,1.4432754989223806,0.0077361679824086045,0.4137818549291348,0.14288481781012075,0.0801624507609191,0.0009040270573156444
17,trf_6_732a_t2,19.402166430416024,7.242981664622684,2.534700448025659,0.06814229498314052,1.8008462644544743,0.7139100390366204,0.14161016037606222,0.008779254901247417
17,trf_6_730a_t2,5.446473501615326,1.7108226838444216,1.4483115230276002,0.011046313928258477,0.39324253757549155,0.1338323327531965,0.08046482175922498,0.0009133032586726153
17,trf_6_729a_t2,23.344540965961926,9.439074196716513,1.5441773693632517,0.22107911998291507,2.234001935363832,0.9314450637031317,0.09421366488887117,0.029523840626926756
17,trf_16_299a_t2,33.29702572055338,12.929383448509514,3.5039741512166915,0.15796768111937298,3.128054514531655,1.272172352449335,0.2019658357088021,0.020938855230825976
17,trf_11_130a_t2,8.842887577550794,3.2037966448644277,1.5139590608552436,0.032437944870376476,0.8046367332056672,0.3149518523119448,0.08485486888227656,0.004251472291996069
17,trf_6_1151a_t2,14.859518045838769,5.2930768869565785,2.5485683347367867,0.051996578616537364,1.3536377631255707,0.5216156496520936,0.14288883258168905,0.006758302914425966
17,trf_16_538a_t2,11.247393698798254,3.755072760711469,2.5893654278120835,0.05131279527781713,0.9957568502868615,0.36966661859725125,0.14527413010714207,0.006684464213732366
17,trf_6_723a_t2,13.647724133348808,5.242134340514535,1.4568456207586578,0.06853046924712561,1.2809816514825112,0.5169057645773112,0.08235944880242885,0.008951397372242646
17,trf_6_722a_t2,4.2973709366102,1.221642669363691,1.4400061841078013,0.00604459454483589,0.3611521473772874,0.12026420108115587,0.07994685739690488,0.0006872928807196248
17,trf_6_737a_t2,12.88157726443718,4.908846093651482,1.48384846161261,0.07059104837747288,1.205391995882291,0.4837120208601524,0.08555294384405365,0.009363892024514736
17,trf_6_728a_t2,23.715270505549775,9.089629633320433,2.5516244793563474,0.10691195768204731,2.2252597341539584,0.8960386590783269,0.14436995571589728,0.0140518341770281
17,trf_6_3819a_t2,30.931419092699233,12.470806998712394,2.713962848809061,0.18689024023323636,2.9240264603502872,1.2269636849369832,0.15433517209308478,0.024804291683042712
17,trf_6_124a_t2,0.5404149931787936,-0.7161876887203911,3.8538028950769374,0.33685575424032194,1.6281498414685727,0.6473851554562766,0.20119802265943454,0.008856713296649665
17,trf_16_6318a_t2,27.924668527224444,10.648896757217235,3.4674441445635837,0.10913180665291297,2.5978318052755434,1.047862456222406,0.19461809621197634,0.014235715530021342
17,trf_6_2090a_t2,15.746508561023427,6.1530529514724455,1.464652981336859,0.09192710867514158,1.4872155226049077,0.6069170204660601,0.08331117042909542,0.012084036805699153
17,trf_16_2658a_t2,4.687425440064594,1.3893921448171622,1.4860360248091846,0.007050650145988186,0.3971045011547867,0.13659008452604482,0.08228106556988157,0.0008119228740468146
17,trf_6_1177a_t2,38.60354082699725,14.493057972995677,4.9355028427436975,0.11210506867020416,3.1873903656705664,1.2532684959652798,0.2759638219586682,0.011600230813979415
17,trf_16_3364a_t2,7.483024267380535,2.6042268805658355,1.486051831433671,0.019019071299578128,0.672158347981572,0.2561684707710965,0.08256770018661519,0.002369133106570387
17,trf_6_3509a_t2,20.800291784312115,8.95575298615023,0.694786784023838,0.5036462374951969,2.017993431451572,0.8894369212802609,0.05107800270599161,0.068035497038331
17,trf_11_3987a_t2,8.742397281613641,3.6022009681458136,0.5814600254610309,0.08389351316810019,0.834770444823933,0.3552843081095789,0.03393663202145203,0.011162225625918634
17,trf_16_3997a_t2,13.265361553116808,4.630304280379483,2.606028092521479,0.04661977301336628,1.193003188382015,0.45549600299166304,0.14564922595679164,0.006026447409252504
17,trf_6_3817a_t2,2.600983233209779,0.8845042020214023,0.5463649287840426,0.006987424709503361,0.23241055433066649,0.08704534996875901,0.030369253524045403,0.0008629709512290732
17,trf_16_1142a_t2,26.1294979331042,9.778447683740023,3.3530097649283,0.0827350362420553,2.428417366391251,0.9638209356954182,0.18758881593325505,0.010664166319169166
17,trf_6_724a_t2,12.603146038527491,4.312940463390597,2.524876866523745,0.02787050456844031,1.1321961862504608,0.4247639324392818,0.14059820351203056,0.003457364944541696
17,trf_6_5085a_t2,22.324664639640353,8.51663320946987,2.58174005100556,0.13670713166540294,2.0876613570838387,0.8398000200294868,0.14776071545271474,0.018105601525436776
17,trf_6_5595a_t2,-39.13280769540269,-17.129298514858398,2.9271138180675274,0.6272095490814439,-1.5503451826349774,-0.7020347146959729,0.1524200238638529,0.008483584716497461
17,trf_6_5711a_t2,11.145407953064451,3.687874423299808,2.5234422550027293,0.021533410406319065,0.9887640270330653,0.36314735620512906,0.14039965718230407,0.0026299225113982187
17,trf_6_5712a_t2,-6.027837044885459,-3.4979548493614048,2.5968187437560926,0.1831567376779448,0.6976144843262029,0.2370026060751611,0.14042698315278734,0.0013163578538058773
17,trf_6_5659a_t2,6.469375880071611,1.6871003923241135,2.523015786914683,0.006850504112959047,0.5283854962467389,0.16603476576594223,0.13999489666866705,0.0007396622832003532
17,trf_6_6158a_t2,51.33768935780034,21.115208356102002,3.6008934475041543,0.3164005306574769,4.891768344751249,2.0778903859472493,0.20565995455427544,0.0419963101770045
17,trf_6_6197a_t2,74.97172033025852,30.138636988461524,4.950825909199904,0.42491827860064246,7.166807745738836,2.9735295583285577,0.2826495297286078,0.05650589374587839
17,trf_6_6153a_t2,66.62882836321319,27.88689453104776,3.1558195974204093,1.0933843256227986,5.061071885349719,2.1532189841630824,0.20382207322654944,0.11547016932280374
17,trf_6_1504a_t2,8.925695232543834,2.747686612008843,2.5588947941164757,0.02938513998307725,0.7685433990092196,0.2705643578908439,0.14264275680135352,0.0037492162603508863
17,trf_6_6249a_t2,-62.50543702875564,-25.987465829741787,3.3949270186188816,1.9170982864852368,-1.9809560902890553,-0.8809904146360701,0.14765130978525676,0.01093933510579248
17,trf_16_6312a_t2,8.183094804424112,2.4244071256342306,2.5848729008643168,0.023638439914780155,0.6941688749129709,0.23847138887160613,0.14402940553594323,0.002994317071775089
17,trf_6_727a_t2,30.180610876335678,11.889738369422613,2.578291277993423,0.1773396534724418,2.8608670368585116,1.1726456692524465,0.14782466564886132,0.023425937266408375
18,busa4-_202312598_segmmt_24122,12653.645376716093,-20969.802412301877,2779.0382896169604,-1007.9498672289186,737.763502549933,-1056.756627456216,139.35677521332536,-55.6503870982433
18,trf_16_1585a_t2,3.9594648834082893,1.0359072352864438,1.564383590699826,0.003341733599830914,0.3508975867531614,0.11625897211942227,0.08179870798137112,0.0006406436549197059
18,trf_16_1143a_t2,-17.05755105328572,-7.325486495611639,3.473446676835459,1.4520022395064802,5.831859400607726,2.4766181128856584,0.19205158225247487,0.11416447071624836
18,trf_6_4910a_t2,226.7819672394446,103.5681818277614,5.837799157605392,9.449358594186506,25.069916647337664,11.87602962873109,0.708400415988927,1.732529771733578
18,trf_6_1541a_t2,-37.10812183556914,-15.196010824346914,2.3805756386628194,1.3871280741227832,1.2596625163514545,0.5216662360895103,0.0877958317324734,0.009325786943334524
18,trf_6_1350a_t2,-52.09717540367731,-23.08624725730563,3.906853590017516,0.7518935266637955,1.0209386753603482,0.35650834268331266,0.18517570380129378,0.0018708006318876036
18,trf_6_808a_t2,15.182358060734769,5.874731412851647,1.5386720131006009,0.08180432291685476,1.61753818462803,0.6639236721006441,0.0833775877522327,0.014302449470914663
18,trf_6_810a_t2,24.812284109638426,9.494659716929782,2.7140445659319896,0.11798449308552253,2.6335506557963058,1.0712779250643543,0.1497543019629104,0.020658458542307412
18,trf_16_3130a_t2,35.666676842135736,14.315483536922102,2.895686679790788,0.2973133099226222,3.8412196498362547,1.6103395872588013,0.1739243808731108,0.05329272644148397
18,trf_6_1048a_t2,5.53420947522942,1.7171635360305306,1.5202632206482183,0.009906698639965008,0.5322309503729548,0.19366640013647163,0.0800618084123701,0.0015117276579202608
18,trf_6_6273a_t2,-96.0143271420016,-38.622652660507995,3.763132756652466,3.7992775009921935,2.25575571919768,0.9072039002781906,0.14267096426684178,0.013837761957194772
18,trf_6_731a_t2,5.343950582230608,1.6356431900839503,1.5235090285577597,0.009122801110115797,0.510534136197947,0.1843946703144952,0.08023352963537911,0.001386633127707192
18,trf_6_732a_t2,21.68406046091439,8.165266993173939,2.6774185016454077,0.08230699111856252,2.2818940304983677,0.9222853285512542,0.14271805361974854,0.014164696135421997
18,trf_6_730a_t2,5.930472697696906,1.8834850859683956,1.529077814624435,0.01251009456453389,0.48399919608158015,0.172662402123974,0.0807662915968348,0.0014637806362754122
18,trf_6_729a_t2,26.20098684490388,10.64389309867199,1.6480434138098343,0.2695964655357147,2.8564458789419547,1.204818901955477,0.10386604444658265,0.04851734555279963
18,trf_16_299a_t2,37.26982341857167,14.566568758624758,3.7142570501236594,0.19218422152273085,3.97279769801829,1.6371853101152443,0.21028289890696783,0.034216540403357865
18,trf_11_130a_t2,9.853530494982575,3.608230286724393,1.5996774365985316,0.03932073803306457,1.010642917431781,0.4044336418599652,0.085718375743288,0.006882793162688097
18,trf_6_1151a_t2,16.564519420282373,5.966703092045253,2.693061845105143,0.0629367617215406,1.7050013744436043,0.6736262050886745,0.14449351036835623,0.010940183105003234
18,trf_16_538a_t2,12.488094567789972,4.231107154818299,2.7362897324758335,0.062178122544890774,1.240700868991718,0.4760343941068301,0.14692430466375006,0.010865327267073642
18,trf_6_723a_t2,15.276706667183133,5.91044579274554,1.5409801084297052,0.08307281405975604,1.628982533834325,0.6683114522310047,0.08413448767104748,0.014542344812630434
18,trf_6_722a_t2,4.7401667740418105,1.3768905172182773,1.5200136976774536,0.007084676391569263,0.44279583743161055,0.15524784785458623,0.0800075135696523,0.0010400818467333726
18,trf_6_737a_t2,14.412567810665864,5.533391851041108,1.573015827208482,0.08588690876890988,1.5309905462286846,0.624545757389626,0.08916736559587202,0.015295860391437002
18,trf_6_728a_t2,26.544882904785414,10.247728374899317,2.6992204271116313,0.12979094637674476,2.8296123992356392,1.1580987415788844,0.14759594775528395,0.022878988694697455
18,trf_6_3819a_t2,34.64579638654292,14.0469552869814,2.8724107065672198,0.22744340663467558,3.714377293843686,1.576148288269005,0.15844785775815895,0.04055316640143922
18,trf_6_124a_t2,4.809088411511631,1.0747306562580237,4.067056244745949,0.377896825246416,4.268673418332837,1.7909183449784147,0.21325334966901144,0.041041071006094054
18,trf_16_6318a_t2,31.212148570927543,11.996590598210918,3.6643457896577725,0.1322363704341511,3.2874800437030984,1.3476938409936832,0.19690164509418873,0.023104563781238124
18,trf_6_2090a_t2,17.640790550151713,6.9376578125418975,1.5503054595301395,0.11162426209937988,1.8942819891282863,0.784604861069452,0.08565247819328059,0.019697153424238306
18,trf_16_2658a_t2,5.174562160751444,1.5648865447494047,1.5680030520319943,0.008286097101384634,0.4871367206868502,0.17549439993224247,0.08196702722280969,0.001235446955396448
18,trf_6_1177a_t2,43.27911095885319,16.38977538755316,5.214945842417725,0.1371433736751638,4.675570131855935,1.896717414557484,0.2794429996740275,0.02503830500495964
18,trf_16_3364a_t2,8.324305871231893,2.9336126640262425,1.5686510368581739,0.022769844086096724,0.8412816038513578,0.32938578346040703,0.08259920542450283,0.0037507727865185962
18,trf_6_3509a_t2,23.38585568626993,10.11286353902478,0.7599679213565786,0.6161199604169341,2.5855639019578156,1.1571105528745491,0.06518113733274067,0.11247372292173718
18,trf_11_3987a_t2,9.80704829831481,4.06057284695145,0.617299075562837,0.10219328093983816,1.064651016701168,0.45837187880563635,0.0358390501018061,0.018299767771737974
18,trf_16_3997a_t2,14.758931983977156,5.2160151764734115,2.752690246211693,0.05635334876088753,1.4935704308603484,0.5857108960939286,0.14666215369021396,0.009733575747521254
18,trf_6_3817a_t2,2.8915955729203633,0.996619768046458,0.5767747884124514,0.008348602474992337,0.2906123397105844,0.11211556602505568,0.03040985962840881,0.001361177765488976
18,trf_16_1142a_t2,29.208141279229423,11.023600231228524,3.5422029911951274,0.09994941645712932,3.0786433461252223,1.2451525474885017,0.18919322626682744,0.017214380215074016
18,trf_6_724a_t2,14.02328569496697,4.861443750007201,2.6660759297086174,0.033341114474171575,1.4201396564394795,0.5485032866166035,0.1411990631848723,0.005470609905731266
18,trf_6_5085a_t2,24.97517821154094,9.601657542282101,2.734556066562572,0.16633313590779114,2.6505135719005857,1.0850243328122318,0.15281601555701174,0.029626004242388204
18,trf_6_5595a_t2,-38.080564051043915,-16.72459541342634,3.0756251980299307,0.6333071282481876,1.052243644358775,0.4047031014320588,0.14851137996240338,0.006097579166743694
18,trf_6_5711a_t2,12.380544192595373,4.156746479193549,2.6643029213011675,0.025661890429973258,1.235136239530922,0.4688720558937409,0.1408606662984382,0.0041284800236541935
18,trf_6_5712a_t2,-3.3756607843553423,-2.4169208136080287,2.741307065511501,0.2024007551131954,2.6521762605301165,1.081034035753376,0.1444883217554085,0.019244017435250615
18,trf_6_5659a_t2,7.110229211972389,1.9012311016329746,2.6629492221089506,0.00794261612292043,0.6408533319007788,0.21413070930886113,0.13993343519426737,0.0010921120099613834
18,trf_6_6158a_t2,57.567108797853294,23.78534178115345,3.8130323268162787,0.38514933577448235,6.229419440052951,2.6701334250514464,0.21213887931212438,0.06874880511700543
18,trf_6_6197a_t2,84.13562974093705,33.985241865839086,5.24264701539286,0.5176273247211041,9.163909410678528,3.846604877377562,0.2918211061929563,0.0927090461204616
18,trf_6_6153a_t2,73.77443696843171,30.966358106098753,3.400090929266409,1.2905040459186392,7.145608605218527,3.079463575050994,0.24427133184599992,0.19711972029584057
18,trf_6_1504a_t2,9.875047302238025,3.0966351929509206,2.702145291388757,0.03542514726257207,0.9493520696941911,0.3489485809420776,0.14325049727228123,0.006040007279494823
18,trf_6_6249a_t2,-59.572033851526726,-24.77816444685224,3.5446896480162575,1.9405338966531678,2.933403177228911,1.2093013828895458,0.14976262939737595,0.023435610167930943
18,trf_16_6312a_t2,9.035362246702384,2.731166144490967,2.7294142226336486,0.028443130157275946,0.8522674422782721,0.3067590188567366,0.14454132176933188,0.004804690242495791
18,trf_6_727a_t2,33.828986070346,13.40578253775968,2.7315520509192743,0.21563015801145496,3.6483751940103204,1.5160441683370678,0.15326077292585127,0.03829050453901317
19,busa4-_202312598_segmmt_24122,13301.04706340847,-22073.629261564507,2919.460840858739,-1064.5363371467042,647.4016866923776,-1103.8268492626303,140.42255124177882,-56.58646991778562
19,trf_16_1585a_t2,4.252709644730776,1.127261012257724,1.6464677133563488,0.003745640468382286,0.29324476132248645,0.09135377697128022,0.08208412265652276,0.00040390686855137177
19,trf_16_1143a_t2,-11.660981904100089,-5.037160947523729,3.6563381826435353,1.5471017859980185,5.396569149185632,2.2883255480879097,0.18289150580807645,0.09509954649153829
19,trf_6_4910a_t2,246.58380390242493,112.7822076926668,6.329304031277576,10.517346654827728,19.80183666298032,9.214025864905395,0.49150487367218343,1.0679880606412215
19,trf_6_1541a_t2,-35.5414528448557,-14.541754837325284,2.4713560524599143,1.4015647186552551,1.5666689907134455,0.6542559870216298,0.0907804137970949,0.014436644532471954
19,trf_6_1350a_t2,-50.55056412737365,-22.50312018592728,4.093583972061556,0.7562120259798327,1.5466112763036648,0.5831270713783496,0.18673038204404024,0.004318499316037228
19,trf_6_808a_t2,16.46891087722479,6.395173839699202,1.6209010482385044,0.09078740205167322,1.2865528164900208,0.5204424268475556,0.08222903513790358,0.008983079134818467
19,trf_6_810a_t2,26.908819250500038,10.335193361199783,2.86033286666143,0.13095305056924453,2.0965351408616115,0.8405336442700015,0.1462883007294402,0.012968557483721999
19,trf_16_3130a_t2,38.71328803176301,15.579193554434363,3.057939955841238,0.3304531292395712,3.0466111896272707,1.2637100175122615,0.1622532760504498,0.03313981931694898
19,trf_6_1048a_t2,5.969166044738749,1.8692293269082696,1.6005219409094995,0.010907712098400859,0.43495656950932915,0.15206579087773897,0.08025872026128122,0.0010010134584358503
19,trf_6_6273a_t2,-92.89495117549087,-37.33446645060674,3.90943436797493,3.8258389385263722,3.119375966510731,1.288186209901255,0.146301611322464,0.026561437534178722
19,trf_6_731a_t2,5.761822721272584,1.7803861485516266,1.6038970589164003,0.010042725750553901,0.4178721390419762,0.14474295846767626,0.08038803035864062,0.0009199246404381044
19,trf_6_732a_t2,23.50452528719859,8.888478285397662,2.8194532845128926,0.09125845056942693,1.8204648262841978,0.7232112922237235,0.14203478286748483,0.00895145945086441
19,trf_6_730a_t2,6.3494974172810075,2.0284629292596947,1.6099138213513264,0.013609778746781287,0.41902471958410104,0.14497784329129915,0.0808360067268914,0.0010996841822473978
19,trf_6_729a_t2,28.460273112914116,11.587631612994306,1.7427944977074894,0.29972190040275215,2.2592862680102357,0.943738514322316,0.09475108389765508,0.03012543486703745
19,trf_16_299a_t2,40.42813295137032,15.851998237544029,3.916538148610066,0.2135355890183159,3.158309532798654,1.285429478919271,0.20228109848640674,0.021351367495585055
19,trf_11_130a_t2,10.665129790967097,3.9261379886259298,1.6844989772260668,0.04365345529156811,0.8115992959845215,0.31790770190153683,0.08482154062753522,0.004332717258503538
19,trf_6_1151a_t2,17.932112817254914,6.49478687683235,2.8362871681053266,0.06982781573403808,1.3675933969725413,0.5280837847870972,0.14322532300018365,0.006891054012497483
19,trf_16_538a_t2,13.492599060124943,4.604558473308794,2.8816931557689487,0.0689922883234354,1.0045044923349717,0.3734513184904946,0.14540342329311517,0.006814165778544629
19,trf_6_723a_t2,16.572321317902986,6.434477818227731,1.6236764579863716,0.09220352972528628,1.2956146507198536,0.5240320254821915,0.08269634955666638,0.00913071566553024
19,trf_6_722a_t2,5.104966836012391,1.4988092483681688,1.6002443174443755,0.007783844701342448,0.36480006197058046,0.12191873114989149,0.0802306197669218,0.0006991683097731854
19,trf_6_737a_t2,15.630824637540936,6.0231136716235465,1.6588586258150952,0.09543828457453213,1.2182568268750718,0.48972182058243874,0.08584279860661326,0.00955137580562225
19,trf_6_728a_t2,28.79552810782379,11.156091327797585,2.844180638866921,0.14412550740487254,2.2506452030383777,0.9083629528982673,0.1449602117552895,0.014334561028127774
19,trf_6_3819a_t2,37.59567609796099,15.28465943125276,3.026697363918714,0.2527276074730972,2.9498797114180704,1.23770414427136,0.15428665735149405,0.025284200838421617
19,trf_6_124a_t2,8.60159472377337,2.655921633267318,4.276566506245297,0.4096331508275071,3.7925063122617395,1.5811909770092942,0.20951026149934826,0.03173632558109113
19,trf_16_6318a_t2,33.83410943646424,13.05492602036489,3.8589864284834157,0.14674747171373576,2.621960865536696,1.0583354221539718,0.1946406388256432,0.01451110127958466
19,trf_6_2090a_t2,19.144590639754014,7.552556872559468,1.6339211085031036,0.12395056561727683,1.5038000896023007,0.6148990600175708,0.08361564897296403,0.012326303517896944
19,trf_16_2658a_t2,5.574777194206968,1.7028151868140735,1.6502536312702316,0.009111302793419113,0.4002150334555239,0.13792864206466882,0.08225057923823731,0.0008252056920344791
19,trf_6_1177a_t2,47.246239244853484,17.9821470831774,5.4923829927447905,0.15539579236208673,3.967128286000296,1.5923716956242373,0.2774371503270654,0.018252418686922928
19,trf_16_3364a_t2,9.002380482482423,3.1923366995928193,1.6512110306172827,0.025182043858486068,0.6780746112505298,0.25872403556657675,0.08255999375910883,0.0024121997723893437
19,trf_6_3509a_t2,25.424905566535102,11.012517118858655,0.8115136483078602,0.6855377292280387,2.0390498802651713,0.8996535798338758,0.05154572695128157,0.06941776881110462
19,trf_11_3987a_t2,10.650216479128874,4.4197171528725185,0.6513151198389592,0.11357778352395681,0.8431681808140645,0.3591443059210686,0.03401604427612215,0.011384502584118647
19,trf_16_3997a_t2,15.962407924364642,5.676000489705697,2.898376050797524,0.06249423286922351,1.2034759403874862,0.4599853132322851,0.1456858045858307,0.006140884108335978
19,trf_6_3817a_t2,3.126120530250412,1.0845916696271205,0.6071605647626104,0.00922723971922122,0.23452495733004852,0.08797190158066248,0.030385776350158933,0.0008786372442288835
19,trf_16_1142a_t2,31.66002920076862,11.99775684951122,3.729931754429046,0.11081794875909522,2.451887921539196,0.9741566182826951,0.18772876323391863,0.010868532301965897
19,trf_6_724a_t2,15.167831356064008,5.292043606173347,2.807182552526382,0.03686414015463916,1.1445456610970375,0.43059985616614593,0.14110662281776465,0.003523025680467584
19,trf_6_5085a_t2,27.085074571767493,10.451874427540094,2.882805165687716,0.18480150135865728,2.1098963602265535,0.8502168852579928,0.14824909912514395,0.018468365450866137
19,trf_6_5595a_t2,-36.67384789007349,-16.169814739208686,3.2247654907045717,0.6403946743583763,1.4067161609704257,0.5547806742176533,0.14914029267464102,0.007087546110188692
19,trf_6_5711a_t2,13.379956981313272,4.524889867573256,2.805209624463103,0.028340958144553615,0.9994127887178994,0.36814338837970695,0.14090670316193554,0.002679067714580357
19,trf_6_5712a_t2,-0.9478351507987481,-1.4308887550799048,2.8854054326822256,0.2184511945529823,2.427825633556594,0.9860320585281239,0.14409836717072455,0.016050439439786873
19,trf_6_5659a_t2,7.643447711578337,2.0693949095679582,2.803310253444621,0.00869413253347592,0.5332184996059475,0.16816380793498364,0.14036103133567046,0.0007515164105554896
19,trf_6_6158a_t2,62.502935605037415,25.881661262580895,4.018655429773464,0.4279636813099166,4.935826807184121,2.0963194814274466,0.2056231029571851,0.04281434553543423
19,trf_6_6197a_t2,91.38570264727046,36.99975662830122,5.526528840906104,0.5752871672279194,7.250072906333415,3.0145147624621345,0.2838818255132436,0.05765984250681533
19,trf_6_6153a_t2,79.92532487775942,33.59771946726016,3.6105193886554785,1.4244553270350675,6.150887909327707,2.63136136116141,0.2104284593890693,0.1339512811164283
19,trf_6_1504a_t2,10.650498985727902,3.370304492981998,2.8449478580906007,0.03924644488959411,0.7754516834898766,0.27366930003107726,0.14280256670184377,0.0038212976270220397
19,trf_6_6249a_t2,-56.25928402607678,-23.400828543943202,3.6973932196225876,1.9703953292747818,3.3127498254499486,1.3773359029090386,0.15270357160633008,0.029861432621614004
19,trf_16_6312a_t2,9.735137382318513,2.972028513591796,2.8735177956303364,0.03149366866760015,0.6997751356161288,0.24086236910082892,0.14410357299668775,0.003050538510324205
19,trf_6_727a_t2,36.72210122762202,14.594018643145366,2.8799718591030117,0.23952897450018737,2.8931151572760214,1.1882361053856858,0.14841980818373735,0.023898816488732405
20,busa4-_202312598_segmmt_24122,13838.840957311113,-23235.444525210147,3062.008224407489,-1121.7105031500791,537.7938939026426,-1161.8152636456398,142.54738354874962,-57.17416600337492
20,trf_16_1585a_t2,4.482347749064784,1.1910345150522037,1.7289795502039633,0.003942975233660955,0.22963810433400855,0.06377350279447969,0.08251183684761454,0.00019733476527866896
20,trf_16_1143a_t2,-7.863559633161787,-3.453608570908697,3.8169914088194647,1.593770169315302,3.797422270938301,1.5835523766150317,0.16065322617592948,0.0466683833172834
20,trf_6_4910a_t2,260.5049698911016,119.12750354847165,6.643203496862059,11.037459165305835,13.921165988676677,6.345295855804849,0.3138994655844831,0.520112510478107
20,trf_6_1541a_t2,-34.42238744446396,-14.084860218173592,2.5592187049300867,1.4087781609895291,1.1190654003917402,0.4568946191516918,0.08786265247017244,0.007213442334274012
20,trf_6_1350a_t2,-49.41688294856028,-22.09668903866972,4.280352010168038,0.7585080215920001,1.1336811788133687,0.40643114725756035,0.18676803810648135,0.002295995612167423
20,trf_6_808a_t2,17.38948778876684,6.757312590285369,1.7023271127677386,0.09533804838001421,0.9205769115420495,0.3621387505861664,0.08142606452923418,0.004550646328340985
20,trf_6_810a_t2,28.41174190530704,10.920649375580236,3.0040112290480483,0.1375152458176458,1.5029226548070014,0.585456014380453,0.14367836238661846,0.006562195248401265
20,trf_16_3130a_t2,40.88095453978432,16.460110189352456,3.210979516795626,0.3469003574392035,2.1676665080213127,0.8809166349180924,0.15303956095438798,0.01644722819963229
20,trf_6_1048a_t2,6.296617430024496,1.9752176059884266,1.6810477147685274,0.011469313589996404,0.32745138528574724,0.10598827908015696,0.08052577385902793,0.0005616014915955456
20,trf_6_6273a_t2,-90.67922981542996,-36.438687593760356,4.053056522723291,3.839105865283645,2.215721360060911,0.895778856846384,0.14362215474836093,0.013266926757272923
20,trf_6_731a_t2,6.077349719531778,1.8812470451745136,1.6845161569439966,0.010560366860646932,0.3155269982591937,0.100860896622887,0.08061909802759626,0.0005176411100930312
20,trf_6_732a_t2,24.81500661486006,9.391845092384564,2.9611327789766233,0.0958499107938391,1.3104813276614706,0.503366806986902,0.14167949446373074,0.004591460224412175
20,trf_6_730a_t2,6.6994359781043915,2.1439159203548113,1.690923609340042,0.01439824185293508,0.34993856082338404,0.11545299109511653,0.0810097879887155,0.000788463106153792
20,trf_6_729a_t2,30.058702106688685,12.243702925660738,1.8302172418216673,0.3146281512750099,1.5984289937745686,0.6560713126664321,0.08742274411417794,0.014906250872257776
20,trf_16_299a_t2,42.68638885997448,16.748454917176442,4.112681272142043,0.2242000738897891,2.2582559086041556,0.8964566796324132,0.19614312353197727,0.010664484871473201
20,trf_11_130a_t2,11.256648255644922,4.148216844003917,1.7688282791516885,0.045851196101123204,0.5915184646778258,0.22207885537798733,0.08432930192562171,0.002197740809555093
20,trf_6_1151a_t2,18.927066170278536,6.862232104339925,2.978652309964813,0.07333640296244541,0.9949533530236216,0.3674452275075746,0.14236514185948623,0.0035085872284073283
20,trf_16_538a_t2,14.236151893984024,4.864780091019667,3.026115099339044,0.07243986685377642,0.7435528338590807,0.26022161771087315,0.1444219435700953,0.003447578530341014
20,trf_6_723a_t2,17.49917834206579,6.799158078048431,1.7053200366961507,0.09682511726721858,0.9268570241628034,0.36468025982069996,0.08164357870977912,0.004621587541932301
20,trf_6_722a_t2,5.3835773084996505,1.5838002830224163,1.6807612714717612,0.008186912545538542,0.27861047248725956,0.08499103465424751,0.08051695402738579,0.0004030678441960941
20,trf_6_737a_t2,16.503522634450775,6.363959543641143,1.74209260815562,0.10021159967863683,0.8726979969098387,0.34084587201759664,0.08323398234052481,0.004773315104104697
20,trf_6_728a_t2,30.405825171334392,11.78844206787858,2.987194903015469,0.15134487512056302,1.6102970635106004,0.6323507400809962,0.14301426414854834,0.007219367715690483
20,trf_6_3819a_t2,39.69928278459903,16.14849555506463,3.1780674904981234,0.2653373596794859,2.103606686638038,0.8638361238118719,0.15137012657940963,0.012609752206388714
20,trf_6_124a_t2,11.30706129659244,3.760325805334104,4.479010713799604,0.4253634447494736,2.70546657281907,1.1044041720667863,0.20244420755430692,0.015730293921966454
20,trf_16_6318a_t2,35.720307143503916,13.793360936677548,4.052284815357984,0.15409941862224433,1.8861977070396776,0.7384349163126576,0.19329838687456835,0.007351946908508572
20,trf_6_2090a_t2,20.21650415211616,7.980279246257143,1.7160045275292142,0.1301487247733819,1.0719135123621442,0.42772237369767474,0.0820834190261106,0.006198159156105082
20,trf_16_2658a_t2,5.879040507501597,1.7991477445782933,1.7329466186999127,0.009581682866003575,0.3042633132946291,0.09633255776421978,0.08269298742968112,0.00047038007258446216
20,trf_6_1177a_t2,50.35282411835177,19.20424899454028,5.76836271482062,0.16693335394079195,3.106584873498285,1.2221019113628806,0.27597972207582977,0.011537561578705224
20,trf_16_3364a_t2,9.500170221664504,3.37289740315901,1.7339445330333074,0.026461941786003074,0.4977897391820818,0.18056070356619092,0.08273350241602473,0.0012798979275170062
20,trf_6_3509a_t2,26.85721211666429,11.632936697608663,0.8519569663796602,0.719462388232455,1.4323065501291872,0.620419578750008,0.040443318071800016,0.033924659004416324
20,trf_11_3987a_t2,11.24797033225638,4.669629229635303,0.6839296286127983,0.1192332136364294,0.5977538531275055,0.2499120767627847,0.03261450877383909,0.00565543011247259
20,trf_16_3997a_t2,16.84530866512964,5.99696040434286,3.043598983885432,0.06563369782023006,0.8829007407649971,0.32095991463716356,0.14522293308790823,0.003139464951006546
20,trf_6_3817a_t2,3.2987095290884687,1.145889612061235,0.6375810603855889,0.00969689378898023,0.1725889988380569,0.06129794243411446,0.03042049562297855,0.00046965406975900924
20,trf_16_1142a_t2,33.42097192826711,12.673975572855175,3.91656590018533,0.1163849082359997,1.7609427274984881,0.6762187233439558,0.18663414575628412,0.0055669594769044844
20,trf_6_724a_t2,16.00775193922079,5.592097898616518,2.948404080046065,0.038739053109467306,0.8399205831567809,0.3000542924431713,0.14122152751968287,0.0018749129548281465
20,trf_6_5085a_t2,28.597339076567977,11.043225753495527,3.0275118331277353,0.1940158744465179,1.5122645048004841,0.5913513259554328,0.14470666744001948,0.009214373087860633
20,trf_6_5595a_t2,-35.647261186491576,-15.782330621380105,3.3739328795423336,0.644031030817598,1.0265867035819127,0.3874841178285813,0.14916738883776182,0.003636356459221779
20,trf_6_5711a_t2,14.118833667697043,4.7814672427479845,2.946341724590508,0.029787798644541643,0.7388766863837706,0.2565773751747287,0.14113210012740485,0.001446840499988028
20,trf_6_5712a_t2,0.7859173452409562,-0.7447035303509366,3.0279916384945533,0.226551256749725,1.7337524960397044,0.6861852247289681,0.14258620581232773,0.008100062196742724
20,trf_6_5659a_t2,8.057811924012785,2.186651080454943,2.9442204240152487,0.009146431860976311,0.41436421243444865,0.11725617088698481,0.1409101705706277,0.00045229932750039115
20,trf_6_6158a_t2,66.00671472714187,27.344370341277326,4.219604861021599,0.44928368766761473,3.5037791221044543,1.462709078696431,0.20094943124813547,0.02132000635769815
20,trf_6_6197a_t2,96.51816270287273,39.09631708377264,5.804346238884002,0.603927441756682,5.132460055602266,2.096560455471419,0.2778173979778984,0.02864027452876261
20,trf_6_6153a_t2,84.91410121182436,35.711493192127115,3.7940112639642622,1.5047076256670164,4.988776334064937,2.1137737248669524,0.18349187530878375,0.08025229863194894
20,trf_6_1504a_t2,11.233869983800389,3.560856428960688,2.9875911245739215,0.041216219436965074,0.5833709980724873,0.19055193597869025,0.14264326648332082,0.0019697745473709616
20,trf_6_6249a_t2,-53.90819812229573,-22.442508112071856,3.8450162876694804,1.9852879383063897,2.3510859037810476,0.9583204318713463,0.14762306804689285,0.01489260903160794
20,trf_16_6312a_t2,10.266537080177622,3.140036893126031,3.0175401595055407,0.033077379790119744,0.5313996978591096,0.16800837953423509,0.14402236387520428,0.0015837111225195932
20,trf_6_727a_t2,38.779889100331474,15.42058723304081,3.024650721351518,0.2514837104312017,2.0577878727094543,0.8265685898954427,0.14467886224850623,0.011954735931014343
21,busa4-_202312598_segmmt_24122,14319.660226155438,-24427.81081636112,3206.053180452833,-1178.9113250779126,480.81926884432505,-1192.3662911509746,144.0449560453444,-57.20082192783343
21,trf_16_1585a_t2,4.67178444427164,1.2373132158864517,1.811735712914982,0.0040395548756494235,0.18943669520685535,0.04627870083424801,0.08275616271101871,9.657964198846875e-05
21,trf_16_1143a_t2,-5.073288546914293,-2.310110246134794,3.967856855554558,1.61872765776704,2.790271086247494,1.143498324773903,0.1508654467350934,0.024957488451738064
21,trf_6_4910a_t2,270.676897727934,123.6939933008116,6.87836950176625,11.3125456453341,10.171927836832367,4.5664897523399475,0.23516600490419126,0.2750864800282642
21,trf_6_1541a_t2,-33.58669186643435,-13.753168481261937,2.6458877766918882,1.412716442336677,0.8356955780296076,0.33169173691165454,0.0866690717618015,0.003938281347147798
21,trf_6_1350a_t2,-48.54368570643326,-21.80198294623904,4.467213849910286,0.7598616250557894,0.87319724212702,0.2947060924306797,0.18686183974224857,0.0013536034637892103
21,trf_6_808a_t2,18.07908549401695,7.019625803731791,1.7834435851493704,0.0978691400799834,0.6895977052501117,0.2623132134464221,0.08111647238163178,0.002531091699969193
21,trf_6_810a_t2,29.54010358569568,11.344987101557026,3.146605200440805,0.1411596485655175,1.1283616803886396,0.4243377259767893,0.14259397139275665,0.0036444027478717
21,trf_16_3130a_t2,42.49310388438786,17.09894423850946,3.3600498516834976,0.3558172240261043,1.6121493446035373,0.6388340491570048,0.1490703348878717,0.008916866586900773
21,trf_6_1048a_t2,6.556238612747353,2.052072009797618,1.761721863124555,0.011820818900385782,0.2596211827228565,0.07685440380919162,0.0806741483560276,0.0003515053103893776
21,trf_6_6273a_t2,-89.03396009652599,-35.790103272953885,4.1955801708258464,3.8463577042732973,1.6452697189039753,0.6485843208064708,0.14252364810255536,0.007251838989652093
21,trf_6_731a_t2,6.32832534935079,1.9543755929141677,1.765266016960537,0.010885140541577834,0.25097562981901156,0.07312854773965416,0.08074986001654039,0.00032477368093090236
21,trf_6_732a_t2,25.803802022305458,9.756526547106665,3.102719899079643,0.09844327478048859,0.988795407445398,0.3646814547221009,0.14158712010301988,0.0025933639866494856
21,trf_6_730a_t2,7.016658187874973,2.2453408848290293,1.7721123033207684,0.015108715776908314,0.31722220977058146,0.101424964474218,0.08118869398072648,0.0007104739239732344
21,trf_6_729a_t2,31.239869901608174,12.718653063865373,1.914445397112196,0.32267911659181164,1.1811677949194888,0.47495013820463505,0.08422815529052863,0.008050965316801717
21,trf_16_299a_t2,44.37634977487918,17.398735508538092,4.306237608826705,0.23001909753162092,1.6899609149047023,0.6502805913616498,0.19355633668466155,0.005819023641831816
21,trf_11_130a_t2,11.708961073790151,4.3094657937595775,1.853016760893827,0.04706894308647065,0.45231281814522895,0.1612489497556604,0.08418848174213855,0.0012177469853474482
21,trf_6_1151a_t2,19.687116412078737,7.128405827936057,3.1206891331740643,0.07529775622110857,0.7600502418002009,0.26617372359613256,0.14203682320925148,0.0019613532586631593
21,trf_16_538a_t2,14.814911220961902,5.053455858080059,3.1701800965836178,0.07435986185008572,0.5787593269778775,0.18867576706039202,0.14406499724457378,0.0019199949963093071
21,trf_6_723a_t2,18.19330455894274,7.063326549317507,1.7865411349546783,0.0993926415692706,0.6941262168769491,0.26416847126907594,0.08122109825852752,0.002567524302052024
21,trf_6_722a_t2,5.607802597435596,1.6454364971126907,1.7614335731673845,0.008446482938079557,0.22422528893594507,0.06163621409027442,0.08067230169562323,0.0002595703925410142
21,trf_6_737a_t2,17.158304264878886,6.610896396314821,1.8242085099825116,0.10281446398365547,0.6547816304281113,0.24693685267367815,0.08211590182689155,0.0026028643050186456
21,trf_6_728a_t2,31.61202582653265,12.246594500535465,3.129419374692784,0.1553260679985199,1.2062006551982591,0.45815243265688466,0.14222447167731467,0.003981192877956868
21,trf_6_3819a_t2,41.26708594240589,16.775381393453277,3.3283177089113902,0.27220694944130613,1.567803157806864,0.6268858383886453,0.1502502184132668,0.006869589761820227
21,trf_6_124a_t2,13.324494710868539,4.5621611149706345,4.678533701678505,0.43385811148509656,2.0174334142760983,0.8018353096365303,0.19952298787890133,0.008494666735622991
21,trf_16_6318a_t2,37.141427899292246,14.329152655443046,4.245145588981155,0.15819029133202997,1.4211207557883299,0.5357917187654984,0.19286077362317133,0.004090872709785642
21,trf_6_2090a_t2,21.015821713196726,8.290032290952604,1.7974571568371809,0.133564802349359,0.7993175610805672,0.3097530446954613,0.0814526293079667,0.003416077575977089
21,trf_16_2658a_t2,6.122660470713919,1.869091195513482,1.8158957846151222,0.009880986789915504,0.24361996321232215,0.06994345093518861,0.08294916591520951,0.00029930392391192863
21,trf_6_1177a_t2,52.916837864789926,20.192544849546948,6.043764464484273,0.17517203882605545,2.5640137464381567,0.9882958550066689,0.2754017496636525,0.008238684885263498
21,trf_16_3364a_t2,9.884057636754411,3.503930690238017,1.8168171547719894,0.027213605533801373,0.383887415089907,0.13103328707900674,0.08287262173868193,0.0007516637477982986
21,trf_6_3509a_t2,27.905300950754732,12.079862325408689,0.8875138328784025,0.7375042910383766,1.0480888340904428,0.44692562780002554,0.035556866498742234,0.01804190280592155
21,trf_11_3987a_t2,11.690399400319208,4.850656021957009,0.7159595063565799,0.12230283554250987,0.4424290680628289,0.18102679232170615,0.03202987774378163,0.003069621906080469
21,trf_16_3997a_t2,17.525619013804036,6.229855923492872,3.1887175887588888,0.06739994462593635,0.6803103486743964,0.23289551915001194,0.14511860487345674,0.0017662468057062924
21,trf_6_3817a_t2,3.4322245320185756,1.1903348421246334,0.6680347422599524,0.009975225051091134,0.13351500293010687,0.0444452300633984,0.03045368187436348,0.0002783312621109039
21,trf_16_1142a_t2,34.747423712627146,13.163228895009892,4.10276046556872,0.11952581688035338,1.3264517843600387,0.48925332215471684,0.1861945653833903,0.0031409086443536793
21,trf_6_724a_t2,16.655495390355565,5.809635310636394,3.08973301741113,0.03984501539660569,0.6477434511347759,0.2175374120198761,0.14132893736506524,0.0011059622871383845
21,trf_6_5085a_t2,29.732533809311807,11.471475166664888,3.1707120506719506,0.1990459151434478,1.1351947327438303,0.42824941316936105,0.1432002175442153,0.005030040696929888
21,trf_6_5595a_t2,-34.86117256869104,-15.50099566417259,3.5232663408845784,0.6460866811260823,0.7860886178005373,0.28133495720751434,0.1493334613422448,0.0020556503084842026
21,trf_6_5711a_t2,14.693345869300938,4.967505186802965,3.0876280447904825,0.030655730678219376,0.5745122016038948,0.18603794405498064,0.14128632019997456,0.0008679320336777326
21,trf_6_5712a_t2,2.0816347859772346,-0.2476467598141237,3.169983661394096,0.23103580994856168,1.2957174407362784,0.4970567705368129,0.14199202289954282,0.004484553198836672
21,trf_6_5659a_t2,8.397173269923062,2.2717019596740573,3.085424500984365,0.009451359862040066,0.33936134591027667,0.08505087921911425,0.14120407696911608,0.00030492800106375444
21,trf_6_6158a_t2,68.60389170776033,28.40569876568,4.418719666139147,0.4608923441664401,2.597176980618457,1.0613284244026744,0.19911480511754753,0.011608656498825365
21,trf_6_6197a_t2,100.31392572644371,40.61443624269903,6.079635659851852,0.6194797370935334,3.7957630235709843,1.518119158926389,0.2752894209678498,0.01555229533685143
21,trf_6_6153a_t2,89.28007177857288,37.54885199984066,3.968847796671234,1.5635806883095236,4.365970566748516,1.8373588077135423,0.17483653270697186,0.058873062642507135
21,trf_6_1504a_t2,11.696056475736142,3.6989599959293535,3.1302230698393463,0.04234033034902919,0.46218649193575345,0.13810356696866544,0.14263194526542478,0.0011241109120641163
21,trf_6_6249a_t2,-52.16415516062619,-21.748326925354238,3.990493290766255,1.9934134069423388,1.7440429616695425,0.6941811867176177,0.14547700309677447,0.008125468635949096
21,trf_16_6312a_t2,10.691593454045062,3.2619323340382964,3.1616061358770624,0.03398888079786899,0.4250563738674398,0.12189544091226523,0.14406597637152174,0.0009115010077492477
21,trf_6_727a_t2,40.31051847268935,16.019199864635155,3.167751142750097,0.25803144309196224,1.530629372357879,0.5986126315943459,0.14310042139857915,0.00654773266076053
22,busa4-_202312598_segmmt_24122,14801.090415602086,-25620.70541596254,3350.368960774072,-1236.0917925712206,481.430189446648,-1192.894599601419,144.3157803212389,-57.180467493308015
22,trf_16_1585a_t2,4.850045094698119,1.2787303831687893,1.8945084186554286,0.004112333145182883,0.17826065042647965,0.041417167282337575,0.0827727057404466,7.277826953345969e-05
22,trf_16_1143a_t2,-2.5608604090101634,-1.2875331885932453,4.1165793085331055,1.638887725550844,2.5124281379041298,1.022577057541549,0.14872245297854736,0.02016006778380408
22,trf_6_4910a_t2,279.8063199452835,127.77168697644937,7.096234866424786,11.53364756906988,9.129422217349543,4.077693675637775,0.217865364658536,0.2211019237357803
22,trf_6_1541a_t2,-32.82956361949664,-13.456277749936042,2.7322640903729494,1.4159238613442422,0.757128246937711,0.2968907313258953,0.08637631368106113,0.003207419007565271
22,trf_6_1350a_t2,-47.742640963796724,-21.538279310777728,4.654001081509999,0.7609999746015124,0.8010447426365346,0.2637036354613116,0.18678723159971256,0.0011383495457230053
22,trf_6_808a_t2,18.704737748780733,7.2542756903288454,1.8644536996463448,0.09994749976972246,0.6256522547637822,0.23464988659705455,0.08101011449697437,0.0020783596897390594
22,trf_6_810a_t2,30.56477558553674,11.724639294947522,3.288892599281293,0.14415019633892232,1.0246719998410612,0.3796521933904966,0.14228739884048824,0.0029905477734048225
22,trf_16_3130a_t2,43.951412319498225,17.670618949041998,3.5081950636460397,0.3630610256996169,1.458308435110368,0.5716747105325375,0.14814521196254216,0.007243801673512629
22,trf_6_1048a_t2,6.797046853283845,2.1208408148666735,1.842384807776221,0.012123331161663285,0.2408082405364924,0.06876880506905536,0.08066294465166601,0.0003025122612775027
22,trf_6_6273a_t2,-87.54659997450582,-35.209985434572566,4.337797428671285,3.852269181296067,1.4873601220201635,0.5801178383813195,0.14221725784543882,0.005911477022769951
22,trf_6_731a_t2,6.561406101695628,2.0198124099971135,1.8460048226154173,0.011164849879459277,0.23308075234483816,0.0654368170829458,0.08073880565488034,0.0002797093378814428
22,trf_6_732a_t2,26.703562211333786,10.08277727867116,3.244220395918494,0.10058650479082229,0.8997601890283278,0.32625073156449425,0.1415004968388507,0.002143230010333702
22,trf_6_730a_t2,7.319206494655976,2.3404597849731057,1.853264751992816,0.015759409172916978,0.3025483067810031,0.09511890014407642,0.08115244867204763,0.0006506933960086642
22,trf_6_729a_t2,32.30554425241643,13.143455896920774,1.9979386593275545,0.3292086384720822,1.0656743508082585,0.42480283305540034,0.08349326221535858,0.006529521880270561
22,trf_16_299a_t2,45.90900559348223,17.98070923997329,4.49915494246219,0.2347566917369101,1.5326558186030468,0.5819737314351983,0.19291733363548502,0.004737594205289186
22,trf_11_130a_t2,12.122670398653582,4.453801954328249,1.9371392730527577,0.04806571987396253,0.41370932486343115,0.14433616056867127,0.08412251215893063,0.000996776787491875
22,trf_6_1151a_t2,20.38218267541673,7.366542838429626,3.2625976047401957,0.07691113326912316,0.695066263337992,0.23813701049356872,0.1419084715661314,0.0016133770480145915
22,trf_16_538a_t2,15.348016731122462,5.222300816695042,3.3141121567119436,0.07593866133548711,0.53310551016056,0.16884495861498294,0.14393206012832582,0.0015787994854013915
22,trf_6_723a_t2,18.82299319801651,7.2996328401024675,1.8676287157642262,0.10149977697036368,0.6296886390737697,0.23630629078496046,0.08108758080954792,0.0021071354010930715
22,trf_6_722a_t2,5.816933364129105,1.7005900505472973,1.842095748695354,0.008672238288007771,0.2091307666935096,0.055153553434606595,0.0806621755279695,0.00022575534992821424
22,trf_6_737a_t2,17.752807448293225,6.8318238143480325,1.9060472832099977,0.10493212207485765,0.5945031834143393,0.22092741803321125,0.08183877322748612,0.002117658091202179
22,trf_6_728a_t2,32.706347725418446,12.65644511406859,3.271398501480879,0.15858207461060783,1.094321898885795,0.40985061353312524,0.1419791267880952,0.0032560066120879416
22,trf_6_3819a_t2,42.68633522115554,17.33643767250274,3.4782674668898745,0.2777968590041302,1.4192492787496462,0.5610562790494633,0.1499497579784843,0.005589909562824069
22,trf_6_124a_t2,15.151193494578598,5.2798823973567535,4.877341283160527,0.4407423367697769,1.826698783710059,0.717721282386119,0.19880758148202204,0.0068842252846803564
22,trf_16_6318a_t2,38.43367159451324,14.808659582174165,4.437826181434716,0.16155041548325802,1.2922436952209964,0.47950692673111917,0.19268059245356106,0.00336012415122805
22,trf_6_2090a_t2,21.739678517413125,8.567102794002842,1.8787335348035699,0.1363591445258352,0.7238568042163998,0.27707050305023806,0.08127637796638898,0.0027943421764762
22,trf_16_2658a_t2,6.34944153036494,1.9316993439648205,1.8988627333740018,0.010140142320191718,0.2267810596510209,0.06260814845133855,0.08296694875887956,0.00025915553027621406
22,trf_6_1177a_t2,55.33062410098174,21.115928873021694,6.318937469790831,0.18262618541786863,2.413786236191811,0.9233840234747461,0.2751730053065584,0.007454146591813177
22,trf_16_3364a_t2,10.236371957210777,3.6212076059996825,1.8996843810104975,0.027844518776042656,0.35231432045636524,0.11727691576166555,0.08286722623850817,0.0006309132422412829
22,trf_6_3509a_t2,28.846989026527865,12.479131144491836,0.9219963026220681,0.7520427215381079,0.9416880757731327,0.39926881908314726,0.034482469743665645,0.014538430499731358
22,trf_11_3987a_t2,12.08977736979911,5.012591008984855,0.7478496438873592,0.124797622388842,0.399377969479902,0.1619349870278457,0.031890137530779294,0.002494786846332128
22,trf_16_3997a_t2,18.14977532720875,6.438299850123474,3.3337522021870893,0.06885735126113171,0.6241563134047148,0.20844392663060152,0.14503461342820057,0.001457406635195363
22,trf_6_3817a_t2,3.5549262746112182,1.2301113382142557,0.6984862511928703,0.01020972898858481,0.12270174259264266,0.039776496089622304,0.030451508932917926,0.00023450393749367693
22,trf_16_1142a_t2,35.95407319568257,13.60096862749459,4.288843280530968,0.12212098405439728,1.206649483055422,0.43773973248469744,0.18608281496224777,0.0025951671740438997
22,trf_6_724a_t2,17.249994994226878,6.004274999760568,3.2310098180915987,0.04077514957055617,0.5944996038713128,0.19463968912417418,0.14127680068046855,0.0009301341739504781
22,trf_6_5085a_t2,30.76338947866035,11.85457086121235,3.31352228990149,0.20314421223079535,1.0308556693485436,0.3830956945474622,0.14281023922953917,0.004098297087347547
22,trf_6_5595a_t2,-34.141790767098996,-15.249169092138171,3.672576762037429,0.6477864728047553,0.7193818015920428,0.25182657203441927,0.14931042115285065,0.0016997916786730682
22,trf_6_5711a_t2,15.222306552574468,5.1339661028650445,3.2288717833155998,0.031390542480811995,0.5289606832735299,0.16646091606207936,0.1412437385251173,0.0007348118025926192
22,trf_6_5712a_t2,3.2560786449066392,0.19698317642455498,3.311773557009036,0.23471115104496623,1.1744438589294046,0.4446299362386787,0.1417898956149397,0.0036753410964045496
22,trf_6_5659a_t2,8.715703910742313,2.3478139702429806,3.2266193786381425,0.009721127021118834,0.318530640819251,0.07611201056892325,0.1411948776537777,0.00026976715907876814
22,trf_6_6158a_t2,70.94974964795615,29.355539587514464,4.617361317735844,0.4703402227754507,2.3458579401958275,0.9498408218344636,0.1986416515966969,0.009447878609010585
22,trf_6_6197a_t2,103.73967616151587,41.97228717956681,6.3542353782453205,0.632123479504092,3.4257504350721604,1.3578509368677842,0.27459971839346853,0.012643742410558545
22,trf_6_6153a_t2,93.41168661063121,39.282669525168735,4.140355168836284,1.6157986175261991,4.131614832058332,1.733817525328078,0.17150737216504996,0.05221792921667556
22,trf_6_1504a_t2,12.124681085740626,3.822540905638131,3.2728013857393896,0.043274478646958825,0.4286246100044835,0.12358090970877766,0.14257831590004333,0.000934148297929635
22,trf_6_6249a_t2,-50.58805306952025,-21.12726743395367,4.135453713027569,2.000032213794778,1.5761020911059376,0.6210594914005689,0.14496042226131367,0.006618806852439096
22,trf_16_6312a_t2,11.087157562178652,3.371033895448809,3.3056243405533516,0.03474895737853246,0.39556410813358944,0.10910156141051264,0.14401820467628923,0.0007600765806634671
22,trf_6_727a_t2,41.6952441978861,16.554661447215476,3.3104395980799857,0.26337377408806134,1.3847257251967449,0.5354615825803215,0.1426884553298886,0.005342330996099098
23,busa4-_202312598_segmmt_24122,15268.81560570679,-26820.641319986957,3494.9722758859507,-1293.255043685095,467.72519010470387,-1199.9359040244162,144.6033151118786,-57.16325111387437
23,trf_16_1585a_t2,5.022766825664471,1.3177286701651756,1.9773355545620983,0.004173800207687295,0.17272173096635157,0.0389982869963863,0.08282713590666968,6.146706250441218e-05
23,trf_16_1143a_t2,-0.18780399770371625,-0.3254814094173434,4.26433287585482,1.6568327691934055,2.373056411306447,0.9620517791759019,0.14775356732171474,0.017945043642561442
23,trf_6_4910a_t2,288.4141208486842,131.60697120769035,7.306240552233915,11.729881835863583,8.607800903400687,3.8352842312409763,0.21000568580912926,0.19623426679370404
23,trf_6_1541a_t2,-32.11165179584169,-13.176696267277972,2.818557912940515,1.4187928766599611,0.7179118236549513,0.27958148265807026,0.08629382256756557,0.0028690153157189258
23,trf_6_1350a_t2,-46.97754107334248,-21.289992669935405,4.840858512510093,0.762037751931847,0.7650998904542448,0.24828664084232344,0.1868574310000941,0.0010377773303346105
23,trf_6_808a_t2,19.298482877687274,7.47517403901753,1.9454605802566738,0.10181582138996402,0.5937451289065407,0.2208983486886842,0.08100688061032901,0.0018683216202415587
23,trf_6_810a_t2,31.5377167993109,12.082072884106099,3.431118699148052,0.14683744006946042,0.9729412137741598,0.3574335891585765,0.14222609986675883,0.002687243730538108
23,trf_16_3130a_t2,45.33288669533545,18.208873197504,3.6559939968175965,0.3695313993005025,1.3814743758372288,0.5382542484620032,0.1477989331715568,0.006470373600885593
23,trf_6_1048a_t2,7.0285044904394995,2.185590446236548,1.9230893626017709,0.012402785378673249,0.23145763715565426,0.06474963136987455,0.08070455482554983,0.000279454217009964
23,trf_6_6273a_t2,-86.13806856210078,-34.66389775877721,4.479954058414582,3.8575602900987396,1.4085314124050399,0.5460876757953557,0.14215662974329657,0.005291108802672362
23,trf_6_731a_t2,6.785587154476629,2.0814225835762414,1.926781345905695,0.011423326701893083,0.22418105278100153,0.0616101735791279,0.08077652329027774,0.0002584768224338056
23,trf_6_732a_t2,27.558900966844003,10.389913347566246,3.385756533881784,0.10252048438160387,0.8553387555102177,0.3071360688950868,0.14153613796329,0.0019339795907815788
23,trf_6_730a_t2,7.612755216873106,2.4317189500679564,1.934431836259554,0.016368385258994575,0.29354872221713,0.09125916509485066,0.08116708426673802,0.0006089760860775971
23,trf_6_729a_t2,33.313538764579796,13.543327703560625,2.0811389797076045,0.3350350913487266,1.0079945121633642,0.399871806639851,0.08320032038004999,0.005826452876644406
23,trf_16_299a_t2,47.36310821671878,18.52867219980855,4.691876640812811,0.2389933522828836,1.454102623236551,0.5479629598352602,0.19272169835062147,0.004236660545973492
23,trf_11_130a_t2,12.51713794924385,4.589725632024205,2.021281814945642,0.048959730768480536,0.3944675505902673,0.13592367769595626,0.0841425418928845,0.0008940108945180089
23,trf_6_1151a_t2,21.044813994610198,7.590714865651668,3.4045108144903278,0.0783627986703387,0.6626313191934692,0.22417202722204177,0.1419132097501321,0.0014516654012155378
23,trf_16_538a_t2,15.858358201284869,5.381269507947211,3.4580517326989293,0.0773593928666847,0.5103414701624072,0.15896869125216906,0.1439395759869857,0.0014207315311975804
23,trf_6_723a_t2,19.42053777016722,7.522094179407623,1.948702329677859,0.10339334879281789,0.59754457215071,0.22246133930515555,0.08107361391363277,0.0018935718224542125
23,trf_6_722a_t2,6.018571280985539,1.7525212009969542,1.9228001010019145,0.008882022340333327,0.20163791685643417,0.051931150449656904,0.08070435230656048,0.0002097840523255564
23,trf_6_737a_t2,18.317206733997438,7.039799688986147,1.9877969851084154,0.10682482793678834,0.5643992857042122,0.20797587463811418,0.08174970189841768,0.001892705861930688
23,trf_6_728a_t2,33.744860494167256,13.042291471748527,3.413347439176936,0.1615017615647175,1.0385127687488094,0.38584635767993625,0.141948937696057,0.002919686954109657
23,trf_6_3819a_t2,44.031427855007166,17.864757656540437,3.628169895252876,0.2827944896468273,1.3450926338516282,0.5283199840376973,0.1499024283630015,0.004997630642697093
23,trf_6_124a_t2,16.88268546380509,5.9557670014587565,5.075939089525708,0.44688161604556303,1.7314919692264912,0.675884604102003,0.19859780636518032,0.006139279275786114
23,trf_16_6318a_t2,39.66162871307303,15.260177581138276,4.630538240734502,0.16457164028803276,1.227957118559786,0.4515179989641105,0.19271205929978574,0.003021224804774736
23,trf_6_2090a_t2,22.42587357220511,8.8279278142621,1.9599746335600094,0.1388653944179165,0.686195054791984,0.2608250202592579,0.08124109875643959,0.0025062498920813137
23,trf_16_2658a_t2,6.567857829959453,1.9906593954689848,1.9818871596911194,0.010380362188530839,0.21841629959451314,0.05896005150416439,0.0830244263171176,0.00024021986833912094
23,trf_6_1177a_t2,57.66953669730312,22.007097557717884,6.594115644827079,0.18970755434347633,2.3389125963213857,0.8911686846961899,0.2751781750362481,0.007081368925607706
23,trf_16_3364a_t2,10.57295471874391,3.7316412878578413,1.982596581574442,0.028418994558047125,0.3365827615331334,0.11043368185815883,0.08291220056394444,0.0005744757820044695
23,trf_6_3509a_t2,29.735407992214242,12.854687365746068,0.9559980841276655,0.7649657192006855,0.8884189656863768,0.37555622125423227,0.034001781505597406,0.01292299766257754
23,trf_11_3987a_t2,12.467655385339958,5.165036470865962,0.7796943457853558,0.12702665360298293,0.37787801554084766,0.15244546188110686,0.0318447018979966,0.0022290312141409335
23,trf_16_3997a_t2,18.745942400036437,6.634577069492126,3.47882800030196,0.07017130553625794,0.5961670728276864,0.1962772193686524,0.14507579811487048,0.0013139542751262334
23,trf_6_3817a_t2,3.672231050016131,1.267560384060835,0.7289498962392188,0.010423718516445593,0.11730477540491258,0.037449045846579265,0.030463645046348464,0.00021398952786078236
23,trf_16_1142a_t2,37.10067529697558,14.012916359110694,4.474899035789672,0.12446225881560657,1.1466021012930128,0.4119477316161042,0.1860557552587041,0.0023412747612092943
23,trf_6_724a_t2,17.81797976752566,6.1875331097749555,3.372344612086347,0.04162310285688324,0.5679847732987824,0.1832581100143873,0.14133479399474824,0.0008479532863270717
23,trf_6_5085a_t2,31.742146258469305,12.215194335500888,3.4562228865722027,0.2068113205634473,0.978756779808954,0.3606234742885377,0.1427005966707129,0.003667108332651964
23,trf_6_5595a_t2,-33.45565675972338,-15.012019839394927,3.821966827168251,0.6493209522221176,0.6861340073756139,0.23714925274324372,0.14939006513082198,0.0015344794173622889
23,trf_6_5711a_t2,15.728595750636957,5.290695991122498,3.3701780704141804,0.03206300824851733,0.5062891980624897,0.1567298882574537,0.14130628709858062,0.0006724657677053339
23,trf_6_5712a_t2,4.370020344388278,0.6155619062843323,3.453553459077596,0.23801133101114125,1.113941699481639,0.4185787298597773,0.14177990206855995,0.0033001799661750153
23,trf_6_5659a_t2,9.023906241542731,2.419480569904284,3.3678888193322902,0.009974224204408872,0.3082023308004178,0.07166659966130329,0.1412694406941477,0.0002530971832900384
23,trf_6_6158a_t2,73.17011922669727,30.249940863790332,4.815905889852587,0.4787888756564752,2.2203695787411135,0.8944012762758682,0.19854457211674337,0.008448652881024532
23,trf_6_6197a_t2,106.9807313810337,43.25051034199218,6.6286785144065075,0.6434225972598517,3.2410552195178326,1.2782231624253697,0.274443136161187,0.011299117755759758
23,trf_6_6153a_t2,97.40587009118939,40.95629166150045,4.309864443948129,1.664278931463953,3.9941834805581777,1.6736221363317156,0.169509275111845,0.04848031393775387
23,trf_6_1504a_t2,12.536576011808323,3.938883669472807,3.4154159261340773,0.044120414298402896,0.4118949260676974,0.1163427638346759,0.14261454039468768,0.0008459356514440713
23,trf_6_6249a_t2,-49.095887133591674,-20.54262610717722,4.280243976372533,2.00595376101482,1.4921659359285755,0.584641326776449,0.14479026334496403,0.005921547220042012
23,trf_16_6312a_t2,11.468045574705405,3.4737643846574247,3.449691920955103,0.03543866140388995,0.3808880125267535,0.1027304892086156,0.14406758040175127,0.0006897040253574932
23,trf_6_727a_t2,43.007136939784765,17.058727384670615,3.4530173940630964,0.26815809637197585,1.3118927418986672,0.5040659374551382,0.1425777959831107,0.0047843222839145105
