hour,node,bus,phase,voltagePu,baseKvLN,voltageLevel,violationPu,hasViolation
0,60651.1,60651,1,0.9954978580614925,13.336791218280357,MV,0.0,0
0,60721.1,60721,1,0.9954663573388923,13.336791218280357,MV,0.0,0
0,164151.1,164151,1,0.9957621721416638,13.336791218280357,MV,0.0,0
0,302191.1,302191,1,0.9924452600603081,13.336791218280357,MV,0.0,0
0,320841.1,320841,1,0.9941887933966671,13.336791218280357,MV,0.0,0
0,337711.1,337711,1,0.9924731955551,13.336791218280357,MV,0.0,0
0,358691.1,358691,1,0.9988804925201058,13.336791218280357,MV,0.0,0
0,et6_1177.1,et6_1177,1,0.9951536394941474,0.2193931022920578,LV,0.0,0
0,461501.1,461501,1,0.9955918507142151,13.336791218280357,MV,0.0,0
0,686891.1,686891,1,0.9948232760231887,13.336791218280357,MV,0.0,0
0,703601.1,703601,1,0.9958592582118467,13.336791218280357,MV,0.0,0
0,713791.1,713791,1,0.9946890879699687,13.336791218280357,MV,0.0,0
0,725731.1,725731,1,0.9943650902740143,13.336791218280357,MV,0.0,0
0,809501.1,809501,1,0.994988005930534,13.336791218280357,MV,0.0,0
0,811221.1,811221,1,0.9957794020112358,13.336791218280357,MV,0.0,0
0,815111.1,815111,1,0.9924422671292981,13.336791218280357,MV,0.0,0
0,822371.1,822371,1,0.9944774239305156,13.336791218280357,MV,0.0,0
0,820611.1,820611,1,0.9953201156815085,13.336791218280357,MV,0.0,0
0,822641.1,822641,1,0.9945276379900455,13.336791218280357,MV,0.0,0
0,618431.1,618431,1,0.9954981057845194,13.336791218280357,MV,0.0,0
0,bt10401.1,bt10401,1,0.9856377970251986,0.2193931022920578,LV,0.0,0
0,bt197792.1,bt197792,1,0.9846546489550382,0.2193931022920578,LV,0.0,0
0,bt800551.1,bt800551,1,0.9847984380451995,0.2193931022920578,LV,0.0,0
0,bt295341.1,bt295341,1,0.9834891962250589,0.2193931022920578,LV,0.0,0
0,bt800541.1,bt800541,1,0.9841095559371407,0.2193931022920578,LV,0.0,0
0,bt295361.1,bt295361,1,0.9828996805743431,0.2193931022920578,LV,0.0,0
0,bt474991.1,bt474991,1,0.9824354503398781,0.2193931022920578,LV,0.0,0
0,uc626695.1,uc626695,1,0.9787989720820895,0.2193931022920578,LV,0.0,0
0,uc1627323.1,uc1627323,1,0.9918472092090886,0.2193931022920578,LV,0.0,0
0,uc1627342.1,uc1627342,1,0.9990100006392357,0.2193931022920578,LV,0.0,0
0,uc627343.1,uc627343,1,0.9961416251646403,0.2193931022920578,LV,0.0,0
0,uc627344.1,uc627344,1,0.9970454776561878,0.2193931022920578,LV,0.0,0
0,uc1626672.1,uc1626672,1,0.0,0.1270170592217177,LV,0.95,1
0,uc1626490.1,uc1626490,1,0.9919041341980452,0.2193931022920578,LV,0.0,0
0,uc3422706.1,uc3422706,1,0.9952335340457537,0.2193931022920578,LV,0.0,0
0,uc3425629.1,uc3425629,1,0.9952882828383506,0.2193931022920578,LV,0.0,0
0,uc3422597.1,uc3422597,1,0.9930092531267228,0.2193931022920578,LV,0.0,0
0,uc3405843.1,uc3405843,1,0.9934056970794253,0.2193931022920578,LV,0.0,0
0,uc3405844.1,uc3405844,1,0.9932396306689714,0.2193931022920578,LV,0.0,0
0,uc3405845.1,uc3405845,1,0.9931996516424397,0.2193931022920578,LV,0.0,0
0,uc3405846.1,uc3405846,1,0.9935947190176383,0.2193931022920578,LV,0.0,0
0,uc1626486.1,uc1626486,1,0.9991842858042501,0.2193931022920578,LV,0.0,0
0,uc1626487.1,uc1626487,1,0.9934024369966811,0.2193931022920578,LV,0.0,0
0,uc626481.1,uc626481,1,0.9947767162731098,0.2193931022920578,LV,0.0,0
0,uc626678.1,uc626678,1,0.9917022521134504,0.2193931022920578,LV,0.0,0
0,uc626698.1,uc626698,1,0.9963743856420044,0.2193931022920578,LV,0.0,0
0,uc626476.1,uc626476,1,0.9893693879775639,0.2193931022920578,LV,0.0,0
0,uc1627321.1,uc1627321,1,0.9987505283068164,0.2193931022920578,LV,0.0,0
0,uc1607319.1,uc1607319,1,0.9923602697958317,0.2193931022920578,LV,0.0,0
0,uc1607308.1,uc1607308,1,0.993558477108112,0.2193931022920578,LV,0.0,0
0,uc1624026.1,uc1624026,1,0.0,0.1270170592217177,LV,0.95,1
0,uc1625170.1,uc1625170,1,0.9969051691100105,0.2193931022920578,LV,0.0,0
0,uc1621994.1,uc1621994,1,0.9988464541703765,0.2193931022920578,LV,0.0,0
0,uc1620360.1,uc1620360,1,0.9985232370746541,0.2193931022920578,LV,0.0,0
0,uc1620373.1,uc1620373,1,0.9927032828569754,0.2193931022920578,LV,0.0,0
0,uc1607302.1,uc1607302,1,0.9925364338115255,0.2193931022920578,LV,0.0,0
0,uc1607304.1,uc1607304,1,0.9913949211709505,0.2193931022920578,LV,0.0,0
0,uc1607305.1,uc1607305,1,0.990984393345011,0.2193931022920578,LV,0.0,0
0,uc1607306.1,uc1607306,1,0.9930765823737814,0.2193931022920578,LV,0.0,0
0,uc1607297.1,uc1607297,1,0.9958778481526891,0.2193931022920578,LV,0.0,0
0,uc1607298.1,uc1607298,1,0.9933496862188619,0.2193931022920578,LV,0.0,0
0,uc1607289.1,uc1607289,1,0.996669246480811,0.2193931022920578,LV,0.0,0
0,uc1607290.1,uc1607290,1,0.9967441056784938,0.2193931022920578,LV,0.0,0
0,uc1607291.1,uc1607291,1,0.9959668162689964,0.2193931022920578,LV,0.0,0
0,uc1607280.1,uc1607280,1,0.9914227009510375,0.2193931022920578,LV,0.0,0
0,uc1607283.1,uc1607283,1,0.9886327816475042,0.2193931022920578,LV,0.0,0
0,uc1607285.1,uc1607285,1,0.9902083955636137,0.2193931022920578,LV,0.0,0
0,uc1607287.1,uc1607287,1,0.9925033200531063,0.2193931022920578,LV,0.0,0
0,uc1607288.1,uc1607288,1,0.9934071266836636,0.2193931022920578,LV,0.0,0
0,uc1607279.1,uc1607279,1,0.9923785428719477,0.2193931022920578,LV,0.0,0
0,uc1607357.1,uc1607357,1,0.9960165168704559,0.2193931022920578,LV,0.0,0
0,uc1607358.1,uc1607358,1,0.995492640225017,0.2193931022920578,LV,0.0,0
0,uc1607368.1,uc1607368,1,0.0,0.1270170592217177,LV,0.95,1
0,uc1607277.1,uc1607277,1,0.9967488709548649,0.2193931022920578,LV,0.0,0
0,uc1607278.1,uc1607278,1,1.0010273404673222,0.2193931022920578,LV,0.0,0
0,uc1607272.1,uc1607272,1,0.9925530035762025,0.2193931022920578,LV,0.0,0
0,uc1607273.1,uc1607273,1,1.0009759831324545,0.2193931022920578,LV,0.0,0
0,uc1607353.1,uc1607353,1,0.9959653680740129,0.2193931022920578,LV,0.0,0
0,uc1607347.1,uc1607347,1,0.9918419980587074,0.2193931022920578,LV,0.0,0
0,uc1607349.1,uc1607349,1,0.9960884538933477,0.2193931022920578,LV,0.0,0
0,uc1107342.1,uc1107342,1,0.9904779586387601,0.2193931022920578,LV,0.0,0
0,uc1107340.1,uc1107340,1,0.9887885424727003,0.2193931022920578,LV,0.0,0
0,uc1105833.1,uc1105833,1,0.9942998638948599,0.2193931022920578,LV,0.0,0
0,uc1107330.1,uc1107330,1,0.9882536245318317,0.2193931022920578,LV,0.0,0
0,uc1607265.1,uc1607265,1,0.9896490894763075,0.2193931022920578,LV,0.0,0
0,uc1607268.1,uc1607268,1,0.9986190279140175,0.2193931022920578,LV,0.0,0
0,uc1607252.1,uc1607252,1,0.9934912413842505,0.2193931022920578,LV,0.0,0
0,uc1605991.1,uc1605991,1,0.9948430068016678,0.2193931022920578,LV,0.0,0
0,uc1605996.1,uc1605996,1,0.99288048983912,0.2193931022920578,LV,0.0,0
0,uc1607257.1,uc1607257,1,0.9951173521391076,0.2193931022920578,LV,0.0,0
0,uc1607258.1,uc1607258,1,0.9934988095743739,0.2193931022920578,LV,0.0,0
0,uc1124340.1,uc1124340,1,0.9909428555388553,0.2193931022920578,LV,0.0,0
0,uc605816.1,uc605816,1,0.9889347232712595,0.2193931022920578,LV,0.0,0
0,uc605813.1,uc605813,1,0.9947865580485279,0.2193931022920578,LV,0.0,0
0,uc609684.1,uc609684,1,0.9975046830624887,0.2193931022920578,LV,0.0,0
0,uc609686.1,uc609686,1,0.9978340187548665,0.2193931022920578,LV,0.0,0
0,uc609688.1,uc609688,1,0.9931244202680904,0.2193931022920578,LV,0.0,0
0,uc621168.1,uc621168,1,0.9953808570618063,0.2193931022920578,LV,0.0,0
0,uc621171.1,uc621171,1,0.9927457732482554,0.2193931022920578,LV,0.0,0
0,uc605808.1,uc605808,1,0.9980951374846396,0.2193931022920578,LV,0.0,0
0,uc605809.1,uc605809,1,0.9846180258467765,0.2193931022920578,LV,0.0,0
0,uc605810.1,uc605810,1,0.9965572672523529,0.2193931022920578,LV,0.0,0
0,uc605970.1,uc605970,1,0.99491896156483,0.2193931022920578,LV,0.0,0
0,uc605803.1,uc605803,1,0.9952401296966376,0.2193931022920578,LV,0.0,0
0,uc605804.1,uc605804,1,0.9966573734376084,0.2193931022920578,LV,0.0,0
0,uc605806.1,uc605806,1,0.9941009253934595,0.2193931022920578,LV,0.0,0
0,uc607384.1,uc607384,1,0.9925867093861371,0.2193931022920578,LV,0.0,0
0,uc607387.1,uc607387,1,0.9945300100197236,0.2193931022920578,LV,0.0,0
0,uc609682.1,uc609682,1,0.9905071862774445,0.2193931022920578,LV,0.0,0
0,uc624033.1,uc624033,1,0.9992299199586115,0.2193931022920578,LV,0.0,0
0,uc625156.1,uc625156,1,0.9952653039014756,0.2193931022920578,LV,0.0,0
0,uc625624.1,uc625624,1,0.9904012188508728,0.2193931022920578,LV,0.0,0
0,uc625625.1,uc625625,1,0.9977176538265345,0.2193931022920578,LV,0.0,0
0,uc607366.1,uc607366,1,0.9845881571810834,0.2193931022920578,LV,0.0,0
0,uc607367.1,uc607367,1,0.9964048673701129,0.2193931022920578,LV,0.0,0
0,uc606114.1,uc606114,1,0.9945903539854227,0.2193931022920578,LV,0.0,0
0,uc606117.1,uc606117,1,0.9942734735820666,0.2193931022920578,LV,0.0,0
0,uc606120.1,uc606120,1,0.9939156514926143,0.2193931022920578,LV,0.0,0
0,uc623015.1,uc623015,1,0.9831293252119069,0.2193931022920578,LV,0.0,0
0,uc623432.1,uc623432,1,0.9932981827199913,0.2193931022920578,LV,0.0,0
0,uc624028.1,uc624028,1,0.9942932451366586,0.2193931022920578,LV,0.0,0
0,uc605873.1,uc605873,1,0.9956552212552985,0.2193931022920578,LV,0.0,0
0,uc623007.1,uc623007,1,0.9948625438670343,0.2193931022920578,LV,0.0,0
0,uc606147.1,uc606147,1,0.9948051263295462,0.2193931022920578,LV,0.0,0
0,uc606148.1,uc606148,1,0.999463412353864,0.2193931022920578,LV,0.0,0
0,uc606150.1,uc606150,1,0.9976513927991085,0.2193931022920578,LV,0.0,0
0,uc606109.1,uc606109,1,0.9929956653194509,0.2193931022920578,LV,0.0,0
0,uc606110.1,uc606110,1,0.9924325481232472,0.2193931022920578,LV,0.0,0
0,uc606111.1,uc606111,1,0.9941989507689398,0.2193931022920578,LV,0.0,0
0,uc622777.1,uc622777,1,1.0004822340489317,0.2193931022920578,LV,0.0,0
0,uc623004.1,uc623004,1,0.9893890439511088,0.2193931022920578,LV,0.0,0
0,uc606103.1,uc606103,1,0.9949691012359567,0.2193931022920578,LV,0.0,0
0,uc606139.1,uc606139,1,0.996053203405802,0.2193931022920578,LV,0.0,0
0,uc606141.1,uc606141,1,0.9936038293975237,0.2193931022920578,LV,0.0,0
0,uc606143.1,uc606143,1,0.9965639174404688,0.2193931022920578,LV,0.0,0
0,uc605921.1,uc605921,1,0.9948350562955157,0.2193931022920578,LV,0.0,0
0,uc622713.1,uc622713,1,0.9943838600077326,0.2193931022920578,LV,0.0,0
0,uc622714.1,uc622714,1,0.9945651824086834,0.2193931022920578,LV,0.0,0
0,uc605993.1,uc605993,1,0.995823207439651,0.2193931022920578,LV,0.0,0
0,uc606101.1,uc606101,1,0.9929451385821633,0.2193931022920578,LV,0.0,0
0,uc606102.1,uc606102,1,0.9917290027982966,0.2193931022920578,LV,0.0,0
0,uc622273.1,uc622273,1,0.9956126949891347,0.2193931022920578,LV,0.0,0
0,uc622703.1,uc622703,1,0.9788779445579784,0.2193931022920578,LV,0.0,0
0,uc605989.1,uc605989,1,0.9969920490702902,0.2193931022920578,LV,0.0,0
0,uc606130.1,uc606130,1,0.996819180306419,0.2193931022920578,LV,0.0,0
0,uc606132.1,uc606132,1,0.9926551139864825,0.2193931022920578,LV,0.0,0
0,uc605914.1,uc605914,1,1.002020433089004,0.2193931022920578,LV,0.0,0
0,uc622257.1,uc622257,1,0.9971382857130368,0.2193931022920578,LV,0.0,0
0,uc605909.1,uc605909,1,0.9974447511535701,0.2193931022920578,LV,0.0,0
0,uc605910.1,uc605910,1,0.9939983965636273,0.2193931022920578,LV,0.0,0
0,uc605911.1,uc605911,1,0.9946200099121204,0.2193931022920578,LV,0.0,0
0,uc606128.1,uc606128,1,0.9960749887824929,0.2193931022920578,LV,0.0,0
0,uc605823.1,uc605823,1,0.9896714903479803,0.2193931022920578,LV,0.0,0
0,uc605824.1,uc605824,1,0.9947118065989433,0.2193931022920578,LV,0.0,0
0,uc605904.1,uc605904,1,0.99441910168268,0.2193931022920578,LV,0.0,0
0,uc621999.1,uc621999,1,0.9959566849990557,0.2193931022920578,LV,0.0,0
0,uc639553.1,uc639553,1,0.9929387551397746,0.2193931022920578,LV,0.0,0
0,uc1239552.1,uc1239552,1,0.9930628596769795,0.2193931022920578,LV,0.0,0
0,uc605817.1,uc605817,1,0.9950635371678106,0.2193931022920578,LV,0.0,0
0,uc605819.1,uc605819,1,0.9932397010266119,0.2193931022920578,LV,0.0,0
0,uc605820.1,uc605820,1,0.9931682206532955,0.2193931022920578,LV,0.0,0
0,uc605821.1,uc605821,1,0.9902959466352168,0.2193931022920578,LV,0.0,0
0,uc639280.1,uc639280,1,0.9928969670186758,0.2193931022920578,LV,0.0,0
0,uc605898.1,uc605898,1,0.9947417486524557,0.2193931022920578,LV,0.0,0
0,uc605901.1,uc605901,1,0.997033680029544,0.2193931022920578,LV,0.0,0
0,uc605902.1,uc605902,1,0.9925518045863698,0.2193931022920578,LV,0.0,0
0,uc605985.1,uc605985,1,0.9912113793469827,0.2193931022920578,LV,0.0,0
0,uc606126.1,uc606126,1,0.9940146877334394,0.2193931022920578,LV,0.0,0
0,uc606127.1,uc606127,1,0.9930040015192607,0.2193931022920578,LV,0.0,0
0,uc605896.1,uc605896,1,0.9862024556152243,0.2193931022920578,LV,0.0,0
0,uc606121.1,uc606121,1,0.9925440965221368,0.2193931022920578,LV,0.0,0
0,uc606122.1,uc606122,1,0.9903269168545772,0.2193931022920578,LV,0.0,0
0,uc606123.1,uc606123,1,0.9927635314873827,0.2193931022920578,LV,0.0,0
0,uc606124.1,uc606124,1,0.9971265768402041,0.2193931022920578,LV,0.0,0
0,uc605825.1,uc605825,1,0.9923735220131438,0.2193931022920578,LV,0.0,0
0,uc623427.1,uc623427,1,0.9927635444353501,0.2193931022920578,LV,0.0,0
0,uc609687.1,uc609687,1,0.9981720978047128,0.2193931022920578,LV,0.0,0
0,uc639277.1,uc639277,1,0.9904012188571752,0.2193931022920578,LV,0.0,0
0,uc1139390.1,uc1139390,1,0.9930263678987542,0.2193931022920578,LV,0.0,0
0,uc605863.1,uc605863,1,0.990069819439122,0.2193931022920578,LV,0.0,0
0,uc605865.1,uc605865,1,0.9903195343375477,0.2193931022920578,LV,0.0,0
0,uc1138614.1,uc1138614,1,0.992586552509648,0.2193931022920578,LV,0.0,0
0,uc605855.1,uc605855,1,0.9917680869368246,0.2193931022920578,LV,0.0,0
0,uc605828.1,uc605828,1,0.9897813666105527,0.2193931022920578,LV,0.0,0
0,uc605829.1,uc605829,1,0.993888797485819,0.2193931022920578,LV,0.0,0
0,uc605834.1,uc605834,1,0.9873663703357753,0.2193931022920578,LV,0.0,0
0,uc605835.1,uc605835,1,0.9874259672254204,0.2193931022920578,LV,0.0,0
0,uc605827.1,uc605827,1,0.9897296409193204,0.2193931022920578,LV,0.0,0
0,uc627337.1,uc627337,1,0.9941772322492812,0.2193931022920578,LV,0.0,0
0,uc637912.1,uc637912,1,0.9939559543401185,0.2193931022920578,LV,0.0,0
0,uc637576.1,uc637576,1,0.992673204797221,0.2193931022920578,LV,0.0,0
0,uc637356.1,uc637356,1,0.9955317606848212,0.2193931022920578,LV,0.0,0
0,uc637918.1,uc637918,1,0.9923237064654167,0.2193931022920578,LV,0.0,0
0,uc637360.1,uc637360,1,0.9927271615986248,0.2193931022920578,LV,0.0,0
0,uc637399.1,uc637399,1,0.9839791600859183,0.2193931022920578,LV,0.0,0
0,uc637397.1,uc637397,1,0.9899373139110272,0.2193931022920578,LV,0.0,0
0,uc1137150.1,uc1137150,1,0.9938534564069498,0.2193931022920578,LV,0.0,0
0,uc1636598.1,uc1636598,1,0.0,0.1270170592217177,LV,0.95,1
0,uc636933.1,uc636933,1,0.9958525275603572,0.2193931022920578,LV,0.0,0
0,uc635963.1,uc635963,1,0.9939998948537544,0.2193931022920578,LV,0.0,0
0,uc635543.1,uc635543,1,0.9930026738098688,0.2193931022920578,LV,0.0,0
0,uc635966.1,uc635966,1,0.9929957150115867,0.2193931022920578,LV,0.0,0
0,uc635550.1,uc635550,1,0.9945377974090568,0.2193931022920578,LV,0.0,0
0,uc635862.1,uc635862,1,0.9917586743556414,0.2193931022920578,LV,0.0,0
0,uc1635694.1,uc1635694,1,1.0016962422847138,0.2193931022920578,LV,0.0,0
0,uc3435739.1,uc3435739,1,0.9922602231785679,0.2193931022920578,LV,0.0,0
0,uc1635060.1,uc1635060,1,0.9970608842817981,0.2193931022920578,LV,0.0,0
0,uc1607271.1,uc1607271,1,0.9980958282977852,0.2193931022920578,LV,0.0,0
0,uc605884.1,uc605884,1,0.9953960716087862,0.2193931022920578,LV,0.0,0
0,uc1609690.1,uc1609690,1,0.9993421018804506,0.2193931022920578,LV,0.0,0
0,uc1134165.1,uc1134165,1,0.9888859611480543,0.2193931022920578,LV,0.0,0
0,uc634166.1,uc634166,1,0.9967295476004321,0.2193931022920578,LV,0.0,0
0,uc1633896.1,uc1633896,1,0.9980104478724464,0.2193931022920578,LV,0.0,0
0,uc3433894.1,uc3433894,1,0.9939450837819773,0.2193931022920578,LV,0.0,0
0,uc1633892.1,uc1633892,1,0.9990652078125334,0.2193931022920578,LV,0.0,0
0,uc633672.1,uc633672,1,0.9981995541584242,0.2193931022920578,LV,0.0,0
0,uc1633671.1,uc1633671,1,0.9919182742395853,0.2193931022920578,LV,0.0,0
0,uc1632306.1,uc1632306,1,0.9978858000424319,0.2193931022920578,LV,0.0,0
0,uc632607.1,uc632607,1,0.9767494521777399,0.2193931022920578,LV,0.0,0
0,uc632613.1,uc632613,1,0.9936041771539035,0.2193931022920578,LV,0.0,0
0,uc3432407.1,uc3432407,1,0.9929844882344444,0.2193931022920578,LV,0.0,0
0,uc1632402.1,uc1632402,1,0.990303175788536,0.2193931022920578,LV,0.0,0
0,uc1132019.1,uc1132019,1,0.9925877122484108,0.2193931022920578,LV,0.0,0
0,uc632016.1,uc632016,1,0.9963812349515666,0.2193931022920578,LV,0.0,0
0,uc1132015.1,uc1132015,1,0.9903887509194137,0.2193931022920578,LV,0.0,0
0,uc1132012.1,uc1132012,1,0.9953494031001716,0.2193931022920578,LV,0.0,0
0,uc631859.1,uc631859,1,0.9962888130432797,0.2193931022920578,LV,0.0,0
0,uc1631852.1,uc1631852,1,0.9957510545565484,0.2193931022920578,LV,0.0,0
0,uc1130761.1,uc1130761,1,0.9873778297920353,0.2193931022920578,LV,0.0,0
0,uc1630759.1,uc1630759,1,0.9895340052715134,0.2193931022920578,LV,0.0,0
0,uc630758.1,uc630758,1,0.9931643255100501,0.2193931022920578,LV,0.0,0
0,uc629428.1,uc629428,1,0.9962447365305956,0.2193931022920578,LV,0.0,0
0,uc1629639.1,uc1629639,1,0.9997636036503312,0.2193931022920578,LV,0.0,0
0,uc1229546.1,uc1229546,1,0.992763493359911,0.2193931022920578,LV,0.0,0
0,uc628768.1,uc628768,1,0.9946186285996826,0.2193931022920578,LV,0.0,0
0,uc628757.1,uc628757,1,0.9989151429871364,0.2193931022920578,LV,0.0,0
0,uc628766.1,uc628766,1,0.9968282498890333,0.2193931022920578,LV,0.0,0
0,uc628753.1,uc628753,1,0.9999533533960318,0.2193931022920578,LV,0.0,0
0,uc627346.1,uc627346,1,0.9969492028380701,0.2193931022920578,LV,0.0,0
0,uc1628760.1,uc1628760,1,0.999836680076082,0.2193931022920578,LV,0.0,0
0,uc1629422.1,uc1629422,1,0.9935526584629633,0.2193931022920578,LV,0.0,0
0,uc626699.1,uc626699,1,0.997780977439588,0.2193931022920578,LV,0.0,0
0,60651.2,60651,2,0.9961508301439228,13.336791218280357,MV,0.0,0
0,60721.2,60721,2,0.9961193235615561,13.336791218280357,MV,0.0,0
0,164151.2,164151,2,0.9964152052132398,13.336791218280357,MV,0.0,0
0,302191.2,302191,2,0.9936344406970807,13.336791218280357,MV,0.0,0
0,320841.2,320841,2,0.9949734742962497,13.336791218280357,MV,0.0,0
0,337711.2,337711,2,0.9936623893573482,13.336791218280357,MV,0.0,0
0,358691.2,358691,2,0.9991659212566476,13.336791218280357,MV,0.0,0
0,et6_1177.2,et6_1177,2,0.994953859564363,0.2193931022920578,LV,0.0,0
0,461501.2,461501,2,0.9963369744086311,13.336791218280357,MV,0.0,0
0,686891.2,686891,2,0.9955842306291918,13.336791218280357,MV,0.0,0
0,703601.2,703601,2,0.9965053674830927,13.336791218280357,MV,0.0,0
0,713791.2,713791,2,0.9954728787296502,13.336791218280357,MV,0.0,0
0,725731.2,725731,2,0.9951498176568411,13.336791218280357,MV,0.0,0
0,809501.2,809501,2,0.9957457600379087,13.336791218280357,MV,0.0,0
0,811221.2,811221,2,0.9964312984448682,13.336791218280357,MV,0.0,0
0,815111.2,815111,2,0.9936314468140992,13.336791218280357,MV,0.0,0
0,822371.2,822371,2,0.9952621869248695,13.336791218280357,MV,0.0,0
0,820611.2,820611,2,0.9960094128176323,13.336791218280357,MV,0.0,0
0,822641.2,822641,2,0.9953209887729203,13.336791218280357,MV,0.0,0
0,618431.2,618431,2,0.9961510779165337,13.336791218280357,MV,0.0,0
0,bt10401.2,bt10401,2,0.9869709468570578,0.2193931022920578,LV,0.0,0
0,bt197792.2,bt197792,2,0.9866309729775503,0.2193931022920578,LV,0.0,0
0,bt800551.2,bt800551,2,0.9866309729994096,0.2193931022920578,LV,0.0,0
0,bt295341.2,bt295341,2,0.9859934523725792,0.2193931022920578,LV,0.0,0
0,bt800541.2,bt800541,2,0.9863069600866357,0.2193931022920578,LV,0.0,0
0,bt295361.2,bt295361,2,0.9854885348582476,0.2193931022920578,LV,0.0,0
0,bt474991.2,bt474991,2,0.9853391894990248,0.2193931022920578,LV,0.0,0
0,uc1627323.2,uc1627323,2,0.9864713992955921,0.2193931022920578,LV,0.0,0
0,uc3405987.2,uc3405987,2,0.98905776997998,0.2193931022920578,LV,0.0,0
0,uc3405846.2,uc3405846,2,0.9910653675758501,0.2193931022920578,LV,0.0,0
0,uc3405847.2,uc3405847,2,0.9896864070077285,0.2193931022920578,LV,0.0,0
0,uc3405838.2,uc3405838,2,0.9881169074691399,0.2193931022920578,LV,0.0,0
0,uc1607326.2,uc1607326,2,0.9880017893032497,0.2193931022920578,LV,0.0,0
0,uc1607316.2,uc1607316,2,0.9855840361476645,0.2193931022920578,LV,0.0,0
0,uc1607308.2,uc1607308,2,0.9921924939553463,0.2193931022920578,LV,0.0,0
0,uc1623434.2,uc1623434,2,0.0,0.1270170592217177,LV,0.95,1
0,uc1620373.2,uc1620373,2,0.9924706780857268,0.2193931022920578,LV,0.0,0
0,uc1607302.2,uc1607302,2,0.9923125740646531,0.2193931022920578,LV,0.0,0
0,uc1607304.2,uc1607304,2,0.9922138288067409,0.2193931022920578,LV,0.0,0
0,uc1607306.2,uc1607306,2,0.991710729336502,0.2193931022920578,LV,0.0,0
0,uc1607299.2,uc1607299,2,0.992681666805016,0.2193931022920578,LV,0.0,0
0,uc1607297.2,uc1607297,2,0.9945767734914308,0.2193931022920578,LV,0.0,0
0,uc1607298.2,uc1607298,2,0.9928367303847564,0.2193931022920578,LV,0.0,0
0,uc1607289.2,uc1607289,2,0.9961210828151085,0.2193931022920578,LV,0.0,0
0,uc1607291.2,uc1607291,2,0.994188264685885,0.2193931022920578,LV,0.0,0
0,uc1607292.2,uc1607292,2,0.9937292137221325,0.2193931022920578,LV,0.0,0
0,uc1607280.2,uc1607280,2,0.9912202845626921,0.2193931022920578,LV,0.0,0
0,uc1607284.2,uc1607284,2,0.9914161372928925,0.2193931022920578,LV,0.0,0
0,uc1607285.2,uc1607285,2,0.9913203431385522,0.2193931022920578,LV,0.0,0
0,uc1607288.2,uc1607288,2,0.9915576912229785,0.2193931022920578,LV,0.0,0
0,uc1607279.2,uc1607279,2,0.9921761474148163,0.2193931022920578,LV,0.0,0
0,uc1607355.2,uc1607355,2,0.9928851828410724,0.2193931022920578,LV,0.0,0
0,uc1607357.2,uc1607357,2,0.9956088000848747,0.2193931022920578,LV,0.0,0
0,uc1607358.2,uc1607358,2,0.993680312651519,0.2193931022920578,LV,0.0,0
0,uc1607368.2,uc1607368,2,0.0,0.1270170592217177,LV,0.95,1
0,uc1607276.2,uc1607276,2,0.998481153427648,0.2193931022920578,LV,0.0,0
0,uc1607278.2,uc1607278,2,0.9994450216657405,0.2193931022920578,LV,0.0,0
0,uc1607273.2,uc1607273,2,0.9982527263229605,0.2193931022920578,LV,0.0,0
0,uc1607328.2,uc1607328,2,0.9875872592982201,0.2193931022920578,LV,0.0,0
0,uc1607347.2,uc1607347,2,0.9916093359432757,0.2193931022920578,LV,0.0,0
0,uc1607350.2,uc1607350,2,0.9934819121068396,0.2193931022920578,LV,0.0,0
0,uc1107341.2,uc1107341,2,0.9891055833734268,0.2193931022920578,LV,0.0,0
0,uc1107333.2,uc1107333,2,0.9905711572048587,0.2193931022920578,LV,0.0,0
0,uc1607268.2,uc1607268,2,0.998232143643019,0.2193931022920578,LV,0.0,0
0,uc1607252.2,uc1607252,2,0.9906571158603708,0.2193931022920578,LV,0.0,0
0,uc1606000.2,uc1606000,2,0.991208888284875,0.2193931022920578,LV,0.0,0
0,uc1607255.2,uc1607255,2,0.9924588305615998,0.2193931022920578,LV,0.0,0
0,uc1607258.2,uc1607258,2,0.9906647060706435,0.2193931022920578,LV,0.0,0
0,uc1124041.2,uc1124041,2,0.991338357942867,0.2193931022920578,LV,0.0,0
0,uc1124340.2,uc1124340,2,0.990980551832984,0.2193931022920578,LV,0.0,0
0,uc1121173.2,uc1121173,2,0.9906551908279387,0.2193931022920578,LV,0.0,0
0,uc1107345.2,uc1107345,2,0.9909623145544917,0.2193931022920578,LV,0.0,0
0,uc605816.2,uc605816,2,0.9886574318338122,0.2193931022920578,LV,0.0,0
0,uc605812.2,uc605812,2,0.985371673696483,0.2193931022920578,LV,0.0,0
0,uc605813.2,uc605813,2,0.9947815876237535,0.2193931022920578,LV,0.0,0
0,uc609685.2,uc609685,2,0.9966578571971392,0.2193931022920578,LV,0.0,0
0,uc609688.2,uc609688,2,0.9920873142809695,0.2193931022920578,LV,0.0,0
0,uc621168.2,uc621168,2,0.9933684101726312,0.2193931022920578,LV,0.0,0
0,uc621171.2,uc621171,2,0.9925043235155022,0.2193931022920578,LV,0.0,0
0,uc605810.2,uc605810,2,0.995528922701003,0.2193931022920578,LV,0.0,0
0,uc605807.2,uc605807,2,0.9869516249073405,0.2193931022920578,LV,0.0,0
0,uc605801.2,uc605801,2,0.9909858194901641,0.2193931022920578,LV,0.0,0
0,uc607384.2,uc607384,2,0.9923519095523339,0.2193931022920578,LV,0.0,0
0,uc607385.2,uc607385,2,0.989299241339761,0.2193931022920578,LV,0.0,0
0,uc609682.2,uc609682,2,0.9874913379917686,0.2193931022920578,LV,0.0,0
0,uc609683.2,uc609683,2,0.9953412086028578,0.2193931022920578,LV,0.0,0
0,uc607377.2,uc607377,2,0.9969108005881557,0.2193931022920578,LV,0.0,0
0,uc607382.2,uc607382,2,0.9943589937839856,0.2193931022920578,LV,0.0,0
0,uc606117.2,uc606117,2,0.9940322470186839,0.2193931022920578,LV,0.0,0
0,uc606120.2,uc606120,2,0.9936743710613418,0.2193931022920578,LV,0.0,0
0,uc623433.2,uc623433,2,0.986764385830821,0.2193931022920578,LV,0.0,0
0,uc623007.2,uc623007,2,0.9946627200249794,0.2193931022920578,LV,0.0,0
0,uc606147.2,uc606147,2,0.9917833325778829,0.2193931022920578,LV,0.0,0
0,uc606148.2,uc606148,2,0.999701231052773,0.2193931022920578,LV,0.0,0
0,uc606150.2,uc606150,2,0.9975753200334845,0.2193931022920578,LV,0.0,0
0,uc606109.2,uc606109,2,0.9927542397676705,0.2193931022920578,LV,0.0,0
0,uc606110.2,uc606110,2,0.9921911551605884,0.2193931022920578,LV,0.0,0
0,uc606111.2,uc606111,2,0.9939577042111499,0.2193931022920578,LV,0.0,0
0,uc622720.2,uc622720,2,0.9932704818108374,0.2193931022920578,LV,0.0,0
0,uc623004.2,uc623004,2,0.9881012430607814,0.2193931022920578,LV,0.0,0
0,uc606103.2,uc606103,2,0.993261033485043,0.2193931022920578,LV,0.0,0
0,uc606139.2,uc606139,2,0.9918679755337093,0.2193931022920578,LV,0.0,0
0,uc606143.2,uc606143,2,0.9938755771615188,0.2193931022920578,LV,0.0,0
0,uc605921.2,uc605921,2,0.9940613433565136,0.2193931022920578,LV,0.0,0
0,uc605915.2,uc605915,2,0.9927083569822073,0.2193931022920578,LV,0.0,0
0,uc606101.2,uc606101,2,0.9940087938031507,0.2193931022920578,LV,0.0,0
0,uc622273.2,uc622273,2,0.9929237215328703,0.2193931022920578,LV,0.0,0
0,uc605990.2,uc605990,2,0.98599336645233,0.2193931022920578,LV,0.0,0
0,uc606130.2,uc606130,2,0.9955539742322281,0.2193931022920578,LV,0.0,0
0,uc606132.2,uc606132,2,0.9924241358881515,0.2193931022920578,LV,0.0,0
0,uc622258.2,uc622258,2,0.9957710951213632,0.2193931022920578,LV,0.0,0
0,uc622270.2,uc622270,2,0.9983262616848387,0.2193931022920578,LV,0.0,0
0,uc605905.2,uc605905,2,0.9919367778609395,0.2193931022920578,LV,0.0,0
0,uc605909.2,uc605909,2,0.9968546033512411,0.2193931022920578,LV,0.0,0
0,uc605910.2,uc605910,2,0.9937544877952919,0.2193931022920578,LV,0.0,0
0,uc605911.2,uc605911,2,0.9943762441072911,0.2193931022920578,LV,0.0,0
0,uc606128.2,uc606128,2,0.9946179845793243,0.2193931022920578,LV,0.0,0
0,uc605904.2,uc605904,2,0.9920048338549736,0.2193931022920578,LV,0.0,0
0,uc1239552.2,uc1239552,2,0.992830459200487,0.2193931022920578,LV,0.0,0
0,uc605817.2,uc605817,2,0.9944637973804037,0.2193931022920578,LV,0.0,0
0,uc605819.2,uc605819,2,0.9922027226466206,0.2193931022920578,LV,0.0,0
0,uc605820.2,uc605820,2,0.9880734960499301,0.2193931022920578,LV,0.0,0
0,uc605821.2,uc605821,2,0.9892801202180771,0.2193931022920578,LV,0.0,0
0,uc605822.2,uc605822,2,0.9879525040597236,0.2193931022920578,LV,0.0,0
0,uc639280.2,uc639280,2,0.992706065499187,0.2193931022920578,LV,0.0,0
0,uc605898.2,uc605898,2,0.9955516383980885,0.2193931022920578,LV,0.0,0
0,uc605902.2,uc605902,2,0.9923181860279022,0.2193931022920578,LV,0.0,0
0,uc605982.2,uc605982,2,0.9868558510201713,0.2193931022920578,LV,0.0,0
0,uc605988.2,uc605988,2,0.9854180950329969,0.2193931022920578,LV,0.0,0
0,uc606126.2,uc606126,2,0.9937861236860147,0.2193931022920578,LV,0.0,0
0,uc606127.2,uc606127,2,0.9927752134157735,0.2193931022920578,LV,0.0,0
0,uc605896.2,uc605896,2,0.987445358099704,0.2193931022920578,LV,0.0,0
0,uc606121.2,uc606121,2,0.9923019680773504,0.2193931022920578,LV,0.0,0
0,uc606122.2,uc606122,2,0.9900840095215933,0.2193931022920578,LV,0.0,0
0,uc606123.2,uc606123,2,0.9925322999541016,0.2193931022920578,LV,0.0,0
0,uc622709.2,uc622709,2,0.9934783939333452,0.2193931022920578,LV,0.0,0
0,uc639277.2,uc639277,2,0.9893853479623408,0.2193931022920578,LV,0.0,0
0,uc1139390.2,uc1139390,2,0.9927939759606828,0.2193931022920578,LV,0.0,0
0,uc605864.2,uc605864,2,0.9893451389748723,0.2193931022920578,LV,0.0,0
0,uc605865.2,uc605865,2,0.9890352125709364,0.2193931022920578,LV,0.0,0
0,uc638617.2,uc638617,2,0.9887007228438538,0.2193931022920578,LV,0.0,0
0,uc605855.2,uc605855,2,0.9887529027365718,0.2193931022920578,LV,0.0,0
0,uc1638606.2,uc1638606,2,0.9966208336781684,0.2193931022920578,LV,0.0,0
0,uc1638954.2,uc1638954,2,0.9980011198812482,0.2193931022920578,LV,0.0,0
0,uc605836.2,uc605836,2,0.9795237983367702,0.2193931022920578,LV,0.0,0
0,uc1607303.2,uc1607303,2,0.9933575686473745,0.2193931022920578,LV,0.0,0
0,uc637705.2,uc637705,2,0.9898370983886859,0.2193931022920578,LV,0.0,0
0,uc1637704.2,uc1637704,2,1.002187483641598,0.2193931022920578,LV,0.0,0
0,uc637576.2,uc637576,2,0.9924419835834981,0.2193931022920578,LV,0.0,0
0,uc637918.2,uc637918,2,0.9921328503130742,0.2193931022920578,LV,0.0,0
0,uc637360.2,uc637360,2,0.992485674712018,0.2193931022920578,LV,0.0,0
0,uc637397.2,uc637397,2,0.9896592974413019,0.2193931022920578,LV,0.0,0
0,uc636933.2,uc636933,2,0.9916665150658894,0.2193931022920578,LV,0.0,0
0,uc605908.2,uc605908,2,0.9975063673456666,0.2193931022920578,LV,0.0,0
0,uc635963.2,uc635963,2,0.9937586324458249,0.2193931022920578,LV,0.0,0
0,uc635543.2,uc635543,2,0.9927612172425835,0.2193931022920578,LV,0.0,0
0,uc635966.2,uc635966,2,0.9927542592086198,0.2193931022920578,LV,0.0,0
0,uc627328.2,uc627328,2,0.9851732570457833,0.2193931022920578,LV,0.0,0
0,uc635550.2,uc635550,2,0.9943101434433931,0.2193931022920578,LV,0.0,0
0,uc635862.2,uc635862,2,0.991481472708206,0.2193931022920578,LV,0.0,0
0,uc3435739.2,uc3435739,2,0.9889048818734222,0.2193931022920578,LV,0.0,0
0,uc634166.2,uc634166,2,0.995666293740009,0.2193931022920578,LV,0.0,0
0,uc1633671.2,uc1633671,2,0.9941729816620789,0.2193931022920578,LV,0.0,0
0,uc633056.2,uc633056,2,0.9952413204218082,0.2193931022920578,LV,0.0,0
0,uc632607.2,uc632607,2,0.9764652097895569,0.2193931022920578,LV,0.0,0
0,uc1632402.2,uc1632402,2,0.9921010385926403,0.2193931022920578,LV,0.0,0
0,uc1131858.2,uc1131858,2,0.9891927711997056,0.2193931022920578,LV,0.0,0
0,uc631391.2,uc631391,2,0.9796240699246981,0.2193931022920578,LV,0.0,0
0,uc1630759.2,uc1630759,2,0.9912897363541477,0.2193931022920578,LV,0.0,0
0,uc630758.2,uc630758,2,0.9889258816294628,0.2193931022920578,LV,0.0,0
0,uc630753.2,uc630753,2,0.9891844599142647,0.2193931022920578,LV,0.0,0
0,uc628766.2,uc628766,2,0.9955630543397871,0.2193931022920578,LV,0.0,0
0,uc627346.2,uc627346,2,0.9963436780886393,0.2193931022920578,LV,0.0,0
0,uc1629422.2,uc1629422,2,0.9917992201980723,0.2193931022920578,LV,0.0,0
0,60651.3,60651,3,0.996136087923222,13.336791218280357,MV,0.0,0
0,60721.3,60721,3,0.9961045800692646,13.336791218280357,MV,0.0,0
0,164151.3,164151,3,0.9964004826547401,13.336791218280357,MV,0.0,0
0,302191.3,302191,3,0.993606826074108,13.336791218280357,MV,0.0,0
0,320841.3,320841,3,0.9949395645865682,13.336791218280357,MV,0.0,0
0,337711.3,337711,3,0.9936347799747747,13.336791218280357,MV,0.0,0
0,358691.3,358691,3,0.9990933406770426,13.336791218280357,MV,0.0,0
0,et6_1177.3,et6_1177,3,0.9939241416100879,0.2193931022920578,LV,0.0,0
0,461501.3,461501,3,0.9962941596155361,13.336791218280357,MV,0.0,0
0,686891.3,686891,3,0.9955549779351205,13.336791218280357,MV,0.0,0
0,703601.3,703601,3,0.9964912907915292,13.336791218280357,MV,0.0,0
0,713791.3,713791,3,0.9954394916570791,13.336791218280357,MV,0.0,0
0,725731.3,725731,3,0.9951158973049014,13.336791218280357,MV,0.0,0
0,809501.3,809501,3,0.9957183854653062,13.336791218280357,MV,0.0,0
0,811221.3,811221,3,0.9964166845272169,13.336791218280357,MV,0.0,0
0,815111.3,815111,3,0.9936038315633663,13.336791218280357,MV,0.0,0
0,822371.3,822371,3,0.9952283040412206,13.336791218280357,MV,0.0,0
0,820611.3,820611,3,0.9959903309910825,13.336791218280357,MV,0.0,0
0,822641.3,822641,3,0.9952833074601514,13.336791218280357,MV,0.0,0
0,618431.3,618431,3,0.9961363357111743,13.336791218280357,MV,0.0,0
0,bt10401.3,bt10401,3,0.9903303277492506,0.2193931022920578,LV,0.0,0
0,bt197792.3,bt197792,3,0.9899251019752715,0.2193931022920578,LV,0.0,0
0,bt800551.3,bt800551,3,0.9899956001324617,0.2193931022920578,LV,0.0,0
0,bt295341.3,bt295341,3,0.9898286729133362,0.2193931022920578,LV,0.0,0
0,bt800541.3,bt800541,3,0.9898690300500351,0.2193931022920578,LV,0.0,0
0,bt295361.3,bt295361,3,0.9898286735953359,0.2193931022920578,LV,0.0,0
0,bt474991.3,bt474991,3,0.9898286740620528,0.2193931022920578,LV,0.0,0
0,uc627336.3,uc627336,3,0.9946949492668324,0.2193931022920578,LV,0.0,0
0,uc1620373.3,uc1620373,3,0.9934340844119691,0.2193931022920578,LV,0.0,0
0,uc1607302.3,uc1607302,3,0.9932419236652005,0.2193931022920578,LV,0.0,0
0,uc1607304.3,uc1607304,3,0.9931758149186829,0.2193931022920578,LV,0.0,0
0,uc1607298.3,uc1607298,3,0.9940484838392124,0.2193931022920578,LV,0.0,0
0,uc1607280.3,uc1607280,3,0.9920413183161945,0.2193931022920578,LV,0.0,0
0,uc1607285.3,uc1607285,3,0.9930209466752009,0.2193931022920578,LV,0.0,0
0,uc1607279.3,uc1607279,3,0.9929975901383201,0.2193931022920578,LV,0.0,0
0,uc1607347.3,uc1607347,3,0.9925723418937369,0.2193931022920578,LV,0.0,0
0,uc1124340.3,uc1124340,3,0.992882578823326,0.2193931022920578,LV,0.0,0
0,uc605816.3,uc605816,3,0.989796550871228,0.2193931022920578,LV,0.0,0
0,uc605815.3,uc605815,3,0.991243165909684,0.2193931022920578,LV,0.0,0
0,uc621171.3,uc621171,3,0.9930704061749277,0.2193931022920578,LV,0.0,0
0,uc607384.3,uc607384,3,0.9929211733546773,0.2193931022920578,LV,0.0,0
0,uc606117.3,uc606117,3,0.9945989512177216,0.2193931022920578,LV,0.0,0
0,uc606120.3,uc606120,3,0.9942409382744035,0.2193931022920578,LV,0.0,0
0,uc623007.3,uc623007,3,0.9936329324667944,0.2193931022920578,LV,0.0,0
0,uc605867.3,uc605867,3,0.991222571709174,0.2193931022920578,LV,0.0,0
0,uc606150.3,uc606150,3,0.9977107721127993,0.2193931022920578,LV,0.0,0
0,uc606109.3,uc606109,3,0.9933204296433561,0.2193931022920578,LV,0.0,0
0,uc606110.3,uc606110,3,0.9927571692959819,0.2193931022920578,LV,0.0,0
0,uc606111.3,uc606111,3,0.9945243747087561,0.2193931022920578,LV,0.0,0
0,uc622722.3,uc622722,3,0.9916182452681507,0.2193931022920578,LV,0.0,0
0,uc623004.3,uc623004,3,0.9906769354115629,0.2193931022920578,LV,0.0,0
0,uc606101.3,uc606101,3,0.9945655793673079,0.2193931022920578,LV,0.0,0
0,uc606132.3,uc606132,3,0.9929986054962826,0.2193931022920578,LV,0.0,0
0,uc605910.3,uc605910,3,0.9943171035067743,0.2193931022920578,LV,0.0,0
0,uc605911.3,uc605911,3,0.9949391296692214,0.2193931022920578,LV,0.0,0
0,uc605904.3,uc605904,3,0.9947126434805288,0.2193931022920578,LV,0.0,0
0,uc1239552.3,uc1239552,3,0.9937941292487258,0.2193931022920578,LV,0.0,0
0,uc605821.3,uc605821,3,0.9919136501727001,0.2193931022920578,LV,0.0,0
0,uc639280.3,uc639280,3,0.9934032003258165,0.2193931022920578,LV,0.0,0
0,uc605898.3,uc605898,3,0.9948596666531552,0.2193931022920578,LV,0.0,0
0,uc605902.3,uc605902,3,0.9928265404552187,0.2193931022920578,LV,0.0,0
0,uc606126.3,uc606126,3,0.9943615081871776,0.2193931022920578,LV,0.0,0
0,uc606127.3,uc606127,3,0.993350156585733,0.2193931022920578,LV,0.0,0
0,uc606121.3,uc606121,3,0.9928672903156794,0.2193931022920578,LV,0.0,0
0,uc606122.3,uc606122,3,0.9906478686554154,0.2193931022920578,LV,0.0,0
0,uc639277.3,uc639277,3,0.992018961326033,0.2193931022920578,LV,0.0,0
0,uc1139390.3,uc1139390,3,0.9937576105962519,0.2193931022920578,LV,0.0,0
0,uc637576.3,uc637576,3,0.9930150032869003,0.2193931022920578,LV,0.0,0
0,uc637918.3,uc637918,3,0.9928297836708087,0.2193931022920578,LV,0.0,0
0,uc637360.3,uc637360,3,0.9930516266661005,0.2193931022920578,LV,0.0,0
0,uc637397.3,uc637397,3,0.9907948403017587,0.2193931022920578,LV,0.0,0
0,uc635963.3,uc635963,3,0.9943252377989861,0.2193931022920578,LV,0.0,0
0,uc635543.3,uc635543,3,0.9933273969103712,0.2193931022920578,LV,0.0,0
0,uc635966.3,uc635966,3,0.9933204368711613,0.2193931022920578,LV,0.0,0
0,uc635550.3,uc635550,3,0.994886620814241,0.2193931022920578,LV,0.0,0
0,uc635862.3,uc635862,3,0.9913709988390504,0.2193931022920578,LV,0.0,0
0,uc1633671.3,uc1633671,3,0.9942617714792422,0.2193931022920578,LV,0.0,0
0,uc632607.3,uc632607,3,0.9775969411406752,0.2193931022920578,LV,0.0,0
0,uc1629422.3,uc1629422,3,0.9943322885935872,0.2193931022920578,LV,0.0,0
1,60651.1,60651,1,0.9957117300670558,13.336791218280357,MV,0.0,0
1,60721.1,60721,1,0.9956814329596417,13.336791218280357,MV,0.0,0
1,164151.1,164151,1,0.9959657760894439,13.336791218280357,MV,0.0,0
1,302191.1,302191,1,0.9927960553309058,13.336791218280357,MV,0.0,0
1,320841.1,320841,1,0.9944656499057042,13.336791218280357,MV,0.0,0
1,337711.1,337711,1,0.9928227908231513,13.336791218280357,MV,0.0,0
1,358691.1,358691,1,0.998934504065847,13.336791218280357,MV,0.0,0
1,et6_1177.1,et6_1177,1,0.9953785454392086,0.2193931022920578,LV,0.0,0
1,461501.1,461501,1,0.995801501068714,13.336791218280357,MV,0.0,0
1,686891.1,686891,1,0.9950701404065475,13.336791218280357,MV,0.0,0
1,703601.1,703601,1,0.9960585227225682,13.336791218280357,MV,0.0,0
1,713791.1,713791,1,0.9949446064549812,13.336791218280357,MV,0.0,0
1,725731.1,725731,1,0.9946352799394099,13.336791218280357,MV,0.0,0
1,809501.1,809501,1,0.9952285501943877,13.336791218280357,MV,0.0,0
1,811221.1,811221,1,0.995982221165917,13.336791218280357,MV,0.0,0
1,815111.1,815111,1,0.9927932800752074,13.336791218280357,MV,0.0,0
1,822371.1,822371,1,0.994742556907388,13.336791218280357,MV,0.0,0
1,820611.1,820611,1,0.9955433031189126,13.336791218280357,MV,0.0,0
1,822641.1,822641,1,0.994790404459757,13.336791218280357,MV,0.0,0
1,618431.1,618431,1,0.9957119688814757,13.336791218280357,MV,0.0,0
1,bt10401.1,bt10401,1,0.9862856938399619,0.2193931022920578,LV,0.0,0
1,bt197792.1,bt197792,1,0.9853460359608004,0.2193931022920578,LV,0.0,0
1,bt800551.1,bt800551,1,0.9854838540967338,0.2193931022920578,LV,0.0,0
1,bt295341.1,bt295341,1,0.9842339713747263,0.2193931022920578,LV,0.0,0
1,bt800541.1,bt800541,1,0.9848261159749478,0.2193931022920578,LV,0.0,0
1,bt295361.1,bt295361,1,0.9836704780387578,0.2193931022920578,LV,0.0,0
1,bt474991.1,bt474991,1,0.9832267392047388,0.2193931022920578,LV,0.0,0
1,uc626695.1,uc626695,1,0.9797622899372596,0.2193931022920578,LV,0.0,0
1,uc1627323.1,uc1627323,1,0.9923311592555211,0.2193931022920578,LV,0.0,0
1,uc1627342.1,uc1627342,1,0.999164285058619,0.2193931022920578,LV,0.0,0
1,uc627343.1,uc627343,1,0.9964464672215564,0.2193931022920578,LV,0.0,0
1,uc627344.1,uc627344,1,0.997305867958751,0.2193931022920578,LV,0.0,0
1,uc1626672.1,uc1626672,1,0.0,0.1270170592217177,LV,0.95,1
1,uc1626490.1,uc1626490,1,0.9924120257286124,0.2193931022920578,LV,0.0,0
1,uc3422706.1,uc3422706,1,0.9955819630291637,0.2193931022920578,LV,0.0,0
1,uc3425629.1,uc3425629,1,0.99563443745092,0.2193931022920578,LV,0.0,0
1,uc3422597.1,uc3422597,1,0.9934514794184001,0.2193931022920578,LV,0.0,0
1,uc3405843.1,uc3405843,1,0.9938284945084539,0.2193931022920578,LV,0.0,0
1,uc3405844.1,uc3405844,1,0.9936705706535631,0.2193931022920578,LV,0.0,0
1,uc3405845.1,uc3405845,1,0.9936322524336585,0.2193931022920578,LV,0.0,0
1,uc3405846.1,uc3405846,1,0.9940112478205136,0.2193931022920578,LV,0.0,0
1,uc1626486.1,uc1626486,1,0.9993389628856336,0.2193931022920578,LV,0.0,0
1,uc1626487.1,uc1626487,1,0.9939999812645617,0.2193931022920578,LV,0.0,0
1,uc626481.1,uc626481,1,0.9951470224449835,0.2193931022920578,LV,0.0,0
1,uc626678.1,uc626678,1,0.992196077190609,0.2193931022920578,LV,0.0,0
1,uc626698.1,uc626698,1,0.9966622780212943,0.2193931022920578,LV,0.0,0
1,uc626476.1,uc626476,1,0.9899469864012886,0.2193931022920578,LV,0.0,0
1,uc1627321.1,uc1627321,1,0.9989155954163877,0.2193931022920578,LV,0.0,0
1,uc1607319.1,uc1607319,1,0.9934261256944193,0.2193931022920578,LV,0.0,0
1,uc1607308.1,uc1607308,1,0.9939739835442886,0.2193931022920578,LV,0.0,0
1,uc1624026.1,uc1624026,1,0.0,0.1270170592217177,LV,0.95,1
1,uc1625170.1,uc1625170,1,0.9971777720018667,0.2193931022920578,LV,0.0,0
1,uc1621994.1,uc1621994,1,0.9990155828644184,0.2193931022920578,LV,0.0,0
1,uc1620360.1,uc1620360,1,0.9987157657572263,0.2193931022920578,LV,0.0,0
1,uc1620373.1,uc1620373,1,0.9930382667884072,0.2193931022920578,LV,0.0,0
1,uc1607302.1,uc1607302,1,0.992877784797628,0.2193931022920578,LV,0.0,0
1,uc1607304.1,uc1607304,1,0.9917858031165045,0.2193931022920578,LV,0.0,0
1,uc1607305.1,uc1607305,1,0.9913923280028588,0.2193931022920578,LV,0.0,0
1,uc1607306.1,uc1607306,1,0.9935120754989575,0.2193931022920578,LV,0.0,0
1,uc1607297.1,uc1607297,1,0.9961976767039158,0.2193931022920578,LV,0.0,0
1,uc1607298.1,uc1607298,1,0.9936572772691024,0.2193931022920578,LV,0.0,0
1,uc1607289.1,uc1607289,1,0.9969544916967197,0.2193931022920578,LV,0.0,0
1,uc1607290.1,uc1607290,1,0.9970262421281176,0.2193931022920578,LV,0.0,0
1,uc1607291.1,uc1607291,1,0.9962829537225182,0.2193931022920578,LV,0.0,0
1,uc1607280.1,uc1607280,1,0.9918101618341716,0.2193931022920578,LV,0.0,0
1,uc1607283.1,uc1607283,1,0.9891359373018679,0.2193931022920578,LV,0.0,0
1,uc1607285.1,uc1607285,1,0.9906461826555693,0.2193931022920578,LV,0.0,0
1,uc1607287.1,uc1607287,1,0.9929621666481386,0.2193931022920578,LV,0.0,0
1,uc1607288.1,uc1607288,1,0.9937129955267688,0.2193931022920578,LV,0.0,0
1,uc1607279.1,uc1607279,1,0.9927263480294727,0.2193931022920578,LV,0.0,0
1,uc1607357.1,uc1607357,1,0.996325999690788,0.2193931022920578,LV,0.0,0
1,uc1607358.1,uc1607358,1,0.9958247129465364,0.2193931022920578,LV,0.0,0
1,uc1607368.1,uc1607368,1,0.0,0.1270170592217177,LV,0.95,1
1,uc1607277.1,uc1607277,1,0.9970274508432037,0.2193931022920578,LV,0.0,0
1,uc1607278.1,uc1607278,1,1.0010983859083522,0.2193931022920578,LV,0.0,0
1,uc1607272.1,uc1607272,1,0.992865541915985,0.2193931022920578,LV,0.0,0
1,uc1607273.1,uc1607273,1,1.0010544610567942,0.2193931022920578,LV,0.0,0
1,uc1607353.1,uc1607353,1,0.9962778478459108,0.2193931022920578,LV,0.0,0
1,uc1607347.1,uc1607347,1,0.9922150291655669,0.2193931022920578,LV,0.0,0
1,uc1607349.1,uc1607349,1,0.9963966355974779,0.2193931022920578,LV,0.0,0
1,uc1107342.1,uc1107342,1,0.990906565241892,0.2193931022920578,LV,0.0,0
1,uc1107340.1,uc1107340,1,0.9894017414819004,0.2193931022920578,LV,0.0,0
1,uc1105833.1,uc1105833,1,0.9946879067779217,0.2193931022920578,LV,0.0,0
1,uc1107330.1,uc1107330,1,0.9888890345303671,0.2193931022920578,LV,0.0,0
1,uc1607265.1,uc1607265,1,0.9902245286554978,0.2193931022920578,LV,0.0,0
1,uc1607268.1,uc1607268,1,0.9988010328096429,0.2193931022920578,LV,0.0,0
1,uc1607252.1,uc1607252,1,0.993905934725832,0.2193931022920578,LV,0.0,0
1,uc1605991.1,uc1605991,1,0.9952041801913265,0.2193931022920578,LV,0.0,0
1,uc1605996.1,uc1605996,1,0.9931794229015135,0.2193931022920578,LV,0.0,0
1,uc1607257.1,uc1607257,1,0.9954612453243558,0.2193931022920578,LV,0.0,0
1,uc1607258.1,uc1607258,1,0.9939131889647028,0.2193931022920578,LV,0.0,0
1,uc1124340.1,uc1124340,1,0.9913521660970657,0.2193931022920578,LV,0.0,0
1,uc605816.1,uc605816,1,0.9894276987245916,0.2193931022920578,LV,0.0,0
1,uc605813.1,uc605813,1,0.9950266915980389,0.2193931022920578,LV,0.0,0
1,uc609684.1,uc609684,1,0.997747495150187,0.2193931022920578,LV,0.0,0
1,uc609686.1,uc609686,1,0.9980631621438427,0.2193931022920578,LV,0.0,0
1,uc609688.1,uc609688,1,0.9935608798786748,0.2193931022920578,LV,0.0,0
1,uc621168.1,uc621168,1,0.9957202330505809,0.2193931022920578,LV,0.0,0
1,uc621171.1,uc621171,1,0.9930779973634373,0.2193931022920578,LV,0.0,0
1,uc605808.1,uc605808,1,0.998312064100324,0.2193931022920578,LV,0.0,0
1,uc605809.1,uc605809,1,0.9853109349495446,0.2193931022920578,LV,0.0,0
1,uc605810.1,uc605810,1,0.9968399338341246,0.2193931022920578,LV,0.0,0
1,uc605970.1,uc605970,1,0.9952797226758024,0.2193931022920578,LV,0.0,0
1,uc605803.1,uc605803,1,0.9955820948647608,0.2193931022920578,LV,0.0,0
1,uc605804.1,uc605804,1,0.9969351590163964,0.2193931022920578,LV,0.0,0
1,uc605806.1,uc605806,1,0.9943701590744448,0.2193931022920578,LV,0.0,0
1,uc607384.1,uc607384,1,0.9929254214185531,0.2193931022920578,LV,0.0,0
1,uc607387.1,uc607387,1,0.9947807976377374,0.2193931022920578,LV,0.0,0
1,uc609682.1,uc609682,1,0.9910516107274103,0.2193931022920578,LV,0.0,0
1,uc624033.1,uc624033,1,0.999389087871085,0.2193931022920578,LV,0.0,0
1,uc625156.1,uc625156,1,0.9956062232597765,0.2193931022920578,LV,0.0,0
1,uc625624.1,uc625624,1,0.9908345853165618,0.2193931022920578,LV,0.0,0
1,uc625625.1,uc625625,1,0.9979516243149842,0.2193931022920578,LV,0.0,0
1,uc607366.1,uc607366,1,0.985282307671661,0.2193931022920578,LV,0.0,0
1,uc607367.1,uc607367,1,0.9966931328163395,0.2193931022920578,LV,0.0,0
1,uc606114.1,uc606114,1,0.9949607448077464,0.2193931022920578,LV,0.0,0
1,uc606117.1,uc606117,1,0.9945425397128079,0.2193931022920578,LV,0.0,0
1,uc606120.1,uc606120,1,0.9942006981554974,0.2193931022920578,LV,0.0,0
1,uc623015.1,uc623015,1,0.98389117402427,0.2193931022920578,LV,0.0,0
1,uc623432.1,uc623432,1,0.9937259473366042,0.2193931022920578,LV,0.0,0
1,uc624028.1,uc624028,1,0.994679785505526,0.2193931022920578,LV,0.0,0
1,uc605873.1,uc605873,1,0.9959866374050601,0.2193931022920578,LV,0.0,0
1,uc623007.1,uc623007,1,0.995099543193035,0.2193931022920578,LV,0.0,0
1,uc606147.1,uc606147,1,0.995149843781856,0.2193931022920578,LV,0.0,0
1,uc606148.1,uc606148,1,0.9996155517442327,0.2193931022920578,LV,0.0,0
1,uc606150.1,uc606150,1,0.9977550866701668,0.2193931022920578,LV,0.0,0
1,uc606109.1,uc606109,1,0.9933189554155538,0.2193931022920578,LV,0.0,0
1,uc606110.1,uc606110,1,0.9927792106962583,0.2193931022920578,LV,0.0,0
1,uc606111.1,uc606111,1,0.9944712325408708,0.2193931022920578,LV,0.0,0
1,uc622777.1,uc622777,1,1.0005880617059248,0.2193931022920578,LV,0.0,0
1,uc623004.1,uc623004,1,0.9898651925774639,0.2193931022920578,LV,0.0,0
1,uc606103.1,uc606103,1,0.9953245474909393,0.2193931022920578,LV,0.0,0
1,uc606139.1,uc606139,1,0.9963509138402179,0.2193931022920578,LV,0.0,0
1,uc606141.1,uc606141,1,0.9939989842065525,0.2193931022920578,LV,0.0,0
1,uc606143.1,uc606143,1,0.9968362536337568,0.2193931022920578,LV,0.0,0
1,uc605921.1,uc605921,1,0.9952042562021876,0.2193931022920578,LV,0.0,0
1,uc622713.1,uc622713,1,0.9946418016307801,0.2193931022920578,LV,0.0,0
1,uc622714.1,uc622714,1,0.9949187178540758,0.2193931022920578,LV,0.0,0
1,uc605993.1,uc605993,1,0.9961408554746639,0.2193931022920578,LV,0.0,0
1,uc606101.1,uc606101,1,0.9932755487602472,0.2193931022920578,LV,0.0,0
1,uc606102.1,uc606102,1,0.9921195848271691,0.2193931022920578,LV,0.0,0
1,uc622273.1,uc622273,1,0.9959245030001501,0.2193931022920578,LV,0.0,0
1,uc622703.1,uc622703,1,0.9798375147099884,0.2193931022920578,LV,0.0,0
1,uc605989.1,uc605989,1,0.997254725484263,0.2193931022920578,LV,0.0,0
1,uc606130.1,uc606130,1,0.9970977770884732,0.2193931022920578,LV,0.0,0
1,uc606132.1,uc606132,1,0.9929930300938944,0.2193931022920578,LV,0.0,0
1,uc605914.1,uc605914,1,1.0020532177277883,0.2193931022920578,LV,0.0,0
1,uc622257.1,uc622257,1,0.9974017970122181,0.2193931022920578,LV,0.0,0
1,uc605909.1,uc605909,1,0.9976935554721176,0.2193931022920578,LV,0.0,0
1,uc605910.1,uc605910,1,0.9942779982372625,0.2193931022920578,LV,0.0,0
1,uc605911.1,uc605911,1,0.994872691942652,0.2193931022920578,LV,0.0,0
1,uc606128.1,uc606128,1,0.9963855109456464,0.2193931022920578,LV,0.0,0
1,uc605823.1,uc605823,1,0.9901351468119325,0.2193931022920578,LV,0.0,0
1,uc605824.1,uc605824,1,0.9950839736287334,0.2193931022920578,LV,0.0,0
1,uc605904.1,uc605904,1,0.9946781751911463,0.2193931022920578,LV,0.0,0
1,uc621999.1,uc621999,1,0.9962635026745327,0.2193931022920578,LV,0.0,0
1,uc639553.1,uc639553,1,0.993265886062693,0.2193931022920578,LV,0.0,0
1,uc1239552.1,uc1239552,1,0.9933870890978597,0.2193931022920578,LV,0.0,0
1,uc605817.1,uc605817,1,0.9954217270815925,0.2193931022920578,LV,0.0,0
1,uc605819.1,uc605819,1,0.9936713737856959,0.2193931022920578,LV,0.0,0
1,uc605820.1,uc605820,1,0.993605265021981,0.2193931022920578,LV,0.0,0
1,uc605821.1,uc605821,1,0.9907336847237544,0.2193931022920578,LV,0.0,0
1,uc639280.1,uc639280,1,0.9932188202971722,0.2193931022920578,LV,0.0,0
1,uc605898.1,uc605898,1,0.9949848357404157,0.2193931022920578,LV,0.0,0
1,uc605901.1,uc605901,1,0.9972971973641869,0.2193931022920578,LV,0.0,0
1,uc605902.1,uc605902,1,0.9928857430368145,0.2193931022920578,LV,0.0,0
1,uc605985.1,uc605985,1,0.9916119472862506,0.2193931022920578,LV,0.0,0
1,uc606126.1,uc606126,1,0.9942969508540125,0.2193931022920578,LV,0.0,0
1,uc606127.1,uc606127,1,0.993326286938531,0.2193931022920578,LV,0.0,0
1,uc605896.1,uc605896,1,0.9868251823551298,0.2193931022920578,LV,0.0,0
1,uc606121.1,uc606121,1,0.9928849501272052,0.2193931022920578,LV,0.0,0
1,uc606122.1,uc606122,1,0.9907581675745257,0.2193931022920578,LV,0.0,0
1,uc606123.1,uc606123,1,0.9930970219610339,0.2193931022920578,LV,0.0,0
1,uc606124.1,uc606124,1,0.9973939610397373,0.2193931022920578,LV,0.0,0
1,uc605825.1,uc605825,1,0.9928410222128357,0.2193931022920578,LV,0.0,0
1,uc623427.1,uc623427,1,0.9930970349133532,0.2193931022920578,LV,0.0,0
1,uc609687.1,uc609687,1,0.9983858219344893,0.2193931022920578,LV,0.0,0
1,uc639277.1,uc639277,1,0.9908345853228794,0.2193931022920578,LV,0.0,0
1,uc1139390.1,uc1139390,1,0.9933505854052755,0.2193931022920578,LV,0.0,0
1,uc605863.1,uc605863,1,0.9905177314411434,0.2193931022920578,LV,0.0,0
1,uc605865.1,uc605865,1,0.990757085631595,0.2193931022920578,LV,0.0,0
1,uc1138614.1,uc1138614,1,0.9930431920957143,0.2193931022920578,LV,0.0,0
1,uc605855.1,uc605855,1,0.992260224234123,0.2193931022920578,LV,0.0,0
1,uc605828.1,uc605828,1,0.9903557276115392,0.2193931022920578,LV,0.0,0
1,uc605829.1,uc605829,1,0.9942931157340645,0.2193931022920578,LV,0.0,0
1,uc605834.1,uc605834,1,0.9880397798001814,0.2193931022920578,LV,0.0,0
1,uc605835.1,uc605835,1,0.9880969010278595,0.2193931022920578,LV,0.0,0
1,uc605827.1,uc605827,1,0.9903061506337668,0.2193931022920578,LV,0.0,0
1,uc627337.1,uc627337,1,0.9945577237380768,0.2193931022920578,LV,0.0,0
1,uc637912.1,uc637912,1,0.9943574810259745,0.2193931022920578,LV,0.0,0
1,uc637576.1,uc637576,1,0.993010447573193,0.2193931022920578,LV,0.0,0
1,uc637356.1,uc637356,1,0.995861360878327,0.2193931022920578,LV,0.0,0
1,uc637918.1,uc637918,1,0.992669373640391,0.2193931022920578,LV,0.0,0
1,uc637360.1,uc637360,1,0.9930630825109554,0.2193931022920578,LV,0.0,0
1,uc637399.1,uc637399,1,0.9847011401434862,0.2193931022920578,LV,0.0,0
1,uc637397.1,uc637397,1,0.9903905844797629,0.2193931022920578,LV,0.0,0
1,uc1137150.1,uc1137150,1,0.9942583934055471,0.2193931022920578,LV,0.0,0
1,uc1636598.1,uc1636598,1,0.0,0.1270170592217177,LV,0.95,1
1,uc636933.1,uc636933,1,0.996158558981039,0.2193931022920578,LV,0.0,0
1,uc635963.1,uc635963,1,0.9942815699154534,0.2193931022920578,LV,0.0,0
1,uc635543.1,uc635543,1,0.9933258576180434,0.2193931022920578,LV,0.0,0
1,uc635966.1,uc635966,1,0.9933191879043628,0.2193931022920578,LV,0.0,0
1,uc635550.1,uc635550,1,0.9947977607062756,0.2193931022920578,LV,0.0,0
1,uc635862.1,uc635862,1,0.9921359894954455,0.2193931022920578,LV,0.0,0
1,uc1635694.1,uc1635694,1,1.001741891652665,0.2193931022920578,LV,0.0,0
1,uc3435739.1,uc3435739,1,0.992733513275079,0.2193931022920578,LV,0.0,0
1,uc1635060.1,uc1635060,1,0.9973075603811126,0.2193931022920578,LV,0.0,0
1,uc1607271.1,uc1607271,1,0.9982995498220465,0.2193931022920578,LV,0.0,0
1,uc605884.1,uc605884,1,0.9957407555829898,0.2193931022920578,LV,0.0,0
1,uc1609690.1,uc1609690,1,0.999491322365584,0.2193931022920578,LV,0.0,0
1,uc1134165.1,uc1134165,1,0.9894951135063453,0.2193931022920578,LV,0.0,0
1,uc634166.1,uc634166,1,0.9970097997455293,0.2193931022920578,LV,0.0,0
1,uc1633896.1,uc1633896,1,0.9982177117440824,0.2193931022920578,LV,0.0,0
1,uc3433894.1,uc3433894,1,0.9943468233120474,0.2193931022920578,LV,0.0,0
1,uc1633892.1,uc1633892,1,0.9992172004454566,0.2193931022920578,LV,0.0,0
1,uc633672.1,uc633672,1,0.9984121384422955,0.2193931022920578,LV,0.0,0
1,uc1633671.1,uc1633671,1,0.9922571048269795,0.2193931022920578,LV,0.0,0
1,uc1632306.1,uc1632306,1,0.9981177516439952,0.2193931022920578,LV,0.0,0
1,uc632607.1,uc632607,1,0.9777483083374059,0.2193931022920578,LV,0.0,0
1,uc632613.1,uc632613,1,0.9939975534588843,0.2193931022920578,LV,0.0,0
1,uc3432407.1,uc3432407,1,0.993427743312394,0.2193931022920578,LV,0.0,0
1,uc1632402.1,uc1632402,1,0.990851444685642,0.2193931022920578,LV,0.0,0
1,uc1132019.1,uc1132019,1,0.9930443036558795,0.2193931022920578,LV,0.0,0
1,uc632016.1,uc632016,1,0.9966704821748168,0.2193931022920578,LV,0.0,0
1,uc1132015.1,uc1132015,1,0.9909356296582442,0.2193931022920578,LV,0.0,0
1,uc1132012.1,uc1132012,1,0.9956929355655245,0.2193931022920578,LV,0.0,0
1,uc631859.1,uc631859,1,0.9965818998808873,0.2193931022920578,LV,0.0,0
1,uc1631852.1,uc1631852,1,0.9960715685690016,0.2193931022920578,LV,0.0,0
1,uc1130761.1,uc1130761,1,0.9880510493732743,0.2193931022920578,LV,0.0,0
1,uc1630759.1,uc1630759,1,0.9901141875638173,0.2193931022920578,LV,0.0,0
1,uc630758.1,uc630758,1,0.9935934351104524,0.2193931022920578,LV,0.0,0
1,uc629428.1,uc629428,1,0.9965450075899445,0.2193931022920578,LV,0.0,0
1,uc1629639.1,uc1629639,1,0.9998992290340205,0.2193931022920578,LV,0.0,0
1,uc1229546.1,uc1229546,1,0.9932083736452344,0.2193931022920578,LV,0.0,0
1,uc628768.1,uc628768,1,0.9949917382117551,0.2193931022920578,LV,0.0,0
1,uc628757.1,uc628757,1,0.9990926460490478,0.2193931022920578,LV,0.0,0
1,uc628766.1,uc628766,1,0.997106470109876,0.2193931022920578,LV,0.0,0
1,uc628753.1,uc628753,1,1.0000848002543266,0.2193931022920578,LV,0.0,0
1,uc627346.1,uc627346,1,0.9972227602814788,0.2193931022920578,LV,0.0,0
1,uc1628760.1,uc1628760,1,0.9999642618978326,0.2193931022920578,LV,0.0,0
1,uc1629422.1,uc1629422,1,0.9938524952003472,0.2193931022920578,LV,0.0,0
1,uc626699.1,uc626699,1,0.9980178241279104,0.2193931022920578,LV,0.0,0
1,60651.2,60651,2,0.9963341379749329,13.336791218280357,MV,0.0,0
1,60721.2,60721,2,0.9963038354998612,13.336791218280357,MV,0.0,0
1,164151.2,164151,2,0.9965882399702141,13.336791218280357,MV,0.0,0
1,302191.2,302191,2,0.9939346063176888,13.336791218280357,MV,0.0,0
1,320841.2,320841,2,0.9952142346878039,13.336791218280357,MV,0.0,0
1,337711.2,337711,2,0.9939613538796505,13.336791218280357,MV,0.0,0
1,358691.2,358691,2,0.9992067016685358,13.336791218280357,MV,0.0,0
1,et6_1177.2,et6_1177,2,0.9951851671645862,0.2193931022920578,LV,0.0,0
1,461501.2,461501,2,0.9965118942048394,13.336791218280357,MV,0.0,0
1,686891.2,686891,2,0.9957959541774367,13.336791218280357,MV,0.0,0
1,703601.2,703601,2,0.9966743596471254,13.336791218280357,MV,0.0,0
1,713791.2,713791,2,0.9956923448953867,13.336791218280357,MV,0.0,0
1,725731.2,725731,2,0.9953839073350197,13.336791218280357,MV,0.0,0
1,809501.2,809501,2,0.9959512708094626,13.336791218280357,MV,0.0,0
1,811221.2,811221,2,0.9966035970289336,13.336791218280357,MV,0.0,0
1,815111.2,815111,2,0.993931830266998,13.336791218280357,MV,0.0,0
1,822371.2,822371,2,0.9954912169131971,13.336791218280357,MV,0.0,0
1,820611.2,820611,2,0.9962004953161452,13.336791218280357,MV,0.0,0
1,822641.2,822641,2,0.9955474728599945,13.336791218280357,MV,0.0,0
1,618431.2,618431,2,0.9963343768349394,13.336791218280357,MV,0.0,0
1,bt10401.2,bt10401,2,0.9875225693717433,0.2193931022920578,LV,0.0,0
1,bt197792.2,bt197792,2,0.9871957255816279,0.2193931022920578,LV,0.0,0
1,bt800551.2,bt800551,2,0.9871957256035895,0.2193931022920578,LV,0.0,0
1,bt295341.2,bt295341,2,0.9865828258029357,0.2193931022920578,LV,0.0,0
1,bt800541.2,bt800541,2,0.9868842260824047,0.2193931022920578,LV,0.0,0
1,bt295361.2,bt295361,2,0.9860971704900047,0.2193931022920578,LV,0.0,0
1,bt474991.2,bt474991,2,0.9859540186778833,0.2193931022920578,LV,0.0,0
1,uc1627323.2,uc1627323,2,0.9871766974797797,0.2193931022920578,LV,0.0,0
1,uc3405987.2,uc3405987,2,0.9896636545350984,0.2193931022920578,LV,0.0,0
1,uc3405846.2,uc3405846,2,0.9915874132763274,0.2193931022920578,LV,0.0,0
1,uc3405847.2,uc3405847,2,0.9902662187576962,0.2193931022920578,LV,0.0,0
1,uc3405838.2,uc3405838,2,0.9887622009370204,0.2193931022920578,LV,0.0,0
1,uc1607326.2,uc1607326,2,0.9887636125573953,0.2193931022920578,LV,0.0,0
1,uc1607316.2,uc1607316,2,0.9864610740463893,0.2193931022920578,LV,0.0,0
1,uc1607308.2,uc1607308,2,0.9926658274011837,0.2193931022920578,LV,0.0,0
1,uc1623434.2,uc1623434,2,0.0,0.1270170592217177,LV,0.95,1
1,uc1620373.2,uc1620373,2,0.99281454652536,0.2193931022920578,LV,0.0,0
1,uc1607302.2,uc1607302,2,0.9926621826511212,0.2193931022920578,LV,0.0,0
1,uc1607304.2,uc1607304,2,0.9925701610813631,0.2193931022920578,LV,0.0,0
1,uc1607306.2,uc1607306,2,0.9922040383228897,0.2193931022920578,LV,0.0,0
1,uc1607299.2,uc1607299,2,0.9930159509773085,0.2193931022920578,LV,0.0,0
1,uc1607297.2,uc1607297,2,0.9949514276457903,0.2193931022920578,LV,0.0,0
1,uc1607298.2,uc1607298,2,0.9931645776993716,0.2193931022920578,LV,0.0,0
1,uc1607289.2,uc1607289,2,0.9964298691340275,0.2193931022920578,LV,0.0,0
1,uc1607291.2,uc1607291,2,0.9945790297493576,0.2193931022920578,LV,0.0,0
1,uc1607292.2,uc1607292,2,0.9941390286834919,0.2193931022920578,LV,0.0,0
1,uc1607280.2,uc1607280,2,0.9916143867247805,0.2193931022920578,LV,0.0,0
1,uc1607284.2,uc1607284,2,0.9918028298295021,0.2193931022920578,LV,0.0,0
1,uc1607285.2,uc1607285,2,0.991711013139985,0.2193931022920578,LV,0.0,0
1,uc1607288.2,uc1607288,2,0.9919389423280195,0.2193931022920578,LV,0.0,0
1,uc1607279.2,uc1607279,2,0.9925305915544562,0.2193931022920578,LV,0.0,0
1,uc1607355.2,uc1607355,2,0.9932084445302454,0.2193931022920578,LV,0.0,0
1,uc1607357.2,uc1607357,2,0.99593600030949,0.2193931022920578,LV,0.0,0
1,uc1607358.2,uc1607358,2,0.9940889400094819,0.2193931022920578,LV,0.0,0
1,uc1607368.2,uc1607368,2,0.0,0.1270170592217177,LV,0.95,1
1,uc1607276.2,uc1607276,2,0.9986697566924199,0.2193931022920578,LV,0.0,0
1,uc1607278.2,uc1607278,2,0.999582968532261,0.2193931022920578,LV,0.0,0
1,uc1607273.2,uc1607273,2,0.9984454047894452,0.2193931022920578,LV,0.0,0
1,uc1607328.2,uc1607328,2,0.9883662722854424,0.2193931022920578,LV,0.0,0
1,uc1607347.2,uc1607347,2,0.9919912554326505,0.2193931022920578,LV,0.0,0
1,uc1607350.2,uc1607350,2,0.9938994241495902,0.2193931022920578,LV,0.0,0
1,uc1107341.2,uc1107341,2,0.9897087090388988,0.2193931022920578,LV,0.0,0
1,uc1107333.2,uc1107333,2,0.9911135135568637,0.2193931022920578,LV,0.0,0
1,uc1607268.2,uc1607268,2,0.9984315125577475,0.2193931022920578,LV,0.0,0
1,uc1607252.2,uc1607252,2,0.9911895247146663,0.2193931022920578,LV,0.0,0
1,uc1606000.2,uc1606000,2,0.9916046097005312,0.2193931022920578,LV,0.0,0
1,uc1607255.2,uc1607255,2,0.9927982071926094,0.2193931022920578,LV,0.0,0
1,uc1607258.2,uc1607258,2,0.9911967991680933,0.2193931022920578,LV,0.0,0
1,uc1124041.2,uc1124041,2,0.991850591711452,0.2193931022920578,LV,0.0,0
1,uc1124340.2,uc1124340,2,0.9913881473863464,0.2193931022920578,LV,0.0,0
1,uc1121173.2,uc1121173,2,0.9911940657316531,0.2193931022920578,LV,0.0,0
1,uc1107345.2,uc1107345,2,0.9913706681028716,0.2193931022920578,LV,0.0,0
1,uc605816.2,uc605816,2,0.9891612637229587,0.2193931022920578,LV,0.0,0
1,uc605812.2,uc605812,2,0.9859851571311661,0.2193931022920578,LV,0.0,0
1,uc605813.2,uc605813,2,0.9950200550912595,0.2193931022920578,LV,0.0,0
1,uc609685.2,uc609685,2,0.9969366468272094,0.2193931022920578,LV,0.0,0
1,uc609688.2,uc609688,2,0.9925673179446466,0.2193931022920578,LV,0.0,0
1,uc621168.2,uc621168,2,0.9937922683386351,0.2193931022920578,LV,0.0,0
1,uc621171.2,uc621171,2,0.9928441925514062,0.2193931022920578,LV,0.0,0
1,uc605810.2,uc605810,2,0.9958553161155053,0.2193931022920578,LV,0.0,0
1,uc605807.2,uc605807,2,0.9875040496614417,0.2193931022920578,LV,0.0,0
1,uc605801.2,uc605801,2,0.991532766584132,0.2193931022920578,LV,0.0,0
1,uc607384.2,uc607384,2,0.992698080544447,0.2193931022920578,LV,0.0,0
1,uc607385.2,uc607385,2,0.9897783158309947,0.2193931022920578,LV,0.0,0
1,uc609682.2,uc609682,2,0.9881606258441362,0.2193931022920578,LV,0.0,0
1,uc609683.2,uc609683,2,0.9956745890649287,0.2193931022920578,LV,0.0,0
1,uc607377.2,uc607377,2,0.9971784754898652,0.2193931022920578,LV,0.0,0
1,uc607382.2,uc607382,2,0.9947334350580234,0.2193931022920578,LV,0.0,0
1,uc606117.2,uc606117,2,0.9943089363778634,0.2193931022920578,LV,0.0,0
1,uc606120.2,uc606120,2,0.9939670458509643,0.2193931022920578,LV,0.0,0
1,uc623433.2,uc623433,2,0.9873245849370385,0.2193931022920578,LV,0.0,0
1,uc623007.2,uc623007,2,0.9949061206905151,0.2193931022920578,LV,0.0,0
1,uc606147.2,uc606147,2,0.9922536536371397,0.2193931022920578,LV,0.0,0
1,uc606148.2,uc606148,2,0.9998432285465336,0.2193931022920578,LV,0.0,0
1,uc606150.2,uc606150,2,0.9976817081184151,0.2193931022920578,LV,0.0,0
1,uc606109.2,uc606109,2,0.9930851719168695,0.2193931022920578,LV,0.0,0
1,uc606110.2,uc606110,2,0.9925454578591132,0.2193931022920578,LV,0.0,0
1,uc606111.2,uc606111,2,0.9942376110265033,0.2193931022920578,LV,0.0,0
1,uc622720.2,uc622720,2,0.9937012067357541,0.2193931022920578,LV,0.0,0
1,uc623004.2,uc623004,2,0.9886299659546671,0.2193931022920578,LV,0.0,0
1,uc606103.2,uc606103,2,0.9936880787325973,0.2193931022920578,LV,0.0,0
1,uc606139.2,uc606139,2,0.9923395184043962,0.2193931022920578,LV,0.0,0
1,uc606143.2,uc606143,2,0.9942603908676633,0.2193931022920578,LV,0.0,0
1,uc605921.2,uc605921,2,0.9944633232165803,0.2193931022920578,LV,0.0,0
1,uc605915.2,uc605915,2,0.9931841896339201,0.2193931022920578,LV,0.0,0
1,uc606101.2,uc606101,2,0.9942854614128723,0.2193931022920578,LV,0.0,0
1,uc622273.2,uc622273,2,0.9933480578764485,0.2193931022920578,LV,0.0,0
1,uc605990.2,uc605990,2,0.9865827708312911,0.2193931022920578,LV,0.0,0
1,uc606130.2,uc606130,2,0.9958864046818918,0.2193931022920578,LV,0.0,0
1,uc606132.2,uc606132,2,0.9927692147046643,0.2193931022920578,LV,0.0,0
1,uc622258.2,uc622258,2,0.996092894754631,0.2193931022920578,LV,0.0,0
1,uc622270.2,uc622270,2,0.9985268756649741,0.2193931022920578,LV,0.0,0
1,uc605905.2,uc605905,2,0.9922964089428292,0.2193931022920578,LV,0.0,0
1,uc605909.2,uc605909,2,0.9971297265090335,0.2193931022920578,LV,0.0,0
1,uc605910.2,uc605910,2,0.9940418610381283,0.2193931022920578,LV,0.0,0
1,uc605911.2,uc605911,2,0.9946366846950686,0.2193931022920578,LV,0.0,0
1,uc606128.2,uc606128,2,0.9949904840377303,0.2193931022920578,LV,0.0,0
1,uc605904.2,uc605904,2,0.9923616044705673,0.2193931022920578,LV,0.0,0
1,uc1239552.2,uc1239552,2,0.9931635556641768,0.2193931022920578,LV,0.0,0
1,uc605817.2,uc605817,2,0.9948479916605049,0.2193931022920578,LV,0.0,0
1,uc605819.2,uc605819,2,0.992677928839479,0.2193931022920578,LV,0.0,0
1,uc605820.2,uc605820,2,0.9887221984063341,0.2193931022920578,LV,0.0,0
1,uc605821.2,uc605821,2,0.9897596208725558,0.2193931022920578,LV,0.0,0
1,uc605822.2,uc605822,2,0.988606191165974,0.2193931022920578,LV,0.0,0
1,uc639280.2,uc639280,2,0.9930337936352894,0.2193931022920578,LV,0.0,0
1,uc605898.2,uc605898,2,0.9957592789679613,0.2193931022920578,LV,0.0,0
1,uc605902.2,uc605902,2,0.9926597436532407,0.2193931022920578,LV,0.0,0
1,uc605982.2,uc605982,2,0.9874122523423248,0.2193931022920578,LV,0.0,0
1,uc605988.2,uc605988,2,0.9860296527276966,0.2193931022920578,LV,0.0,0
1,uc606126.2,uc606126,2,0.9940754324910422,0.2193931022920578,LV,0.0,0
1,uc606127.2,uc606127,2,0.9931045654901519,0.2193931022920578,LV,0.0,0
1,uc605896.2,uc605896,2,0.9879780511310763,0.2193931022920578,LV,0.0,0
1,uc606121.2,uc606121,2,0.992650500304667,0.2193931022920578,LV,0.0,0
1,uc606122.2,uc606122,2,0.9905229875799672,0.2193931022920578,LV,0.0,0
1,uc606123.2,uc606123,2,0.9928729703948426,0.2193931022920578,LV,0.0,0
1,uc622709.2,uc622709,2,0.9939031644543314,0.2193931022920578,LV,0.0,0
1,uc639277.2,uc639277,2,0.989860480675186,0.2193931022920578,LV,0.0,0
1,uc1139390.2,uc1139390,2,0.9931270601841784,0.2193931022920578,LV,0.0,0
1,uc605864.2,uc605864,2,0.9898223161031594,0.2193931022920578,LV,0.0,0
1,uc605865.2,uc605865,2,0.9895252174582044,0.2193931022920578,LV,0.0,0
1,uc638617.2,uc638617,2,0.9892046088509802,0.2193931022920578,LV,0.0,0
1,uc605855.2,uc605855,2,0.9893698506116074,0.2193931022920578,LV,0.0,0
1,uc1638606.2,uc1638606,2,0.9968766533500832,0.2193931022920578,LV,0.0,0
1,uc1638954.2,uc1638954,2,0.998204249611195,0.2193931022920578,LV,0.0,0
1,uc605836.2,uc605836,2,0.9805316058999546,0.2193931022920578,LV,0.0,0
1,uc1607303.2,uc1607303,2,0.9937831207461918,0.2193931022920578,LV,0.0,0
1,uc637705.2,uc637705,2,0.9904387054942082,0.2193931022920578,LV,0.0,0
1,uc1637704.2,uc1637704,2,1.0022122537780969,0.2193931022920578,LV,0.0,0
1,uc637576.2,uc637576,2,0.992786405642452,0.2193931022920578,LV,0.0,0
1,uc637918.2,uc637918,2,0.9924843891251747,0.2193931022920578,LV,0.0,0
1,uc637360.2,uc637360,2,0.9928292475303258,0.2193931022920578,LV,0.0,0
1,uc637397.2,uc637397,2,0.990123468054315,0.2193931022920578,LV,0.0,0
1,uc636933.2,uc636933,2,0.992146443173355,0.2193931022920578,LV,0.0,0
1,uc605908.2,uc605908,2,0.9977562922838057,0.2193931022920578,LV,0.0,0
1,uc635963.2,uc635963,2,0.9940479339034229,0.2193931022920578,LV,0.0,0
1,uc635543.2,uc635543,2,0.993092045706292,0.2193931022920578,LV,0.0,0
1,uc635966.2,uc635966,2,0.9930853767018897,0.2193931022920578,LV,0.0,0
1,uc627328.2,uc627328,2,0.9857949686859667,0.2193931022920578,LV,0.0,0
1,uc635550.2,uc635550,2,0.9945770858555271,0.2193931022920578,LV,0.0,0
1,uc635862.2,uc635862,2,0.9918696077617294,0.2193931022920578,LV,0.0,0
1,uc3435739.2,uc3435739,2,0.989517211747517,0.2193931022920578,LV,0.0,0
1,uc634166.2,uc634166,2,0.9959917086371483,0.2193931022920578,LV,0.0,0
1,uc1633671.2,uc1633671,2,0.9944182290179133,0.2193931022920578,LV,0.0,0
1,uc633056.2,uc633056,2,0.9955788501646216,0.2193931022920578,LV,0.0,0
1,uc632607.2,uc632607,2,0.9774754754208633,0.2193931022920578,LV,0.0,0
1,uc1632402.2,uc1632402,2,0.9925753951621261,0.2193931022920578,LV,0.0,0
1,uc1131858.2,uc1131858,2,0.9897922750140739,0.2193931022920578,LV,0.0,0
1,uc631391.2,uc631391,2,0.9807356108647391,0.2193931022920578,LV,0.0,0
1,uc1630759.2,uc1630759,2,0.991797768831386,0.2193931022920578,LV,0.0,0
1,uc630758.2,uc630758,2,0.9895297802980416,0.2193931022920578,LV,0.0,0
1,uc630753.2,uc630753,2,0.9896679377626184,0.2193931022920578,LV,0.0,0
1,uc628766.2,uc628766,2,0.9958951073499097,0.2193931022920578,LV,0.0,0
1,uc627346.2,uc627346,2,0.9966441767837132,0.2193931022920578,LV,0.0,0
1,uc1629422.2,uc1629422,2,0.992170440479131,0.2193931022920578,LV,0.0,0
1,60651.3,60651,3,0.9963211756563677,13.336791218280357,MV,0.0,0
1,60721.3,60721,3,0.9962908719586608,13.336791218280357,MV,0.0,0
1,164151.3,164151,3,0.9965752961073745,13.336791218280357,MV,0.0,0
1,302191.3,302191,3,0.9939092810304736,13.336791218280357,MV,0.0,0
1,320841.3,320841,3,0.9951832349057734,13.336791218280357,MV,0.0,0
1,337711.3,337711,3,0.9939360336221,13.336791218280357,MV,0.0,0
1,358691.3,358691,3,0.9991370465240211,13.336791218280357,MV,0.0,0
1,et6_1177.3,et6_1177,3,0.9941228106956785,0.2193931022920578,LV,0.0,0
1,461501.3,461501,3,0.996472368072539,13.336791218280357,MV,0.0,0
1,686891.3,686891,3,0.9957693275532037,13.336791218280357,MV,0.0,0
1,703601.3,703601,3,0.9966620189731045,13.336791218280357,MV,0.0,0
1,713791.3,713791,3,0.9956618178571823,13.336791218280357,MV,0.0,0
1,725731.3,725731,3,0.9953528974513168,13.336791218280357,MV,0.0,0
1,809501.3,809501,3,0.99592644862698,13.336791218280357,MV,0.0,0
1,811221.3,811221,3,0.9965907547926991,13.336791218280357,MV,0.0,0
1,815111.3,815111,3,0.9939065043819381,13.336791218280357,MV,0.0,0
1,822371.3,822371,3,0.9954602424733474,13.336791218280357,MV,0.0,0
1,820611.3,820611,3,0.9961834609399878,13.336791218280357,MV,0.0,0
1,822641.3,822641,3,0.9955127781660922,13.336791218280357,MV,0.0,0
1,618431.3,618431,3,0.9963214145310488,13.336791218280357,MV,0.0,0
1,bt10401.3,bt10401,3,0.9905124332828326,0.2193931022920578,LV,0.0,0
1,bt197792.3,bt197792,3,0.9901072082609006,0.2193931022920578,LV,0.0,0
1,bt800551.3,bt800551,3,0.9901777063532406,0.2193931022920578,LV,0.0,0
1,bt295341.3,bt295341,3,0.9900107801234191,0.2193931022920578,LV,0.0,0
1,bt800541.3,bt800541,3,0.9900511369405505,0.2193931022920578,LV,0.0,0
1,bt295361.3,bt295361,3,0.9900107808067937,0.2193931022920578,LV,0.0,0
1,bt474991.3,bt474991,3,0.9900107812744607,0.2193931022920578,LV,0.0,0
1,uc627336.3,uc627336,3,0.994937872548855,0.2193931022920578,LV,0.0,0
1,uc1620373.3,uc1620373,3,0.9937398856617913,0.2193931022920578,LV,0.0,0
1,uc1607302.3,uc1607302,3,0.9935548724071898,0.2193931022920578,LV,0.0,0
1,uc1607304.3,uc1607304,3,0.993494157676575,0.2193931022920578,LV,0.0,0
1,uc1607298.3,uc1607298,3,0.9943277605426127,0.2193931022920578,LV,0.0,0
1,uc1607280.3,uc1607280,3,0.9924031300169821,0.2193931022920578,LV,0.0,0
1,uc1607285.3,uc1607285,3,0.993342959398608,0.2193931022920578,LV,0.0,0
1,uc1607279.3,uc1607279,3,0.9933197114132833,0.2193931022920578,LV,0.0,0
1,uc1607347.3,uc1607347,3,0.9929162285937281,0.2193931022920578,LV,0.0,0
1,uc1124340.3,uc1124340,3,0.9932139282549296,0.2193931022920578,LV,0.0,0
1,uc605816.3,uc605816,3,0.9902578116244212,0.2193931022920578,LV,0.0,0
1,uc605815.3,uc605815,3,0.9916456266867495,0.2193931022920578,LV,0.0,0
1,uc621171.3,uc621171,3,0.9933871006231982,0.2193931022920578,LV,0.0,0
1,uc607384.3,uc607384,3,0.9932440814793351,0.2193931022920578,LV,0.0,0
1,uc606117.3,uc606117,3,0.9948524183227733,0.2193931022920578,LV,0.0,0
1,uc606120.3,uc606120,3,0.9945104019414076,0.2193931022920578,LV,0.0,0
1,uc623007.3,uc623007,3,0.9938437026602934,0.2193931022920578,LV,0.0,0
1,uc605867.3,uc605867,3,0.9916269274349968,0.2193931022920578,LV,0.0,0
1,uc606150.3,uc606150,3,0.9978113347037052,0.2193931022920578,LV,0.0,0
1,uc606109.3,uc606109,3,0.9936281796672045,0.2193931022920578,LV,0.0,0
1,uc606110.3,uc606110,3,0.9930883039496425,0.2193931022920578,LV,0.0,0
1,uc606111.3,uc606111,3,0.9947810618782986,0.2193931022920578,LV,0.0,0
1,uc622722.3,uc622722,3,0.9920061804791591,0.2193931022920578,LV,0.0,0
1,uc623004.3,uc623004,3,0.9911039293723722,0.2193931022920578,LV,0.0,0
1,uc606101.3,uc606101,3,0.9948190820327569,0.2193931022920578,LV,0.0,0
1,uc606132.3,uc606132,3,0.9933205718286215,0.2193931022920578,LV,0.0,0
1,uc605910.3,uc605910,3,0.9945813641876307,0.2193931022920578,LV,0.0,0
1,uc605911.3,uc605911,3,0.9951764365839894,0.2193931022920578,LV,0.0,0
1,uc605904.3,uc605904,3,0.9949574281002065,0.2193931022920578,LV,0.0,0
1,uc1239552.3,uc1239552,3,0.9940891418640428,0.2193931022920578,LV,0.0,0
1,uc605821.3,uc605821,3,0.9922881592287007,0.2193931022920578,LV,0.0,0
1,uc639280.3,uc639280,3,0.9937030752149327,0.2193931022920578,LV,0.0,0
1,uc605898.3,uc605898,3,0.9950957467491399,0.2193931022920578,LV,0.0,0
1,uc605902.3,uc605902,3,0.993147077658183,0.2193931022920578,LV,0.0,0
1,uc606126.3,uc606126,3,0.9946276794440053,0.2193931022920578,LV,0.0,0
1,uc606127.3,uc606127,3,0.9936564034883174,0.2193931022920578,LV,0.0,0
1,uc606121.3,uc606121,3,0.9931926657559954,0.2193931022920578,LV,0.0,0
1,uc606122.3,uc606122,3,0.9910637656358475,0.2193931022920578,LV,0.0,0
1,uc639277.3,uc639277,3,0.9923890958387337,0.2193931022920578,LV,0.0,0
1,uc1139390.3,uc1139390,3,0.9940526123708292,0.2193931022920578,LV,0.0,0
1,uc637576.3,uc637576,3,0.9933363170200654,0.2193931022920578,LV,0.0,0
1,uc637918.3,uc637918,3,0.9931534854447507,0.2193931022920578,LV,0.0,0
1,uc637360.3,uc637360,3,0.9933720278116861,0.2193931022920578,LV,0.0,0
1,uc637397.3,uc637397,3,0.9912165419616673,0.2193931022920578,LV,0.0,0
1,uc635963.3,uc635963,3,0.9945913253021719,0.2193931022920578,LV,0.0,0
1,uc635543.3,uc635543,3,0.9936350439793146,0.2193931022920578,LV,0.0,0
1,uc635966.3,uc635966,3,0.9936283731326963,0.2193931022920578,LV,0.0,0
1,uc635550.3,uc635550,3,0.9951304160397089,0.2193931022920578,LV,0.0,0
1,uc635862.3,uc635862,3,0.9917681499054982,0.2193931022920578,LV,0.0,0
1,uc1633671.3,uc1633671,3,0.9945031704356609,0.2193931022920578,LV,0.0,0
1,uc632607.3,uc632607,3,0.9785652275938026,0.2193931022920578,LV,0.0,0
1,uc1629422.3,uc1629422,3,0.9946003982864806,0.2193931022920578,LV,0.0,0
2,60651.1,60651,1,0.9958385208860584,13.336791218280357,MV,0.0,0
2,60721.1,60721,1,0.9958085472658573,13.336791218280357,MV,0.0,0
2,164151.1,164151,1,0.9960898081427043,13.336791218280357,MV,0.0,0
2,302191.1,302191,1,0.9930457895933159,13.336791218280357,MV,0.0,0
2,320841.1,320841,1,0.9946253892583217,13.336791218280357,MV,0.0,0
2,337711.1,337711,1,0.9930721682453668,13.336791218280357,MV,0.0,0
2,358691.1,358691,1,0.9989698617036415,13.336791218280357,MV,0.0,0
2,et6_1177.1,et6_1177,1,0.9955384061838546,0.2193931022920578,LV,0.0,0
2,461501.1,461501,1,0.995940546130216,13.336791218280357,MV,0.0,0
2,686891.1,686891,1,0.9952157813651602,13.336791218280357,MV,0.0,0
2,703601.1,703601,1,0.9961807442280769,13.336791218280357,MV,0.0,0
2,713791.1,713791,1,0.9950966297812731,13.336791218280357,MV,0.0,0
2,725731.1,725731,1,0.9947937814940521,13.336791218280357,MV,0.0,0
2,809501.1,809501,1,0.9953723787247204,13.336791218280357,MV,0.0,0
2,811221.1,811221,1,0.9961059366496191,13.336791218280357,MV,0.0,0
2,815111.1,815111,1,0.9930430730829706,13.336791218280357,MV,0.0,0
2,822371.1,822371,1,0.9948984674611171,13.336791218280357,MV,0.0,0
2,820611.1,820611,1,0.9956759357387859,13.336791218280357,MV,0.0,0
2,822641.1,822641,1,0.994946556390162,13.336791218280357,MV,0.0,0
2,618431.1,618431,1,0.9958387573072982,13.336791218280357,MV,0.0,0
2,bt10401.1,bt10401,1,0.9869312129521443,0.2193931022920578,LV,0.0,0
2,bt197792.1,bt197792,1,0.9860427768269568,0.2193931022920578,LV,0.0,0
2,bt800551.1,bt800551,1,0.9861730133345631,0.2193931022920578,LV,0.0,0
2,bt295341.1,bt295341,1,0.9849910021800016,0.2193931022920578,LV,0.0,0
2,bt800541.1,bt800541,1,0.9855510085519941,0.2193931022920578,LV,0.0,0
2,bt295361.1,bt295361,1,0.9844571528764414,0.2193931022920578,LV,0.0,0
2,bt474991.1,bt474991,1,0.9840367574393666,0.2193931022920578,LV,0.0,0
2,uc626695.1,uc626695,1,0.9807683184049939,0.2193931022920578,LV,0.0,0
2,uc1627323.1,uc1627323,1,0.9927949793788554,0.2193931022920578,LV,0.0,0
2,uc1627342.1,uc1627342,1,0.9993505992652962,0.2193931022920578,LV,0.0,0
2,uc627343.1,uc627343,1,0.9966562589833423,0.2193931022920578,LV,0.0,0
2,uc627344.1,uc627344,1,0.9975054446455156,0.2193931022920578,LV,0.0,0
2,uc1626672.1,uc1626672,1,0.0,0.1270170592217177,LV,0.95,1
2,uc1626490.1,uc1626490,1,0.9929803766364524,0.2193931022920578,LV,0.0,0
2,uc3422706.1,uc3422706,1,0.9958390445212132,0.2193931022920578,LV,0.0,0
2,uc3425629.1,uc3425629,1,0.995888631880296,0.2193931022920578,LV,0.0,0
2,uc3422597.1,uc3422597,1,0.9938278382687307,0.2193931022920578,LV,0.0,0
2,uc3405843.1,uc3405843,1,0.9941801005410277,0.2193931022920578,LV,0.0,0
2,uc3405844.1,uc3405844,1,0.9940325647283084,0.2193931022920578,LV,0.0,0
2,uc3405845.1,uc3405845,1,0.9939963547533299,0.2193931022920578,LV,0.0,0
2,uc3405846.1,uc3405846,1,0.9943549184723085,0.2193931022920578,LV,0.0,0
2,uc1626486.1,uc1626486,1,0.9994899301073525,0.2193931022920578,LV,0.0,0
2,uc1626487.1,uc1626487,1,0.9943903601340552,0.2193931022920578,LV,0.0,0
2,uc626481.1,uc626481,1,0.9954369683497074,0.2193931022920578,LV,0.0,0
2,uc626678.1,uc626678,1,0.9926376289023798,0.2193931022920578,LV,0.0,0
2,uc626698.1,uc626698,1,0.9969057280418813,0.2193931022920578,LV,0.0,0
2,uc626476.1,uc626476,1,0.99055729618888,0.2193931022920578,LV,0.0,0
2,uc1627321.1,uc1627321,1,0.9991155949256583,0.2193931022920578,LV,0.0,0
2,uc1607319.1,uc1607319,1,0.9939710497046343,0.2193931022920578,LV,0.0,0
2,uc1607308.1,uc1607308,1,0.994319481812187,0.2193931022920578,LV,0.0,0
2,uc1624026.1,uc1624026,1,0.0,0.1270170592217177,LV,0.95,1
2,uc1625170.1,uc1625170,1,0.997373786772131,0.2193931022920578,LV,0.0,0
2,uc1621994.1,uc1621994,1,0.9991830170049493,0.2193931022920578,LV,0.0,0
2,uc1620360.1,uc1620360,1,0.9988850671394464,0.2193931022920578,LV,0.0,0
2,uc1620373.1,uc1620373,1,0.9932815121771783,0.2193931022920578,LV,0.0,0
2,uc1607302.1,uc1607302,1,0.9931364653686249,0.2193931022920578,LV,0.0,0
2,uc1607304.1,uc1607304,1,0.9921009565381033,0.2193931022920578,LV,0.0,0
2,uc1607305.1,uc1607305,1,0.9917291292286208,0.2193931022920578,LV,0.0,0
2,uc1607306.1,uc1607306,1,0.9938829609344119,0.2193931022920578,LV,0.0,0
2,uc1607297.1,uc1607297,1,0.9964298510537328,0.2193931022920578,LV,0.0,0
2,uc1607298.1,uc1607298,1,0.9938743835482096,0.2193931022920578,LV,0.0,0
2,uc1607289.1,uc1607289,1,0.9971455683510828,0.2193931022920578,LV,0.0,0
2,uc1607290.1,uc1607290,1,0.9972133725448056,0.2193931022920578,LV,0.0,0
2,uc1607291.1,uc1607291,1,0.9965104407575875,0.2193931022920578,LV,0.0,0
2,uc1607280.1,uc1607280,1,0.9921460801889848,0.2193931022920578,LV,0.0,0
2,uc1607283.1,uc1607283,1,0.9896101692672117,0.2193931022920578,LV,0.0,0
2,uc1607285.1,uc1607285,1,0.9910374015371044,0.2193931022920578,LV,0.0,0
2,uc1607287.1,uc1607287,1,0.9933745550113233,0.2193931022920578,LV,0.0,0
2,uc1607288.1,uc1607288,1,0.9939330575658155,0.2193931022920578,LV,0.0,0
2,uc1607279.1,uc1607279,1,0.9930119071878906,0.2193931022920578,LV,0.0,0
2,uc1607357.1,uc1607357,1,0.9965732651940691,0.2193931022920578,LV,0.0,0
2,uc1607358.1,uc1607358,1,0.9960914965396367,0.2193931022920578,LV,0.0,0
2,uc1607368.1,uc1607368,1,0.0,0.1270170592217177,LV,0.95,1
2,uc1607277.1,uc1607277,1,0.9973346473320269,0.2193931022920578,LV,0.0,0
2,uc1607278.1,uc1607278,1,1.0011790519487025,0.2193931022920578,LV,0.0,0
2,uc1607272.1,uc1607272,1,0.9932308966232428,0.2193931022920578,LV,0.0,0
2,uc1607273.1,uc1607273,1,1.0011222608225634,0.2193931022920578,LV,0.0,0
2,uc1607353.1,uc1607353,1,0.996519966902747,0.2193931022920578,LV,0.0,0
2,uc1607347.1,uc1607347,1,0.9924972002547081,0.2193931022920578,LV,0.0,0
2,uc1607349.1,uc1607349,1,0.9966332707366308,0.2193931022920578,LV,0.0,0
2,uc1107342.1,uc1107342,1,0.991269411710258,0.2193931022920578,LV,0.0,0
2,uc1107340.1,uc1107340,1,0.9899988508720696,0.2193931022920578,LV,0.0,0
2,uc1105833.1,uc1105833,1,0.9950004497194326,0.2193931022920578,LV,0.0,0
2,uc1107330.1,uc1107330,1,0.9895143444961655,0.2193931022920578,LV,0.0,0
2,uc1607265.1,uc1607265,1,0.9908003046246213,0.2193931022920578,LV,0.0,0
2,uc1607268.1,uc1607268,1,0.9989711363041943,0.2193931022920578,LV,0.0,0
2,uc1607252.1,uc1607252,1,0.9942844744139938,0.2193931022920578,LV,0.0,0
2,uc1605991.1,uc1605991,1,0.9955007407869505,0.2193931022920578,LV,0.0,0
2,uc1605996.1,uc1605996,1,0.9935275089973553,0.2193931022920578,LV,0.0,0
2,uc1607257.1,uc1607257,1,0.995748800776511,0.2193931022920578,LV,0.0,0
2,uc1607258.1,uc1607258,1,0.9942913300844294,0.2193931022920578,LV,0.0,0
2,uc1124340.1,uc1124340,1,0.9916905101536918,0.2193931022920578,LV,0.0,0
2,uc605816.1,uc605816,1,0.9898723435795788,0.2193931022920578,LV,0.0,0
2,uc605813.1,uc605813,1,0.9952058933558044,0.2193931022920578,LV,0.0,0
2,uc609684.1,uc609684,1,0.9979322650589852,0.2193931022920578,LV,0.0,0
2,uc609686.1,uc609686,1,0.9982305703965174,0.2193931022920578,LV,0.0,0
2,uc609688.1,uc609688,1,0.9939294138130927,0.2193931022920578,LV,0.0,0
2,uc621168.1,uc621168,1,0.9959733763865909,0.2193931022920578,LV,0.0,0
2,uc621171.1,uc621171,1,0.9933160595342806,0.2193931022920578,LV,0.0,0
2,uc605808.1,uc605808,1,0.9984639614743115,0.2193931022920578,LV,0.0,0
2,uc605809.1,uc605809,1,0.9860096080978951,0.2193931022920578,LV,0.0,0
2,uc605810.1,uc605810,1,0.9970678060035422,0.2193931022920578,LV,0.0,0
2,uc605970.1,uc605970,1,0.9955557358942267,0.2193931022920578,LV,0.0,0
2,uc605803.1,uc605803,1,0.9958805045884114,0.2193931022920578,LV,0.0,0
2,uc605804.1,uc605804,1,0.9971568517236726,0.2193931022920578,LV,0.0,0
2,uc605806.1,uc605806,1,0.9945805657337733,0.2193931022920578,LV,0.0,0
2,uc607384.1,uc607384,1,0.9931793797286863,0.2193931022920578,LV,0.0,0
2,uc607387.1,uc607387,1,0.9949735251094372,0.2193931022920578,LV,0.0,0
2,uc609682.1,uc609682,1,0.9915573738811531,0.2193931022920578,LV,0.0,0
2,uc624033.1,uc624033,1,0.999504440728103,0.2193931022920578,LV,0.0,0
2,uc625156.1,uc625156,1,0.9959033054772992,0.2193931022920578,LV,0.0,0
2,uc625624.1,uc625624,1,0.9912034961858605,0.2193931022920578,LV,0.0,0
2,uc625625.1,uc625625,1,0.9981251670907201,0.2193931022920578,LV,0.0,0
2,uc607366.1,uc607366,1,0.9859825567472936,0.2193931022920578,LV,0.0,0
2,uc607367.1,uc607367,1,0.9969281332728437,0.2193931022920578,LV,0.0,0
2,uc606114.1,uc606114,1,0.9952554250138078,0.2193931022920578,LV,0.0,0
2,uc606117.1,uc606117,1,0.9947002765094892,0.2193931022920578,LV,0.0,0
2,uc606120.1,uc606120,1,0.9943793247791014,0.2193931022920578,LV,0.0,0
2,uc623015.1,uc623015,1,0.9846676469344544,0.2193931022920578,LV,0.0,0
2,uc623432.1,uc623432,1,0.9940834281279468,0.2193931022920578,LV,0.0,0
2,uc624028.1,uc624028,1,0.994988597633061,0.2193931022920578,LV,0.0,0
2,uc605873.1,uc605873,1,0.996222058260659,0.2193931022920578,LV,0.0,0
2,uc623007.1,uc623007,1,0.9952747542350522,0.2193931022920578,LV,0.0,0
2,uc606147.1,uc606147,1,0.9955019627651287,0.2193931022920578,LV,0.0,0
2,uc606148.1,uc606148,1,0.999735009505001,0.2193931022920578,LV,0.0,0
2,uc606150.1,uc606150,1,0.9978473704330273,0.2193931022920578,LV,0.0,0
2,uc606109.1,uc606109,1,0.9935461821965839,0.2193931022920578,LV,0.0,0
2,uc606110.1,uc606110,1,0.9930361178808751,0.2193931022920578,LV,0.0,0
2,uc606111.1,uc606111,1,0.9946335944683427,0.2193931022920578,LV,0.0,0
2,uc622777.1,uc622777,1,1.0006529634490893,0.2193931022920578,LV,0.0,0
2,uc623004.1,uc623004,1,0.990288383133544,0.2193931022920578,LV,0.0,0
2,uc606103.1,uc606103,1,0.9956056948071254,0.2193931022920578,LV,0.0,0
2,uc606139.1,uc606139,1,0.9966185898276148,0.2193931022920578,LV,0.0,0
2,uc606141.1,uc606141,1,0.9944093863194526,0.2193931022920578,LV,0.0,0
2,uc606143.1,uc606143,1,0.9970907103092664,0.2193931022920578,LV,0.0,0
2,uc605921.1,uc605921,1,0.9954927566823963,0.2193931022920578,LV,0.0,0
2,uc622713.1,uc622713,1,0.9948291574053065,0.2193931022920578,LV,0.0,0
2,uc622714.1,uc622714,1,0.9952763767770519,0.2193931022920578,LV,0.0,0
2,uc605993.1,uc605993,1,0.9963810078004046,0.2193931022920578,LV,0.0,0
2,uc606101.1,uc606101,1,0.9935153877248333,0.2193931022920578,LV,0.0,0
2,uc606102.1,uc606102,1,0.9924255767936306,0.2193931022920578,LV,0.0,0
2,uc622273.1,uc622273,1,0.9962290745297422,0.2193931022920578,LV,0.0,0
2,uc622703.1,uc622703,1,0.9808392746189575,0.2193931022920578,LV,0.0,0
2,uc605989.1,uc605989,1,0.9974647472112034,0.2193931022920578,LV,0.0,0
2,uc606130.1,uc606130,1,0.9972752448249816,0.2193931022920578,LV,0.0,0
2,uc606132.1,uc606132,1,0.9932459178202194,0.2193931022920578,LV,0.0,0
2,uc605914.1,uc605914,1,1.0020680119230008,0.2193931022920578,LV,0.0,0
2,uc622257.1,uc622257,1,0.9975589912512046,0.2193931022920578,LV,0.0,0
2,uc605909.1,uc605909,1,0.9978451168563268,0.2193931022920578,LV,0.0,0
2,uc605910.1,uc605910,1,0.9944659983311674,0.2193931022920578,LV,0.0,0
2,uc605911.1,uc605911,1,0.995026450904445,0.2193931022920578,LV,0.0,0
2,uc606128.1,uc606128,1,0.996603089298247,0.2193931022920578,LV,0.0,0
2,uc605823.1,uc605823,1,0.9905425196072993,0.2193931022920578,LV,0.0,0
2,uc605824.1,uc605824,1,0.9953762813710963,0.2193931022920578,LV,0.0,0
2,uc605904.1,uc605904,1,0.9948539822069103,0.2193931022920578,LV,0.0,0
2,uc621999.1,uc621999,1,0.9965220761784654,0.2193931022920578,LV,0.0,0
2,uc639553.1,uc639553,1,0.9934975002557209,0.2193931022920578,LV,0.0,0
2,uc1239552.1,uc1239552,1,0.9936068562202262,0.2193931022920578,LV,0.0,0
2,uc605817.1,uc605817,1,0.9956962705417303,0.2193931022920578,LV,0.0,0
2,uc605819.1,uc605819,1,0.9940338314912217,0.2193931022920578,LV,0.0,0
2,uc605820.1,uc605820,1,0.9939799967180443,0.2193931022920578,LV,0.0,0
2,uc605821.1,uc605821,1,0.991108145651382,0.2193931022920578,LV,0.0,0
2,uc639280.1,uc639280,1,0.9934862878817151,0.2193931022920578,LV,0.0,0
2,uc605898.1,uc605898,1,0.9951533280371326,0.2193931022920578,LV,0.0,0
2,uc605901.1,uc605901,1,0.9974834725996934,0.2193931022920578,LV,0.0,0
2,uc605902.1,uc605902,1,0.9931630915181079,0.2193931022920578,LV,0.0,0
2,uc605985.1,uc605985,1,0.9919391362370841,0.2193931022920578,LV,0.0,0
2,uc606126.1,uc606126,1,0.9944790917137035,0.2193931022920578,LV,0.0,0
2,uc606127.1,uc606127,1,0.9935593565882946,0.2193931022920578,LV,0.0,0
2,uc605896.1,uc605896,1,0.987440626374535,0.2193931022920578,LV,0.0,0
2,uc606121.1,uc606121,1,0.9931444392555083,0.2193931022920578,LV,0.0,0
2,uc606122.1,uc606122,1,0.9911347187096711,0.2193931022920578,LV,0.0,0
2,uc606123.1,uc606123,1,0.9933443536867398,0.2193931022920578,LV,0.0,0
2,uc606124.1,uc606124,1,0.9975555599540638,0.2193931022920578,LV,0.0,0
2,uc605825.1,uc605825,1,0.9932546392668825,0.2193931022920578,LV,0.0,0
2,uc623427.1,uc623427,1,0.9933443666422881,0.2193931022920578,LV,0.0,0
2,uc609687.1,uc609687,1,0.9985336493035721,0.2193931022920578,LV,0.0,0
2,uc639277.1,uc639277,1,0.9912034961921966,0.2193931022920578,LV,0.0,0
2,uc1139390.1,uc1139390,1,0.9935703444519268,0.2193931022920578,LV,0.0,0
2,uc605863.1,uc605863,1,0.9909050569486447,0.2193931022920578,LV,0.0,0
2,uc605865.1,uc605865,1,0.9911312530946546,0.2193931022920578,LV,0.0,0
2,uc1138614.1,uc1138614,1,0.993443079423863,0.2193931022920578,LV,0.0,0
2,uc605855.1,uc605855,1,0.9926995798201653,0.2193931022920578,LV,0.0,0
2,uc605828.1,uc605828,1,0.9908994811546303,0.2193931022920578,LV,0.0,0
2,uc605829.1,uc605829,1,0.9946208098630351,0.2193931022920578,LV,0.0,0
2,uc605834.1,uc605834,1,0.9887094996083016,0.2193931022920578,LV,0.0,0
2,uc605835.1,uc605835,1,0.9887634775901712,0.2193931022920578,LV,0.0,0
2,uc605827.1,uc605827,1,0.9908526320543333,0.2193931022920578,LV,0.0,0
2,uc627337.1,uc627337,1,0.9949099170921138,0.2193931022920578,LV,0.0,0
2,uc637912.1,uc637912,1,0.9946816325698102,0.2193931022920578,LV,0.0,0
2,uc637576.1,uc637576,1,0.9932625422607938,0.2193931022920578,LV,0.0,0
2,uc637356.1,uc637356,1,0.9961341735250795,0.2193931022920578,LV,0.0,0
2,uc637918.1,uc637918,1,0.9929670691203913,0.2193931022920578,LV,0.0,0
2,uc637360.1,uc637360,1,0.9933058542352887,0.2193931022920578,LV,0.0,0
2,uc637399.1,uc637399,1,0.9854329134609752,0.2193931022920578,LV,0.0,0
2,uc637397.1,uc637397,1,0.990784793483553,0.2193931022920578,LV,0.0,0
2,uc1137150.1,uc1137150,1,0.9945868979653862,0.2193931022920578,LV,0.0,0
2,uc1636598.1,uc1636598,1,0.0,0.1270170592217177,LV,0.95,1
2,uc636933.1,uc636933,1,0.9964367988325257,0.2193931022920578,LV,0.0,0
2,uc635963.1,uc635963,1,0.9944553311003798,0.2193931022920578,LV,0.0,0
2,uc635543.1,uc635543,1,0.9935524259443989,0.2193931022920578,LV,0.0,0
2,uc635966.1,uc635966,1,0.9935461231789922,0.2193931022920578,LV,0.0,0
2,uc635550.1,uc635550,1,0.9949515558520604,0.2193931022920578,LV,0.0,0
2,uc635862.1,uc635862,1,0.992433568696126,0.2193931022920578,LV,0.0,0
2,uc1635694.1,uc1635694,1,1.0017813038178238,0.2193931022920578,LV,0.0,0
2,uc3435739.1,uc3435739,1,0.9931493109917136,0.2193931022920578,LV,0.0,0
2,uc1635060.1,uc1635060,1,0.9975597683081805,0.2193931022920578,LV,0.0,0
2,uc1607271.1,uc1607271,1,0.9984972241031069,0.2193931022920578,LV,0.0,0
2,uc605884.1,uc605884,1,0.9959981108140336,0.2193931022920578,LV,0.0,0
2,uc1609690.1,uc1609690,1,0.9996239238807801,0.2193931022920578,LV,0.0,0
2,uc1134165.1,uc1134165,1,0.9900870857184317,0.2193931022920578,LV,0.0,0
2,uc634166.1,uc634166,1,0.9972031785250658,0.2193931022920578,LV,0.0,0
2,uc1633896.1,uc1633896,1,0.9984198838793819,0.2193931022920578,LV,0.0,0
2,uc3433894.1,uc3433894,1,0.9946716962136363,0.2193931022920578,LV,0.0,0
2,uc1633892.1,uc1633892,1,0.999400605476122,0.2193931022920578,LV,0.0,0
2,uc633672.1,uc633672,1,0.9985585194346748,0.2193931022920578,LV,0.0,0
2,uc1633671.1,uc1633671,1,0.9926558442573371,0.2193931022920578,LV,0.0,0
2,uc1632306.1,uc1632306,1,0.9982645740281426,0.2193931022920578,LV,0.0,0
2,uc632607.1,uc632607,1,0.9788364530899931,0.2193931022920578,LV,0.0,0
2,uc632613.1,uc632613,1,0.9944058083088951,0.2193931022920578,LV,0.0,0
2,uc3432407.1,uc3432407,1,0.9938054081035798,0.2193931022920578,LV,0.0,0
2,uc1632402.1,uc1632402,1,0.9913927281957063,0.2193931022920578,LV,0.0,0
2,uc1132019.1,uc1132019,1,0.9934441298268941,0.2193931022920578,LV,0.0,0
2,uc632016.1,uc632016,1,0.9969067288347807,0.2193931022920578,LV,0.0,0
2,uc1132015.1,uc1132015,1,0.991448494038009,0.2193931022920578,LV,0.0,0
2,uc1132012.1,uc1132012,1,0.9959489402359823,0.2193931022920578,LV,0.0,0
2,uc631859.1,uc631859,1,0.9968230202940105,0.2193931022920578,LV,0.0,0
2,uc1631852.1,uc1631852,1,0.9963328361157461,0.2193931022920578,LV,0.0,0
2,uc1130761.1,uc1130761,1,0.988720814457388,0.2193931022920578,LV,0.0,0
2,uc1630759.1,uc1630759,1,0.9906959951405567,0.2193931022920578,LV,0.0,0
2,uc630758.1,uc630758,1,0.9939784442883245,0.2193931022920578,LV,0.0,0
2,uc629428.1,uc629428,1,0.9967904750398873,0.2193931022920578,LV,0.0,0
2,uc1629639.1,uc1629639,1,1.000011676516763,0.2193931022920578,LV,0.0,0
2,uc1229546.1,uc1229546,1,0.9936252519127304,0.2193931022920578,LV,0.0,0
2,uc628768.1,uc628768,1,0.9952801582156997,0.2193931022920578,LV,0.0,0
2,uc628757.1,uc628757,1,0.9992415573588899,0.2193931022920578,LV,0.0,0
2,uc628766.1,uc628766,1,0.9972834598363448,0.2193931022920578,LV,0.0,0
2,uc628753.1,uc628753,1,1.0001602801910106,0.2193931022920578,LV,0.0,0
2,uc627346.1,uc627346,1,0.9973933564083809,0.2193931022920578,LV,0.0,0
2,uc1628760.1,uc1628760,1,1.0000808218507475,0.2193931022920578,LV,0.0,0
2,uc1629422.1,uc1629422,1,0.9940648918992891,0.2193931022920578,LV,0.0,0
2,uc626699.1,uc626699,1,0.9981411329212859,0.2193931022920578,LV,0.0,0
2,60651.2,60651,2,0.9964223881765762,13.336791218280357,MV,0.0,0
2,60721.2,60721,2,0.9963924095796726,13.336791218280357,MV,0.0,0
2,164151.2,164151,2,0.9966737275433659,13.336791218280357,MV,0.0,0
2,302191.2,302191,2,0.9941203863919865,13.336791218280357,MV,0.0,0
2,320841.2,320841,2,0.9953286023826474,13.336791218280357,MV,0.0,0
2,337711.2,337711,2,0.9941467763636128,13.336791218280357,MV,0.0,0
2,358691.2,358691,2,0.9992254229401117,13.336791218280357,MV,0.0,0
2,et6_1177.2,et6_1177,2,0.9953514037149265,0.2193931022920578,LV,0.0,0
2,461501.2,461501,2,0.9966072176692516,13.336791218280357,MV,0.0,0
2,686891.2,686891,2,0.9958973898330619,13.336791218280357,MV,0.0,0
2,703601.2,703601,2,0.9967584048370597,13.336791218280357,MV,0.0,0
2,713791.2,713791,2,0.9957990605316344,13.336791218280357,MV,0.0,0
2,725731.2,725731,2,0.9954970342700037,13.336791218280357,MV,0.0,0
2,809501.2,809501,2,0.9960510319854725,13.336791218280357,MV,0.0,0
2,811221.2,811221,2,0.9966888283666274,13.336791218280357,MV,0.0,0
2,815111.2,815111,2,0.9941176691436505,13.336791218280357,MV,0.0,0
2,822371.2,822371,2,0.9956017505162442,13.336791218280357,MV,0.0,0
2,820611.2,820611,2,0.996292677707253,13.336791218280357,MV,0.0,0
2,822641.2,822641,2,0.9956580239049374,13.336791218280357,MV,0.0,0
2,618431.2,618431,2,0.9964226246401557,13.336791218280357,MV,0.0,0
2,bt10401.2,bt10401,2,0.9880849453452095,0.2193931022920578,LV,0.0,0
2,bt197792.2,bt197792,2,0.9877746110527795,0.2193931022920578,LV,0.0,0
2,bt800551.2,bt800551,2,0.9877746110748606,0.2193931022920578,LV,0.0,0
2,bt295341.2,bt295341,2,0.9871926690686628,0.2193931022920578,LV,0.0,0
2,bt800541.2,bt800541,2,0.9874788456583821,0.2193931022920578,LV,0.0,0
2,bt295361.2,bt295361,2,0.9867314735274776,0.2193931022920578,LV,0.0,0
2,bt474991.2,bt474991,2,0.9865961863618062,0.2193931022920578,LV,0.0,0
2,uc1627323.2,uc1627323,2,0.987922660581436,0.2193931022920578,LV,0.0,0
2,uc3405987.2,uc3405987,2,0.9902485243594326,0.2193931022920578,LV,0.0,0
2,uc3405846.2,uc3405846,2,0.9920656225839671,0.2193931022920578,LV,0.0,0
2,uc3405847.2,uc3405847,2,0.9908179751017656,0.2193931022920578,LV,0.0,0
2,uc3405838.2,uc3405838,2,0.9893970354580056,0.2193931022920578,LV,0.0,0
2,uc1607326.2,uc1607326,2,0.9894262102794789,0.2193931022920578,LV,0.0,0
2,uc1607316.2,uc1607316,2,0.987254204195403,0.2193931022920578,LV,0.0,0
2,uc1607308.2,uc1607308,2,0.9930850462280421,0.2193931022920578,LV,0.0,0
2,uc1623434.2,uc1623434,2,0.0,0.1270170592217177,LV,0.95,1
2,uc1620373.2,uc1620373,2,0.9930641946691504,0.2193931022920578,LV,0.0,0
2,uc1607302.2,uc1607302,2,0.9929268234027026,0.2193931022920578,LV,0.0,0
2,uc1607304.2,uc1607304,2,0.992836447004471,0.2193931022920578,LV,0.0,0
2,uc1607306.2,uc1607306,2,0.99264863102807,0.2193931022920578,LV,0.0,0
2,uc1607299.2,uc1607299,2,0.9932625289421367,0.2193931022920578,LV,0.0,0
2,uc1607297.2,uc1607297,2,0.9952534393064135,0.2193931022920578,LV,0.0,0
2,uc1607298.2,uc1607298,2,0.9934029813199993,0.2193931022920578,LV,0.0,0
2,uc1607289.2,uc1607289,2,0.9966509353652993,0.2193931022920578,LV,0.0,0
2,uc1607291.2,uc1607291,2,0.9949015060588721,0.2193931022920578,LV,0.0,0
2,uc1607292.2,uc1607292,2,0.9944856957925077,0.2193931022920578,LV,0.0,0
2,uc1607280.2,uc1607280,2,0.9919552333435647,0.2193931022920578,LV,0.0,0
2,uc1607284.2,uc1607284,2,0.9921250146607987,0.2193931022920578,LV,0.0,0
2,uc1607285.2,uc1607285,2,0.9920382473254656,0.2193931022920578,LV,0.0,0
2,uc1607288.2,uc1607288,2,0.9922506017178199,0.2193931022920578,LV,0.0,0
2,uc1607279.2,uc1607279,2,0.9928210745395858,0.2193931022920578,LV,0.0,0
2,uc1607355.2,uc1607355,2,0.9934637793032325,0.2193931022920578,LV,0.0,0
2,uc1607357.2,uc1607357,2,0.9962058556377746,0.2193931022920578,LV,0.0,0
2,uc1607358.2,uc1607358,2,0.9944532529671989,0.2193931022920578,LV,0.0,0
2,uc1607368.2,uc1607368,2,0.0,0.1270170592217177,LV,0.95,1
2,uc1607276.2,uc1607276,2,0.9988843483990931,0.2193931022920578,LV,0.0,0
2,uc1607278.2,uc1607278,2,0.9997485822924065,0.2193931022920578,LV,0.0,0
2,uc1607273.2,uc1607273,2,0.9986582114875238,0.2193931022920578,LV,0.0,0
2,uc1607328.2,uc1607328,2,0.9890507057893854,0.2193931022920578,LV,0.0,0
2,uc1607347.2,uc1607347,2,0.9922798357573828,0.2193931022920578,LV,0.0,0
2,uc1607350.2,uc1607350,2,0.9942752180088829,0.2193931022920578,LV,0.0,0
2,uc1107341.2,uc1107341,2,0.9902895245321572,0.2193931022920578,LV,0.0,0
2,uc1107333.2,uc1107333,2,0.9916169836514254,0.2193931022920578,LV,0.0,0
2,uc1607268.2,uc1607268,2,0.9986236939394658,0.2193931022920578,LV,0.0,0
2,uc1607252.2,uc1607252,2,0.9917180863782964,0.2193931022920578,LV,0.0,0
2,uc1606000.2,uc1606000,2,0.9919346486706839,0.2193931022920578,LV,0.0,0
2,uc1607255.2,uc1607255,2,0.9930799726573032,0.2193931022920578,LV,0.0,0
2,uc1607258.2,uc1607258,2,0.9917249600821201,0.2193931022920578,LV,0.0,0
2,uc1124041.2,uc1124041,2,0.9923212632100682,0.2193931022920578,LV,0.0,0
2,uc1124340.2,uc1124340,2,0.9917189808957388,0.2193931022920578,LV,0.0,0
2,uc1121173.2,uc1121173,2,0.9916931124867164,0.2193931022920578,LV,0.0,0
2,uc1107345.2,uc1107345,2,0.9917024637174974,0.2193931022920578,LV,0.0,0
2,uc605816.2,uc605816,2,0.9896144293365251,0.2193931022920578,LV,0.0,0
2,uc605812.2,uc605812,2,0.9866256154895672,0.2193931022920578,LV,0.0,0
2,uc605813.2,uc605813,2,0.995195376947815,0.2193931022920578,LV,0.0,0
2,uc609685.2,uc609685,2,0.9971672340847771,0.2193931022920578,LV,0.0,0
2,uc609688.2,uc609688,2,0.9929913643437196,0.2193931022920578,LV,0.0,0
2,uc621168.2,uc621168,2,0.9941530885861033,0.2193931022920578,LV,0.0,0
2,uc621171.2,uc621171,2,0.9930906396728295,0.2193931022920578,LV,0.0,0
2,uc605810.2,uc605810,2,0.9961388580206056,0.2193931022920578,LV,0.0,0
2,uc605807.2,uc605807,2,0.988067444078943,0.2193931022920578,LV,0.0,0
2,uc605801.2,uc605801,2,0.9920626372399364,0.2193931022920578,LV,0.0,0
2,uc607384.2,uc607384,2,0.9929601900281214,0.2193931022920578,LV,0.0,0
2,uc607385.2,uc607385,2,0.9902000577286909,0.2193931022920578,LV,0.0,0
2,uc609682.2,uc609682,2,0.988825633808758,0.2193931022920578,LV,0.0,0
2,uc609683.2,uc609683,2,0.9959745168777384,0.2193931022920578,LV,0.0,0
2,uc607377.2,uc607377,2,0.9973949252289982,0.2193931022920578,LV,0.0,0
2,uc607382.2,uc607382,2,0.9950780702916323,0.2193931022920578,LV,0.0,0
2,uc606117.2,uc606117,2,0.9944750311445736,0.2193931022920578,LV,0.0,0
2,uc606120.2,uc606120,2,0.9941540365427771,0.2193931022920578,LV,0.0,0
2,uc623433.2,uc623433,2,0.9878978489175113,0.2193931022920578,LV,0.0,0
2,uc623007.2,uc623007,2,0.995087707602783,0.2193931022920578,LV,0.0,0
2,uc606147.2,uc606147,2,0.9927656000907115,0.2193931022920578,LV,0.0,0
2,uc606148.2,uc606148,2,0.9999519071876349,0.2193931022920578,LV,0.0,0
2,uc606150.2,uc606150,2,0.9977769690172628,0.2193931022920578,LV,0.0,0
2,uc606109.2,uc606109,2,0.9933207800524394,0.2193931022920578,LV,0.0,0
2,uc606110.2,uc606110,2,0.9928107444463095,0.2193931022920578,LV,0.0,0
2,uc606111.2,uc606111,2,0.9944083331519952,0.2193931022920578,LV,0.0,0
2,uc622720.2,uc622720,2,0.9940662703121492,0.2193931022920578,LV,0.0,0
2,uc623004.2,uc623004,2,0.9891147813764296,0.2193931022920578,LV,0.0,0
2,uc606103.2,uc606103,2,0.9940604685571025,0.2193931022920578,LV,0.0,0
2,uc606139.2,uc606139,2,0.9928284938616929,0.2193931022920578,LV,0.0,0
2,uc606143.2,uc606143,2,0.9946579746616538,0.2193931022920578,LV,0.0,0
2,uc605921.2,uc605921,2,0.9947936007484742,0.2193931022920578,LV,0.0,0
2,uc605915.2,uc605915,2,0.9935888469149502,0.2193931022920578,LV,0.0,0
2,uc606101.2,uc606101,2,0.9944636712672464,0.2193931022920578,LV,0.0,0
2,uc622273.2,uc622273,2,0.9937958181694811,0.2193931022920578,LV,0.0,0
2,uc605990.2,uc605990,2,0.9871926250402477,0.2193931022920578,LV,0.0,0
2,uc606130.2,uc606130,2,0.996132467790305,0.2193931022920578,LV,0.0,0
2,uc606132.2,uc606132,2,0.9930298787684184,0.2193931022920578,LV,0.0,0
2,uc622258.2,uc622258,2,0.9963242423521275,0.2193931022920578,LV,0.0,0
2,uc622270.2,uc622270,2,0.9986902509788768,0.2193931022920578,LV,0.0,0
2,uc605905.2,uc605905,2,0.9925987668334387,0.2193931022920578,LV,0.0,0
2,uc605909.2,uc605909,2,0.997314808699191,0.2193931022920578,LV,0.0,0
2,uc605910.2,uc605910,2,0.9942384054516941,0.2193931022920578,LV,0.0,0
2,uc605911.2,uc605911,2,0.9947989719845893,0.2193931022920578,LV,0.0,0
2,uc606128.2,uc606128,2,0.99528704428143,0.2193931022920578,LV,0.0,0
2,uc605904.2,uc605904,2,0.9926603445675705,0.2193931022920578,LV,0.0,0
2,uc1239552.2,uc1239552,2,0.9933897033861985,0.2193931022920578,LV,0.0,0
2,uc605817.2,uc605817,2,0.9951556744825564,0.2193931022920578,LV,0.0,0
2,uc605819.2,uc605819,2,0.993095886195751,0.2193931022920578,LV,0.0,0
2,uc605820.2,uc605820,2,0.9893664493424752,0.2193931022920578,LV,0.0,0
2,uc605821.2,uc605821,2,0.9901819348540426,0.2193931022920578,LV,0.0,0
2,uc605822.2,uc605822,2,0.989256777746642,0.2193931022920578,LV,0.0,0
2,uc639280.2,uc639280,2,0.9933060944784102,0.2193931022920578,LV,0.0,0
2,uc605898.2,uc605898,2,0.9958813755983634,0.2193931022920578,LV,0.0,0
2,uc605902.2,uc605902,2,0.9929454543730273,0.2193931022920578,LV,0.0,0
2,uc605982.2,uc605982,2,0.9879806950216982,0.2193931022920578,LV,0.0,0
2,uc605988.2,uc605988,2,0.9866676659467879,0.2193931022920578,LV,0.0,0
2,uc606126.2,uc606126,2,0.9942652010464059,0.2193931022920578,LV,0.0,0
2,uc606127.2,uc606127,2,0.9933452886656103,0.2193931022920578,LV,0.0,0
2,uc605896.2,uc605896,2,0.9885159245843732,0.2193931022920578,LV,0.0,0
2,uc606121.2,uc606121,2,0.9929184170733536,0.2193931022920578,LV,0.0,0
2,uc606122.2,uc606122,2,0.9909080287023344,0.2193931022920578,LV,0.0,0
2,uc606123.2,uc606123,2,0.993128099113567,0.2193931022920578,LV,0.0,0
2,uc622709.2,uc622709,2,0.9942625198575814,0.2193931022920578,LV,0.0,0
2,uc639277.2,uc639277,2,0.990277248718847,0.2193931022920578,LV,0.0,0
2,uc1139390.2,uc1139390,2,0.9933531995960185,0.2193931022920578,LV,0.0,0
2,uc605864.2,uc605864,2,0.9902416455986889,0.2193931022920578,LV,0.0,0
2,uc605865.2,uc605865,2,0.989960850264258,0.2193931022920578,LV,0.0,0
2,uc638617.2,uc638617,2,0.9896578685016374,0.2193931022920578,LV,0.0,0
2,uc605855.2,uc605855,2,0.989968386466294,0.2193931022920578,LV,0.0,0
2,uc1638606.2,uc1638606,2,0.9971917879720688,0.2193931022920578,LV,0.0,0
2,uc1638954.2,uc1638954,2,0.99843032174757,0.2193931022920578,LV,0.0,0
2,uc605836.2,uc605836,2,0.9816271328185259,0.2193931022920578,LV,0.0,0
2,uc1607303.2,uc1607303,2,0.9941415985265939,0.2193931022920578,LV,0.0,0
2,uc637705.2,uc637705,2,0.9910305999534618,0.2193931022920578,LV,0.0,0
2,uc1637704.2,uc1637704,2,1.0022347790278197,0.2193931022920578,LV,0.0,0
2,uc637576.2,uc637576,2,0.9930462965595349,0.2193931022920578,LV,0.0,0
2,uc637918.2,uc637918,2,0.992786914737094,0.2193931022920578,LV,0.0,0
2,uc637360.2,uc637360,2,0.993080412569022,0.2193931022920578,LV,0.0,0
2,uc637397.2,uc637397,2,0.9905262505034689,0.2193931022920578,LV,0.0,0
2,uc636933.2,uc636933,2,0.9926460601091083,0.2193931022920578,LV,0.0,0
2,uc605908.2,uc605908,2,0.9979090523896991,0.2193931022920578,LV,0.0,0
2,uc635963.2,uc635963,2,0.994230057024865,0.2193931022920578,LV,0.0,0
2,uc635543.2,uc635543,2,0.9933269984948199,0.2193931022920578,LV,0.0,0
2,uc635966.2,uc635966,2,0.9933206963771152,0.2193931022920578,LV,0.0,0
2,uc627328.2,uc627328,2,0.9864458753541719,0.2193931022920578,LV,0.0,0
2,uc635550.2,uc635550,2,0.994738424303819,0.2193931022920578,LV,0.0,0
2,uc635862.2,uc635862,2,0.9921756566235195,0.2193931022920578,LV,0.0,0
2,uc3435739.2,uc3435739,2,0.9901102401463064,0.2193931022920578,LV,0.0,0
2,uc634166.2,uc634166,2,0.9962426174643141,0.2193931022920578,LV,0.0,0
2,uc1633671.2,uc1633671,2,0.9946977701813597,0.2193931022920578,LV,0.0,0
2,uc633056.2,uc633056,2,0.9958840448464804,0.2193931022920578,LV,0.0,0
2,uc632607.2,uc632607,2,0.978572835876529,0.2193931022920578,LV,0.0,0
2,uc1632402.2,uc1632402,2,0.9930229616129433,0.2193931022920578,LV,0.0,0
2,uc1131858.2,uc1131858,2,0.990368492894473,0.2193931022920578,LV,0.0,0
2,uc631391.2,uc631391,2,0.9818663307887799,0.2193931022920578,LV,0.0,0
2,uc1630759.2,uc1630759,2,0.9922880953606015,0.2193931022920578,LV,0.0,0
2,uc630758.2,uc630758,2,0.9901375662804595,0.2193931022920578,LV,0.0,0
2,uc630753.2,uc630753,2,0.9900952992421548,0.2193931022920578,LV,0.0,0
2,uc628766.2,uc628766,2,0.9961406913883462,0.2193931022920578,LV,0.0,0
2,uc627346.2,uc627346,2,0.9968490962492255,0.2193931022920578,LV,0.0,0
2,uc1629422.2,uc1629422,2,0.9924693669751731,0.2193931022920578,LV,0.0,0
2,60651.3,60651,3,0.9964128099184617,13.336791218280357,MV,0.0,0
2,60721.3,60721,3,0.9963828301002009,13.336791218280357,MV,0.0,0
2,164151.3,164151,3,0.9966641671167066,13.336791218280357,MV,0.0,0
2,302191.3,302191,3,0.9941026570442765,13.336791218280357,MV,0.0,0
2,320841.3,320841,3,0.9953023724598921,13.336791218280357,MV,0.0,0
2,337711.3,337711,3,0.9941290517929864,13.336791218280357,MV,0.0,0
2,358691.3,358691,3,0.9991597623259912,13.336791218280357,MV,0.0,0
2,et6_1177.3,et6_1177,3,0.9942495179071862,0.2193931022920578,LV,0.0,0
2,461501.3,461501,3,0.996573425931766,13.336791218280357,MV,0.0,0
2,686891.3,686891,3,0.9958751880203102,13.336791218280357,MV,0.0,0
2,703601.3,703601,3,0.996749395627736,13.336791218280357,MV,0.0,0
2,713791.3,713791,3,0.9957732402056684,13.336791218280357,MV,0.0,0
2,725731.3,725731,3,0.9954707953202708,13.336791218280357,MV,0.0,0
2,809501.3,809501,3,0.9960305412911337,13.336791218280357,MV,0.0,0
2,811221.3,811221,3,0.9966793610402155,13.336791218280357,MV,0.0,0
2,815111.3,815111,3,0.9940999392433305,13.336791218280357,MV,0.0,0
2,822371.3,822371,3,0.9955755449399694,13.336791218280357,MV,0.0,0
2,820611.3,820611,3,0.9962793565423135,13.336791218280357,MV,0.0,0
2,822641.3,822641,3,0.9956281956851906,13.336791218280357,MV,0.0,0
2,618431.3,618431,3,0.9964130463964165,13.336791218280357,MV,0.0,0
2,bt10401.3,bt10401,3,0.9906146853027067,0.2193931022920578,LV,0.0,0
2,bt197792.3,bt197792,3,0.9902094628341993,0.2193931022920578,LV,0.0,0
2,bt800551.3,bt800551,3,0.9902799605276162,0.2193931022920578,LV,0.0,0
2,bt295341.3,bt295341,3,0.9901130359836415,0.2193931022920578,LV,0.0,0
2,bt800541.3,bt800541,3,0.9901533923174154,0.2193931022920578,LV,0.0,0
2,bt295361.3,bt295361,3,0.9901130366685327,0.2193931022920578,LV,0.0,0
2,bt474991.3,bt474991,3,0.9901130371372551,0.2193931022920578,LV,0.0,0
2,uc627336.3,uc627336,3,0.9951060917745361,0.2193931022920578,LV,0.0,0
2,uc1620373.3,uc1620373,3,0.9939460828622081,0.2193931022920578,LV,0.0,0
2,uc1607302.3,uc1607302,3,0.9937774640093572,0.2193931022920578,LV,0.0,0
2,uc1607304.3,uc1607304,3,0.9937170852300294,0.2193931022920578,LV,0.0,0
2,uc1607298.3,uc1607298,3,0.994508889766551,0.2193931022920578,LV,0.0,0
2,uc1607280.3,uc1607280,3,0.9927063827183371,0.2193931022920578,LV,0.0,0
2,uc1607285.3,uc1607285,3,0.993586860220534,0.2193931022920578,LV,0.0,0
2,uc1607279.3,uc1607279,3,0.9935725635131525,0.2193931022920578,LV,0.0,0
2,uc1607347.3,uc1607347,3,0.9931613923924707,0.2193931022920578,LV,0.0,0
2,uc1124340.3,uc1124340,3,0.9934531980398392,0.2193931022920578,LV,0.0,0
2,uc605816.3,uc605816,3,0.9906621942394712,0.2193931022920578,LV,0.0,0
2,uc605815.3,uc605815,3,0.9919752948603656,0.2193931022920578,LV,0.0,0
2,uc621171.3,uc621171,3,0.9936054519908174,0.2193931022920578,LV,0.0,0
2,uc607384.3,uc607384,3,0.9934779849672647,0.2193931022920578,LV,0.0,0
2,uc606117.3,uc606117,3,0.9949903616495885,0.2193931022920578,LV,0.0,0
2,uc606120.3,uc606120,3,0.9946692543482119,0.2193931022920578,LV,0.0,0
2,uc623007.3,uc623007,3,0.9939857695216611,0.2193931022920578,LV,0.0,0
2,uc605867.3,uc605867,3,0.9919589579984992,0.2193931022920578,LV,0.0,0
2,uc606150.3,uc606150,3,0.9978995871297576,0.2193931022920578,LV,0.0,0
2,uc606109.3,uc606109,3,0.9938356833758125,0.2193931022920578,LV,0.0,0
2,uc606110.3,uc606110,3,0.993325502592289,0.2193931022920578,LV,0.0,0
2,uc606111.3,uc606111,3,0.9949236357730585,0.2193931022920578,LV,0.0,0
2,uc622722.3,uc622722,3,0.9923173601449924,0.2193931022920578,LV,0.0,0
2,uc623004.3,uc623004,3,0.9914647160504285,0.2193931022920578,LV,0.0,0
2,uc606101.3,uc606101,3,0.9949692118956397,0.2193931022920578,LV,0.0,0
2,uc606132.3,uc606132,3,0.993553220251393,0.2193931022920578,LV,0.0,0
2,uc605910.3,uc605910,3,0.9947498999489411,0.2193931022920578,LV,0.0,0
2,uc605911.3,uc605911,3,0.995310690610897,0.2193931022920578,LV,0.0,0
2,uc605904.3,uc605904,3,0.995115067227274,0.2193931022920578,LV,0.0,0
2,uc1239552.3,uc1239552,3,0.9942718160791766,0.2193931022920578,LV,0.0,0
2,uc605821.3,uc605821,3,0.9925822733120091,0.2193931022920578,LV,0.0,0
2,uc639280.3,uc639280,3,0.993942622649356,0.2193931022920578,LV,0.0,0
2,uc605898.3,uc605898,3,0.9952552798088096,0.2193931022920578,LV,0.0,0
2,uc605902.3,uc605902,3,0.9934073508465,0.2193931022920578,LV,0.0,0
2,uc606126.3,uc606126,3,0.9947894044894731,0.2193931022920578,LV,0.0,0
2,uc606127.3,uc606127,3,0.9938691209784383,0.2193931022920578,LV,0.0,0
2,uc606121.3,uc606121,3,0.9934325119715516,0.2193931022920578,LV,0.0,0
2,uc606122.3,uc606122,3,0.9914208267577233,0.2193931022920578,LV,0.0,0
2,uc639277.3,uc639277,3,0.9926776563299892,0.2193931022920578,LV,0.0,0
2,uc1139390.3,uc1139390,3,0.9942352798732885,0.2193931022920578,LV,0.0,0
2,uc637576.3,uc637576,3,0.9935681972879858,0.2193931022920578,LV,0.0,0
2,uc637918.3,uc637918,3,0.9934232763653815,0.2193931022920578,LV,0.0,0
2,uc637360.3,uc637360,3,0.9935951004338391,0.2193931022920578,LV,0.0,0
2,uc637397.3,uc637397,3,0.991570677145121,0.2193931022920578,LV,0.0,0
2,uc635963.3,uc635963,3,0.9947453066495052,0.2193931022920578,LV,0.0,0
2,uc635543.3,uc635543,3,0.9938418930114165,0.2193931022920578,LV,0.0,0
2,uc635966.3,uc635966,3,0.9938355892425113,0.2193931022920578,LV,0.0,0
2,uc635550.3,uc635550,3,0.9952637002170132,0.2193931022920578,LV,0.0,0
2,uc635862.3,uc635862,3,0.9920910778168094,0.2193931022920578,LV,0.0,0
2,uc1633671.3,uc1633671,3,0.9947780856388229,0.2193931022920578,LV,0.0,0
2,uc632607.3,uc632607,3,0.9796144577163135,0.2193931022920578,LV,0.0,0
2,uc1629422.3,uc1629422,3,0.9947724086844801,0.2193931022920578,LV,0.0,0
3,60651.1,60651,1,0.9958429413752808,13.336791218280357,MV,0.0,0
3,60721.1,60721,1,0.9958117934949695,13.336791218280357,MV,0.0,0
3,164151.1,164151,1,0.9961042494404715,13.336791218280357,MV,0.0,0
3,302191.1,302191,1,0.9931843699861306,13.336791218280357,MV,0.0,0
3,320841.1,320841,1,0.9946173841415004,13.336791218280357,MV,0.0,0
3,337711.1,337711,1,0.9932118142474579,13.336791218280357,MV,0.0,0
3,358691.1,358691,1,0.9989811877744533,13.336791218280357,MV,0.0,0
3,et6_1177.1,et6_1177,1,0.9956240662415071,0.2193931022920578,LV,0.0,0
3,461501.1,461501,1,0.995990667293346,13.336791218280357,MV,0.0,0
3,686891.1,686891,1,0.9952185462218147,13.336791218280357,MV,0.0,0
3,703601.1,703601,1,0.9961974488670144,13.336791218280357,MV,0.0,0
3,713791.1,713791,1,0.9951033622071618,13.336791218280357,MV,0.0,0
3,725731.1,725731,1,0.9947939816547262,13.336791218280357,MV,0.0,0
3,809501.1,809501,1,0.9953809603799593,13.336791218280357,MV,0.0,0
3,811221.1,811221,1,0.9961208205354757,13.336791218280357,MV,0.0,0
3,815111.1,815111,1,0.9931814417983134,13.336791218280357,MV,0.0,0
3,822371.1,822371,1,0.9948998199337662,13.336791218280357,MV,0.0,0
3,820611.1,820611,1,0.9956814795340136,13.336791218280357,MV,0.0,0
3,822641.1,822641,1,0.9949529105471413,13.336791218280357,MV,0.0,0
3,618431.1,618431,1,0.9958431864913809,13.336791218280357,MV,0.0,0
3,bt10401.1,bt10401,1,0.9877143412744575,0.2193931022920578,LV,0.0,0
3,bt197792.1,bt197792,1,0.9869021128700542,0.2193931022920578,LV,0.0,0
3,bt800551.1,bt800551,1,0.9870198302941303,0.2193931022920578,LV,0.0,0
3,bt295341.1,bt295341,1,0.9859341950154549,0.2193931022920578,LV,0.0,0
3,bt800541.1,bt800541,1,0.9864488519844697,0.2193931022920578,LV,0.0,0
3,bt295361.1,bt295361,1,0.9854421749314475,0.2193931022920578,LV,0.0,0
3,bt474991.1,bt474991,1,0.9850547183058808,0.2193931022920578,LV,0.0,0
3,uc626695.1,uc626695,1,0.9820629380385504,0.2193931022920578,LV,0.0,0
3,uc1627323.1,uc1627323,1,0.9933490307744445,0.2193931022920578,LV,0.0,0
3,uc1627342.1,uc1627342,1,0.9996447011201275,0.2193931022920578,LV,0.0,0
3,uc627343.1,uc627343,1,0.9967525742798381,0.2193931022920578,LV,0.0,0
3,uc627344.1,uc627344,1,0.9976501286023901,0.2193931022920578,LV,0.0,0
3,uc1626672.1,uc1626672,1,0.0,0.1270170592217177,LV,0.95,1
3,uc1626490.1,uc1626490,1,0.9937687708277155,0.2193931022920578,LV,0.0,0
3,uc3422706.1,uc3422706,1,0.9960058093755165,0.2193931022920578,LV,0.0,0
3,uc3425629.1,uc3425629,1,0.9960506298586039,0.2193931022920578,LV,0.0,0
3,uc3422597.1,uc3422597,1,0.9941917571530327,0.2193931022920578,LV,0.0,0
3,uc3405843.1,uc3405843,1,0.994503104799622,0.2193931022920578,LV,0.0,0
3,uc3405844.1,uc3405844,1,0.9943727870571036,0.2193931022920578,LV,0.0,0
3,uc3405845.1,uc3405845,1,0.9943400579948387,0.2193931022920578,LV,0.0,0
3,uc3405846.1,uc3405846,1,0.9946647968133948,0.2193931022920578,LV,0.0,0
3,uc1626486.1,uc1626486,1,0.9996753473250606,0.2193931022920578,LV,0.0,0
3,uc1626487.1,uc1626487,1,0.9946902736917768,0.2193931022920578,LV,0.0,0
3,uc626481.1,uc626481,1,0.9956598627244,0.2193931022920578,LV,0.0,0
3,uc626678.1,uc626678,1,0.9931078749841418,0.2193931022920578,LV,0.0,0
3,uc626698.1,uc626698,1,0.997135245679589,0.2193931022920578,LV,0.0,0
3,uc626476.1,uc626476,1,0.9913909116378553,0.2193931022920578,LV,0.0,0
3,uc1627321.1,uc1627321,1,0.9994322911513387,0.2193931022920578,LV,0.0,0
3,uc1607319.1,uc1607319,1,0.9943398699305545,0.2193931022920578,LV,0.0,0
3,uc1607308.1,uc1607308,1,0.9946326417820704,0.2193931022920578,LV,0.0,0
3,uc1624026.1,uc1624026,1,0.0,0.1270170592217177,LV,0.95,1
3,uc1625170.1,uc1625170,1,0.9974843547970842,0.2193931022920578,LV,0.0,0
3,uc1621994.1,uc1621994,1,0.9993929768443862,0.2193931022920578,LV,0.0,0
3,uc1620360.1,uc1620360,1,0.999055045201217,0.2193931022920578,LV,0.0,0
3,uc1620373.1,uc1620373,1,0.9934258006941341,0.2193931022920578,LV,0.0,0
3,uc1607302.1,uc1607302,1,0.9933165419620086,0.2193931022920578,LV,0.0,0
3,uc1607304.1,uc1607304,1,0.992365312452725,0.2193931022920578,LV,0.0,0
3,uc1607305.1,uc1607305,1,0.9920292296258585,0.2193931022920578,LV,0.0,0
3,uc1607306.1,uc1607306,1,0.9942380606392212,0.2193931022920578,LV,0.0,0
3,uc1607297.1,uc1607297,1,0.9965672924649005,0.2193931022920578,LV,0.0,0
3,uc1607298.1,uc1607298,1,0.993987611987804,0.2193931022920578,LV,0.0,0
3,uc1607289.1,uc1607289,1,0.9972224583661611,0.2193931022920578,LV,0.0,0
3,uc1607290.1,uc1607290,1,0.9972837466106914,0.2193931022920578,LV,0.0,0
3,uc1607291.1,uc1607291,1,0.9966401401501402,0.2193931022920578,LV,0.0,0
3,uc1607280.1,uc1607280,1,0.9924798782008593,0.2193931022920578,LV,0.0,0
3,uc1607283.1,uc1607283,1,0.9901603689804975,0.2193931022920578,LV,0.0,0
3,uc1607285.1,uc1607285,1,0.991450493166678,0.2193931022920578,LV,0.0,0
3,uc1607287.1,uc1607287,1,0.9938170942285697,0.2193931022920578,LV,0.0,0
3,uc1607288.1,uc1607288,1,0.9940583548997646,0.2193931022920578,LV,0.0,0
3,uc1607279.1,uc1607279,1,0.9932625250498407,0.2193931022920578,LV,0.0,0
3,uc1607357.1,uc1607357,1,0.9967747397239609,0.2193931022920578,LV,0.0,0
3,uc1607358.1,uc1607358,1,0.9963127594919043,0.2193931022920578,LV,0.0,0
3,uc1607368.1,uc1607368,1,0.0,0.1270170592217177,LV,0.95,1
3,uc1607277.1,uc1607277,1,0.9977544840890744,0.2193931022920578,LV,0.0,0
3,uc1607278.1,uc1607278,1,1.0012987359460328,0.2193931022920578,LV,0.0,0
3,uc1607272.1,uc1607272,1,0.9937896455356388,0.2193931022920578,LV,0.0,0
3,uc1607273.1,uc1607273,1,1.001189028567387,0.2193931022920578,LV,0.0,0
3,uc1607353.1,uc1607353,1,0.9967026015072481,0.2193931022920578,LV,0.0,0
3,uc1607347.1,uc1607347,1,0.9926924658333317,0.2193931022920578,LV,0.0,0
3,uc1607349.1,uc1607349,1,0.9968067930241219,0.2193931022920578,LV,0.0,0
3,uc1107342.1,uc1107342,1,0.9916123808641464,0.2193931022920578,LV,0.0,0
3,uc1107340.1,uc1107340,1,0.9907285350669623,0.2193931022920578,LV,0.0,0
3,uc1105833.1,uc1105833,1,0.9952607746805151,0.2193931022920578,LV,0.0,0
3,uc1107330.1,uc1107330,1,0.9902905900218834,0.2193931022920578,LV,0.0,0
3,uc1607265.1,uc1607265,1,0.9915336601704229,0.2193931022920578,LV,0.0,0
3,uc1607268.1,uc1607268,1,0.9991662689393789,0.2193931022920578,LV,0.0,0
3,uc1607252.1,uc1607252,1,0.9946993657079005,0.2193931022920578,LV,0.0,0
3,uc1605991.1,uc1605991,1,0.995760456567134,0.2193931022920578,LV,0.0,0
3,uc1605996.1,uc1605996,1,0.994057746632683,0.2193931022920578,LV,0.0,0
3,uc1607257.1,uc1607257,1,0.9960124773947228,0.2193931022920578,LV,0.0,0
3,uc1607258.1,uc1607258,1,0.9947055631622874,0.2193931022920578,LV,0.0,0
3,uc1124340.1,uc1124340,1,0.9919930121859147,0.2193931022920578,LV,0.0,0
3,uc605816.1,uc605816,1,0.9903504830985379,0.2193931022920578,LV,0.0,0
3,uc605813.1,uc605813,1,0.9953235044585065,0.2193931022920578,LV,0.0,0
3,uc609684.1,uc609684,1,0.9980625672412531,0.2193931022920578,LV,0.0,0
3,uc609686.1,uc609686,1,0.9983321909545905,0.2193931022920578,LV,0.0,0
3,uc609688.1,uc609688,1,0.9942788282300574,0.2193931022920578,LV,0.0,0
3,uc621168.1,uc621168,1,0.9961394674279099,0.2193931022920578,LV,0.0,0
3,uc621171.1,uc621171,1,0.9934483037320488,0.2193931022920578,LV,0.0,0
3,uc605808.1,uc605808,1,0.9985399721432409,0.2193931022920578,LV,0.0,0
3,uc605809.1,uc605809,1,0.9868721340784574,0.2193931022920578,LV,0.0,0
3,uc605810.1,uc605810,1,0.9972592474322839,0.2193931022920578,LV,0.0,0
3,uc605970.1,uc605970,1,0.9957543147935178,0.2193931022920578,LV,0.0,0
3,uc605803.1,uc605803,1,0.9961784739698041,0.2193931022920578,LV,0.0,0
3,uc605804.1,uc605804,1,0.9973381030195992,0.2193931022920578,LV,0.0,0
3,uc605806.1,uc605806,1,0.9947416125017413,0.2193931022920578,LV,0.0,0
3,uc607384.1,uc607384,1,0.9933487333362624,0.2193931022920578,LV,0.0,0
3,uc607387.1,uc607387,1,0.995113471807833,0.2193931022920578,LV,0.0,0
3,uc609682.1,uc609682,1,0.9921335637216564,0.2193931022920578,LV,0.0,0
3,uc624033.1,uc624033,1,0.9995728890269601,0.2193931022920578,LV,0.0,0
3,uc625156.1,uc625156,1,0.9961990830154318,0.2193931022920578,LV,0.0,0
3,uc625624.1,uc625624,1,0.9915564882063557,0.2193931022920578,LV,0.0,0
3,uc625625.1,uc625625,1,0.99823692624524,0.2193931022920578,LV,0.0,0
3,uc607366.1,uc607366,1,0.9868476843645603,0.2193931022920578,LV,0.0,0
3,uc607367.1,uc607367,1,0.9971313643936919,0.2193931022920578,LV,0.0,0
3,uc606114.1,uc606114,1,0.9954927368840283,0.2193931022920578,LV,0.0,0
3,uc606117.1,uc606117,1,0.9946996952676789,0.2193931022920578,LV,0.0,0
3,uc606120.1,uc606120,1,0.9944140885475161,0.2193931022920578,LV,0.0,0
3,uc623015.1,uc623015,1,0.9856382706019974,0.2193931022920578,LV,0.0,0
3,uc623432.1,uc623432,1,0.9944145778337674,0.2193931022920578,LV,0.0,0
3,uc624028.1,uc624028,1,0.9952414407520231,0.2193931022920578,LV,0.0,0
3,uc605873.1,uc605873,1,0.9963529691633656,0.2193931022920578,LV,0.0,0
3,uc623007.1,uc623007,1,0.9953857593520828,0.2193931022920578,LV,0.0,0
3,uc606147.1,uc606147,1,0.9959630626457318,0.2193931022920578,LV,0.0,0
3,uc606148.1,uc606148,1,0.9998256691751071,0.2193931022920578,LV,0.0,0
3,uc606150.1,uc606150,1,0.9979438769805078,0.2193931022920578,LV,0.0,0
3,uc606109.1,uc606109,1,0.9936612565122984,0.2193931022920578,LV,0.0,0
3,uc606110.1,uc606110,1,0.9932002153897375,0.2193931022920578,LV,0.0,0
3,uc606111.1,uc606111,1,0.9946414190304429,0.2193931022920578,LV,0.0,0
3,uc622777.1,uc622777,1,1.0006624123305234,0.2193931022920578,LV,0.0,0
3,uc623004.1,uc623004,1,0.9907309627299948,0.2193931022920578,LV,0.0,0
3,uc606103.1,uc606103,1,0.9958288329383588,0.2193931022920578,LV,0.0,0
3,uc606139.1,uc606139,1,0.9969052931646945,0.2193931022920578,LV,0.0,0
3,uc606141.1,uc606141,1,0.9949586053018051,0.2193931022920578,LV,0.0,0
3,uc606143.1,uc606143,1,0.9973823806468931,0.2193931022920578,LV,0.0,0
3,uc605921.1,uc605921,1,0.9957132021617378,0.2193931022920578,LV,0.0,0
3,uc622713.1,uc622713,1,0.9949395973704668,0.2193931022920578,LV,0.0,0
3,uc622714.1,uc622714,1,0.9957386739351801,0.2193931022920578,LV,0.0,0
3,uc605993.1,uc605993,1,0.9965464042694143,0.2193931022920578,LV,0.0,0
3,uc606101.1,uc606101,1,0.9936509561543067,0.2193931022920578,LV,0.0,0
3,uc606102.1,uc606102,1,0.9926489862853474,0.2193931022920578,LV,0.0,0
3,uc622273.1,uc622273,1,0.9966035113785173,0.2193931022920578,LV,0.0,0
3,uc622703.1,uc622703,1,0.9821278724589457,0.2193931022920578,LV,0.0,0
3,uc605989.1,uc605989,1,0.9976367961346847,0.2193931022920578,LV,0.0,0
3,uc606130.1,uc606130,1,0.9973181452064319,0.2193931022920578,LV,0.0,0
3,uc606132.1,uc606132,1,0.9934134314094647,0.2193931022920578,LV,0.0,0
3,uc605914.1,uc605914,1,1.0020547057401679,0.2193931022920578,LV,0.0,0
3,uc622257.1,uc622257,1,0.9975682954075105,0.2193931022920578,LV,0.0,0
3,uc605909.1,uc605909,1,0.9978620852995037,0.2193931022920578,LV,0.0,0
3,uc605910.1,uc605910,1,0.9945393363696555,0.2193931022920578,LV,0.0,0
3,uc605911.1,uc605911,1,0.9950431641819161,0.2193931022920578,LV,0.0,0
3,uc606128.1,uc606128,1,0.9967115292176709,0.2193931022920578,LV,0.0,0
3,uc605823.1,uc605823,1,0.9909590327468594,0.2193931022920578,LV,0.0,0
3,uc605824.1,uc605824,1,0.995603084026008,0.2193931022920578,LV,0.0,0
3,uc605904.1,uc605904,1,0.9949268977890441,0.2193931022920578,LV,0.0,0
3,uc621999.1,uc621999,1,0.9967642585187523,0.2193931022920578,LV,0.0,0
3,uc639553.1,uc639553,1,0.9936191143599094,0.2193931022920578,LV,0.0,0
3,uc1239552.1,uc1239552,1,0.9936984438561285,0.2193931022920578,LV,0.0,0
3,uc605817.1,uc605817,1,0.9958937177687016,0.2193931022920578,LV,0.0,0
3,uc605819.1,uc605819,1,0.9943732134078692,0.2193931022920578,LV,0.0,0
3,uc605820.1,uc605820,1,0.9943429437074367,0.2193931022920578,LV,0.0,0
3,uc605821.1,uc605821,1,0.9914703025844016,0.2193931022920578,LV,0.0,0
3,uc639280.1,uc639280,1,0.993727878450657,0.2193931022920578,LV,0.0,0
3,uc605898.1,uc605898,1,0.9952326111148322,0.2193931022920578,LV,0.0,0
3,uc605901.1,uc605901,1,0.997581052713775,0.2193931022920578,LV,0.0,0
3,uc605902.1,uc605902,1,0.9934129203650499,0.2193931022920578,LV,0.0,0
3,uc605985.1,uc605985,1,0.9922231224370355,0.2193931022920578,LV,0.0,0
3,uc606126.1,uc606126,1,0.9945296565358848,0.2193931022920578,LV,0.0,0
3,uc606127.1,uc606127,1,0.9936941717095833,0.2193931022920578,LV,0.0,0
3,uc605896.1,uc605896,1,0.9881789775993641,0.2193931022920578,LV,0.0,0
3,uc606121.1,uc606121,1,0.9933269184840613,0.2193931022920578,LV,0.0,0
3,uc606122.1,uc606122,1,0.9915137591470756,0.2193931022920578,LV,0.0,0
3,uc606123.1,uc606123,1,0.9935027639775955,0.2193931022920578,LV,0.0,0
3,uc606124.1,uc606124,1,0.9975703203243358,0.2193931022920578,LV,0.0,0
3,uc605825.1,uc605825,1,0.9936821316696328,0.2193931022920578,LV,0.0,0
3,uc623427.1,uc623427,1,0.9935027769352152,0.2193931022920578,LV,0.0,0
3,uc609687.1,uc609687,1,0.9986029333957557,0.2193931022920578,LV,0.0,0
3,uc639277.1,uc639277,1,0.9915564882127195,0.2193931022920578,LV,0.0,0
3,uc1139390.1,uc1139390,1,0.9936619287222859,0.2193931022920578,LV,0.0,0
3,uc605863.1,uc605863,1,0.9912883887349249,0.2193931022920578,LV,0.0,0
3,uc605865.1,uc605865,1,0.9914928508947218,0.2193931022920578,LV,0.0,0
3,uc1138614.1,uc1138614,1,0.9938479974026863,0.2193931022920578,LV,0.0,0
3,uc605855.1,uc605855,1,0.9931660745496734,0.2193931022920578,LV,0.0,0
3,uc605828.1,uc605828,1,0.9915384366270455,0.2193931022920578,LV,0.0,0
3,uc605829.1,uc605829,1,0.9949027451316372,0.2193931022920578,LV,0.0,0
3,uc605834.1,uc605834,1,0.9895567404077511,0.2193931022920578,LV,0.0,0
3,uc605835.1,uc605835,1,0.989605529080931,0.2193931022920578,LV,0.0,0
3,uc605827.1,uc605827,1,0.9914960912967635,0.2193931022920578,LV,0.0,0
3,uc627337.1,uc627337,1,0.995306819002408,0.2193931022920578,LV,0.0,0
3,uc637912.1,uc637912,1,0.9949577200726203,0.2193931022920578,LV,0.0,0
3,uc637576.1,uc637576,1,0.9934288168552421,0.2193931022920578,LV,0.0,0
3,uc637356.1,uc637356,1,0.9963778446214283,0.2193931022920578,LV,0.0,0
3,uc637918.1,uc637918,1,0.9932585696538944,0.2193931022920578,LV,0.0,0
3,uc637360.1,uc637360,1,0.9934458909531443,0.2193931022920578,LV,0.0,0
3,uc637399.1,uc637399,1,0.9863421156869046,0.2193931022920578,LV,0.0,0
3,uc637397.1,uc637397,1,0.9911796006608595,0.2193931022920578,LV,0.0,0
3,uc1137150.1,uc1137150,1,0.9948701845909896,0.2193931022920578,LV,0.0,0
3,uc1636598.1,uc1636598,1,0.0,0.1270170592217177,LV,0.95,1
3,uc636933.1,uc636933,1,0.9967409490328784,0.2193931022920578,LV,0.0,0
3,uc635963.1,uc635963,1,0.9944812321902151,0.2193931022920578,LV,0.0,0
3,uc635543.1,uc635543,1,0.993665666603588,0.2193931022920578,LV,0.0,0
3,uc635966.1,uc635966,1,0.9936599697196588,0.2193931022920578,LV,0.0,0
3,uc635550.1,uc635550,1,0.9949552674743675,0.2193931022920578,LV,0.0,0
3,uc635862.1,uc635862,1,0.9926685441483306,0.2193931022920578,LV,0.0,0
3,uc1635694.1,uc1635694,1,1.0018200889861297,0.2193931022920578,LV,0.0,0
3,uc3435739.1,uc3435739,1,0.9935783630146693,0.2193931022920578,LV,0.0,0
3,uc1635060.1,uc1635060,1,0.9978904892178276,0.2193931022920578,LV,0.0,0
3,uc1607271.1,uc1607271,1,0.9987378871743384,0.2193931022920578,LV,0.0,0
3,uc605884.1,uc605884,1,0.9961671054258283,0.2193931022920578,LV,0.0,0
3,uc1609690.1,uc1609690,1,0.9997629117712212,0.2193931022920578,LV,0.0,0
3,uc1134165.1,uc1134165,1,0.9908082881900473,0.2193931022920578,LV,0.0,0
3,uc634166.1,uc634166,1,0.9972923456471907,0.2193931022920578,LV,0.0,0
3,uc1633896.1,uc1633896,1,0.9986679758573479,0.2193931022920578,LV,0.0,0
3,uc3433894.1,uc3433894,1,0.9949505518400285,0.2193931022920578,LV,0.0,0
3,uc1633892.1,uc1633892,1,0.9996899033109253,0.2193931022920578,LV,0.0,0
3,uc633672.1,uc633672,1,0.9986254159864145,0.2193931022920578,LV,0.0,0
3,uc1633671.1,uc1633671,1,0.993269742662314,0.2193931022920578,LV,0.0,0
3,uc1632306.1,uc1632306,1,0.9982973476655169,0.2193931022920578,LV,0.0,0
3,uc632607.1,uc632607,1,0.9803786629254764,0.2193931022920578,LV,0.0,0
3,uc632613.1,uc632613,1,0.9949516831365047,0.2193931022920578,LV,0.0,0
3,uc3432407.1,uc3432407,1,0.9941714832279531,0.2193931022920578,LV,0.0,0
3,uc1632402.1,uc1632402,1,0.9920691355401052,0.2193931022920578,LV,0.0,0
3,uc1132019.1,uc1132019,1,0.9938489468289383,0.2193931022920578,LV,0.0,0
3,uc632016.1,uc632016,1,0.997112017569745,0.2193931022920578,LV,0.0,0
3,uc1132015.1,uc1132015,1,0.9920390017641209,0.2193931022920578,LV,0.0,0
3,uc1132012.1,uc1132012,1,0.9961158964511295,0.2193931022920578,LV,0.0,0
3,uc631859.1,uc631859,1,0.997036356085321,0.2193931022920578,LV,0.0,0
3,uc1631852.1,uc1631852,1,0.9965574286175289,0.2193931022920578,LV,0.0,0
3,uc1130761.1,uc1130761,1,0.9895685267233094,0.2193931022920578,LV,0.0,0
3,uc1630759.1,uc1630759,1,0.9914393316307749,0.2193931022920578,LV,0.0,0
3,uc630758.1,uc630758,1,0.9943877177919895,0.2193931022920578,LV,0.0,0
3,uc629428.1,uc629428,1,0.9970010057974986,0.2193931022920578,LV,0.0,0
3,uc1629639.1,uc1629639,1,1.0001127830247638,0.2193931022920578,LV,0.0,0
3,uc1229546.1,uc1229546,1,0.9941034733681435,0.2193931022920578,LV,0.0,0
3,uc628768.1,uc628768,1,0.9954986017417609,0.2193931022920578,LV,0.0,0
3,uc628757.1,uc628757,1,0.9993751194021553,0.2193931022920578,LV,0.0,0
3,uc628766.1,uc628766,1,0.9973255708943475,0.2193931022920578,LV,0.0,0
3,uc628753.1,uc628753,1,1.000156302524357,0.2193931022920578,LV,0.0,0
3,uc627346.1,uc627346,1,0.9974241553142503,0.2193931022920578,LV,0.0,0
3,uc1628760.1,uc1628760,1,1.00020941018295,0.2193931022920578,LV,0.0,0
3,uc1629422.1,uc1629422,1,0.9941775217316012,0.2193931022920578,LV,0.0,0
3,uc626699.1,uc626699,1,0.9980944405599024,0.2193931022920578,LV,0.0,0
3,60651.2,60651,2,0.9963644861215812,13.336791218280357,MV,0.0,0
3,60721.2,60721,2,0.9963333336287299,13.336791218280357,MV,0.0,0
3,164151.2,164151,2,0.9966258429509236,13.336791218280357,MV,0.0,0
3,302191.2,302191,2,0.9941548055411054,13.336791218280357,MV,0.0,0
3,320841.2,320841,2,0.9952474150143448,13.336791218280357,MV,0.0,0
3,337711.2,337711,2,0.994182260651801,13.336791218280357,MV,0.0,0
3,358691.2,358691,2,0.9992098219436513,13.336791218280357,MV,0.0,0
3,et6_1177.2,et6_1177,2,0.995446957565958,0.2193931022920578,LV,0.0,0
3,461501.2,461501,2,0.9965866020105643,13.336791218280357,MV,0.0,0
3,686891.2,686891,2,0.9958287930347115,13.336791218280357,MV,0.0,0
3,703601.2,703601,2,0.996713372079609,13.336791218280357,MV,0.0,0
3,713791.2,713791,2,0.9957327280621239,13.336791218280357,MV,0.0,0
3,725731.2,725731,2,0.995424049631442,13.336791218280357,MV,0.0,0
3,809501.2,809501,2,0.99598848182951,13.336791218280357,MV,0.0,0
3,811221.2,811221,2,0.9966414828428211,13.336791218280357,MV,0.0,0
3,815111.2,815111,2,0.9941518765414425,13.336791218280357,MV,0.0,0
3,822371.2,822371,2,0.995529916193861,13.336791218280357,MV,0.0,0
3,820611.2,820611,2,0.9962328457970681,13.336791218280357,MV,0.0,0
3,822641.2,822641,2,0.9955908282842466,13.336791218280357,MV,0.0,0
3,618431.2,618431,2,0.9963647312768752,13.336791218280357,MV,0.0,0
3,bt10401.2,bt10401,2,0.9888236735442647,0.2193931022920578,LV,0.0,0
3,bt197792.2,bt197792,2,0.9885405390011172,0.2193931022920578,LV,0.0,0
3,bt800551.2,bt800551,2,0.9885405390233766,0.2193931022920578,LV,0.0,0
3,bt295341.2,bt295341,2,0.9880096008569079,0.2193931022920578,LV,0.0,0
3,bt800541.2,bt800541,2,0.9882706959534046,0.2193931022920578,LV,0.0,0
3,bt295361.2,bt295361,2,0.9875888061707098,0.2193931022920578,LV,0.0,0
3,bt474991.2,bt474991,2,0.9874665092364132,0.2193931022920578,LV,0.0,0
3,uc1627323.2,uc1627323,2,0.9889443766169068,0.2193931022920578,LV,0.0,0
3,uc3405987.2,uc3405987,2,0.990957766875494,0.2193931022920578,LV,0.0,0
3,uc3405846.2,uc3405846,2,0.9925984750633808,0.2193931022920578,LV,0.0,0
3,uc3405847.2,uc3405847,2,0.9914725194826866,0.2193931022920578,LV,0.0,0
3,uc3405838.2,uc3405838,2,0.9901884545940752,0.2193931022920578,LV,0.0,0
3,uc1607326.2,uc1607326,2,0.9901626485893839,0.2193931022920578,LV,0.0,0
3,uc1607316.2,uc1607316,2,0.9881733117064636,0.2193931022920578,LV,0.0,0
3,uc1607308.2,uc1607308,2,0.9935203729015701,0.2193931022920578,LV,0.0,0
3,uc1623434.2,uc1623434,2,0.0,0.1270170592217177,LV,0.95,1
3,uc1620373.2,uc1620373,2,0.9932169433132538,0.2193931022920578,LV,0.0,0
3,uc1607302.2,uc1607302,2,0.9931148007615994,0.2193931022920578,LV,0.0,0
3,uc1607304.2,uc1607304,2,0.9930178191294088,0.2193931022920578,LV,0.0,0
3,uc1607306.2,uc1607306,2,0.9931258773988824,0.2193931022920578,LV,0.0,0
3,uc1607299.2,uc1607299,2,0.9934225668402924,0.2193931022920578,LV,0.0,0
3,uc1607297.2,uc1607297,2,0.995506511910577,0.2193931022920578,LV,0.0,0
3,uc1607298.2,uc1607298,2,0.9935495177607364,0.2193931022920578,LV,0.0,0
3,uc1607289.2,uc1607289,2,0.9967774811400422,0.2193931022920578,LV,0.0,0
3,uc1607291.2,uc1607291,2,0.9951883877142107,0.2193931022920578,LV,0.0,0
3,uc1607292.2,uc1607292,2,0.9948125322674276,0.2193931022920578,LV,0.0,0
3,uc1607280.2,uc1607280,2,0.9922957262999161,0.2193931022920578,LV,0.0,0
3,uc1607284.2,uc1607284,2,0.9924221689998753,0.2193931022920578,LV,0.0,0
3,uc1607285.2,uc1607285,2,0.9923437393361049,0.2193931022920578,LV,0.0,0
3,uc1607288.2,uc1607288,2,0.9925254865292245,0.2193931022920578,LV,0.0,0
3,uc1607279.2,uc1607279,2,0.9930783806114258,0.2193931022920578,LV,0.0,0
3,uc1607355.2,uc1607355,2,0.9936690532524769,0.2193931022920578,LV,0.0,0
3,uc1607357.2,uc1607357,2,0.9964447610432196,0.2193931022920578,LV,0.0,0
3,uc1607358.2,uc1607358,2,0.9948360432146631,0.2193931022920578,LV,0.0,0
3,uc1607368.2,uc1607368,2,0.0,0.1270170592217177,LV,0.95,1
3,uc1607276.2,uc1607276,2,0.9991965252982326,0.2193931022920578,LV,0.0,0
3,uc1607278.2,uc1607278,2,1.0000085872810436,0.2193931022920578,LV,0.0,0
3,uc1607273.2,uc1607273,2,0.9989644389295932,0.2193931022920578,LV,0.0,0
3,uc1607328.2,uc1607328,2,0.9898232151282303,0.2193931022920578,LV,0.0,0
3,uc1607347.2,uc1607347,2,0.9924835715508288,0.2193931022920578,LV,0.0,0
3,uc1607350.2,uc1607350,2,0.9946789524039665,0.2193931022920578,LV,0.0,0
3,uc1107341.2,uc1107341,2,0.9909903556937785,0.2193931022920578,LV,0.0,0
3,uc1107333.2,uc1107333,2,0.9921898160941723,0.2193931022920578,LV,0.0,0
3,uc1607268.2,uc1607268,2,0.9988553284829066,0.2193931022920578,LV,0.0,0
3,uc1607252.2,uc1607252,2,0.9923815524328267,0.2193931022920578,LV,0.0,0
3,uc1606000.2,uc1606000,2,0.9922398951922268,0.2193931022920578,LV,0.0,0
3,uc1607255.2,uc1607255,2,0.9933369695168319,0.2193931022920578,LV,0.0,0
3,uc1607258.2,uc1607258,2,0.9923877645908912,0.2193931022920578,LV,0.0,0
3,uc1124041.2,uc1124041,2,0.9928432786712666,0.2193931022920578,LV,0.0,0
3,uc1124340.2,uc1124340,2,0.9920067164098144,0.2193931022920578,LV,0.0,0
3,uc1121173.2,uc1121173,2,0.9922586357813798,0.2193931022920578,LV,0.0,0
3,uc1107345.2,uc1107345,2,0.9919917876302967,0.2193931022920578,LV,0.0,0
3,uc605816.2,uc605816,2,0.9901043719155063,0.2193931022920578,LV,0.0,0
3,uc605812.2,uc605812,2,0.9874931143802467,0.2193931022920578,LV,0.0,0
3,uc605813.2,uc605813,2,0.9953059280343501,0.2193931022920578,LV,0.0,0
3,uc609685.2,uc609685,2,0.9973733698014423,0.2193931022920578,LV,0.0,0
3,uc609688.2,uc609688,2,0.993432768080721,0.2193931022920578,LV,0.0,0
3,uc621168.2,uc621168,2,0.9944975662332369,0.2193931022920578,LV,0.0,0
3,uc621171.2,uc621171,2,0.9932361513093395,0.2193931022920578,LV,0.0,0
3,uc605810.2,uc605810,2,0.9964224458232567,0.2193931022920578,LV,0.0,0
3,uc605807.2,uc605807,2,0.9888078540089799,0.2193931022920578,LV,0.0,0
3,uc605801.2,uc605801,2,0.9926822953101688,0.2193931022920578,LV,0.0,0
3,uc607384.2,uc607384,2,0.9931424295680111,0.2193931022920578,LV,0.0,0
3,uc607385.2,uc607385,2,0.9906381237409612,0.2193931022920578,LV,0.0,0
3,uc609682.2,uc609682,2,0.9896658409509475,0.2193931022920578,LV,0.0,0
3,uc609683.2,uc609683,2,0.9962952090522013,0.2193931022920578,LV,0.0,0
3,uc607377.2,uc607377,2,0.9975776841317769,0.2193931022920578,LV,0.0,0
3,uc607382.2,uc607382,2,0.9954625552897228,0.2193931022920578,LV,0.0,0
3,uc606117.2,uc606117,2,0.9944876776633327,0.2193931022920578,LV,0.0,0
3,uc606120.2,uc606120,2,0.9942020370353121,0.2193931022920578,LV,0.0,0
3,uc623433.2,uc623433,2,0.9886545560821024,0.2193931022920578,LV,0.0,0
3,uc623007.2,uc623007,2,0.9952086072565717,0.2193931022920578,LV,0.0,0
3,uc606147.2,uc606147,2,0.9934912320394281,0.2193931022920578,LV,0.0,0
3,uc606148.2,uc606148,2,1.0000291439308002,0.2193931022920578,LV,0.0,0
3,uc606150.2,uc606150,2,0.997878197836753,0.2193931022920578,LV,0.0,0
3,uc606109.2,uc606109,2,0.9934491165409651,0.2193931022920578,LV,0.0,0
3,uc606110.2,uc606110,2,0.9929881009740806,0.2193931022920578,LV,0.0,0
3,uc606111.2,uc606111,2,0.9944293887676411,0.2193931022920578,LV,0.0,0
3,uc622720.2,uc622720,2,0.9944122103990675,0.2193931022920578,LV,0.0,0
3,uc623004.2,uc623004,2,0.9896570581706632,0.2193931022920578,LV,0.0,0
3,uc606103.2,uc606103,2,0.9944347541536813,0.2193931022920578,LV,0.0,0
3,uc606139.2,uc606139,2,0.9934815709207448,0.2193931022920578,LV,0.0,0
3,uc606143.2,uc606143,2,0.9951864969376979,0.2193931022920578,LV,0.0,0
3,uc605921.2,uc605921,2,0.9950832539428829,0.2193931022920578,LV,0.0,0
3,uc605915.2,uc605915,2,0.993960735644724,0.2193931022920578,LV,0.0,0
3,uc606101.2,uc606101,2,0.9945135490947553,0.2193931022920578,LV,0.0,0
3,uc622273.2,uc622273,2,0.9944072014350303,0.2193931022920578,LV,0.0,0
3,uc605990.2,uc605990,2,0.9880095628996763,0.2193931022920578,LV,0.0,0
3,uc606130.2,uc606130,2,0.9962889705913025,0.2193931022920578,LV,0.0,0
3,uc606132.2,uc606132,2,0.9932096623140849,0.2193931022920578,LV,0.0,0
3,uc622258.2,uc622258,2,0.9964561905564516,0.2193931022920578,LV,0.0,0
3,uc622270.2,uc622270,2,0.9988315238172013,0.2193931022920578,LV,0.0,0
3,uc605905.2,uc605905,2,0.992880371161436,0.2193931022920578,LV,0.0,0
3,uc605909.2,uc605909,2,0.9973872698343149,0.2193931022920578,LV,0.0,0
3,uc605910.2,uc605910,2,0.9943252732382817,0.2193931022920578,LV,0.0,0
3,uc605911.2,uc605911,2,0.9948291913636464,0.2193931022920578,LV,0.0,0
3,uc606128.2,uc606128,2,0.9955263089462545,0.2193931022920578,LV,0.0,0
3,uc605904.2,uc605904,2,0.9929359955547906,0.2193931022920578,LV,0.0,0
3,uc1239552.2,uc1239552,2,0.9934897175138654,0.2193931022920578,LV,0.0,0
3,uc605817.2,uc605817,2,0.9954080155785227,0.2193931022920578,LV,0.0,0
3,uc605819.2,uc605819,2,0.9935272379021493,0.2193931022920578,LV,0.0,0
3,uc605820.2,uc605820,2,0.9901755294581548,0.2193931022920578,LV,0.0,0
3,uc605821.2,uc605821,2,0.9906209845971369,0.2193931022920578,LV,0.0,0
3,uc605822.2,uc605822,2,0.9900763312983792,0.2193931022920578,LV,0.0,0
3,uc639280.2,uc639280,2,0.9935546560562831,0.2193931022920578,LV,0.0,0
3,uc605898.2,uc605898,2,0.9958833831771848,0.2193931022920578,LV,0.0,0
3,uc605902.2,uc605902,2,0.9932085324304374,0.2193931022920578,LV,0.0,0
3,uc605982.2,uc605982,2,0.9887294409835341,0.2193931022920578,LV,0.0,0
3,uc605988.2,uc605988,2,0.9875311264096022,0.2193931022920578,LV,0.0,0
3,uc606126.2,uc606126,2,0.9943277933184725,0.2193931022920578,LV,0.0,0
3,uc606127.2,uc606127,2,0.9934921695144565,0.2193931022920578,LV,0.0,0
3,uc605896.2,uc605896,2,0.9892136365356209,0.2193931022920578,LV,0.0,0
3,uc606121.2,uc606121,2,0.9931142332537198,0.2193931022920578,LV,0.0,0
3,uc606122.2,uc606122,2,0.9913005051522391,0.2193931022920578,LV,0.0,0
3,uc606123.2,uc606123,2,0.9932988103837154,0.2193931022920578,LV,0.0,0
3,uc622709.2,uc622709,2,0.9946003705709698,0.2193931022920578,LV,0.0,0
3,uc639277.2,uc639277,2,0.9907071398027487,0.2193931022920578,LV,0.0,0
3,uc1139390.2,uc1139390,2,0.9934532100484971,0.2193931022920578,LV,0.0,0
3,uc605864.2,uc605864,2,0.9906757229142831,0.2193931022920578,LV,0.0,0
3,uc605865.2,uc605865,2,0.9904218740533445,0.2193931022920578,LV,0.0,0
3,uc638617.2,uc638617,2,0.9901480044065271,0.2193931022920578,LV,0.0,0
3,uc605855.2,uc605855,2,0.9906987989382544,0.2193931022920578,LV,0.0,0
3,uc1638606.2,uc1638606,2,0.9976984280004424,0.2193931022920578,LV,0.0,0
3,uc1638954.2,uc1638954,2,0.998758452104843,0.2193931022920578,LV,0.0,0
3,uc605836.2,uc605836,2,0.9831789357031399,0.2193931022920578,LV,0.0,0
3,uc1607303.2,uc1607303,2,0.9944791955643777,0.2193931022920578,LV,0.0,0
3,uc637705.2,uc637705,2,0.991737277449184,0.2193931022920578,LV,0.0,0
3,uc1637704.2,uc1637704,2,1.0022592897658629,0.2193931022920578,LV,0.0,0
3,uc637576.2,uc637576,2,0.993224870953116,0.2193931022920578,LV,0.0,0
3,uc637918.2,uc637918,2,0.9930853814990566,0.2193931022920578,LV,0.0,0
3,uc637360.2,uc637360,2,0.9932337292289096,0.2193931022920578,LV,0.0,0
3,uc637397.2,uc637397,2,0.9909329477406958,0.2193931022920578,LV,0.0,0
3,uc636933.2,uc636933,2,0.9933167025238787,0.2193931022920578,LV,0.0,0
3,uc605908.2,uc605908,2,0.9979281393974615,0.2193931022920578,LV,0.0,0
3,uc635963.2,uc635963,2,0.9942691916996812,0.2193931022920578,LV,0.0,0
3,uc635543.2,uc635543,2,0.9934535059858186,0.2193931022920578,LV,0.0,0
3,uc635966.2,uc635966,2,0.9934478096546623,0.2193931022920578,LV,0.0,0
3,uc627328.2,uc627328,2,0.9873306322380696,0.2193931022920578,LV,0.0,0
3,uc635550.2,uc635550,2,0.9947540254327556,0.2193931022920578,LV,0.0,0
3,uc635862.2,uc635862,2,0.992422357515972,0.2193931022920578,LV,0.0,0
3,uc3435739.2,uc3435739,2,0.9908329126719652,0.2193931022920578,LV,0.0,0
3,uc634166.2,uc634166,2,0.9964270430863837,0.2193931022920578,LV,0.0,0
3,uc1633671.2,uc1633671,2,0.9951145818185445,0.2193931022920578,LV,0.0,0
3,uc633056.2,uc633056,2,0.9962134332624996,0.2193931022920578,LV,0.0,0
3,uc632607.2,uc632607,2,0.9801279028514153,0.2193931022920578,LV,0.0,0
3,uc1632402.2,uc1632402,2,0.99354479522313,0.2193931022920578,LV,0.0,0
3,uc1131858.2,uc1131858,2,0.9910617330089703,0.2193931022920578,LV,0.0,0
3,uc631391.2,uc631391,2,0.9832593127632364,0.2193931022920578,LV,0.0,0
3,uc1630759.2,uc1630759,2,0.9928805462322505,0.2193931022920578,LV,0.0,0
3,uc630758.2,uc630758,2,0.9909160176853453,0.2193931022920578,LV,0.0,0
3,uc630753.2,uc630753,2,0.990542681091742,0.2193931022920578,LV,0.0,0
3,uc628766.2,uc628766,2,0.9962964032505195,0.2193931022920578,LV,0.0,0
3,uc627346.2,uc627346,2,0.9969367293663207,0.2193931022920578,LV,0.0,0
3,uc1629422.2,uc1629422,2,0.9927232280687751,0.2193931022920578,LV,0.0,0
3,60651.3,60651,3,0.9963606700788556,13.336791218280357,MV,0.0,0
3,60721.3,60721,3,0.9963295163090323,13.336791218280357,MV,0.0,0
3,164151.3,164151,3,0.9966220446538262,13.336791218280357,MV,0.0,0
3,302191.3,302191,3,0.994151355661521,13.336791218280357,MV,0.0,0
3,320841.3,320841,3,0.995229138098735,13.336791218280357,MV,0.0,0
3,337711.3,337711,3,0.9941788151034147,13.336791218280357,MV,0.0,0
3,358691.3,358691,3,0.9991507682145915,13.336791218280357,MV,0.0,0
3,et6_1177.3,et6_1177,3,0.9942813615960953,0.2193931022920578,LV,0.0,0
3,461501.3,461501,3,0.9965625372224579,13.336791218280357,MV,0.0,0
3,686891.3,686891,3,0.9958140037078084,13.336791218280357,MV,0.0,0
3,703601.3,703601,3,0.9967100432986314,13.336791218280357,MV,0.0,0
3,713791.3,713791,3,0.9957147548334919,13.336791218280357,MV,0.0,0
3,725731.3,725731,3,0.995405765827962,13.336791218280357,MV,0.0,0
3,809501.3,809501,3,0.9959752496979909,13.336791218280357,MV,0.0,0
3,811221.3,811221,3,0.9966377642599369,13.336791218280357,MV,0.0,0
3,815111.3,815111,3,0.9941484261940182,13.336791218280357,MV,0.0,0
3,822371.3,822371,3,0.9955116628965411,13.336791218280357,MV,0.0,0
3,820611.3,820611,3,0.9962258087999385,13.336791218280357,MV,0.0,0
3,822641.3,822641,3,0.9955691089265168,13.336791218280357,MV,0.0,0
3,618431.3,618431,3,0.9963609152485547,13.336791218280357,MV,0.0,0
3,bt10401.3,bt10401,3,0.9906013773860551,0.2193931022920578,LV,0.0,0
3,bt197792.3,bt197792,3,0.9901961604957006,0.2193931022920578,LV,0.0,0
3,bt800551.3,bt800551,3,0.9902666572433677,0.2193931022920578,LV,0.0,0
3,bt295341.3,bt295341,3,0.9900997357565203,0.2193931022920578,LV,0.0,0
3,bt800541.3,bt800541,3,0.9901400912587889,0.2193931022920578,LV,0.0,0
3,bt295361.3,bt295361,3,0.9900997364435132,0.2193931022920578,LV,0.0,0
3,bt474991.3,bt474991,3,0.9900997369137179,0.2193931022920578,LV,0.0,0
3,uc627336.3,uc627336,3,0.9951855518250837,0.2193931022920578,LV,0.0,0
3,uc1620373.3,uc1620373,3,0.9940299694665219,0.2193931022920578,LV,0.0,0
3,uc1607302.3,uc1607302,3,0.9938987060454391,0.2193931022920578,LV,0.0,0
3,uc1607304.3,uc1607304,3,0.9938297368119587,0.2193931022920578,LV,0.0,0
3,uc1607298.3,uc1607298,3,0.9945634769373463,0.2193931022920578,LV,0.0,0
3,uc1607280.3,uc1607280,3,0.9929869616480823,0.2193931022920578,LV,0.0,0
3,uc1607285.3,uc1607285,3,0.9937570368353648,0.2193931022920578,LV,0.0,0
3,uc1607279.3,uc1607279,3,0.9937698995683647,0.2193931022920578,LV,0.0,0
3,uc1607347.3,uc1607347,3,0.9932963124930189,0.2193931022920578,LV,0.0,0
3,uc1124340.3,uc1124340,3,0.9935927041318428,0.2193931022920578,LV,0.0,0
3,uc605816.3,uc605816,3,0.9910745833444674,0.2193931022920578,LV,0.0,0
3,uc605815.3,uc605815,3,0.9922642202542454,0.2193931022920578,LV,0.0,0
3,uc621171.3,uc621171,3,0.9937059448183868,0.2193931022920578,LV,0.0,0
3,uc607384.3,uc607384,3,0.9936150250163889,0.2193931022920578,LV,0.0,0
3,uc606117.3,uc606117,3,0.9949579047729579,0.2193931022920578,LV,0.0,0
3,uc606120.3,uc606120,3,0.9946721715776417,0.2193931022920578,LV,0.0,0
3,uc623007.3,uc623007,3,0.9940429727024214,0.2193931022920578,LV,0.0,0
3,uc605867.3,uc605867,3,0.9922517227665287,0.2193931022920578,LV,0.0,0
3,uc606150.3,uc606150,3,0.9979895862516072,0.2193931022920578,LV,0.0,0
3,uc606109.3,uc606109,3,0.993918988011551,0.2193931022920578,LV,0.0,0
3,uc606110.3,uc606110,3,0.9934578522356049,0.2193931022920578,LV,0.0,0
3,uc606111.3,uc606111,3,0.9948995930735218,0.2193931022920578,LV,0.0,0
3,uc622722.3,uc622722,3,0.9925756879654456,0.2193931022920578,LV,0.0,0
3,uc623004.3,uc623004,3,0.9918049857045925,0.2193931022920578,LV,0.0,0
3,uc606101.3,uc606101,3,0.9949740976060807,0.2193931022920578,LV,0.0,0
3,uc606132.3,uc606132,3,0.9936881176403805,0.2193931022920578,LV,0.0,0
3,uc605910.3,uc605910,3,0.9947919031683701,0.2193931022920578,LV,0.0,0
3,uc605911.3,uc605911,3,0.9952960080928869,0.2193931022920578,LV,0.0,0
3,uc605904.3,uc605904,3,0.9951587038286825,0.2193931022920578,LV,0.0,0
3,uc1239552.3,uc1239552,3,0.9943029283362683,0.2193931022920578,LV,0.0,0
3,uc605821.3,uc605821,3,0.9928123919771576,0.2193931022920578,LV,0.0,0
3,uc639280.3,uc639280,3,0.9941388843506884,0.2193931022920578,LV,0.0,0
3,uc605898.3,uc605898,3,0.9953203980115565,0.2193931022920578,LV,0.0,0
3,uc605902.3,uc605902,3,0.9936296276662968,0.2193931022920578,LV,0.0,0
3,uc606126.3,uc606126,3,0.9948070705774034,0.2193931022920578,LV,0.0,0
3,uc606127.3,uc606127,3,0.993971133270541,0.2193931022920578,LV,0.0,0
3,uc606121.3,uc606121,3,0.9935833535159765,0.2193931022920578,LV,0.0,0
3,uc606122.3,uc606122,3,0.9917684690872154,0.2193931022920578,LV,0.0,0
3,uc639277.3,uc639277,3,0.9928986047019911,0.2193931022920578,LV,0.0,0
3,uc1139390.3,uc1139390,3,0.9942663909871082,0.2193931022920578,LV,0.0,0
3,uc637576.3,uc637576,3,0.9937018934988423,0.2193931022920578,LV,0.0,0
3,uc637918.3,uc637918,3,0.9936694716103864,0.2193931022920578,LV,0.0,0
3,uc637360.3,uc637360,3,0.9937034032425742,0.2193931022920578,LV,0.0,0
3,uc637397.3,uc637397,3,0.9919000519195486,0.2193931022920578,LV,0.0,0
3,uc635963.3,uc635963,3,0.9947393525282283,0.2193931022920578,LV,0.0,0
3,uc635543.3,uc635543,3,0.9939233694631545,0.2193931022920578,LV,0.0,0
3,uc635966.3,uc635966,3,0.9939176717698633,0.2193931022920578,LV,0.0,0
3,uc635550.3,uc635550,3,0.9952343596207093,0.2193931022920578,LV,0.0,0
3,uc635862.3,uc635862,3,0.992368874069214,0.2193931022920578,LV,0.0,0
3,uc1633671.3,uc1633671,3,0.9951874278596187,0.2193931022920578,LV,0.0,0
3,uc632607.3,uc632607,3,0.9810929487840168,0.2193931022920578,LV,0.0,0
3,uc1629422.3,uc1629422,3,0.9948190386316105,0.2193931022920578,LV,0.0,0
4,60651.1,60651,1,0.9958485613218538,13.336791218280357,MV,0.0,0
4,60721.1,60721,1,0.9958176152592807,13.336791218280357,MV,0.0,0
4,164151.1,164151,1,0.996108147222149,13.336791218280357,MV,0.0,0
4,302191.1,302191,1,0.9931741960841027,13.336791218280357,MV,0.0,0
4,320841.1,320841,1,0.9946267366181487,13.336791218280357,MV,0.0,0
4,337711.1,337711,1,0.9932014521490208,13.336791218280357,MV,0.0,0
4,358691.1,358691,1,0.9989811186704948,13.336791218280357,MV,0.0,0
4,et6_1177.1,et6_1177,1,0.9956213640003156,0.2193931022920578,LV,0.0,0
4,461501.1,461501,1,0.9959894513055837,13.336791218280357,MV,0.0,0
4,686891.1,686891,1,0.9952253636317111,13.336791218280357,MV,0.0,0
4,703601.1,703601,1,0.9962008983062456,13.336791218280357,MV,0.0,0
4,713791.1,713791,1,0.9951098887182481,13.336791218280357,MV,0.0,0
4,725731.1,725731,1,0.9948020042180679,13.336791218280357,MV,0.0,0
4,809501.1,809501,1,0.995386761530807,13.336791218280357,MV,0.0,0
4,811221.1,811221,1,0.9961246325192785,13.336791218280357,MV,0.0,0
4,815111.1,815111,1,0.9931713043111043,13.336791218280357,MV,0.0,0
4,822371.1,822371,1,0.9949074657513162,13.336791218280357,MV,0.0,0
4,820611.1,820611,1,0.995687221208249,13.336791218280357,MV,0.0,0
4,822641.1,822641,1,0.9949598150502325,13.336791218280357,MV,0.0,0
4,618431.1,618431,1,0.995848804943692,13.336791218280357,MV,0.0,0
4,bt10401.1,bt10401,1,0.9874853612536356,0.2193931022920578,LV,0.0,0
4,bt197792.1,bt197792,1,0.986652383484403,0.2193931022920578,LV,0.0,0
4,bt800551.1,bt800551,1,0.9867713828110125,0.2193931022920578,LV,0.0,0
4,bt295341.1,bt295341,1,0.9856516044370623,0.2193931022920578,LV,0.0,0
4,bt800541.1,bt800541,1,0.9861828420740589,0.2193931022920578,LV,0.0,0
4,bt295361.1,bt295361,1,0.9851442960056762,0.2193931022920578,LV,0.0,0
4,bt474991.1,bt474991,1,0.9847448004195963,0.2193931022920578,LV,0.0,0
4,uc626695.1,uc626695,1,0.9816518502400166,0.2193931022920578,LV,0.0,0
4,uc1627323.1,uc1627323,1,0.9932958236088381,0.2193931022920578,LV,0.0,0
4,uc1627342.1,uc1627342,1,0.9996151569870539,0.2193931022920578,LV,0.0,0
4,uc627343.1,uc627343,1,0.9967528276133371,0.2193931022920578,LV,0.0,0
4,uc627344.1,uc627344,1,0.9976389383287377,0.2193931022920578,LV,0.0,0
4,uc1626672.1,uc1626672,1,0.0,0.1270170592217177,LV,0.95,1
4,uc1626490.1,uc1626490,1,0.9934869278843277,0.2193931022920578,LV,0.0,0
4,uc3422706.1,uc3422706,1,0.9959936138201101,0.2193931022920578,LV,0.0,0
4,uc3425629.1,uc3425629,1,0.9960389234608308,0.2193931022920578,LV,0.0,0
4,uc3422597.1,uc3422597,1,0.9941593254160018,0.2193931022920578,LV,0.0,0
4,uc3405843.1,uc3405843,1,0.9944748727604588,0.2193931022920578,LV,0.0,0
4,uc3405844.1,uc3405844,1,0.9943427856405442,0.2193931022920578,LV,0.0,0
4,uc3405845.1,uc3405845,1,0.9943096994255234,0.2193931022920578,LV,0.0,0
4,uc3405846.1,uc3405846,1,0.994637912700453,0.2193931022920578,LV,0.0,0
4,uc1626486.1,uc1626486,1,0.9996587778554964,0.2193931022920578,LV,0.0,0
4,uc1626487.1,uc1626487,1,0.9944364951568315,0.2193931022920578,LV,0.0,0
4,uc626481.1,uc626481,1,0.9956474593316228,0.2193931022920578,LV,0.0,0
4,uc626678.1,uc626678,1,0.99306231777511,0.2193931022920578,LV,0.0,0
4,uc626698.1,uc626698,1,0.9971157705549112,0.2193931022920578,LV,0.0,0
4,uc626476.1,uc626476,1,0.9913100709615931,0.2193931022920578,LV,0.0,0
4,uc1627321.1,uc1627321,1,0.9994004281488492,0.2193931022920578,LV,0.0,0
4,uc1607319.1,uc1607319,1,0.9935596000604395,0.2193931022920578,LV,0.0,0
4,uc1607308.1,uc1607308,1,0.9946086231256768,0.2193931022920578,LV,0.0,0
4,uc1624026.1,uc1624026,1,0.0,0.1270170592217177,LV,0.95,1
4,uc1625170.1,uc1625170,1,0.9974818637787936,0.2193931022920578,LV,0.0,0
4,uc1621994.1,uc1621994,1,0.9993739810274065,0.2193931022920578,LV,0.0,0
4,uc1620360.1,uc1620360,1,0.9990227773105529,0.2193931022920578,LV,0.0,0
4,uc1620373.1,uc1620373,1,0.9934191244620735,0.2193931022920578,LV,0.0,0
4,uc1607302.1,uc1607302,1,0.9933059090422558,0.2193931022920578,LV,0.0,0
4,uc1607304.1,uc1607304,1,0.9923462529720078,0.2193931022920578,LV,0.0,0
4,uc1607305.1,uc1607305,1,0.9920065020947353,0.2193931022920578,LV,0.0,0
4,uc1607306.1,uc1607306,1,0.9942097373573391,0.2193931022920578,LV,0.0,0
4,uc1607297.1,uc1607297,1,0.9965610109636898,0.2193931022920578,LV,0.0,0
4,uc1607298.1,uc1607298,1,0.9939837945472735,0.2193931022920578,LV,0.0,0
4,uc1607289.1,uc1607289,1,0.9972201568042409,0.2193931022920578,LV,0.0,0
4,uc1607290.1,uc1607290,1,0.9972821137837619,0.2193931022920578,LV,0.0,0
4,uc1607291.1,uc1607291,1,0.996634653294454,0.2193931022920578,LV,0.0,0
4,uc1607280.1,uc1607280,1,0.9924528001911097,0.2193931022920578,LV,0.0,0
4,uc1607283.1,uc1607283,1,0.9901113945040407,0.2193931022920578,LV,0.0,0
4,uc1607285.1,uc1607285,1,0.9914155847894641,0.2193931022920578,LV,0.0,0
4,uc1607287.1,uc1607287,1,0.9937751694560353,0.2193931022920578,LV,0.0,0
4,uc1607288.1,uc1607288,1,0.9940531190297878,0.2193931022920578,LV,0.0,0
4,uc1607279.1,uc1607279,1,0.9932439844342366,0.2193931022920578,LV,0.0,0
4,uc1607357.1,uc1607357,1,0.9967626399746802,0.2193931022920578,LV,0.0,0
4,uc1607358.1,uc1607358,1,0.9962971839266672,0.2193931022920578,LV,0.0,0
4,uc1607368.1,uc1607368,1,0.0,0.1270170592217177,LV,0.95,1
4,uc1607277.1,uc1607277,1,0.9976075056447719,0.2193931022920578,LV,0.0,0
4,uc1607278.1,uc1607278,1,1.0012870950283486,0.2193931022920578,LV,0.0,0
4,uc1607272.1,uc1607272,1,0.9937339834026649,0.2193931022920578,LV,0.0,0
4,uc1607273.1,uc1607273,1,1.0011841888924997,0.2193931022920578,LV,0.0,0
4,uc1607353.1,uc1607353,1,0.9966874907941886,0.2193931022920578,LV,0.0,0
4,uc1607347.1,uc1607347,1,0.9926811910538048,0.2193931022920578,LV,0.0,0
4,uc1607349.1,uc1607349,1,0.9967926198045621,0.2193931022920578,LV,0.0,0
4,uc1107342.1,uc1107342,1,0.9915849694877742,0.2193931022920578,LV,0.0,0
4,uc1107340.1,uc1107340,1,0.9906614688704392,0.2193931022920578,LV,0.0,0
4,uc1105833.1,uc1105833,1,0.9952446669872251,0.2193931022920578,LV,0.0,0
4,uc1107330.1,uc1107330,1,0.9902187531574113,0.2193931022920578,LV,0.0,0
4,uc1607265.1,uc1607265,1,0.9914620415527615,0.2193931022920578,LV,0.0,0
4,uc1607268.1,uc1607268,1,0.9991494702724566,0.2193931022920578,LV,0.0,0
4,uc1607252.1,uc1607252,1,0.9946655081815511,0.2193931022920578,LV,0.0,0
4,uc1605991.1,uc1605991,1,0.9957434083508863,0.2193931022920578,LV,0.0,0
4,uc1605996.1,uc1605996,1,0.9940050101405633,0.2193931022920578,LV,0.0,0
4,uc1607257.1,uc1607257,1,0.9959923075599207,0.2193931022920578,LV,0.0,0
4,uc1607258.1,uc1607258,1,0.9946717731964798,0.2193931022920578,LV,0.0,0
4,uc1124340.1,uc1124340,1,0.9919697535861774,0.2193931022920578,LV,0.0,0
4,uc605816.1,uc605816,1,0.9903091335788632,0.2193931022920578,LV,0.0,0
4,uc605813.1,uc605813,1,0.9953175223597128,0.2193931022920578,LV,0.0,0
4,uc609684.1,uc609684,1,0.99805393851221,0.2193931022920578,LV,0.0,0
4,uc609686.1,uc609686,1,0.9983265067231707,0.2193931022920578,LV,0.0,0
4,uc609688.1,uc609688,1,0.9942456767829346,0.2193931022920578,LV,0.0,0
4,uc621168.1,uc621168,1,0.9961299886049058,0.2193931022920578,LV,0.0,0
4,uc621171.1,uc621171,1,0.9934449720780316,0.2193931022920578,LV,0.0,0
4,uc605808.1,uc605808,1,0.9985369162212561,0.2193931022920578,LV,0.0,0
4,uc605809.1,uc605809,1,0.9866220778391817,0.2193931022920578,LV,0.0,0
4,uc605810.1,uc605810,1,0.9972433328298482,0.2193931022920578,LV,0.0,0
4,uc605970.1,uc605970,1,0.9957416405957692,0.2193931022920578,LV,0.0,0
4,uc605803.1,uc605803,1,0.9961361621248992,0.2193931022920578,LV,0.0,0
4,uc605804.1,uc605804,1,0.9973231740646555,0.2193931022920578,LV,0.0,0
4,uc605806.1,uc605806,1,0.994731244307082,0.2193931022920578,LV,0.0,0
4,uc607384.1,uc607384,1,0.9933410641166994,0.2193931022920578,LV,0.0,0
4,uc607387.1,uc607387,1,0.995105197084282,0.2193931022920578,LV,0.0,0
4,uc609682.1,uc609682,1,0.9920771408869942,0.2193931022920578,LV,0.0,0
4,uc624033.1,uc624033,1,0.9995703942744416,0.2193931022920578,LV,0.0,0
4,uc625156.1,uc625156,1,0.9961569960818304,0.2193931022920578,LV,0.0,0
4,uc625624.1,uc625624,1,0.991527981912241,0.2193931022920578,LV,0.0,0
4,uc625625.1,uc625625,1,0.9982302009712928,0.2193931022920578,LV,0.0,0
4,uc607366.1,uc607366,1,0.9865973615561607,0.2193931022920578,LV,0.0,0
4,uc607367.1,uc607367,1,0.9971141794682619,0.2193931022920578,LV,0.0,0
4,uc606114.1,uc606114,1,0.9954780639115565,0.2193931022920578,LV,0.0,0
4,uc606117.1,uc606117,1,0.9947100034245728,0.2193931022920578,LV,0.0,0
4,uc606120.1,uc606120,1,0.9944207288937923,0.2193931022920578,LV,0.0,0
4,uc623015.1,uc623015,1,0.9853456486423489,0.2193931022920578,LV,0.0,0
4,uc623432.1,uc623432,1,0.9943832967866111,0.2193931022920578,LV,0.0,0
4,uc624028.1,uc624028,1,0.9952232387281766,0.2193931022920578,LV,0.0,0
4,uc605873.1,uc605873,1,0.9963444364869803,0.2193931022920578,LV,0.0,0
4,uc623007.1,uc623007,1,0.9953804557269663,0.2193931022920578,LV,0.0,0
4,uc606147.1,uc606147,1,0.995920209184428,0.2193931022920578,LV,0.0,0
4,uc606148.1,uc606148,1,0.9998061843252559,0.2193931022920578,LV,0.0,0
4,uc606150.1,uc606150,1,0.9979360863710326,0.2193931022920578,LV,0.0,0
4,uc606109.1,uc606109,1,0.9936596524192697,0.2193931022920578,LV,0.0,0
4,uc606110.1,uc606110,1,0.9931935789495471,0.2193931022920578,LV,0.0,0
4,uc606111.1,uc606111,1,0.9946508280406511,0.2193931022920578,LV,0.0,0
4,uc622777.1,uc622777,1,1.0006650913257158,0.2193931022920578,LV,0.0,0
4,uc623004.1,uc623004,1,0.9906932446501704,0.2193931022920578,LV,0.0,0
4,uc606103.1,uc606103,1,0.9958129967413489,0.2193931022920578,LV,0.0,0
4,uc606139.1,uc606139,1,0.9968815834515127,0.2193931022920578,LV,0.0,0
4,uc606141.1,uc606141,1,0.9949070060793668,0.2193931022920578,LV,0.0,0
4,uc606143.1,uc606143,1,0.9973572053514907,0.2193931022920578,LV,0.0,0
4,uc605921.1,uc605921,1,0.9957010348056162,0.2193931022920578,LV,0.0,0
4,uc622713.1,uc622713,1,0.9949359002856137,0.2193931022920578,LV,0.0,0
4,uc622714.1,uc622714,1,0.9956959765066318,0.2193931022920578,LV,0.0,0
4,uc605993.1,uc605993,1,0.9965361534995357,0.2193931022920578,LV,0.0,0
4,uc606101.1,uc606101,1,0.9936203740215933,0.2193931022920578,LV,0.0,0
4,uc606102.1,uc606102,1,0.9925762126190222,0.2193931022920578,LV,0.0,0
4,uc622273.1,uc622273,1,0.9965698402699006,0.2193931022920578,LV,0.0,0
4,uc622703.1,uc622703,1,0.9817189849257312,0.2193931022920578,LV,0.0,0
4,uc605989.1,uc605989,1,0.9976238812403084,0.2193931022920578,LV,0.0,0
4,uc606130.1,uc606130,1,0.9973247348022592,0.2193931022920578,LV,0.0,0
4,uc606132.1,uc606132,1,0.9934059533707702,0.2193931022920578,LV,0.0,0
4,uc605914.1,uc605914,1,1.0020576163329258,0.2193931022920578,LV,0.0,0
4,uc622257.1,uc622257,1,0.9975774857652613,0.2193931022920578,LV,0.0,0
4,uc605909.1,uc605909,1,0.9978693790064537,0.2193931022920578,LV,0.0,0
4,uc605910.1,uc605910,1,0.9945409270063591,0.2193931022920578,LV,0.0,0
4,uc605911.1,uc605911,1,0.9950505695212679,0.2193931022920578,LV,0.0,0
4,uc606128.1,uc606128,1,0.9967101437754767,0.2193931022920578,LV,0.0,0
4,uc605823.1,uc605823,1,0.9909240081288817,0.2193931022920578,LV,0.0,0
4,uc605824.1,uc605824,1,0.9955903497525295,0.2193931022920578,LV,0.0,0
4,uc605904.1,uc605904,1,0.9949277798755709,0.2193931022920578,LV,0.0,0
4,uc621999.1,uc621999,1,0.9967430593884702,0.2193931022920578,LV,0.0,0
4,uc639553.1,uc639553,1,0.9936168734923827,0.2193931022920578,LV,0.0,0
4,uc1239552.1,uc1239552,1,0.9936978374783533,0.2193931022920578,LV,0.0,0
4,uc605817.1,uc605817,1,0.9958839972982944,0.2193931022920578,LV,0.0,0
4,uc605819.1,uc605819,1,0.994341091318152,0.2193931022920578,LV,0.0,0
4,uc605820.1,uc605820,1,0.9943162363487492,0.2193931022920578,LV,0.0,0
4,uc605821.1,uc605821,1,0.991440855750879,0.2193931022920578,LV,0.0,0
4,uc639280.1,uc639280,1,0.993709647665893,0.2193931022920578,LV,0.0,0
4,uc605898.1,uc605898,1,0.9952321124255513,0.2193931022920578,LV,0.0,0
4,uc605901.1,uc605901,1,0.9975771745885004,0.2193931022920578,LV,0.0,0
4,uc605902.1,uc605902,1,0.9933952840343501,0.2193931022920578,LV,0.0,0
4,uc605985.1,uc605985,1,0.9922016808963218,0.2193931022920578,LV,0.0,0
4,uc606126.1,uc606126,1,0.9945341867405685,0.2193931022920578,LV,0.0,0
4,uc606127.1,uc606127,1,0.9936900492034874,0.2193931022920578,LV,0.0,0
4,uc605896.1,uc605896,1,0.9879634497288667,0.2193931022920578,LV,0.0,0
4,uc606121.1,uc606121,1,0.993317724397379,0.2193931022920578,LV,0.0,0
4,uc606122.1,uc606122,1,0.9914842378313111,0.2193931022920578,LV,0.0,0
4,uc606123.1,uc606123,1,0.9934962182055695,0.2193931022920578,LV,0.0,0
4,uc606124.1,uc606124,1,0.9975763781623814,0.2193931022920578,LV,0.0,0
4,uc605825.1,uc605825,1,0.993648783481509,0.2193931022920578,LV,0.0,0
4,uc623427.1,uc623427,1,0.9934962311631029,0.2193931022920578,LV,0.0,0
4,uc609687.1,uc609687,1,0.9986005680729483,0.2193931022920578,LV,0.0,0
4,uc639277.1,uc639277,1,0.9915279819186027,0.2193931022920578,LV,0.0,0
4,uc1139390.1,uc1139390,1,0.9936613223667924,0.2193931022920578,LV,0.0,0
4,uc605863.1,uc605863,1,0.9912567513266787,0.2193931022920578,LV,0.0,0
4,uc605865.1,uc605865,1,0.9914634439310027,0.2193931022920578,LV,0.0,0
4,uc1138614.1,uc1138614,1,0.993817096551954,0.2193931022920578,LV,0.0,0
4,uc605855.1,uc605855,1,0.9931209071529956,0.2193931022920578,LV,0.0,0
4,uc605828.1,uc605828,1,0.9914755952392876,0.2193931022920578,LV,0.0,0
4,uc605829.1,uc605829,1,0.994876519056948,0.2193931022920578,LV,0.0,0
4,uc605834.1,uc605834,1,0.9894725693574064,0.2193931022920578,LV,0.0,0
4,uc605835.1,uc605835,1,0.989521889567826,0.2193931022920578,LV,0.0,0
4,uc605827.1,uc605827,1,0.9914327881987465,0.2193931022920578,LV,0.0,0
4,uc627337.1,uc627337,1,0.9952697133230608,0.2193931022920578,LV,0.0,0
4,uc637912.1,uc637912,1,0.9949320939704026,0.2193931022920578,LV,0.0,0
4,uc637576.1,uc637576,1,0.9934214638800265,0.2193931022920578,LV,0.0,0
4,uc637356.1,uc637356,1,0.9963614135772592,0.2193931022920578,LV,0.0,0
4,uc637918.1,uc637918,1,0.9932352164941358,0.2193931022920578,LV,0.0,0
4,uc637360.1,uc637360,1,0.9934417591504882,0.2193931022920578,LV,0.0,0
4,uc637399.1,uc637399,1,0.9860749421010335,0.2193931022920578,LV,0.0,0
4,uc637397.1,uc637397,1,0.9911468036430303,0.2193931022920578,LV,0.0,0
4,uc1137150.1,uc1137150,1,0.9948438245766389,0.2193931022920578,LV,0.0,0
4,uc1636598.1,uc1636598,1,0.0,0.1270170592217177,LV,0.95,1
4,uc636933.1,uc636933,1,0.9967154483213373,0.2193931022920578,LV,0.0,0
4,uc635963.1,uc635963,1,0.9944888214280799,0.2193931022920578,LV,0.0,0
4,uc635543.1,uc635543,1,0.9936642864564573,0.2193931022920578,LV,0.0,0
4,uc635966.1,uc635966,1,0.9936585273836736,0.2193931022920578,LV,0.0,0
4,uc635550.1,uc635550,1,0.9949646083813899,0.2193931022920578,LV,0.0,0
4,uc635862.1,uc635862,1,0.9926521569039419,0.2193931022920578,LV,0.0,0
4,uc1635694.1,uc1635694,1,1.0018165554779088,0.2193931022920578,LV,0.0,0
4,uc3435739.1,uc3435739,1,0.9935392473594994,0.2193931022920578,LV,0.0,0
4,uc1635060.1,uc1635060,1,0.9978597771683828,0.2193931022920578,LV,0.0,0
4,uc1607271.1,uc1607271,1,0.9987164166972363,0.2193931022920578,LV,0.0,0
4,uc605884.1,uc605884,1,0.9961602373682225,0.2193931022920578,LV,0.0,0
4,uc1609690.1,uc1609690,1,0.9997516732359003,0.2193931022920578,LV,0.0,0
4,uc1134165.1,uc1134165,1,0.9907420917313476,0.2193931022920578,LV,0.0,0
4,uc634166.1,uc634166,1,0.9972899248717895,0.2193931022920578,LV,0.0,0
4,uc1633896.1,uc1633896,1,0.9986457428298986,0.2193931022920578,LV,0.0,0
4,uc3433894.1,uc3433894,1,0.9949268493634764,0.2193931022920578,LV,0.0,0
4,uc1633892.1,uc1633892,1,0.999660852309274,0.2193931022920578,LV,0.0,0
4,uc633672.1,uc633672,1,0.9986232956942536,0.2193931022920578,LV,0.0,0
4,uc1633671.1,uc1633671,1,0.9932084174552297,0.2193931022920578,LV,0.0,0
4,uc1632306.1,uc1632306,1,0.9983026888892919,0.2193931022920578,LV,0.0,0
4,uc632607.1,uc632607,1,0.9802280674334931,0.2193931022920578,LV,0.0,0
4,uc632613.1,uc632613,1,0.9949004084597138,0.2193931022920578,LV,0.0,0
4,uc3432407.1,uc3432407,1,0.9941388302437333,0.2193931022920578,LV,0.0,0
4,uc1632402.1,uc1632402,1,0.992003355709028,0.2193931022920578,LV,0.0,0
4,uc1132019.1,uc1132019,1,0.9938180563401128,0.2193931022920578,LV,0.0,0
4,uc632016.1,uc632016,1,0.99709462147517,0.2193931022920578,LV,0.0,0
4,uc1132015.1,uc1132015,1,0.9919862133397205,0.2193931022920578,LV,0.0,0
4,uc1132012.1,uc1132012,1,0.9961094348061421,0.2193931022920578,LV,0.0,0
4,uc631859.1,uc631859,1,0.9970181341435155,0.2193931022920578,LV,0.0,0
4,uc1631852.1,uc1631852,1,0.9965429563344026,0.2193931022920578,LV,0.0,0
4,uc1130761.1,uc1130761,1,0.9894842311609208,0.2193931022920578,LV,0.0,0
4,uc1630759.1,uc1630759,1,0.9913666847504659,0.2193931022920578,LV,0.0,0
4,uc630758.1,uc630758,1,0.9943523001378476,0.2193931022920578,LV,0.0,0
4,uc629428.1,uc629428,1,0.9969676656258217,0.2193931022920578,LV,0.0,0
4,uc1629639.1,uc1629639,1,1.000104497086001,0.2193931022920578,LV,0.0,0
4,uc1229546.1,uc1229546,1,0.9940631155724463,0.2193931022920578,LV,0.0,0
4,uc628768.1,uc628768,1,0.9954811064168936,0.2193931022920578,LV,0.0,0
4,uc628757.1,uc628757,1,0.9993423440858565,0.2193931022920578,LV,0.0,0
4,uc628766.1,uc628766,1,0.9973322415137698,0.2193931022920578,LV,0.0,0
4,uc628753.1,uc628753,1,1.0001614770764269,0.2193931022920578,LV,0.0,0
4,uc627346.1,uc627346,1,0.9974307412835951,0.2193931022920578,LV,0.0,0
4,uc1628760.1,uc1628760,1,1.0001986746504883,0.2193931022920578,LV,0.0,0
4,uc1629422.1,uc1629422,1,0.9941735860877996,0.2193931022920578,LV,0.0,0
4,uc626699.1,uc626699,1,0.998109380253805,0.2193931022920578,LV,0.0,0
4,60651.2,60651,2,0.996378376371751,13.336791218280357,MV,0.0,0
4,60721.2,60721,2,0.9963474256493136,13.336791218280357,MV,0.0,0
4,164151.2,164151,2,0.9966380114762767,13.336791218280357,MV,0.0,0
4,302191.2,302191,2,0.994157506969376,13.336791218280357,MV,0.0,0
4,320841.2,320841,2,0.9952668384062436,13.336791218280357,MV,0.0,0
4,337711.2,337711,2,0.9941847739482423,13.336791218280357,MV,0.0,0
4,358691.2,358691,2,0.9992133088534343,13.336791218280357,MV,0.0,0
4,et6_1177.2,et6_1177,2,0.9954413164622616,0.2193931022920578,LV,0.0,0
4,461501.2,461501,2,0.996594748536807,13.336791218280357,MV,0.0,0
4,686891.2,686891,2,0.9958453135912241,13.336791218280357,MV,0.0,0
4,703601.2,703601,2,0.9967249994329229,13.336791218280357,MV,0.0,0
4,713791.2,713791,2,0.9957493191084603,13.336791218280357,MV,0.0,0
4,725731.2,725731,2,0.9954421434647364,13.336791218280357,MV,0.0,0
4,809501.2,809501,2,0.9960039625956122,13.336791218280357,MV,0.0,0
4,811221.2,811221,2,0.9966535503509163,13.336791218280357,MV,0.0,0
4,815111.2,815111,2,0.9941546143902904,13.336791218280357,MV,0.0,0
4,822371.2,822371,2,0.995547633533067,13.336791218280357,MV,0.0,0
4,820611.2,820611,2,0.9962473310444115,13.336791218280357,MV,0.0,0
4,822641.2,822641,2,0.9956078502209541,13.336791218280357,MV,0.0,0
4,618431.2,618431,2,0.9963786200331931,13.336791218280357,MV,0.0,0
4,bt10401.2,bt10401,2,0.9887485448529219,0.2193931022920578,LV,0.0,0
4,bt197792.2,bt197792,2,0.9884624324112962,0.2193931022920578,LV,0.0,0
4,bt800551.2,bt800551,2,0.9884624324335124,0.2193931022920578,LV,0.0,0
4,bt295341.2,bt295341,2,0.9879259102334959,0.2193931022920578,LV,0.0,0
4,bt800541.2,bt800541,2,0.9881897513176884,0.2193931022920578,LV,0.0,0
4,bt295361.2,bt295361,2,0.9875009788071318,0.2193931022920578,LV,0.0,0
4,bt474991.2,bt474991,2,0.9873773516275764,0.2193931022920578,LV,0.0,0
4,uc1627323.2,uc1627323,2,0.988843080810542,0.2193931022920578,LV,0.0,0
4,uc3405987.2,uc3405987,2,0.9908898565523139,0.2193931022920578,LV,0.0,0
4,uc3405846.2,uc3405846,2,0.9925486791606909,0.2193931022920578,LV,0.0,0
4,uc3405847.2,uc3405847,2,0.9914102224710493,0.2193931022920578,LV,0.0,0
4,uc3405838.2,uc3405838,2,0.9901121135090784,0.2193931022920578,LV,0.0,0
4,uc1607326.2,uc1607326,2,0.9898880876778797,0.2193931022920578,LV,0.0,0
4,uc1607316.2,uc1607316,2,0.9878290078091697,0.2193931022920578,LV,0.0,0
4,uc1607308.2,uc1607308,2,0.9934837977918225,0.2193931022920578,LV,0.0,0
4,uc1623434.2,uc1623434,2,0.0,0.1270170592217177,LV,0.95,1
4,uc1620373.2,uc1620373,2,0.9932035814539933,0.2193931022920578,LV,0.0,0
4,uc1607302.2,uc1607302,2,0.9930979845602901,0.2193931022920578,LV,0.0,0
4,uc1607304.2,uc1607304,2,0.9930014662835159,0.2193931022920578,LV,0.0,0
4,uc1607306.2,uc1607306,2,0.9930849996149583,0.2193931022920578,LV,0.0,0
4,uc1607299.2,uc1607299,2,0.9934086629139071,0.2193931022920578,LV,0.0,0
4,uc1607297.2,uc1607297,2,0.9954883506387671,0.2193931022920578,LV,0.0,0
4,uc1607298.2,uc1607298,2,0.9935369994547303,0.2193931022920578,LV,0.0,0
4,uc1607289.2,uc1607289,2,0.9967700793712861,0.2193931022920578,LV,0.0,0
4,uc1607291.2,uc1607291,2,0.995166756181082,0.2193931022920578,LV,0.0,0
4,uc1607292.2,uc1607292,2,0.9947868000541292,0.2193931022920578,LV,0.0,0
4,uc1607280.2,uc1607280,2,0.9922638704429096,0.2193931022920578,LV,0.0,0
4,uc1607284.2,uc1607284,2,0.9923944699026481,0.2193931022920578,LV,0.0,0
4,uc1607285.2,uc1607285,2,0.9923151848617523,0.2193931022920578,LV,0.0,0
4,uc1607288.2,uc1607288,2,0.9924999603288629,0.2193931022920578,LV,0.0,0
4,uc1607279.2,uc1607279,2,0.9930550609768308,0.2193931022920578,LV,0.0,0
4,uc1607355.2,uc1607355,2,0.993651213404983,0.2193931022920578,LV,0.0,0
4,uc1607357.2,uc1607357,2,0.99642881353682,0.2193931022920578,LV,0.0,0
4,uc1607358.2,uc1607358,2,0.9948038687913682,0.2193931022920578,LV,0.0,0
4,uc1607368.2,uc1607368,2,0.0,0.1270170592217177,LV,0.95,1
4,uc1607276.2,uc1607276,2,0.9991309983163992,0.2193931022920578,LV,0.0,0
4,uc1607278.2,uc1607278,2,0.9999825388889175,0.2193931022920578,LV,0.0,0
4,uc1607273.2,uc1607273,2,0.9989350162193499,0.2193931022920578,LV,0.0,0
4,uc1607328.2,uc1607328,2,0.9895449597763007,0.2193931022920578,LV,0.0,0
4,uc1607347.2,uc1607347,2,0.9924656122222489,0.2193931022920578,LV,0.0,0
4,uc1607350.2,uc1607350,2,0.9946411414758727,0.2193931022920578,LV,0.0,0
4,uc1107341.2,uc1107341,2,0.990921120605416,0.2193931022920578,LV,0.0,0
4,uc1107333.2,uc1107333,2,0.9921337253000024,0.2193931022920578,LV,0.0,0
4,uc1607268.2,uc1607268,2,0.9988347806933157,0.2193931022920578,LV,0.0,0
4,uc1607252.2,uc1607252,2,0.9923221329543762,0.2193931022920578,LV,0.0,0
4,uc1606000.2,uc1606000,2,0.992211252869668,0.2193931022920578,LV,0.0,0
4,uc1607255.2,uc1607255,2,0.9933140044505362,0.2193931022920578,LV,0.0,0
4,uc1607258.2,uc1607258,2,0.9923284129992058,0.2193931022920578,LV,0.0,0
4,uc1124041.2,uc1124041,2,0.992800283265991,0.2193931022920578,LV,0.0,0
4,uc1124340.2,uc1124340,2,0.9919786827136965,0.2193931022920578,LV,0.0,0
4,uc1121173.2,uc1121173,2,0.9922032951065506,0.2193931022920578,LV,0.0,0
4,uc1107345.2,uc1107345,2,0.9919635909060701,0.2193931022920578,LV,0.0,0
4,uc605816.2,uc605816,2,0.9900555913207267,0.2193931022920578,LV,0.0,0
4,uc605812.2,uc605812,2,0.9874042466532392,0.2193931022920578,LV,0.0,0
4,uc605813.2,uc605813,2,0.9952987479850598,0.2193931022920578,LV,0.0,0
4,uc609685.2,uc609685,2,0.997356951771418,0.2193931022920578,LV,0.0,0
4,uc609688.2,uc609688,2,0.99339016734864,0.2193931022920578,LV,0.0,0
4,uc621168.2,uc621168,2,0.9944697564788234,0.2193931022920578,LV,0.0,0
4,uc621171.2,uc621171,2,0.9932298176648893,0.2193931022920578,LV,0.0,0
4,uc605810.2,uc605810,2,0.9963970665787902,0.2193931022920578,LV,0.0,0
4,uc605807.2,uc605807,2,0.988732552937241,0.2193931022920578,LV,0.0,0
4,uc605801.2,uc605801,2,0.992512156556786,0.2193931022920578,LV,0.0,0
4,uc607384.2,uc607384,2,0.9931318069940348,0.2193931022920578,LV,0.0,0
4,uc607385.2,uc607385,2,0.9905946612710193,0.2193931022920578,LV,0.0,0
4,uc609682.2,uc609682,2,0.9895822855643601,0.2193931022920578,LV,0.0,0
4,uc609683.2,uc609683,2,0.996267031793752,0.2193931022920578,LV,0.0,0
4,uc607377.2,uc607377,2,0.9975636670603772,0.2193931022920578,LV,0.0,0
4,uc607382.2,uc607382,2,0.9954267464222852,0.2193931022920578,LV,0.0,0
4,uc606117.2,uc606117,2,0.9944949871368894,0.2193931022920578,LV,0.0,0
4,uc606120.2,uc606120,2,0.9942056779327771,0.2193931022920578,LV,0.0,0
4,uc623433.2,uc623433,2,0.9885775845939195,0.2193931022920578,LV,0.0,0
4,uc623007.2,uc623007,2,0.9952003649483795,0.2193931022920578,LV,0.0,0
4,uc606147.2,uc606147,2,0.9934211908734734,0.2193931022920578,LV,0.0,0
4,uc606148.2,uc606148,2,1.000017822612216,0.2193931022920578,LV,0.0,0
4,uc606150.2,uc606150,2,0.9978693679226066,0.2193931022920578,LV,0.0,0
4,uc606109.2,uc606109,2,0.9934445108374602,0.2193931022920578,LV,0.0,0
4,uc606110.2,uc606110,2,0.9929784637057086,0.2193931022920578,LV,0.0,0
4,uc606111.2,uc606111,2,0.9944357987773501,0.2193931022920578,LV,0.0,0
4,uc622720.2,uc622720,2,0.9943844458966974,0.2193931022920578,LV,0.0,0
4,uc623004.2,uc623004,2,0.9896029036782781,0.2193931022920578,LV,0.0,0
4,uc606103.2,uc606103,2,0.9944033864825559,0.2193931022920578,LV,0.0,0
4,uc606139.2,uc606139,2,0.9934202029801523,0.2193931022920578,LV,0.0,0
4,uc606143.2,uc606143,2,0.9951369804481017,0.2193931022920578,LV,0.0,0
4,uc605921.2,uc605921,2,0.9950639735146388,0.2193931022920578,LV,0.0,0
4,uc605915.2,uc605915,2,0.9938699043375936,0.2193931022920578,LV,0.0,0
4,uc606101.2,uc606101,2,0.9945162165620866,0.2193931022920578,LV,0.0,0
4,uc622273.2,uc622273,2,0.9943491798553303,0.2193931022920578,LV,0.0,0
4,uc605990.2,uc605990,2,0.9879258381922013,0.2193931022920578,LV,0.0,0
4,uc606130.2,uc606130,2,0.9962838854357559,0.2193931022920578,LV,0.0,0
4,uc606132.2,uc606132,2,0.993199294252182,0.2193931022920578,LV,0.0,0
4,uc622258.2,uc622258,2,0.9964527848946403,0.2193931022920578,LV,0.0,0
4,uc622270.2,uc622270,2,0.9988217848953485,0.2193931022920578,LV,0.0,0
4,uc605905.2,uc605905,2,0.992858205660331,0.2193931022920578,LV,0.0,0
4,uc605909.2,uc605909,2,0.9973888622172562,0.2193931022920578,LV,0.0,0
4,uc605910.2,uc605910,2,0.994323829666443,0.2193931022920578,LV,0.0,0
4,uc605911.2,uc605911,2,0.994833564731564,0.2193931022920578,LV,0.0,0
4,uc606128.2,uc606128,2,0.9955114788306887,0.2193931022920578,LV,0.0,0
4,uc605904.2,uc605904,2,0.9929144401108145,0.2193931022920578,LV,0.0,0
4,uc1239552.2,uc1239552,2,0.993482427891462,0.2193931022920578,LV,0.0,0
4,uc605817.2,uc605817,2,0.9953926534066112,0.2193931022920578,LV,0.0,0
4,uc605819.2,uc605819,2,0.9934856684386215,0.2193931022920578,LV,0.0,0
4,uc605820.2,uc605820,2,0.9901029723293073,0.2193931022920578,LV,0.0,0
4,uc605821.2,uc605821,2,0.9905774209713352,0.2193931022920578,LV,0.0,0
4,uc605822.2,uc605822,2,0.990002700763419,0.2193931022920578,LV,0.0,0
4,uc639280.2,uc639280,2,0.9935327212727113,0.2193931022920578,LV,0.0,0
4,uc605898.2,uc605898,2,0.9958892254527101,0.2193931022920578,LV,0.0,0
4,uc605902.2,uc605902,2,0.9931879316953314,0.2193931022920578,LV,0.0,0
4,uc605982.2,uc605982,2,0.9886532854759382,0.2193931022920578,LV,0.0,0
4,uc605988.2,uc605988,2,0.987442671947491,0.2193931022920578,LV,0.0,0
4,uc606126.2,uc606126,2,0.9943294575404055,0.2193931022920578,LV,0.0,0
4,uc606127.2,uc606127,2,0.9934851775551433,0.2193931022920578,LV,0.0,0
4,uc605896.2,uc605896,2,0.989142785116229,0.2193931022920578,LV,0.0,0
4,uc606121.2,uc606121,2,0.9931020301706297,0.2193931022920578,LV,0.0,0
4,uc606122.2,uc606122,2,0.9912679663099493,0.2193931022920578,LV,0.0,0
4,uc606123.2,uc606123,2,0.9932893710224099,0.2193931022920578,LV,0.0,0
4,uc622709.2,uc622709,2,0.9945762235795073,0.2193931022920578,LV,0.0,0
4,uc639277.2,uc639277,2,0.9906645157531462,0.2193931022920578,LV,0.0,0
4,uc1139390.2,uc1139390,2,0.9934459206939621,0.2193931022920578,LV,0.0,0
4,uc605864.2,uc605864,2,0.9906326698295421,0.2193931022920578,LV,0.0,0
4,uc605865.2,uc605865,2,0.9903760560839397,0.2193931022920578,LV,0.0,0
4,uc638617.2,uc638617,2,0.9900991994127533,0.2193931022920578,LV,0.0,0
4,uc605855.2,uc605855,2,0.9906265087865079,0.2193931022920578,LV,0.0,0
4,uc1638606.2,uc1638606,2,0.997647066753137,0.2193931022920578,LV,0.0,0
4,uc1638954.2,uc1638954,2,0.9987267811328443,0.2193931022920578,LV,0.0,0
4,uc605836.2,uc605836,2,0.9830243804899265,0.2193931022920578,LV,0.0,0
4,uc1607303.2,uc1607303,2,0.9944479005938894,0.2193931022920578,LV,0.0,0
4,uc637705.2,uc637705,2,0.9915343531594235,0.2193931022920578,LV,0.0,0
4,uc1637704.2,uc1637704,2,1.002256829006431,0.2193931022920578,LV,0.0,0
4,uc637576.2,uc637576,2,0.9932146245909982,0.2193931022920578,LV,0.0,0
4,uc637918.2,uc637918,2,0.9930583256916753,0.2193931022920578,LV,0.0,0
4,uc637360.2,uc637360,2,0.9932265939872358,0.2193931022920578,LV,0.0,0
4,uc637397.2,uc637397,2,0.990892707485098,0.2193931022920578,LV,0.0,0
4,uc636933.2,uc636933,2,0.9932535319749878,0.2193931022920578,LV,0.0,0
4,uc605908.2,uc605908,2,0.9979329609999221,0.2193931022920578,LV,0.0,0
4,uc635963.2,uc635963,2,0.9942737817759982,0.2193931022920578,LV,0.0,0
4,uc635543.2,uc635543,2,0.9934491236854738,0.2193931022920578,LV,0.0,0
4,uc635966.2,uc635966,2,0.9934433651814031,0.2193931022920578,LV,0.0,0
4,uc627328.2,uc627328,2,0.9872399979271629,0.2193931022920578,LV,0.0,0
4,uc635550.2,uc635550,2,0.9947605142338999,0.2193931022920578,LV,0.0,0
4,uc635862.2,uc635862,2,0.9923985396181356,0.2193931022920578,LV,0.0,0
4,uc3435739.2,uc3435739,2,0.990763626267339,0.2193931022920578,LV,0.0,0
4,uc634166.2,uc634166,2,0.996414836273376,0.2193931022920578,LV,0.0,0
4,uc1633671.2,uc1633671,2,0.9950730606718549,0.2193931022920578,LV,0.0,0
4,uc633056.2,uc633056,2,0.9961843635584555,0.2193931022920578,LV,0.0,0
4,uc632607.2,uc632607,2,0.9799698070705947,0.2193931022920578,LV,0.0,0
4,uc1632402.2,uc1632402,2,0.9934948525287863,0.2193931022920578,LV,0.0,0
4,uc1131858.2,uc1131858,2,0.9909932767076894,0.2193931022920578,LV,0.0,0
4,uc631391.2,uc631391,2,0.982758298121087,0.2193931022920578,LV,0.0,0
4,uc1630759.2,uc1630759,2,0.9928233584956727,0.2193931022920578,LV,0.0,0
4,uc630758.2,uc630758,2,0.9908426450156386,0.2193931022920578,LV,0.0,0
4,uc630753.2,uc630753,2,0.9904982625388616,0.2193931022920578,LV,0.0,0
4,uc628766.2,uc628766,2,0.9962913992766497,0.2193931022920578,LV,0.0,0
4,uc627346.2,uc627346,2,0.9969374756879578,0.2193931022920578,LV,0.0,0
4,uc1629422.2,uc1629422,2,0.9926998589869384,0.2193931022920578,LV,0.0,0
4,60651.3,60651,3,0.9963749630099701,13.336791218280357,MV,0.0,0
4,60721.3,60721,3,0.9963440109949988,13.336791218280357,MV,0.0,0
4,164151.3,164151,3,0.9966346160573234,13.336791218280357,MV,0.0,0
4,302191.3,302191,3,0.9941578209108672,13.336791218280357,MV,0.0,0
4,320841.3,320841,3,0.995248601776407,13.336791218280357,MV,0.0,0
4,337711.3,337711,3,0.9941850923561729,13.336791218280357,MV,0.0,0
4,358691.3,358691,3,0.9991537683943,13.336791218280357,MV,0.0,0
4,et6_1177.3,et6_1177,3,0.9942851740236875,0.2193931022920578,LV,0.0,0
4,461501.3,461501,3,0.9965710569444141,13.336791218280357,MV,0.0,0
4,686891.3,686891,3,0.9958306598199362,13.336791218280357,MV,0.0,0
4,703601.3,703601,3,0.9967220871787674,13.336791218280357,MV,0.0,0
4,713791.3,713791,3,0.9957313915455205,13.336791218280357,MV,0.0,0
4,725731.3,725731,3,0.995423899787524,13.336791218280357,MV,0.0,0
4,809501.3,809501,3,0.995990881950901,13.336791218280357,MV,0.0,0
4,811221.3,811221,3,0.9966502368832942,13.336791218280357,MV,0.0,0
4,815111.3,815111,3,0.9941549278505399,13.336791218280357,MV,0.0,0
4,822371.3,822371,3,0.9955294208277796,13.336791218280357,MV,0.0,0
4,820611.3,820611,3,0.9962406122256848,13.336791218280357,MV,0.0,0
4,822641.3,822641,3,0.9955861460011692,13.336791218280357,MV,0.0,0
4,618431.3,618431,3,0.9963752066859997,13.336791218280357,MV,0.0,0
4,bt10401.3,bt10401,3,0.9906099929690281,0.2193931022920578,LV,0.0,0
4,bt197792.3,bt197792,3,0.9902047699925559,0.2193931022920578,LV,0.0,0
4,bt800551.3,bt800551,3,0.9902752676938188,0.2193931022920578,LV,0.0,0
4,bt295341.3,bt295341,3,0.9901083430169408,0.2193931022920578,LV,0.0,0
4,bt800541.3,bt800541,3,0.9901486993688019,0.2193931022920578,LV,0.0,0
4,bt295361.3,bt295361,3,0.9901083437033001,0.2193931022920578,LV,0.0,0
4,bt474991.3,bt474991,3,0.9901083441730909,0.2193931022920578,LV,0.0,0
4,uc627336.3,uc627336,3,0.9951858005968404,0.2193931022920578,LV,0.0,0
4,uc1620373.3,uc1620373,3,0.9940306031649702,0.2193931022920578,LV,0.0,0
4,uc1607302.3,uc1607302,3,0.993895177081684,0.2193931022920578,LV,0.0,0
4,uc1607304.3,uc1607304,3,0.9938273638031125,0.2193931022920578,LV,0.0,0
4,uc1607298.3,uc1607298,3,0.994566736941496,0.2193931022920578,LV,0.0,0
4,uc1607280.3,uc1607280,3,0.9929663044536453,0.2193931022920578,LV,0.0,0
4,uc1607285.3,uc1607285,3,0.9937480735540266,0.2193931022920578,LV,0.0,0
4,uc1607279.3,uc1607279,3,0.9937577870570027,0.2193931022920578,LV,0.0,0
4,uc1607347.3,uc1607347,3,0.993292340861834,0.2193931022920578,LV,0.0,0
4,uc1124340.3,uc1124340,3,0.9935873376531554,0.2193931022920578,LV,0.0,0
4,uc605816.3,uc605816,3,0.9910411243583227,0.2193931022920578,LV,0.0,0
4,uc605815.3,uc605815,3,0.9922434392721031,0.2193931022920578,LV,0.0,0
4,uc621171.3,uc621171,3,0.9937069626643935,0.2193931022920578,LV,0.0,0
4,uc607384.3,uc607384,3,0.9936117713317834,0.2193931022920578,LV,0.0,0
4,uc606117.3,uc606117,3,0.9949725770406189,0.2193931022920578,LV,0.0,0
4,uc606120.3,uc606120,3,0.9946831726215838,0.2193931022920578,LV,0.0,0
4,uc623007.3,uc623007,3,0.99404418214278,0.2193931022920578,LV,0.0,0
4,uc605867.3,uc605867,3,0.9922305283636562,0.2193931022920578,LV,0.0,0
4,uc606150.3,uc606150,3,0.9979826164552001,0.2193931022920578,LV,0.0,0
4,uc606109.3,uc606109,3,0.9939217355911351,0.2193931022920578,LV,0.0,0
4,uc606110.3,uc606110,3,0.9934555648851794,0.2193931022920578,LV,0.0,0
4,uc606111.3,uc606111,3,0.9949133652124496,0.2193931022920578,LV,0.0,0
4,uc622722.3,uc622722,3,0.9925580272325729,0.2193931022920578,LV,0.0,0
4,uc623004.3,uc623004,3,0.9917789142593092,0.2193931022920578,LV,0.0,0
4,uc606101.3,uc606101,3,0.9949841065603903,0.2193931022920578,LV,0.0,0
4,uc606132.3,uc606132,3,0.9936850867225067,0.2193931022920578,LV,0.0,0
4,uc605910.3,uc605910,3,0.9947977953872074,0.2193931022920578,LV,0.0,0
4,uc605911.3,uc605911,3,0.9953077221903851,0.2193931022920578,LV,0.0,0
4,uc605904.3,uc605904,3,0.9951634988881312,0.2193931022920578,LV,0.0,0
4,uc1239552.3,uc1239552,3,0.9943096411526118,0.2193931022920578,LV,0.0,0
4,uc605821.3,uc605821,3,0.992797648511911,0.2193931022920578,LV,0.0,0
4,uc639280.3,uc639280,3,0.9941263490320809,0.2193931022920578,LV,0.0,0
4,uc605898.3,uc605898,3,0.9953221188580532,0.2193931022920578,LV,0.0,0
4,uc605902.3,uc605902,3,0.9936156520286011,0.2193931022920578,LV,0.0,0
4,uc606126.3,uc606126,3,0.9948160782934943,0.2193931022920578,LV,0.0,0
4,uc606127.3,uc606127,3,0.9939714770099113,0.2193931022920578,LV,0.0,0
4,uc606121.3,uc606121,3,0.9935784969533116,0.2193931022920578,LV,0.0,0
4,uc606122.3,uc606122,3,0.9917432587540108,0.2193931022920578,LV,0.0,0
4,uc639277.3,uc639277,3,0.9928848023824937,0.2193931022920578,LV,0.0,0
4,uc1139390.3,uc1139390,3,0.994273103556778,0.2193931022920578,LV,0.0,0
4,uc637576.3,uc637576,3,0.9936989832485653,0.2193931022920578,LV,0.0,0
4,uc637918.3,uc637918,3,0.9936518112293705,0.2193931022920578,LV,0.0,0
4,uc637360.3,uc637360,3,0.993703618951413,0.2193931022920578,LV,0.0,0
4,uc637397.3,uc637397,3,0.9918751137245331,0.2193931022920578,LV,0.0,0
4,uc635963.3,uc635963,3,0.9947513034829985,0.2193931022920578,LV,0.0,0
4,uc635543.3,uc635543,3,0.9939263403466524,0.2193931022920578,LV,0.0,0
4,uc635966.3,uc635966,3,0.9939205804414802,0.2193931022920578,LV,0.0,0
4,uc635550.3,uc635550,3,0.9952481943673964,0.2193931022920578,LV,0.0,0
4,uc635862.3,uc635862,3,0.9923492350054104,0.2193931022920578,LV,0.0,0
4,uc1633671.3,uc1633671,3,0.9951472245202465,0.2193931022920578,LV,0.0,0
4,uc632607.3,uc632607,3,0.980950001357764,0.2193931022920578,LV,0.0,0
4,uc1629422.3,uc1629422,3,0.994822902921859,0.2193931022920578,LV,0.0,0
5,60651.1,60651,1,0.9935199896226042,13.336791218280357,MV,0.0,0
5,60721.1,60721,1,0.9934814622203516,13.336791218280357,MV,0.0,0
5,164151.1,164151,1,0.9938442286073542,13.336791218280357,MV,0.0,0
5,302191.1,302191,1,0.9886826467316542,13.336791218280357,MV,0.0,0
5,320841.1,320841,1,0.9916782549547024,13.336791218280357,MV,0.0,0
5,337711.1,337711,1,0.988718004116363,13.336791218280357,MV,0.0,0
5,358691.1,358691,1,0.998349278066923,13.336791218280357,MV,0.0,0
5,et6_1177.1,et6_1177,1,0.9927205534475393,0.2193931022920578,LV,0.0,0
5,461501.1,461501,1,0.9934909480724922,13.336791218280357,MV,0.0,0
5,686891.1,686891,1,0.9925533920893491,13.336791218280357,MV,0.0,0
5,703601.1,703601,1,0.9939730770187354,13.336791218280357,MV,0.0,0
5,713791.1,713791,1,0.9923274749415051,13.336791218280357,MV,0.0,0
5,725731.1,725731,1,0.991886711212933,13.336791218280357,MV,0.0,0
5,809501.1,809501,1,0.9927564048451057,13.336791218280357,MV,0.0,0
5,811221.1,811221,1,0.9938670938678017,13.336791218280357,MV,0.0,0
5,815111.1,815111,1,0.9886783812062225,13.336791218280357,MV,0.0,0
5,822371.1,822371,1,0.9920435794908393,13.336791218280357,MV,0.0,0
5,820611.1,820611,1,0.9932542213074435,13.336791218280357,MV,0.0,0
5,822641.1,822641,1,0.992097263555431,13.336791218280357,MV,0.0,0
5,618431.1,618431,1,0.9935202893399998,13.336791218280357,MV,0.0,0
5,bt10401.1,bt10401,1,0.9829529147387945,0.2193931022920578,LV,0.0,0
5,bt197792.1,bt197792,1,0.9817983696123085,0.2193931022920578,LV,0.0,0
5,bt800551.1,bt800551,1,0.9820500553471146,0.2193931022920578,LV,0.0,0
5,bt295341.1,bt295341,1,0.9808203522257483,0.2193931022920578,LV,0.0,0
5,bt800541.1,bt800541,1,0.9813839870229379,0.2193931022920578,LV,0.0,0
5,bt295361.1,bt295361,1,0.9802867351479236,0.2193931022920578,LV,0.0,0
5,bt474991.1,bt474991,1,0.9798665222721821,0.2193931022920578,LV,0.0,0
5,uc626695.1,uc626695,1,0.9765454624755371,0.2193931022920578,LV,0.0,0
5,uc1627323.1,uc1627323,1,0.9850910856125639,0.2193931022920578,LV,0.0,0
5,uc1627342.1,uc1627342,1,0.996338940851531,0.2193931022920578,LV,0.0,0
5,uc627343.1,uc627343,1,0.9928246246900129,0.2193931022920578,LV,0.0,0
5,uc627344.1,uc627344,1,0.994090980218784,0.2193931022920578,LV,0.0,0
5,uc1626672.1,uc1626672,1,0.0,0.1270170592217177,LV,0.95,1
5,uc1626490.1,uc1626490,1,0.9923804855989874,0.2193931022920578,LV,0.0,0
5,uc3422706.1,uc3422706,1,0.9912929300006524,0.2193931022920578,LV,0.0,0
5,uc3425629.1,uc3425629,1,0.9913887351701056,0.2193931022920578,LV,0.0,0
5,uc3422597.1,uc3422597,1,0.9873696128114184,0.2193931022920578,LV,0.0,0
5,uc3405843.1,uc3405843,1,0.9881240471594931,0.2193931022920578,LV,0.0,0
5,uc3405844.1,uc3405844,1,0.9878110186254847,0.2193931022920578,LV,0.0,0
5,uc3405845.1,uc3405845,1,0.9877410572362111,0.2193931022920578,LV,0.0,0
5,uc3405846.1,uc3405846,1,0.9884206997969731,0.2193931022920578,LV,0.0,0
5,uc1626486.1,uc1626486,1,0.9969498326391039,0.2193931022920578,LV,0.0,0
5,uc1626487.1,uc1626487,1,0.9889912763995135,0.2193931022920578,LV,0.0,0
5,uc626481.1,uc626481,1,0.9903827728078654,0.2193931022920578,LV,0.0,0
5,uc626678.1,uc626678,1,0.9852460505162743,0.2193931022920578,LV,0.0,0
5,uc626698.1,uc626698,1,0.9927904984889107,0.2193931022920578,LV,0.0,0
5,uc626476.1,uc626476,1,0.9805563381040444,0.2193931022920578,LV,0.0,0
5,uc1627321.1,uc1627321,1,0.9958848046036043,0.2193931022920578,LV,0.0,0
5,uc1607319.1,uc1607319,1,0.9873638556335944,0.2193931022920578,LV,0.0,0
5,uc1607308.1,uc1607308,1,0.988402749174035,0.2193931022920578,LV,0.0,0
5,uc1624026.1,uc1624026,1,0.0,0.1270170592217177,LV,0.95,1
5,uc1625170.1,uc1625170,1,0.9938865533896953,0.2193931022920578,LV,0.0,0
5,uc1621994.1,uc1621994,1,0.9963743157614803,0.2193931022920578,LV,0.0,0
5,uc1620360.1,uc1620360,1,0.996772610491707,0.2193931022920578,LV,0.0,0
5,uc1620373.1,uc1620373,1,0.9890002776245643,0.2193931022920578,LV,0.0,0
5,uc1607302.1,uc1607302,1,0.9886266098399533,0.2193931022920578,LV,0.0,0
5,uc1607304.1,uc1607304,1,0.9866743348743541,0.2193931022920578,LV,0.0,0
5,uc1607305.1,uc1607305,1,0.9859559646271329,0.2193931022920578,LV,0.0,0
5,uc1607306.1,uc1607306,1,0.9875602269026291,0.2193931022920578,LV,0.0,0
5,uc1607297.1,uc1607297,1,0.9923449841757058,0.2193931022920578,LV,0.0,0
5,uc1607298.1,uc1607298,1,0.9900318852688073,0.2193931022920578,LV,0.0,0
5,uc1607289.1,uc1607289,1,0.9936764515277091,0.2193931022920578,LV,0.0,0
5,uc1607290.1,uc1607290,1,0.9938074162881362,0.2193931022920578,LV,0.0,0
5,uc1607291.1,uc1607291,1,0.9925005658411323,0.2193931022920578,LV,0.0,0
5,uc1607280.1,uc1607280,1,0.9864464465748515,0.2193931022920578,LV,0.0,0
5,uc1607283.1,uc1607283,1,0.9816825964303288,0.2193931022920578,LV,0.0,0
5,uc1607285.1,uc1607285,1,0.9844376756634853,0.2193931022920578,LV,0.0,0
5,uc1607287.1,uc1607287,1,0.9864740236239117,0.2193931022920578,LV,0.0,0
5,uc1607288.1,uc1607288,1,0.990055964207794,0.2193931022920578,LV,0.0,0
5,uc1607279.1,uc1607279,1,0.9881177913411073,0.2193931022920578,LV,0.0,0
5,uc1607357.1,uc1607357,1,0.9922779627223294,0.2193931022920578,LV,0.0,0
5,uc1607358.1,uc1607358,1,0.9914973973497073,0.2193931022920578,LV,0.0,0
5,uc1607368.1,uc1607368,1,0.0,0.1270170592217177,LV,0.95,1
5,uc1607277.1,uc1607277,1,0.9968047982278435,0.2193931022920578,LV,0.0,0
5,uc1607278.1,uc1607278,1,0.9998601001826393,0.2193931022920578,LV,0.0,0
5,uc1607272.1,uc1607272,1,0.9873173042797957,0.2193931022920578,LV,0.0,0
5,uc1607273.1,uc1607273,1,0.9999537595625725,0.2193931022920578,LV,0.0,0
5,uc1607353.1,uc1607353,1,0.9923715315328296,0.2193931022920578,LV,0.0,0
5,uc1607347.1,uc1607347,1,0.987567141998924,0.2193931022920578,LV,0.0,0
5,uc1607349.1,uc1607349,1,0.9925700126495589,0.2193931022920578,LV,0.0,0
5,uc1107342.1,uc1107342,1,0.9850844908589486,0.2193931022920578,LV,0.0,0
5,uc1107340.1,uc1107340,1,0.9800759262890982,0.2193931022920578,LV,0.0,0
5,uc1105833.1,uc1105833,1,0.989576677218804,0.2193931022920578,LV,0.0,0
5,uc1107330.1,uc1107330,1,0.9791400051364506,0.2193931022920578,LV,0.0,0
5,uc1607265.1,uc1607265,1,0.9813214107334796,0.2193931022920578,LV,0.0,0
5,uc1607268.1,uc1607268,1,0.9960869533426276,0.2193931022920578,LV,0.0,0
5,uc1607252.1,uc1607252,1,0.9878749365985405,0.2193931022920578,LV,0.0,0
5,uc1605991.1,uc1605991,1,0.9903758086633281,0.2193931022920578,LV,0.0,0
5,uc1605996.1,uc1605996,1,0.9878903893852843,0.2193931022920578,LV,0.0,0
5,uc1607257.1,uc1607257,1,0.9908393986936487,0.2193931022920578,LV,0.0,0
5,uc1607258.1,uc1607258,1,0.9878881653489571,0.2193931022920578,LV,0.0,0
5,uc1124340.1,uc1124340,1,0.9858976358341406,0.2193931022920578,LV,0.0,0
5,uc605816.1,uc605816,1,0.9823842020493151,0.2193931022920578,LV,0.0,0
5,uc605813.1,uc605813,1,0.9920787016260088,0.2193931022920578,LV,0.0,0
5,uc609684.1,uc609684,1,0.9947408289501855,0.2193931022920578,LV,0.0,0
5,uc609686.1,uc609686,1,0.9953168785340297,0.2193931022920578,LV,0.0,0
5,uc609688.1,uc609688,1,0.9877023076531835,0.2193931022920578,LV,0.0,0
5,uc621168.1,uc621168,1,0.9915699416807214,0.2193931022920578,LV,0.0,0
5,uc621171.1,uc621171,1,0.9890823121904186,0.2193931022920578,LV,0.0,0
5,uc605808.1,uc605808,1,0.9957989706149922,0.2193931022920578,LV,0.0,0
5,uc605809.1,uc605809,1,0.9817342511119869,0.2193931022920578,LV,0.0,0
5,uc605810.1,uc605810,1,0.9931968418847507,0.2193931022920578,LV,0.0,0
5,uc605970.1,uc605970,1,0.990761117719857,0.2193931022920578,LV,0.0,0
5,uc605803.1,uc605803,1,0.9915372192665759,0.2193931022920578,LV,0.0,0
5,uc605804.1,uc605804,1,0.9933883935102874,0.2193931022920578,LV,0.0,0
5,uc605806.1,uc605806,1,0.9909473788901065,0.2193931022920578,LV,0.0,0
5,uc607384.1,uc607384,1,0.9887133631070907,0.2193931022920578,LV,0.0,0
5,uc607387.1,uc607387,1,0.9916298586475814,0.2193931022920578,LV,0.0,0
5,uc609682.1,uc609682,1,0.983132416051148,0.2193931022920578,LV,0.0,0
5,uc624033.1,uc624033,1,0.9974293404721766,0.2193931022920578,LV,0.0,0
5,uc625156.1,uc625156,1,0.9915812724043983,0.2193931022920578,LV,0.0,0
5,uc625624.1,uc625624,1,0.9849251054391308,0.2193931022920578,LV,0.0,0
5,uc625625.1,uc625625,1,0.9951133889253964,0.2193931022920578,LV,0.0,0
5,uc607366.1,uc607366,1,0.981681957570086,0.2193931022920578,LV,0.0,0
5,uc607367.1,uc607367,1,0.9929467646410254,0.2193931022920578,LV,0.0,0
5,uc606114.1,uc606114,1,0.9901401206974438,0.2193931022920578,LV,0.0,0
5,uc606117.1,uc606117,1,0.9917504980688611,0.2193931022920578,LV,0.0,0
5,uc606120.1,uc606120,1,0.9910972148985718,0.2193931022920578,LV,0.0,0
5,uc623015.1,uc623015,1,0.9804915651724009,0.2193931022920578,LV,0.0,0
5,uc623432.1,uc623432,1,0.9880336318741464,0.2193931022920578,LV,0.0,0
5,uc624028.1,uc624028,1,0.9896681396862071,0.2193931022920578,LV,0.0,0
5,uc605873.1,uc605873,1,0.9920225708012834,0.2193931022920578,LV,0.0,0
5,uc623007.1,uc623007,1,0.9922111410173913,0.2193931022920578,LV,0.0,0
5,uc606147.1,uc606147,1,0.9896393128833103,0.2193931022920578,LV,0.0,0
5,uc606148.1,uc606148,1,0.9982237885497592,0.2193931022920578,LV,0.0,0
5,uc606150.1,uc606150,1,0.9962824540132098,0.2193931022920578,LV,0.0,0
5,uc606109.1,uc606109,1,0.9894872329498665,0.2193931022920578,LV,0.0,0
5,uc606110.1,uc606110,1,0.9885022950887246,0.2193931022920578,LV,0.0,0
5,uc606111.1,uc606111,1,0.9916114093064866,0.2193931022920578,LV,0.0,0
5,uc622777.1,uc622777,1,0.9994295452314421,0.2193931022920578,LV,0.0,0
5,uc623004.1,uc623004,1,0.9831423191253503,0.2193931022920578,LV,0.0,0
5,uc606103.1,uc606103,1,0.9907764268813518,0.2193931022920578,LV,0.0,0
5,uc606139.1,uc606139,1,0.9920332454576156,0.2193931022920578,LV,0.0,0
5,uc606141.1,uc606141,1,0.9875978508492059,0.2193931022920578,LV,0.0,0
5,uc606143.1,uc606143,1,0.9927734771703771,0.2193931022920578,LV,0.0,0
5,uc605921.1,uc605921,1,0.9904615677529099,0.2193931022920578,LV,0.0,0
5,uc622713.1,uc622713,1,0.9915140285185347,0.2193931022920578,LV,0.0,0
5,uc622714.1,uc622714,1,0.9893148327098913,0.2193931022920578,LV,0.0,0
5,uc605993.1,uc605993,1,0.9922232782976927,0.2193931022920578,LV,0.0,0
5,uc606101.1,uc606101,1,0.9903895419198853,0.2193931022920578,LV,0.0,0
5,uc606102.1,uc606102,1,0.9896449577932098,0.2193931022920578,LV,0.0,0
5,uc622273.1,uc622273,1,0.9911102783563126,0.2193931022920578,LV,0.0,0
5,uc622703.1,uc622703,1,0.9766176207746008,0.2193931022920578,LV,0.0,0
5,uc605989.1,uc605989,1,0.9938700438995836,0.2193931022920578,LV,0.0,0
5,uc606130.1,uc606130,1,0.9939889249921833,0.2193931022920578,LV,0.0,0
5,uc606132.1,uc606132,1,0.9887969625251454,0.2193931022920578,LV,0.0,0
5,uc605914.1,uc605914,1,1.0017544366915303,0.2193931022920578,LV,0.0,0
5,uc622257.1,uc622257,1,0.9945679082612621,0.2193931022920578,LV,0.0,0
5,uc605909.1,uc605909,1,0.9950440852092569,0.2193931022920578,LV,0.0,0
5,uc605910.1,uc605910,1,0.9910793644811364,0.2193931022920578,LV,0.0,0
5,uc605911.1,uc605911,1,0.9921871539737218,0.2193931022920578,LV,0.0,0
5,uc606128.1,uc606128,1,0.9927157711922632,0.2193931022920578,LV,0.0,0
5,uc605823.1,uc605823,1,0.983648726919054,0.2193931022920578,LV,0.0,0
5,uc605824.1,uc605824,1,0.9902802518534453,0.2193931022920578,LV,0.0,0
5,uc605904.1,uc605904,1,0.9916922718507919,0.2193931022920578,LV,0.0,0
5,uc621999.1,uc621999,1,0.9921646582630551,0.2193931022920578,LV,0.0,0
5,uc639553.1,uc639553,1,0.9893669841856289,0.2193931022920578,LV,0.0,0
5,uc1239552.1,uc1239552,1,0.9896731114500754,0.2193931022920578,LV,0.0,0
5,uc605817.1,uc605817,1,0.9908848147431526,0.2193931022920578,LV,0.0,0
5,uc605819.1,uc605819,1,0.9879039655036691,0.2193931022920578,LV,0.0,0
5,uc605820.1,uc605820,1,0.9875618307330473,0.2193931022920578,LV,0.0,0
5,uc605821.1,uc605821,1,0.9847409239791517,0.2193931022920578,LV,0.0,0
5,uc639280.1,uc639280,1,0.9889177347826109,0.2193931022920578,LV,0.0,0
5,uc605898.1,uc605898,1,0.9921400094305108,0.2193931022920578,LV,0.0,0
5,uc605901.1,uc605901,1,0.9942111799725432,0.2193931022920578,LV,0.0,0
5,uc605902.1,uc605902,1,0.9883938954704174,0.2193931022920578,LV,0.0,0
5,uc605985.1,uc605985,1,0.9863283574546834,0.2193931022920578,LV,0.0,0
5,uc606126.1,uc606126,1,0.9911609790392805,0.2193931022920578,LV,0.0,0
5,uc606127.1,uc606127,1,0.9894272725811932,0.2193931022920578,LV,0.0,0
5,uc605896.1,uc605896,1,0.9835647743899343,0.2193931022920578,LV,0.0,0
5,uc606121.1,uc606121,1,0.9885974037463734,0.2193931022920578,LV,0.0,0
5,uc606122.1,uc606122,1,0.984723111886187,0.2193931022920578,LV,0.0,0
5,uc606123.1,uc606123,1,0.9889842820245978,0.2193931022920578,LV,0.0,0
5,uc606124.1,uc606124,1,0.9946183598860664,0.2193931022920578,LV,0.0,0
5,uc605825.1,uc605825,1,0.9862219908470664,0.2193931022920578,LV,0.0,0
5,uc623427.1,uc623427,1,0.9889842949232444,0.2193931022920578,LV,0.0,0
5,uc609687.1,uc609687,1,0.9959337342841523,0.2193931022920578,LV,0.0,0
5,uc639277.1,uc639277,1,0.9849251054451755,0.2193931022920578,LV,0.0,0
5,uc1139390.1,uc1139390,1,0.9896367442338947,0.2193931022920578,LV,0.0,0
5,uc605863.1,uc605863,1,0.9843325879427043,0.2193931022920578,LV,0.0,0
5,uc605865.1,uc605865,1,0.9847692596634342,0.2193931022920578,LV,0.0,0
5,uc1138614.1,uc1138614,1,0.9866231497086861,0.2193931022920578,LV,0.0,0
5,uc605855.1,uc605855,1,0.9853364729790172,0.2193931022920578,LV,0.0,0
5,uc605828.1,uc605828,1,0.9818750070447589,0.2193931022920578,LV,0.0,0
5,uc605829.1,uc605829,1,0.9890468861789499,0.2193931022920578,LV,0.0,0
5,uc605834.1,uc605834,1,0.9776778246660025,0.2193931022920578,LV,0.0,0
5,uc605835.1,uc605835,1,0.9777821412645736,0.2193931022920578,LV,0.0,0
5,uc605827.1,uc605827,1,0.9817844793928615,0.2193931022920578,LV,0.0,0
5,uc627337.1,uc627337,1,0.9890583943514709,0.2193931022920578,LV,0.0,0
5,uc637912.1,uc637912,1,0.9891644453411608,0.2193931022920578,LV,0.0,0
5,uc637576.1,uc637576,1,0.9888262237289508,0.2193931022920578,LV,0.0,0
5,uc637356.1,uc637356,1,0.9914301658378775,0.2193931022920578,LV,0.0,0
5,uc637918.1,uc637918,1,0.9879146200925977,0.2193931022920578,LV,0.0,0
5,uc637360.1,uc637360,1,0.9889967236279814,0.2193931022920578,LV,0.0,0
5,uc637399.1,uc637399,1,0.9811556792287375,0.2193931022920578,LV,0.0,0
5,uc637397.1,uc637397,1,0.98410235856882,0.2193931022920578,LV,0.0,0
5,uc1137150.1,uc1137150,1,0.9889975594618693,0.2193931022920578,LV,0.0,0
5,uc1636598.1,uc1636598,1,0.0,0.1270170592217177,LV,0.95,1
5,uc636933.1,uc636933,1,0.99168260715734,0.2193931022920578,LV,0.0,0
5,uc635963.1,uc635963,1,0.9912493577876588,0.2193931022920578,LV,0.0,0
5,uc635543.1,uc635543,1,0.9895024051978704,0.2193931022920578,LV,0.0,0
5,uc635966.1,uc635966,1,0.9894902281451083,0.2193931022920578,LV,0.0,0
5,uc635550.1,uc635550,1,0.992086605885865,0.2193931022920578,LV,0.0,0
5,uc635862.1,uc635862,1,0.9872939158501935,0.2193931022920578,LV,0.0,0
5,uc1635694.1,uc1635694,1,1.0011266734693318,0.2193931022920578,LV,0.0,0
5,uc3435739.1,uc3435739,1,0.9860605669619669,0.2193931022920578,LV,0.0,0
5,uc1635060.1,uc1635060,1,0.993362126394147,0.2193931022920578,LV,0.0,0
5,uc1607271.1,uc1607271,1,0.9951719715551093,0.2193931022920578,LV,0.0,0
5,uc605884.1,uc605884,1,0.9914643772158308,0.2193931022920578,LV,0.0,0
5,uc1609690.1,uc1609690,1,0.9973487748279337,0.2193931022920578,LV,0.0,0
5,uc1134165.1,uc1134165,1,0.9802464110429359,0.2193931022920578,LV,0.0,0
5,uc634166.1,uc634166,1,0.9937920424753242,0.2193931022920578,LV,0.0,0
5,uc1633896.1,uc1633896,1,0.9950227015119241,0.2193931022920578,LV,0.0,0
5,uc3433894.1,uc3433894,1,0.9890428587351614,0.2193931022920578,LV,0.0,0
5,uc1633892.1,uc1633892,1,0.9964354843454266,0.2193931022920578,LV,0.0,0
5,uc633672.1,uc633672,1,0.9959817668757174,0.2193931022920578,LV,0.0,0
5,uc1633671.1,uc1633671,1,0.9862090976128091,0.2193931022920578,LV,0.0,0
5,uc1632306.1,uc1632306,1,0.9955700817098101,0.2193931022920578,LV,0.0,0
5,uc632607.1,uc632607,1,0.96105556988547,0.2193931022920578,LV,0.0,0
5,uc632613.1,uc632613,1,0.9876355162458703,0.2193931022920578,LV,0.0,0
5,uc3432407.1,uc3432407,1,0.987326275704707,0.2193931022920578,LV,0.0,0
5,uc1632402.1,uc1632402,1,0.9824660960581731,0.2193931022920578,LV,0.0,0
5,uc1132019.1,uc1132019,1,0.9866251791798006,0.2193931022920578,LV,0.0,0
5,uc632016.1,uc632016,1,0.9929054100998917,0.2193931022920578,LV,0.0,0
5,uc1132015.1,uc1132015,1,0.9828721786288499,0.2193931022920578,LV,0.0,0
5,uc1132012.1,uc1132012,1,0.9914282885426723,0.2193931022920578,LV,0.0,0
5,uc631859.1,uc631859,1,0.9927436777476061,0.2193931022920578,LV,0.0,0
5,uc1631852.1,uc1631852,1,0.9918133284895034,0.2193931022920578,LV,0.0,0
5,uc1130761.1,uc1130761,1,0.9776867075633405,0.2193931022920578,LV,0.0,0
5,uc1630759.1,uc1630759,1,0.9811211561462128,0.2193931022920578,LV,0.0,0
5,uc630758.1,uc630758,1,0.987499514317583,0.2193931022920578,LV,0.0,0
5,uc629428.1,uc629428,1,0.9932943409240335,0.2193931022920578,LV,0.0,0
5,uc1629639.1,uc1629639,1,0.99810688957814,0.2193931022920578,LV,0.0,0
5,uc1229546.1,uc1229546,1,0.986602576914032,0.2193931022920578,LV,0.0,0
5,uc628768.1,uc628768,1,0.9902244512358402,0.2193931022920578,LV,0.0,0
5,uc628757.1,uc628757,1,0.9976350465674624,0.2193931022920578,LV,0.0,0
5,uc628766.1,uc628766,1,0.9940047885147402,0.2193931022920578,LV,0.0,0
5,uc628753.1,uc628753,1,0.9987108867207801,0.2193931022920578,LV,0.0,0
5,uc627346.1,uc627346,1,0.9942583705536503,0.2193931022920578,LV,0.0,0
5,uc1628760.1,uc1628760,1,0.9980914474684242,0.2193931022920578,LV,0.0,0
5,uc1629422.1,uc1629422,1,0.990310350652159,0.2193931022920578,LV,0.0,0
5,uc626699.1,uc626699,1,0.9956921628146326,0.2193931022920578,LV,0.0,0
5,60651.2,60651,2,0.994625774017258,13.336791218280357,MV,0.0,0
5,60721.2,60721,2,0.9945872344435749,13.336791218280357,MV,0.0,0
5,164151.2,164151,2,0.9949501374234221,13.336791218280357,MV,0.0,0
5,302191.2,302191,2,0.9906779951692688,13.336791218280357,MV,0.0,0
5,320841.2,320841,2,0.992983552244447,13.336791218280357,MV,0.0,0
5,337711.2,337711,2,0.9907133796702857,13.336791218280357,MV,0.0,0
5,358691.2,358691,2,0.9988327405960394,13.336791218280357,MV,0.0,0
5,et6_1177.2,et6_1177,2,0.992425023344365,0.2193931022920578,LV,0.0,0
5,461501.2,461501,2,0.9947588589725975,13.336791218280357,MV,0.0,0
5,686891.2,686891,2,0.9938261631741221,13.336791218280357,MV,0.0,0
5,703601.2,703601,2,0.9950682130482137,13.336791218280357,MV,0.0,0
5,713791.2,713791,2,0.9936307733488882,13.336791218280357,MV,0.0,0
5,725731.2,725731,2,0.9931921007473167,13.336791218280357,MV,0.0,0
5,809501.2,809501,2,0.9940240191777708,13.336791218280357,MV,0.0,0
5,811221.2,811221,2,0.9949712355685381,13.336791218280357,MV,0.0,0
5,815111.2,815111,2,0.9906737270600054,13.336791218280357,MV,0.0,0
5,822371.2,822371,2,0.9933490473413044,13.336791218280357,MV,0.0,0
5,820611.2,820611,2,0.9944166669941774,13.336791218280357,MV,0.0,0
5,822641.2,822641,2,0.9934141442584703,13.336791218280357,MV,0.0,0
5,618431.2,618431,2,0.9946260738356726,13.336791218280357,MV,0.0,0
5,bt10401.2,bt10401,2,0.9789447955860691,0.2193931022920578,LV,0.0,0
5,bt197792.2,bt197792,2,0.9783761331970059,0.2193931022920578,LV,0.0,0
5,bt800551.2,bt800551,2,0.9783761332179687,0.2193931022920578,LV,0.0,0
5,bt295341.2,bt295341,2,0.9773097965873891,0.2193931022920578,LV,0.0,0
5,bt800541.2,bt800541,2,0.9778341757280745,0.2193931022920578,LV,0.0,0
5,bt295361.2,bt295361,2,0.9764652248810336,0.2193931022920578,LV,0.0,0
5,bt474991.2,bt474991,2,0.9762039656416472,0.2193931022920578,LV,0.0,0
5,uc1627323.2,uc1627323,2,0.975749900251749,0.2193931022920578,LV,0.0,0
5,uc3405987.2,uc3405987,2,0.9804708881082893,0.2193931022920578,LV,0.0,0
5,uc3405846.2,uc3405846,2,0.9839941956613527,0.2193931022920578,LV,0.0,0
5,uc3405847.2,uc3405847,2,0.9815698648056402,0.2193931022920578,LV,0.0,0
5,uc3405838.2,uc3405838,2,0.978792841915361,0.2193931022920578,LV,0.0,0
5,uc1607326.2,uc1607326,2,0.9827693734158849,0.2193931022920578,LV,0.0,0
5,uc1607316.2,uc1607316,2,0.9806658807016343,0.2193931022920578,LV,0.0,0
5,uc1607308.2,uc1607308,2,0.9859967606208453,0.2193931022920578,LV,0.0,0
5,uc1623434.2,uc1623434,2,0.0,0.1270170592217177,LV,0.95,1
5,uc1620373.2,uc1620373,2,0.9886951567409501,0.2193931022920578,LV,0.0,0
5,uc1607302.2,uc1607302,2,0.98833333357893,0.2193931022920578,LV,0.0,0
5,uc1607304.2,uc1607304,2,0.9882038744965143,0.2193931022920578,LV,0.0,0
5,uc1607306.2,uc1607306,2,0.9851546591377495,0.2193931022920578,LV,0.0,0
5,uc1607299.2,uc1607299,2,0.9889603216128723,0.2193931022920578,LV,0.0,0
5,uc1607297.2,uc1607297,2,0.9900549496542153,0.2193931022920578,LV,0.0,0
5,uc1607298.2,uc1607298,2,0.9892315647106947,0.2193931022920578,LV,0.0,0
5,uc1607289.2,uc1607289,2,0.9927037040114814,0.2193931022920578,LV,0.0,0
5,uc1607291.2,uc1607291,2,0.9893758007699649,0.2193931022920578,LV,0.0,0
5,uc1607292.2,uc1607292,2,0.9885729835511713,0.2193931022920578,LV,0.0,0
5,uc1607280.2,uc1607280,2,0.9861802531593503,0.2193931022920578,LV,0.0,0
5,uc1607284.2,uc1607284,2,0.9866319795629958,0.2193931022920578,LV,0.0,0
5,uc1607285.2,uc1607285,2,0.9864644072242656,0.2193931022920578,LV,0.0,0
5,uc1607288.2,uc1607288,2,0.9869185780913602,0.2193931022920578,LV,0.0,0
5,uc1607279.2,uc1607279,2,0.9878517184634932,0.2193931022920578,LV,0.0,0
5,uc1607355.2,uc1607355,2,0.9890644591366845,0.2193931022920578,LV,0.0,0
5,uc1607357.2,uc1607357,2,0.991550769867896,0.2193931022920578,LV,0.0,0
5,uc1607358.2,uc1607358,2,0.9883070148739519,0.2193931022920578,LV,0.0,0
5,uc1607368.2,uc1607368,2,0.0,0.1270170592217177,LV,0.95,1
5,uc1607276.2,uc1607276,2,0.9968550696913883,0.2193931022920578,LV,0.0,0
5,uc1607278.2,uc1607278,2,0.9970724414795746,0.2193931022920578,LV,0.0,0
5,uc1607273.2,uc1607273,2,0.9951656395870802,0.2193931022920578,LV,0.0,0
5,uc1607328.2,uc1607328,2,0.9820443650607628,0.2193931022920578,LV,0.0,0
5,uc1607347.2,uc1607347,2,0.9872618262364642,0.2193931022920578,LV,0.0,0
5,uc1607350.2,uc1607350,2,0.9879850802937578,0.2193931022920578,LV,0.0,0
5,uc1107341.2,uc1107341,2,0.980673029368663,0.2193931022920578,LV,0.0,0
5,uc1107333.2,uc1107333,2,0.9832322140919069,0.2193931022920578,LV,0.0,0
5,uc1607268.2,uc1607268,2,0.995386715510703,0.2193931022920578,LV,0.0,0
5,uc1607252.2,uc1607252,2,0.9829255640879128,0.2193931022920578,LV,0.0,0
5,uc1606000.2,uc1606000,2,0.9863086384004707,0.2193931022920578,LV,0.0,0
5,uc1607255.2,uc1607255,2,0.9882694883381148,0.2193931022920578,LV,0.0,0
5,uc1607258.2,uc1607258,2,0.9829388606885352,0.2193931022920578,LV,0.0,0
5,uc1124041.2,uc1124041,2,0.9843706148735906,0.2193931022920578,LV,0.0,0
5,uc1124340.2,uc1124340,2,0.986061022901618,0.2193931022920578,LV,0.0,0
5,uc1121173.2,uc1121173,2,0.98337902546857,0.2193931022920578,LV,0.0,0
5,uc1107345.2,uc1107345,2,0.9860290982445818,0.2193931022920578,LV,0.0,0
5,uc605816.2,uc605816,2,0.9820021083700013,0.2193931022920578,LV,0.0,0
5,uc605812.2,uc605812,2,0.9762607022228823,0.2193931022920578,LV,0.0,0
5,uc605813.2,uc605813,2,0.9921235238784296,0.2193931022920578,LV,0.0,0
5,uc609685.2,uc609685,2,0.9932435042414124,0.2193931022920578,LV,0.0,0
5,uc609688.2,uc609688,2,0.9858817789112925,0.2193931022920578,LV,0.0,0
5,uc621168.2,uc621168,2,0.9880358381827704,0.2193931022920578,LV,0.0,0
5,uc621171.2,uc621171,2,0.9887270815776913,0.2193931022920578,LV,0.0,0
5,uc605810.2,uc605810,2,0.9913807656089764,0.2193931022920578,LV,0.0,0
5,uc605807.2,uc605807,2,0.9789109840696907,0.2193931022920578,LV,0.0,0
5,uc605801.2,uc605801,2,0.9880263864047741,0.2193931022920578,LV,0.0,0
5,uc607384.2,uc607384,2,0.9883676908103946,0.2193931022920578,LV,0.0,0
5,uc607385.2,uc607385,2,0.9830908202422679,0.2193931022920578,LV,0.0,0
5,uc609682.2,uc609682,2,0.9778755092804858,0.2193931022920578,LV,0.0,0
5,uc609683.2,uc609683,2,0.9909422181918174,0.2193931022920578,LV,0.0,0
5,uc607377.2,uc607377,2,0.9936974762085387,0.2193931022920578,LV,0.0,0
5,uc607382.2,uc607382,2,0.9893370814069398,0.2193931022920578,LV,0.0,0
5,uc606117.2,uc606117,2,0.9913959848496698,0.2193931022920578,LV,0.0,0
5,uc606120.2,uc606120,2,0.9907425372378297,0.2193931022920578,LV,0.0,0
5,uc623433.2,uc623433,2,0.9785833229924682,0.2193931022920578,LV,0.0,0
5,uc623007.2,uc623007,2,0.9919156391572129,0.2193931022920578,LV,0.0,0
5,uc606147.2,uc606147,2,0.9843635198633175,0.2193931022920578,LV,0.0,0
5,uc606148.2,uc606148,2,0.9983262008873421,0.2193931022920578,LV,0.0,0
5,uc606150.2,uc606150,2,0.996165919133672,0.2193931022920578,LV,0.0,0
5,uc606109.2,uc606109,2,0.9891320933742721,0.2193931022920578,LV,0.0,0
5,uc606110.2,uc606110,2,0.9881472268884591,0.2193931022920578,LV,0.0,0
5,uc606111.2,uc606111,2,0.9912568349369775,0.2193931022920578,LV,0.0,0
5,uc622720.2,uc622720,2,0.9878486083166977,0.2193931022920578,LV,0.0,0
5,uc623004.2,uc623004,2,0.9809974253677513,0.2193931022920578,LV,0.0,0
5,uc606103.2,uc606103,2,0.9877792588287388,0.2193931022920578,LV,0.0,0
5,uc606139.2,uc606139,2,0.9847256895771739,0.2193931022920578,LV,0.0,0
5,uc606143.2,uc606143,2,0.9880623753962171,0.2193931022920578,LV,0.0,0
5,uc605921.2,uc605921,2,0.9890974986691642,0.2193931022920578,LV,0.0,0
5,uc605915.2,uc605915,2,0.9893685205898901,0.2193931022920578,LV,0.0,0
5,uc606101.2,uc606101,2,0.9912247998261078,0.2193931022920578,LV,0.0,0
5,uc622273.2,uc622273,2,0.9863972704669718,0.2193931022920578,LV,0.0,0
5,uc605990.2,uc605990,2,0.9773096588054561,0.2193931022920578,LV,0.0,0
5,uc606130.2,uc606130,2,0.9917528483168077,0.2193931022920578,LV,0.0,0
5,uc606132.2,uc606132,2,0.988460504632832,0.2193931022920578,LV,0.0,0
5,uc622258.2,uc622258,2,0.9921484302336885,0.2193931022920578,LV,0.0,0
5,uc622270.2,uc622270,2,0.9958349711037827,0.2193931022920578,LV,0.0,0
5,uc605905.2,uc605905,2,0.9874195241132738,0.2193931022920578,LV,0.0,0
5,uc605909.2,uc605909,2,0.9939790410089052,0.2193931022920578,LV,0.0,0
5,uc605910.2,uc605910,2,0.9907196383231397,0.2193931022920578,LV,0.0,0
5,uc605911.2,uc605911,2,0.9918278626979317,0.2193931022920578,LV,0.0,0
5,uc606128.2,uc606128,2,0.9901417527361777,0.2193931022920578,LV,0.0,0
5,uc605904.2,uc605904,2,0.9875394999250504,0.2193931022920578,LV,0.0,0
5,uc1239552.2,uc1239552,2,0.9893686454008185,0.2193931022920578,LV,0.0,0
5,uc605817.2,uc605817,2,0.9898166510816699,0.2193931022920578,LV,0.0,0
5,uc605819.2,uc605819,2,0.9860838352233975,0.2193931022920578,LV,0.0,0
5,uc605820.2,uc605820,2,0.9786490557369938,0.2193931022920578,LV,0.0,0
5,uc605821.2,uc605821,2,0.9830639374616985,0.2193931022920578,LV,0.0,0
5,uc605822.2,uc605822,2,0.9784385276132367,0.2193931022920578,LV,0.0,0
5,uc639280.2,uc639280,2,0.988656699138663,0.2193931022920578,LV,0.0,0
5,uc605898.2,uc605898,2,0.9936119117073239,0.2193931022920578,LV,0.0,0
5,uc605902.2,uc605902,2,0.9880453526247296,0.2193931022920578,LV,0.0,0
5,uc605982.2,uc605982,2,0.97874338600311,0.2193931022920578,LV,0.0,0
5,uc605988.2,uc605988,2,0.976341946766421,0.2193931022920578,LV,0.0,0
5,uc606126.2,uc606126,2,0.9908291138781196,0.2193931022920578,LV,0.0,0
5,uc606127.2,uc606127,2,0.9890947052942013,0.2193931022920578,LV,0.0,0
5,uc605896.2,uc605896,2,0.9797666859515688,0.2193931022920578,LV,0.0,0
5,uc606121.2,uc606121,2,0.9882408656004658,0.2193931022920578,LV,0.0,0
5,uc606122.2,uc606122,2,0.9843648360182785,0.2193931022920578,LV,0.0,0
5,uc606123.2,uc606123,2,0.9886471888570292,0.2193931022920578,LV,0.0,0
5,uc622709.2,uc622709,2,0.9880961971084288,0.2193931022920578,LV,0.0,0
5,uc639277.2,uc639277,2,0.9832479901473768,0.2193931022920578,LV,0.0,0
5,uc1139390.2,uc1139390,2,0.989332289371235,0.2193931022920578,LV,0.0,0
5,uc605864.2,uc605864,2,0.9831709042947916,0.2193931022920578,LV,0.0,0
5,uc605865.2,uc605865,2,0.9826297555932437,0.2193931022920578,LV,0.0,0
5,uc638617.2,uc638617,2,0.9820447736066622,0.2193931022920578,LV,0.0,0
5,uc605855.2,uc605855,2,0.9800815327882054,0.2193931022920578,LV,0.0,0
5,uc1638606.2,uc1638606,2,0.992107702407204,0.2193931022920578,LV,0.0,0
5,uc1638954.2,uc1638954,2,0.994725420421132,0.2193931022920578,LV,0.0,0
5,uc605836.2,uc605836,2,0.963556394480146,0.2193931022920578,LV,0.0,0
5,uc1607303.2,uc1607303,2,0.9880786483816665,0.2193931022920578,LV,0.0,0
5,uc637705.2,uc637705,2,0.9870114143488619,0.2193931022920578,LV,0.0,0
5,uc1637704.2,uc1637704,2,1.001869679609198,0.2193931022920578,LV,0.0,0
5,uc637576.2,uc637576,2,0.9884891553298047,0.2193931022920578,LV,0.0,0
5,uc637918.2,uc637918,2,0.9876536878562197,0.2193931022920578,LV,0.0,0
5,uc637360.2,uc637360,2,0.9886413040813767,0.2193931022920578,LV,0.0,0
5,uc637397.2,uc637397,2,0.9837188138328586,0.2193931022920578,LV,0.0,0
5,uc636933.2,uc636933,2,0.9843726364548376,0.2193931022920578,LV,0.0,0
5,uc605908.2,uc605908,2,0.9951461694564101,0.2193931022920578,LV,0.0,0
5,uc635963.2,uc635963,2,0.9908947377756193,0.2193931022920578,LV,0.0,0
5,uc635543.2,uc635543,2,0.989147177575317,0.2193931022920578,LV,0.0,0
5,uc635966.2,uc635966,2,0.9891350024633556,0.2193931022920578,LV,0.0,0
5,uc627328.2,uc627328,2,0.9759135504654597,0.2193931022920578,LV,0.0,0
5,uc635550.2,uc635550,2,0.991756880772591,0.2193931022920578,LV,0.0,0
5,uc635862.2,uc635862,2,0.986912893356617,0.2193931022920578,LV,0.0,0
5,uc3435739.2,uc3435739,2,0.98020052250637,0.2193931022920578,LV,0.0,0
5,uc634166.2,uc634166,2,0.991914393492208,0.2193931022920578,LV,0.0,0
5,uc1633671.2,uc1633671,2,0.9901565167286651,0.2193931022920578,LV,0.0,0
5,uc633056.2,uc633056,2,0.9907674362393123,0.2193931022920578,LV,0.0,0
5,uc632607.2,uc632607,2,0.9606525844785321,0.2193931022920578,LV,0.0,0
5,uc1632402.2,uc1632402,2,0.9855988890971993,0.2193931022920578,LV,0.0,0
5,uc1131858.2,uc1131858,2,0.980825604201935,0.2193931022920578,LV,0.0,0
5,uc631391.2,uc631391,2,0.978932240014522,0.2193931022920578,LV,0.0,0
5,uc1630759.2,uc1630759,2,0.9841798166901865,0.2193931022920578,LV,0.0,0
5,uc630758.2,uc630758,2,0.9801234074549967,0.2193931022920578,LV,0.0,0
5,uc630753.2,uc630753,2,0.9828964481649979,0.2193931022920578,LV,0.0,0
5,uc628766.2,uc628766,2,0.9917687447881787,0.2193931022920578,LV,0.0,0
5,uc627346.2,uc627346,2,0.9931667839428052,0.2193931022920578,LV,0.0,0
5,uc1629422.2,uc1629422,2,0.9873411364842102,0.2193931022920578,LV,0.0,0
5,60651.3,60651,3,0.9945856451614888,13.336791218280357,MV,0.0,0
5,60721.3,60721,3,0.9945471039676707,13.336791218280357,MV,0.0,0
5,164151.3,164151,3,0.9949100416011006,13.336791218280357,MV,0.0,0
5,302191.3,302191,3,0.9905495810927364,13.336791218280357,MV,0.0,0
5,320841.3,320841,3,0.9929102988737952,13.336791218280357,MV,0.0,0
5,337711.3,337711,3,0.9905849730717368,13.336791218280357,MV,0.0,0
5,358691.3,358691,3,0.998712755981432,13.336791218280357,MV,0.0,0
5,et6_1177.3,et6_1177,3,0.9922875291434955,0.2193931022920578,LV,0.0,0
5,461501.3,461501,3,0.9946638498900671,13.336791218280357,MV,0.0,0
5,686891.3,686891,3,0.9937608106861547,13.336791218280357,MV,0.0,0
5,703601.3,703601,3,0.9950292863494254,13.336791218280357,MV,0.0,0
5,713791.3,713791,3,0.9935591998090778,13.336791218280357,MV,0.0,0
5,725731.3,725731,3,0.9931188264720889,13.336791218280357,MV,0.0,0
5,809501.3,809501,3,0.9939618732428707,13.336791218280357,MV,0.0,0
5,811221.3,811221,3,0.9949313343582455,13.336791218280357,MV,0.0,0
5,815111.3,815111,3,0.9905453119259067,13.336791218280357,MV,0.0,0
5,822371.3,822371,3,0.9932758388560231,13.336791218280357,MV,0.0,0
5,820611.3,820611,3,0.9943688117432377,13.336791218280357,MV,0.0,0
5,822641.3,822641,3,0.993336146580764,13.336791218280357,MV,0.0,0
5,618431.3,618431,3,0.9945859450021242,13.336791218280357,MV,0.0,0
5,bt10401.3,bt10401,3,0.9898650000882707,0.2193931022920578,LV,0.0,0
5,bt197792.3,bt197792,3,0.9895442885849549,0.2193931022920578,LV,0.0,0
5,bt800551.3,bt800551,3,0.9896000861146901,0.2193931022920578,LV,0.0,0
5,bt295341.3,bt295341,3,0.989467982710035,0.2193931022920578,LV,0.0,0
5,bt800541.3,bt800541,3,0.9894999195960709,0.2193931022920578,LV,0.0,0
5,bt295361.3,bt295361,3,0.9894679833861371,0.2193931022920578,LV,0.0,0
5,bt474991.3,bt474991,3,0.9894679838474422,0.2193931022920578,LV,0.0,0
5,uc627336.3,uc627336,3,0.992049969431318,0.2193931022920578,LV,0.0,0
5,uc1620373.3,uc1620373,3,0.9902017166251066,0.2193931022920578,LV,0.0,0
5,uc1607302.3,uc1607302,3,0.9897891979426016,0.2193931022920578,LV,0.0,0
5,uc1607304.3,uc1607304,3,0.9897070994616619,0.2193931022920578,LV,0.0,0
5,uc1607298.3,uc1607298,3,0.9911866250676616,0.2193931022920578,LV,0.0,0
5,uc1607280.3,uc1607280,3,0.9874737022751201,0.2193931022920578,LV,0.0,0
5,uc1607285.3,uc1607285,3,0.9892803129348138,0.2193931022920578,LV,0.0,0
5,uc1607279.3,uc1607279,3,0.9891462762042846,0.2193931022920578,LV,0.0,0
5,uc1607347.3,uc1607347,3,0.988767329630356,0.2193931022920578,LV,0.0,0
5,uc1124340.3,uc1124340,3,0.9891869177402259,0.2193931022920578,LV,0.0,0
5,uc605816.3,uc605816,3,0.9837614405092221,0.2193931022920578,LV,0.0,0
5,uc605815.3,uc605815,3,0.9862690844790389,0.2193931022920578,LV,0.0,0
5,uc621171.3,uc621171,3,0.9896257202419753,0.2193931022920578,LV,0.0,0
5,uc607384.3,uc607384,3,0.989271051374182,0.2193931022920578,LV,0.0,0
5,uc606117.3,uc606117,3,0.9922962897717439,0.2193931022920578,LV,0.0,0
5,uc606120.3,uc606120,3,0.9916424526233975,0.2193931022920578,LV,0.0,0
5,uc623007.3,uc623007,3,0.9917778517334611,0.2193931022920578,LV,0.0,0
5,uc605867.3,uc605867,3,0.9862153430264896,0.2193931022920578,LV,0.0,0
5,uc606150.3,uc606150,3,0.9963873487992642,0.2193931022920578,LV,0.0,0
5,uc606109.3,uc606109,3,0.9900309952040314,0.2193931022920578,LV,0.0,0
5,uc606110.3,uc606110,3,0.9890456457065785,0.2193931022920578,LV,0.0,0
5,uc606111.3,uc606111,3,0.9921570448808836,0.2193931022920578,LV,0.0,0
5,uc622722.3,uc622722,3,0.9869073289428206,0.2193931022920578,LV,0.0,0
5,uc623004.3,uc623004,3,0.9852611353968365,0.2193931022920578,LV,0.0,0
5,uc606101.3,uc606101,3,0.9921146292465358,0.2193931022920578,LV,0.0,0
5,uc606132.3,uc606132,3,0.9893663875266593,0.2193931022920578,LV,0.0,0
5,uc605910.3,uc605910,3,0.9916138042396616,0.2193931022920578,LV,0.0,0
5,uc605911.3,uc605911,3,0.9927227673286781,0.2193931022920578,LV,0.0,0
5,uc605904.3,uc605904,3,0.9921919606080972,0.2193931022920578,LV,0.0,0
5,uc1239552.3,uc1239552,3,0.9908758611295178,0.2193931022920578,LV,0.0,0
5,uc605821.3,uc605821,3,0.987443100398534,0.2193931022920578,LV,0.0,0
5,uc639280.3,uc639280,3,0.9897647785087733,0.2193931022920578,LV,0.0,0
5,uc605898.3,uc605898,3,0.9923382126591449,0.2193931022920578,LV,0.0,0
5,uc605902.3,uc605902,3,0.988860918740476,0.2193931022920578,LV,0.0,0
5,uc606126.3,uc606126,3,0.9917365058178352,0.2193931022920578,LV,0.0,0
5,uc606127.3,uc606127,3,0.990000956794519,0.2193931022920578,LV,0.0,0
5,uc606121.3,uc606121,3,0.9891383285630189,0.2193931022920578,LV,0.0,0
5,uc606122.3,uc606122,3,0.9852592212996368,0.2193931022920578,LV,0.0,0
5,uc639277.3,uc639277,3,0.987627386358543,0.2193931022920578,LV,0.0,0
5,uc1139390.3,uc1139390,3,0.9908394497137597,0.2193931022920578,LV,0.0,0
5,uc637576.3,uc637576,3,0.9893934899470291,0.2193931022920578,LV,0.0,0
5,uc637918.3,uc637918,3,0.9887612084878855,0.2193931022920578,LV,0.0,0
5,uc637360.3,uc637360,3,0.989539734283156,0.2193931022920578,LV,0.0,0
5,uc637397.3,uc637397,3,0.9854728742994957,0.2193931022920578,LV,0.0,0
5,uc635963.3,uc635963,3,0.9917947566661455,0.2193931022920578,LV,0.0,0
5,uc635543.3,uc635543,3,0.9900460552504496,0.2193931022920578,LV,0.0,0
5,uc635966.3,uc635966,3,0.990033874579235,0.2193931022920578,LV,0.0,0
5,uc635550.3,uc635550,3,0.992665599215485,0.2193931022920578,LV,0.0,0
5,uc635862.3,uc635862,3,0.9864927631686822,0.2193931022920578,LV,0.0,0
5,uc1633671.3,uc1633671,3,0.9902952049077057,0.2193931022920578,LV,0.0,0
5,uc632607.3,uc632607,3,0.9623923199775583,0.2193931022920578,LV,0.0,0
5,uc1629422.3,uc1629422,3,0.9916082891316721,0.2193931022920578,LV,0.0,0
6,60651.1,60651,1,0.9918977373111959,13.336791218280357,MV,0.0,0
6,60721.1,60721,1,0.9918659898203092,13.336791218280357,MV,0.0,0
6,164151.1,164151,1,0.9921877571963416,13.336791218280357,MV,0.0,0
6,302191.1,302191,1,0.9847075064643752,13.336791218280357,MV,0.0,0
6,320841.1,320841,1,0.9896019073261041,13.336791218280357,MV,0.0,0
6,337711.1,337711,1,0.9847305779112104,13.336791218280357,MV,0.0,0
6,358691.1,358691,1,0.997840616751278,13.336791218280357,MV,0.0,0
6,et6_1177.1,et6_1177,1,0.9899136451467064,0.2193931022920578,LV,0.0,0
6,461501.1,461501,1,0.9914142967601342,13.336791218280357,MV,0.0,0
6,686891.1,686891,1,0.9907157876624337,13.336791218280357,MV,0.0,0
6,703601.1,703601,1,0.992324844496733,13.336791218280357,MV,0.0,0
6,713791.1,713791,1,0.9903248744359057,13.336791218280357,MV,0.0,0
6,725731.1,725731,1,0.9897948455070263,13.336791218280357,MV,0.0,0
6,809501.1,809501,1,0.9908708456382297,13.336791218280357,MV,0.0,0
6,811221.1,811221,1,0.9922223636682751,13.336791218280357,MV,0.0,0
6,815111.1,815111,1,0.9847148819361229,13.336791218280357,MV,0.0,0
6,822371.1,822371,1,0.9899966006918502,13.336791218280357,MV,0.0,0
6,820611.1,820611,1,0.9915124583157378,13.336791218280357,MV,0.0,0
6,822641.1,822641,1,0.9900370678710145,13.336791218280357,MV,0.0,0
6,618431.1,618431,1,0.9918977024163608,13.336791218280357,MV,0.0,0
6,bt10401.1,bt10401,1,0.9769594761544117,0.2193931022920578,LV,0.0,0
6,bt197792.1,bt197792,1,0.9752358567627085,0.2193931022920578,LV,0.0,0
6,bt800551.1,bt800551,1,0.9756987561472893,0.2193931022920578,LV,0.0,0
6,bt295341.1,bt295341,1,0.9741868545260587,0.2193931022920578,LV,0.0,0
6,bt800541.1,bt800541,1,0.9748547778212517,0.2193931022920578,LV,0.0,0
6,bt295361.1,bt295361,1,0.973569264940209,0.2193931022920578,LV,0.0,0
6,bt474991.1,bt474991,1,0.9730829267146585,0.2193931022920578,LV,0.0,0
6,uc626695.1,uc626695,1,0.9690202814274176,0.2193931022920578,LV,0.0,0
6,uc1627323.1,uc1627323,1,0.9743081262412274,0.2193931022920578,LV,0.0,0
6,uc1627342.1,uc1627342,1,0.9912135177662199,0.2193931022920578,LV,0.0,0
6,uc627343.1,uc627343,1,0.9890552757034917,0.2193931022920578,LV,0.0,0
6,uc627344.1,uc627344,1,0.990421499344835,0.2193931022920578,LV,0.0,0
6,uc1626672.1,uc1626672,1,0.0,0.1270170592217177,LV,0.95,1
6,uc1626490.1,uc1626490,1,0.9897761662139589,0.2193931022920578,LV,0.0,0
6,uc3422706.1,uc3422706,1,0.9869586668899656,0.2193931022920578,LV,0.0,0
6,uc3425629.1,uc3425629,1,0.98713477586499,0.2193931022920578,LV,0.0,0
6,uc3422597.1,uc3422597,1,0.9806936281074942,0.2193931022920578,LV,0.0,0
6,uc3405843.1,uc3405843,1,0.9811664130951467,0.2193931022920578,LV,0.0,0
6,uc3405844.1,uc3405844,1,0.9837173701302309,0.2193931022920578,LV,0.0,0
6,uc3405845.1,uc3405845,1,0.9834321668563062,0.2193931022920578,LV,0.0,0
6,uc3405846.1,uc3405846,1,0.9816507267289755,0.2193931022920578,LV,0.0,0
6,uc1626486.1,uc1626486,1,0.9933039028067691,0.2193931022920578,LV,0.0,0
6,uc1626487.1,uc1626487,1,0.9837433825512583,0.2193931022920578,LV,0.0,0
6,uc626481.1,uc626481,1,0.9848861334181446,0.2193931022920578,LV,0.0,0
6,uc626678.1,uc626678,1,0.9759685911502657,0.2193931022920578,LV,0.0,0
6,uc626698.1,uc626698,1,0.9877233500828869,0.2193931022920578,LV,0.0,0
6,uc626476.1,uc626476,1,0.9652274133785148,0.2193931022920578,LV,0.0,0
6,uc1627321.1,uc1627321,1,0.990378436488644,0.2193931022920578,LV,0.0,0
6,uc1607319.1,uc1607319,1,0.9821479432820649,0.2193931022920578,LV,0.0,0
6,uc1607308.1,uc1607308,1,0.9813868270527663,0.2193931022920578,LV,0.0,0
6,uc1624026.1,uc1624026,1,0.0,0.1270170592217177,LV,0.95,1
6,uc1625170.1,uc1625170,1,0.990404171890108,0.2193931022920578,LV,0.0,0
6,uc1621994.1,uc1621994,1,0.9922920142620661,0.2193931022920578,LV,0.0,0
6,uc1620360.1,uc1620360,1,0.9941171545664559,0.2193931022920578,LV,0.0,0
6,uc1620373.1,uc1620373,1,0.9848262004313185,0.2193931022920578,LV,0.0,0
6,uc1607302.1,uc1607302,1,0.983908414987513,0.2193931022920578,LV,0.0,0
6,uc1607304.1,uc1607304,1,0.9805029712463833,0.2193931022920578,LV,0.0,0
6,uc1607305.1,uc1607305,1,0.9791824115952241,0.2193931022920578,LV,0.0,0
6,uc1607306.1,uc1607306,1,0.9798399884275241,0.2193931022920578,LV,0.0,0
6,uc1607297.1,uc1607297,1,0.9883411490049757,0.2193931022920578,LV,0.0,0
6,uc1607298.1,uc1607298,1,0.986442815430037,0.2193931022920578,LV,0.0,0
6,uc1607289.1,uc1607289,1,0.9907766005206255,0.2193931022920578,LV,0.0,0
6,uc1607290.1,uc1607290,1,0.9910172389719715,0.2193931022920578,LV,0.0,0
6,uc1607291.1,uc1607291,1,0.9886269134466645,0.2193931022920578,LV,0.0,0
6,uc1607280.1,uc1607280,1,0.9792878025936262,0.2193931022920578,LV,0.0,0
6,uc1607283.1,uc1607283,1,0.9708548101180728,0.2193931022920578,LV,0.0,0
6,uc1607285.1,uc1607285,1,0.9759136516000709,0.2193931022920578,LV,0.0,0
6,uc1607287.1,uc1607287,1,0.9776054312136977,0.2193931022920578,LV,0.0,0
6,uc1607288.1,uc1607288,1,0.9863026827475142,0.2193931022920578,LV,0.0,0
6,uc1607279.1,uc1607279,1,0.9823564068680394,0.2193931022920578,LV,0.0,0
6,uc1607357.1,uc1607357,1,0.9873015514127832,0.2193931022920578,LV,0.0,0
6,uc1607358.1,uc1607358,1,0.9862123329433808,0.2193931022920578,LV,0.0,0
6,uc1607368.1,uc1607368,1,0.0,0.1270170592217177,LV,0.95,1
6,uc1607277.1,uc1607277,1,0.9951871160266377,0.2193931022920578,LV,0.0,0
6,uc1607278.1,uc1607278,1,0.9976830910378193,0.2193931022920578,LV,0.0,0
6,uc1607272.1,uc1607272,1,0.9792033833813719,0.2193931022920578,LV,0.0,0
6,uc1607273.1,uc1607273,1,0.9983917583508781,0.2193931022920578,LV,0.0,0
6,uc1607353.1,uc1607353,1,0.9879444786582139,0.2193931022920578,LV,0.0,0
6,uc1607347.1,uc1607347,1,0.9924236957605002,0.2193931022920578,LV,0.0,0
6,uc1607349.1,uc1607349,1,0.9891410640250701,0.2193931022920578,LV,0.0,0
6,uc1107342.1,uc1107342,1,0.9776450434219953,0.2193931022920578,LV,0.0,0
6,uc1107340.1,uc1107340,1,0.9661840697244303,0.2193931022920578,LV,0.0,0
6,uc1105833.1,uc1105833,1,0.9833974847575924,0.2193931022920578,LV,0.0,0
6,uc1107330.1,uc1107330,1,0.9644636171974821,0.2193931022920578,LV,0.0,0
6,uc1607265.1,uc1607265,1,0.9676809885489451,0.2193931022920578,LV,0.0,0
6,uc1607268.1,uc1607268,1,0.9921170775524781,0.2193931022920578,LV,0.0,0
6,uc1607252.1,uc1607252,1,0.9792281537973405,0.2193931022920578,LV,0.0,0
6,uc1605991.1,uc1605991,1,0.9843037645350491,0.2193931022920578,LV,0.0,0
6,uc1605996.1,uc1605996,1,0.9802569643132006,0.2193931022920578,LV,0.0,0
6,uc1607257.1,uc1607257,1,0.9849030667613081,0.2193931022920578,LV,0.0,0
6,uc1607258.1,uc1607258,1,0.9792524184816439,0.2193931022920578,LV,0.0,0
6,uc1124340.1,uc1124340,1,0.9791388637520348,0.2193931022920578,LV,0.0,0
6,uc605816.1,uc605816,1,0.9764993364602512,0.2193931022920578,LV,0.0,0
6,uc605813.1,uc605813,1,0.9887351312468603,0.2193931022920578,LV,0.0,0
6,uc609684.1,uc609684,1,0.9912689187662158,0.2193931022920578,LV,0.0,0
6,uc609686.1,uc609686,1,0.9923272459153387,0.2193931022920578,LV,0.0,0
6,uc609688.1,uc609688,1,0.981720608899556,0.2193931022920578,LV,0.0,0
6,uc621168.1,uc621168,1,0.9868221034426623,0.2193931022920578,LV,0.0,0
6,uc621171.1,uc621171,1,0.9845921197158501,0.2193931022920578,LV,0.0,0
6,uc605808.1,uc605808,1,0.9932440538250369,0.2193931022920578,LV,0.0,0
6,uc605809.1,uc605809,1,0.9751178641990558,0.2193931022920578,LV,0.0,0
6,uc605810.1,uc605810,1,0.9887326100233808,0.2193931022920578,LV,0.0,0
6,uc605970.1,uc605970,1,0.985786815262485,0.2193931022920578,LV,0.0,0
6,uc605803.1,uc605803,1,0.9861191579568556,0.2193931022920578,LV,0.0,0
6,uc605804.1,uc605804,1,0.9891057255930003,0.2193931022920578,LV,0.0,0
6,uc605806.1,uc605806,1,0.9868472072590995,0.2193931022920578,LV,0.0,0
6,uc607384.1,uc607384,1,0.9837572315128783,0.2193931022920578,LV,0.0,0
6,uc607387.1,uc607387,1,0.9879103142046866,0.2193931022920578,LV,0.0,0
6,uc609682.1,uc609682,1,0.9720305724851109,0.2193931022920578,LV,0.0,0
6,uc624033.1,uc624033,1,0.9952969039107055,0.2193931022920578,LV,0.0,0
6,uc625156.1,uc625156,1,0.98620013872954,0.2193931022920578,LV,0.0,0
6,uc625624.1,uc625624,1,0.9773803561136328,0.2193931022920578,LV,0.0,0
6,uc625625.1,uc625625,1,0.9919535042356252,0.2193931022920578,LV,0.0,0
6,uc607366.1,uc607366,1,0.9750216303368787,0.2193931022920578,LV,0.0,0
6,uc607367.1,uc607367,1,0.9882945393902315,0.2193931022920578,LV,0.0,0
6,uc606114.1,uc606114,1,0.9840237032321734,0.2193931022920578,LV,0.0,0
6,uc606117.1,uc606117,1,0.9894906831515192,0.2193931022920578,LV,0.0,0
6,uc606120.1,uc606120,1,0.9882529386613208,0.2193931022920578,LV,0.0,0
6,uc623015.1,uc623015,1,0.9737840556783521,0.2193931022920578,LV,0.0,0
6,uc623432.1,uc623432,1,0.9810598091363403,0.2193931022920578,LV,0.0,0
6,uc624028.1,uc624028,1,0.983783881918014,0.2193931022920578,LV,0.0,0
6,uc605873.1,uc605873,1,0.9882792132663928,0.2193931022920578,LV,0.0,0
6,uc623007.1,uc623007,1,0.9889771544492093,0.2193931022920578,LV,0.0,0
6,uc606147.1,uc606147,1,0.9878909514740242,0.2193931022920578,LV,0.0,0
6,uc606148.1,uc606148,1,0.9966534520020252,0.2193931022920578,LV,0.0,0
6,uc606150.1,uc606150,1,0.9942006366176546,0.2193931022920578,LV,0.0,0
6,uc606109.1,uc606109,1,0.9852947705268544,0.2193931022920578,LV,0.0,0
6,uc606110.1,uc606110,1,0.9834854951059369,0.2193931022920578,LV,0.0,0
6,uc606111.1,uc606111,1,0.9892187941344603,0.2193931022920578,LV,0.0,0
6,uc622777.1,uc622777,1,0.9984823091040304,0.2193931022920578,LV,0.0,0
6,uc623004.1,uc623004,1,0.9758660701589142,0.2193931022920578,LV,0.0,0
6,uc606103.1,uc606103,1,0.9851601005956225,0.2193931022920578,LV,0.0,0
6,uc606139.1,uc606139,1,0.9877901797529995,0.2193931022920578,LV,0.0,0
6,uc606141.1,uc606141,1,0.9798994836477269,0.2193931022920578,LV,0.0,0
6,uc606143.1,uc606143,1,0.989568003268925,0.2193931022920578,LV,0.0,0
6,uc605921.1,uc605921,1,0.985002186448124,0.2193931022920578,LV,0.0,0
6,uc622713.1,uc622713,1,0.9880097944514266,0.2193931022920578,LV,0.0,0
6,uc622714.1,uc622714,1,0.980517735308672,0.2193931022920578,LV,0.0,0
6,uc605993.1,uc605993,1,0.9876865400428801,0.2193931022920578,LV,0.0,0
6,uc606101.1,uc606101,1,0.9874421200894523,0.2193931022920578,LV,0.0,0
6,uc606102.1,uc606102,1,0.9870011979744232,0.2193931022920578,LV,0.0,0
6,uc622273.1,uc622273,1,0.986346958103269,0.2193931022920578,LV,0.0,0
6,uc622703.1,uc622703,1,0.9691087108601173,0.2193931022920578,LV,0.0,0
6,uc605989.1,uc605989,1,0.9897006167076048,0.2193931022920578,LV,0.0,0
6,uc606130.1,uc606130,1,0.9910614551163719,0.2193931022920578,LV,0.0,0
6,uc606132.1,uc606132,1,0.9839066355784287,0.2193931022920578,LV,0.0,0
6,uc605914.1,uc605914,1,1.0016609872463187,0.2193931022920578,LV,0.0,0
6,uc622257.1,uc622257,1,0.9922601055199566,0.2193931022920578,LV,0.0,0
6,uc605909.1,uc605909,1,0.9928150212949243,0.2193931022920578,LV,0.0,0
6,uc605910.1,uc605910,1,0.9878443532348393,0.2193931022920578,LV,0.0,0
6,uc605911.1,uc605911,1,0.9899032502273405,0.2193931022920578,LV,0.0,0
6,uc606128.1,uc606128,1,0.9887989634144755,0.2193931022920578,LV,0.0,0
6,uc605823.1,uc605823,1,0.9750356188593209,0.2193931022920578,LV,0.0,0
6,uc605824.1,uc605824,1,0.9847141470826147,0.2193931022920578,LV,0.0,0
6,uc605904.1,uc605904,1,0.9886448462826426,0.2193931022920578,LV,0.0,0
6,uc621999.1,uc621999,1,0.9868606922420031,0.2193931022920578,LV,0.0,0
6,uc639553.1,uc639553,1,0.9850566101547278,0.2193931022920578,LV,0.0,0
6,uc1239552.1,uc1239552,1,0.986295328987335,0.2193931022920578,LV,0.0,0
6,uc605817.1,uc605817,1,0.9858212710301801,0.2193931022920578,LV,0.0,0
6,uc605819.1,uc605819,1,0.9815448439777403,0.2193931022920578,LV,0.0,0
6,uc605820.1,uc605820,1,0.9796788219938246,0.2193931022920578,LV,0.0,0
6,uc605821.1,uc605821,1,0.9770418869274087,0.2193931022920578,LV,0.0,0
6,uc639280.1,uc639280,1,0.9854194160365543,0.2193931022920578,LV,0.0,0
6,uc605898.1,uc605898,1,0.9891597670991333,0.2193931022920578,LV,0.0,0
6,uc605901.1,uc605901,1,0.9909668070222801,0.2193931022920578,LV,0.0,0
6,uc605902.1,uc605902,1,0.9824670559058494,0.2193931022920578,LV,0.0,0
6,uc605985.1,uc605985,1,0.9804637856523386,0.2193931022920578,LV,0.0,0
6,uc606126.1,uc606126,1,0.9895334728202427,0.2193931022920578,LV,0.0,0
6,uc606127.1,uc606127,1,0.985085050311049,0.2193931022920578,LV,0.0,0
6,uc605896.1,uc605896,1,0.9778149578442438,0.2193931022920578,LV,0.0,0
6,uc606121.1,uc606121,1,0.9834329080813139,0.2193931022920578,LV,0.0,0
6,uc606122.1,uc606122,1,0.9763001064227,0.2193931022920578,LV,0.0,0
6,uc606123.1,uc606123,1,0.9869600501039869,0.2193931022920578,LV,0.0,0
6,uc606124.1,uc606124,1,0.9924697847100216,0.2193931022920578,LV,0.0,0
6,uc605825.1,uc605825,1,0.9772902117713047,0.2193931022920578,LV,0.0,0
6,uc623427.1,uc623427,1,0.9869600629761462,0.2193931022920578,LV,0.0,0
6,uc609687.1,uc609687,1,0.9934917740745143,0.2193931022920578,LV,0.0,0
6,uc639277.1,uc639277,1,0.9773803561191979,0.2193931022920578,LV,0.0,0
6,uc1139390.1,uc1139390,1,0.9862590858934969,0.2193931022920578,LV,0.0,0
6,uc605863.1,uc605863,1,0.9771711936513932,0.2193931022920578,LV,0.0,0
6,uc605865.1,uc605865,1,0.9779731713789747,0.2193931022920578,LV,0.0,0
6,uc1138614.1,uc1138614,1,0.9780038085198655,0.2193931022920578,LV,0.0,0
6,uc605855.1,uc605855,1,0.9760752623963469,0.2193931022920578,LV,0.0,0
6,uc605828.1,uc605828,1,0.969743106686528,0.2193931022920578,LV,0.0,0
6,uc605829.1,uc605829,1,0.9828806034777964,0.2193931022920578,LV,0.0,0
6,uc605834.1,uc605834,1,0.9620819456924562,0.2193931022920578,LV,0.0,0
6,uc605835.1,uc605835,1,0.9622738698616203,0.2193931022920578,LV,0.0,0
6,uc605827.1,uc605827,1,0.9695766218710562,0.2193931022920578,LV,0.0,0
6,uc627337.1,uc627337,1,0.9811705354665674,0.2193931022920578,LV,0.0,0
6,uc637912.1,uc637912,1,0.9830968053238057,0.2193931022920578,LV,0.0,0
6,uc637576.1,uc637576,1,0.9867849826288904,0.2193931022920578,LV,0.0,0
6,uc637356.1,uc637356,1,0.9857443582113002,0.2193931022920578,LV,0.0,0
6,uc637918.1,uc637918,1,0.9840911961349249,0.2193931022920578,LV,0.0,0
6,uc637360.1,uc637360,1,0.9843760423109218,0.2193931022920578,LV,0.0,0
6,uc637399.1,uc637399,1,0.9744345781881497,0.2193931022920578,LV,0.0,0
6,uc637397.1,uc637397,1,0.9758623021380788,0.2193931022920578,LV,0.0,0
6,uc1137150.1,uc1137150,1,0.9827313840957547,0.2193931022920578,LV,0.0,0
6,uc1636598.1,uc1636598,1,0.0,0.1270170592217177,LV,0.95,1
6,uc636933.1,uc636933,1,0.9868738667636292,0.2193931022920578,LV,0.0,0
6,uc635963.1,uc635963,1,0.9885452168211528,0.2193931022920578,LV,0.0,0
6,uc635543.1,uc635543,1,0.9860970621195986,0.2193931022920578,LV,0.0,0
6,uc635966.1,uc635966,1,0.9859584253201605,0.2193931022920578,LV,0.0,0
6,uc635550.1,uc635550,1,0.9899454186237914,0.2193931022920578,LV,0.0,0
6,uc635862.1,uc635862,1,0.9830514919611291,0.2193931022920578,LV,0.0,0
6,uc1635694.1,uc1635694,1,1.0003241600032815,0.2193931022920578,LV,0.0,0
6,uc3435739.1,uc3435739,1,0.9787528762204996,0.2193931022920578,LV,0.0,0
6,uc1635060.1,uc1635060,1,0.9871140864317374,0.2193931022920578,LV,0.0,0
6,uc1607271.1,uc1607271,1,0.990437033568416,0.2193931022920578,LV,0.0,0
6,uc605884.1,uc605884,1,0.9868697979939269,0.2193931022920578,LV,0.0,0
6,uc1609690.1,uc1609690,1,0.9943579810153395,0.2193931022920578,LV,0.0,0
6,uc1134165.1,uc1134165,1,0.9664975557993427,0.2193931022920578,LV,0.0,0
6,uc634166.1,uc634166,1,0.9905435310880183,0.2193931022920578,LV,0.0,0
6,uc1633896.1,uc1633896,1,0.990163094721044,0.2193931022920578,LV,0.0,0
6,uc3433894.1,uc3433894,1,0.982830658220817,0.2193931022920578,LV,0.0,0
6,uc1633892.1,uc1633892,1,0.9913907407568773,0.2193931022920578,LV,0.0,0
6,uc633672.1,uc633672,1,0.9935800643010241,0.2193931022920578,LV,0.0,0
6,uc1633671.1,uc1633671,1,0.9781770286907037,0.2193931022920578,LV,0.0,0
6,uc1632306.1,uc1632306,1,0.9934123732709254,0.2193931022920578,LV,0.0,0
6,uc632607.1,uc632607,1,0.9334811926702103,0.2193931022920578,LV,0.01651880732978961,1
6,uc632613.1,uc632613,1,0.9774381978083523,0.2193931022920578,LV,0.0,0
6,uc3432407.1,uc3432407,1,0.9806139607033111,0.2193931022920578,LV,0.0,0
6,uc1632402.1,uc1632402,1,0.9697859315661475,0.2193931022920578,LV,0.0,0
6,uc1132019.1,uc1132019,1,0.9780075393360679,0.2193931022920578,LV,0.0,0
6,uc632016.1,uc632016,1,0.9882185220322243,0.2193931022920578,LV,0.0,0
6,uc1132015.1,uc1132015,1,0.9713129939864953,0.2193931022920578,LV,0.0,0
6,uc1132012.1,uc1132012,1,0.9868034284561964,0.2193931022920578,LV,0.0,0
6,uc631859.1,uc631859,1,0.9879212180259495,0.2193931022920578,LV,0.0,0
6,uc1631852.1,uc1631852,1,0.9864471001273499,0.2193931022920578,LV,0.0,0
6,uc1130761.1,uc1130761,1,0.9620156245642243,0.2193931022920578,LV,0.0,0
6,uc1630759.1,uc1630759,1,0.9673166649787813,0.2193931022920578,LV,0.0,0
6,uc630758.1,uc630758,1,0.9820537785506561,0.2193931022920578,LV,0.0,0
6,uc629428.1,uc629428,1,0.9893466365349055,0.2193931022920578,LV,0.0,0
6,uc1629639.1,uc1629639,1,0.9958179036076391,0.2193931022920578,LV,0.0,0
6,uc1229546.1,uc1229546,1,0.976892416652894,0.2193931022920578,LV,0.0,0
6,uc628768.1,uc628768,1,0.984943252380632,0.2193931022920578,LV,0.0,0
6,uc628757.1,uc628757,1,0.9958201166564622,0.2193931022920578,LV,0.0,0
6,uc628766.1,uc628766,1,0.9910905886065422,0.2193931022920578,LV,0.0,0
6,uc628753.1,uc628753,1,0.9977452548035084,0.2193931022920578,LV,0.0,0
6,uc627346.1,uc627346,1,0.9916265917500823,0.2193931022920578,LV,0.0,0
6,uc1628760.1,uc1628760,1,0.9954029927048178,0.2193931022920578,LV,0.0,0
6,uc1629422.1,uc1629422,1,0.9867696790295575,0.2193931022920578,LV,0.0,0
6,uc626699.1,uc626699,1,0.9943270233367081,0.2193931022920578,LV,0.0,0
6,60651.2,60651,2,0.9938971239889458,13.336791218280357,MV,0.0,0
6,60721.2,60721,2,0.9938653525526319,13.336791218280357,MV,0.0,0
6,164151.2,164151,2,0.9941873772418224,13.336791218280357,MV,0.0,0
6,302191.2,302191,2,0.9883174318245742,13.336791218280357,MV,0.0,0
6,320841.2,320841,2,0.9919179725050701,13.336791218280357,MV,0.0,0
6,337711.2,337711,2,0.9883405582348794,13.336791218280357,MV,0.0,0
6,358691.2,358691,2,0.9986990119711382,13.336791218280357,MV,0.0,0
6,et6_1177.2,et6_1177,2,0.9895147187698045,0.2193931022920578,LV,0.0,0
6,461501.2,461501,2,0.9937307170877364,13.336791218280357,MV,0.0,0
6,686891.2,686891,2,0.9929787790696,13.336791218280357,MV,0.0,0
6,703601.2,703601,2,0.994307465546454,13.336791218280357,MV,0.0,0
6,713791.2,713791,2,0.992636892193708,13.336791218280357,MV,0.0,0
6,725731.2,725731,2,0.9921110647756093,13.336791218280357,MV,0.0,0
6,809501.2,809501,2,0.9931248491465675,13.336791218280357,MV,0.0,0
6,811221.2,811221,2,0.9942191956789529,13.336791218280357,MV,0.0,0
6,815111.2,815111,2,0.9883248020746237,13.336791218280357,MV,0.0,0
6,822371.2,822371,2,0.9923130057125586,13.336791218280357,MV,0.0,0
6,820611.2,820611,2,0.9936018114386772,13.336791218280357,MV,0.0,0
6,822641.2,822641,2,0.9923705631134678,13.336791218280357,MV,0.0,0
6,618431.2,618431,2,0.9938970893175768,13.336791218280357,MV,0.0,0
6,bt10401.2,bt10401,2,0.9654120695426491,0.2193931022920578,LV,0.0,0
6,bt197792.2,bt197792,2,0.9644051597502727,0.2193931022920578,LV,0.0,0
6,bt800551.2,bt800551,2,0.964405159768727,0.2193931022920578,LV,0.0,0
6,bt295341.2,bt295341,2,0.9625171059135235,0.2193931022920578,LV,0.0,0
6,bt800541.2,bt800541,2,0.9634455594051159,0.2193931022920578,LV,0.0,0
6,bt295361.2,bt295361,2,0.9610210817987496,0.2193931022920578,LV,0.0,0
6,bt474991.2,bt474991,2,0.9605411739878014,0.2193931022920578,LV,0.0,0
6,uc1627323.2,uc1627323,2,0.9573904662309709,0.2193931022920578,LV,0.0,0
6,uc3405987.2,uc3405987,2,0.9693510129751943,0.2193931022920578,LV,0.0,0
6,uc3405846.2,uc3405846,2,0.973558146038719,0.2193931022920578,LV,0.0,0
6,uc3405847.2,uc3405847,2,0.971368661504939,0.2193931022920578,LV,0.0,0
6,uc3405838.2,uc3405838,2,0.9637822808780362,0.2193931022920578,LV,0.0,0
6,uc1607326.2,uc1607326,2,0.974188711229388,0.2193931022920578,LV,0.0,0
6,uc1607316.2,uc1607316,2,0.9717499459371471,0.2193931022920578,LV,0.0,0
6,uc1607308.2,uc1607308,2,0.9769705938990345,0.2193931022920578,LV,0.0,0
6,uc1623434.2,uc1623434,2,0.0,0.1270170592217177,LV,0.95,1
6,uc1620373.2,uc1620373,2,0.9845247243387769,0.2193931022920578,LV,0.0,0
6,uc1607302.2,uc1607302,2,0.9836169259164597,0.2193931022920578,LV,0.0,0
6,uc1607304.2,uc1607304,2,0.9835614381456091,0.2193931022920578,LV,0.0,0
6,uc1607306.2,uc1607306,2,0.975425266324587,0.2193931022920578,LV,0.0,0
6,uc1607299.2,uc1607299,2,0.9847206111665684,0.2193931022920578,LV,0.0,0
6,uc1607297.2,uc1607297,2,0.9841231119861616,0.2193931022920578,LV,0.0,0
6,uc1607298.2,uc1607298,2,0.9852189673836426,0.2193931022920578,LV,0.0,0
6,uc1607289.2,uc1607289,2,0.9889761266286671,0.2193931022920578,LV,0.0,0
6,uc1607291.2,uc1607291,2,0.9828766393635391,0.2193931022920578,LV,0.0,0
6,uc1607292.2,uc1607292,2,0.9814021451571394,0.2193931022920578,LV,0.0,0
6,uc1607280.2,uc1607280,2,0.979012581300184,0.2193931022920578,LV,0.0,0
6,uc1607284.2,uc1607284,2,0.9801453665982418,0.2193931022920578,LV,0.0,0
6,uc1607285.2,uc1607285,2,0.97983752935248,0.2193931022920578,LV,0.0,0
6,uc1607288.2,uc1607288,2,0.9807838523989746,0.2193931022920578,LV,0.0,0
6,uc1607279.2,uc1607279,2,0.9820819355146951,0.2193931022920578,LV,0.0,0
6,uc1607355.2,uc1607355,2,0.9841914832296182,0.2193931022920578,LV,0.0,0
6,uc1607357.2,uc1607357,2,0.9859524711576222,0.2193931022920578,LV,0.0,0
6,uc1607358.2,uc1607358,2,0.980351538756011,0.2193931022920578,LV,0.0,0
6,uc1607368.2,uc1607368,2,0.0,0.1270170592217177,LV,0.95,1
6,uc1607276.2,uc1607276,2,0.9932461832463605,0.2193931022920578,LV,0.0,0
6,uc1607278.2,uc1607278,2,0.992550595108129,0.2193931022920578,LV,0.0,0
6,uc1607273.2,uc1607273,2,0.9895472235353526,0.2193931022920578,LV,0.0,0
6,uc1607328.2,uc1607328,2,0.972857146141009,0.2193931022920578,LV,0.0,0
6,uc1607347.2,uc1607347,2,0.9921348077714424,0.2193931022920578,LV,0.0,0
6,uc1607350.2,uc1607350,2,0.9848172504004828,0.2193931022920578,LV,0.0,0
6,uc1107341.2,uc1107341,2,0.9674273981919085,0.2193931022920578,LV,0.0,0
6,uc1107333.2,uc1107333,2,0.9721010079381102,0.2193931022920578,LV,0.0,0
6,uc1607268.2,uc1607268,2,0.9908047284100685,0.2193931022920578,LV,0.0,0
6,uc1607252.2,uc1607252,2,0.9702009769600114,0.2193931022920578,LV,0.0,0
6,uc1606000.2,uc1606000,2,0.9796636640767886,0.2193931022920578,LV,0.0,0
6,uc1607255.2,uc1607255,2,0.9825594289285374,0.2193931022920578,LV,0.0,0
6,uc1607258.2,uc1607258,2,0.9702254713572996,0.2193931022920578,LV,0.0,0
6,uc1124041.2,uc1124041,2,0.9737901854500598,0.2193931022920578,LV,0.0,0
6,uc1124340.2,uc1124340,2,0.9797192984675805,0.2193931022920578,LV,0.0,0
6,uc1121173.2,uc1121173,2,0.9723702023303799,0.2193931022920578,LV,0.0,0
6,uc1107345.2,uc1107345,2,0.9796605774283802,0.2193931022920578,LV,0.0,0
6,uc605816.2,uc605816,2,0.9761031552945238,0.2193931022920578,LV,0.0,0
6,uc605812.2,uc605812,2,0.9606451607317277,0.2193931022920578,LV,0.0,0
6,uc605813.2,uc605813,2,0.9889605192074891,0.2193931022920578,LV,0.0,0
6,uc609685.2,uc609685,2,0.9884956925056211,0.2193931022920578,LV,0.0,0
6,uc609688.2,uc609688,2,0.9793407347470482,0.2193931022920578,LV,0.0,0
6,uc621168.2,uc621168,2,0.9803368333060505,0.2193931022920578,LV,0.0,0
6,uc621171.2,uc621171,2,0.9840867020999646,0.2193931022920578,LV,0.0,0
6,uc605810.2,uc605810,2,0.9853866571288683,0.2193931022920578,LV,0.0,0
6,uc605807.2,uc605807,2,0.9653499235207901,0.2193931022920578,LV,0.0,0
6,uc605801.2,uc605801,2,0.9822899533494204,0.2193931022920578,LV,0.0,0
6,uc607384.2,uc607384,2,0.9832670554599893,0.2193931022920578,LV,0.0,0
6,uc607385.2,uc607385,2,0.9748277665229093,0.2193931022920578,LV,0.0,0
6,uc609682.2,uc609682,2,0.962467055056092,0.2193931022920578,LV,0.0,0
6,uc609683.2,uc609683,2,0.9842733952524748,0.2193931022920578,LV,0.0,0
6,uc607377.2,uc607377,2,0.9893447126491783,0.2193931022920578,LV,0.0,0
6,uc607382.2,uc607382,2,0.9815816198295978,0.2193931022920578,LV,0.0,0
6,uc606117.2,uc606117,2,0.9889880971786672,0.2193931022920578,LV,0.0,0
6,uc606120.2,uc606120,2,0.9877497108953489,0.2193931022920578,LV,0.0,0
6,uc623433.2,uc623433,2,0.9647476298991935,0.2193931022920578,LV,0.0,0
6,uc623007.2,uc623007,2,0.9885787228947147,0.2193931022920578,LV,0.0,0
6,uc606147.2,uc606147,2,0.9820260875867792,0.2193931022920578,LV,0.0,0
6,uc606148.2,uc606148,2,0.9966173602321541,0.2193931022920578,LV,0.0,0
6,uc606150.2,uc606150,2,0.9940292079393076,0.2193931022920578,LV,0.0,0
6,uc606109.2,uc606109,2,0.9847897371541151,0.2193931022920578,LV,0.0,0
6,uc606110.2,uc606110,2,0.9829805643631988,0.2193931022920578,LV,0.0,0
6,uc606111.2,uc606111,2,0.9887159784539339,0.2193931022920578,LV,0.0,0
6,uc622720.2,uc622720,2,0.9804115384938868,0.2193931022920578,LV,0.0,0
6,uc623004.2,uc623004,2,0.9722393930820904,0.2193931022920578,LV,0.0,0
6,uc606103.2,uc606103,2,0.9796653805324954,0.2193931022920578,LV,0.0,0
6,uc606139.2,uc606139,2,0.976390186608443,0.2193931022920578,LV,0.0,0
6,uc606143.2,uc606143,2,0.9840315173212522,0.2193931022920578,LV,0.0,0
6,uc605921.2,uc605921,2,0.9824922026790277,0.2193931022920578,LV,0.0,0
6,uc605915.2,uc605915,2,0.9847523340122264,0.2193931022920578,LV,0.0,0
6,uc606101.2,uc606101,2,0.988391007976166,0.2193931022920578,LV,0.0,0
6,uc622273.2,uc622273,2,0.9808052160757837,0.2193931022920578,LV,0.0,0
6,uc605990.2,uc605990,2,0.962516942612385,0.2193931022920578,LV,0.0,0
6,uc606130.2,uc606130,2,0.986935043683863,0.2193931022920578,LV,0.0,0
6,uc606132.2,uc606132,2,0.9834366854231407,0.2193931022920578,LV,0.0,0
6,uc622258.2,uc622258,2,0.9877837078879138,0.2193931022920578,LV,0.0,0
6,uc622270.2,uc622270,2,0.9924260406398515,0.2193931022920578,LV,0.0,0
6,uc605905.2,uc605905,2,0.9809539200853691,0.2193931022920578,LV,0.0,0
6,uc605909.2,uc605909,2,0.9908236671910523,0.2193931022920578,LV,0.0,0
6,uc605910.2,uc605910,2,0.9873308516721464,0.2193931022920578,LV,0.0,0
6,uc605911.2,uc605911,2,0.9893913753717881,0.2193931022920578,LV,0.0,0
6,uc606128.2,uc606128,2,0.9840542103896219,0.2193931022920578,LV,0.0,0
6,uc605904.2,uc605904,2,0.9811771711911061,0.2193931022920578,LV,0.0,0
6,uc1239552.2,uc1239552,2,0.9859963294007861,0.2193931022920578,LV,0.0,0
6,uc605817.2,uc605817,2,0.9838431901028077,0.2193931022920578,LV,0.0,0
6,uc605819.2,uc605819,2,0.9791657082876525,0.2193931022920578,LV,0.0,0
6,uc605820.2,uc605820,2,0.9633177101657181,0.2193931022920578,LV,0.0,0
6,uc605821.2,uc605821,2,0.974263149474394,0.2193931022920578,LV,0.0,0
6,uc605822.2,uc605822,2,0.9629342546458478,0.2193931022920578,LV,0.0,0
6,uc639280.2,uc639280,2,0.9851256125467747,0.2193931022920578,LV,0.0,0
6,uc605898.2,uc605898,2,0.991995486383503,0.2193931022920578,LV,0.0,0
6,uc605902.2,uc605902,2,0.9819640790849697,0.2193931022920578,LV,0.0,0
6,uc605982.2,uc605982,2,0.9650418623129251,0.2193931022920578,LV,0.0,0
6,uc605988.2,uc605988,2,0.9607944960666046,0.2193931022920578,LV,0.0,0
6,uc606126.2,uc606126,2,0.989074878079548,0.2193931022920578,LV,0.0,0
6,uc606127.2,uc606127,2,0.9846220787523646,0.2193931022920578,LV,0.0,0
6,uc605896.2,uc605896,2,0.9669002336700514,0.2193931022920578,LV,0.0,0
6,uc606121.2,uc606121,2,0.9829247148019162,0.2193931022920578,LV,0.0,0
6,uc606122.2,uc606122,2,0.9757872673665781,0.2193931022920578,LV,0.0,0
6,uc606123.2,uc606123,2,0.9864934940579013,0.2193931022920578,LV,0.0,0
6,uc622709.2,uc622709,2,0.9806669199930526,0.2193931022920578,LV,0.0,0
6,uc639277.2,uc639277,2,0.9746012306242757,0.2193931022920578,LV,0.0,0
6,uc1139390.2,uc1139390,2,0.9859600972926738,0.2193931022920578,LV,0.0,0
6,uc605864.2,uc605864,2,0.9749743663005088,0.2193931022920578,LV,0.0,0
6,uc605865.2,uc605865,2,0.9743543306805003,0.2193931022920578,LV,0.0,0
6,uc638617.2,uc638617,2,0.9732798599907468,0.2193931022920578,LV,0.0,0
6,uc605855.2,uc605855,2,0.9665179572035247,0.2193931022920578,LV,0.0,0
6,uc1638606.2,uc1638606,2,0.9833285270308388,0.2193931022920578,LV,0.0,0
6,uc1638954.2,uc1638954,2,0.9887382707539775,0.2193931022920578,LV,0.0,0
6,uc605836.2,uc605836,2,0.9349903056061599,0.2193931022920578,LV,0.015009694393840034,1
6,uc1607303.2,uc1607303,2,0.9808922629504455,0.2193931022920578,LV,0.0,0
6,uc637705.2,uc637705,2,0.9810920278570133,0.2193931022920578,LV,0.0,0
6,uc1637704.2,uc1637704,2,1.0014114279085404,0.2193931022920578,LV,0.0,0
6,uc637576.2,uc637576,2,0.9863184216525027,0.2193931022920578,LV,0.0,0
6,uc637918.2,uc637918,2,0.983797186189443,0.2193931022920578,LV,0.0,0
6,uc637360.2,uc637360,2,0.9838698826679594,0.2193931022920578,LV,0.0,0
6,uc637397.2,uc637397,2,0.9754543160733946,0.2193931022920578,LV,0.0,0
6,uc636933.2,uc636933,2,0.9754638255841033,0.2193931022920578,LV,0.0,0
6,uc605908.2,uc605908,2,0.9930477854861716,0.2193931022920578,LV,0.0,0
6,uc635963.2,uc635963,2,0.9880422123330816,0.2193931022920578,LV,0.0,0
6,uc635543.2,uc635543,2,0.9855929426457574,0.2193931022920578,LV,0.0,0
6,uc635966.2,uc635966,2,0.9854543739488325,0.2193931022920578,LV,0.0,0
6,uc627328.2,uc627328,2,0.9600073588210625,0.2193931022920578,LV,0.0,0
6,uc635550.2,uc635550,2,0.9894899654815511,0.2193931022920578,LV,0.0,0
6,uc635862.2,uc635862,2,0.9826561290245042,0.2193931022920578,LV,0.0,0
6,uc3435739.2,uc3435739,2,0.9693121350611258,0.2193931022920578,LV,0.0,0
6,uc634166.2,uc634166,2,0.98708067939491,0.2193931022920578,LV,0.0,0
6,uc1633671.2,uc1633671,2,0.9854444094033796,0.2193931022920578,LV,0.0,0
6,uc633056.2,uc633056,2,0.9839521510705534,0.2193931022920578,LV,0.0,0
6,uc632607.2,uc632607,2,0.9329990091973257,0.2193931022920578,LV,0.017000990802674254,1
6,uc1632402.2,uc1632402,2,0.9755346341313951,0.2193931022920578,LV,0.0,0
6,uc1131858.2,uc1131858,2,0.9677079070305338,0.2193931022920578,LV,0.0,0
6,uc631391.2,uc631391,2,0.9732823107605378,0.2193931022920578,LV,0.0,0
6,uc1630759.2,uc1630759,2,0.9729276819184101,0.2193931022920578,LV,0.0,0
6,uc630758.2,uc630758,2,0.971538606361423,0.2193931022920578,LV,0.0,0
6,uc630753.2,uc630753,2,0.9739549758608679,0.2193931022920578,LV,0.0,0
6,uc628766.2,uc628766,2,0.9869642899410773,0.2193931022920578,LV,0.0,0
6,uc627346.2,uc627346,2,0.9895874591752654,0.2193931022920578,LV,0.0,0
6,uc1629422.2,uc1629422,2,0.9815602368741219,0.2193931022920578,LV,0.0,0
6,60651.3,60651,3,0.9936850892030912,13.336791218280357,MV,0.0,0
6,60721.3,60721,3,0.9936533173958032,13.336791218280357,MV,0.0,0
6,164151.3,164151,3,0.9939753776045794,13.336791218280357,MV,0.0,0
6,302191.3,302191,3,0.9877740558802265,13.336791218280357,MV,0.0,0
6,320841.3,320841,3,0.991646940241701,13.336791218280357,MV,0.0,0
6,337711.3,337711,3,0.9877971879246238,13.336791218280357,MV,0.0,0
6,358691.3,358691,3,0.9984284560307788,13.336791218280357,MV,0.0,0
6,et6_1177.3,et6_1177,3,0.9916498991833215,0.2193931022920578,LV,0.0,0
6,461501.3,461501,3,0.9933930569059908,13.336791218280357,MV,0.0,0
6,686891.3,686891,3,0.9927226990617574,13.336791218280357,MV,0.0,0
6,703601.3,703601,3,0.9940975272093635,13.336791218280357,MV,0.0,0
6,713791.3,713791,3,0.9923696304503303,13.336791218280357,MV,0.0,0
6,725731.3,725731,3,0.9918399849656624,13.336791218280357,MV,0.0,0
6,809501.3,809501,3,0.9928745693530994,13.336791218280357,MV,0.0,0
6,811221.3,811221,3,0.994007537176665,13.336791218280357,MV,0.0,0
6,815111.3,815111,3,0.9877814250058696,13.336791218280357,MV,0.0,0
6,822371.3,822371,3,0.9920420264655495,13.336791218280357,MV,0.0,0
6,820611.3,820611,3,0.9933761710259735,13.336791218280357,MV,0.0,0
6,822641.3,822641,3,0.992092608787239,13.336791218280357,MV,0.0,0
6,618431.3,618431,3,0.9936850545436584,13.336791218280357,MV,0.0,0
6,bt10401.3,bt10401,3,0.9928096419980259,0.2193931022920578,LV,0.0,0
6,bt197792.3,bt197792,3,0.9927759079111236,0.2193931022920578,LV,0.0,0
6,bt800551.3,bt800551,3,0.9927817774621882,0.2193931022920578,LV,0.0,0
6,bt295341.3,bt295341,3,0.9927678839656611,0.2193931022920578,LV,0.0,0
6,bt800541.3,bt800541,3,0.9927712424573911,0.2193931022920578,LV,0.0,0
6,bt295361.3,bt295361,3,0.992767884621336,0.2193931022920578,LV,0.0,0
6,bt474991.3,bt474991,3,0.9927678850662902,0.2193931022920578,LV,0.0,0
6,uc627336.3,uc627336,3,0.9890404262445066,0.2193931022920578,LV,0.0,0
6,uc1620373.3,uc1620373,3,0.9870477006218888,0.2193931022920578,LV,0.0,0
6,uc1607302.3,uc1607302,3,0.9860596710075317,0.2193931022920578,LV,0.0,0
6,uc1607304.3,uc1607304,3,0.9860745139400161,0.2193931022920578,LV,0.0,0
6,uc1607298.3,uc1607298,3,0.9885852406081338,0.2193931022920578,LV,0.0,0
6,uc1607280.3,uc1607280,3,0.9811949466699136,0.2193931022920578,LV,0.0,0
6,uc1607285.3,uc1607285,3,0.9847846661155087,0.2193931022920578,LV,0.0,0
6,uc1607279.3,uc1607279,3,0.9842676249325966,0.2193931022920578,LV,0.0,0
6,uc1607347.3,uc1607347,3,0.9946492983495284,0.2193931022920578,LV,0.0,0
6,uc1124340.3,uc1124340,3,0.9851736990207695,0.2193931022920578,LV,0.0,0
6,uc605816.3,uc605816,3,0.978989091749711,0.2193931022920578,LV,0.0,0
6,uc605815.3,uc605815,3,0.9809482217832886,0.2193931022920578,LV,0.0,0
6,uc621171.3,uc621171,3,0.9856120388002966,0.2193931022920578,LV,0.0,0
6,uc607384.3,uc607384,3,0.9847997307905588,0.2193931022920578,LV,0.0,0
6,uc606117.3,uc606117,3,0.9905182538774875,0.2193931022920578,LV,0.0,0
6,uc606120.3,uc606120,3,0.9892786908635137,0.2193931022920578,LV,0.0,0
6,uc623007.3,uc623007,3,0.9907126991065633,0.2193931022920578,LV,0.0,0
6,uc605867.3,uc605867,3,0.9802227592625672,0.2193931022920578,LV,0.0,0
6,uc606150.3,uc606150,3,0.994418445255929,0.2193931022920578,LV,0.0,0
6,uc606109.3,uc606109,3,0.986315787574636,0.2193931022920578,LV,0.0,0
6,uc606110.3,uc606110,3,0.984505141044302,0.2193931022920578,LV,0.0,0
6,uc606111.3,uc606111,3,0.9902458504547607,0.2193931022920578,LV,0.0,0
6,uc622722.3,uc622722,3,0.9818653508276456,0.2193931022920578,LV,0.0,0
6,uc623004.3,uc623004,3,0.9797215945219088,0.2193931022920578,LV,0.0,0
6,uc606101.3,uc606101,3,0.989908850335459,0.2193931022920578,LV,0.0,0
6,uc606132.3,uc606132,3,0.9849666722917501,0.2193931022920578,LV,0.0,0
6,uc605910.3,uc605910,3,0.9888502854724156,0.2193931022920578,LV,0.0,0
6,uc605911.3,uc605911,3,0.9909129535701899,0.2193931022920578,LV,0.0,0
6,uc605904.3,uc605904,3,0.9896035052250137,0.2193931022920578,LV,0.0,0
6,uc1239552.3,uc1239552,3,0.9885211533687821,0.2193931022920578,LV,0.0,0
6,uc605821.3,uc605821,3,0.9819680805972261,0.2193931022920578,LV,0.0,0
6,uc639280.3,uc639280,3,0.9870128810879834,0.2193931022920578,LV,0.0,0
6,uc605898.3,uc605898,3,0.9895702773235339,0.2193931022920578,LV,0.0,0
6,uc605902.3,uc605902,3,0.9833608541534626,0.2193931022920578,LV,0.0,0
6,uc606126.3,uc606126,3,0.9906080356290955,0.2193931022920578,LV,0.0,0
6,uc606127.3,uc606127,3,0.9861524685191959,0.2193931022920578,LV,0.0,0
6,uc606121.3,uc606121,3,0.9844476914029463,0.2193931022920578,LV,0.0,0
6,uc606122.3,uc606122,3,0.9773024403366669,0.2193931022920578,LV,0.0,0
6,uc639277.3,uc639277,3,0.9823068872787655,0.2193931022920578,LV,0.0,0
6,uc1139390.3,uc1139390,3,0.9884848284807578,0.2193931022920578,LV,0.0,0
6,uc637576.3,uc637576,3,0.987845426633572,0.2193931022920578,LV,0.0,0
6,uc637918.3,uc637918,3,0.9856828580363008,0.2193931022920578,LV,0.0,0
6,uc637360.3,uc637360,3,0.9853947800836644,0.2193931022920578,LV,0.0,0
6,uc637397.3,uc637397,3,0.978337953648128,0.2193931022920578,LV,0.0,0
6,uc635963.3,uc635963,3,0.9895714966705499,0.2193931022920578,LV,0.0,0
6,uc635543.3,uc635543,3,0.9871187013002115,0.2193931022920578,LV,0.0,0
6,uc635966.3,uc635966,3,0.9869801024684162,0.2193931022920578,LV,0.0,0
6,uc635550.3,uc635550,3,0.9910256812432295,0.2193931022920578,LV,0.0,0
6,uc635862.3,uc635862,3,0.9815520963796684,0.2193931022920578,LV,0.0,0
6,uc1633671.3,uc1633671,3,0.9856546094655433,0.2193931022920578,LV,0.0,0
6,uc632607.3,uc632607,3,0.935836660002584,0.2193931022920578,LV,0.014163339997415925,1
6,uc1629422.3,uc1629422,3,0.9891745492908743,0.2193931022920578,LV,0.0,0
7,60651.1,60651,1,0.987886665263148,13.336791218280357,MV,0.0,0
7,60721.1,60721,1,0.9878232764283491,13.336791218280357,MV,0.0,0
7,164151.1,164151,1,0.9884724753734212,13.336791218280357,MV,0.0,0
7,302191.1,302191,1,0.979680015929983,13.336791218280357,MV,0.0,0
7,320841.1,320841,1,0.9841276872858418,13.336791218280357,MV,0.0,0
7,337711.1,337711,1,0.979726269317465,13.336791218280357,MV,0.0,0
7,358691.1,358691,1,0.9969394490985252,13.336791218280357,MV,0.0,0
7,et6_1177.1,et6_1177,1,0.9863255598545411,0.2193931022920578,LV,0.0,0
7,461501.1,461501,1,0.987967462505545,13.336791218280357,MV,0.0,0
7,686891.1,686891,1,0.9860664705175125,13.336791218280357,MV,0.0,0
7,703601.1,703601,1,0.9887161886436309,13.336791218280357,MV,0.0,0
7,713791.1,713791,1,0.9854861464225638,13.336791218280357,MV,0.0,0
7,725731.1,725731,1,0.9845584534374935,13.336791218280357,MV,0.0,0
7,809501.1,809501,1,0.9863660615288904,13.336791218280357,MV,0.0,0
7,811221.1,811221,1,0.9885383564256421,13.336791218280357,MV,0.0,0
7,815111.1,815111,1,0.9796931753620779,13.336791218280357,MV,0.0,0
7,822371.1,822371,1,0.9848880726473656,13.336791218280357,MV,0.0,0
7,820611.1,820611,1,0.9872918220192474,13.336791218280357,MV,0.0,0
7,822641.1,822641,1,0.9850506887342181,13.336791218280357,MV,0.0,0
7,618431.1,618431,1,0.9878865517780868,13.336791218280357,MV,0.0,0
7,bt10401.1,bt10401,1,0.9743812090565691,0.2193931022920578,LV,0.0,0
7,bt197792.1,bt197792,1,0.9727376565941325,0.2193931022920578,LV,0.0,0
7,bt800551.1,bt800551,1,0.9732114277786273,0.2193931022920578,LV,0.0,0
7,bt295341.1,bt295341,1,0.9718900459396007,0.2193931022920578,LV,0.0,0
7,bt800541.1,bt800541,1,0.9724625067609394,0.2193931022920578,LV,0.0,0
7,bt295361.1,bt295361,1,0.9713619549938641,0.2193931022920578,LV,0.0,0
7,bt474991.1,bt474991,1,0.9709460930495756,0.2193931022920578,LV,0.0,0
7,uc626695.1,uc626695,1,0.9674531392930495,0.2193931022920578,LV,0.0,0
7,uc1627323.1,uc1627323,1,0.9699576898461724,0.2193931022920578,LV,0.0,0
7,uc1627342.1,uc1627342,1,0.9906472365860726,0.2193931022920578,LV,0.0,0
7,uc627343.1,uc627343,1,0.9839059548563565,0.2193931022920578,LV,0.0,0
7,uc627344.1,uc627344,1,0.9868213025596895,0.2193931022920578,LV,0.0,0
7,uc1626672.1,uc1626672,1,0.0,0.1270170592217177,LV,0.95,1
7,uc1626490.1,uc1626490,1,0.9909271410059143,0.2193931022920578,LV,0.0,0
7,uc3422706.1,uc3422706,1,0.9822648335842767,0.2193931022920578,LV,0.0,0
7,uc3425629.1,uc3425629,1,0.982445082975803,0.2193931022920578,LV,0.0,0
7,uc3422597.1,uc3422597,1,0.9769512804132223,0.2193931022920578,LV,0.0,0
7,uc3405843.1,uc3405843,1,0.9763356457640526,0.2193931022920578,LV,0.0,0
7,uc3405844.1,uc3405844,1,0.9823108146100454,0.2193931022920578,LV,0.0,0
7,uc3405845.1,uc3405845,1,0.981851617686316,0.2193931022920578,LV,0.0,0
7,uc3405846.1,uc3405846,1,0.9768415693706287,0.2193931022920578,LV,0.0,0
7,uc1626486.1,uc1626486,1,0.991880340712207,0.2193931022920578,LV,0.0,0
7,uc1626487.1,uc1626487,1,0.9787503756541066,0.2193931022920578,LV,0.0,0
7,uc626481.1,uc626481,1,0.9798816913249369,0.2193931022920578,LV,0.0,0
7,uc626678.1,uc626678,1,0.9711011774627866,0.2193931022920578,LV,0.0,0
7,uc626698.1,uc626698,1,0.9842421408214344,0.2193931022920578,LV,0.0,0
7,uc626476.1,uc626476,1,0.961171990908221,0.2193931022920578,LV,0.0,0
7,uc1627321.1,uc1627321,1,0.9897924804819791,0.2193931022920578,LV,0.0,0
7,uc1607319.1,uc1607319,1,0.9763741233276982,0.2193931022920578,LV,0.0,0
7,uc1607308.1,uc1607308,1,0.9763081216866929,0.2193931022920578,LV,0.0,0
7,uc1624026.1,uc1624026,1,0.0,0.1270170592217177,LV,0.95,1
7,uc1625170.1,uc1625170,1,0.9861304410832084,0.2193931022920578,LV,0.0,0
7,uc1621994.1,uc1621994,1,0.9907960157363495,0.2193931022920578,LV,0.0,0
7,uc1620360.1,uc1620360,1,0.9922483601666945,0.2193931022920578,LV,0.0,0
7,uc1620373.1,uc1620373,1,0.9798871985296719,0.2193931022920578,LV,0.0,0
7,uc1607302.1,uc1607302,1,0.9791156982896654,0.2193931022920578,LV,0.0,0
7,uc1607304.1,uc1607304,1,0.9754945417686841,0.2193931022920578,LV,0.0,0
7,uc1607305.1,uc1607305,1,0.9741429843530831,0.2193931022920578,LV,0.0,0
7,uc1607306.1,uc1607306,1,0.9747261222459204,0.2193931022920578,LV,0.0,0
7,uc1607297.1,uc1607297,1,0.9835999928823059,0.2193931022920578,LV,0.0,0
7,uc1607298.1,uc1607298,1,0.9817337372661378,0.2193931022920578,LV,0.0,0
7,uc1607289.1,uc1607289,1,0.9863035405595936,0.2193931022920578,LV,0.0,0
7,uc1607290.1,uc1607290,1,0.9865498280527862,0.2193931022920578,LV,0.0,0
7,uc1607291.1,uc1607291,1,0.9838923182935461,0.2193931022920578,LV,0.0,0
7,uc1607280.1,uc1607280,1,0.9748062510412381,0.2193931022920578,LV,0.0,0
7,uc1607283.1,uc1607283,1,0.9659974719595291,0.2193931022920578,LV,0.0,0
7,uc1607285.1,uc1607285,1,0.9711734706921561,0.2193931022920578,LV,0.0,0
7,uc1607287.1,uc1607287,1,0.9729229328909882,0.2193931022920578,LV,0.0,0
7,uc1607288.1,uc1607288,1,0.9817072698091432,0.2193931022920578,LV,0.0,0
7,uc1607279.1,uc1607279,1,0.9779453254422708,0.2193931022920578,LV,0.0,0
7,uc1607357.1,uc1607357,1,0.9830617510788164,0.2193931022920578,LV,0.0,0
7,uc1607358.1,uc1607358,1,0.9818517815103592,0.2193931022920578,LV,0.0,0
7,uc1607368.1,uc1607368,1,0.0,0.1270170592217177,LV,0.95,1
7,uc1607277.1,uc1607277,1,0.9955804001536529,0.2193931022920578,LV,0.0,0
7,uc1607278.1,uc1607278,1,0.9972681863201659,0.2193931022920578,LV,0.0,0
7,uc1607272.1,uc1607272,1,0.9795950687309362,0.2193931022920578,LV,0.0,0
7,uc1607273.1,uc1607273,1,0.9973727828049052,0.2193931022920578,LV,0.0,0
7,uc1607353.1,uc1607353,1,0.983823039125713,0.2193931022920578,LV,0.0,0
7,uc1607347.1,uc1607347,1,0.9979422152056597,0.2193931022920578,LV,0.0,0
7,uc1607349.1,uc1607349,1,0.9859439300077384,0.2193931022920578,LV,0.0,0
7,uc1107342.1,uc1107342,1,0.9726184656629575,0.2193931022920578,LV,0.0,0
7,uc1107340.1,uc1107340,1,0.9608272560630782,0.2193931022920578,LV,0.0,0
7,uc1105833.1,uc1105833,1,0.9783310503877151,0.2193931022920578,LV,0.0,0
7,uc1107330.1,uc1107330,1,0.9590659371964553,0.2193931022920578,LV,0.0,0
7,uc1607265.1,uc1607265,1,0.9630933629719763,0.2193931022920578,LV,0.0,0
7,uc1607268.1,uc1607268,1,0.9902569531780283,0.2193931022920578,LV,0.0,0
7,uc1607252.1,uc1607252,1,0.9747579035055933,0.2193931022920578,LV,0.0,0
7,uc1605991.1,uc1605991,1,0.9796171210112996,0.2193931022920578,LV,0.0,0
7,uc1605996.1,uc1605996,1,0.9806734437868354,0.2193931022920578,LV,0.0,0
7,uc1607257.1,uc1607257,1,0.9806436912724684,0.2193931022920578,LV,0.0,0
7,uc1607258.1,uc1607258,1,0.9747827373593148,0.2193931022920578,LV,0.0,0
7,uc1124340.1,uc1124340,1,0.9741468741915505,0.2193931022920578,LV,0.0,0
7,uc605816.1,uc605816,1,0.9754983691992833,0.2193931022920578,LV,0.0,0
7,uc605813.1,uc605813,1,0.9851203771701267,0.2193931022920578,LV,0.0,0
7,uc609684.1,uc609684,1,0.9877782123247205,0.2193931022920578,LV,0.0,0
7,uc609686.1,uc609686,1,0.9888603815890225,0.2193931022920578,LV,0.0,0
7,uc609688.1,uc609688,1,0.9783483585869932,0.2193931022920578,LV,0.0,0
7,uc621168.1,uc621168,1,0.9817218769787894,0.2193931022920578,LV,0.0,0
7,uc621171.1,uc621171,1,0.9791051644795165,0.2193931022920578,LV,0.0,0
7,uc605808.1,uc605808,1,0.9897988658910019,0.2193931022920578,LV,0.0,0
7,uc605809.1,uc605809,1,0.9726168807909975,0.2193931022920578,LV,0.0,0
7,uc605810.1,uc605810,1,0.985091025066818,0.2193931022920578,LV,0.0,0
7,uc605970.1,uc605970,1,0.9809124015155094,0.2193931022920578,LV,0.0,0
7,uc605803.1,uc605803,1,0.9825607477066365,0.2193931022920578,LV,0.0,0
7,uc605804.1,uc605804,1,0.9854763901603505,0.2193931022920578,LV,0.0,0
7,uc605806.1,uc605806,1,0.9830718948149225,0.2193931022920578,LV,0.0,0
7,uc607384.1,uc607384,1,0.9785289064370367,0.2193931022920578,LV,0.0,0
7,uc607387.1,uc607387,1,0.9842763717394738,0.2193931022920578,LV,0.0,0
7,uc609682.1,uc609682,1,0.9670696005421803,0.2193931022920578,LV,0.0,0
7,uc624033.1,uc624033,1,0.9928335067547885,0.2193931022920578,LV,0.0,0
7,uc625156.1,uc625156,1,0.9826436338685379,0.2193931022920578,LV,0.0,0
7,uc625624.1,uc625624,1,0.9724112395389708,0.2193931022920578,LV,0.0,0
7,uc625625.1,uc625625,1,0.9884785036417906,0.2193931022920578,LV,0.0,0
7,uc607366.1,uc607366,1,0.972518376760446,0.2193931022920578,LV,0.0,0
7,uc607367.1,uc607367,1,0.9846465517086025,0.2193931022920578,LV,0.0,0
7,uc606114.1,uc606114,1,0.9787229065844774,0.2193931022920578,LV,0.0,0
7,uc606117.1,uc606117,1,0.984105329316973,0.2193931022920578,LV,0.0,0
7,uc606120.1,uc606120,1,0.9828586395164384,0.2193931022920578,LV,0.0,0
7,uc623015.1,uc623015,1,0.9715437087010753,0.2193931022920578,LV,0.0,0
7,uc623432.1,uc623432,1,0.9762755275309505,0.2193931022920578,LV,0.0,0
7,uc624028.1,uc624028,1,0.9788687470326586,0.2193931022920578,LV,0.0,0
7,uc605873.1,uc605873,1,0.9836007796595386,0.2193931022920578,LV,0.0,0
7,uc623007.1,uc623007,1,0.9853670687001275,0.2193931022920578,LV,0.0,0
7,uc606147.1,uc606147,1,0.9925944624171595,0.2193931022920578,LV,0.0,0
7,uc606148.1,uc606148,1,0.9948012517378085,0.2193931022920578,LV,0.0,0
7,uc606150.1,uc606150,1,0.9929927935784415,0.2193931022920578,LV,0.0,0
7,uc606109.1,uc606109,1,0.9798382312746519,0.2193931022920578,LV,0.0,0
7,uc606110.1,uc606110,1,0.9779875261359591,0.2193931022920578,LV,0.0,0
7,uc606111.1,uc606111,1,0.9838443263157111,0.2193931022920578,LV,0.0,0
7,uc622777.1,uc622777,1,0.9965451706172743,0.2193931022920578,LV,0.0,0
7,uc623004.1,uc623004,1,0.9727627057928938,0.2193931022920578,LV,0.0,0
7,uc606103.1,uc606103,1,0.9802136633355698,0.2193931022920578,LV,0.0,0
7,uc606139.1,uc606139,1,0.9865736169621339,0.2193931022920578,LV,0.0,0
7,uc606141.1,uc606141,1,0.9796976035347432,0.2193931022920578,LV,0.0,0
7,uc606143.1,uc606143,1,0.9897695854493743,0.2193931022920578,LV,0.0,0
7,uc605921.1,uc605921,1,0.979997321900085,0.2193931022920578,LV,0.0,0
7,uc622713.1,uc622713,1,0.983894803964844,0.2193931022920578,LV,0.0,0
7,uc622714.1,uc622714,1,0.9776049198093375,0.2193931022920578,LV,0.0,0
7,uc605993.1,uc605993,1,0.9830099146051406,0.2193931022920578,LV,0.0,0
7,uc606101.1,uc606101,1,0.982635622835128,0.2193931022920578,LV,0.0,0
7,uc606102.1,uc606102,1,0.9824865775128202,0.2193931022920578,LV,0.0,0
7,uc622273.1,uc622273,1,0.9862942511452465,0.2193931022920578,LV,0.0,0
7,uc622703.1,uc622703,1,0.9675291706774172,0.2193931022920578,LV,0.0,0
7,uc605989.1,uc605989,1,0.9861765723580158,0.2193931022920578,LV,0.0,0
7,uc606130.1,uc606130,1,0.9858587768055007,0.2193931022920578,LV,0.0,0
7,uc606132.1,uc606132,1,0.9787111301808832,0.2193931022920578,LV,0.0,0
7,uc605914.1,uc605914,1,1.0009189816236532,0.2193931022920578,LV,0.0,0
7,uc622257.1,uc622257,1,0.9871740528316464,0.2193931022920578,LV,0.0,0
7,uc605909.1,uc605909,1,0.9880771606526322,0.2193931022920578,LV,0.0,0
7,uc605910.1,uc605910,1,0.982951184266839,0.2193931022920578,LV,0.0,0
7,uc605911.1,uc605911,1,0.985052504323116,0.2193931022920578,LV,0.0,0
7,uc606128.1,uc606128,1,0.9836372623468235,0.2193931022920578,LV,0.0,0
7,uc605823.1,uc605823,1,0.9700121381572546,0.2193931022920578,LV,0.0,0
7,uc605824.1,uc605824,1,0.9797113983278988,0.2193931022920578,LV,0.0,0
7,uc605904.1,uc605904,1,0.984173085591366,0.2193931022920578,LV,0.0,0
7,uc621999.1,uc621999,1,0.9831813786049349,0.2193931022920578,LV,0.0,0
7,uc639553.1,uc639553,1,0.979583415672842,0.2193931022920578,LV,0.0,0
7,uc1239552.1,uc1239552,1,0.9811526524772711,0.2193931022920578,LV,0.0,0
7,uc605817.1,uc605817,1,0.9808483270214454,0.2193931022920578,LV,0.0,0
7,uc605819.1,uc605819,1,0.9775818695006202,0.2193931022920578,LV,0.0,0
7,uc605820.1,uc605820,1,0.9745636257766719,0.2193931022920578,LV,0.0,0
7,uc605821.1,uc605821,1,0.9720648777935558,0.2193931022920578,LV,0.0,0
7,uc639280.1,uc639280,1,0.9835535958461681,0.2193931022920578,LV,0.0,0
7,uc605898.1,uc605898,1,0.9850710753354445,0.2193931022920578,LV,0.0,0
7,uc605901.1,uc605901,1,0.9867564211577181,0.2193931022920578,LV,0.0,0
7,uc605902.1,uc605902,1,0.9780412718421324,0.2193931022920578,LV,0.0,0
7,uc605985.1,uc605985,1,0.9761198883343999,0.2193931022920578,LV,0.0,0
7,uc606126.1,uc606126,1,0.9858558036640388,0.2193931022920578,LV,0.0,0
7,uc606127.1,uc606127,1,0.9799209108619105,0.2193931022920578,LV,0.0,0
7,uc605896.1,uc605896,1,0.97512702880692,0.2193931022920578,LV,0.0,0
7,uc606121.1,uc606121,1,0.9782494960013344,0.2193931022920578,LV,0.0,0
7,uc606122.1,uc606122,1,0.9710293006476305,0.2193931022920578,LV,0.0,0
7,uc606123.1,uc606123,1,0.9847410761052238,0.2193931022920578,LV,0.0,0
7,uc606124.1,uc606124,1,0.987527493803426,0.2193931022920578,LV,0.0,0
7,uc605825.1,uc605825,1,0.9721273030969491,0.2193931022920578,LV,0.0,0
7,uc623427.1,uc623427,1,0.9847410889484242,0.2193931022920578,LV,0.0,0
7,uc609687.1,uc609687,1,0.9900519857806402,0.2193931022920578,LV,0.0,0
7,uc639277.1,uc639277,1,0.9724112395444827,0.2193931022920578,LV,0.0,0
7,uc1139390.1,uc1139390,1,0.9811165983597995,0.2193931022920578,LV,0.0,0
7,uc605863.1,uc605863,1,0.9731514253761062,0.2193931022920578,LV,0.0,0
7,uc605865.1,uc605865,1,0.9739719019586517,0.2193931022920578,LV,0.0,0
7,uc1138614.1,uc1138614,1,0.9728061774270209,0.2193931022920578,LV,0.0,0
7,uc605855.1,uc605855,1,0.9712075341526948,0.2193931022920578,LV,0.0,0
7,uc605828.1,uc605828,1,0.9646816941556534,0.2193931022920578,LV,0.0,0
7,uc605829.1,uc605829,1,0.9781192253607613,0.2193931022920578,LV,0.0,0
7,uc605834.1,uc605834,1,0.956838212587508,0.2193931022920578,LV,0.0,0
7,uc605835.1,uc605835,1,0.9570347005341829,0.2193931022920578,LV,0.0,0
7,uc605827.1,uc605827,1,0.9645112662659454,0.2193931022920578,LV,0.0,0
7,uc627337.1,uc627337,1,0.977365582443405,0.2193931022920578,LV,0.0,0
7,uc637912.1,uc637912,1,0.9783405932719819,0.2193931022920578,LV,0.0,0
7,uc637576.1,uc637576,1,0.9846856775366041,0.2193931022920578,LV,0.0,0
7,uc637356.1,uc637356,1,0.9814688666079827,0.2193931022920578,LV,0.0,0
7,uc637918.1,uc637918,1,0.9827455646874087,0.2193931022920578,LV,0.0,0
7,uc637360.1,uc637360,1,0.978886858889435,0.2193931022920578,LV,0.0,0
7,uc637399.1,uc637399,1,0.9720323956523994,0.2193931022920578,LV,0.0,0
7,uc637397.1,uc637397,1,0.9708632749396344,0.2193931022920578,LV,0.0,0
7,uc1137150.1,uc1137150,1,0.9779056333034075,0.2193931022920578,LV,0.0,0
7,uc1636598.1,uc1636598,1,0.0,0.1270170592217177,LV,0.95,1
7,uc636933.1,uc636933,1,0.9853429764521969,0.2193931022920578,LV,0.0,0
7,uc635963.1,uc635963,1,0.9831393919370183,0.2193931022920578,LV,0.0,0
7,uc635543.1,uc635543,1,0.9814659025797624,0.2193931022920578,LV,0.0,0
7,uc635966.1,uc635966,1,0.981199149030972,0.2193931022920578,LV,0.0,0
7,uc635550.1,uc635550,1,0.9848801770514175,0.2193931022920578,LV,0.0,0
7,uc635862.1,uc635862,1,0.9796189775208338,0.2193931022920578,LV,0.0,0
7,uc1635694.1,uc1635694,1,0.9998169005768057,0.2193931022920578,LV,0.0,0
7,uc3435739.1,uc3435739,1,0.9754588862781178,0.2193931022920578,LV,0.0,0
7,uc1635060.1,uc1635060,1,0.9851373864166574,0.2193931022920578,LV,0.0,0
7,uc1607271.1,uc1607271,1,0.9885377462034407,0.2193931022920578,LV,0.0,0
7,uc605884.1,uc605884,1,0.9819065610609545,0.2193931022920578,LV,0.0,0
7,uc1609690.1,uc1609690,1,0.992659216748871,0.2193931022920578,LV,0.0,0
7,uc1134165.1,uc1134165,1,0.9611481658823234,0.2193931022920578,LV,0.0,0
7,uc634166.1,uc634166,1,0.9859571696302575,0.2193931022920578,LV,0.0,0
7,uc1633896.1,uc1633896,1,0.9882574889608727,0.2193931022920578,LV,0.0,0
7,uc3433894.1,uc3433894,1,0.9780468410551629,0.2193931022920578,LV,0.0,0
7,uc1633892.1,uc1633892,1,0.9908286030824702,0.2193931022920578,LV,0.0,0
7,uc633672.1,uc633672,1,0.9901423867089397,0.2193931022920578,LV,0.0,0
7,uc1633671.1,uc1633671,1,0.9796116474519289,0.2193931022920578,LV,0.0,0
7,uc1632306.1,uc1632306,1,0.989259181475379,0.2193931022920578,LV,0.0,0
7,uc632607.1,uc632607,1,0.9275752470483843,0.2193931022920578,LV,0.022424752951615612,1
7,uc632613.1,uc632613,1,0.9744546301002186,0.2193931022920578,LV,0.0,0
7,uc3432407.1,uc3432407,1,0.9768697374060871,0.2193931022920578,LV,0.0,0
7,uc1632402.1,uc1632402,1,0.9652481176369353,0.2193931022920578,LV,0.0,0
7,uc1132019.1,uc1132019,1,0.97280999615906,0.2193931022920578,LV,0.0,0
7,uc632016.1,uc632016,1,0.9845687470879075,0.2193931022920578,LV,0.0,0
7,uc1132015.1,uc1132015,1,0.9660735292806198,0.2193931022920578,LV,0.0,0
7,uc1132012.1,uc1132012,1,0.9817870143927271,0.2193931022920578,LV,0.0,0
7,uc631859.1,uc631859,1,0.984264451839671,0.2193931022920578,LV,0.0,0
7,uc1631852.1,uc1631852,1,0.9821871832356525,0.2193931022920578,LV,0.0,0
7,uc1130761.1,uc1130761,1,0.95675642527572,0.2193931022920578,LV,0.0,0
7,uc1630759.1,uc1630759,1,0.9627215596732517,0.2193931022920578,LV,0.0,0
7,uc630758.1,uc630758,1,0.9807528388255438,0.2193931022920578,LV,0.0,0
7,uc629428.1,uc629428,1,0.9858629170886403,0.2193931022920578,LV,0.0,0
7,uc1629639.1,uc1629639,1,0.9941211720697627,0.2193931022920578,LV,0.0,0
7,uc1229546.1,uc1229546,1,0.9723687919006985,0.2193931022920578,LV,0.0,0
7,uc628768.1,uc628768,1,0.9801859765637361,0.2193931022920578,LV,0.0,0
7,uc628757.1,uc628757,1,0.9940295073320686,0.2193931022920578,LV,0.0,0
7,uc628766.1,uc628766,1,0.9858885934953925,0.2193931022920578,LV,0.0,0
7,uc628753.1,uc628753,1,0.9952140100113932,0.2193931022920578,LV,0.0,0
7,uc627346.1,uc627346,1,0.9864964569813751,0.2193931022920578,LV,0.0,0
7,uc1628760.1,uc1628760,1,0.9940273384592501,0.2193931022920578,LV,0.0,0
7,uc1629422.1,uc1629422,1,0.9821845836902213,0.2193931022920578,LV,0.0,0
7,uc626699.1,uc626699,1,0.9892860067739512,0.2193931022920578,LV,0.0,0
7,60651.2,60651,2,0.9898593321145414,13.336791218280357,MV,0.0,0
7,60721.2,60721,2,0.9897958949385789,13.336791218280357,MV,0.0,0
7,164151.2,164151,2,0.9904456274644369,13.336791218280357,MV,0.0,0
7,302191.2,302191,2,0.9833129631171231,13.336791218280357,MV,0.0,0
7,320841.2,320841,2,0.9863856884017455,13.336791218280357,MV,0.0,0
7,337711.2,337711,2,0.9833593353003601,13.336791218280357,MV,0.0,0
7,358691.2,358691,2,0.997776324626407,13.336791218280357,MV,0.0,0
7,et6_1177.2,et6_1177,2,0.9859925059957539,0.2193931022920578,LV,0.0,0
7,461501.2,461501,2,0.9902746916735699,13.336791218280357,MV,0.0,0
7,686891.2,686891,2,0.9882727590622356,13.336791218280357,MV,0.0,0
7,703601.2,703601,2,0.9906744450744234,13.336791218280357,MV,0.0,0
7,713791.2,713791,2,0.9877405672303605,13.336791218280357,MV,0.0,0
7,725731.2,725731,2,0.9868167859157594,13.336791218280357,MV,0.0,0
7,809501.2,809501,2,0.9885633205647085,13.336791218280357,MV,0.0,0
7,811221.2,811221,2,0.9905090675106444,13.336791218280357,MV,0.0,0
7,815111.2,815111,2,0.9833261035378125,13.336791218280357,MV,0.0,0
7,822371.2,822371,2,0.987146736068163,13.336791218280357,MV,0.0,0
7,820611.2,820611,2,0.9893445888229672,13.336791218280357,MV,0.0,0
7,822641.2,822641,2,0.9873268168664866,13.336791218280357,MV,0.0,0
7,618431.2,618431,2,0.9898592190750403,13.336791218280357,MV,0.0,0
7,bt10401.2,bt10401,2,0.9610725594226422,0.2193931022920578,LV,0.0,0
7,bt197792.2,bt197792,2,0.9600439063276849,0.2193931022920578,LV,0.0,0
7,bt800551.2,bt800551,2,0.9600439063460801,0.2193931022920578,LV,0.0,0
7,bt295341.2,bt295341,2,0.9581150825212551,0.2193931022920578,LV,0.0,0
7,bt800541.2,bt800541,2,0.9590635845733544,0.2193931022920578,LV,0.0,0
7,bt295361.2,bt295361,2,0.9565871685618925,0.2193931022920578,LV,0.0,0
7,bt474991.2,bt474991,2,0.9560959196222621,0.2193931022920578,LV,0.0,0
7,uc1627323.2,uc1627323,2,0.9527282807185707,0.2193931022920578,LV,0.0,0
7,uc3405987.2,uc3405987,2,0.9667713017512806,0.2193931022920578,LV,0.0,0
7,uc3405846.2,uc3405846,2,0.9686024505185881,0.2193931022920578,LV,0.0,0
7,uc3405847.2,uc3405847,2,0.9688358906724518,0.2193931022920578,LV,0.0,0
7,uc3405838.2,uc3405838,2,0.9585950536439328,0.2193931022920578,LV,0.0,0
7,uc1607326.2,uc1607326,2,0.9698825774213053,0.2193931022920578,LV,0.0,0
7,uc1607316.2,uc1607316,2,0.9678514001849804,0.2193931022920578,LV,0.0,0
7,uc1607308.2,uc1607308,2,0.9718126242049487,0.2193931022920578,LV,0.0,0
7,uc1623434.2,uc1623434,2,0.0,0.1270170592217177,LV,0.95,1
7,uc1620373.2,uc1620373,2,0.9797184342225114,0.2193931022920578,LV,0.0,0
7,uc1607302.2,uc1607302,2,0.9789495960819464,0.2193931022920578,LV,0.0,0
7,uc1607304.2,uc1607304,2,0.9787536764432522,0.2193931022920578,LV,0.0,0
7,uc1607306.2,uc1607306,2,0.9702322527562217,0.2193931022920578,LV,0.0,0
7,uc1607299.2,uc1607299,2,0.9801048506205464,0.2193931022920578,LV,0.0,0
7,uc1607297.2,uc1607297,2,0.9793022134887209,0.2193931022920578,LV,0.0,0
7,uc1607298.2,uc1607298,2,0.9806146465292387,0.2193931022920578,LV,0.0,0
7,uc1607289.2,uc1607289,2,0.984469019484652,0.2193931022920578,LV,0.0,0
7,uc1607291.2,uc1607291,2,0.9780274656365651,0.2193931022920578,LV,0.0,0
7,uc1607292.2,uc1607292,2,0.976518983867792,0.2193931022920578,LV,0.0,0
7,uc1607280.2,uc1607280,2,0.9746353095940364,0.2193931022920578,LV,0.0,0
7,uc1607284.2,uc1607284,2,0.9756112483452152,0.2193931022920578,LV,0.0,0
7,uc1607285.2,uc1607285,2,0.9752961642193293,0.2193931022920578,LV,0.0,0
7,uc1607288.2,uc1607288,2,0.9761901052525175,0.2193931022920578,LV,0.0,0
7,uc1607279.2,uc1607279,2,0.9777753575175945,0.2193931022920578,LV,0.0,0
7,uc1607355.2,uc1607355,2,0.9800220595999846,0.2193931022920578,LV,0.0,0
7,uc1607357.2,uc1607357,2,0.9816892932165225,0.2193931022920578,LV,0.0,0
7,uc1607358.2,uc1607358,2,0.9758812987412627,0.2193931022920578,LV,0.0,0
7,uc1607368.2,uc1607368,2,0.0,0.1270170592217177,LV,0.95,1
7,uc1607276.2,uc1607276,2,0.9929516479549303,0.2193931022920578,LV,0.0,0
7,uc1607278.2,uc1607278,2,0.99201686485132,0.2193931022920578,LV,0.0,0
7,uc1607273.2,uc1607273,2,0.9883264688914339,0.2193931022920578,LV,0.0,0
7,uc1607328.2,uc1607328,2,0.9685201859470622,0.2193931022920578,LV,0.0,0
7,uc1607347.2,uc1607347,2,0.9978006171609185,0.2193931022920578,LV,0.0,0
7,uc1607350.2,uc1607350,2,0.9858870486909532,0.2193931022920578,LV,0.0,0
7,uc1107341.2,uc1107341,2,0.9623003537427697,0.2193931022920578,LV,0.0,0
7,uc1107333.2,uc1107333,2,0.9670645076568938,0.2193931022920578,LV,0.0,0
7,uc1607268.2,uc1607268,2,0.9889164481511377,0.2193931022920578,LV,0.0,0
7,uc1607252.2,uc1607252,2,0.9655671104445941,0.2193931022920578,LV,0.0,0
7,uc1606000.2,uc1606000,2,0.9750444441175128,0.2193931022920578,LV,0.0,0
7,uc1607255.2,uc1607255,2,0.9784720940507456,0.2193931022920578,LV,0.0,0
7,uc1607258.2,uc1607258,2,0.9655921848014546,0.2193931022920578,LV,0.0,0
7,uc1124041.2,uc1124041,2,0.9685373058589379,0.2193931022920578,LV,0.0,0
7,uc1124340.2,uc1124340,2,0.9749054760600466,0.2193931022920578,LV,0.0,0
7,uc1121173.2,uc1121173,2,0.9673397686457035,0.2193931022920578,LV,0.0,0
7,uc1107345.2,uc1107345,2,0.9748453748356025,0.2193931022920578,LV,0.0,0
7,uc605816.2,uc605816,2,0.9752825857272219,0.2193931022920578,LV,0.0,0
7,uc605812.2,uc605812,2,0.9562022791009038,0.2193931022920578,LV,0.0,0
7,uc605813.2,uc605813,2,0.9854250066965973,0.2193931022920578,LV,0.0,0
7,uc609685.2,uc609685,2,0.9849521797301213,0.2193931022920578,LV,0.0,0
7,uc609688.2,uc609688,2,0.9769569590974705,0.2193931022920578,LV,0.0,0
7,uc621168.2,uc621168,2,0.9751207298580209,0.2193931022920578,LV,0.0,0
7,uc621171.2,uc621171,2,0.9786651113575139,0.2193931022920578,LV,0.0,0
7,uc605810.2,uc605810,2,0.9816792255212353,0.2193931022920578,LV,0.0,0
7,uc605807.2,uc605807,2,0.9610089423541235,0.2193931022920578,LV,0.0,0
7,uc605801.2,uc605801,2,0.9795186725619621,0.2193931022920578,LV,0.0,0
7,uc607384.2,uc607384,2,0.9781043031549675,0.2193931022920578,LV,0.0,0
7,uc607385.2,uc607385,2,0.9705444971028937,0.2193931022920578,LV,0.0,0
7,uc609682.2,uc609682,2,0.9573342562162933,0.2193931022920578,LV,0.0,0
7,uc609683.2,uc609683,2,0.9806342290079195,0.2193931022920578,LV,0.0,0
7,uc607377.2,uc607377,2,0.9858190165511178,0.2193931022920578,LV,0.0,0
7,uc607382.2,uc607382,2,0.9777980430077439,0.2193931022920578,LV,0.0,0
7,uc606117.2,uc606117,2,0.9836684110100764,0.2193931022920578,LV,0.0,0
7,uc606120.2,uc606120,2,0.9824210104694768,0.2193931022920578,LV,0.0,0
7,uc623433.2,uc623433,2,0.9603923861039277,0.2193931022920578,LV,0.0,0
7,uc623007.2,uc623007,2,0.9850345265159606,0.2193931022920578,LV,0.0,0
7,uc606147.2,uc606147,2,0.9905543452529094,0.2193931022920578,LV,0.0,0
7,uc606148.2,uc606148,2,0.9947026787643333,0.2193931022920578,LV,0.0,0
7,uc606150.2,uc606150,2,0.9928438006814494,0.2193931022920578,LV,0.0,0
7,uc606109.2,uc606109,2,0.9793986100903391,0.2193931022920578,LV,0.0,0
7,uc606110.2,uc606110,2,0.9775479430563001,0.2193931022920578,LV,0.0,0
7,uc606111.2,uc606111,2,0.9834071619364066,0.2193931022920578,LV,0.0,0
7,uc622720.2,uc622720,2,0.975429386898107,0.2193931022920578,LV,0.0,0
7,uc623004.2,uc623004,2,0.9692424789238383,0.2193931022920578,LV,0.0,0
7,uc606103.2,uc606103,2,0.9746194986997762,0.2193931022920578,LV,0.0,0
7,uc606139.2,uc606139,2,0.9770093860821188,0.2193931022920578,LV,0.0,0
7,uc606143.2,uc606143,2,0.9874135275426378,0.2193931022920578,LV,0.0,0
7,uc605921.2,uc605921,2,0.9774416462486009,0.2193931022920578,LV,0.0,0
7,uc605915.2,uc605915,2,0.9803162974767239,0.2193931022920578,LV,0.0,0
7,uc606101.2,uc606101,2,0.9834436427223695,0.2193931022920578,LV,0.0,0
7,uc622273.2,uc622273,2,0.9839349338554301,0.2193931022920578,LV,0.0,0
7,uc605990.2,uc605990,2,0.9581148672949805,0.2193931022920578,LV,0.0,0
7,uc606130.2,uc606130,2,0.981658513762441,0.2193931022920578,LV,0.0,0
7,uc606132.2,uc606132,2,0.9783073327554107,0.2193931022920578,LV,0.0,0
7,uc622258.2,uc622258,2,0.9826065009390434,0.2193931022920578,LV,0.0,0
7,uc622270.2,uc622270,2,0.9897779116659805,0.2193931022920578,LV,0.0,0
7,uc605905.2,uc605905,2,0.976396212264093,0.2193931022920578,LV,0.0,0
7,uc605909.2,uc605909,2,0.9860484771667869,0.2193931022920578,LV,0.0,0
7,uc605910.2,uc605910,2,0.9825031386339709,0.2193931022920578,LV,0.0,0
7,uc605911.2,uc605911,2,0.9846062274073341,0.2193931022920578,LV,0.0,0
7,uc606128.2,uc606128,2,0.9788076267950218,0.2193931022920578,LV,0.0,0
7,uc605904.2,uc605904,2,0.9766258098450125,0.2193931022920578,LV,0.0,0
7,uc1239552.2,uc1239552,2,0.9809865140708406,0.2193931022920578,LV,0.0,0
7,uc605817.2,uc605817,2,0.9788339374694333,0.2193931022920578,LV,0.0,0
7,uc605819.2,uc605819,2,0.9761907695145561,0.2193931022920578,LV,0.0,0
7,uc605820.2,uc605820,2,0.9578836420801168,0.2193931022920578,LV,0.0,0
7,uc605821.2,uc605821,2,0.9694081623014376,0.2193931022920578,LV,0.0,0
7,uc605822.2,uc605822,2,0.9574912326056638,0.2193931022920578,LV,0.0,0
7,uc639280.2,uc639280,2,0.9833525283093693,0.2193931022920578,LV,0.0,0
7,uc605898.2,uc605898,2,0.9880385408455875,0.2193931022920578,LV,0.0,0
7,uc605902.2,uc605902,2,0.9776009785800207,0.2193931022920578,LV,0.0,0
7,uc605982.2,uc605982,2,0.9606935874232395,0.2193931022920578,LV,0.0,0
7,uc605988.2,uc605988,2,0.9563551776729707,0.2193931022920578,LV,0.0,0
7,uc606126.2,uc606126,2,0.9854656498955362,0.2193931022920578,LV,0.0,0
7,uc606127.2,uc606127,2,0.979524278906181,0.2193931022920578,LV,0.0,0
7,uc605896.2,uc605896,2,0.9625636353347632,0.2193931022920578,LV,0.0,0
7,uc606121.2,uc606121,2,0.9778066088664001,0.2193931022920578,LV,0.0,0
7,uc606122.2,uc606122,2,0.9705813651970466,0.2193931022920578,LV,0.0,0
7,uc606123.2,uc606123,2,0.9843464198131784,0.2193931022920578,LV,0.0,0
7,uc622709.2,uc622709,2,0.9755913564375462,0.2193931022920578,LV,0.0,0
7,uc639277.2,uc639277,2,0.9697541487710719,0.2193931022920578,LV,0.0,0
7,uc1139390.2,uc1139390,2,0.9809504660568933,0.2193931022920578,LV,0.0,0
7,uc605864.2,uc605864,2,0.9706943087518328,0.2193931022920578,LV,0.0,0
7,uc605865.2,uc605865,2,0.9704598502923061,0.2193931022920578,LV,0.0,0
7,uc638617.2,uc638617,2,0.9693604075405028,0.2193931022920578,LV,0.0,0
7,uc605855.2,uc605855,2,0.9614785192788237,0.2193931022920578,LV,0.0,0
7,uc1638606.2,uc1638606,2,0.9825746499692123,0.2193931022920578,LV,0.0,0
7,uc1638954.2,uc1638954,2,0.9874984998992382,0.2193931022920578,LV,0.0,0
7,uc605836.2,uc605836,2,0.9291499335706978,0.2193931022920578,LV,0.020850066429302205,1
7,uc1607303.2,uc1607303,2,0.9760477421082777,0.2193931022920578,LV,0.0,0
7,uc637705.2,uc637705,2,0.9785101101917416,0.2193931022920578,LV,0.0,0
7,uc1637704.2,uc1637704,2,1.0011839065055408,0.2193931022920578,LV,0.0,0
7,uc637576.2,uc637576,2,0.9842909380496331,0.2193931022920578,LV,0.0,0
7,uc637918.2,uc637918,2,0.9825437801054536,0.2193931022920578,LV,0.0,0
7,uc637360.2,uc637360,2,0.978446026983087,0.2193931022920578,LV,0.0,0
7,uc637397.2,uc637397,2,0.9706256233960388,0.2193931022920578,LV,0.0,0
7,uc636933.2,uc636933,2,0.9757673060716909,0.2193931022920578,LV,0.0,0
7,uc605908.2,uc605908,2,0.9884452318512197,0.2193931022920578,LV,0.0,0
7,uc635963.2,uc635963,2,0.9827020035207079,0.2193931022920578,LV,0.0,0
7,uc635543.2,uc635543,2,0.9810284813035758,0.2193931022920578,LV,0.0,0
7,uc635966.2,uc635966,2,0.9807618632887681,0.2193931022920578,LV,0.0,0
7,uc627328.2,uc627328,2,0.9555493502641159,0.2193931022920578,LV,0.0,0
7,uc635550.2,uc635550,2,0.9844914970202772,0.2193931022920578,LV,0.0,0
7,uc635862.2,uc635862,2,0.9793998039961482,0.2193931022920578,LV,0.0,0
7,uc3435739.2,uc3435739,2,0.9672313678480697,0.2193931022920578,LV,0.0,0
7,uc634166.2,uc634166,2,0.9824297849758798,0.2193931022920578,LV,0.0,0
7,uc1633671.2,uc1633671,2,0.9870739642604894,0.2193931022920578,LV,0.0,0
7,uc633056.2,uc633056,2,0.9803054256972235,0.2193931022920578,LV,0.0,0
7,uc632607.2,uc632607,2,0.9272545940973002,0.2193931022920578,LV,0.0227454059026998,1
7,uc1632402.2,uc1632402,2,0.9711421483289815,0.2193931022920578,LV,0.0,0
7,uc1131858.2,uc1131858,2,0.9625874886445744,0.2193931022920578,LV,0.0,0
7,uc631391.2,uc631391,2,0.9715135201618148,0.2193931022920578,LV,0.0,0
7,uc1630759.2,uc1630759,2,0.9684746066373604,0.2193931022920578,LV,0.0,0
7,uc630758.2,uc630758,2,0.9731361548969554,0.2193931022920578,LV,0.0,0
7,uc630753.2,uc630753,2,0.969092662979136,0.2193931022920578,LV,0.0,0
7,uc628766.2,uc628766,2,0.9816884485491254,0.2193931022920578,LV,0.0,0
7,uc627346.2,uc627346,2,0.9844200382720294,0.2193931022920578,LV,0.0,0
7,uc1629422.2,uc1629422,2,0.9769848177794096,0.2193931022920578,LV,0.0,0
7,60651.3,60651,3,0.9895267417730994,13.336791218280357,MV,0.0,0
7,60721.3,60721,3,0.9894633067341434,13.336791218280357,MV,0.0,0
7,164151.3,164151,3,0.99011307333393,13.336791218280357,MV,0.0,0
7,302191.3,302191,3,0.9825521625947461,13.336791218280357,MV,0.0,0
7,320841.3,320841,3,0.9859985719584096,13.336791218280357,MV,0.0,0
7,337711.3,337711,3,0.9825985184033278,13.336791218280357,MV,0.0,0
7,358691.3,358691,3,0.9974425360389629,13.336791218280357,MV,0.0,0
7,et6_1177.3,et6_1177,3,0.9882699655167207,0.2193931022920578,LV,0.0,0
7,461501.3,461501,3,0.9898026984119013,13.336791218280357,MV,0.0,0
7,686891.3,686891,3,0.9879005677895752,13.336791218280357,MV,0.0,0
7,703601.3,703601,3,0.9903437113145995,13.336791218280357,MV,0.0,0
7,713791.3,713791,3,0.9873573533284482,13.336791218280357,MV,0.0,0
7,725731.3,725731,3,0.986429612531178,13.336791218280357,MV,0.0,0
7,809501.3,809501,3,0.9881970344244901,13.336791218280357,MV,0.0,0
7,811221.3,811221,3,0.9901768160683481,13.336791218280357,MV,0.0,0
7,815111.3,815111,3,0.9825653059348521,13.336791218280357,MV,0.0,0
7,822371.3,822371,3,0.986759655520566,13.336791218280357,MV,0.0,0
7,820611.3,820611,3,0.9889998878164319,13.336791218280357,MV,0.0,0
7,822641.3,822641,3,0.9869327730065993,13.336791218280357,MV,0.0,0
7,618431.3,618431,3,0.9895266287176446,13.336791218280357,MV,0.0,0
7,bt10401.3,bt10401,3,0.9897199969265145,0.2193931022920578,LV,0.0,0
7,bt197792.3,bt197792,3,0.9897199983309829,0.2193931022920578,LV,0.0,0
7,bt800551.3,bt800551,3,0.9897199981672369,0.2193931022920578,LV,0.0,0
7,bt295341.3,bt295341,3,0.989719999617429,0.2193931022920578,LV,0.0,0
7,bt800541.3,bt800541,3,0.989719999000102,0.2193931022920578,LV,0.0,0
7,bt295361.3,bt295361,3,0.9897200002723553,0.2193931022920578,LV,0.0,0
7,bt474991.3,bt474991,3,0.9897200007164101,0.2193931022920578,LV,0.0,0
7,uc627336.3,uc627336,3,0.984956846482707,0.2193931022920578,LV,0.0,0
7,uc1620373.3,uc1620373,3,0.982191201967978,0.2193931022920578,LV,0.0,0
7,uc1607302.3,uc1607302,3,0.9813449729912221,0.2193931022920578,LV,0.0,0
7,uc1607304.3,uc1607304,3,0.9812163081212797,0.2193931022920578,LV,0.0,0
7,uc1607298.3,uc1607298,3,0.9839534721271083,0.2193931022920578,LV,0.0,0
7,uc1607280.3,uc1607280,3,0.9767772375936085,0.2193931022920578,LV,0.0,0
7,uc1607285.3,uc1607285,3,0.980255369088997,0.2193931022920578,LV,0.0,0
7,uc1607279.3,uc1607279,3,0.9799205584571653,0.2193931022920578,LV,0.0,0
7,uc1607347.3,uc1607347,3,1.0002572401883842,0.2193931022920578,LV,0.0,0
7,uc1124340.3,uc1124340,3,0.9803556979343834,0.2193931022920578,LV,0.0,0
7,uc605816.3,uc605816,3,0.9780847141447451,0.2193931022920578,LV,0.0,0
7,uc605815.3,uc605815,3,0.9773048955230306,0.2193931022920578,LV,0.0,0
7,uc621171.3,uc621171,3,0.9801391981736136,0.2193931022920578,LV,0.0,0
7,uc607384.3,uc607384,3,0.9795861808245379,0.2193931022920578,LV,0.0,0
7,uc606117.3,uc606117,3,0.9851470679904979,0.2193931022920578,LV,0.0,0
7,uc606120.3,uc606120,3,0.9838985639170731,0.2193931022920578,LV,0.0,0
7,uc623007.3,uc623007,3,0.9873107391325979,0.2193931022920578,LV,0.0,0
7,uc605867.3,uc605867,3,0.9759163345244428,0.2193931022920578,LV,0.0,0
7,uc606150.3,uc606150,3,0.9932270925775921,0.2193931022920578,LV,0.0,0
7,uc606109.3,uc606109,3,0.9808733883783252,0.2193931022920578,LV,0.0,0
7,uc606110.3,uc606110,3,0.9790212808497079,0.2193931022920578,LV,0.0,0
7,uc606111.3,uc606111,3,0.984885566019149,0.2193931022920578,LV,0.0,0
7,uc622722.3,uc622722,3,0.9779964245400057,0.2193931022920578,LV,0.0,0
7,uc623004.3,uc623004,3,0.9767497288846447,0.2193931022920578,LV,0.0,0
7,uc606101.3,uc606101,3,0.984910573235102,0.2193931022920578,LV,0.0,0
7,uc606132.3,uc606132,3,0.9797861561610866,0.2193931022920578,LV,0.0,0
7,uc605910.3,uc605910,3,0.9839714742225955,0.2193931022920578,LV,0.0,0
7,uc605911.3,uc605911,3,0.9860765810118443,0.2193931022920578,LV,0.0,0
7,uc605904.3,uc605904,3,0.9851511590370314,0.2193931022920578,LV,0.0,0
7,uc1239552.3,uc1239552,3,0.9834605870983772,0.2193931022920578,LV,0.0,0
7,uc605821.3,uc605821,3,0.9771355564239411,0.2193931022920578,LV,0.0,0
7,uc639280.3,uc639280,3,0.9852039981559438,0.2193931022920578,LV,0.0,0
7,uc605898.3,uc605898,3,0.9854991462566285,0.2193931022920578,LV,0.0,0
7,uc605902.3,uc605902,3,0.9789579474026321,0.2193931022920578,LV,0.0,0
7,uc606126.3,uc606126,3,0.986946877922276,0.2193931022920578,LV,0.0,0
7,uc606127.3,uc606127,3,0.9810035133118225,0.2193931022920578,LV,0.0,0
7,uc606121.3,uc606121,3,0.9792786416028281,0.2193931022920578,LV,0.0,0
7,uc606122.3,uc606122,3,0.972045887969269,0.2193931022920578,LV,0.0,0
7,uc639277.3,uc639277,3,0.9774822731107071,0.2193931022920578,LV,0.0,0
7,uc1139390.3,uc1139390,3,0.983424448169452,0.2193931022920578,LV,0.0,0
7,uc637576.3,uc637576,3,0.985765150905438,0.2193931022920578,LV,0.0,0
7,uc637918.3,uc637918,3,0.9843938416854814,0.2193931022920578,LV,0.0,0
7,uc637360.3,uc637360,3,0.9799197161931388,0.2193931022920578,LV,0.0,0
7,uc637397.3,uc637397,3,0.973431776502943,0.2193931022920578,LV,0.0,0
7,uc635963.3,uc635963,3,0.9841798280307458,0.2193931022920578,LV,0.0,0
7,uc635543.3,uc635543,3,0.9825026140316296,0.2193931022920578,LV,0.0,0
7,uc635966.3,uc635966,3,0.9822359476237417,0.2193931022920578,LV,0.0,0
7,uc635550.3,uc635550,3,0.9859757745206904,0.2193931022920578,LV,0.0,0
7,uc635862.3,uc635862,3,0.9781289505313764,0.2193931022920578,LV,0.0,0
7,uc1633671.3,uc1633671,3,0.9872754510050604,0.2193931022920578,LV,0.0,0
7,uc632607.3,uc632607,3,0.930019650970669,0.2193931022920578,LV,0.01998034902933099,1
7,uc1629422.3,uc1629422,3,0.9846661496648766,0.2193931022920578,LV,0.0,0
8,60651.1,60651,1,0.9849645221742077,13.336791218280357,MV,0.0,0
8,60721.1,60721,1,0.9848638278757809,13.336791218280357,MV,0.0,0
8,164151.1,164151,1,0.9858915167892068,13.336791218280357,MV,0.0,0
8,302191.1,302191,1,0.9777633188766063,13.336791218280357,MV,0.0,0
8,320841.1,320841,1,0.9799439116589126,13.336791218280357,MV,0.0,0
8,337711.1,337711,1,0.9778383102272294,13.336791218280357,MV,0.0,0
8,358691.1,358691,1,0.9964044884367517,13.336791218280357,MV,0.0,0
8,et6_1177.1,et6_1177,1,0.9847701752316017,0.2193931022920578,LV,0.0,0
8,461501.1,461501,1,0.9860305665230265,13.336791218280357,MV,0.0,0
8,686891.1,686891,1,0.9826440508426557,13.336791218280357,MV,0.0,0
8,703601.1,703601,1,0.9862424557638102,13.336791218280357,MV,0.0,0
8,713791.1,713791,1,0.9819601064855178,13.336791218280357,MV,0.0,0
8,725731.1,725731,1,0.9806562986802492,13.336791218280357,MV,0.0,0
8,809501.1,809501,1,0.9831161786524271,13.336791218280357,MV,0.0,0
8,811221.1,811221,1,0.985987819426668,13.336791218280357,MV,0.0,0
8,815111.1,815111,1,0.9777799782700908,13.336791218280357,MV,0.0,0
8,822371.1,822371,1,0.9810950631884902,13.336791218280357,MV,0.0,0
8,820611.1,820611,1,0.9842192015207473,13.336791218280357,MV,0.0,0
8,822641.1,822641,1,0.9814138271273597,13.336791218280357,MV,0.0,0
8,618431.1,618431,1,0.9849644057149712,13.336791218280357,MV,0.0,0
8,bt10401.1,bt10401,1,0.9746614311999713,0.2193931022920578,LV,0.0,0
8,bt197792.1,bt197792,1,0.9734000133040153,0.2193931022920578,LV,0.0,0
8,bt800551.1,bt800551,1,0.9737198683413906,0.2193931022920578,LV,0.0,0
8,bt295341.1,bt295341,1,0.972543074438383,0.2193931022920578,LV,0.0,0
8,bt800541.1,bt800541,1,0.97306956282644,0.2193931022920578,LV,0.0,0
8,bt295361.1,bt295361,1,0.9720574162852501,0.2193931022920578,LV,0.0,0
8,bt474991.1,bt474991,1,0.9716749687424258,0.2193931022920578,LV,0.0,0
8,uc626695.1,uc626695,1,0.968461513748832,0.2193931022920578,LV,0.0,0
8,uc1627323.1,uc1627323,1,0.9739672509331603,0.2193931022920578,LV,0.0,0
8,uc1627342.1,uc1627342,1,0.9940508305863188,0.2193931022920578,LV,0.0,0
8,uc627343.1,uc627343,1,0.981455293371208,0.2193931022920578,LV,0.0,0
8,uc627344.1,uc627344,1,0.9859758097048408,0.2193931022920578,LV,0.0,0
8,uc1626672.1,uc1626672,1,0.0,0.1270170592217177,LV,0.95,1
8,uc1626490.1,uc1626490,1,0.991694645944854,0.2193931022920578,LV,0.0,0
8,uc3422706.1,uc3422706,1,0.9810854038625999,0.2193931022920578,LV,0.0,0
8,uc3425629.1,uc3425629,1,0.9812071392629474,0.2193931022920578,LV,0.0,0
8,uc3422597.1,uc3422597,1,0.9791427064231651,0.2193931022920578,LV,0.0,0
8,uc3405843.1,uc3405843,1,0.9770532179231235,0.2193931022920578,LV,0.0,0
8,uc3405844.1,uc3405844,1,0.9862164548946051,0.2193931022920578,LV,0.0,0
8,uc3405845.1,uc3405845,1,0.9856513957284107,0.2193931022920578,LV,0.0,0
8,uc3405846.1,uc3405846,1,0.9774421088483394,0.2193931022920578,LV,0.0,0
8,uc1626486.1,uc1626486,1,0.9932584864608434,0.2193931022920578,LV,0.0,0
8,uc1626487.1,uc1626487,1,0.9778450703162129,0.2193931022920578,LV,0.0,0
8,uc626481.1,uc626481,1,0.9791255134260608,0.2193931022920578,LV,0.0,0
8,uc626678.1,uc626678,1,0.9735494350439466,0.2193931022920578,LV,0.0,0
8,uc626698.1,uc626698,1,0.9845898495397314,0.2193931022920578,LV,0.0,0
8,uc626476.1,uc626476,1,0.9689127357362047,0.2193931022920578,LV,0.0,0
8,uc1627321.1,uc1627321,1,0.9934736790806592,0.2193931022920578,LV,0.0,0
8,uc1607319.1,uc1607319,1,0.9750814922296849,0.2193931022920578,LV,0.0,0
8,uc1607308.1,uc1607308,1,0.9766273736752957,0.2193931022920578,LV,0.0,0
8,uc1624026.1,uc1624026,1,0.0,0.1270170592217177,LV,0.95,1
8,uc1625170.1,uc1625170,1,0.9844506560202281,0.2193931022920578,LV,0.0,0
8,uc1621994.1,uc1621994,1,0.9924404719547892,0.2193931022920578,LV,0.0,0
8,uc1620360.1,uc1620360,1,0.9921715091158239,0.2193931022920578,LV,0.0,0
8,uc1620373.1,uc1620373,1,0.9781346738751697,0.2193931022920578,LV,0.0,0
8,uc1607302.1,uc1607302,1,0.9779228839392967,0.2193931022920578,LV,0.0,0
8,uc1607304.1,uc1607304,1,0.9752202359358622,0.2193931022920578,LV,0.0,0
8,uc1607305.1,uc1607305,1,0.9743075164129833,0.2193931022920578,LV,0.0,0
8,uc1607306.1,uc1607306,1,0.9755587979725304,0.2193931022920578,LV,0.0,0
8,uc1607297.1,uc1607297,1,0.9819029566007376,0.2193931022920578,LV,0.0,0
8,uc1607298.1,uc1607298,1,0.9797462913573146,0.2193931022920578,LV,0.0,0
8,uc1607289.1,uc1607289,1,0.9841121882880308,0.2193931022920578,LV,0.0,0
8,uc1607290.1,uc1607290,1,0.984278572972722,0.2193931022920578,LV,0.0,0
8,uc1607291.1,uc1607291,1,0.9821003933048255,0.2193931022920578,LV,0.0,0
8,uc1607280.1,uc1607280,1,0.9757993265620839,0.2193931022920578,LV,0.0,0
8,uc1607283.1,uc1607283,1,0.9694740417574246,0.2193931022920578,LV,0.0,0
8,uc1607285.1,uc1607285,1,0.9729711786736474,0.2193931022920578,LV,0.0,0
8,uc1607287.1,uc1607287,1,0.9751253149306374,0.2193931022920578,LV,0.0,0
8,uc1607288.1,uc1607288,1,0.9799520684128448,0.2193931022920578,LV,0.0,0
8,uc1607279.1,uc1607279,1,0.9779200826374508,0.2193931022920578,LV,0.0,0
8,uc1607357.1,uc1607357,1,0.9825707530454086,0.2193931022920578,LV,0.0,0
8,uc1607358.1,uc1607358,1,0.981507377164553,0.2193931022920578,LV,0.0,0
8,uc1607368.1,uc1607368,1,0.0,0.1270170592217177,LV,0.95,1
8,uc1607277.1,uc1607277,1,0.9959771634538223,0.2193931022920578,LV,0.0,0
8,uc1607278.1,uc1607278,1,0.9985217599878448,0.2193931022920578,LV,0.0,0
8,uc1607272.1,uc1607272,1,0.9872778521190568,0.2193931022920578,LV,0.0,0
8,uc1607273.1,uc1607273,1,0.9975092470064801,0.2193931022920578,LV,0.0,0
8,uc1607353.1,uc1607353,1,0.9831062697372002,0.2193931022920578,LV,0.0,0
8,uc1607347.1,uc1607347,1,1.005962057209179,0.2193931022920578,LV,0.0,0
8,uc1607349.1,uc1607349,1,0.9858675303389317,0.2193931022920578,LV,0.0,0
8,uc1107342.1,uc1107342,1,0.9733448476754906,0.2193931022920578,LV,0.0,0
8,uc1107340.1,uc1107340,1,0.9662257244455675,0.2193931022920578,LV,0.0,0
8,uc1105833.1,uc1105833,1,0.9780289406727593,0.2193931022920578,LV,0.0,0
8,uc1107330.1,uc1107330,1,0.9650361905584878,0.2193931022920578,LV,0.0,0
8,uc1607265.1,uc1607265,1,0.9690779783312888,0.2193931022920578,LV,0.0,0
8,uc1607268.1,uc1607268,1,0.991437724932682,0.2193931022920578,LV,0.0,0
8,uc1607252.1,uc1607252,1,0.9769021936303695,0.2193931022920578,LV,0.0,0
8,uc1605991.1,uc1605991,1,0.979553544304518,0.2193931022920578,LV,0.0,0
8,uc1605996.1,uc1605996,1,0.9880061054819927,0.2193931022920578,LV,0.0,0
8,uc1607257.1,uc1607257,1,0.9808952488228575,0.2193931022920578,LV,0.0,0
8,uc1607258.1,uc1607258,1,0.9769189921642336,0.2193931022920578,LV,0.0,0
8,uc1124340.1,uc1124340,1,0.9743771811706475,0.2193931022920578,LV,0.0,0
8,uc605816.1,uc605816,1,0.9814804625346982,0.2193931022920578,LV,0.0,0
8,uc605813.1,uc605813,1,0.9839562408816861,0.2193931022920578,LV,0.0,0
8,uc609684.1,uc609684,1,0.9868555034566732,0.2193931022920578,LV,0.0,0
8,uc609686.1,uc609686,1,0.9875859674157527,0.2193931022920578,LV,0.0,0
8,uc609688.1,uc609688,1,0.9805438811716125,0.2193931022920578,LV,0.0,0
8,uc621168.1,uc621168,1,0.9800740138094081,0.2193931022920578,LV,0.0,0
8,uc621171.1,uc621171,1,0.9767638244213223,0.2193931022920578,LV,0.0,0
8,uc605808.1,uc605808,1,0.9882069711502595,0.2193931022920578,LV,0.0,0
8,uc605809.1,uc605809,1,0.9733184878031274,0.2193931022920578,LV,0.0,0
8,uc605810.1,uc605810,1,0.9848253456219396,0.2193931022920578,LV,0.0,0
8,uc605970.1,uc605970,1,0.9799075817255875,0.2193931022920578,LV,0.0,0
8,uc605803.1,uc605803,1,0.9829346865162962,0.2193931022920578,LV,0.0,0
8,uc605804.1,uc605804,1,0.9850782835745685,0.2193931022920578,LV,0.0,0
8,uc605806.1,uc605806,1,0.9823473943518434,0.2193931022920578,LV,0.0,0
8,uc607384.1,uc607384,1,0.9768593039824272,0.2193931022920578,LV,0.0,0
8,uc607387.1,uc607387,1,0.9833862350369085,0.2193931022920578,LV,0.0,0
8,uc609682.1,uc609682,1,0.9708546908307397,0.2193931022920578,LV,0.0,0
8,uc624033.1,uc624033,1,0.9919599705100933,0.2193931022920578,LV,0.0,0
8,uc625156.1,uc625156,1,0.982990664219193,0.2193931022920578,LV,0.0,0
8,uc625624.1,uc625624,1,0.9733110809976255,0.2193931022920578,LV,0.0,0
8,uc625625.1,uc625625,1,0.9873283304638777,0.2193931022920578,LV,0.0,0
8,uc607366.1,uc607366,1,0.973251997002706,0.2193931022920578,LV,0.0,0
8,uc607367.1,uc607367,1,0.9845177975845493,0.2193931022920578,LV,0.0,0
8,uc606114.1,uc606114,1,0.9778637008319817,0.2193931022920578,LV,0.0,0
8,uc606117.1,uc606117,1,0.9801345419555726,0.2193931022920578,LV,0.0,0
8,uc606120.1,uc606120,1,0.9793347156643804,0.2193931022920578,LV,0.0,0
8,uc623015.1,uc623015,1,0.9722245918975805,0.2193931022920578,LV,0.0,0
8,uc623432.1,uc623432,1,0.9770081807115041,0.2193931022920578,LV,0.0,0
8,uc624028.1,uc624028,1,0.978531426436708,0.2193931022920578,LV,0.0,0
8,uc605873.1,uc605873,1,0.981972524671666,0.2193931022920578,LV,0.0,0
8,uc623007.1,uc623007,1,0.9841228488389416,0.2193931022920578,LV,0.0,0
8,uc606147.1,uc606147,1,1.002864703156597,0.2193931022920578,LV,0.0,0
8,uc606148.1,uc606148,1,0.9939501873417508,0.2193931022920578,LV,0.0,0
8,uc606150.1,uc606150,1,0.9933497044044823,0.2193931022920578,LV,0.0,0
8,uc606109.1,uc606109,1,0.977298171287422,0.2193931022920578,LV,0.0,0
8,uc606110.1,uc606110,1,0.9760484037833531,0.2193931022920578,LV,0.0,0
8,uc606111.1,uc606111,1,0.9799891324332057,0.2193931022920578,LV,0.0,0
8,uc622777.1,uc622777,1,0.9952886203403973,0.2193931022920578,LV,0.0,0
8,uc623004.1,uc623004,1,0.9764535716355625,0.2193931022920578,LV,0.0,0
8,uc606103.1,uc606103,1,0.9793979646900404,0.2193931022920578,LV,0.0,0
8,uc606139.1,uc606139,1,0.9897099020203475,0.2193931022920578,LV,0.0,0
8,uc606141.1,uc606141,1,0.9869446020315689,0.2193931022920578,LV,0.0,0
8,uc606143.1,uc606143,1,0.9940236492094398,0.2193931022920578,LV,0.0,0
8,uc605921.1,uc605921,1,0.9792135502925676,0.2193931022920578,LV,0.0,0
8,uc622713.1,uc622713,1,0.9822897242023527,0.2193931022920578,LV,0.0,0
8,uc622714.1,uc622714,1,0.9814663659745004,0.2193931022920578,LV,0.0,0
8,uc605993.1,uc605993,1,0.9816429797903437,0.2193931022920578,LV,0.0,0
8,uc606101.1,uc606101,1,0.9795189600149081,0.2193931022920578,LV,0.0,0
8,uc606102.1,uc606102,1,0.9790301405397578,0.2193931022920578,LV,0.0,0
8,uc622273.1,uc622273,1,0.9914027573805148,0.2193931022920578,LV,0.0,0
8,uc622703.1,uc622703,1,0.9685314175938545,0.2193931022920578,LV,0.0,0
8,uc605989.1,uc605989,1,0.9857625295343927,0.2193931022920578,LV,0.0,0
8,uc606130.1,uc606130,1,0.982645156482323,0.2193931022920578,LV,0.0,0
8,uc606132.1,uc606132,1,0.9770472142347562,0.2193931022920578,LV,0.0,0
8,uc605914.1,uc605914,1,1.0002249460527284,0.2193931022920578,LV,0.0,0
8,uc622257.1,uc622257,1,0.9836538893158994,0.2193931022920578,LV,0.0,0
8,uc605909.1,uc605909,1,0.9848181751384529,0.2193931022920578,LV,0.0,0
8,uc605910.1,uc605910,1,0.9802903469146628,0.2193931022920578,LV,0.0,0
8,uc605911.1,uc605911,1,0.981696257162691,0.2193931022920578,LV,0.0,0
8,uc606128.1,uc606128,1,0.9812516831627196,0.2193931022920578,LV,0.0,0
8,uc605823.1,uc605823,1,0.9716905705692549,0.2193931022920578,LV,0.0,0
8,uc605824.1,uc605824,1,0.9790189687071014,0.2193931022920578,LV,0.0,0
8,uc605904.1,uc605904,1,0.9818293299214466,0.2193931022920578,LV,0.0,0
8,uc621999.1,uc621999,1,0.9835279099596089,0.2193931022920578,LV,0.0,0
8,uc639553.1,uc639553,1,0.9771153861568729,0.2193931022920578,LV,0.0,0
8,uc1239552.1,uc1239552,1,0.978586688177075,0.2193931022920578,LV,0.0,0
8,uc605817.1,uc605817,1,0.9797978956536204,0.2193931022920578,LV,0.0,0
8,uc605819.1,uc605819,1,0.9791297084458491,0.2193931022920578,LV,0.0,0
8,uc605820.1,uc605820,1,0.9755672819410358,0.2193931022920578,LV,0.0,0
8,uc605821.1,uc605821,1,0.9730771655530671,0.2193931022920578,LV,0.0,0
8,uc639280.1,uc639280,1,0.9855694020091296,0.2193931022920578,LV,0.0,0
8,uc605898.1,uc605898,1,0.9830840017006405,0.2193931022920578,LV,0.0,0
8,uc605901.1,uc605901,1,0.9848731879871344,0.2193931022920578,LV,0.0,0
8,uc605902.1,uc605902,1,0.9779954722847212,0.2193931022920578,LV,0.0,0
8,uc605985.1,uc605985,1,0.976669626119978,0.2193931022920578,LV,0.0,0
8,uc606126.1,uc606126,1,0.9840301572963086,0.2193931022920578,LV,0.0,0
8,uc606127.1,uc606127,1,0.9778608739312292,0.2193931022920578,LV,0.0,0
8,uc605896.1,uc605896,1,0.9752041214177797,0.2193931022920578,LV,0.0,0
8,uc606121.1,uc606121,1,0.9767765984426545,0.2193931022920578,LV,0.0,0
8,uc606122.1,uc606122,1,0.9720105600544948,0.2193931022920578,LV,0.0,0
8,uc606123.1,uc606123,1,0.9855531211719354,0.2193931022920578,LV,0.0,0
8,uc606124.1,uc606124,1,0.9840405461579907,0.2193931022920578,LV,0.0,0
8,uc605825.1,uc605825,1,0.9738778982886168,0.2193931022920578,LV,0.0,0
8,uc623427.1,uc623427,1,0.9855531340257584,0.2193931022920578,LV,0.0,0
8,uc609687.1,uc609687,1,0.9883776578468952,0.2193931022920578,LV,0.0,0
8,uc639277.1,uc639277,1,0.9733110810034571,0.2193931022920578,LV,0.0,0
8,uc1139390.1,uc1139390,1,0.9785507283503122,0.2193931022920578,LV,0.0,0
8,uc605863.1,uc605863,1,0.9752732110846344,0.2193931022920578,LV,0.0,0
8,uc605865.1,uc605865,1,0.9758275034135215,0.2193931022920578,LV,0.0,0
8,uc1138614.1,uc1138614,1,0.9742474078544834,0.2193931022920578,LV,0.0,0
8,uc605855.1,uc605855,1,0.9736515086385601,0.2193931022920578,LV,0.0,0
8,uc605828.1,uc605828,1,0.9691400301520465,0.2193931022920578,LV,0.0,0
8,uc605829.1,uc605829,1,0.9782352009309634,0.2193931022920578,LV,0.0,0
8,uc605834.1,uc605834,1,0.9637984159653954,0.2193931022920578,LV,0.0,0
8,uc605835.1,uc605835,1,0.9639310316444304,0.2193931022920578,LV,0.0,0
8,uc605827.1,uc605827,1,0.9690249662225052,0.2193931022920578,LV,0.0,0
8,uc627337.1,uc627337,1,0.9795953278488916,0.2193931022920578,LV,0.0,0
8,uc637912.1,uc637912,1,0.9783847022264706,0.2193931022920578,LV,0.0,0
8,uc637576.1,uc637576,1,0.9857057058243136,0.2193931022920578,LV,0.0,0
8,uc637356.1,uc637356,1,0.9814949616097992,0.2193931022920578,LV,0.0,0
8,uc637918.1,uc637918,1,0.9858681968797418,0.2193931022920578,LV,0.0,0
8,uc637360.1,uc637360,1,0.976644941230677,0.2193931022920578,LV,0.0,0
8,uc637399.1,uc637399,1,0.9727792585715918,0.2193931022920578,LV,0.0,0
8,uc637397.1,uc637397,1,0.972276023174231,0.2193931022920578,LV,0.0,0
8,uc1137150.1,uc1137150,1,0.9779978856914441,0.2193931022920578,LV,0.0,0
8,uc1636598.1,uc1636598,1,0.0,0.1270170592217177,LV,0.95,1
8,uc636933.1,uc636933,1,0.9884303302734392,0.2193931022920578,LV,0.0,0
8,uc635963.1,uc635963,1,0.9794935494667683,0.2193931022920578,LV,0.0,0
8,uc635543.1,uc635543,1,0.9796394671393501,0.2193931022920578,LV,0.0,0
8,uc635966.1,uc635966,1,0.9792662004303779,0.2193931022920578,LV,0.0,0
8,uc635550.1,uc635550,1,0.9812105793723552,0.2193931022920578,LV,0.0,0
8,uc635862.1,uc635862,1,0.9803642041098202,0.2193931022920578,LV,0.0,0
8,uc1635694.1,uc1635694,1,0.999928829121203,0.2193931022920578,LV,0.0,0
8,uc3435739.1,uc3435739,1,0.9788867959780104,0.2193931022920578,LV,0.0,0
8,uc1635060.1,uc1635060,1,0.9879778242752841,0.2193931022920578,LV,0.0,0
8,uc1607271.1,uc1607271,1,0.9902758783197473,0.2193931022920578,LV,0.0,0
8,uc605884.1,uc605884,1,0.9804917738278737,0.2193931022920578,LV,0.0,0
8,uc1609690.1,uc1609690,1,0.9932424939568404,0.2193931022920578,LV,0.0,0
8,uc1134165.1,uc1134165,1,0.9664424086806106,0.2193931022920578,LV,0.0,0
8,uc634166.1,uc634166,1,0.9836883368751933,0.2193931022920578,LV,0.0,0
8,uc1633896.1,uc1633896,1,0.9900864440598175,0.2193931022920578,LV,0.0,0
8,uc3433894.1,uc3433894,1,0.9782346336438381,0.2193931022920578,LV,0.0,0
8,uc1633892.1,uc1633892,1,0.9941734363830038,0.2193931022920578,LV,0.0,0
8,uc633672.1,uc633672,1,0.9884387348608693,0.2193931022920578,LV,0.0,0
8,uc1633671.1,uc1633671,1,0.9889084644866696,0.2193931022920578,LV,0.0,0
8,uc1632306.1,uc1632306,1,0.9866677841410911,0.2193931022920578,LV,0.0,0
8,uc632607.1,uc632607,1,0.9431324717788231,0.2193931022920578,LV,0.006867528221176866,1
8,uc632613.1,uc632613,1,0.979336042686643,0.2193931022920578,LV,0.0,0
8,uc3432407.1,uc3432407,1,0.9790876368393262,0.2193931022920578,LV,0.0,0
8,uc1632402.1,uc1632402,1,0.970532835937559,0.2193931022920578,LV,0.0,0
8,uc1132019.1,uc1132019,1,0.9742499868169785,0.2193931022920578,LV,0.0,0
8,uc632016.1,uc632016,1,0.9844652505733743,0.2193931022920578,LV,0.0,0
8,uc1132015.1,uc1132015,1,0.9697722454273708,0.2193931022920578,LV,0.0,0
8,uc1132012.1,uc1132012,1,0.9803090792618216,0.2193931022920578,LV,0.0,0
8,uc631859.1,uc631859,1,0.9842597431209498,0.2193931022920578,LV,0.0,0
8,uc1631852.1,uc1631852,1,0.9819802788970446,0.2193931022920578,LV,0.0,0
8,uc1130761.1,uc1130761,1,0.9637188675213731,0.2193931022920578,LV,0.0,0
8,uc1630759.1,uc1630759,1,0.9688254955460837,0.2193931022920578,LV,0.0,0
8,uc630758.1,uc630758,1,0.9854090232599351,0.2193931022920578,LV,0.0,0
8,uc629428.1,uc629428,1,0.9851652898463258,0.2193931022920578,LV,0.0,0
8,uc1629639.1,uc1629639,1,0.9941517565126502,0.2193931022920578,LV,0.0,0
8,uc1229546.1,uc1229546,1,0.9752881275477367,0.2193931022920578,LV,0.0,0
8,uc628768.1,uc628768,1,0.9796785149326594,0.2193931022920578,LV,0.0,0
8,uc628757.1,uc628757,1,0.9933249125281767,0.2193931022920578,LV,0.0,0
8,uc628766.1,uc628766,1,0.982665307235111,0.2193931022920578,LV,0.0,0
8,uc628753.1,uc628753,1,0.993362256195299,0.2193931022920578,LV,0.0,0
8,uc627346.1,uc627346,1,0.9831245384137641,0.2193931022920578,LV,0.0,0
8,uc1628760.1,uc1628760,1,0.9947071864614617,0.2193931022920578,LV,0.0,0
8,uc1629422.1,uc1629422,1,0.9802743052761256,0.2193931022920578,LV,0.0,0
8,uc626699.1,uc626699,1,0.9850775575747832,0.2193931022920578,LV,0.0,0
8,60651.2,60651,2,0.9862301540242826,13.336791218280357,MV,0.0,0
8,60721.2,60721,2,0.9861294088749144,13.336791218280357,MV,0.0,0
8,164151.2,164151,2,0.9871576880110361,13.336791218280357,MV,0.0,0
8,302191.2,302191,2,0.9802048434204393,13.336791218280357,MV,0.0,0
8,320841.2,320841,2,0.9813640219943724,13.336791218280357,MV,0.0,0
8,337711.2,337711,2,0.9802799672661252,13.336791218280357,MV,0.0,0
8,358691.2,358691,2,0.9969219887634974,13.336791218280357,MV,0.0,0
8,et6_1177.2,et6_1177,2,0.9846328814504361,0.2193931022920578,LV,0.0,0
8,461501.2,461501,2,0.9875441293235859,13.336791218280357,MV,0.0,0
8,686891.2,686891,2,0.9840272622592537,13.336791218280357,MV,0.0,0
8,703601.2,703601,2,0.987501412549192,13.336791218280357,MV,0.0,0
8,713791.2,713791,2,0.983378463381994,13.336791218280357,MV,0.0,0
8,725731.2,725731,2,0.982076766178061,13.336791218280357,MV,0.0,0
8,809501.2,809501,2,0.9844932214725698,13.336791218280357,MV,0.0,0
8,811221.2,811221,2,0.9872528103678542,13.336791218280357,MV,0.0,0
8,815111.2,815111,2,0.9802214779350723,13.336791218280357,MV,0.0,0
8,822371.2,822371,2,0.982515862612933,13.336791218280357,MV,0.0,0
8,820611.2,820611,2,0.9855253707783692,13.336791218280357,MV,0.0,0
8,822641.2,822641,2,0.9828480693861679,13.336791218280357,MV,0.0,0
8,618431.2,618431,2,0.986230038038832,13.336791218280357,MV,0.0,0
8,bt10401.2,bt10401,2,0.967286317592534,0.2193931022920578,LV,0.0,0
8,bt197792.2,bt197792,2,0.9665911033544949,0.2193931022920578,LV,0.0,0
8,bt800551.2,bt800551,2,0.9665911033739576,0.2193931022920578,LV,0.0,0
8,bt295341.2,bt295341,2,0.9652874738733678,0.2193931022920578,LV,0.0,0
8,bt800541.2,bt800541,2,0.9659285414884108,0.2193931022920578,LV,0.0,0
8,bt295361.2,bt295361,2,0.96425541282733,0.2193931022920578,LV,0.0,0
8,bt474991.2,bt474991,2,0.9639235881568241,0.2193931022920578,LV,0.0,0
8,uc1627323.2,uc1627323,2,0.9622493475522549,0.2193931022920578,LV,0.0,0
8,uc3405987.2,uc3405987,2,0.974373124366178,0.2193931022920578,LV,0.0,0
8,uc3405846.2,uc3405846,2,0.9718779212139045,0.2193931022920578,LV,0.0,0
8,uc3405847.2,uc3405847,2,0.9757686631056003,0.2193931022920578,LV,0.0,0
8,uc3405838.2,uc3405838,2,0.9652172154473209,0.2193931022920578,LV,0.0,0
8,uc1607326.2,uc1607326,2,0.9712129772162508,0.2193931022920578,LV,0.0,0
8,uc1607316.2,uc1607316,2,0.9692440136507663,0.2193931022920578,LV,0.0,0
8,uc1607308.2,uc1607308,2,0.9735998513858937,0.2193931022920578,LV,0.0,0
8,uc1623434.2,uc1623434,2,0.0,0.1270170592217177,LV,0.95,1
8,uc1620373.2,uc1620373,2,0.9781837231410028,0.2193931022920578,LV,0.0,0
8,uc1607302.2,uc1607302,2,0.9779643850700097,0.2193931022920578,LV,0.0,0
8,uc1607304.2,uc1607304,2,0.9775834470346909,0.2193931022920578,LV,0.0,0
8,uc1607306.2,uc1607306,2,0.972532006598433,0.2193931022920578,LV,0.0,0
8,uc1607299.2,uc1607299,2,0.978798607271118,0.2193931022920578,LV,0.0,0
8,uc1607297.2,uc1607297,2,0.9790153013846505,0.2193931022920578,LV,0.0,0
8,uc1607298.2,uc1607298,2,0.9791428551493925,0.2193931022920578,LV,0.0,0
8,uc1607289.2,uc1607289,2,0.9828828708599547,0.2193931022920578,LV,0.0,0
8,uc1607291.2,uc1607291,2,0.9781540666001491,0.2193931022920578,LV,0.0,0
8,uc1607292.2,uc1607292,2,0.9771351116811337,0.2193931022920578,LV,0.0,0
8,uc1607280.2,uc1607280,2,0.9758107295801249,0.2193931022920578,LV,0.0,0
8,uc1607284.2,uc1607284,2,0.9761144559235962,0.2193931022920578,LV,0.0,0
8,uc1607285.2,uc1607285,2,0.9759015448589787,0.2193931022920578,LV,0.0,0
8,uc1607288.2,uc1607288,2,0.9763683032818333,0.2193931022920578,LV,0.0,0
8,uc1607279.2,uc1607279,2,0.9779320935310508,0.2193931022920578,LV,0.0,0
8,uc1607355.2,uc1607355,2,0.9796102482837549,0.2193931022920578,LV,0.0,0
8,uc1607357.2,uc1607357,2,0.9816537581591863,0.2193931022920578,LV,0.0,0
8,uc1607358.2,uc1607358,2,0.9774870969611837,0.2193931022920578,LV,0.0,0
8,uc1607368.2,uc1607368,2,0.0,0.1270170592217177,LV,0.95,1
8,uc1607276.2,uc1607276,2,0.9950545124128829,0.2193931022920578,LV,0.0,0
8,uc1607278.2,uc1607278,2,0.9949773381277933,0.2193931022920578,LV,0.0,0
8,uc1607273.2,uc1607273,2,0.991424882351147,0.2193931022920578,LV,0.0,0
8,uc1607328.2,uc1607328,2,0.9702926864005692,0.2193931022920578,LV,0.0,0
8,uc1607347.2,uc1607347,2,1.0060386846498826,0.2193931022920578,LV,0.0,0
8,uc1607350.2,uc1607350,2,0.9922921225220831,0.2193931022920578,LV,0.0,0
8,uc1107341.2,uc1107341,2,0.9675040732517776,0.2193931022920578,LV,0.0,0
8,uc1107333.2,uc1107333,2,0.970716328267364,0.2193931022920578,LV,0.0,0
8,uc1607268.2,uc1607268,2,0.9905441920681648,0.2193931022920578,LV,0.0,0
8,uc1607252.2,uc1607252,2,0.9706870814393694,0.2193931022920578,LV,0.0,0
8,uc1606000.2,uc1606000,2,0.9755946222442686,0.2193931022920578,LV,0.0,0
8,uc1607255.2,uc1607255,2,0.978779350664197,0.2193931022920578,LV,0.0,0
8,uc1607258.2,uc1607258,2,0.9707039895428299,0.2193931022920578,LV,0.0,0
8,uc1124041.2,uc1124041,2,0.9714581310474836,0.2193931022920578,LV,0.0,0
8,uc1124340.2,uc1124340,2,0.9750984786868311,0.2193931022920578,LV,0.0,0
8,uc1121173.2,uc1121173,2,0.9709024051375914,0.2193931022920578,LV,0.0,0
8,uc1107345.2,uc1107345,2,0.9750579114658219,0.2193931022920578,LV,0.0,0
8,uc605816.2,uc605816,2,0.9815693467528899,0.2193931022920578,LV,0.0,0
8,uc605812.2,uc605812,2,0.9639955285218769,0.2193931022920578,LV,0.0,0
8,uc605813.2,uc605813,2,0.9842494110816328,0.2193931022920578,LV,0.0,0
8,uc609685.2,uc609685,2,0.9849645035286371,0.2193931022920578,LV,0.0,0
8,uc609688.2,uc609688,2,0.9811830397023372,0.2193931022920578,LV,0.0,0
8,uc621168.2,uc621168,2,0.9756311210916603,0.2193931022920578,LV,0.0,0
8,uc621171.2,uc621171,2,0.9765482177793747,0.2193931022920578,LV,0.0,0
8,uc605810.2,uc605810,2,0.9825305149272938,0.2193931022920578,LV,0.0,0
8,uc605807.2,uc605807,2,0.9672433562905746,0.2193931022920578,LV,0.0,0
8,uc605801.2,uc605801,2,0.9797973543569175,0.2193931022920578,LV,0.0,0
8,uc607384.2,uc607384,2,0.9766550711523312,0.2193931022920578,LV,0.0,0
8,uc607385.2,uc607385,2,0.9731334071042903,0.2193931022920578,LV,0.0,0
8,uc609682.2,uc609682,2,0.9642573535439567,0.2193931022920578,LV,0.0,0
8,uc609683.2,uc609683,2,0.9820466317870655,0.2193931022920578,LV,0.0,0
8,uc607377.2,uc607377,2,0.985542132303271,0.2193931022920578,LV,0.0,0
8,uc607382.2,uc607382,2,0.9799476468539865,0.2193931022920578,LV,0.0,0
8,uc606117.2,uc606117,2,0.9799205483002972,0.2193931022920578,LV,0.0,0
8,uc606120.2,uc606120,2,0.9791203574041124,0.2193931022920578,LV,0.0,0
8,uc623433.2,uc623433,2,0.9668270136270746,0.2193931022920578,LV,0.0,0
8,uc623007.2,uc623007,2,0.9839857593695633,0.2193931022920578,LV,0.0,0
8,uc606147.2,uc606147,2,1.0075213329262904,0.2193931022920578,LV,0.0,0
8,uc606148.2,uc606148,2,0.9939769417527735,0.2193931022920578,LV,0.0,0
8,uc606150.2,uc606150,2,0.9932791001133349,0.2193931022920578,LV,0.0,0
8,uc606109.2,uc606109,2,0.9770827929142021,0.2193931022920578,LV,0.0,0
8,uc606110.2,uc606110,2,0.9758329881676931,0.2193931022920578,LV,0.0,0
8,uc606111.2,uc606111,2,0.9797750214809857,0.2193931022920578,LV,0.0,0
8,uc622720.2,uc622720,2,0.9762265302518004,0.2193931022920578,LV,0.0,0
8,uc623004.2,uc623004,2,0.974303729760592,0.2193931022920578,LV,0.0,0
8,uc606103.2,uc606103,2,0.9756293723350146,0.2193931022920578,LV,0.0,0
8,uc606139.2,uc606139,2,0.9863894753744765,0.2193931022920578,LV,0.0,0
8,uc606143.2,uc606143,2,0.9974674473811685,0.2193931022920578,LV,0.0,0
8,uc605921.2,uc605921,2,0.9774953618738138,0.2193931022920578,LV,0.0,0
8,uc605915.2,uc605915,2,0.9786983513966087,0.2193931022920578,LV,0.0,0
8,uc606101.2,uc606101,2,0.9804493239950688,0.2193931022920578,LV,0.0,0
8,uc622273.2,uc622273,2,0.9948493065756535,0.2193931022920578,LV,0.0,0
8,uc605990.2,uc605990,2,0.9652872537429241,0.2193931022920578,LV,0.0,0
8,uc606130.2,uc606130,2,0.9798290126235768,0.2193931022920578,LV,0.0,0
8,uc606132.2,uc606132,2,0.9768557260310162,0.2193931022920578,LV,0.0,0
8,uc622258.2,uc622258,2,0.9805901197339482,0.2193931022920578,LV,0.0,0
8,uc622270.2,uc622270,2,0.9897096716036128,0.2193931022920578,LV,0.0,0
8,uc605905.2,uc605905,2,0.9766608392214705,0.2193931022920578,LV,0.0,0
8,uc605909.2,uc605909,2,0.9834675556608327,0.2193931022920578,LV,0.0,0
8,uc605910.2,uc605910,2,0.9800695091077316,0.2193931022920578,LV,0.0,0
8,uc605911.2,uc605911,2,0.9814763089822816,0.2193931022920578,LV,0.0,0
8,uc606128.2,uc606128,2,0.9780105808567544,0.2193931022920578,LV,0.0,0
8,uc605904.2,uc605904,2,0.9768151632919033,0.2193931022920578,LV,0.0,0
8,uc1239552.2,uc1239552,2,0.9786368854998557,0.2193931022920578,LV,0.0,0
8,uc605817.2,uc605817,2,0.9784485830914371,0.2193931022920578,LV,0.0,0
8,uc605819.2,uc605819,2,0.9797688801823707,0.2193931022920578,LV,0.0,0
8,uc605820.2,uc605820,2,0.9643334360422051,0.2193931022920578,LV,0.0,0
8,uc605821.2,uc605821,2,0.9715117485724444,0.2193931022920578,LV,0.0,0
8,uc605822.2,uc605822,2,0.9640667887079573,0.2193931022920578,LV,0.0,0
8,uc639280.2,uc639280,2,0.9855450914449085,0.2193931022920578,LV,0.0,0
8,uc605898.2,uc605898,2,0.9851638880174431,0.2193931022920578,LV,0.0,0
8,uc605902.2,uc605902,2,0.9777785752226101,0.2193931022920578,LV,0.0,0
8,uc605982.2,uc605982,2,0.9670304006319715,0.2193931022920578,LV,0.0,0
8,uc605988.2,uc605988,2,0.9640987660785337,0.2193931022920578,LV,0.0,0
8,uc606126.2,uc606126,2,0.9838486134151859,0.2193931022920578,LV,0.0,0
8,uc606127.2,uc606127,2,0.9776743622221544,0.2193931022920578,LV,0.0,0
8,uc605896.2,uc605896,2,0.9682502619267792,0.2193931022920578,LV,0.0,0
8,uc606121.2,uc606121,2,0.9765592904799917,0.2193931022920578,LV,0.0,0
8,uc606122.2,uc606122,2,0.9717902317817545,0.2193931022920578,LV,0.0,0
8,uc606123.2,uc606123,2,0.9853715989142839,0.2193931022920578,LV,0.0,0
8,uc622709.2,uc622709,2,0.9762647695223731,0.2193931022920578,LV,0.0,0
8,uc639277.2,uc639277,2,0.9717455224267061,0.2193931022920578,LV,0.0,0
8,uc1139390.2,uc1139390,2,0.9786009238269984,0.2193931022920578,LV,0.0,0
8,uc605864.2,uc605864,2,0.9732347656154927,0.2193931022920578,LV,0.0,0
8,uc605865.2,uc605865,2,0.9736845739765553,0.2193931022920578,LV,0.0,0
8,uc638617.2,uc638617,2,0.972941775139837,0.2193931022920578,LV,0.0,0
8,uc605855.2,uc605855,2,0.9670571476299251,0.2193931022920578,LV,0.0,0
8,uc1638606.2,uc1638606,2,0.9886508222878703,0.2193931022920578,LV,0.0,0
8,uc1638954.2,uc1638954,2,0.9908655617399864,0.2193931022920578,LV,0.0,0
8,uc605836.2,uc605836,2,0.9457707586036144,0.2193931022920578,LV,0.004229241396385586,1
8,uc1607303.2,uc1607303,2,0.9767945156939118,0.2193931022920578,LV,0.0,0
8,uc637705.2,uc637705,2,0.9788367074551882,0.2193931022920578,LV,0.0,0
8,uc1637704.2,uc1637704,2,1.0013196942642881,0.2193931022920578,LV,0.0,0
8,uc637576.2,uc637576,2,0.9855240687553602,0.2193931022920578,LV,0.0,0
8,uc637918.2,uc637918,2,0.9858430447315379,0.2193931022920578,LV,0.0,0
8,uc637360.2,uc637360,2,0.9764289897851354,0.2193931022920578,LV,0.0,0
8,uc637397.2,uc637397,2,0.9723440091815947,0.2193931022920578,LV,0.0,0
8,uc636933.2,uc636933,2,0.9851057390838234,0.2193931022920578,LV,0.0,0
8,uc605908.2,uc605908,2,0.9852541359859104,0.2193931022920578,LV,0.0,0
8,uc635963.2,uc635963,2,0.9792793063579976,0.2193931022920578,LV,0.0,0
8,uc635543.2,uc635543,2,0.97942638523167,0.2193931022920578,LV,0.0,0
8,uc635966.2,uc635966,2,0.9790532476258764,0.2193931022920578,LV,0.0,0
8,uc627328.2,uc627328,2,0.9635545475405212,0.2193931022920578,LV,0.0,0
8,uc635550.2,uc635550,2,0.9810286056552803,0.2193931022920578,LV,0.0,0
8,uc635862.2,uc635862,2,0.9804466956126159,0.2193931022920578,LV,0.0,0
8,uc3435739.2,uc3435739,2,0.9754448522468547,0.2193931022920578,LV,0.0,0
8,uc634166.2,uc634166,2,0.981320483932204,0.2193931022920578,LV,0.0,0
8,uc1633671.2,uc1633671,2,0.9939888581248922,0.2193931022920578,LV,0.0,0
8,uc633056.2,uc633056,2,0.9818245481498366,0.2193931022920578,LV,0.0,0
8,uc632607.2,uc632607,2,0.9431573584987404,0.2193931022920578,LV,0.006842641501259572,1
8,uc1632402.2,uc1632402,2,0.9745225578007528,0.2193931022920578,LV,0.0,0
8,uc1131858.2,uc1131858,2,0.9676979747182622,0.2193931022920578,LV,0.0,0
8,uc631391.2,uc631391,2,0.9695437290543419,0.2193931022920578,LV,0.0,0
8,uc1630759.2,uc1630759,2,0.9727207111878664,0.2193931022920578,LV,0.0,0
8,uc630758.2,uc630758,2,0.9849857830979178,0.2193931022920578,LV,0.0,0
8,uc630753.2,uc630753,2,0.9712987955205306,0.2193931022920578,LV,0.0,0
8,uc628766.2,uc628766,2,0.9798492168354711,0.2193931022920578,LV,0.0,0
8,uc627346.2,uc627346,2,0.9817419632045546,0.2193931022920578,LV,0.0,0
8,uc1629422.2,uc1629422,2,0.9769052689187371,0.2193931022920578,LV,0.0,0
8,60651.3,60651,3,0.9858420239050847,13.336791218280357,MV,0.0,0
8,60721.3,60721,3,0.9857412847290546,13.336791218280357,MV,0.0,0
8,164151.3,164151,3,0.9867695323108331,13.336791218280357,MV,0.0,0
8,302191.3,302191,3,0.979419538838247,13.336791218280357,MV,0.0,0
8,320841.3,320841,3,0.9809469263648508,13.336791218280357,MV,0.0,0
8,337711.3,337711,3,0.9794946251777896,13.336791218280357,MV,0.0,0
8,358691.3,358691,3,0.9966088706651492,13.336791218280357,MV,0.0,0
8,et6_1177.3,et6_1177,3,0.986145036764733,0.2193931022920578,LV,0.0,0
8,461501.3,461501,3,0.9870457112455656,13.336791218280357,MV,0.0,0
8,686891.3,686891,3,0.9836198153090736,13.336791218280357,MV,0.0,0
8,703601.3,703601,3,0.9871140384222372,13.336791218280357,MV,0.0,0
8,713791.3,713791,3,0.9829635598099906,13.336791218280357,MV,0.0,0
8,725731.3,725731,3,0.9816596079598229,13.336791218280357,MV,0.0,0
8,809501.3,809501,3,0.984089752029743,13.336791218280357,MV,0.0,0
8,811221.3,811221,3,0.9868647865079999,13.336791218280357,MV,0.0,0
8,815111.3,815111,3,0.9794361811148391,13.336791218280357,MV,0.0,0
8,822371.3,822371,3,0.9820987223328405,13.336791218280357,MV,0.0,0
8,820611.3,820611,3,0.9851316061908972,13.336791218280357,MV,0.0,0
8,822641.3,822641,3,0.982425498355059,13.336791218280357,MV,0.0,0
8,618431.3,618431,3,0.985841907852051,13.336791218280357,MV,0.0,0
8,bt10401.3,bt10401,3,0.9869766124829941,0.2193931022920578,LV,0.0,0
8,bt197792.3,bt197792,3,0.9869766138004116,0.2193931022920578,LV,0.0,0
8,bt800551.3,bt800551,3,0.9869766136517224,0.2193931022920578,LV,0.0,0
8,bt295341.3,bt295341,3,0.9869766150693007,0.2193931022920578,LV,0.0,0
8,bt800541.3,bt800541,3,0.9869766144584368,0.2193931022920578,LV,0.0,0
8,bt295361.3,bt295361,3,0.9869766157299383,0.2193931022920578,LV,0.0,0
8,bt474991.3,bt474991,3,0.9869766161795577,0.2193931022920578,LV,0.0,0
8,uc627336.3,uc627336,3,0.9830454501011865,0.2193931022920578,LV,0.0,0
8,uc1620373.3,uc1620373,3,0.9798093136245049,0.2193931022920578,LV,0.0,0
8,uc1607302.3,uc1607302,3,0.9795405418012801,0.2193931022920578,LV,0.0,0
8,uc1607304.3,uc1607304,3,0.9792043202437605,0.2193931022920578,LV,0.0,0
8,uc1607298.3,uc1607298,3,0.9813536438708769,0.2193931022920578,LV,0.0,0
8,uc1607280.3,uc1607280,3,0.9772227471406932,0.2193931022920578,LV,0.0,0
8,uc1607285.3,uc1607285,3,0.9792176327451814,0.2193931022920578,LV,0.0,0
8,uc1607279.3,uc1607279,3,0.979345518305806,0.2193931022920578,LV,0.0,0
8,uc1607347.3,uc1607347,3,1.007647414111663,0.2193931022920578,LV,0.0,0
8,uc1124340.3,uc1124340,3,0.978719046942673,0.2193931022920578,LV,0.0,0
8,uc605816.3,uc605816,3,0.9833812663007504,0.2193931022920578,LV,0.0,0
8,uc605815.3,uc605815,3,0.9786315362346297,0.2193931022920578,LV,0.0,0
8,uc621171.3,uc621171,3,0.9774868289550449,0.2193931022920578,LV,0.0,0
8,uc607384.3,uc607384,3,0.9775997324387828,0.2193931022920578,LV,0.0,0
8,uc606117.3,uc606117,3,0.9808609560991539,0.2193931022920578,LV,0.0,0
8,uc606120.3,uc606120,3,0.9800603551246331,0.2193931022920578,LV,0.0,0
8,uc623007.3,uc623007,3,0.9854973556135431,0.2193931022920578,LV,0.0,0
8,uc605867.3,uc605867,3,0.9766934881479763,0.2193931022920578,LV,0.0,0
8,uc606150.3,uc606150,3,0.9935315276478128,0.2193931022920578,LV,0.0,0
8,uc606109.3,uc606109,3,0.9780217029467377,0.2193931022920578,LV,0.0,0
8,uc606110.3,uc606110,3,0.9767712932792536,0.2193931022920578,LV,0.0,0
8,uc606111.3,uc606111,3,0.9807153491020748,0.2193931022920578,LV,0.0,0
8,uc622722.3,uc622722,3,0.978707998058911,0.2193931022920578,LV,0.0,0
8,uc623004.3,uc623004,3,0.9793093650676146,0.2193931022920578,LV,0.0,0
8,uc606101.3,uc606101,3,0.9813793678956289,0.2193931022920578,LV,0.0,0
8,uc606132.3,uc606132,3,0.9778010161307609,0.2193931022920578,LV,0.0,0
8,uc605910.3,uc605910,3,0.9810032602433106,0.2193931022920578,LV,0.0,0
8,uc605911.3,uc605911,3,0.9824108280852033,0.2193931022920578,LV,0.0,0
8,uc605904.3,uc605904,3,0.9825131917375765,0.2193931022920578,LV,0.0,0
8,uc1239552.3,uc1239552,3,0.980262562232109,0.2193931022920578,LV,0.0,0
8,uc605821.3,uc605821,3,0.9766524645675331,0.2193931022920578,LV,0.0,0
8,uc639280.3,uc639280,3,0.9867640893263929,0.2193931022920578,LV,0.0,0
8,uc605898.3,uc605898,3,0.9834116987819356,0.2193931022920578,LV,0.0,0
8,uc605902.3,uc605902,3,0.9786493753967537,0.2193931022920578,LV,0.0,0
8,uc606126.3,uc606126,3,0.9847942215079235,0.2193931022920578,LV,0.0,0
8,uc606127.3,uc606127,3,0.9786200115407863,0.2193931022920578,LV,0.0,0
8,uc606121.3,uc606121,3,0.9774968985611571,0.2193931022920578,LV,0.0,0
8,uc606122.3,uc606122,3,0.9727243721660789,0.2193931022920578,LV,0.0,0
8,uc639277.3,uc639277,3,0.976886557784521,0.2193931022920578,LV,0.0,0
8,uc1139390.3,uc1139390,3,0.9802265408200367,0.2193931022920578,LV,0.0,0
8,uc637576.3,uc637576,3,0.9864643096368405,0.2193931022920578,LV,0.0,0
8,uc637918.3,uc637918,3,0.9870616634199163,0.2193931022920578,LV,0.0,0
8,uc637360.3,uc637360,3,0.9773674263878342,0.2193931022920578,LV,0.0,0
8,uc637397.3,uc637397,3,0.9741645453764723,0.2193931022920578,LV,0.0,0
8,uc635963.3,uc635963,3,0.9802193927157532,0.2193931022920578,LV,0.0,0
8,uc635543.3,uc635543,3,0.9803645223418784,0.2193931022920578,LV,0.0,0
8,uc635966.3,uc635966,3,0.9799913381257096,0.2193931022920578,LV,0.0,0
8,uc635550.3,uc635550,3,0.9819767334898742,0.2193931022920578,LV,0.0,0
8,uc635862.3,uc635862,3,0.9795063989434946,0.2193931022920578,LV,0.0,0
8,uc1633671.3,uc1633671,3,0.9941359562011394,0.2193931022920578,LV,0.0,0
8,uc632607.3,uc632607,3,0.9449652801481527,0.2193931022920578,LV,0.005034719851847225,1
8,uc1629422.3,uc1629422,3,0.9820508405902844,0.2193931022920578,LV,0.0,0
9,60651.1,60651,1,0.9853891798281453,13.336791218280357,MV,0.0,0
9,60721.1,60721,1,0.9852870009516728,13.336791218280357,MV,0.0,0
9,164151.1,164151,1,0.9863776801712721,13.336791218280357,MV,0.0,0
9,302191.1,302191,1,0.979987388936678,13.336791218280357,MV,0.0,0
9,320841.1,320841,1,0.9801144992436563,13.336791218280357,MV,0.0,0
9,337711.1,337711,1,0.9800500736427062,13.336791218280357,MV,0.0,0
9,358691.1,358691,1,0.9966078460929327,13.336791218280357,MV,0.0,0
9,et6_1177.1,et6_1177,1,0.9856675550190014,0.2193931022920578,LV,0.0,0
9,461501.1,461501,1,0.9868620069003234,13.336791218280357,MV,0.0,0
9,686891.1,686891,1,0.9831171101306797,13.336791218280357,MV,0.0,0
9,703601.1,703601,1,0.9867421863980362,13.336791218280357,MV,0.0,0
9,713791.1,713791,1,0.9823578465892274,13.336791218280357,MV,0.0,0
9,725731.1,725731,1,0.9809361233555458,13.336791218280357,MV,0.0,0
9,809501.1,809501,1,0.983559946455824,13.336791218280357,MV,0.0,0
9,811221.1,811221,1,0.9864985953466281,13.336791218280357,MV,0.0,0
9,815111.1,815111,1,0.9800252309266656,13.336791218280357,MV,0.0,0
9,822371.1,822371,1,0.9814091817334073,13.336791218280357,MV,0.0,0
9,820611.1,820611,1,0.9845853346895868,13.336791218280357,MV,0.0,0
9,822641.1,822641,1,0.9818164937398507,13.336791218280357,MV,0.0,0
9,618431.1,618431,1,0.9853884866876191,13.336791218280357,MV,0.0,0
9,bt10401.1,bt10401,1,0.9767715343487681,0.2193931022920578,LV,0.0,0
9,bt197792.1,bt197792,1,0.9757332442526065,0.2193931022920578,LV,0.0,0
9,bt800551.1,bt800551,1,0.9759657024193351,0.2193931022920578,LV,0.0,0
9,bt295341.1,bt295341,1,0.9748825353161238,0.2193931022920578,LV,0.0,0
9,bt800541.1,bt800541,1,0.9753772497024938,0.2193931022920578,LV,0.0,0
9,bt295361.1,bt295361,1,0.974426201996433,0.2193931022920578,LV,0.0,0
9,bt474991.1,bt474991,1,0.9740668468429083,0.2193931022920578,LV,0.0,0
9,uc626695.1,uc626695,1,0.971046453243988,0.2193931022920578,LV,0.0,0
9,uc1627323.1,uc1627323,1,0.9786432100126826,0.2193931022920578,LV,0.0,0
9,uc1627342.1,uc1627342,1,0.9960648807870751,0.2193931022920578,LV,0.0,0
9,uc627343.1,uc627343,1,0.9824628929198259,0.2193931022920578,LV,0.0,0
9,uc627344.1,uc627344,1,0.9875081286650149,0.2193931022920578,LV,0.0,0
9,uc1626672.1,uc1626672,1,0.0,0.1270170592217177,LV,0.95,1
9,uc1626490.1,uc1626490,1,0.9924243919835068,0.2193931022920578,LV,0.0,0
9,uc3422706.1,uc3422706,1,0.9837031878695562,0.2193931022920578,LV,0.0,0
9,uc3425629.1,uc3425629,1,0.9837916735232684,0.2193931022920578,LV,0.0,0
9,uc3422597.1,uc3422597,1,0.9850568573353883,0.2193931022920578,LV,0.0,0
9,uc3405843.1,uc3405843,1,0.9807340346235178,0.2193931022920578,LV,0.0,0
9,uc3405844.1,uc3405844,1,0.9961971919812876,0.2193931022920578,LV,0.0,0
9,uc3405845.1,uc3405845,1,0.9953470960595819,0.2193931022920578,LV,0.0,0
9,uc3405846.1,uc3405846,1,0.9810546614316059,0.2193931022920578,LV,0.0,0
9,uc1626486.1,uc1626486,1,0.9946900692528451,0.2193931022920578,LV,0.0,0
9,uc1626487.1,uc1626487,1,0.9803777830635398,0.2193931022920578,LV,0.0,0
9,uc626481.1,uc626481,1,0.9816203549098889,0.2193931022920578,LV,0.0,0
9,uc626678.1,uc626678,1,0.9782675670708272,0.2193931022920578,LV,0.0,0
9,uc626698.1,uc626698,1,0.9866177226139953,0.2193931022920578,LV,0.0,0
9,uc626476.1,uc626476,1,0.9750866509864536,0.2193931022920578,LV,0.0,0
9,uc1627321.1,uc1627321,1,0.9956454191386862,0.2193931022920578,LV,0.0,0
9,uc1607319.1,uc1607319,1,0.9771448523400329,0.2193931022920578,LV,0.0,0
9,uc1607308.1,uc1607308,1,0.9797185923213098,0.2193931022920578,LV,0.0,0
9,uc1624026.1,uc1624026,1,0.0,0.1270170592217177,LV,0.95,1
9,uc1625170.1,uc1625170,1,0.9857077789562435,0.2193931022920578,LV,0.0,0
9,uc1621994.1,uc1621994,1,0.9940499788002056,0.2193931022920578,LV,0.0,0
9,uc1620360.1,uc1620360,1,0.9931392029730763,0.2193931022920578,LV,0.0,0
9,uc1620373.1,uc1620373,1,0.9800532168368454,0.2193931022920578,LV,0.0,0
9,uc1607302.1,uc1607302,1,0.9800170797539125,0.2193931022920578,LV,0.0,0
9,uc1607304.1,uc1607304,1,0.977960326723177,0.2193931022920578,LV,0.0,0
9,uc1607305.1,uc1607305,1,0.9772969057486363,0.2193931022920578,LV,0.0,0
9,uc1607306.1,uc1607306,1,0.9789414737223556,0.2193931022920578,LV,0.0,0
9,uc1607297.1,uc1607297,1,0.9836923953872461,0.2193931022920578,LV,0.0,0
9,uc1607298.1,uc1607298,1,0.9813648267511966,0.2193931022920578,LV,0.0,0
9,uc1607289.1,uc1607289,1,0.9856678902829629,0.2193931022920578,LV,0.0,0
9,uc1607290.1,uc1607290,1,0.9857888521035855,0.2193931022920578,LV,0.0,0
9,uc1607291.1,uc1607291,1,0.98383595714572,0.2193931022920578,LV,0.0,0
9,uc1607280.1,uc1607280,1,0.9787710070576192,0.2193931022920578,LV,0.0,0
9,uc1607283.1,uc1607283,1,0.9740261785190416,0.2193931022920578,LV,0.0,0
9,uc1607285.1,uc1607285,1,0.9765693251228266,0.2193931022920578,LV,0.0,0
9,uc1607287.1,uc1607287,1,0.9792074435787963,0.2193931022920578,LV,0.0,0
9,uc1607288.1,uc1607288,1,0.9816007091713738,0.2193931022920578,LV,0.0,0
9,uc1607279.1,uc1607279,1,0.980313212601178,0.2193931022920578,LV,0.0,0
9,uc1607357.1,uc1607357,1,0.9844132834465068,0.2193931022920578,LV,0.0,0
9,uc1607358.1,uc1607358,1,0.9836882637914365,0.2193931022920578,LV,0.0,0
9,uc1607368.1,uc1607368,1,0.0,0.1270170592217177,LV,0.95,1
9,uc1607277.1,uc1607277,1,0.9964499540328218,0.2193931022920578,LV,0.0,0
9,uc1607278.1,uc1607278,1,0.9993166810131519,0.2193931022920578,LV,0.0,0
9,uc1607272.1,uc1607272,1,0.9944028457284111,0.2193931022920578,LV,0.0,0
9,uc1607273.1,uc1607273,1,0.9979620712035651,0.2193931022920578,LV,0.0,0
9,uc1607353.1,uc1607353,1,0.9852215569713413,0.2193931022920578,LV,0.0,0
9,uc1607347.1,uc1607347,1,1.0273092116680205,0.2193931022920578,LV,0.0,0
9,uc1607349.1,uc1607349,1,0.9894193129285592,0.2193931022920578,LV,0.0,0
9,uc1107342.1,uc1107342,1,0.976722678478956,0.2193931022920578,LV,0.0,0
9,uc1107340.1,uc1107340,1,0.9722480768989721,0.2193931022920578,LV,0.0,0
9,uc1105833.1,uc1105833,1,0.9807340746062908,0.2193931022920578,LV,0.0,0
9,uc1107330.1,uc1107330,1,0.9713834582612652,0.2193931022920578,LV,0.0,0
9,uc1607265.1,uc1607265,1,0.9750080295690026,0.2193931022920578,LV,0.0,0
9,uc1607268.1,uc1607268,1,0.9929880503774894,0.2193931022920578,LV,0.0,0
9,uc1607252.1,uc1607252,1,0.9802665300398594,0.2193931022920578,LV,0.0,0
9,uc1605991.1,uc1605991,1,0.9819636086654966,0.2193931022920578,LV,0.0,0
9,uc1605996.1,uc1605996,1,0.994932203907823,0.2193931022920578,LV,0.0,0
9,uc1607257.1,uc1607257,1,0.9833043935161757,0.2193931022920578,LV,0.0,0
9,uc1607258.1,uc1607258,1,0.9802787511372458,0.2193931022920578,LV,0.0,0
9,uc1124340.1,uc1124340,1,0.9774732655404437,0.2193931022920578,LV,0.0,0
9,uc605816.1,uc605816,1,0.9932803669338565,0.2193931022920578,LV,0.0,0
9,uc605813.1,uc605813,1,0.9850756890917362,0.2193931022920578,LV,0.0,0
9,uc609684.1,uc609684,1,0.9881401937142721,0.2193931022920578,LV,0.0,0
9,uc609686.1,uc609686,1,0.9886712358273676,0.2193931022920578,LV,0.0,0
9,uc609688.1,uc609688,1,0.9869750786748407,0.2193931022920578,LV,0.0,0
9,uc621168.1,uc621168,1,0.9816303683241762,0.2193931022920578,LV,0.0,0
9,uc621171.1,uc621171,1,0.9777616522309667,0.2193931022920578,LV,0.0,0
9,uc605808.1,uc605808,1,0.9891130820943845,0.2193931022920578,LV,0.0,0
9,uc605809.1,uc605809,1,0.9756740048045438,0.2193931022920578,LV,0.0,0
9,uc605810.1,uc605810,1,0.986686222903992,0.2193931022920578,LV,0.0,0
9,uc605970.1,uc605970,1,0.9823854880947377,0.2193931022920578,LV,0.0,0
9,uc605803.1,uc605803,1,0.9851667265913008,0.2193931022920578,LV,0.0,0
9,uc605804.1,uc605804,1,0.9868639523098302,0.2193931022920578,LV,0.0,0
9,uc605806.1,uc605806,1,0.9838374084349335,0.2193931022920578,LV,0.0,0
9,uc607384.1,uc607384,1,0.9782250740448287,0.2193931022920578,LV,0.0,0
9,uc607387.1,uc607387,1,0.9846613279389819,0.2193931022920578,LV,0.0,0
9,uc609682.1,uc609682,1,0.9763240315312903,0.2193931022920578,LV,0.0,0
9,uc624033.1,uc624033,1,0.9927186083826423,0.2193931022920578,LV,0.0,0
9,uc625156.1,uc625156,1,0.9852074144611433,0.2193931022920578,LV,0.0,0
9,uc625624.1,uc625624,1,0.9768688674168092,0.2193931022920578,LV,0.0,0
9,uc625625.1,uc625625,1,0.9884839222644377,0.2193931022920578,LV,0.0,0
9,uc607366.1,uc607366,1,0.9756256905278756,0.2193931022920578,LV,0.0,0
9,uc607367.1,uc607367,1,0.9864564240414345,0.2193931022920578,LV,0.0,0
9,uc606114.1,uc606114,1,0.979639136162567,0.2193931022920578,LV,0.0,0
9,uc606117.1,uc606117,1,0.9802135895903663,0.2193931022920578,LV,0.0,0
9,uc606120.1,uc606120,1,0.9796610820196218,0.2193931022920578,LV,0.0,0
9,uc623015.1,uc623015,1,0.9745833173351985,0.2193931022920578,LV,0.0,0
9,uc623432.1,uc623432,1,0.9807286557105518,0.2193931022920578,LV,0.0,0
9,uc624028.1,uc624028,1,0.9813890558301692,0.2193931022920578,LV,0.0,0
9,uc605873.1,uc605873,1,0.9843229024160398,0.2193931022920578,LV,0.0,0
9,uc623007.1,uc623007,1,0.9851970473168463,0.2193931022920578,LV,0.0,0
9,uc606147.1,uc606147,1,1.0193050143061853,0.2193931022920578,LV,0.0,0
9,uc606148.1,uc606148,1,0.9944758668392465,0.2193931022920578,LV,0.0,0
9,uc606150.1,uc606150,1,0.9940865666493276,0.2193931022920578,LV,0.0,0
9,uc606109.1,uc606109,1,0.9781800155637136,0.2193931022920578,LV,0.0,0
9,uc606110.1,uc606110,1,0.9772714534206787,0.2193931022920578,LV,0.0,0
9,uc606111.1,uc606111,1,0.9801284478980524,0.2193931022920578,LV,0.0,0
9,uc622777.1,uc622777,1,0.9955782304542767,0.2193931022920578,LV,0.0,0
9,uc623004.1,uc623004,1,0.9841917421008984,0.2193931022920578,LV,0.0,0
9,uc606103.1,uc606103,1,0.9813054412513693,0.2193931022920578,LV,0.0,0
9,uc606139.1,uc606139,1,0.9956956406026036,0.2193931022920578,LV,0.0,0
9,uc606141.1,uc606141,1,0.9958163783159704,0.2193931022920578,LV,0.0,0
9,uc606143.1,uc606143,1,1.001436702902644,0.2193931022920578,LV,0.0,0
9,uc605921.1,uc605921,1,0.9816932074679333,0.2193931022920578,LV,0.0,0
9,uc622713.1,uc622713,1,0.9832568076347861,0.2193931022920578,LV,0.0,0
9,uc622714.1,uc622714,1,0.9849782032306199,0.2193931022920578,LV,0.0,0
9,uc605993.1,uc605993,1,0.9831707813952529,0.2193931022920578,LV,0.0,0
9,uc606101.1,uc606101,1,0.9800005124758352,0.2193931022920578,LV,0.0,0
9,uc606102.1,uc606102,1,0.9793343239514715,0.2193931022920578,LV,0.0,0
9,uc622273.1,uc622273,1,0.9990585038496498,0.2193931022920578,LV,0.0,0
9,uc622703.1,uc622703,1,0.9711121207104472,0.2193931022920578,LV,0.0,0
9,uc605989.1,uc605989,1,0.9873359162901718,0.2193931022920578,LV,0.0,0
9,uc606130.1,uc606130,1,0.9830969028302162,0.2193931022920578,LV,0.0,0
9,uc606132.1,uc606132,1,0.9784686380600108,0.2193931022920578,LV,0.0,0
9,uc605914.1,uc605914,1,1.0002099523189447,0.2193931022920578,LV,0.0,0
9,uc622257.1,uc622257,1,0.9840600607361997,0.2193931022920578,LV,0.0,0
9,uc605909.1,uc605909,1,0.9851695317829002,0.2193931022920578,LV,0.0,0
9,uc605910.1,uc605910,1,0.9809655007894236,0.2193931022920578,LV,0.0,0
9,uc605911.1,uc605911,1,0.98197959216968,0.2193931022920578,LV,0.0,0
9,uc606128.1,uc606128,1,0.9822690974265269,0.2193931022920578,LV,0.0,0
9,uc605823.1,uc605823,1,0.9756906362420993,0.2193931022920578,LV,0.0,0
9,uc605824.1,uc605824,1,0.9815601259816613,0.2193931022920578,LV,0.0,0
9,uc605904.1,uc605904,1,0.9825332739295193,0.2193931022920578,LV,0.0,0
9,uc621999.1,uc621999,1,0.9857360177126414,0.2193931022920578,LV,0.0,0
9,uc639553.1,uc639553,1,0.9780423922764803,0.2193931022920578,LV,0.0,0
9,uc1239552.1,uc1239552,1,0.9802273586046591,0.2193931022920578,LV,0.0,0
9,uc605817.1,uc605817,1,0.9821455022737733,0.2193931022920578,LV,0.0,0
9,uc605819.1,uc605819,1,0.9843914022269213,0.2193931022920578,LV,0.0,0
9,uc605820.1,uc605820,1,0.9790631164022859,0.2193931022920578,LV,0.0,0
9,uc605821.1,uc605821,1,0.9766988354597789,0.2193931022920578,LV,0.0,0
9,uc639280.1,uc639280,1,0.9917213540243557,0.2193931022920578,LV,0.0,0
9,uc605898.1,uc605898,1,0.9838342475707295,0.2193931022920578,LV,0.0,0
9,uc605901.1,uc605901,1,0.9858981797294193,0.2193931022920578,LV,0.0,0
9,uc605902.1,uc605902,1,0.9799249608235361,0.2193931022920578,LV,0.0,0
9,uc605985.1,uc605985,1,0.9807901744765872,0.2193931022920578,LV,0.0,0
9,uc606126.1,uc606126,1,0.98729557276899,0.2193931022920578,LV,0.0,0
9,uc606127.1,uc606127,1,0.9790567237930147,0.2193931022920578,LV,0.0,0
9,uc605896.1,uc605896,1,0.9772142830653134,0.2193931022920578,LV,0.0,0
9,uc606121.1,uc606121,1,0.9781821295894173,0.2193931022920578,LV,0.0,0
9,uc606122.1,uc606122,1,0.9747888084686015,0.2193931022920578,LV,0.0,0
9,uc606123.1,uc606123,1,0.992274430710549,0.2193931022920578,LV,0.0,0
9,uc606124.1,uc606124,1,0.9846190171030362,0.2193931022920578,LV,0.0,0
9,uc605825.1,uc605825,1,0.9777839919837659,0.2193931022920578,LV,0.0,0
9,uc623427.1,uc623427,1,0.9922744436520264,0.2193931022920578,LV,0.0,0
9,uc609687.1,uc609687,1,0.9892371111195553,0.2193931022920578,LV,0.0,0
9,uc639277.1,uc639277,1,0.9768688674228416,0.2193931022920578,LV,0.0,0
9,uc1139390.1,uc1139390,1,0.9801913384886805,0.2193931022920578,LV,0.0,0
9,uc605863.1,uc605863,1,0.980830678414788,0.2193931022920578,LV,0.0,0
9,uc605865.1,uc605865,1,0.9812338444212493,0.2193931022920578,LV,0.0,0
9,uc1138614.1,uc1138614,1,0.9779006254154345,0.2193931022920578,LV,0.0,0
9,uc605855.1,uc605855,1,0.978358515803105,0.2193931022920578,LV,0.0,0
9,uc605828.1,uc605828,1,0.974954576186957,0.2193931022920578,LV,0.0,0
9,uc605829.1,uc605829,1,0.9815807135353811,0.2193931022920578,LV,0.0,0
9,uc605834.1,uc605834,1,0.9710223149770251,0.2193931022920578,LV,0.0,0
9,uc605835.1,uc605835,1,0.9711186735012979,0.2193931022920578,LV,0.0,0
9,uc605827.1,uc605827,1,0.9748709571437993,0.2193931022920578,LV,0.0,0
9,uc627337.1,uc627337,1,0.9828733655343931,0.2193931022920578,LV,0.0,0
9,uc637912.1,uc637912,1,0.9816893527886488,0.2193931022920578,LV,0.0,0
9,uc637576.1,uc637576,1,0.9927146734673863,0.2193931022920578,LV,0.0,0
9,uc637356.1,uc637356,1,0.9836310966066184,0.2193931022920578,LV,0.0,0
9,uc637918.1,uc637918,1,0.9934033989683971,0.2193931022920578,LV,0.0,0
9,uc637360.1,uc637360,1,0.9777004456739649,0.2193931022920578,LV,0.0,0
9,uc637399.1,uc637399,1,0.9751663156891692,0.2193931022920578,LV,0.0,0
9,uc637397.1,uc637397,1,0.9761302446290822,0.2193931022920578,LV,0.0,0
9,uc1137150.1,uc1137150,1,0.9812375485659899,0.2193931022920578,LV,0.0,0
9,uc1636598.1,uc1636598,1,0.0,0.1270170592217177,LV,0.95,1
9,uc636933.1,uc636933,1,0.9939867884555857,0.2193931022920578,LV,0.0,0
9,uc635963.1,uc635963,1,0.9797568752698038,0.2193931022920578,LV,0.0,0
9,uc635543.1,uc635543,1,0.9820709782102657,0.2193931022920578,LV,0.0,0
9,uc635966.1,uc635966,1,0.9814631797485347,0.2193931022920578,LV,0.0,0
9,uc635550.1,uc635550,1,0.981498392262233,0.2193931022920578,LV,0.0,0
9,uc635862.1,uc635862,1,0.9857910982521116,0.2193931022920578,LV,0.0,0
9,uc1635694.1,uc1635694,1,1.000302424660233,0.2193931022920578,LV,0.0,0
9,uc3435739.1,uc3435739,1,0.9861803504654851,0.2193931022920578,LV,0.0,0
9,uc1635060.1,uc1635060,1,0.9904719532897351,0.2193931022920578,LV,0.0,0
9,uc1607271.1,uc1607271,1,0.9921431524197168,0.2193931022920578,LV,0.0,0
9,uc605884.1,uc605884,1,0.9826145089921152,0.2193931022920578,LV,0.0,0
9,uc1609690.1,uc1609690,1,0.99439029095782,0.2193931022920578,LV,0.0,0
9,uc1134165.1,uc1134165,1,0.9724055547556226,0.2193931022920578,LV,0.0,0
9,uc634166.1,uc634166,1,0.9847082008722471,0.2193931022920578,LV,0.0,0
9,uc1633896.1,uc1633896,1,0.9920053674225424,0.2193931022920578,LV,0.0,0
9,uc3433894.1,uc3433894,1,0.9816234862361177,0.2193931022920578,LV,0.0,0
9,uc1633892.1,uc1633892,1,0.9961540478355174,0.2193931022920578,LV,0.0,0
9,uc633672.1,uc633672,1,0.9892815111729029,0.2193931022920578,LV,0.0,0
9,uc1633671.1,uc1633671,1,0.9984099095312263,0.2193931022920578,LV,0.0,0
9,uc1632306.1,uc1632306,1,0.9873606982353778,0.2193931022920578,LV,0.0,0
9,uc632607.1,uc632607,1,0.9549565791642861,0.2193931022920578,LV,0.0,0
9,uc632613.1,uc632613,1,0.9834282225047576,0.2193931022920578,LV,0.0,0
9,uc3432407.1,uc3432407,1,0.9850168297029266,0.2193931022920578,LV,0.0,0
9,uc1632402.1,uc1632402,1,0.9760653570134583,0.2193931022920578,LV,0.0,0
9,uc1132019.1,uc1132019,1,0.9779024999059563,0.2193931022920578,LV,0.0,0
9,uc632016.1,uc632016,1,0.9864182291722476,0.2193931022920578,LV,0.0,0
9,uc1132015.1,uc1132015,1,0.9748283201422042,0.2193931022920578,LV,0.0,0
9,uc1132012.1,uc1132012,1,0.9823166334343648,0.2193931022920578,LV,0.0,0
9,uc631859.1,uc631859,1,0.9862688539773103,0.2193931022920578,LV,0.0,0
9,uc1631852.1,uc1631852,1,0.9839841637118418,0.2193931022920578,LV,0.0,0
9,uc1130761.1,uc1130761,1,0.9708596048085678,0.2193931022920578,LV,0.0,0
9,uc1630759.1,uc1630759,1,0.9748236998041215,0.2193931022920578,LV,0.0,0
9,uc630758.1,uc630758,1,0.9946587953753034,0.2193931022920578,LV,0.0,0
9,uc629428.1,uc629428,1,0.9867885889579894,0.2193931022920578,LV,0.0,0
9,uc1629639.1,uc1629639,1,0.9950713138202355,0.2193931022920578,LV,0.0,0
9,uc1229546.1,uc1229546,1,0.9790927135775489,0.2193931022920578,LV,0.0,0
9,uc628768.1,uc628768,1,0.9826378890898845,0.2193931022920578,LV,0.0,0
9,uc628757.1,uc628757,1,0.9939379816857689,0.2193931022920578,LV,0.0,0
9,uc628766.1,uc628766,1,0.983111555262368,0.2193931022920578,LV,0.0,0
9,uc628753.1,uc628753,1,0.9936366927561388,0.2193931022920578,LV,0.0,0
9,uc627346.1,uc627346,1,0.9835454376065215,0.2193931022920578,LV,0.0,0
9,uc1628760.1,uc1628760,1,0.9957429120656082,0.2193931022920578,LV,0.0,0
9,uc1629422.1,uc1629422,1,0.9818350736198808,0.2193931022920578,LV,0.0,0
9,uc626699.1,uc626699,1,0.9850946053280509,0.2193931022920578,LV,0.0,0
9,60651.2,60651,2,0.9861845575827647,13.336791218280357,MV,0.0,0
9,60721.2,60721,2,0.9860823362609286,13.336791218280357,MV,0.0,0
9,164151.2,164151,2,0.9871735388328167,13.336791218280357,MV,0.0,0
9,302191.2,302191,2,0.9817125249828004,13.336791218280357,MV,0.0,0
9,320841.2,320841,2,0.9809516557151102,13.336791218280357,MV,0.0,0
9,337711.2,337711,2,0.981775330472799,13.336791218280357,MV,0.0,0
9,358691.2,358691,2,0.9968942195890255,13.336791218280357,MV,0.0,0
9,et6_1177.2,et6_1177,2,0.985753483855473,0.2193931022920578,LV,0.0,0
9,461501.2,461501,2,0.9878685878432034,13.336791218280357,MV,0.0,0
9,686891.2,686891,2,0.9839255757426475,13.336791218280357,MV,0.0,0
9,703601.2,703601,2,0.9875377843151931,13.336791218280357,MV,0.0,0
9,713791.2,713791,2,0.9831940596379509,13.336791218280357,MV,0.0,0
9,725731.2,725731,2,0.9817735528711194,13.336791218280357,MV,0.0,0
9,809501.2,809501,2,0.9843637969676672,13.336791218280357,MV,0.0,0
9,811221.2,811221,2,0.9872944130067346,13.336791218280357,MV,0.0,0
9,815111.2,815111,2,0.981750342779505,13.336791218280357,MV,0.0,0
9,822371.2,822371,2,0.9822469104090727,13.336791218280357,MV,0.0,0
9,820611.2,820611,2,0.985385839092806,13.336791218280357,MV,0.0,0
9,822641.2,822641,2,0.9826653309917552,13.336791218280357,MV,0.0,0
9,618431.2,618431,2,0.9861838648831015,13.336791218280357,MV,0.0,0
9,bt10401.2,bt10401,2,0.9728902910779138,0.2193931022920578,LV,0.0,0
9,bt197792.2,bt197792,2,0.9723844276003875,0.2193931022920578,LV,0.0,0
9,bt800551.2,bt800551,2,0.9723844276204915,0.2193931022920578,LV,0.0,0
9,bt295341.2,bt295341,2,0.9714358434329539,0.2193931022920578,LV,0.0,0
9,bt800541.2,bt800541,2,0.9719023178829961,0.2193931022920578,LV,0.0,0
9,bt295361.2,bt295361,2,0.9706855265878993,0.2193931022920578,LV,0.0,0
9,bt474991.2,bt474991,2,0.9704442864110355,0.2193931022920578,LV,0.0,0
9,uc1627323.2,uc1627323,2,0.9700744351740141,0.2193931022920578,LV,0.0,0
9,uc3405987.2,uc3405987,2,0.9852251418855539,0.2193931022920578,LV,0.0,0
9,uc3405846.2,uc3405846,2,0.9770012896597985,0.2193931022920578,LV,0.0,0
9,uc3405847.2,uc3405847,2,0.9862407668477446,0.2193931022920578,LV,0.0,0
9,uc3405838.2,uc3405838,2,0.9721568005712536,0.2193931022920578,LV,0.0,0
9,uc1607326.2,uc1607326,2,0.9750750029833088,0.2193931022920578,LV,0.0,0
9,uc1607316.2,uc1607316,2,0.9731652333678508,0.2193931022920578,LV,0.0,0
9,uc1607308.2,uc1607308,2,0.9775201682176228,0.2193931022920578,LV,0.0,0
9,uc1623434.2,uc1623434,2,0.0,0.1270170592217177,LV,0.95,1
9,uc1620373.2,uc1620373,2,0.9804276619570389,0.2193931022920578,LV,0.0,0
9,uc1607302.2,uc1607302,2,0.9803677104969518,0.2193931022920578,LV,0.0,0
9,uc1607304.2,uc1607304,2,0.9800195932150106,0.2193931022920578,LV,0.0,0
9,uc1607306.2,uc1607306,2,0.9767434248645274,0.2193931022920578,LV,0.0,0
9,uc1607299.2,uc1607299,2,0.9809925740898627,0.2193931022920578,LV,0.0,0
9,uc1607297.2,uc1607297,2,0.9815976256521995,0.2193931022920578,LV,0.0,0
9,uc1607298.2,uc1607298,2,0.9812428565069321,0.2193931022920578,LV,0.0,0
9,uc1607289.2,uc1607289,2,0.984778726255903,0.2193931022920578,LV,0.0,0
9,uc1607291.2,uc1607291,2,0.9809712132170768,0.2193931022920578,LV,0.0,0
9,uc1607292.2,uc1607292,2,0.9802303043258189,0.2193931022920578,LV,0.0,0
9,uc1607280.2,uc1607280,2,0.97904748408805,0.2193931022920578,LV,0.0,0
9,uc1607284.2,uc1607284,2,0.9791536969072655,0.2193931022920578,LV,0.0,0
9,uc1607285.2,uc1607285,2,0.9789988821464577,0.2193931022920578,LV,0.0,0
9,uc1607288.2,uc1607288,2,0.9792957570062455,0.2193931022920578,LV,0.0,0
9,uc1607279.2,uc1607279,2,0.9805902459496408,0.2193931022920578,LV,0.0,0
9,uc1607355.2,uc1607355,2,0.9818574829644772,0.2193931022920578,LV,0.0,0
9,uc1607357.2,uc1607357,2,0.9837517075644094,0.2193931022920578,LV,0.0,0
9,uc1607358.2,uc1607358,2,0.9807698350684207,0.2193931022920578,LV,0.0,0
9,uc1607368.2,uc1607368,2,0.0,0.1270170592217177,LV,0.95,1
9,uc1607276.2,uc1607276,2,0.9964583334313724,0.2193931022920578,LV,0.0,0
9,uc1607278.2,uc1607278,2,0.9967454883151872,0.2193931022920578,LV,0.0,0
9,uc1607273.2,uc1607273,2,0.9935515301756455,0.2193931022920578,LV,0.0,0
9,uc1607328.2,uc1607328,2,0.9744058228121724,0.2193931022920578,LV,0.0,0
9,uc1607347.2,uc1607347,2,1.0277167626569743,0.2193931022920578,LV,0.0,0
9,uc1607350.2,uc1607350,2,1.004844972603349,0.2193931022920578,LV,0.0,0
9,uc1107341.2,uc1107341,2,0.9736296810324659,0.2193931022920578,LV,0.0,0
9,uc1107333.2,uc1107333,2,0.9759527439018169,0.2193931022920578,LV,0.0,0
9,uc1607268.2,uc1607268,2,0.9923470596750078,0.2193931022920578,LV,0.0,0
9,uc1607252.2,uc1607252,2,0.9757385127501064,0.2193931022920578,LV,0.0,0
9,uc1606000.2,uc1606000,2,0.9787331688559985,0.2193931022920578,LV,0.0,0
9,uc1607255.2,uc1607255,2,0.9813113139908196,0.2193931022920578,LV,0.0,0
9,uc1607258.2,uc1607258,2,0.9757507916262156,0.2193931022920578,LV,0.0,0
9,uc1124041.2,uc1124041,2,0.9759692063206702,0.2193931022920578,LV,0.0,0
9,uc1124340.2,uc1124340,2,0.9784168484535063,0.2193931022920578,LV,0.0,0
9,uc1121173.2,uc1121173,2,0.9760881527721946,0.2193931022920578,LV,0.0,0
9,uc1107345.2,uc1107345,2,0.9783873751632408,0.2193931022920578,LV,0.0,0
9,uc605816.2,uc605816,2,0.9938038364900132,0.2193931022920578,LV,0.0,0
9,uc605812.2,uc605812,2,0.9704966431195395,0.2193931022920578,LV,0.0,0
9,uc605813.2,uc605813,2,0.9854747310098586,0.2193931022920578,LV,0.0,0
9,uc609685.2,uc609685,2,0.9867725745505228,0.2193931022920578,LV,0.0,0
9,uc609688.2,uc609688,2,0.9901717351903238,0.2193931022920578,LV,0.0,0
9,uc621168.2,uc621168,2,0.978403966833287,0.2193931022920578,LV,0.0,0
9,uc621171.2,uc621171,2,0.9777834617903723,0.2193931022920578,LV,0.0,0
9,uc605810.2,uc605810,2,0.9850228249582523,0.2193931022920578,LV,0.0,0
9,uc605807.2,uc605807,2,0.9728590652102994,0.2193931022920578,LV,0.0,0
9,uc605801.2,uc605801,2,0.9820104217145234,0.2193931022920578,LV,0.0,0
9,uc607384.2,uc607384,2,0.9782559239377633,0.2193931022920578,LV,0.0,0
9,uc607385.2,uc607385,2,0.9786688502768733,0.2193931022920578,LV,0.0,0
9,uc609682.2,uc609682,2,0.9715063999108947,0.2193931022920578,LV,0.0,0
9,uc609683.2,uc609683,2,0.9846501017007976,0.2193931022920578,LV,0.0,0
9,uc607377.2,uc607377,2,0.9871878619998242,0.2193931022920578,LV,0.0,0
9,uc607382.2,uc607382,2,0.9831532016696907,0.2193931022920578,LV,0.0,0
9,uc606117.2,uc606117,2,0.9802364993291041,0.2193931022920578,LV,0.0,0
9,uc606120.2,uc606120,2,0.9796837477031175,0.2193931022920578,LV,0.0,0
9,uc623433.2,uc623433,2,0.9725564615321542,0.2193931022920578,LV,0.0,0
9,uc623007.2,uc623007,2,0.9852830395381992,0.2193931022920578,LV,0.0,0
9,uc606147.2,uc606147,2,1.0330625996160714,0.2193931022920578,LV,0.0,0
9,uc606148.2,uc606148,2,0.9945700406245592,0.2193931022920578,LV,0.0,0
9,uc606150.2,uc606150,2,0.9940959776537408,0.2193931022920578,LV,0.0,0
9,uc606109.2,uc606109,2,0.9782019922090333,0.2193931022920578,LV,0.0,0
9,uc606110.2,uc606110,2,0.9772933268183304,0.2193931022920578,LV,0.0,0
9,uc606111.2,uc606111,2,0.9801512893887641,0.2193931022920578,LV,0.0,0
9,uc622720.2,uc622720,2,0.9797234521135396,0.2193931022920578,LV,0.0,0
9,uc623004.2,uc623004,2,0.9830776135703652,0.2193931022920578,LV,0.0,0
9,uc606103.2,uc606103,2,0.9785674105739948,0.2193931022920578,LV,0.0,0
9,uc606139.2,uc606139,2,0.9987647403776793,0.2193931022920578,LV,0.0,0
9,uc606143.2,uc606143,2,1.0126613942033384,0.2193931022920578,LV,0.0,0
9,uc605921.2,uc605921,2,0.9804467099949666,0.2193931022920578,LV,0.0,0
9,uc605915.2,uc605915,2,0.9807319824428027,0.2193931022920578,LV,0.0,0
9,uc606101.2,uc606101,2,0.9810999485092463,0.2193931022920578,LV,0.0,0
9,uc622273.2,uc622273,2,1.0102954894462544,0.2193931022920578,LV,0.0,0
9,uc605990.2,uc605990,2,0.971435604470418,0.2193931022920578,LV,0.0,0
9,uc606130.2,uc606130,2,0.9810588230773862,0.2193931022920578,LV,0.0,0
9,uc606132.2,uc606132,2,0.9785077884145701,0.2193931022920578,LV,0.0,0
9,uc622258.2,uc622258,2,0.9818438860461616,0.2193931022920578,LV,0.0,0
9,uc622270.2,uc622270,2,0.9909927237595341,0.2193931022920578,LV,0.0,0
9,uc605905.2,uc605905,2,0.9789497660748476,0.2193931022920578,LV,0.0,0
9,uc605909.2,uc605909,2,0.9841999402699837,0.2193931022920578,LV,0.0,0
9,uc605910.2,uc605910,2,0.980983858939173,0.2193931022920578,LV,0.0,0
9,uc605911.2,uc605911,2,0.98199852503253,0.2193931022920578,LV,0.0,0
9,uc606128.2,uc606128,2,0.9799220828526505,0.2193931022920578,LV,0.0,0
9,uc605904.2,uc605904,2,0.979061372326693,0.2193931022920578,LV,0.0,0
9,uc1239552.2,uc1239552,2,0.9806023366107086,0.2193931022920578,LV,0.0,0
9,uc605817.2,uc605817,2,0.9811705375888161,0.2193931022920578,LV,0.0,0
9,uc605819.2,uc605819,2,0.987588989396699,0.2193931022920578,LV,0.0,0
9,uc605820.2,uc605820,2,0.9708946326567625,0.2193931022920578,LV,0.0,0
9,uc605821.2,uc605821,2,0.9760107727189272,0.2193931022920578,LV,0.0,0
9,uc605822.2,uc605822,2,0.970700059898861,0.2193931022920578,LV,0.0,0
9,uc639280.2,uc639280,2,0.9919366721120781,0.2193931022920578,LV,0.0,0
9,uc605898.2,uc605898,2,0.9855167300197201,0.2193931022920578,LV,0.0,0
9,uc605902.2,uc605902,2,0.9799402843134866,0.2193931022920578,LV,0.0,0
9,uc605982.2,uc605982,2,0.9727042838781297,0.2193931022920578,LV,0.0,0
9,uc605988.2,uc605988,2,0.9705716751165189,0.2193931022920578,LV,0.0,0
9,uc606126.2,uc606126,2,0.9873432856587945,0.2193931022920578,LV,0.0,0
9,uc606127.2,uc606127,2,0.9790995498828263,0.2193931022920578,LV,0.0,0
9,uc605896.2,uc605896,2,0.9735678889371777,0.2193931022920578,LV,0.0,0
9,uc606121.2,uc606121,2,0.9782028486447688,0.2193931022920578,LV,0.0,0
9,uc606122.2,uc606122,2,0.9748073276951955,0.2193931022920578,LV,0.0,0
9,uc606123.2,uc606123,2,0.9923252850401187,0.2193931022920578,LV,0.0,0
9,uc622709.2,uc622709,2,0.9795682952722027,0.2193931022920578,LV,0.0,0
9,uc639277.2,uc639277,2,0.9761807707311904,0.2193931022920578,LV,0.0,0
9,uc1139390.2,uc1139390,2,0.9805663027140168,0.2193931022920578,LV,0.0,0
9,uc605864.2,uc605864,2,0.9787427087491496,0.2193931022920578,LV,0.0,0
9,uc605865.2,uc605865,2,0.9801255844147754,0.2193931022920578,LV,0.0,0
9,uc638617.2,uc638617,2,0.9795853697518223,0.2193931022920578,LV,0.0,0
9,uc605855.2,uc605855,2,0.9735425075275562,0.2193931022920578,LV,0.0,0
9,uc1638606.2,uc1638606,2,0.9921665055253351,0.2193931022920578,LV,0.0,0
9,uc1638954.2,uc1638954,2,0.9931449199799565,0.2193931022920578,LV,0.0,0
9,uc605836.2,uc605836,2,0.9581589272997473,0.2193931022920578,LV,0.0,0
9,uc1607303.2,uc1607303,2,0.9802744034408994,0.2193931022920578,LV,0.0,0
9,uc637705.2,uc637705,2,0.9810882743805422,0.2193931022920578,LV,0.0,0
9,uc1637704.2,uc1637704,2,1.001570334957212,0.2193931022920578,LV,0.0,0
9,uc637576.2,uc637576,2,0.992765378891167,0.2193931022920578,LV,0.0,0
9,uc637918.2,uc637918,2,0.9936176184851797,0.2193931022920578,LV,0.0,0
9,uc637360.2,uc637360,2,0.9777220897923325,0.2193931022920578,LV,0.0,0
9,uc637397.2,uc637397,2,0.9766299734918398,0.2193931022920578,LV,0.0,0
9,uc636933.2,uc636933,2,0.9970607236558727,0.2193931022920578,LV,0.0,0
9,uc605908.2,uc605908,2,0.9857636593043907,0.2193931022920578,LV,0.0,0
9,uc635963.2,uc635963,2,0.9797796093019502,0.2193931022920578,LV,0.0,0
9,uc635543.2,uc635543,2,0.9820955961439886,0.2193931022920578,LV,0.0,0
9,uc635966.2,uc635966,2,0.9814879394889611,0.2193931022920578,LV,0.0,0
9,uc627328.2,uc627328,2,0.9701760724214851,0.2193931022920578,LV,0.0,0
9,uc635550.2,uc635550,2,0.9815442281936271,0.2193931022920578,LV,0.0,0
9,uc635862.2,uc635862,2,0.9863055115921107,0.2193931022920578,LV,0.0,0
9,uc3435739.2,uc3435739,2,0.9873150020893458,0.2193931022920578,LV,0.0,0
9,uc634166.2,uc634166,2,0.9829930930461116,0.2193931022920578,LV,0.0,0
9,uc1633671.2,uc1633671,2,1.0021647309218378,0.2193931022920578,LV,0.0,0
9,uc633056.2,uc633056,2,0.9844886681764657,0.2193931022920578,LV,0.0,0
9,uc632607.2,uc632607,2,0.9554265241268975,0.2193931022920578,LV,0.0,0
9,uc1632402.2,uc1632402,2,0.9789693012417316,0.2193931022920578,LV,0.0,0
9,uc1131858.2,uc1131858,2,0.9737706102581444,0.2193931022920578,LV,0.0,0
9,uc631391.2,uc631391,2,0.9709163826664611,0.2193931022920578,LV,0.0,0
9,uc1630759.2,uc1630759,2,0.9776592472094201,0.2193931022920578,LV,0.0,0
9,uc630758.2,uc630758,2,1.002533166341586,0.2193931022920578,LV,0.0,0
9,uc630753.2,uc630753,2,0.9758560733018979,0.2193931022920578,LV,0.0,0
9,uc628766.2,uc628766,2,0.9810735035158004,0.2193931022920578,LV,0.0,0
9,uc627346.2,uc627346,2,0.982552529968866,0.2193931022920578,LV,0.0,0
9,uc1629422.2,uc1629422,2,0.9796861514405466,0.2193931022920578,LV,0.0,0
9,60651.3,60651,3,0.9856123681079008,13.336791218280357,MV,0.0,0
9,60721.3,60721,3,0.9855101614330021,13.336791218280357,MV,0.0,0
9,164151.3,164151,3,0.9866011913309952,13.336791218280357,MV,0.0,0
9,302191.3,302191,3,0.9806333772282245,13.336791218280357,MV,0.0,0
9,320841.3,320841,3,0.980370488491009,13.336791218280357,MV,0.0,0
9,337711.3,337711,3,0.9806961200183637,13.336791218280357,MV,0.0,0
9,358691.3,358691,3,0.9965213212354699,13.336791218280357,MV,0.0,0
9,et6_1177.3,et6_1177,3,0.9867676551891914,0.2193931022920578,LV,0.0,0
9,461501.3,461501,3,0.9871840438656262,13.336791218280357,MV,0.0,0
9,686891.3,686891,3,0.9833507099504721,13.336791218280357,MV,0.0,0
9,703601.3,703601,3,0.9869652980664735,13.336791218280357,MV,0.0,0
9,713791.3,713791,3,0.9826138752695205,13.336791218280357,MV,0.0,0
9,725731.3,725731,3,0.9811922843925198,13.336791218280357,MV,0.0,0
9,809501.3,809501,3,0.9837917806001506,13.336791218280357,MV,0.0,0
9,811221.3,811221,3,0.9867220454286574,13.336791218280357,MV,0.0,0
9,815111.3,815111,3,0.98067120866572,13.336791218280357,MV,0.0,0
9,822371.3,822371,3,0.9816655485264747,13.336791218280357,MV,0.0,0
9,820611.3,820611,3,0.9848133875310845,13.336791218280357,MV,0.0,0
9,822641.3,822641,3,0.9820792876318015,13.336791218280357,MV,0.0,0
9,618431.3,618431,3,0.9856116752175011,13.336791218280357,MV,0.0,0
9,bt10401.3,bt10401,3,0.9873288118915348,0.2193931022920578,LV,0.0,0
9,bt197792.3,bt197792,3,0.9873288128401887,0.2193931022920578,LV,0.0,0
9,bt800551.3,bt800551,3,0.9873288127552194,0.2193931022920578,LV,0.0,0
9,bt295341.3,bt295341,3,0.9873288140216457,0.2193931022920578,LV,0.0,0
9,bt800541.3,bt800541,3,0.987328813446186,0.2193931022920578,LV,0.0,0
9,bt295361.3,bt295361,3,0.9873288146873328,0.2193931022920578,LV,0.0,0
9,bt474991.3,bt474991,3,0.9873288151413614,0.2193931022920578,LV,0.0,0
9,uc627336.3,uc627336,3,0.9838738197625008,0.2193931022920578,LV,0.0,0
9,uc1620373.3,uc1620373,3,0.981452695922844,0.2193931022920578,LV,0.0,0
9,uc1607302.3,uc1607302,3,0.9813639477353855,0.2193931022920578,LV,0.0,0
9,uc1607304.3,uc1607304,3,0.9810421058501343,0.2193931022920578,LV,0.0,0
9,uc1607298.3,uc1607298,3,0.9827004247553207,0.2193931022920578,LV,0.0,0
9,uc1607280.3,uc1607280,3,0.9799434784312945,0.2193931022920578,LV,0.0,0
9,uc1607285.3,uc1607285,3,0.981273408087836,0.2193931022920578,LV,0.0,0
9,uc1607279.3,uc1607279,3,0.9814868092788074,0.2193931022920578,LV,0.0,0
9,uc1607347.3,uc1607347,3,1.0287156575274443,0.2193931022920578,LV,0.0,0
9,uc1124340.3,uc1124340,3,0.9808601844072732,0.2193931022920578,LV,0.0,0
9,uc605816.3,uc605816,3,0.9948778675666988,0.2193931022920578,LV,0.0,0
9,uc605815.3,uc605815,3,0.9841878779048997,0.2193931022920578,LV,0.0,0
9,uc621171.3,uc621171,3,0.9783287301621503,0.2193931022920578,LV,0.0,0
9,uc607384.3,uc607384,3,0.9788059721386727,0.2193931022920578,LV,0.0,0
9,uc606117.3,uc606117,3,0.98078224835,0.2193931022920578,LV,0.0,0
9,uc606120.3,uc606120,3,0.9802293965560553,0.2193931022920578,LV,0.0,0
9,uc623007.3,uc623007,3,0.9862969379538764,0.2193931022920578,LV,0.0,0
9,uc605867.3,uc605867,3,0.9810437574123342,0.2193931022920578,LV,0.0,0
9,uc606150.3,uc606150,3,0.9942602386362634,0.2193931022920578,LV,0.0,0
9,uc606109.3,uc606109,3,0.9787473562110675,0.2193931022920578,LV,0.0,0
9,uc606110.3,uc606110,3,0.9778384595517193,0.2193931022920578,LV,0.0,0
9,uc606111.3,uc606111,3,0.9806970290130317,0.2193931022920578,LV,0.0,0
9,uc622722.3,uc622722,3,0.9835654304666254,0.2193931022920578,LV,0.0,0
9,uc623004.3,uc623004,3,0.9865055856620045,0.2193931022920578,LV,0.0,0
9,uc606101.3,uc606101,3,0.9816357404583227,0.2193931022920578,LV,0.0,0
9,uc606132.3,uc606132,3,0.979060545408127,0.2193931022920578,LV,0.0,0
9,uc605910.3,uc605910,3,0.9815245785927599,0.2193931022920578,LV,0.0,0
9,uc605911.3,uc605911,3,0.9825394157681376,0.2193931022920578,LV,0.0,0
9,uc605904.3,uc605904,3,0.98307705666938,0.2193931022920578,LV,0.0,0
9,uc1239552.3,uc1239552,3,0.9816271142991858,0.2193931022920578,LV,0.0,0
9,uc605821.3,uc605821,3,0.9795223864137145,0.2193931022920578,LV,0.0,0
9,uc639280.3,uc639280,3,0.992708371107546,0.2193931022920578,LV,0.0,0
9,uc605898.3,uc605898,3,0.9841400336249134,0.2193931022920578,LV,0.0,0
9,uc605902.3,uc605902,3,0.9804596838769994,0.2193931022920578,LV,0.0,0
9,uc606126.3,uc606126,3,0.987894491916583,0.2193931022920578,LV,0.0,0
9,uc606127.3,uc606127,3,0.979652700494315,0.2193931022920578,LV,0.0,0
9,uc606121.3,uc606121,3,0.9787474082605043,0.2193931022920578,LV,0.0,0
9,uc606122.3,uc606122,3,0.9753502983357512,0.2193931022920578,LV,0.0,0
9,uc639277.3,uc639277,3,0.9796925276455264,0.2193931022920578,LV,0.0,0
9,uc1139390.3,uc1139390,3,0.9815910427443311,0.2193931022920578,LV,0.0,0
9,uc637576.3,uc637576,3,0.9933101215676523,0.2193931022920578,LV,0.0,0
9,uc637918.3,uc637918,3,0.9943896316206268,0.2193931022920578,LV,0.0,0
9,uc637360.3,uc637360,3,0.9782672902179519,0.2193931022920578,LV,0.0,0
9,uc637397.3,uc637397,3,0.9777246806653445,0.2193931022920578,LV,0.0,0
9,uc635963.3,uc635963,3,0.9803252714938713,0.2193931022920578,LV,0.0,0
9,uc635543.3,uc635543,3,0.9826395181763233,0.2193931022920578,LV,0.0,0
9,uc635966.3,uc635966,3,0.9820317827996317,0.2193931022920578,LV,0.0,0
9,uc635550.3,uc635550,3,0.9820986290956352,0.2193931022920578,LV,0.0,0
9,uc635862.3,uc635862,3,0.9853763918435315,0.2193931022920578,LV,0.0,0
9,uc1633671.3,uc1633671,3,1.0022616573609977,0.2193931022920578,LV,0.0,0
9,uc632607.3,uc632607,3,0.9565208536670514,0.2193931022920578,LV,0.0,0
9,uc1629422.3,uc1629422,3,0.9832854763546267,0.2193931022920578,LV,0.0,0
10,60651.1,60651,1,0.9870672230920389,13.336791218280357,MV,0.0,0
10,60721.1,60721,1,0.9869769034163846,13.336791218280357,MV,0.0,0
10,164151.1,164151,1,0.9880268327569252,13.336791218280357,MV,0.0,0
10,302191.1,302191,1,0.9840698885514351,13.336791218280357,MV,0.0,0
10,320841.1,320841,1,0.981822873280827,13.336791218280357,MV,0.0,0
10,337711.1,337711,1,0.984102051116201,13.336791218280357,MV,0.0,0
10,358691.1,358691,1,0.9971068147541754,13.336791218280357,MV,0.0,0
10,et6_1177.1,et6_1177,1,0.9875535738622974,0.2193931022920578,LV,0.0,0
10,461501.1,461501,1,0.9888094960094093,13.336791218280357,MV,0.0,0
10,686891.1,686891,1,0.9850463069355975,13.336791218280357,MV,0.0,0
10,703601.1,703601,1,0.9883741054382489,13.336791218280357,MV,0.0,0
10,713791.1,713791,1,0.9841943047423806,13.336791218280357,MV,0.0,0
10,725731.1,725731,1,0.9827167071592241,13.336791218280357,MV,0.0,0
10,809501.1,809501,1,0.9853745599091985,13.336791218280357,MV,0.0,0
10,811221.1,811221,1,0.9881771499781388,13.336791218280357,MV,0.0,0
10,815111.1,815111,1,0.9841414118756499,13.336791218280357,MV,0.0,0
10,822371.1,822371,1,0.9832069882508325,13.336791218280357,MV,0.0,0
10,820611.1,820611,1,0.986216961914708,13.336791218280357,MV,0.0,0
10,822641.1,822641,1,0.9836991190269088,13.336791218280357,MV,0.0,0
10,618431.1,618431,1,0.9870655740682446,13.336791218280357,MV,0.0,0
10,bt10401.1,bt10401,1,0.9796035717402171,0.2193931022920578,LV,0.0,0
10,bt197792.1,bt197792,1,0.9787451886369091,0.2193931022920578,LV,0.0,0
10,bt800551.1,bt800551,1,0.9789022304028105,0.2193931022920578,LV,0.0,0
10,bt295341.1,bt295341,1,0.9778761699398903,0.2193931022920578,LV,0.0,0
10,bt800541.1,bt800541,1,0.9783551124151874,0.2193931022920578,LV,0.0,0
10,bt295361.1,bt295361,1,0.9774343990064845,0.2193931022920578,LV,0.0,0
10,bt474991.1,bt474991,1,0.9770865113499478,0.2193931022920578,LV,0.0,0
10,uc626695.1,uc626695,1,0.974161593103775,0.2193931022920578,LV,0.0,0
10,uc1627323.1,uc1627323,1,0.9842384426017871,0.2193931022920578,LV,0.0,0
10,uc1627342.1,uc1627342,1,0.997848223241708,0.2193931022920578,LV,0.0,0
10,uc627343.1,uc627343,1,0.9848218529557595,0.2193931022920578,LV,0.0,0
10,uc627344.1,uc627344,1,0.9901169714460283,0.2193931022920578,LV,0.0,0
10,uc1626672.1,uc1626672,1,0.0,0.1270170592217177,LV,0.95,1
10,uc1626490.1,uc1626490,1,0.9929773926546065,0.2193931022920578,LV,0.0,0
10,uc3422706.1,uc3422706,1,0.98813947225144,0.2193931022920578,LV,0.0,0
10,uc3425629.1,uc3425629,1,0.988199256760207,0.2193931022920578,LV,0.0,0
10,uc3422597.1,uc3422597,1,0.9934074483256697,0.2193931022920578,LV,0.0,0
10,uc3405843.1,uc3405843,1,0.9860782068056757,0.2193931022920578,LV,0.0,0
10,uc3405844.1,uc3405844,1,1.0105065226056749,0.2193931022920578,LV,0.0,0
10,uc3405845.1,uc3405845,1,1.0092319840887343,0.2193931022920578,LV,0.0,0
10,uc3405846.1,uc3405846,1,0.9863427259228965,0.2193931022920578,LV,0.0,0
10,uc1626486.1,uc1626486,1,0.9963304715871754,0.2193931022920578,LV,0.0,0
10,uc1626487.1,uc1626487,1,0.9846975703189721,0.2193931022920578,LV,0.0,0
10,uc626481.1,uc626481,1,0.9856651855671792,0.2193931022920578,LV,0.0,0
10,uc626678.1,uc626678,1,0.9845504816636433,0.2193931022920578,LV,0.0,0
10,uc626698.1,uc626698,1,0.989533049525856,0.2193931022920578,LV,0.0,0
10,uc626476.1,uc626476,1,0.9815491220873244,0.2193931022920578,LV,0.0,0
10,uc1627321.1,uc1627321,1,0.9975648503459564,0.2193931022920578,LV,0.0,0
10,uc1607319.1,uc1607319,1,0.981292552974284,0.2193931022920578,LV,0.0,0
10,uc1607308.1,uc1607308,1,0.9842562429995956,0.2193931022920578,LV,0.0,0
10,uc1624026.1,uc1624026,1,0.0,0.1270170592217177,LV,0.95,1
10,uc1625170.1,uc1625170,1,0.9881911279042158,0.2193931022920578,LV,0.0,0
10,uc1621994.1,uc1621994,1,0.9958610476355156,0.2193931022920578,LV,0.0,0
10,uc1620360.1,uc1620360,1,0.994584638602341,0.2193931022920578,LV,0.0,0
10,uc1620373.1,uc1620373,1,0.9835792796056712,0.2193931022920578,LV,0.0,0
10,uc1607302.1,uc1607302,1,0.9836007442320289,0.2193931022920578,LV,0.0,0
10,uc1607304.1,uc1607304,1,0.9821870241791597,0.2193931022920578,LV,0.0,0
10,uc1607305.1,uc1607305,1,0.981738778916654,0.2193931022920578,LV,0.0,0
10,uc1607306.1,uc1607306,1,0.9837307993471215,0.2193931022920578,LV,0.0,0
10,uc1607297.1,uc1607297,1,0.9869996657568402,0.2193931022920578,LV,0.0,0
10,uc1607298.1,uc1607298,1,0.9845202335973767,0.2193931022920578,LV,0.0,0
10,uc1607289.1,uc1607289,1,0.9888297965127504,0.2193931022920578,LV,0.0,0
10,uc1607290.1,uc1607290,1,0.9889115371033155,0.2193931022920578,LV,0.0,0
10,uc1607291.1,uc1607291,1,0.987096715366669,0.2193931022920578,LV,0.0,0
10,uc1607280.1,uc1607280,1,0.9828697476729144,0.2193931022920578,LV,0.0,0
10,uc1607283.1,uc1607283,1,0.9796062592368096,0.2193931022920578,LV,0.0,0
10,uc1607285.1,uc1607285,1,0.9813255020068078,0.2193931022920578,LV,0.0,0
10,uc1607287.1,uc1607287,1,0.984575535652646,0.2193931022920578,LV,0.0,0
10,uc1607288.1,uc1607288,1,0.9847152392741616,0.2193931022920578,LV,0.0,0
10,uc1607279.1,uc1607279,1,0.9839122999749157,0.2193931022920578,LV,0.0,0
10,uc1607357.1,uc1607357,1,0.987344014969371,0.2193931022920578,LV,0.0,0
10,uc1607358.1,uc1607358,1,0.9870835951482645,0.2193931022920578,LV,0.0,0
10,uc1607368.1,uc1607368,1,0.0,0.1270170592217177,LV,0.95,1
10,uc1607277.1,uc1607277,1,0.9968756676988014,0.2193931022920578,LV,0.0,0
10,uc1607278.1,uc1607278,1,1.0000490718735338,0.2193931022920578,LV,0.0,0
10,uc1607272.1,uc1607272,1,1.0026831280452926,0.2193931022920578,LV,0.0,0
10,uc1607273.1,uc1607273,1,0.9985788194656202,0.2193931022920578,LV,0.0,0
10,uc1607353.1,uc1607353,1,0.9886820067306653,0.2193931022920578,LV,0.0,0
10,uc1607347.1,uc1607347,1,1.0579829257230304,0.2193931022920578,LV,0.007982925723030387,1
10,uc1607349.1,uc1607349,1,0.9948178178944557,0.2193931022920578,LV,0.0,0
10,uc1107342.1,uc1107342,1,0.9815548597499135,0.2193931022920578,LV,0.0,0
10,uc1107340.1,uc1107340,1,0.9793602976575416,0.2193931022920578,LV,0.0,0
10,uc1105833.1,uc1105833,1,0.9849243368380227,0.2193931022920578,LV,0.0,0
10,uc1107330.1,uc1107330,1,0.9787761195168965,0.2193931022920578,LV,0.0,0
10,uc1607265.1,uc1607265,1,0.9817710645028176,0.2193931022920578,LV,0.0,0
10,uc1607268.1,uc1607268,1,0.9948769134414864,0.2193931022920578,LV,0.0,0
10,uc1607252.1,uc1607252,1,0.9845325442368089,0.2193931022920578,LV,0.0,0
10,uc1605991.1,uc1605991,1,0.985599511797832,0.2193931022920578,LV,0.0,0
10,uc1605996.1,uc1605996,1,1.0030408226995002,0.2193931022920578,LV,0.0,0
10,uc1607257.1,uc1607257,1,0.9868235509742576,0.2193931022920578,LV,0.0,0
10,uc1607258.1,uc1607258,1,0.9845408075567514,0.2193931022920578,LV,0.0,0
10,uc1124340.1,uc1124340,1,0.9820621982992073,0.2193931022920578,LV,0.0,0
10,uc605816.1,uc605816,1,1.0096247995244283,0.2193931022920578,LV,0.0,0
10,uc605813.1,uc605813,1,0.9871534442265154,0.2193931022920578,LV,0.0,0
10,uc609684.1,uc609684,1,0.990391932860058,0.2193931022920578,LV,0.0,0
10,uc609686.1,uc609686,1,0.9907508747095746,0.2193931022920578,LV,0.0,0
10,uc609688.1,uc609688,1,0.996216458563967,0.2193931022920578,LV,0.0,0
10,uc621168.1,uc621168,1,0.9845327499391442,0.2193931022920578,LV,0.0,0
10,uc621171.1,uc621171,1,0.9800316594650376,0.2193931022920578,LV,0.0,0
10,uc605808.1,uc605808,1,0.9910386057873932,0.2193931022920578,LV,0.0,0
10,uc605809.1,uc605809,1,0.9787051755744393,0.2193931022920578,LV,0.0,0
10,uc605810.1,uc605810,1,0.9895783442473158,0.2193931022920578,LV,0.0,0
10,uc605970.1,uc605970,1,0.9865026797029126,0.2193931022920578,LV,0.0,0
10,uc605803.1,uc605803,1,0.9883647262929824,0.2193931022920578,LV,0.0,0
10,uc605804.1,uc605804,1,0.9896915856398544,0.2193931022920578,LV,0.0,0
10,uc605806.1,uc605806,1,0.9863168317761213,0.2193931022920578,LV,0.0,0
10,uc607384.1,uc607384,1,0.9808225647110852,0.2193931022920578,LV,0.0,0
10,uc607387.1,uc607387,1,0.9868734435855392,0.2193931022920578,LV,0.0,0
10,uc609682.1,uc609682,1,0.9832510320058729,0.2193931022920578,LV,0.0,0
10,uc624033.1,uc624033,1,0.9941616753320366,0.2193931022920578,LV,0.0,0
10,uc625156.1,uc625156,1,0.9883922162497257,0.2193931022920578,LV,0.0,0
10,uc625624.1,uc625624,1,0.9819231034149319,0.2193931022920578,LV,0.0,0
10,uc625625.1,uc625625,1,0.9906242351409815,0.2193931022920578,LV,0.0,0
10,uc607366.1,uc607366,1,0.9786725421095294,0.2193931022920578,LV,0.0,0
10,uc607367.1,uc607367,1,0.9894161207195669,0.2193931022920578,LV,0.0,0
10,uc606114.1,uc606114,1,0.9825508876142308,0.2193931022920578,LV,0.0,0
10,uc606117.1,uc606117,1,0.9816924347749787,0.2193931022920578,LV,0.0,0
10,uc606120.1,uc606120,1,0.9813504390704898,0.2193931022920578,LV,0.0,0
10,uc623015.1,uc623015,1,0.9775865365896125,0.2193931022920578,LV,0.0,0
10,uc623432.1,uc623432,1,0.9861265226985952,0.2193931022920578,LV,0.0,0
10,uc624028.1,uc624028,1,0.9858359819888624,0.2193931022920578,LV,0.0,0
10,uc605873.1,uc605873,1,0.988516842163391,0.2193931022920578,LV,0.0,0
10,uc623007.1,uc623007,1,0.987235696625803,0.2193931022920578,LV,0.0,0
10,uc606147.1,uc606147,1,1.0411438797457544,0.2193931022920578,LV,0.0,0
10,uc606148.1,uc606148,1,0.995544194363739,0.2193931022920578,LV,0.0,0
10,uc606150.1,uc606150,1,0.9950519244887022,0.2193931022920578,LV,0.0,0
10,uc606109.1,uc606109,1,0.9803482197657716,0.2193931022920578,LV,0.0,0
10,uc606110.1,uc606110,1,0.979734199991236,0.2193931022920578,LV,0.0,0
10,uc606111.1,uc606111,1,0.9816566091155853,0.2193931022920578,LV,0.0,0
10,uc622777.1,uc622777,1,0.996456449691286,0.2193931022920578,LV,0.0,0
10,uc623004.1,uc623004,1,0.9949595457670469,0.2193931022920578,LV,0.0,0
10,uc606103.1,uc606103,1,0.9844304689784561,0.2193931022920578,LV,0.0,0
10,uc606139.1,uc606139,1,1.0038601735590578,0.2193931022920578,LV,0.0,0
10,uc606141.1,uc606141,1,1.0067853273982992,0.2193931022920578,LV,0.0,0
10,uc606143.1,uc606143,1,1.0113425078134854,0.2193931022920578,LV,0.0,0
10,uc605921.1,uc605921,1,0.9857246895286317,0.2193931022920578,LV,0.0,0
10,uc622713.1,uc622713,1,0.985248560866597,0.2193931022920578,LV,0.0,0
10,uc622714.1,uc622714,1,0.9888420928616676,0.2193931022920578,LV,0.0,0
10,uc605993.1,uc605993,1,0.9859321838867757,0.2193931022920578,LV,0.0,0
10,uc606101.1,uc606101,1,0.981756641751846,0.2193931022920578,LV,0.0,0
10,uc606102.1,uc606102,1,0.9809049523165122,0.2193931022920578,LV,0.0,0
10,uc622273.1,uc622273,1,1.0089770304820558,0.2193931022920578,LV,0.0,0
10,uc622703.1,uc622703,1,0.9742251503976322,0.2193931022920578,LV,0.0,0
10,uc605989.1,uc605989,1,0.9898371472750026,0.2193931022920578,LV,0.0,0
10,uc606130.1,uc606130,1,0.9848837462968056,0.2193931022920578,LV,0.0,0
10,uc606132.1,uc606132,1,0.9811554098617178,0.2193931022920578,LV,0.0,0
10,uc605914.1,uc605914,1,1.0004307439372828,0.2193931022920578,LV,0.0,0
10,uc622257.1,uc622257,1,0.9859013378470346,0.2193931022920578,LV,0.0,0
10,uc605909.1,uc605909,1,0.9868290496967391,0.2193931022920578,LV,0.0,0
10,uc605910.1,uc605910,1,0.9828847757388466,0.2193931022920578,LV,0.0,0
10,uc605911.1,uc605911,1,0.9835613693212231,0.2193931022920578,LV,0.0,0
10,uc606128.1,uc606128,1,0.9846105602404869,0.2193931022920578,LV,0.0,0
10,uc605823.1,uc605823,1,0.9811267379648551,0.2193931022920578,LV,0.0,0
10,uc605824.1,uc605824,1,0.9856527885189726,0.2193931022920578,LV,0.0,0
10,uc605904.1,uc605904,1,0.9843900921846566,0.2193931022920578,LV,0.0,0
10,uc621999.1,uc621999,1,0.9889284274156123,0.2193931022920578,LV,0.0,0
10,uc639553.1,uc639553,1,0.9802531633337951,0.2193931022920578,LV,0.0,0
10,uc1239552.1,uc1239552,1,0.9836338970234183,0.2193931022920578,LV,0.0,0
10,uc605817.1,uc605817,1,0.9860781879259826,0.2193931022920578,LV,0.0,0
10,uc605819.1,uc605819,1,0.9919706774388525,0.2193931022920578,LV,0.0,0
10,uc605820.1,uc605820,1,0.9839764118753297,0.2193931022920578,LV,0.0,0
10,uc605821.1,uc605821,1,0.9818082157368629,0.2193931022920578,LV,0.0,0
10,uc639280.1,uc639280,1,1.0006773252698757,0.2193931022920578,LV,0.0,0
10,uc605898.1,uc605898,1,0.9856388281942603,0.2193931022920578,LV,0.0,0
10,uc605901.1,uc605901,1,0.9880931463290369,0.2193931022920578,LV,0.0,0
10,uc605902.1,uc605902,1,0.9827934669222219,0.2193931022920578,LV,0.0,0
10,uc605985.1,uc605985,1,0.9869433269602065,0.2193931022920578,LV,0.0,0
10,uc606126.1,uc606126,1,0.9931576159324843,0.2193931022920578,LV,0.0,0
10,uc606127.1,uc606127,1,0.9815493186131811,0.2193931022920578,LV,0.0,0
10,uc605896.1,uc605896,1,0.9799671636860641,0.2193931022920578,LV,0.0,0
10,uc606121.1,uc606121,1,0.9807624751540414,0.2193931022920578,LV,0.0,0
10,uc606122.1,uc606122,1,0.9785447731485938,0.2193931022920578,LV,0.0,0
10,uc606123.1,uc606123,1,1.0026126542173075,0.2193931022920578,LV,0.0,0
10,uc606124.1,uc606124,1,0.9867263940313301,0.2193931022920578,LV,0.0,0
10,uc605825.1,uc605825,1,0.983043486697756,0.2193931022920578,LV,0.0,0
10,uc623427.1,uc623427,1,1.0026126672935916,0.2193931022920578,LV,0.0,0
10,uc609687.1,uc609687,1,0.9911223807879861,0.2193931022920578,LV,0.0,0
10,uc639277.1,uc639277,1,0.9819231034211517,0.2193931022920578,LV,0.0,0
10,uc1139390.1,uc1139390,1,0.9835977517284109,0.2193931022920578,LV,0.0,0
10,uc605863.1,uc605863,1,0.9886672810674026,0.2193931022920578,LV,0.0,0
10,uc605865.1,uc605865,1,0.9889399356797417,0.2193931022920578,LV,0.0,0
10,uc1138614.1,uc1138614,1,0.9828805506655328,0.2193931022920578,LV,0.0,0
10,uc605855.1,uc605855,1,0.9846268644402402,0.2193931022920578,LV,0.0,0
10,uc605828.1,uc605828,1,0.9821427705659203,0.2193931022920578,LV,0.0,0
10,uc605829.1,uc605829,1,0.9866347740278675,0.2193931022920578,LV,0.0,0
10,uc605834.1,uc605834,1,0.9794186046134925,0.2193931022920578,LV,0.0,0
10,uc605835.1,uc605835,1,0.979483691041695,0.2193931022920578,LV,0.0,0
10,uc605827.1,uc605827,1,0.9820862827754067,0.2193931022920578,LV,0.0,0
10,uc627337.1,uc627337,1,0.9869907917822308,0.2193931022920578,LV,0.0,0
10,uc637912.1,uc637912,1,0.986708147361654,0.2193931022920578,LV,0.0,0
10,uc637576.1,uc637576,1,1.0034389403387278,0.2193931022920578,LV,0.0,0
10,uc637356.1,uc637356,1,0.986815310089038,0.2193931022920578,LV,0.0,0
10,uc637918.1,uc637918,1,1.0041655694852207,0.2193931022920578,LV,0.0,0
10,uc637360.1,uc637360,1,0.980022140626209,0.2193931022920578,LV,0.0,0
10,uc637399.1,uc637399,1,0.9782126447665884,0.2193931022920578,LV,0.0,0
10,uc637397.1,uc637397,1,0.981445041388694,0.2193931022920578,LV,0.0,0
10,uc1137150.1,uc1137150,1,0.9861280548417747,0.2193931022920578,LV,0.0,0
10,uc1636598.1,uc1636598,1,0.0,0.1270170592217177,LV,0.95,1
10,uc636933.1,uc636933,1,1.0014513987207647,0.2193931022920578,LV,0.0,0
10,uc635963.1,uc635963,1,0.9813950867972743,0.2193931022920578,LV,0.0,0
10,uc635543.1,uc635543,1,0.9865156700060843,0.2193931022920578,LV,0.0,0
10,uc635966.1,uc635966,1,0.9855616464979576,0.2193931022920578,LV,0.0,0
10,uc635550.1,uc635550,1,0.9832082752596232,0.2193931022920578,LV,0.0,0
10,uc635862.1,uc635862,1,0.9940271087277566,0.2193931022920578,LV,0.0,0
10,uc1635694.1,uc1635694,1,1.0008273158310794,0.2193931022920578,LV,0.0,0
10,uc3435739.1,uc3435739,1,0.9962737391534683,0.2193931022920578,LV,0.0,0
10,uc1635060.1,uc1635060,1,0.9931761383776591,0.2193931022920578,LV,0.0,0
10,uc1607271.1,uc1607271,1,0.9943058114438439,0.2193931022920578,LV,0.0,0
10,uc605884.1,uc605884,1,0.9863381957784332,0.2193931022920578,LV,0.0,0
10,uc1609690.1,uc1609690,1,0.995891875828299,0.2193931022920578,LV,0.0,0
10,uc1134165.1,uc1134165,1,0.9794666845307334,0.2193931022920578,LV,0.0,0
10,uc634166.1,uc634166,1,0.9870357452303745,0.2193931022920578,LV,0.0,0
10,uc1633896.1,uc1633896,1,0.9942126552013435,0.2193931022920578,LV,0.0,0
10,uc3433894.1,uc3433894,1,0.9867236339097344,0.2193931022920578,LV,0.0,0
10,uc1633892.1,uc1633892,1,0.997908495512662,0.2193931022920578,LV,0.0,0
10,uc633672.1,uc633672,1,0.9911523838968065,0.2193931022920578,LV,0.0,0
10,uc1633671.1,uc1633671,1,1.009931397260801,0.2193931022920578,LV,0.0,0
10,uc1632306.1,uc1632306,1,0.9893247603159584,0.2193931022920578,LV,0.0,0
10,uc632607.1,uc632607,1,0.9671380511812764,0.2193931022920578,LV,0.0,0
10,uc632613.1,uc632613,1,0.9877938109907642,0.2193931022920578,LV,0.0,0
10,uc3432407.1,uc3432407,1,0.9933804032304943,0.2193931022920578,LV,0.0,0
10,uc1632402.1,uc1632402,1,0.9824853618730618,0.2193931022920578,LV,0.0,0
10,uc1132019.1,uc1132019,1,0.9828818170940326,0.2193931022920578,LV,0.0,0
10,uc632016.1,uc632016,1,0.9893903147598553,0.2193931022920578,LV,0.0,0
10,uc1132015.1,uc1132015,1,0.9811054955597062,0.2193931022920578,LV,0.0,0
10,uc1132012.1,uc1132012,1,0.9858782729273654,0.2193931022920578,LV,0.0,0
10,uc631859.1,uc631859,1,0.9892893922023359,0.2193931022920578,LV,0.0,0
10,uc1631852.1,uc1631852,1,0.9870541312246505,0.2193931022920578,LV,0.0,0
10,uc1130761.1,uc1130761,1,0.9791296036197413,0.2193931022920578,LV,0.0,0
10,uc1630759.1,uc1630759,1,0.9816459548398937,0.2193931022920578,LV,0.0,0
10,uc630758.1,uc630758,1,1.007276661278514,0.2193931022920578,LV,0.0,0
10,uc629428.1,uc629428,1,0.9894609575102542,0.2193931022920578,LV,0.0,0
10,uc1629639.1,uc1629639,1,0.9964391315377135,0.2193931022920578,LV,0.0,0
10,uc1229546.1,uc1229546,1,0.9837389477674375,0.2193931022920578,LV,0.0,0
10,uc628768.1,uc628768,1,0.9873411440506877,0.2193931022920578,LV,0.0,0
10,uc628757.1,uc628757,1,0.9950730915689414,0.2193931022920578,LV,0.0,0
10,uc628766.1,uc628766,1,0.9848936491557055,0.2193931022920578,LV,0.0,0
10,uc628753.1,uc628753,1,0.9947067910922113,0.2193931022920578,LV,0.0,0
10,uc627346.1,uc627346,1,0.9853402084455157,0.2193931022920578,LV,0.0,0
10,uc1628760.1,uc1628760,1,0.9970418574446906,0.2193931022920578,LV,0.0,0
10,uc1629422.1,uc1629422,1,0.9848737504828172,0.2193931022920578,LV,0.0,0
10,uc626699.1,uc626699,1,0.9866004946582952,0.2193931022920578,LV,0.0,0
10,60651.2,60651,2,0.987403516254771,13.336791218280357,MV,0.0,0
10,60721.2,60721,2,0.9873131644178396,13.336791218280357,MV,0.0,0
10,164151.2,164151,2,0.9883635381166803,13.336791218280357,MV,0.0,0
10,302191.2,302191,2,0.9851483192433425,13.336791218280357,MV,0.0,0
10,320841.2,320841,2,0.9820757903084839,13.336791218280357,MV,0.0,0
10,337711.2,337711,2,0.9851805870095748,13.336791218280357,MV,0.0,0
10,358691.2,358691,2,0.99715111705693,13.336791218280357,MV,0.0,0
10,et6_1177.2,et6_1177,2,0.9879239970754692,0.2193931022920578,LV,0.0,0
10,461501.2,461501,2,0.9893353722277692,13.336791218280357,MV,0.0,0
10,686891.2,686891,2,0.9852773828842949,13.336791218280357,MV,0.0,0
10,703601.2,703601,2,0.9887184435726908,13.336791218280357,MV,0.0,0
10,713791.2,713791,2,0.9844469229979618,13.336791218280357,MV,0.0,0
10,725731.2,725731,2,0.9829697842406128,13.336791218280357,MV,0.0,0
10,809501.2,809501,2,0.9856023330111555,13.336791218280357,MV,0.0,0
10,811221.2,811221,2,0.988515107484411,13.336791218280357,MV,0.0,0
10,815111.2,815111,2,0.9852198198154076,13.336791218280357,MV,0.0,0
10,822371.2,822371,2,0.9834603337396738,13.336791218280357,MV,0.0,0
10,820611.2,820611,2,0.9865183852424375,13.336791218280357,MV,0.0,0
10,822641.2,822641,2,0.9839615648792708,13.336791218280357,MV,0.0,0
10,618431.2,618431,2,0.9874018676354734,13.336791218280357,MV,0.0,0
10,bt10401.2,bt10401,2,0.9789811100859591,0.2193931022920578,LV,0.0,0
10,bt197792.2,bt197792,2,0.978638808420257,0.2193931022920578,LV,0.0,0
10,bt800551.2,bt800551,2,0.9786388084409082,0.2193931022920578,LV,0.0,0
10,bt295341.2,bt295341,2,0.9779969224735936,0.2193931022920578,LV,0.0,0
10,bt800541.2,bt800541,2,0.9783125769344738,0.2193931022920578,LV,0.0,0
10,bt295361.2,bt295361,2,0.9774898633243093,0.2193931022920578,LV,0.0,0
10,bt474991.2,bt474991,2,0.9773268340256857,0.2193931022920578,LV,0.0,0
10,uc1627323.2,uc1627323,2,0.9784145304384758,0.2193931022920578,LV,0.0,0
10,uc3405987.2,uc3405987,2,0.9993767503247744,0.2193931022920578,LV,0.0,0
10,uc3405846.2,uc3405846,2,0.9835989867467317,0.2193931022920578,LV,0.0,0
10,uc3405847.2,uc3405847,2,1.0000641377996653,0.2193931022920578,LV,0.0,0
10,uc3405838.2,uc3405838,2,0.9802740847678376,0.2193931022920578,LV,0.0,0
10,uc1607326.2,uc1607326,2,0.9804113671726769,0.2193931022920578,LV,0.0,0
10,uc1607316.2,uc1607316,2,0.9785028650579699,0.2193931022920578,LV,0.0,0
10,uc1607308.2,uc1607308,2,0.9827759424090217,0.2193931022920578,LV,0.0,0
10,uc1623434.2,uc1623434,2,0.0,0.1270170592217177,LV,0.95,1
10,uc1620373.2,uc1620373,2,0.9844024626626227,0.2193931022920578,LV,0.0,0
10,uc1607302.2,uc1607302,2,0.9843775943922456,0.2193931022920578,LV,0.0,0
10,uc1607304.2,uc1607304,2,0.9841515261943717,0.2193931022920578,LV,0.0,0
10,uc1607306.2,uc1607306,2,0.9822506629316087,0.2193931022920578,LV,0.0,0
10,uc1607299.2,uc1607299,2,0.9848025094902244,0.2193931022920578,LV,0.0,0
10,uc1607297.2,uc1607297,2,0.9855888150012595,0.2193931022920578,LV,0.0,0
10,uc1607298.2,uc1607298,2,0.9849716780484613,0.2193931022920578,LV,0.0,0
10,uc1607289.2,uc1607289,2,0.9882341194756593,0.2193931022920578,LV,0.0,0
10,uc1607291.2,uc1607291,2,0.9851652264536161,0.2193931022920578,LV,0.0,0
10,uc1607292.2,uc1607292,2,0.9846643987003335,0.2193931022920578,LV,0.0,0
10,uc1607280.2,uc1607280,2,0.9835103429273324,0.2193931022920578,LV,0.0,0
10,uc1607284.2,uc1607284,2,0.9835719353878558,0.2193931022920578,LV,0.0,0
10,uc1607285.2,uc1607285,2,0.983467298024545,0.2193931022920578,LV,0.0,0
10,uc1607288.2,uc1607288,2,0.9836660561783993,0.2193931022920578,LV,0.0,0
10,uc1607279.2,uc1607279,2,0.9845534167017497,0.2193931022920578,LV,0.0,0
10,uc1607355.2,uc1607355,2,0.9854056085037177,0.2193931022920578,LV,0.0,0
10,uc1607357.2,uc1607357,2,0.9869026595149206,0.2193931022920578,LV,0.0,0
10,uc1607358.2,uc1607358,2,0.9851184728324002,0.2193931022920578,LV,0.0,0
10,uc1607368.2,uc1607368,2,0.0,0.1270170592217177,LV,0.95,1
10,uc1607276.2,uc1607276,2,0.9977538622156377,0.2193931022920578,LV,0.0,0
10,uc1607278.2,uc1607278,2,0.9983200825928816,0.2193931022920578,LV,0.0,0
10,uc1607273.2,uc1607273,2,0.99560896723205,0.2193931022920578,LV,0.0,0
10,uc1607328.2,uc1607328,2,0.9799590144479676,0.2193931022920578,LV,0.0,0
10,uc1607347.2,uc1607347,2,1.0588403535081476,0.2193931022920578,LV,0.008840353508147603,1
10,uc1607350.2,uc1607350,2,1.0216790714192925,0.2193931022920578,LV,0.0,0
10,uc1107341.2,uc1107341,2,0.981016255198046,0.2193931022920578,LV,0.0,0
10,uc1107333.2,uc1107333,2,0.9825622349249519,0.2193931022920578,LV,0.0,0
10,uc1607268.2,uc1607268,2,0.9944537532813836,0.2193931022920578,LV,0.0,0
10,uc1607252.2,uc1607252,2,0.9814673948746377,0.2193931022920578,LV,0.0,0
10,uc1606000.2,uc1606000,2,0.9832857074068225,0.2193931022920578,LV,0.0,0
10,uc1607255.2,uc1607255,2,0.9850218128334288,0.2193931022920578,LV,0.0,0
10,uc1607258.2,uc1607258,2,0.9814756844594745,0.2193931022920578,LV,0.0,0
10,uc1124041.2,uc1124041,2,0.9817126759076347,0.2193931022920578,LV,0.0,0
10,uc1124340.2,uc1124340,2,0.9833982337524306,0.2193931022920578,LV,0.0,0
10,uc1121173.2,uc1121173,2,0.9826538518736779,0.2193931022920578,LV,0.0,0
10,uc1107345.2,uc1107345,2,0.9833783302814542,0.2193931022920578,LV,0.0,0
10,uc605816.2,uc605816,2,1.0107347046023158,0.2193931022920578,LV,0.0,0
10,uc605812.2,uc605812,2,0.9773622560086043,0.2193931022920578,LV,0.0,0
10,uc605813.2,uc605813,2,0.9877356760569389,0.2193931022920578,LV,0.0,0
10,uc609685.2,uc609685,2,0.9894741500204858,0.2193931022920578,LV,0.0,0
10,uc609688.2,uc609688,2,1.002770999887862,0.2193931022920578,LV,0.0,0
10,uc621168.2,uc621168,2,0.9823574744635499,0.2193931022920578,LV,0.0,0
10,uc621171.2,uc621171,2,0.9803501595567736,0.2193931022920578,LV,0.0,0
10,uc605810.2,uc605810,2,0.9884608794789504,0.2193931022920578,LV,0.0,0
10,uc605807.2,uc605807,2,0.9789600133009257,0.2193931022920578,LV,0.0,0
10,uc605801.2,uc605801,2,0.9850960184797523,0.2193931022920578,LV,0.0,0
10,uc607384.2,uc607384,2,0.9811481397653433,0.2193931022920578,LV,0.0,0
10,uc607385.2,uc607385,2,0.9862586639191783,0.2193931022920578,LV,0.0,0
10,uc609682.2,uc609682,2,0.9799805608102937,0.2193931022920578,LV,0.0,0
10,uc609683.2,uc609683,2,0.9880388388701166,0.2193931022920578,LV,0.0,0
10,uc607377.2,uc607377,2,0.98974992104047,0.2193931022920578,LV,0.0,0
10,uc607382.2,uc607382,2,0.9871959163841584,0.2193931022920578,LV,0.0,0
10,uc606117.2,uc606117,2,0.9820117288154673,0.2193931022920578,LV,0.0,0
10,uc606120.2,uc606120,2,0.981669570380788,0.2193931022920578,LV,0.0,0
10,uc623433.2,uc623433,2,0.9787555737407441,0.2193931022920578,LV,0.0,0
10,uc623007.2,uc623007,2,0.9876060981321527,0.2193931022920578,LV,0.0,0
10,uc606147.2,uc606147,2,1.0668563251066177,0.2193931022920578,LV,0.01685632510661761,1
10,uc606148.2,uc606148,2,0.9957030989424174,0.2193931022920578,LV,0.0,0
10,uc606150.2,uc606150,2,0.9951588768184505,0.2193931022920578,LV,0.0,0
10,uc606109.2,uc606109,2,0.9806668600748939,0.2193931022920578,LV,0.0,0
10,uc606110.2,uc606110,2,0.9800526965368618,0.2193931022920578,LV,0.0,0
10,uc606111.2,uc606111,2,0.9819758693957236,0.2193931022920578,LV,0.0,0
10,uc622720.2,uc622720,2,0.984722274861277,0.2193931022920578,LV,0.0,0
10,uc623004.2,uc623004,2,0.9949551376992437,0.2193931022920578,LV,0.0,0
10,uc606103.2,uc606103,2,0.9825835193285756,0.2193931022920578,LV,0.0,0
10,uc606139.2,uc606139,2,1.0147769732027612,0.2193931022920578,LV,0.0,0
10,uc606143.2,uc606143,2,1.0329059978907835,0.2193931022920578,LV,0.0,0
10,uc605921.2,uc605921,2,0.9848859063884977,0.2193931022920578,LV,0.0,0
10,uc605915.2,uc605915,2,0.9843152648288692,0.2193931022920578,LV,0.0,0
10,uc606101.2,uc606101,2,0.983120020638651,0.2193931022920578,LV,0.0,0
10,uc622273.2,uc622273,2,1.0305714623231332,0.2193931022920578,LV,0.0,0
10,uc605990.2,uc605990,2,0.9779966823527685,0.2193931022920578,LV,0.0,0
10,uc606130.2,uc606130,2,0.9835163808901739,0.2193931022920578,LV,0.0,0
10,uc606132.2,uc606132,2,0.9814855347383229,0.2193931022920578,LV,0.0,0
10,uc622258.2,uc622258,2,0.9844155167517805,0.2193931022920578,LV,0.0,0
10,uc622270.2,uc622270,2,0.9929324909450763,0.2193931022920578,LV,0.0,0
10,uc605905.2,uc605905,2,0.9822649219715179,0.2193931022920578,LV,0.0,0
10,uc605909.2,uc605909,2,0.9861877765657224,0.2193931022920578,LV,0.0,0
10,uc605910.2,uc605910,2,0.9832015101949635,0.2193931022920578,LV,0.0,0
10,uc605911.2,uc605911,2,0.9838784855754555,0.2193931022920578,LV,0.0,0
10,uc606128.2,uc606128,2,0.9830351557670035,0.2193931022920578,LV,0.0,0
10,uc605904.2,uc605904,2,0.9823398879660942,0.2193931022920578,LV,0.0,0
10,uc1239552.2,uc1239552,2,0.9844571000619214,0.2193931022920578,LV,0.0,0
10,uc605817.2,uc605817,2,0.9854266960615492,0.2193931022920578,LV,0.0,0
10,uc605819.2,uc605819,2,0.9985293930960722,0.2193931022920578,LV,0.0,0
10,uc605820.2,uc605820,2,0.9784518272278441,0.2193931022920578,LV,0.0,0
10,uc605821.2,uc605821,2,0.9820932362868634,0.2193931022920578,LV,0.0,0
10,uc605822.2,uc605822,2,0.9783198679094353,0.2193931022920578,LV,0.0,0
10,uc639280.2,uc639280,2,1.001212487958594,0.2193931022920578,LV,0.0,0
10,uc605898.2,uc605898,2,0.9870639577818947,0.2193931022920578,LV,0.0,0
10,uc605902.2,uc605902,2,0.9830965964939683,0.2193931022920578,LV,0.0,0
10,uc605982.2,uc605982,2,0.9788554415965709,0.2193931022920578,LV,0.0,0
10,uc605988.2,uc605988,2,0.9774129462224931,0.2193931022920578,LV,0.0,0
10,uc606126.2,uc606126,2,0.9934942736104226,0.2193931022920578,LV,0.0,0
10,uc606127.2,uc606127,2,0.9818819369554056,0.2193931022920578,LV,0.0,0
10,uc605896.2,uc605896,2,0.9794103924987793,0.2193931022920578,LV,0.0,0
10,uc606121.2,uc606121,2,0.9810804578074734,0.2193931022920578,LV,0.0,0
10,uc606122.2,uc606122,2,0.978861189438352,0.2193931022920578,LV,0.0,0
10,uc606123.2,uc606123,2,1.0029529836835456,0.2193931022920578,LV,0.0,0
10,uc622709.2,uc622709,2,0.9843163984864696,0.2193931022920578,LV,0.0,0
10,uc639277.2,uc639277,2,0.9822081540262168,0.2193931022920578,LV,0.0,0
10,uc1139390.2,uc1139390,2,0.984420924515407,0.2193931022920578,LV,0.0,0
10,uc605864.2,uc605864,2,0.9863087265187576,0.2193931022920578,LV,0.0,0
10,uc605865.2,uc605865,2,0.9889401292294328,0.2193931022920578,LV,0.0,0
10,uc638617.2,uc638617,2,0.9885748584374554,0.2193931022920578,LV,0.0,0
10,uc605855.2,uc605855,2,0.9813571597111201,0.2193931022920578,LV,0.0,0
10,uc1638606.2,uc1638606,2,0.9952364418538752,0.2193931022920578,LV,0.0,0
10,uc1638954.2,uc1638954,2,0.9953342131010742,0.2193931022920578,LV,0.0,0
10,uc605836.2,uc605836,2,0.9708597910499759,0.2193931022920578,LV,0.0,0
10,uc1607303.2,uc1607303,2,0.9852761354265778,0.2193931022920578,LV,0.0,0
10,uc637705.2,uc637705,2,0.9841838416621866,0.2193931022920578,LV,0.0,0
10,uc1637704.2,uc1637704,2,1.001903885423731,0.2193931022920578,LV,0.0,0
10,uc637576.2,uc637576,2,1.0037791320863467,0.2193931022920578,LV,0.0,0
10,uc637918.2,uc637918,2,1.0046995389543218,0.2193931022920578,LV,0.0,0
10,uc637360.2,uc637360,2,0.9803405937465357,0.2193931022920578,LV,0.0,0
10,uc637397.2,uc637397,2,0.9825319460281394,0.2193931022920578,LV,0.0,0
10,uc636933.2,uc636933,2,1.0123925030318164,0.2193931022920578,LV,0.0,0
10,uc605908.2,uc605908,2,0.9876537738463869,0.2193931022920578,LV,0.0,0
10,uc635963.2,uc635963,2,0.9817142537662445,0.2193931022920578,LV,0.0,0
10,uc635543.2,uc635543,2,0.9868365728869885,0.2193931022920578,LV,0.0,0
10,uc635966.2,uc635966,2,0.9858826678996261,0.2193931022920578,LV,0.0,0
10,uc627328.2,uc627328,2,0.9771456344516469,0.2193931022920578,LV,0.0,0
10,uc635550.2,uc635550,2,0.9835427576689901,0.2193931022920578,LV,0.0,0
10,uc635862.2,uc635862,2,0.9951275199482199,0.2193931022920578,LV,0.0,0
10,uc3435739.2,uc3435739,2,1.0028812858744725,0.2193931022920578,LV,0.0,0
10,uc634166.2,uc634166,2,0.9858838434748601,0.2193931022920578,LV,0.0,0
10,uc1633671.2,uc1633671,2,1.012560071140698,0.2193931022920578,LV,0.0,0
10,uc633056.2,uc633056,2,0.9879297633883524,0.2193931022920578,LV,0.0,0
10,uc632607.2,uc632607,2,0.9682032226981819,0.2193931022920578,LV,0.0,0
10,uc1632402.2,uc1632402,2,0.9844522005500227,0.2193931022920578,LV,0.0,0
10,uc1131858.2,uc1131858,2,0.9811114668298903,0.2193931022920578,LV,0.0,0
10,uc631391.2,uc631391,2,0.9731988394621787,0.2193931022920578,LV,0.0,0
10,uc1630759.2,uc1630759,2,0.983566757499019,0.2193931022920578,LV,0.0,0
10,uc630758.2,uc630758,2,1.0256905061620323,0.2193931022920578,LV,0.0,0
10,uc630753.2,uc630753,2,0.9819887826799348,0.2193931022920578,LV,0.0,0
10,uc628766.2,uc628766,2,0.9835262963419706,0.2193931022920578,LV,0.0,0
10,uc627346.2,uc627346,2,0.9846830572467626,0.2193931022920578,LV,0.0,0
10,uc1629422.2,uc1629422,2,0.9839298731668608,0.2193931022920578,LV,0.0,0
10,60651.3,60651,3,0.9865586371100739,13.336791218280357,MV,0.0,0
10,60721.3,60721,3,0.9864683148765687,13.336791218280357,MV,0.0,0
10,164151.3,164151,3,0.9875183012971555,13.336791218280357,MV,0.0,0
10,302191.3,302191,3,0.9835964959170412,13.336791218280357,MV,0.0,0
10,320841.3,320841,3,0.9812423161303139,13.336791218280357,MV,0.0,0
10,337711.3,337711,3,0.9836286634362206,13.336791218280357,MV,0.0,0
10,358691.3,358691,3,0.996676658906813,13.336791218280357,MV,0.0,0
10,et6_1177.3,et6_1177,3,0.9884626768524414,0.2193931022920578,LV,0.0,0
10,461501.3,461501,3,0.9883607176208675,13.336791218280357,MV,0.0,0
10,686891.3,686891,3,0.984447070187544,13.336791218280357,MV,0.0,0
10,703601.3,703601,3,0.987872076895081,13.336791218280357,MV,0.0,0
10,713791.3,713791,3,0.9836131687927184,13.336791218280357,MV,0.0,0
10,725731.3,725731,3,0.9821361360639281,13.336791218280357,MV,0.0,0
10,809501.3,809501,3,0.9847738521881964,13.336791218280357,MV,0.0,0
10,811221.3,811221,3,0.9876696878239356,13.336791218280357,MV,0.0,0
10,815111.3,815111,3,0.9836680189930723,13.336791218280357,MV,0.0,0
10,822371.3,822371,3,0.9826264380333287,13.336791218280357,MV,0.0,0
10,820611.3,820611,3,0.9856788291506221,13.336791218280357,MV,0.0,0
10,822641.3,822641,3,0.9831235341341941,13.336791218280357,MV,0.0,0
10,618431.3,618431,3,0.9865569880721166,13.336791218280357,MV,0.0,0
10,bt10401.3,bt10401,3,0.9888445035059753,0.2193931022920578,LV,0.0,0
10,bt197792.3,bt197792,3,0.9888445049476418,0.2193931022920578,LV,0.0,0
10,bt800551.3,bt800551,3,0.9888445047777134,0.2193931022920578,LV,0.0,0
10,bt295341.3,bt295341,3,0.9888445062541835,0.2193931022920578,LV,0.0,0
10,bt800541.3,bt800541,3,0.9888445056260929,0.2193931022920578,LV,0.0,0
10,bt295361.3,bt295361,3,0.9888445069247556,0.2193931022920578,LV,0.0,0
10,bt474991.3,bt474991,3,0.9888445073829776,0.2193931022920578,LV,0.0,0
10,uc627336.3,uc627336,3,0.9857820938046656,0.2193931022920578,LV,0.0,0
10,uc1620373.3,uc1620373,3,0.9848176393679026,0.2193931022920578,LV,0.0,0
10,uc1607302.3,uc1607302,3,0.984785626193604,0.2193931022920578,LV,0.0,0
10,uc1607304.3,uc1607304,3,0.9845654875904124,0.2193931022920578,LV,0.0,0
10,uc1607298.3,uc1607298,3,0.9856924929954864,0.2193931022920578,LV,0.0,0
10,uc1607280.3,uc1607280,3,0.983883954157904,0.2193931022920578,LV,0.0,0
10,uc1607285.3,uc1607285,3,0.9847592522733214,0.2193931022920578,LV,0.0,0
10,uc1607279.3,uc1607279,3,0.9849270827184112,0.2193931022920578,LV,0.0,0
10,uc1607347.3,uc1607347,3,1.0592104305591572,0.2193931022920578,LV,0.009210430559157157,1
10,uc1124340.3,uc1124340,3,0.9847176958678099,0.2193931022920578,LV,0.0,0
10,uc605816.3,uc605816,3,1.011031585006513,0.2193931022920578,LV,0.0,0
10,uc605815.3,uc605815,3,0.9923841785008569,0.2193931022920578,LV,0.0,0
10,uc621171.3,uc621171,3,0.9804899271207956,0.2193931022920578,LV,0.0,0
10,uc607384.3,uc607384,3,0.9812913845292824,0.2193931022920578,LV,0.0,0
10,uc606117.3,uc606117,3,0.9821511798633501,0.2193931022920578,LV,0.0,0
10,uc606120.3,uc606120,3,0.9818090929826778,0.2193931022920578,LV,0.0,0
10,uc623007.3,uc623007,3,0.9881446794487713,0.2193931022920578,LV,0.0,0
10,uc605867.3,uc605867,3,0.9874851608441184,0.2193931022920578,LV,0.0,0
10,uc606150.3,uc606150,3,0.9952381162350971,0.2193931022920578,LV,0.0,0
10,uc606109.3,uc606109,3,0.9808065839738822,0.2193931022920578,LV,0.0,0
10,uc606110.3,uc606110,3,0.9801924150572033,0.2193931022920578,LV,0.0,0
10,uc606111.3,uc606111,3,0.9821153429405245,0.2193931022920578,LV,0.0,0
10,uc622722.3,uc622722,3,0.9908871513263391,0.2193931022920578,LV,0.0,0
10,uc623004.3,uc623004,3,0.9968948002561254,0.2193931022920578,LV,0.0,0
10,uc606101.3,uc606101,3,0.9832496042150252,0.2193931022920578,LV,0.0,0
10,uc606132.3,uc606132,3,0.9816333267408041,0.2193931022920578,LV,0.0,0
10,uc605910.3,uc605910,3,0.9833369582448831,0.2193931022920578,LV,0.0,0
10,uc605911.3,uc605911,3,0.9840137482512172,0.2193931022920578,LV,0.0,0
10,uc605904.3,uc605904,3,0.9848430013109198,0.2193931022920578,LV,0.0,0
10,uc1239552.3,uc1239552,3,0.9848720353040689,0.2193931022920578,LV,0.0,0
10,uc605821.3,uc605821,3,0.9840704717619791,0.2193931022920578,LV,0.0,0
10,uc639280.3,uc639280,3,1.0015305422686442,0.2193931022920578,LV,0.0,0
10,uc605898.3,uc605898,3,0.9859619569409649,0.2193931022920578,LV,0.0,0
10,uc605902.3,uc605902,3,0.9832577075592086,0.2193931022920578,LV,0.0,0
10,uc606126.3,uc606126,3,0.9936378247078234,0.2193931022920578,LV,0.0,0
10,uc606127.3,uc606127,3,0.982030196688156,0.2193931022920578,LV,0.0,0
10,uc606121.3,uc606121,3,0.9812195363627564,0.2193931022920578,LV,0.0,0
10,uc606122.3,uc606122,3,0.9789998321489717,0.2193931022920578,LV,0.0,0
10,uc639277.3,uc639277,3,0.9841854253615245,0.2193931022920578,LV,0.0,0
10,uc1139390.3,uc1139390,3,0.9848358445090823,0.2193931022920578,LV,0.0,0
10,uc637576.3,uc637576,3,1.0039122706162384,0.2193931022920578,LV,0.0,0
10,uc637918.3,uc637918,3,1.0050187012456657,0.2193931022920578,LV,0.0,0
10,uc637360.3,uc637360,3,0.9804803449531586,0.2193931022920578,LV,0.0,0
10,uc637397.3,uc637397,3,0.9828711091891573,0.2193931022920578,LV,0.0,0
10,uc635963.3,uc635963,3,0.9818537545692643,0.2193931022920578,LV,0.0,0
10,uc635543.3,uc635543,3,0.9869733138188637,0.2193931022920578,LV,0.0,0
10,uc635966.3,uc635966,3,0.9860192513930454,0.2193931022920578,LV,0.0,0
10,uc635550.3,uc635550,3,0.9836915375248898,0.2193931022920578,LV,0.0,0
10,uc635862.3,uc635862,3,0.9940742310790704,0.2193931022920578,LV,0.0,0
10,uc1633671.3,uc1633671,3,1.0126010857776295,0.2193931022920578,LV,0.0,0
10,uc632607.3,uc632607,3,0.9685460724774977,0.2193931022920578,LV,0.0,0
10,uc1629422.3,uc1629422,3,0.986110877163014,0.2193931022920578,LV,0.0,0
11,60651.1,60651,1,0.9865434318962661,13.336791218280357,MV,0.0,0
11,60721.1,60721,1,0.9864492968945296,13.336791218280357,MV,0.0,0
11,164151.1,164151,1,0.9875562291880492,13.336791218280357,MV,0.0,0
11,302191.1,302191,1,0.9837449999828576,13.336791218280357,MV,0.0,0
11,320841.1,320841,1,0.9809952122813514,13.336791218280357,MV,0.0,0
11,337711.1,337711,1,0.9837756036542497,13.336791218280357,MV,0.0,0
11,358691.1,358691,1,0.997009603057173,13.336791218280357,MV,0.0,0
11,et6_1177.1,et6_1177,1,0.9871216636454326,0.2193931022920578,LV,0.0,0
11,461501.1,461501,1,0.9884409274867021,13.336791218280357,MV,0.0,0
11,686891.1,686891,1,0.9844377628047483,13.336791218280357,MV,0.0,0
11,703601.1,703601,1,0.9879218855429192,13.336791218280357,MV,0.0,0
11,713791.1,713791,1,0.9835238036091322,13.336791218280357,MV,0.0,0
11,725731.1,725731,1,0.9819516547697423,13.336791218280357,MV,0.0,0
11,809501.1,809501,1,0.9847705419615725,13.336791218280357,MV,0.0,0
11,811221.1,811221,1,0.9877192353325572,13.336791218280357,MV,0.0,0
11,815111.1,815111,1,0.9838249076567688,13.336791218280357,MV,0.0,0
11,822371.1,822371,1,0.9824726761060452,13.336791218280357,MV,0.0,0
11,820611.1,820611,1,0.9856375542345358,13.336791218280357,MV,0.0,0
11,822641.1,822641,1,0.9830061389624233,13.336791218280357,MV,0.0,0
11,618431.1,618431,1,0.9865415620153424,13.336791218280357,MV,0.0,0
11,bt10401.1,bt10401,1,0.9798140143131324,0.2193931022920578,LV,0.0,0
11,bt197792.1,bt197792,1,0.9790170625795029,0.2193931022920578,LV,0.0,0
11,bt800551.1,bt800551,1,0.9791669863213394,0.2193931022920578,LV,0.0,0
11,bt295341.1,bt295341,1,0.9782296653350403,0.2193931022920578,LV,0.0,0
11,bt800541.1,bt800541,1,0.978666131873583,0.2193931022920578,LV,0.0,0
11,bt295361.1,bt295361,1,0.9778270738721582,0.2193931022920578,LV,0.0,0
11,bt474991.1,bt474991,1,0.9775100387728524,0.2193931022920578,LV,0.0,0
11,uc626695.1,uc626695,1,0.9748442591110014,0.2193931022920578,LV,0.0,0
11,uc1627323.1,uc1627323,1,0.9841751590926913,0.2193931022920578,LV,0.0,0
11,uc1627342.1,uc1627342,1,0.997951511376711,0.2193931022920578,LV,0.0,0
11,uc627343.1,uc627343,1,0.9841360923904291,0.2193931022920578,LV,0.0,0
11,uc627344.1,uc627344,1,0.9898054404005826,0.2193931022920578,LV,0.0,0
11,uc1626672.1,uc1626672,1,0.0,0.1270170592217177,LV,0.95,1
11,uc1626490.1,uc1626490,1,0.993649625391486,0.2193931022920578,LV,0.0,0
11,uc3422706.1,uc3422706,1,0.9879364586423303,0.2193931022920578,LV,0.0,0
11,uc3425629.1,uc3425629,1,0.9879935340419695,0.2193931022920578,LV,0.0,0
11,uc3422597.1,uc3422597,1,0.9940930658383271,0.2193931022920578,LV,0.0,0
11,uc3405843.1,uc3405843,1,0.9859563639209661,0.2193931022920578,LV,0.0,0
11,uc3405844.1,uc3405844,1,1.0128986173249703,0.2193931022920578,LV,0.0,0
11,uc3405845.1,uc3405845,1,1.01149983516269,0.2193931022920578,LV,0.0,0
11,uc3405846.1,uc3405846,1,0.9862197429002625,0.2193931022920578,LV,0.0,0
11,uc1626486.1,uc1626486,1,0.9962650370113958,0.2193931022920578,LV,0.0,0
11,uc1626487.1,uc1626487,1,0.9843677006199549,0.2193931022920578,LV,0.0,0
11,uc626481.1,uc626481,1,0.9852971836865083,0.2193931022920578,LV,0.0,0
11,uc626678.1,uc626678,1,0.9845518798395443,0.2193931022920578,LV,0.0,0
11,uc626698.1,uc626698,1,0.9892683005731346,0.2193931022920578,LV,0.0,0
11,uc626476.1,uc626476,1,0.9815948280745321,0.2193931022920578,LV,0.0,0
11,uc1627321.1,uc1627321,1,0.9976809815845722,0.2193931022920578,LV,0.0,0
11,uc1607319.1,uc1607319,1,0.9806273073169977,0.2193931022920578,LV,0.0,0
11,uc1607308.1,uc1607308,1,0.9839279688873726,0.2193931022920578,LV,0.0,0
11,uc1624026.1,uc1624026,1,0.0,0.1270170592217177,LV,0.95,1
11,uc1625170.1,uc1625170,1,0.9877178191702519,0.2193931022920578,LV,0.0,0
11,uc1621994.1,uc1621994,1,0.99580298032504,0.2193931022920578,LV,0.0,0
11,uc1620360.1,uc1620360,1,0.9944520311335763,0.2193931022920578,LV,0.0,0
11,uc1620373.1,uc1620373,1,0.9831553917991928,0.2193931022920578,LV,0.0,0
11,uc1607302.1,uc1607302,1,0.983203854190657,0.2193931022920578,LV,0.0,0
11,uc1607304.1,uc1607304,1,0.9818331598145582,0.2193931022920578,LV,0.0,0
11,uc1607305.1,uc1607305,1,0.9814052288315279,0.2193931022920578,LV,0.0,0
11,uc1607306.1,uc1607306,1,0.9834263598153459,0.2193931022920578,LV,0.0,0
11,uc1607297.1,uc1607297,1,0.9865781696308126,0.2193931022920578,LV,0.0,0
11,uc1607298.1,uc1607298,1,0.98408635305486,0.2193931022920578,LV,0.0,0
11,uc1607289.1,uc1607289,1,0.9884583590375914,0.2193931022920578,LV,0.0,0
11,uc1607290.1,uc1607290,1,0.9885363968340415,0.2193931022920578,LV,0.0,0
11,uc1607291.1,uc1607291,1,0.9866708190984494,0.2193931022920578,LV,0.0,0
11,uc1607280.1,uc1607280,1,0.9825742058751423,0.2193931022920578,LV,0.0,0
11,uc1607283.1,uc1607283,1,0.9794269952951306,0.2193931022920578,LV,0.0,0
11,uc1607285.1,uc1607285,1,0.9810683271589233,0.2193931022920578,LV,0.0,0
11,uc1607287.1,uc1607287,1,0.9844458437762237,0.2193931022920578,LV,0.0,0
11,uc1607288.1,uc1607288,1,0.9842920205647591,0.2193931022920578,LV,0.0,0
11,uc1607279.1,uc1607279,1,0.9835694801566104,0.2193931022920578,LV,0.0,0
11,uc1607357.1,uc1607357,1,0.9869261465405887,0.2193931022920578,LV,0.0,0
11,uc1607358.1,uc1607358,1,0.9867242392412665,0.2193931022920578,LV,0.0,0
11,uc1607368.1,uc1607368,1,0.0,0.1270170592217177,LV,0.95,1
11,uc1607277.1,uc1607277,1,0.9972026636105008,0.2193931022920578,LV,0.0,0
11,uc1607278.1,uc1607278,1,1.0000531533623738,0.2193931022920578,LV,0.0,0
11,uc1607272.1,uc1607272,1,1.004168784347209,0.2193931022920578,LV,0.0,0
11,uc1607273.1,uc1607273,1,0.9984533364189894,0.2193931022920578,LV,0.0,0
11,uc1607353.1,uc1607353,1,0.9884097650661078,0.2193931022920578,LV,0.0,0
11,uc1607347.1,uc1607347,1,1.064985650030819,0.2193931022920578,LV,0.014985650030818976,1
11,uc1607349.1,uc1607349,1,0.9950768858533526,0.2193931022920578,LV,0.0,0
11,uc1107342.1,uc1107342,1,0.9812839108726654,0.2193931022920578,LV,0.0,0
11,uc1107340.1,uc1107340,1,0.9792982446670171,0.2193931022920578,LV,0.0,0
11,uc1105833.1,uc1105833,1,0.9845540452641558,0.2193931022920578,LV,0.0,0
11,uc1107330.1,uc1107330,1,0.9787405293967011,0.2193931022920578,LV,0.0,0
11,uc1607265.1,uc1607265,1,0.9818099752460406,0.2193931022920578,LV,0.0,0
11,uc1607268.1,uc1607268,1,0.9947624304460747,0.2193931022920578,LV,0.0,0
11,uc1607252.1,uc1607252,1,0.9842343874493454,0.2193931022920578,LV,0.0,0
11,uc1605991.1,uc1605991,1,0.9851997218773565,0.2193931022920578,LV,0.0,0
11,uc1605996.1,uc1605996,1,1.0045102811814701,0.2193931022920578,LV,0.0,0
11,uc1607257.1,uc1607257,1,0.9864918390807996,0.2193931022920578,LV,0.0,0
11,uc1607258.1,uc1607258,1,0.9842422768966376,0.2193931022920578,LV,0.0,0
11,uc1124340.1,uc1124340,1,0.9817682540504684,0.2193931022920578,LV,0.0,0
11,uc605816.1,uc605816,1,1.012455336692554,0.2193931022920578,LV,0.0,0
11,uc605813.1,uc605813,1,0.9867396988815371,0.2193931022920578,LV,0.0,0
11,uc609684.1,uc609684,1,0.9900372704460537,0.2193931022920578,LV,0.0,0
11,uc609686.1,uc609686,1,0.9903799041476782,0.2193931022920578,LV,0.0,0
11,uc609688.1,uc609688,1,0.9971951630330541,0.2193931022920578,LV,0.0,0
11,uc621168.1,uc621168,1,0.9839462973288606,0.2193931022920578,LV,0.0,0
11,uc621171.1,uc621171,1,0.9792443786532565,0.2193931022920578,LV,0.0,0
11,uc605808.1,uc605808,1,0.9906530681125245,0.2193931022920578,LV,0.0,0
11,uc605809.1,uc605809,1,0.9789788641022628,0.2193931022920578,LV,0.0,0
11,uc605810.1,uc605810,1,0.9892932836092307,0.2193931022920578,LV,0.0,0
11,uc605970.1,uc605970,1,0.9861885094197663,0.2193931022920578,LV,0.0,0
11,uc605803.1,uc605803,1,0.9881616661622615,0.2193931022920578,LV,0.0,0
11,uc605804.1,uc605804,1,0.9894008098716198,0.2193931022920578,LV,0.0,0
11,uc605806.1,uc605806,1,0.9859294021434373,0.2193931022920578,LV,0.0,0
11,uc607384.1,uc607384,1,0.9801404574244431,0.2193931022920578,LV,0.0,0
11,uc607387.1,uc607387,1,0.9864723943255371,0.2193931022920578,LV,0.0,0
11,uc609682.1,uc609682,1,0.9833135529223834,0.2193931022920578,LV,0.0,0
11,uc624033.1,uc624033,1,0.9938845503498822,0.2193931022920578,LV,0.0,0
11,uc625156.1,uc625156,1,0.9881879103622158,0.2193931022920578,LV,0.0,0
11,uc625624.1,uc625624,1,0.9817050028125995,0.2193931022920578,LV,0.0,0
11,uc625625.1,uc625625,1,0.9902590312548146,0.2193931022920578,LV,0.0,0
11,uc607366.1,uc607366,1,0.9789477105799566,0.2193931022920578,LV,0.0,0
11,uc607367.1,uc607367,1,0.9891378373672901,0.2193931022920578,LV,0.0,0
11,uc606114.1,uc606114,1,0.9818846364167609,0.2193931022920578,LV,0.0,0
11,uc606117.1,uc606117,1,0.9808298500197183,0.2193931022920578,LV,0.0,0
11,uc606120.1,uc606120,1,0.9805118500585174,0.2193931022920578,LV,0.0,0
11,uc623015.1,uc623015,1,0.9779657272995348,0.2193931022920578,LV,0.0,0
11,uc623432.1,uc623432,1,0.9860324029398065,0.2193931022920578,LV,0.0,0
11,uc624028.1,uc624028,1,0.9855540400872336,0.2193931022920578,LV,0.0,0
11,uc605873.1,uc605873,1,0.9882852697201565,0.2193931022920578,LV,0.0,0
11,uc623007.1,uc623007,1,0.9868181962839612,0.2193931022920578,LV,0.0,0
11,uc606147.1,uc606147,1,1.046081639857002,0.2193931022920578,LV,0.0,0
11,uc606148.1,uc606148,1,0.9953600255023473,0.2193931022920578,LV,0.0,0
11,uc606150.1,uc606150,1,0.9949417129264607,0.2193931022920578,LV,0.0,0
11,uc606109.1,uc606109,1,0.9795550632974562,0.2193931022920578,LV,0.0,0
11,uc606110.1,uc606110,1,0.9789689188223223,0.2193931022920578,LV,0.0,0
11,uc606111.1,uc606111,1,0.9808023674968136,0.2193931022920578,LV,0.0,0
11,uc622777.1,uc622777,1,0.9962068435412423,0.2193931022920578,LV,0.0,0
11,uc623004.1,uc623004,1,0.9962702648385903,0.2193931022920578,LV,0.0,0
11,uc606103.1,uc606103,1,0.9838960643510933,0.2193931022920578,LV,0.0,0
11,uc606139.1,uc606139,1,1.0050656940269367,0.2193931022920578,LV,0.0,0
11,uc606141.1,uc606141,1,1.0085825439264653,0.2193931022920578,LV,0.0,0
11,uc606143.1,uc606143,1,1.0131312170650675,0.2193931022920578,LV,0.0,0
11,uc605921.1,uc605921,1,0.9853553121395834,0.2193931022920578,LV,0.0,0
11,uc622713.1,uc622713,1,0.9847121956563227,0.2193931022920578,LV,0.0,0
11,uc622714.1,uc622714,1,0.9887738259431412,0.2193931022920578,LV,0.0,0
11,uc605993.1,uc605993,1,0.9854088962234302,0.2193931022920578,LV,0.0,0
11,uc606101.1,uc606101,1,0.9810995845610986,0.2193931022920578,LV,0.0,0
11,uc606102.1,uc606102,1,0.9803441076799542,0.2193931022920578,LV,0.0,0
11,uc622273.1,uc622273,1,1.0106749184634982,0.2193931022920578,LV,0.0,0
11,uc622703.1,uc622703,1,0.9749021757834856,0.2193931022920578,LV,0.0,0
11,uc605989.1,uc605989,1,0.9895062284154772,0.2193931022920578,LV,0.0,0
11,uc606130.1,uc606130,1,0.9841030667003785,0.2193931022920578,LV,0.0,0
11,uc606132.1,uc606132,1,0.9805001297028273,0.2193931022920578,LV,0.0,0
11,uc605914.1,uc605914,1,1.0003183335790975,0.2193931022920578,LV,0.0,0
11,uc622257.1,uc622257,1,0.9851659587079137,0.2193931022920578,LV,0.0,0
11,uc605909.1,uc605909,1,0.9861354304587546,0.2193931022920578,LV,0.0,0
11,uc605910.1,uc605910,1,0.982183112188716,0.2193931022920578,LV,0.0,0
11,uc605911.1,uc605911,1,0.9828274521888061,0.2193931022920578,LV,0.0,0
11,uc606128.1,uc606128,1,0.9839203822275103,0.2193931022920578,LV,0.0,0
11,uc605823.1,uc605823,1,0.9809447339993238,0.2193931022920578,LV,0.0,0
11,uc605824.1,uc605824,1,0.9852929802385734,0.2193931022920578,LV,0.0,0
11,uc605904.1,uc605904,1,0.9837671825156611,0.2193931022920578,LV,0.0,0
11,uc621999.1,uc621999,1,0.9886723064007639,0.2193931022920578,LV,0.0,0
11,uc639553.1,uc639553,1,0.9794615222332902,0.2193931022920578,LV,0.0,0
11,uc1239552.1,uc1239552,1,0.9831656233595034,0.2193931022920578,LV,0.0,0
11,uc605817.1,uc605817,1,0.9857062209336324,0.2193931022920578,LV,0.0,0
11,uc605819.1,uc605819,1,0.9924860669806645,0.2193931022920578,LV,0.0,0
11,uc605820.1,uc605820,1,0.9836947927115393,0.2193931022920578,LV,0.0,0
11,uc605821.1,uc605821,1,0.9815953252746367,0.2193931022920578,LV,0.0,0
11,uc639280.1,uc639280,1,1.0019641980299279,0.2193931022920578,LV,0.0,0
11,uc605898.1,uc605898,1,0.9850847479363489,0.2193931022920578,LV,0.0,0
11,uc605901.1,uc605901,1,0.987586842412379,0.2193931022920578,LV,0.0,0
11,uc605902.1,uc605902,1,0.9823023924564486,0.2193931022920578,LV,0.0,0
11,uc605985.1,uc605985,1,0.987117236376928,0.2193931022920578,LV,0.0,0
11,uc606126.1,uc606126,1,0.9935419059024378,0.2193931022920578,LV,0.0,0
11,uc606127.1,uc606127,1,0.9808764740894963,0.2193931022920578,LV,0.0,0
11,uc605896.1,uc605896,1,0.980165260713971,0.2193931022920578,LV,0.0,0
11,uc606121.1,uc606121,1,0.9800804212478494,0.2193931022920578,LV,0.0,0
11,uc606122.1,uc606122,1,0.9779897812203768,0.2193931022920578,LV,0.0,0
11,uc606123.1,uc606123,1,1.0041305587063074,0.2193931022920578,LV,0.0,0
11,uc606124.1,uc606124,1,0.986085040941639,0.2193931022920578,LV,0.0,0
11,uc605825.1,uc605825,1,0.9827901672194718,0.2193931022920578,LV,0.0,0
11,uc623427.1,uc623427,1,1.0041305718023785,0.2193931022920578,LV,0.0,0
11,uc609687.1,uc609687,1,0.9907330170881241,0.2193931022920578,LV,0.0,0
11,uc639277.1,uc639277,1,0.9817050028188331,0.2193931022920578,LV,0.0,0
11,uc1139390.1,uc1139390,1,0.983129495272005,0.2193931022920578,LV,0.0,0
11,uc605863.1,uc605863,1,0.9892083197478179,0.2193931022920578,LV,0.0,0
11,uc605865.1,uc605865,1,0.9894686375858622,0.2193931022920578,LV,0.0,0
11,uc1138614.1,uc1138614,1,0.9825725041368346,0.2193931022920578,LV,0.0,0
11,uc605855.1,uc605855,1,0.9846270784824084,0.2193931022920578,LV,0.0,0
11,uc605828.1,uc605828,1,0.9822081186963023,0.2193931022920578,LV,0.0,0
11,uc605829.1,uc605829,1,0.9864987639484304,0.2193931022920578,LV,0.0,0
11,uc605834.1,uc605834,1,0.9795922335161323,0.2193931022920578,LV,0.0,0
11,uc605835.1,uc605835,1,0.9796543698971358,0.2193931022920578,LV,0.0,0
11,uc605827.1,uc605827,1,0.982154190903964,0.2193931022920578,LV,0.0,0
11,uc627337.1,uc627337,1,0.9868226111715658,0.2193931022920578,LV,0.0,0
11,uc637912.1,uc637912,1,0.9865688132505338,0.2193931022920578,LV,0.0,0
11,uc637576.1,uc637576,1,1.0050577931774964,0.2193931022920578,LV,0.0,0
11,uc637356.1,uc637356,1,0.9864214285347588,0.2193931022920578,LV,0.0,0
11,uc637918.1,uc637918,1,1.005909039556813,0.2193931022920578,LV,0.0,0
11,uc637360.1,uc637360,1,0.979240970783808,0.2193931022920578,LV,0.0,0
11,uc637399.1,uc637399,1,0.9785301262556372,0.2193931022920578,LV,0.0,0
11,uc637397.1,uc637397,1,0.9812536804491857,0.2193931022920578,LV,0.0,0
11,uc1137150.1,uc1137150,1,0.9859439162981519,0.2193931022920578,LV,0.0,0
11,uc1636598.1,uc1636598,1,0.0,0.1270170592217177,LV,0.95,1
11,uc636933.1,uc636933,1,1.0024375721028278,0.2193931022920578,LV,0.0,0
11,uc635963.1,uc635963,1,0.9805478588924476,0.2193931022920578,LV,0.0,0
11,uc635543.1,uc635543,1,0.9863732551145654,0.2193931022920578,LV,0.0,0
11,uc635966.1,uc635966,1,0.98531922212127,0.2193931022920578,LV,0.0,0
11,uc635550.1,uc635550,1,0.9824604696842696,0.2193931022920578,LV,0.0,0
11,uc635862.1,uc635862,1,0.9948482202804872,0.2193931022920578,LV,0.0,0
11,uc1635694.1,uc1635694,1,1.000807571077834,0.2193931022920578,LV,0.0,0
11,uc3435739.1,uc3435739,1,0.9973827374162693,0.2193931022920578,LV,0.0,0
11,uc1635060.1,uc1635060,1,0.9931387058567848,0.2193931022920578,LV,0.0,0
11,uc1607271.1,uc1607271,1,0.9942172021414111,0.2193931022920578,LV,0.0,0
11,uc605884.1,uc605884,1,0.9859395518150468,0.2193931022920578,LV,0.0,0
11,uc1609690.1,uc1609690,1,0.9957599872674897,0.2193931022920578,LV,0.0,0
11,uc1134165.1,uc1134165,1,0.9793998106014168,0.2193931022920578,LV,0.0,0
11,uc634166.1,uc634166,1,0.9864800471498332,0.2193931022920578,LV,0.0,0
11,uc1633896.1,uc1633896,1,0.9941282675275676,0.2193931022920578,LV,0.0,0
11,uc3433894.1,uc3433894,1,0.9865828690416494,0.2193931022920578,LV,0.0,0
11,uc1633892.1,uc1633892,1,0.998009053886107,0.2193931022920578,LV,0.0,0
11,uc633672.1,uc633672,1,0.990761663446521,0.2193931022920578,LV,0.0,0
11,uc1633671.1,uc1633671,1,1.0122717000401114,0.2193931022920578,LV,0.0,0
11,uc1632306.1,uc1632306,1,0.9888092924104299,0.2193931022920578,LV,0.0,0
11,uc632607.1,uc632607,1,0.9676027506555946,0.2193931022920578,LV,0.0,0
11,uc632613.1,uc632613,1,0.9877730310899567,0.2193931022920578,LV,0.0,0
11,uc3432407.1,uc3432407,1,0.9940672460322542,0.2193931022920578,LV,0.0,0
11,uc1632402.1,uc1632402,1,0.9824919027377143,0.2193931022920578,LV,0.0,0
11,uc1132019.1,uc1132019,1,0.9825737131760337,0.2193931022920578,LV,0.0,0
11,uc632016.1,uc632016,1,0.9891132008561876,0.2193931022920578,LV,0.0,0
11,uc1132015.1,uc1132015,1,0.980964375138073,0.2193931022920578,LV,0.0,0
11,uc1132012.1,uc1132012,1,0.9854348196468268,0.2193931022920578,LV,0.0,0
11,uc631859.1,uc631859,1,0.9890168519015893,0.2193931022920578,LV,0.0,0
11,uc1631852.1,uc1631852,1,0.9866494034649083,0.2193931022920578,LV,0.0,0
11,uc1130761.1,uc1130761,1,0.9792708209879122,0.2193931022920578,LV,0.0,0
11,uc1630759.1,uc1630759,1,0.9816905244659917,0.2193931022920578,LV,0.0,0
11,uc630758.1,uc630758,1,1.0092619368204176,0.2193931022920578,LV,0.0,0
11,uc629428.1,uc629428,1,0.9892082062405833,0.2193931022920578,LV,0.0,0
11,uc1629639.1,uc1629639,1,0.9963049407850596,0.2193931022920578,LV,0.0,0
11,uc1229546.1,uc1229546,1,0.9834767875156157,0.2193931022920578,LV,0.0,0
11,uc628768.1,uc628768,1,0.9871541268927192,0.2193931022920578,LV,0.0,0
11,uc628757.1,uc628757,1,0.9949257126488298,0.2193931022920578,LV,0.0,0
11,uc628766.1,uc628766,1,0.984112521074756,0.2193931022920578,LV,0.0,0
11,uc628753.1,uc628753,1,0.9943733182567093,0.2193931022920578,LV,0.0,0
11,uc627346.1,uc627346,1,0.9845824802125661,0.2193931022920578,LV,0.0,0
11,uc1628760.1,uc1628760,1,0.9969441022238728,0.2193931022920578,LV,0.0,0
11,uc1629422.1,uc1629422,1,0.9844433317106042,0.2193931022920578,LV,0.0,0
11,uc626699.1,uc626699,1,0.9858332389030541,0.2193931022920578,LV,0.0,0
11,60651.2,60651,2,0.9868003012162943,13.336791218280357,MV,0.0,0
11,60721.2,60721,2,0.9867061337760398,13.336791218280357,MV,0.0,0
11,164151.2,164151,2,0.9878135306310583,13.336791218280357,MV,0.0,0
11,302191.2,302191,2,0.9847355182935902,13.336791218280357,MV,0.0,0
11,320841.2,320841,2,0.9811404366382079,13.336791218280357,MV,0.0,0
11,337711.2,337711,2,0.9847662316310131,13.336791218280357,MV,0.0,0
11,358691.2,358691,2,0.997007771518924,13.336791218280357,MV,0.0,0
11,et6_1177.2,et6_1177,2,0.987558928901679,0.2193931022920578,LV,0.0,0
11,461501.2,461501,2,0.9888892302634154,13.336791218280357,MV,0.0,0
11,686891.2,686891,2,0.9845625023088063,13.336791218280357,MV,0.0,0
11,703601.2,703601,2,0.9881886331973495,13.336791218280357,MV,0.0,0
11,713791.2,713791,2,0.9836688194035644,13.336791218280357,MV,0.0,0
11,725731.2,725731,2,0.9820970292443479,13.336791218280357,MV,0.0,0
11,809501.2,809501,2,0.9848921053924904,13.336791218280357,MV,0.0,0
11,811221.2,811221,2,0.9879780864728382,13.336791218280357,MV,0.0,0
11,815111.2,815111,2,0.9848154016645351,13.336791218280357,MV,0.0,0
11,822371.2,822371,2,0.9826183315895848,13.336791218280357,MV,0.0,0
11,820611.2,820611,2,0.9858505403128217,13.336791218280357,MV,0.0,0
11,822641.2,822641,2,0.9831606988848937,13.336791218280357,MV,0.0,0
11,618431.2,618431,2,0.9867984317590875,13.336791218280357,MV,0.0,0
11,bt10401.2,bt10401,2,0.9791288301351688,0.2193931022920578,LV,0.0,0
11,bt197792.2,bt197792,2,0.9788018336946208,0.2193931022920578,LV,0.0,0
11,bt800551.2,bt800551,2,0.9788018337153794,0.2193931022920578,LV,0.0,0
11,bt295341.2,bt295341,2,0.9781886472686042,0.2193931022920578,LV,0.0,0
11,bt800541.2,bt800541,2,0.9784901885734606,0.2193931022920578,LV,0.0,0
11,bt295361.2,bt295361,2,0.9777045282309822,0.2193931022920578,LV,0.0,0
11,bt474991.2,bt474991,2,0.9775488738408336,0.2193931022920578,LV,0.0,0
11,uc1627323.2,uc1627323,2,0.9786161298294767,0.2193931022920578,LV,0.0,0
11,uc3405987.2,uc3405987,2,1.0013332901764809,0.2193931022920578,LV,0.0,0
11,uc3405846.2,uc3405846,2,0.9836023067886532,0.2193931022920578,LV,0.0,0
11,uc3405847.2,uc3405847,2,1.0019896979937972,0.2193931022920578,LV,0.0,0
11,uc3405838.2,uc3405838,2,0.9804130224660017,0.2193931022920578,LV,0.0,0
11,uc1607326.2,uc1607326,2,0.9805128066030097,0.2193931022920578,LV,0.0,0
11,uc1607316.2,uc1607316,2,0.9787792942692376,0.2193931022920578,LV,0.0,0
11,uc1607308.2,uc1607308,2,0.9825170398516997,0.2193931022920578,LV,0.0,0
11,uc1623434.2,uc1623434,2,0.0,0.1270170592217177,LV,0.95,1
11,uc1620373.2,uc1620373,2,0.9840946744880422,0.2193931022920578,LV,0.0,0
11,uc1607302.2,uc1607302,2,0.9840908871882275,0.2193931022920578,LV,0.0,0
11,uc1607304.2,uc1607304,2,0.9838617830160669,0.2193931022920578,LV,0.0,0
11,uc1607306.2,uc1607306,2,0.9820155803243701,0.2193931022920578,LV,0.0,0
11,uc1607299.2,uc1607299,2,0.9844997800136409,0.2193931022920578,LV,0.0,0
11,uc1607297.2,uc1607297,2,0.9852330876117117,0.2193931022920578,LV,0.0,0
11,uc1607298.2,uc1607298,2,0.9846612756471473,0.2193931022920578,LV,0.0,0
11,uc1607289.2,uc1607289,2,0.9878908996691739,0.2193931022920578,LV,0.0,0
11,uc1607291.2,uc1607291,2,0.9848287118251846,0.2193931022920578,LV,0.0,0
11,uc1607292.2,uc1607292,2,0.9843505907551299,0.2193931022920578,LV,0.0,0
11,uc1607280.2,uc1607280,2,0.9833082961583123,0.2193931022920578,LV,0.0,0
11,uc1607284.2,uc1607284,2,0.9833461342490443,0.2193931022920578,LV,0.0,0
11,uc1607285.2,uc1607285,2,0.9832462324469234,0.2193931022920578,LV,0.0,0
11,uc1607288.2,uc1607288,2,0.9834280099633389,0.2193931022920578,LV,0.0,0
11,uc1607279.2,uc1607279,2,0.9843041129731797,0.2193931022920578,LV,0.0,0
11,uc1607355.2,uc1607355,2,0.9851266371181462,0.2193931022920578,LV,0.0,0
11,uc1607357.2,uc1607357,2,0.9865061204542082,0.2193931022920578,LV,0.0,0
11,uc1607358.2,uc1607358,2,0.9848509293255896,0.2193931022920578,LV,0.0,0
11,uc1607368.2,uc1607368,2,0.0,0.1270170592217177,LV,0.95,1
11,uc1607276.2,uc1607276,2,0.9979211319427966,0.2193931022920578,LV,0.0,0
11,uc1607278.2,uc1607278,2,0.9984038809544262,0.2193931022920578,LV,0.0,0
11,uc1607273.2,uc1607273,2,0.995619843319766,0.2193931022920578,LV,0.0,0
11,uc1607328.2,uc1607328,2,0.9800809461353313,0.2193931022920578,LV,0.0,0
11,uc1607347.2,uc1607347,2,1.0659600776479257,0.2193931022920578,LV,0.01596007764792562,1
11,uc1607350.2,uc1607350,2,1.0248223138207475,0.2193931022920578,LV,0.0,0
11,uc1107341.2,uc1107341,2,0.9810742019416429,0.2193931022920578,LV,0.0,0
11,uc1107333.2,uc1107333,2,0.9825426273530027,0.2193931022920578,LV,0.0,0
11,uc1607268.2,uc1607268,2,0.9943600409289214,0.2193931022920578,LV,0.0,0
11,uc1607252.2,uc1607252,2,0.9813105638848666,0.2193931022920578,LV,0.0,0
11,uc1606000.2,uc1606000,2,0.9830649173241884,0.2193931022920578,LV,0.0,0
11,uc1607255.2,uc1607255,2,0.9847695309768615,0.2193931022920578,LV,0.0,0
11,uc1607258.2,uc1607258,2,0.9813184772521497,0.2193931022920578,LV,0.0,0
11,uc1124041.2,uc1124041,2,0.9814913817247332,0.2193931022920578,LV,0.0,0
11,uc1124340.2,uc1124340,2,0.9832299322885734,0.2193931022920578,LV,0.0,0
11,uc1121173.2,uc1121173,2,0.9826300932940972,0.2193931022920578,LV,0.0,0
11,uc1107345.2,uc1107345,2,0.983210932431114,0.2193931022920578,LV,0.0,0
11,uc605816.2,uc605816,2,1.013716186019766,0.2193931022920578,LV,0.0,0
11,uc605812.2,uc605812,2,0.9775826923416239,0.2193931022920578,LV,0.0,0
11,uc605813.2,uc605813,2,0.987379127076959,0.2193931022920578,LV,0.0,0
11,uc609685.2,uc609685,2,0.9891627211321198,0.2193931022920578,LV,0.0,0
11,uc609688.2,uc609688,2,1.004605920417998,0.2193931022920578,LV,0.0,0
11,uc621168.2,uc621168,2,0.9818726126285606,0.2193931022920578,LV,0.0,0
11,uc621171.2,uc621171,2,0.97963215790036,0.2193931022920578,LV,0.0,0
11,uc605810.2,uc605810,2,0.9882281860431269,0.2193931022920578,LV,0.0,0
11,uc605807.2,uc605807,2,0.9791086886821005,0.2193931022920578,LV,0.0,0
11,uc605801.2,uc605801,2,0.9852075006172081,0.2193931022920578,LV,0.0,0
11,uc607384.2,uc607384,2,0.9805351266740451,0.2193931022920578,LV,0.0,0
11,uc607385.2,uc607385,2,0.9866642750919974,0.2193931022920578,LV,0.0,0
11,uc609682.2,uc609682,2,0.980192411629261,0.2193931022920578,LV,0.0,0
11,uc609683.2,uc609683,2,0.9877925181217349,0.2193931022920578,LV,0.0,0
11,uc607377.2,uc607377,2,0.989425174163053,0.2193931022920578,LV,0.0,0
11,uc607382.2,uc607382,2,0.9870211060219651,0.2193931022920578,LV,0.0,0
11,uc606117.2,uc606117,2,0.9812184216783318,0.2193931022920578,LV,0.0,0
11,uc606120.2,uc606120,2,0.9809002638182679,0.2193931022920578,LV,0.0,0
11,uc623433.2,uc623433,2,0.9789135072297103,0.2193931022920578,LV,0.0,0
11,uc623007.2,uc623007,2,0.9872554288089611,0.2193931022920578,LV,0.0,0
11,uc606147.2,uc606147,2,1.0748415276367862,0.2193931022920578,LV,0.024841527636786154,1
11,uc606148.2,uc606148,2,0.9955018515587155,0.2193931022920578,LV,0.0,0
11,uc606150.2,uc606150,2,0.9950709661695472,0.2193931022920578,LV,0.0,0
11,uc606109.2,uc606109,2,0.979942988068391,0.2193931022920578,LV,0.0,0
11,uc606110.2,uc606110,2,0.979356687761002,0.2193931022920578,LV,0.0,0
11,uc606111.2,uc606111,2,0.9811909098413488,0.2193931022920578,LV,0.0,0
11,uc622720.2,uc622720,2,0.984493210377721,0.2193931022920578,LV,0.0,0
11,uc623004.2,uc623004,2,0.9964665932644273,0.2193931022920578,LV,0.0,0
11,uc606103.2,uc606103,2,0.9821351715835624,0.2193931022920578,LV,0.0,0
11,uc606139.2,uc606139,2,1.0178011384495034,0.2193931022920578,LV,0.0,0
11,uc606143.2,uc606143,2,1.037353316923803,0.2193931022920578,LV,0.0,0
11,uc605921.2,uc605921,2,0.9845558511696656,0.2193931022920578,LV,0.0,0
11,uc605915.2,uc605915,2,0.9841194791256648,0.2193931022920578,LV,0.0,0
11,uc606101.2,uc606101,2,0.9824398271872291,0.2193931022920578,LV,0.0,0
11,uc622273.2,uc622273,2,1.0349344602464756,0.2193931022920578,LV,0.0,0
11,uc605990.2,uc605990,2,0.9781883864017554,0.2193931022920578,LV,0.0,0
11,uc606130.2,uc606130,2,0.9828005319264616,0.2193931022920578,LV,0.0,0
11,uc606132.2,uc606132,2,0.9808990018348047,0.2193931022920578,LV,0.0,0
11,uc622258.2,uc622258,2,0.983750003886019,0.2193931022920578,LV,0.0,0
11,uc622270.2,uc622270,2,0.9926816586131576,0.2193931022920578,LV,0.0,0
11,uc605905.2,uc605905,2,0.9818213292796665,0.2193931022920578,LV,0.0,0
11,uc605909.2,uc605909,2,0.9855257895197924,0.2193931022920578,LV,0.0,0
11,uc605910.2,uc605910,2,0.9825694014721789,0.2193931022920578,LV,0.0,0
11,uc605911.2,uc605911,2,0.983214116117063,0.2193931022920578,LV,0.0,0
11,uc606128.2,uc606128,2,0.9824195651074586,0.2193931022920578,LV,0.0,0
11,uc605904.2,uc605904,2,0.9818929062068541,0.2193931022920578,LV,0.0,0
11,uc1239552.2,uc1239552,2,0.9841048095691036,0.2193931022920578,LV,0.0,0
11,uc605817.2,uc605817,2,0.9850859126886621,0.2193931022920578,LV,0.0,0
11,uc605819.2,uc605819,2,0.99990218308144,0.2193931022920578,LV,0.0,0
11,uc605820.2,uc605820,2,0.9784238879098656,0.2193931022920578,LV,0.0,0
11,uc605821.2,uc605821,2,0.9820679540272661,0.2193931022920578,LV,0.0,0
11,uc605822.2,uc605822,2,0.9782978663196376,0.2193931022920578,LV,0.0,0
11,uc639280.2,uc639280,2,1.0025797762642563,0.2193931022920578,LV,0.0,0
11,uc605898.2,uc605898,2,0.9865233880369605,0.2193931022920578,LV,0.0,0
11,uc605902.2,uc605902,2,0.98267199840827,0.2193931022920578,LV,0.0,0
11,uc605982.2,uc605982,2,0.9790088524467955,0.2193931022920578,LV,0.0,0
11,uc605988.2,uc605988,2,0.9776310899002947,0.2193931022920578,LV,0.0,0
11,uc606126.2,uc606126,2,0.9939470364732765,0.2193931022920578,LV,0.0,0
11,uc606127.2,uc606127,2,0.9812777306531072,0.2193931022920578,LV,0.0,0
11,uc605896.2,uc605896,2,0.9795518000756849,0.2193931022920578,LV,0.0,0
11,uc606121.2,uc606121,2,0.9804677832875336,0.2193931022920578,LV,0.0,0
11,uc606122.2,uc606122,2,0.9783756098380423,0.2193931022920578,LV,0.0,0
11,uc606123.2,uc606123,2,1.0045391343768708,0.2193931022920578,LV,0.0,0
11,uc622709.2,uc622709,2,0.9840198039983487,0.2193931022920578,LV,0.0,0
11,uc639277.2,uc639277,2,0.9821776704350387,0.2193931022920578,LV,0.0,0
11,uc1139390.2,uc1139390,2,0.9840686469681009,0.2193931022920578,LV,0.0,0
11,uc605864.2,uc605864,2,0.9867120784563927,0.2193931022920578,LV,0.0,0
11,uc605865.2,uc605865,2,0.9896694727104811,0.2193931022920578,LV,0.0,0
11,uc638617.2,uc638617,2,0.9893207295971614,0.2193931022920578,LV,0.0,0
11,uc605855.2,uc605855,2,0.981506635734731,0.2193931022920578,LV,0.0,0
11,uc1638606.2,uc1638606,2,0.9954609148224722,0.2193931022920578,LV,0.0,0
11,uc1638954.2,uc1638954,2,0.9953575372561669,0.2193931022920578,LV,0.0,0
11,uc605836.2,uc605836,2,0.9714275679110534,0.2193931022920578,LV,0.0,0
11,uc1607303.2,uc1607303,2,0.9850844864476059,0.2193931022920578,LV,0.0,0
11,uc637705.2,uc637705,2,0.9843780998135294,0.2193931022920578,LV,0.0,0
11,uc1637704.2,uc1637704,2,1.0019122697063625,0.2193931022920578,LV,0.0,0
11,uc637576.2,uc637576,2,1.005466235793451,0.2193931022920578,LV,0.0,0
11,uc637918.2,uc637918,2,1.006523382081431,0.2193931022920578,LV,0.0,0
11,uc637360.2,uc637360,2,0.9796287145146665,0.2193931022920578,LV,0.0,0
11,uc637397.2,uc637397,2,0.9824912688830447,0.2193931022920578,LV,0.0,0
11,uc636933.2,uc636933,2,1.0152038755830468,0.2193931022920578,LV,0.0,0
11,uc605908.2,uc605908,2,0.9870392002820905,0.2193931022920578,LV,0.0,0
11,uc635963.2,uc635963,2,0.9809363041431867,0.2193931022920578,LV,0.0,0
11,uc635543.2,uc635543,2,0.9867633234631139,0.2193931022920578,LV,0.0,0
11,uc635966.2,uc635966,2,0.985709402312611,0.2193931022920578,LV,0.0,0
11,uc627328.2,uc627328,2,0.9773758678542039,0.2193931022920578,LV,0.0,0
11,uc635550.2,uc635550,2,0.9828635116434608,0.2193931022920578,LV,0.0,0
11,uc635862.2,uc635862,2,0.9960994865484305,0.2193931022920578,LV,0.0,0
11,uc3435739.2,uc3435739,2,1.0052256083723248,0.2193931022920578,LV,0.0,0
11,uc634166.2,uc634166,2,0.9853823942960418,0.2193931022920578,LV,0.0,0
11,uc1633671.2,uc1633671,2,1.0148049839537243,0.2193931022920578,LV,0.0,0
11,uc633056.2,uc633056,2,0.9876883850884357,0.2193931022920578,LV,0.0,0
11,uc632607.2,uc632607,2,0.9688185471834675,0.2193931022920578,LV,0.0,0
11,uc1632402.2,uc1632402,2,0.9843708748303718,0.2193931022920578,LV,0.0,0
11,uc1131858.2,uc1131858,2,0.9811650991723674,0.2193931022920578,LV,0.0,0
11,uc631391.2,uc631391,2,0.973846670335159,0.2193931022920578,LV,0.0,0
11,uc1630759.2,uc1630759,2,0.9835255628633353,0.2193931022920578,LV,0.0,0
11,uc630758.2,uc630758,2,1.0302521724187765,0.2193931022920578,LV,0.0,0
11,uc630753.2,uc630753,2,0.9819682397725493,0.2193931022920578,LV,0.0,0
11,uc628766.2,uc628766,2,0.982809997751536,0.2193931022920578,LV,0.0,0
11,uc627346.2,uc627346,2,0.983957738842006,0.2193931022920578,LV,0.0,0
11,uc1629422.2,uc1629422,2,0.9836798831505025,0.2193931022920578,LV,0.0,0
11,60651.3,60651,3,0.985878158080679,13.336791218280357,MV,0.0,0
11,60721.3,60721,3,0.985784026148559,13.336791218280357,MV,0.0,0
11,164151.3,164151,3,0.9868909539823508,13.336791218280357,MV,0.0,0
11,302191.3,302191,3,0.9830413486622013,13.336791218280357,MV,0.0,0
11,320841.3,320841,3,0.9802340184773225,13.336791218280357,MV,0.0,0
11,337711.3,337711,3,0.9830719454868311,13.336791218280357,MV,0.0,0
11,358691.3,358691,3,0.9965000739784055,13.336791218280357,MV,0.0,0
11,et6_1177.3,et6_1177,3,0.9880252445795052,0.2193931022920578,LV,0.0,0
11,461501.3,461501,3,0.9878295866287737,13.336791218280357,MV,0.0,0
11,686891.3,686891,3,0.9836585991503006,13.336791218280357,MV,0.0,0
11,703601.3,703601,3,0.987264696035328,13.336791218280357,MV,0.0,0
11,713791.3,713791,3,0.9827618759876345,13.336791218280357,MV,0.0,0
11,725731.3,725731,3,0.9811904030788522,13.336791218280357,MV,0.0,0
11,809501.3,809501,3,0.9839899089001282,13.336791218280357,MV,0.0,0
11,811221.3,811221,3,0.9870552890031998,13.336791218280357,MV,0.0,0
11,815111.3,815111,3,0.9831212585266424,13.336791218280357,MV,0.0,0
11,822371.3,822371,3,0.9817114047022898,13.336791218280357,MV,0.0,0
11,820611.3,820611,3,0.9849349137736316,13.336791218280357,MV,0.0,0
11,822641.3,822641,3,0.9822496675091196,13.336791218280357,MV,0.0,0
11,618431.3,618431,3,0.9858762881192841,13.336791218280357,MV,0.0,0
11,bt10401.3,bt10401,3,0.9883826087180181,0.2193931022920578,LV,0.0,0
11,bt197792.3,bt197792,3,0.9883826096177303,0.2193931022920578,LV,0.0,0
11,bt800551.3,bt800551,3,0.9883826095421359,0.2193931022920578,LV,0.0,0
11,bt295341.3,bt295341,3,0.9883826107968942,0.2193931022920578,LV,0.0,0
11,bt800541.3,bt800541,3,0.9883826102219009,0.2193931022920578,LV,0.0,0
11,bt295361.3,bt295361,3,0.9883826114691225,0.2193931022920578,LV,0.0,0
11,bt474991.3,bt474991,3,0.9883826119285143,0.2193931022920578,LV,0.0,0
11,uc627336.3,uc627336,3,0.9852469010659062,0.2193931022920578,LV,0.0,0
11,uc1620373.3,uc1620373,3,0.9844033905823505,0.2193931022920578,LV,0.0,0
11,uc1607302.3,uc1607302,3,0.9843963670961057,0.2193931022920578,LV,0.0,0
11,uc1607304.3,uc1607304,3,0.9841693961471262,0.2193931022920578,LV,0.0,0
11,uc1607298.3,uc1607298,3,0.9852657178346181,0.2193931022920578,LV,0.0,0
11,uc1607280.3,uc1607280,3,0.9835907582033181,0.2193931022920578,LV,0.0,0
11,uc1607285.3,uc1607285,3,0.9844007834722543,0.2193931022920578,LV,0.0,0
11,uc1607279.3,uc1607279,3,0.9845865662044131,0.2193931022920578,LV,0.0,0
11,uc1607347.3,uc1607347,3,1.0662164245172183,0.2193931022920578,LV,0.016216424517218275,1
11,uc1124340.3,uc1124340,3,0.9843865868549518,0.2193931022920578,LV,0.0,0
11,uc605816.3,uc605816,3,1.013868298602661,0.2193931022920578,LV,0.0,0
11,uc605815.3,uc605815,3,0.993119473225001,0.2193931022920578,LV,0.0,0
11,uc621171.3,uc621171,3,0.9796949693779631,0.2193931022920578,LV,0.0,0
11,uc607384.3,uc607384,3,0.9806012600785479,0.2193931022920578,LV,0.0,0
11,uc606117.3,uc606117,3,0.9812807977380357,0.2193931022920578,LV,0.0,0
11,uc606120.3,uc606120,3,0.980962734239345,0.2193931022920578,LV,0.0,0
11,uc623007.3,uc623007,3,0.9877216627686268,0.2193931022920578,LV,0.0,0
11,uc605867.3,uc605867,3,0.9877175330067397,0.2193931022920578,LV,0.0,0
11,uc606150.3,uc606150,3,0.9951360337535987,0.2193931022920578,LV,0.0,0
11,uc606109.3,uc606109,3,0.9800057326324161,0.2193931022920578,LV,0.0,0
11,uc606110.3,uc606110,3,0.9794194560592169,0.2193931022920578,LV,0.0,0
11,uc606111.3,uc606111,3,0.9812533115642241,0.2193931022920578,LV,0.0,0
11,uc622722.3,uc622722,3,0.9914106673529578,0.2193931022920578,LV,0.0,0
11,uc623004.3,uc623004,3,0.9982008519724255,0.2193931022920578,LV,0.0,0
11,uc606101.3,uc606101,3,0.9824923347777513,0.2193931022920578,LV,0.0,0
11,uc606132.3,uc606132,3,0.9809698382586286,0.2193931022920578,LV,0.0,0
11,uc605910.3,uc605910,3,0.9826278178054528,0.2193931022920578,LV,0.0,0
11,uc605911.3,uc605911,3,0.9832722928451844,0.2193931022920578,LV,0.0,0
11,uc605904.3,uc605904,3,0.984216384907034,0.2193931022920578,LV,0.0,0
11,uc1239552.3,uc1239552,3,0.9844133082884297,0.2193931022920578,LV,0.0,0
11,uc605821.3,uc605821,3,0.9838340371770231,0.2193931022920578,LV,0.0,0
11,uc639280.3,uc639280,3,1.0028172762282108,0.2193931022920578,LV,0.0,0
11,uc605898.3,uc605898,3,0.9854186129895303,0.2193931022920578,LV,0.0,0
11,uc605902.3,uc605902,3,0.9827669944317013,0.2193931022920578,LV,0.0,0
11,uc606126.3,uc606126,3,0.9940127256442426,0.2193931022920578,LV,0.0,0
11,uc606127.3,uc606127,3,0.9813490438015199,0.2193931022920578,LV,0.0,0
11,uc606121.3,uc606121,3,0.9805298662609512,0.2193931022920578,LV,0.0,0
11,uc606122.3,uc606122,3,0.9784374060001876,0.2193931022920578,LV,0.0,0
11,uc639277.3,uc639277,3,0.9839437779249821,0.2193931022920578,LV,0.0,0
11,uc1139390.3,uc1139390,3,0.9843771343501456,0.2193931022920578,LV,0.0,0
11,uc637576.3,uc637576,3,1.0055199495927654,0.2193931022920578,LV,0.0,0
11,uc637918.3,uc637918,3,1.0067622188491545,0.2193931022920578,LV,0.0,0
11,uc637360.3,uc637360,3,0.9796915183246463,0.2193931022920578,LV,0.0,0
11,uc637397.3,uc637397,3,0.9826930255828482,0.2193931022920578,LV,0.0,0
11,uc635963.3,uc635963,3,0.9809987491027922,0.2193931022920578,LV,0.0,0
11,uc635543.3,uc635543,3,0.9868225067597987,0.2193931022920578,LV,0.0,0
11,uc635966.3,uc635966,3,0.9857683982181145,0.2193931022920578,LV,0.0,0
11,uc635550.3,uc635550,3,0.9829352283452798,0.2193931022920578,LV,0.0,0
11,uc635862.3,uc635862,3,0.994965610725535,0.2193931022920578,LV,0.0,0
11,uc1633671.3,uc1633671,3,1.0148353320481927,0.2193931022920578,LV,0.0,0
11,uc632607.3,uc632607,3,0.9690243877103549,0.2193931022920578,LV,0.0,0
11,uc1629422.3,uc1629422,3,0.985681078270216,0.2193931022920578,LV,0.0,0
12,60651.1,60651,1,0.9880476153908634,13.336791218280357,MV,0.0,0
12,60721.1,60721,1,0.9879671082793675,13.336791218280357,MV,0.0,0
12,164151.1,164151,1,0.988957984160199,13.336791218280357,MV,0.0,0
12,302191.1,302191,1,0.9859286687997617,13.336791218280357,MV,0.0,0
12,320841.1,320841,1,0.982908684572132,13.336791218280357,MV,0.0,0
12,337711.1,337711,1,0.9859427444825245,13.336791218280357,MV,0.0,0
12,358691.1,358691,1,0.9973649240176081,13.336791218280357,MV,0.0,0
12,et6_1177.1,et6_1177,1,0.9884071921360512,0.2193931022920578,LV,0.0,0
12,461501.1,461501,1,0.989792570778181,13.336791218280357,MV,0.0,0
12,686891.1,686891,1,0.9861824595488987,13.336791218280357,MV,0.0,0
12,703601.1,703601,1,0.9892871046722596,13.336791218280357,MV,0.0,0
12,713791.1,713791,1,0.9852844728337016,13.336791218280357,MV,0.0,0
12,725731.1,725731,1,0.9838091909292632,13.336791218280357,MV,0.0,0
12,809501.1,809501,1,0.9864352804059568,13.336791218280357,MV,0.0,0
12,811221.1,811221,1,0.989120435770929,13.336791218280357,MV,0.0,0
12,815111.1,815111,1,0.9860169595753827,13.336791218280357,MV,0.0,0
12,822371.1,822371,1,0.9843007220816458,13.336791218280357,MV,0.0,0
12,820611.1,820611,1,0.987181250432516,13.336791218280357,MV,0.0,0
12,822641.1,822641,1,0.9848175704086192,13.336791218280357,MV,0.0,0
12,618431.1,618431,1,0.9880454800419252,13.336791218280357,MV,0.0,0
12,bt10401.1,bt10401,1,0.9818158964391028,0.2193931022920578,LV,0.0,0
12,bt197792.1,bt197792,1,0.9810688494349068,0.2193931022920578,LV,0.0,0
12,bt800551.1,bt800551,1,0.9812202225658448,0.2193931022920578,LV,0.0,0
12,bt295341.1,bt295341,1,0.9803818632795811,0.2193931022920578,LV,0.0,0
12,bt800541.1,bt800541,1,0.9807694285370249,0.2193931022920578,LV,0.0,0
12,bt295361.1,bt295361,1,0.9800243777587374,0.2193931022920578,LV,0.0,0
12,bt474991.1,bt474991,1,0.9797428622809154,0.2193931022920578,LV,0.0,0
12,uc626695.1,uc626695,1,0.9773753022842498,0.2193931022920578,LV,0.0,0
12,uc1627323.1,uc1627323,1,0.9857675527350205,0.2193931022920578,LV,0.0,0
12,uc1627342.1,uc1627342,1,0.9979978147475841,0.2193931022920578,LV,0.0,0
12,uc627343.1,uc627343,1,0.985902176677225,0.2193931022920578,LV,0.0,0
12,uc627344.1,uc627344,1,0.9911963086864247,0.2193931022920578,LV,0.0,0
12,uc1626672.1,uc1626672,1,0.0,0.1270170592217177,LV,0.95,1
12,uc1626490.1,uc1626490,1,0.9946183635816943,0.2193931022920578,LV,0.0,0
12,uc3422706.1,uc3422706,1,0.9900449589966991,0.2193931022920578,LV,0.0,0
12,uc3425629.1,uc3425629,1,0.9901025824584867,0.2193931022920578,LV,0.0,0
12,uc3422597.1,uc3422597,1,0.9966880981137215,0.2193931022920578,LV,0.0,0
12,uc3405843.1,uc3405843,1,0.9880407881775115,0.2193931022920578,LV,0.0,0
12,uc3405844.1,uc3405844,1,1.0166184901478796,0.2193931022920578,LV,0.0,0
12,uc3405845.1,uc3405845,1,1.0151366573908507,0.2193931022920578,LV,0.0,0
12,uc3405846.1,uc3405846,1,0.9883088904451192,0.2193931022920578,LV,0.0,0
12,uc1626486.1,uc1626486,1,0.9967097507123266,0.2193931022920578,LV,0.0,0
12,uc1626487.1,uc1626487,1,0.9866960450970825,0.2193931022920578,LV,0.0,0
12,uc626481.1,uc626481,1,0.9872608849432432,0.2193931022920578,LV,0.0,0
12,uc626678.1,uc626678,1,0.9866518529401939,0.2193931022920578,LV,0.0,0
12,uc626698.1,uc626698,1,0.9905379026762299,0.2193931022920578,LV,0.0,0
12,uc626476.1,uc626476,1,0.9827884845915267,0.2193931022920578,LV,0.0,0
12,uc1627321.1,uc1627321,1,0.9977246924653252,0.2193931022920578,LV,0.0,0
12,uc1607319.1,uc1607319,1,0.9834643992170252,0.2193931022920578,LV,0.0,0
12,uc1607308.1,uc1607308,1,0.9858828107020589,0.2193931022920578,LV,0.0,0
12,uc1624026.1,uc1624026,1,0.0,0.1270170592217177,LV,0.95,1
12,uc1625170.1,uc1625170,1,0.9892804158530326,0.2193931022920578,LV,0.0,0
12,uc1621994.1,uc1621994,1,0.9962644241039081,0.2193931022920578,LV,0.0,0
12,uc1620360.1,uc1620360,1,0.9952325802333484,0.2193931022920578,LV,0.0,0
12,uc1620373.1,uc1620373,1,0.9851301996734573,0.2193931022920578,LV,0.0,0
12,uc1607302.1,uc1607302,1,0.985086007458814,0.2193931022920578,LV,0.0,0
12,uc1607304.1,uc1607304,1,0.983783619953178,0.2193931022920578,LV,0.0,0
12,uc1607305.1,uc1607305,1,0.9833515683102277,0.2193931022920578,LV,0.0,0
12,uc1607306.1,uc1607306,1,0.9853762333413474,0.2193931022920578,LV,0.0,0
12,uc1607297.1,uc1607297,1,0.9884545688798108,0.2193931022920578,LV,0.0,0
12,uc1607298.1,uc1607298,1,0.9859604902878396,0.2193931022920578,LV,0.0,0
12,uc1607289.1,uc1607289,1,0.9903296466109371,0.2193931022920578,LV,0.0,0
12,uc1607290.1,uc1607290,1,0.9904084333441763,0.2193931022920578,LV,0.0,0
12,uc1607291.1,uc1607291,1,0.9885481266467377,0.2193931022920578,LV,0.0,0
12,uc1607280.1,uc1607280,1,0.9842119384297865,0.2193931022920578,LV,0.0,0
12,uc1607283.1,uc1607283,1,0.9811444617346572,0.2193931022920578,LV,0.0,0
12,uc1607285.1,uc1607285,1,0.9828017919312529,0.2193931022920578,LV,0.0,0
12,uc1607287.1,uc1607287,1,0.9862914083563468,0.2193931022920578,LV,0.0,0
12,uc1607288.1,uc1607288,1,0.9861024543808539,0.2193931022920578,LV,0.0,0
12,uc1607279.1,uc1607279,1,0.985216944562274,0.2193931022920578,LV,0.0,0
12,uc1607357.1,uc1607357,1,0.98842405075835,0.2193931022920578,LV,0.0,0
12,uc1607358.1,uc1607358,1,0.9883596507084317,0.2193931022920578,LV,0.0,0
12,uc1607368.1,uc1607368,1,0.0,0.1270170592217177,LV,0.95,1
12,uc1607277.1,uc1607277,1,0.9977735738743759,0.2193931022920578,LV,0.0,0
12,uc1607278.1,uc1607278,1,1.0001195611738196,0.2193931022920578,LV,0.0,0
12,uc1607272.1,uc1607272,1,1.0053007206844178,0.2193931022920578,LV,0.0,0
12,uc1607273.1,uc1607273,1,0.998747240007048,0.2193931022920578,LV,0.0,0
12,uc1607353.1,uc1607353,1,0.9900974781481413,0.2193931022920578,LV,0.0,0
12,uc1607347.1,uc1607347,1,1.0718746299236461,0.2193931022920578,LV,0.021874629923646083,1
12,uc1607349.1,uc1607349,1,0.9971165427465932,0.2193931022920578,LV,0.0,0
12,uc1107342.1,uc1107342,1,0.9832511639797984,0.2193931022920578,LV,0.0,0
12,uc1107340.1,uc1107340,1,0.9812167803357452,0.2193931022920578,LV,0.0,0
12,uc1105833.1,uc1105833,1,0.9864967778861872,0.2193931022920578,LV,0.0,0
12,uc1107330.1,uc1107330,1,0.9806537313489768,0.2193931022920578,LV,0.0,0
12,uc1607265.1,uc1607265,1,0.9834366145642007,0.2193931022920578,LV,0.0,0
12,uc1607268.1,uc1607268,1,0.9953683897893113,0.2193931022920578,LV,0.0,0
12,uc1607252.1,uc1607252,1,0.9857353204202371,0.2193931022920578,LV,0.0,0
12,uc1605991.1,uc1605991,1,0.9868907864975329,0.2193931022920578,LV,0.0,0
12,uc1605996.1,uc1605996,1,1.00564549939752,0.2193931022920578,LV,0.0,0
12,uc1607257.1,uc1607257,1,0.9880521229456575,0.2193931022920578,LV,0.0,0
12,uc1607258.1,uc1607258,1,0.9857432853946041,0.2193931022920578,LV,0.0,0
12,uc1124340.1,uc1124340,1,0.9837402320949183,0.2193931022920578,LV,0.0,0
12,uc605816.1,uc605816,1,1.0163854208087846,0.2193931022920578,LV,0.0,0
12,uc605813.1,uc605813,1,0.9880214476471396,0.2193931022920578,LV,0.0,0
12,uc609684.1,uc609684,1,0.9913177982952189,0.2193931022920578,LV,0.0,0
12,uc609686.1,uc609686,1,0.9916638432320954,0.2193931022920578,LV,0.0,0
12,uc609688.1,uc609688,1,0.9999970548692281,0.2193931022920578,LV,0.0,0
12,uc621168.1,uc621168,1,0.9857530173593598,0.2193931022920578,LV,0.0,0
12,uc621171.1,uc621171,1,0.9810203529187314,0.2193931022920578,LV,0.0,0
12,uc605808.1,uc605808,1,0.9919400278128163,0.2193931022920578,LV,0.0,0
12,uc605809.1,uc605809,1,0.9810302850772235,0.2193931022920578,LV,0.0,0
12,uc605810.1,uc605810,1,0.9906784439309213,0.2193931022920578,LV,0.0,0
12,uc605970.1,uc605970,1,0.988206388569949,0.2193931022920578,LV,0.0,0
12,uc605803.1,uc605803,1,0.9896037871023613,0.2193931022920578,LV,0.0,0
12,uc605804.1,uc605804,1,0.9907871179919293,0.2193931022920578,LV,0.0,0
12,uc605806.1,uc605806,1,0.9872798658388169,0.2193931022920578,LV,0.0,0
12,uc607384.1,uc607384,1,0.9818694679095034,0.2193931022920578,LV,0.0,0
12,uc607387.1,uc607387,1,0.9877515567013211,0.2193931022920578,LV,0.0,0
12,uc609682.1,uc609682,1,0.9854015841012046,0.2193931022920578,LV,0.0,0
12,uc624033.1,uc624033,1,0.994773516789998,0.2193931022920578,LV,0.0,0
12,uc625156.1,uc625156,1,0.9896302831183014,0.2193931022920578,LV,0.0,0
12,uc625624.1,uc625624,1,0.9837018151286123,0.2193931022920578,LV,0.0,0
12,uc625625.1,uc625625,1,0.99154173242171,0.2193931022920578,LV,0.0,0
12,uc607366.1,uc607366,1,0.9809988331587447,0.2193931022920578,LV,0.0,0
12,uc607367.1,uc607367,1,0.9905215716346881,0.2193931022920578,LV,0.0,0
12,uc606114.1,uc606114,1,0.9835843426010443,0.2193931022920578,LV,0.0,0
12,uc606117.1,uc606117,1,0.9826227723339419,0.2193931022920578,LV,0.0,0
12,uc606120.1,uc606120,1,0.9822956296999518,0.2193931022920578,LV,0.0,0
12,uc623015.1,uc623015,1,0.98014751912372,0.2193931022920578,LV,0.0,0
12,uc623432.1,uc623432,1,0.9881397559012386,0.2193931022920578,LV,0.0,0
12,uc624028.1,uc624028,1,0.9875657940148256,0.2193931022920578,LV,0.0,0
12,uc605873.1,uc605873,1,0.9903932367331437,0.2193931022920578,LV,0.0,0
12,uc623007.1,uc623007,1,0.9881008150289444,0.2193931022920578,LV,0.0,0
12,uc606147.1,uc606147,1,1.0502254991591893,0.2193931022920578,LV,0.00022549915918923524,1
12,uc606148.1,uc606148,1,0.9961287697742842,0.2193931022920578,LV,0.0,0
12,uc606150.1,uc606150,1,0.9953275671755902,0.2193931022920578,LV,0.0,0
12,uc606109.1,uc606109,1,0.9813290448481434,0.2193931022920578,LV,0.0,0
12,uc606110.1,uc606110,1,0.9807371700181594,0.2193931022920578,LV,0.0,0
12,uc606111.1,uc606111,1,0.9825897366435197,0.2193931022920578,LV,0.0,0
12,uc622777.1,uc622777,1,0.9969227620660934,0.2193931022920578,LV,0.0,0
12,uc623004.1,uc623004,1,0.9992269690176836,0.2193931022920578,LV,0.0,0
12,uc606103.1,uc606103,1,0.9856114460861253,0.2193931022920578,LV,0.0,0
12,uc606139.1,uc606139,1,1.0071371273795127,0.2193931022920578,LV,0.0,0
12,uc606141.1,uc606141,1,1.0106741433394537,0.2193931022920578,LV,0.0,0
12,uc606143.1,uc606143,1,1.015345026329865,0.2193931022920578,LV,0.0,0
12,uc605921.1,uc605921,1,0.9873197139305052,0.2193931022920578,LV,0.0,0
12,uc622713.1,uc622713,1,0.9861042230955347,0.2193931022920578,LV,0.0,0
12,uc622714.1,uc622714,1,0.989664504898977,0.2193931022920578,LV,0.0,0
12,uc605993.1,uc605993,1,0.9870703308995123,0.2193931022920578,LV,0.0,0
12,uc606101.1,uc606101,1,0.9828981860705952,0.2193931022920578,LV,0.0,0
12,uc606102.1,uc606102,1,0.9822826472566747,0.2193931022920578,LV,0.0,0
12,uc622273.1,uc622273,1,1.0127867533877393,0.2193931022920578,LV,0.0,0
12,uc622703.1,uc622703,1,0.9774267231214473,0.2193931022920578,LV,0.0,0
12,uc605989.1,uc605989,1,0.9907816356861119,0.2193931022920578,LV,0.0,0
12,uc606130.1,uc606130,1,0.9858321452325162,0.2193931022920578,LV,0.0,0
12,uc606132.1,uc606132,1,0.9822483122955923,0.2193931022920578,LV,0.0,0
12,uc605914.1,uc605914,1,1.0005929620714291,0.2193931022920578,LV,0.0,0
12,uc622257.1,uc622257,1,0.9869433379271085,0.2193931022920578,LV,0.0,0
12,uc605909.1,uc605909,1,0.9877803349696676,0.2193931022920578,LV,0.0,0
12,uc605910.1,uc605910,1,0.9838291837357415,0.2193931022920578,LV,0.0,0
12,uc605911.1,uc605911,1,0.9844807046698677,0.2193931022920578,LV,0.0,0
12,uc606128.1,uc606128,1,0.9856810245115498,0.2193931022920578,LV,0.0,0
12,uc605823.1,uc605823,1,0.982934142239548,0.2193931022920578,LV,0.0,0
12,uc605824.1,uc605824,1,0.9872600311308609,0.2193931022920578,LV,0.0,0
12,uc605904.1,uc605904,1,0.9852871144547078,0.2193931022920578,LV,0.0,0
12,uc621999.1,uc621999,1,0.9900513699906668,0.2193931022920578,LV,0.0,0
12,uc639553.1,uc639553,1,0.981239640931192,0.2193931022920578,LV,0.0,0
12,uc1239552.1,uc1239552,1,0.985263154434568,0.2193931022920578,LV,0.0,0
12,uc605817.1,uc605817,1,0.9876799090961176,0.2193931022920578,LV,0.0,0
12,uc605819.1,uc605819,1,0.9949889476409187,0.2193931022920578,LV,0.0,0
12,uc605820.1,uc605820,1,0.9856456017953459,0.2193931022920578,LV,0.0,0
12,uc605821.1,uc605821,1,0.9835910787507788,0.2193931022920578,LV,0.0,0
12,uc639280.1,uc639280,1,1.0045039638253492,0.2193931022920578,LV,0.0,0
12,uc605898.1,uc605898,1,0.9864804277841136,0.2193931022920578,LV,0.0,0
12,uc605901.1,uc605901,1,0.9891022210351751,0.2193931022920578,LV,0.0,0
12,uc605902.1,uc605902,1,0.9837395160563814,0.2193931022920578,LV,0.0,0
12,uc605985.1,uc605985,1,0.9894059487513236,0.2193931022920578,LV,0.0,0
12,uc606126.1,uc606126,1,0.9960292861814299,0.2193931022920578,LV,0.0,0
12,uc606127.1,uc606127,1,0.9826287592884269,0.2193931022920578,LV,0.0,0
12,uc605896.1,uc605896,1,0.9821794969262384,0.2193931022920578,LV,0.0,0
12,uc606121.1,uc606121,1,0.9817667220892548,0.2193931022920578,LV,0.0,0
12,uc606122.1,uc606122,1,0.9796344675246963,0.2193931022920578,LV,0.0,0
12,uc606123.1,uc606123,1,1.0073048915609757,0.2193931022920578,LV,0.0,0
12,uc606124.1,uc606124,1,0.9879315100901307,0.2193931022920578,LV,0.0,0
12,uc605825.1,uc605825,1,0.9847261703668854,0.2193931022920578,LV,0.0,0
12,uc623427.1,uc623427,1,1.0073049046984386,0.2193931022920578,LV,0.0,0
12,uc609687.1,uc609687,1,0.9920207984741911,0.2193931022920578,LV,0.0,0
12,uc639277.1,uc639277,1,0.9837018151348553,0.2193931022920578,LV,0.0,0
12,uc1139390.1,uc1139390,1,0.9852269492697354,0.2193931022920578,LV,0.0,0
12,uc605863.1,uc605863,1,0.9916890688499044,0.2193931022920578,LV,0.0,0
12,uc605865.1,uc605865,1,0.9919519633451497,0.2193931022920578,LV,0.0,0
12,uc1138614.1,uc1138614,1,0.9844828185716915,0.2193931022920578,LV,0.0,0
12,uc605855.1,uc605855,1,0.9867279914276925,0.2193931022920578,LV,0.0,0
12,uc605828.1,uc605828,1,0.9842689232422359,0.2193931022920578,LV,0.0,0
12,uc605829.1,uc605829,1,0.9886028483015031,0.2193931022920578,LV,0.0,0
12,uc605834.1,uc605834,1,0.9816213124503733,0.2193931022920578,LV,0.0,0
12,uc605835.1,uc605835,1,0.9816840438198197,0.2193931022920578,LV,0.0,0
12,uc605827.1,uc605827,1,0.9842144786405354,0.2193931022920578,LV,0.0,0
12,uc627337.1,uc627337,1,0.9881831110044886,0.2193931022920578,LV,0.0,0
12,uc637912.1,uc637912,1,0.9886735590837742,0.2193931022920578,LV,0.0,0
12,uc637576.1,uc637576,1,1.0082944516272907,0.2193931022920578,LV,0.0,0
12,uc637356.1,uc637356,1,0.987914385766819,0.2193931022920578,LV,0.0,0
12,uc637918.1,uc637918,1,1.0087260203859405,0.2193931022920578,LV,0.0,0
12,uc637360.1,uc637360,1,0.9810169763781674,0.2193931022920578,LV,0.0,0
12,uc637399.1,uc637399,1,0.9806321208585161,0.2193931022920578,LV,0.0,0
12,uc637397.1,uc637397,1,0.9832473614199726,0.2193931022920578,LV,0.0,0
12,uc1137150.1,uc1137150,1,0.9880151978761377,0.2193931022920578,LV,0.0,0
12,uc1636598.1,uc1636598,1,0.0,0.1270170592217177,LV,0.95,1
12,uc636933.1,uc636933,1,1.0043542765653368,0.2193931022920578,LV,0.0,0
12,uc635963.1,uc635963,1,0.9823377658355654,0.2193931022920578,LV,0.0,0
12,uc635543.1,uc635543,1,0.9885812533705227,0.2193931022920578,LV,0.0,0
12,uc635966.1,uc635966,1,0.987461403193161,0.2193931022920578,LV,0.0,0
12,uc635550.1,uc635550,1,0.984229246214163,0.2193931022920578,LV,0.0,0
12,uc635862.1,uc635862,1,0.9975851761916478,0.2193931022920578,LV,0.0,0
12,uc1635694.1,uc1635694,1,1.0010126161261,0.2193931022920578,LV,0.0,0
12,uc3435739.1,uc3435739,1,1.0002237612160734,0.2193931022920578,LV,0.0,0
12,uc1635060.1,uc1635060,1,0.9937289987581186,0.2193931022920578,LV,0.0,0
12,uc1607271.1,uc1607271,1,0.9948179016824179,0.2193931022920578,LV,0.0,0
12,uc605884.1,uc605884,1,0.9879101149871838,0.2193931022920578,LV,0.0,0
12,uc1609690.1,uc1609690,1,0.9963293703832075,0.2193931022920578,LV,0.0,0
12,uc1134165.1,uc1134165,1,0.981319319179278,0.2193931022920578,LV,0.0,0
12,uc634166.1,uc634166,1,0.9881482615351554,0.2193931022920578,LV,0.0,0
12,uc1633896.1,uc1633896,1,0.9947281026556993,0.2193931022920578,LV,0.0,0
12,uc3433894.1,uc3433894,1,0.9886763264470512,0.2193931022920578,LV,0.0,0
12,uc1633892.1,uc1633892,1,0.9980559093988587,0.2193931022920578,LV,0.0,0
12,uc633672.1,uc633672,1,0.9920497149831131,0.2193931022920578,LV,0.0,0
12,uc1633671.1,uc1633671,1,1.0139543083257114,0.2193931022920578,LV,0.0,0
12,uc1632306.1,uc1632306,1,0.9903510813775243,0.2193931022920578,LV,0.0,0
12,uc632607.1,uc632607,1,0.9694526525053075,0.2193931022920578,LV,0.0,0
12,uc632613.1,uc632613,1,0.9886539550937484,0.2193931022920578,LV,0.0,0
12,uc3432407.1,uc3432407,1,0.9966620298271609,0.2193931022920578,LV,0.0,0
12,uc1632402.1,uc1632402,1,0.9841250770259031,0.2193931022920578,LV,0.0,0
12,uc1132019.1,uc1132019,1,0.9844840392053762,0.2193931022920578,LV,0.0,0
12,uc632016.1,uc632016,1,0.9904966986918231,0.2193931022920578,LV,0.0,0
12,uc1132015.1,uc1132015,1,0.9828993095472277,0.2193931022920578,LV,0.0,0
12,uc1132012.1,uc1132012,1,0.9873756644654267,0.2193931022920578,LV,0.0,0
12,uc631859.1,uc631859,1,0.9903994251038593,0.2193931022920578,LV,0.0,0
12,uc1631852.1,uc1631852,1,0.9881446518575954,0.2193931022920578,LV,0.0,0
12,uc1130761.1,uc1130761,1,0.9812739201941704,0.2193931022920578,LV,0.0,0
12,uc1630759.1,uc1630759,1,0.9833159103235152,0.2193931022920578,LV,0.0,0
12,uc630758.1,uc630758,1,1.0124136766687664,0.2193931022920578,LV,0.0,0
12,uc629428.1,uc629428,1,0.9906605253069586,0.2193931022920578,LV,0.0,0
12,uc1629639.1,uc1629639,1,0.9969303763669758,0.2193931022920578,LV,0.0,0
12,uc1229546.1,uc1229546,1,0.9849702780384129,0.2193931022920578,LV,0.0,0
12,uc628768.1,uc628768,1,0.9892468843253838,0.2193931022920578,LV,0.0,0
12,uc628757.1,uc628757,1,0.9957297246989746,0.2193931022920578,LV,0.0,0
12,uc628766.1,uc628766,1,0.9858416902208748,0.2193931022920578,LV,0.0,0
12,uc628753.1,uc628753,1,0.9953201778454821,0.2193931022920578,LV,0.0,0
12,uc627346.1,uc627346,1,0.9863374265097917,0.2193931022920578,LV,0.0,0
12,uc1628760.1,uc1628760,1,0.9973955134206978,0.2193931022920578,LV,0.0,0
12,uc1629422.1,uc1629422,1,0.986255303404382,0.2193931022920578,LV,0.0,0
12,uc626699.1,uc626699,1,0.9876174333184312,0.2193931022920578,LV,0.0,0
12,60651.2,60651,2,0.988275633238755,13.336791218280357,MV,0.0,0
12,60721.2,60721,2,0.9881950952853922,13.336791218280357,MV,0.0,0
12,164151.2,164151,2,0.9891864114214209,13.336791218280357,MV,0.0,0
12,302191.2,302191,2,0.9869044086923197,13.336791218280357,MV,0.0,0
12,320841.2,320841,2,0.983009578884126,13.336791218280357,MV,0.0,0
12,337711.2,337711,2,0.9869185901493074,13.336791218280357,MV,0.0,0
12,358691.2,358691,2,0.9973428071120017,13.336791218280357,MV,0.0,0
12,et6_1177.2,et6_1177,2,0.9888873401660248,0.2193931022920578,LV,0.0,0
12,461501.2,461501,2,0.9902162231009972,13.336791218280357,MV,0.0,0
12,686891.2,686891,2,0.9862633898421153,13.336791218280357,MV,0.0,0
12,703601.2,703601,2,0.9895259736467608,13.336791218280357,MV,0.0,0
12,713791.2,713791,2,0.9853850653105463,13.336791218280357,MV,0.0,0
12,725731.2,725731,2,0.9839102167328789,13.336791218280357,MV,0.0,0
12,809501.2,809501,2,0.9865129955636207,13.336791218280357,MV,0.0,0
12,811221.2,811221,2,0.9893505752045396,13.336791218280357,MV,0.0,0
12,815111.2,815111,2,0.9869926761147002,13.336791218280357,MV,0.0,0
12,822371.2,822371,2,0.9844020196038594,13.336791218280357,MV,0.0,0
12,820611.2,820611,2,0.9873604138815911,13.336791218280357,MV,0.0,0
12,822641.2,822641,2,0.9849277630284035,13.336791218280357,MV,0.0,0
12,618431.2,618431,2,0.9882734983108126,13.336791218280357,MV,0.0,0
12,bt10401.2,bt10401,2,0.9806997240633678,0.2193931022920578,LV,0.0,0
12,bt197792.2,bt197792,2,0.9803697518809655,0.2193931022920578,LV,0.0,0
12,bt800551.2,bt800551,2,0.9803697519018219,0.2193931022920578,LV,0.0,0
12,bt295341.2,bt295341,2,0.9797509854968649,0.2193931022920578,LV,0.0,0
12,bt800541.2,bt800541,2,0.9800552707801475,0.2193931022920578,LV,0.0,0
12,bt295361.2,bt295361,2,0.9792621609423123,0.2193931022920578,LV,0.0,0
12,bt474991.2,bt474991,2,0.9791049928922599,0.2193931022920578,LV,0.0,0
12,uc1627323.2,uc1627323,2,0.9801454164124154,0.2193931022920578,LV,0.0,0
12,uc3405987.2,uc3405987,2,1.0045855895330797,0.2193931022920578,LV,0.0,0
12,uc3405846.2,uc3405846,2,0.9856599766446608,0.2193931022920578,LV,0.0,0
12,uc3405847.2,uc3405847,2,1.005248572121346,0.2193931022920578,LV,0.0,0
12,uc3405838.2,uc3405838,2,0.9824284276244138,0.2193931022920578,LV,0.0,0
12,uc1607326.2,uc1607326,2,0.9830375723561026,0.2193931022920578,LV,0.0,0
12,uc1607316.2,uc1607316,2,0.9815137316841234,0.2193931022920578,LV,0.0,0
12,uc1607308.2,uc1607308,2,0.9844549256943607,0.2193931022920578,LV,0.0,0
12,uc1623434.2,uc1623434,2,0.0,0.1270170592217177,LV,0.95,1
12,uc1620373.2,uc1620373,2,0.9861521805655254,0.2193931022920578,LV,0.0,0
12,uc1607302.2,uc1607302,2,0.9860512922931765,0.2193931022920578,LV,0.0,0
12,uc1607304.2,uc1607304,2,0.9859067585609748,0.2193931022920578,LV,0.0,0
12,uc1607306.2,uc1607306,2,0.9839484992030055,0.2193931022920578,LV,0.0,0
12,uc1607299.2,uc1607299,2,0.9864464430717992,0.2193931022920578,LV,0.0,0
12,uc1607297.2,uc1607297,2,0.9870937656021731,0.2193931022920578,LV,0.0,0
12,uc1607298.2,uc1607298,2,0.9866095257818003,0.2193931022920578,LV,0.0,0
12,uc1607289.2,uc1607289,2,0.9897553892268927,0.2193931022920578,LV,0.0,0
12,uc1607291.2,uc1607291,2,0.9866853833734347,0.2193931022920578,LV,0.0,0
12,uc1607292.2,uc1607292,2,0.986202589220048,0.2193931022920578,LV,0.0,0
12,uc1607280.2,uc1607280,2,0.9850115193393828,0.2193931022920578,LV,0.0,0
12,uc1607284.2,uc1607284,2,0.985166885344044,0.2193931022920578,LV,0.0,0
12,uc1607285.2,uc1607285,2,0.9850660224026234,0.2193931022920578,LV,0.0,0
12,uc1607288.2,uc1607288,2,0.9852952499575378,0.2193931022920578,LV,0.0,0
12,uc1607279.2,uc1607279,2,0.9860171084343219,0.2193931022920578,LV,0.0,0
12,uc1607355.2,uc1607355,2,0.9867919111003746,0.2193931022920578,LV,0.0,0
12,uc1607357.2,uc1607357,2,0.987998770919183,0.2193931022920578,LV,0.0,0
12,uc1607358.2,uc1607358,2,0.9864645498769874,0.2193931022920578,LV,0.0,0
12,uc1607368.2,uc1607368,2,0.0,0.1270170592217177,LV,0.95,1
12,uc1607276.2,uc1607276,2,0.9981846848240591,0.2193931022920578,LV,0.0,0
12,uc1607278.2,uc1607278,2,0.998454073341413,0.2193931022920578,LV,0.0,0
12,uc1607273.2,uc1607273,2,0.9958854663406873,0.2193931022920578,LV,0.0,0
12,uc1607328.2,uc1607328,2,0.9826014670355929,0.2193931022920578,LV,0.0,0
12,uc1607347.2,uc1607347,2,1.072933144394239,0.2193931022920578,LV,0.02293314439423888,1
12,uc1607350.2,uc1607350,2,1.0286317103709814,0.2193931022920578,LV,0.0,0
12,uc1107341.2,uc1107341,2,0.9830930575863077,0.2193931022920578,LV,0.0,0
12,uc1107333.2,uc1107333,2,0.9845747352072722,0.2193931022920578,LV,0.0,0
12,uc1607268.2,uc1607268,2,0.9949614413861507,0.2193931022920578,LV,0.0,0
12,uc1607252.2,uc1607252,2,0.9827778951225867,0.2193931022920578,LV,0.0,0
12,uc1606000.2,uc1606000,2,0.9849285616977759,0.2193931022920578,LV,0.0,0
12,uc1607255.2,uc1607255,2,0.9863550392729694,0.2193931022920578,LV,0.0,0
12,uc1607258.2,uc1607258,2,0.9827858844865532,0.2193931022920578,LV,0.0,0
12,uc1124041.2,uc1124041,2,0.9833987897363448,0.2193931022920578,LV,0.0,0
12,uc1124340.2,uc1124340,2,0.9853034412179397,0.2193931022920578,LV,0.0,0
12,uc1121173.2,uc1121173,2,0.98466307590474,0.2193931022920578,LV,0.0,0
12,uc1107345.2,uc1107345,2,0.9852842599216102,0.2193931022920578,LV,0.0,0
12,uc605816.2,uc605816,2,1.0177511211573393,0.2193931022920578,LV,0.0,0
12,uc605812.2,uc605812,2,0.9791391441487763,0.2193931022920578,LV,0.0,0
12,uc605813.2,uc605813,2,0.9887058433557573,0.2193931022920578,LV,0.0,0
12,uc609685.2,uc609685,2,0.9904329800731333,0.2193931022920578,LV,0.0,0
12,uc609688.2,uc609688,2,1.0079217003438827,0.2193931022920578,LV,0.0,0
12,uc621168.2,uc621168,2,0.9836549454087693,0.2193931022920578,LV,0.0,0
12,uc621171.2,uc621171,2,0.9814511267001494,0.2193931022920578,LV,0.0,0
12,uc605810.2,uc605810,2,0.9896012327416581,0.2193931022920578,LV,0.0,0
12,uc605807.2,uc605807,2,0.9806793887723417,0.2193931022920578,LV,0.0,0
12,uc605801.2,uc605801,2,0.9870361522407141,0.2193931022920578,LV,0.0,0
12,uc607384.2,uc607384,2,0.9823071311586247,0.2193931022920578,LV,0.0,0
12,uc607385.2,uc607385,2,0.9890393879185818,0.2193931022920578,LV,0.0,0
12,uc609682.2,uc609682,2,0.982243100281644,0.2193931022920578,LV,0.0,0
12,uc609683.2,uc609683,2,0.9890492329424059,0.2193931022920578,LV,0.0,0
12,uc607377.2,uc607377,2,0.9906984384565134,0.2193931022920578,LV,0.0,0
12,uc607382.2,uc607382,2,0.9883807262164954,0.2193931022920578,LV,0.0,0
12,uc606117.2,uc606117,2,0.9830543793900348,0.2193931022920578,LV,0.0,0
12,uc606120.2,uc606120,2,0.9827270694398461,0.2193931022920578,LV,0.0,0
12,uc623433.2,uc623433,2,0.9804823289729677,0.2193931022920578,LV,0.0,0
12,uc623007.2,uc623007,2,0.9885809237502765,0.2193931022920578,LV,0.0,0
12,uc606147.2,uc606147,2,1.0808683387546194,0.2193931022920578,LV,0.030868338754619362,1
12,uc606148.2,uc606148,2,0.9962414269548081,0.2193931022920578,LV,0.0,0
12,uc606150.2,uc606150,2,0.9954703535804669,0.2193931022920578,LV,0.0,0
12,uc606109.2,uc606109,2,0.9817599710135905,0.2193931022920578,LV,0.0,0
12,uc606110.2,uc606110,2,0.9811679262431489,0.2193931022920578,LV,0.0,0
12,uc606111.2,uc606111,2,0.983021311997494,0.2193931022920578,LV,0.0,0
12,uc622720.2,uc622720,2,0.9864925910099704,0.2193931022920578,LV,0.0,0
12,uc623004.2,uc623004,2,0.9995160396089173,0.2193931022920578,LV,0.0,0
12,uc606103.2,uc606103,2,0.9838300803347829,0.2193931022920578,LV,0.0,0
12,uc606139.2,uc606139,2,1.020893876187082,0.2193931022920578,LV,0.0,0
12,uc606143.2,uc606143,2,1.0412162597771686,0.2193931022920578,LV,0.0,0
12,uc605921.2,uc605921,2,0.9865106773811692,0.2193931022920578,LV,0.0,0
12,uc605915.2,uc605915,2,0.9863491275019547,0.2193931022920578,LV,0.0,0
12,uc606101.2,uc606101,2,0.9841761872972714,0.2193931022920578,LV,0.0,0
12,uc622273.2,uc622273,2,1.038700110271346,0.2193931022920578,LV,0.0,0
12,uc605990.2,uc605990,2,0.9797507573025286,0.2193931022920578,LV,0.0,0
12,uc606130.2,uc606130,2,0.9845142562281144,0.2193931022920578,LV,0.0,0
12,uc606132.2,uc606132,2,0.9826902466163634,0.2193931022920578,LV,0.0,0
12,uc622258.2,uc622258,2,0.9855117474358398,0.2193931022920578,LV,0.0,0
12,uc622270.2,uc622270,2,0.9936108093888,0.2193931022920578,LV,0.0,0
12,uc605905.2,uc605905,2,0.9833588704619779,0.2193931022920578,LV,0.0,0
12,uc605909.2,uc605909,2,0.9871632846639369,0.2193931022920578,LV,0.0,0
12,uc605910.2,uc605910,2,0.9842584757810017,0.2193931022920578,LV,0.0,0
12,uc605911.2,uc605911,2,0.9849103878758502,0.2193931022920578,LV,0.0,0
12,uc606128.2,uc606128,2,0.9841624375796435,0.2193931022920578,LV,0.0,0
12,uc605904.2,uc605904,2,0.9834310212504287,0.2193931022920578,LV,0.0,0
12,uc1239552.2,uc1239552,2,0.9862850787794772,0.2193931022920578,LV,0.0,0
12,uc605817.2,uc605817,2,0.9870520145513533,0.2193931022920578,LV,0.0,0
12,uc605819.2,uc605819,2,1.0029197148263052,0.2193931022920578,LV,0.0,0
12,uc605820.2,uc605820,2,0.9803148989062337,0.2193931022920578,LV,0.0,0
12,uc605821.2,uc605821,2,0.9841594324729976,0.2193931022920578,LV,0.0,0
12,uc605822.2,uc605822,2,0.9801876624878494,0.2193931022920578,LV,0.0,0
12,uc639280.2,uc639280,2,1.0051746265498316,0.2193931022920578,LV,0.0,0
12,uc605898.2,uc605898,2,0.9879702401992349,0.2193931022920578,LV,0.0,0
12,uc605902.2,uc605902,2,0.9841499662495335,0.2193931022920578,LV,0.0,0
12,uc605982.2,uc605982,2,0.9805785917430551,0.2193931022920578,LV,0.0,0
12,uc605988.2,uc605988,2,0.9791880108005164,0.2193931022920578,LV,0.0,0
12,uc606126.2,uc606126,2,0.996477536049032,0.2193931022920578,LV,0.0,0
12,uc606127.2,uc606127,2,0.9830731115926185,0.2193931022920578,LV,0.0,0
12,uc605896.2,uc605896,2,0.9811588433104349,0.2193931022920578,LV,0.0,0
12,uc606121.2,uc606121,2,0.9821970592812398,0.2193931022920578,LV,0.0,0
12,uc606122.2,uc606122,2,0.9800632031788843,0.2193931022920578,LV,0.0,0
12,uc606123.2,uc606123,2,1.0077564835720174,0.2193931022920578,LV,0.0,0
12,uc622709.2,uc622709,2,0.9859711107129706,0.2193931022920578,LV,0.0,0
12,uc639277.2,uc639277,2,0.984270213707638,0.2193931022920578,LV,0.0,0
12,uc1139390.2,uc1139390,2,0.9862488360607826,0.2193931022920578,LV,0.0,0
12,uc605864.2,uc605864,2,0.989087691496851,0.2193931022920578,LV,0.0,0
12,uc605865.2,uc605865,2,0.992245654717448,0.2193931022920578,LV,0.0,0
12,uc638617.2,uc638617,2,0.9918934897791254,0.2193931022920578,LV,0.0,0
12,uc605855.2,uc605855,2,0.9835702266760347,0.2193931022920578,LV,0.0,0
12,uc1638606.2,uc1638606,2,0.9954825569822933,0.2193931022920578,LV,0.0,0
12,uc1638954.2,uc1638954,2,0.995620645876128,0.2193931022920578,LV,0.0,0
12,uc605836.2,uc605836,2,0.9733370802862956,0.2193931022920578,LV,0.0,0
12,uc1607303.2,uc1607303,2,0.9870829508624217,0.2193931022920578,LV,0.0,0
12,uc637705.2,uc637705,2,0.9863047630706556,0.2193931022920578,LV,0.0,0
12,uc1637704.2,uc1637704,2,1.0020198137021645,0.2193931022920578,LV,0.0,0
12,uc637576.2,uc637576,2,1.0087459095806388,0.2193931022920578,LV,0.0,0
12,uc637918.2,uc637918,2,1.0093953875238417,0.2193931022920578,LV,0.0,0
12,uc637360.2,uc637360,2,0.9814477149110334,0.2193931022920578,LV,0.0,0
12,uc637397.2,uc637397,2,0.9845890658839137,0.2193931022920578,LV,0.0,0
12,uc636933.2,uc636933,2,1.0181462464449285,0.2193931022920578,LV,0.0,0
12,uc605908.2,uc605908,2,0.9887300133902122,0.2193931022920578,LV,0.0,0
12,uc635963.2,uc635963,2,0.9827692398036221,0.2193931022920578,LV,0.0,0
12,uc635543.2,uc635543,2,0.9890143136992565,0.2193931022920578,LV,0.0,0
12,uc635966.2,uc635966,2,0.9878945744835054,0.2193931022920578,LV,0.0,0
12,uc627328.2,uc627328,2,0.9789303078241852,0.2193931022920578,LV,0.0,0
12,uc635550.2,uc635550,2,0.9846754405004067,0.2193931022920578,LV,0.0,0
12,uc635862.2,uc635862,2,0.9989411023887865,0.2193931022920578,LV,0.0,0
12,uc3435739.2,uc3435739,2,1.008726466869529,0.2193931022920578,LV,0.0,0
12,uc634166.2,uc634166,2,0.9870377911208505,0.2193931022920578,LV,0.0,0
12,uc1633671.2,uc1633671,2,1.0165233471108124,0.2193931022920578,LV,0.0,0
12,uc633056.2,uc633056,2,0.9889441010957981,0.2193931022920578,LV,0.0,0
12,uc632607.2,uc632607,2,0.9707714245169747,0.2193931022920578,LV,0.0,0
12,uc1632402.2,uc1632402,2,0.9860205696306504,0.2193931022920578,LV,0.0,0
12,uc1131858.2,uc1131858,2,0.9831848262660854,0.2193931022920578,LV,0.0,0
12,uc631391.2,uc631391,2,0.9770205525212531,0.2193931022920578,LV,0.0,0
12,uc1630759.2,uc1630759,2,0.9851670437582978,0.2193931022920578,LV,0.0,0
12,uc630758.2,uc630758,2,1.0349047040747612,0.2193931022920578,LV,0.0,0
12,uc630753.2,uc630753,2,0.9840587734969272,0.2193931022920578,LV,0.0,0
12,uc628766.2,uc628766,2,0.9845238128951548,0.2193931022920578,LV,0.0,0
12,uc627346.2,uc627346,2,0.9857050240565776,0.2193931022920578,LV,0.0,0
12,uc1629422.2,uc1629422,2,0.9855495351256727,0.2193931022920578,LV,0.0,0
12,60651.3,60651,3,0.9872981180377874,13.336791218280357,MV,0.0,0
12,60721.3,60721,3,0.987217616854507,13.336791218280357,MV,0.0,0
12,164151.3,164151,3,0.9882084588032867,13.336791218280357,MV,0.0,0
12,302191.3,302191,3,0.9851010821260932,13.336791218280357,MV,0.0,0
12,320841.3,320841,3,0.9820497043602205,13.336791218280357,MV,0.0,0
12,337711.3,337711,3,0.9851151450029401,13.336791218280357,MV,0.0,0
12,358691.3,358691,3,0.9968099487571218,13.336791218280357,MV,0.0,0
12,et6_1177.3,et6_1177,3,0.989329339205148,0.2193931022920578,LV,0.0,0
12,461501.3,461501,3,0.9890942006826813,13.336791218280357,MV,0.0,0
12,686891.3,686891,3,0.9853059027559019,13.336791218280357,MV,0.0,0
12,703601.3,703601,3,0.9885465600427036,13.336791218280357,MV,0.0,0
12,713791.3,713791,3,0.9844246886466438,13.336791218280357,MV,0.0,0
12,725731.3,725731,3,0.9829501340412067,13.336791218280357,MV,0.0,0
12,809501.3,809501,3,0.9855572264131701,13.336791218280357,MV,0.0,0
12,811221.3,811221,3,0.9883723862310461,13.336791218280357,MV,0.0,0
12,815111.3,815111,3,0.9851893762238009,13.336791218280357,MV,0.0,0
12,822371.3,822371,3,0.9834416286439368,13.336791218280357,MV,0.0,0
12,820611.3,820611,3,0.9863900099287618,13.336791218280357,MV,0.0,0
12,822641.3,822641,3,0.983963287326562,13.336791218280357,MV,0.0,0
12,618431.3,618431,3,0.9872959825720151,13.336791218280357,MV,0.0,0
12,bt10401.3,bt10401,3,0.9897395270899089,0.2193931022920578,LV,0.0,0
12,bt197792.3,bt197792,3,0.9897395279886076,0.2193931022920578,LV,0.0,0
12,bt800551.3,bt800551,3,0.9897395279136527,0.2193931022920578,LV,0.0,0
12,bt295341.3,bt295341,3,0.9897395291723112,0.2193931022920578,LV,0.0,0
12,bt800541.3,bt800541,3,0.9897395285951834,0.2193931022920578,LV,0.0,0
12,bt295361.3,bt295361,3,0.9897395298474715,0.2193931022920578,LV,0.0,0
12,bt474991.3,bt474991,3,0.9897395303088241,0.2193931022920578,LV,0.0,0
12,uc627336.3,uc627336,3,0.9866513712952474,0.2193931022920578,LV,0.0,0
12,uc1620373.3,uc1620373,3,0.9864097581534863,0.2193931022920578,LV,0.0,0
12,uc1607302.3,uc1607302,3,0.9863079936321963,0.2193931022920578,LV,0.0,0
12,uc1607304.3,uc1607304,3,0.9861632412691631,0.2193931022920578,LV,0.0,0
12,uc1607298.3,uc1607298,3,0.9871688773198142,0.2193931022920578,LV,0.0,0
12,uc1607280.3,uc1607280,3,0.9852517061110083,0.2193931022920578,LV,0.0,0
12,uc1607285.3,uc1607285,3,0.9861843090024919,0.2193931022920578,LV,0.0,0
12,uc1607279.3,uc1607279,3,0.9862572540606381,0.2193931022920578,LV,0.0,0
12,uc1607347.3,uc1607347,3,1.073132633485585,0.2193931022920578,LV,0.02313263348558503,1
12,uc1124340.3,uc1124340,3,0.9864108081427042,0.2193931022920578,LV,0.0,0
12,uc605816.3,uc605816,3,1.0178303233376336,0.2193931022920578,LV,0.0,0
12,uc605815.3,uc605815,3,0.9957678757285636,0.2193931022920578,LV,0.0,0
12,uc621171.3,uc621171,3,0.9814769735302658,0.2193931022920578,LV,0.0,0
12,uc607384.3,uc607384,3,0.9823363188181882,0.2193931022920578,LV,0.0,0
12,uc606117.3,uc606117,3,0.9830797122830234,0.2193931022920578,LV,0.0,0
12,uc606120.3,uc606120,3,0.9827525132081029,0.2193931022920578,LV,0.0,0
12,uc623007.3,uc623007,3,0.9890228442435655,0.2193931022920578,LV,0.0,0
12,uc605867.3,uc605867,3,0.9900360485726027,0.2193931022920578,LV,0.0,0
12,uc606150.3,uc606150,3,0.9955296465300746,0.2193931022920578,LV,0.0,0
12,uc606109.3,uc606109,3,0.9817857373688847,0.2193931022920578,LV,0.0,0
12,uc606110.3,uc606110,3,0.9811937313782738,0.2193931022920578,LV,0.0,0
12,uc606111.3,uc606111,3,0.9830466743266083,0.2193931022920578,LV,0.0,0
12,uc622722.3,uc622722,3,0.993937102221648,0.2193931022920578,LV,0.0,0
12,uc623004.3,uc623004,3,1.0012005274529923,0.2193931022920578,LV,0.0,0
12,uc606101.3,uc606101,3,0.98419165160603,0.2193931022920578,LV,0.0,0
12,uc606132.3,uc606132,3,0.9827240916121973,0.2193931022920578,LV,0.0,0
12,uc605910.3,uc605910,3,0.9842798260954625,0.2193931022920578,LV,0.0,0
12,uc605911.3,uc605911,3,0.9849314607561797,0.2193931022920578,LV,0.0,0
12,uc605904.3,uc605904,3,0.9857443498271514,0.2193931022920578,LV,0.0,0
12,uc1239552.3,uc1239552,3,0.9865424366109169,0.2193931022920578,LV,0.0,0
12,uc605821.3,uc605821,3,0.985875631768155,0.2193931022920578,LV,0.0,0
12,uc639280.3,uc639280,3,1.0053744235850257,0.2193931022920578,LV,0.0,0
12,uc605898.3,uc605898,3,0.9868247309896079,0.2193931022920578,LV,0.0,0
12,uc605902.3,uc605902,3,0.9842142071844123,0.2193931022920578,LV,0.0,0
12,uc606126.3,uc606126,3,0.9965055407526181,0.2193931022920578,LV,0.0,0
12,uc606127.3,uc606127,3,0.9831074302066501,0.2193931022920578,LV,0.0,0
12,uc606121.3,uc606121,3,0.9822221642440878,0.2193931022920578,LV,0.0,0
12,uc606122.3,uc606122,3,0.9800881043455395,0.2193931022920578,LV,0.0,0
12,uc639277.3,uc639277,3,0.9859864332705551,0.2193931022920578,LV,0.0,0
12,uc1139390.3,uc1139390,3,0.9865061844341976,0.2193931022920578,LV,0.0,0
12,uc637576.3,uc637576,3,1.0087607605031998,0.2193931022920578,LV,0.0,0
12,uc637918.3,uc637918,3,1.009596689299123,0.2193931022920578,LV,0.0,0
12,uc637360.3,uc637360,3,0.9814735626698867,0.2193931022920578,LV,0.0,0
12,uc637397.3,uc637397,3,0.9847232853771103,0.2193931022920578,LV,0.0,0
12,uc635963.3,uc635963,3,0.9827946540715343,0.2193931022920578,LV,0.0,0
12,uc635543.3,uc635543,3,0.9890360818525883,0.2193931022920578,LV,0.0,0
12,uc635966.3,uc635966,3,0.9879161325596941,0.2193931022920578,LV,0.0,0
12,uc635550.3,uc635550,3,0.9847100789490896,0.2193931022920578,LV,0.0,0
12,uc635862.3,uc635862,3,0.9977217577190091,0.2193931022920578,LV,0.0,0
12,uc1633671.3,uc1633671,3,1.016548656390072,0.2193931022920578,LV,0.0,0
12,uc632607.3,uc632607,3,0.9709104853382272,0.2193931022920578,LV,0.0,0
12,uc1629422.3,uc1629422,3,0.9875219940976727,0.2193931022920578,LV,0.0,0
13,60651.1,60651,1,0.9872988485215941,13.336791218280357,MV,0.0,0
13,60721.1,60721,1,0.987211774270185,13.336791218280357,MV,0.0,0
13,164151.1,164151,1,0.9882653416807938,13.336791218280357,MV,0.0,0
13,302191.1,302191,1,0.9849624449610996,13.336791218280357,MV,0.0,0
13,320841.1,320841,1,0.9819120391113992,13.336791218280357,MV,0.0,0
13,337711.1,337711,1,0.9849827944299415,13.336791218280357,MV,0.0,0
13,358691.1,358691,1,0.9971958629239852,13.336791218280357,MV,0.0,0
13,et6_1177.1,et6_1177,1,0.9877724704123014,0.2193931022920578,LV,0.0,0
13,461501.1,461501,1,0.9891484967382345,13.336791218280357,MV,0.0,0
13,686891.1,686891,1,0.9853140779391044,13.336791218280357,MV,0.0,0
13,703601.1,703601,1,0.9886142508018988,13.336791218280357,MV,0.0,0
13,713791.1,713791,1,0.9843929661456781,13.336791218280357,MV,0.0,0
13,725731.1,725731,1,0.9828524754763556,13.336791218280357,MV,0.0,0
13,809501.1,809501,1,0.9856004971610268,13.336791218280357,MV,0.0,0
13,811221.1,811221,1,0.9884315072617337,13.336791218280357,MV,0.0,0
13,815111.1,815111,1,0.9850496554542043,13.336791218280357,MV,0.0,0
13,822371.1,822371,1,0.9833643794101223,13.336791218280357,MV,0.0,0
13,820611.1,820611,1,0.9864015011433364,13.336791218280357,MV,0.0,0
13,822641.1,822641,1,0.9838993930184394,13.336791218280357,MV,0.0,0
13,618431.1,618431,1,0.987296759658741,13.336791218280357,MV,0.0,0
13,bt10401.1,bt10401,1,0.9812797075642208,0.2193931022920578,LV,0.0,0
13,bt197792.1,bt197792,1,0.9805517621105564,0.2193931022920578,LV,0.0,0
13,bt800551.1,bt800551,1,0.980700368903899,0.2193931022920578,LV,0.0,0
13,bt295341.1,bt295341,1,0.9798875476923279,0.2193931022920578,LV,0.0,0
13,bt800541.1,bt800541,1,0.9802630060477168,0.2193931022920578,LV,0.0,0
13,bt295361.1,bt295361,1,0.979541229709319,0.2193931022920578,LV,0.0,0
13,bt474991.1,bt474991,1,0.979268508357156,0.2193931022920578,LV,0.0,0
13,uc626695.1,uc626695,1,0.9769749108133584,0.2193931022920578,LV,0.0,0
13,uc1627323.1,uc1627323,1,0.9851193141599318,0.2193931022920578,LV,0.0,0
13,uc1627342.1,uc1627342,1,0.9980129012104684,0.2193931022920578,LV,0.0,0
13,uc627343.1,uc627343,1,0.9850018551940017,0.2193931022920578,LV,0.0,0
13,uc627344.1,uc627344,1,0.990553951883311,0.2193931022920578,LV,0.0,0
13,uc1626672.1,uc1626672,1,0.0,0.1270170592217177,LV,0.95,1
13,uc1626490.1,uc1626490,1,0.9947535141976203,0.2193931022920578,LV,0.0,0
13,uc3422706.1,uc3422706,1,0.9891405800517081,0.2193931022920578,LV,0.0,0
13,uc3425629.1,uc3425629,1,0.9891971518335362,0.2193931022920578,LV,0.0,0
13,uc3422597.1,uc3422597,1,0.9958334496588378,0.2193931022920578,LV,0.0,0
13,uc3405843.1,uc3405843,1,0.9871712656490892,0.2193931022920578,LV,0.0,0
13,uc3405844.1,uc3405844,1,1.015776396906573,0.2193931022920578,LV,0.0,0
13,uc3405845.1,uc3405845,1,1.0142941424249985,0.2193931022920578,LV,0.0,0
13,uc3405846.1,uc3405846,1,0.9874369091065328,0.2193931022920578,LV,0.0,0
13,uc1626486.1,uc1626486,1,0.9965150601006176,0.2193931022920578,LV,0.0,0
13,uc1626487.1,uc1626487,1,0.9856897758007966,0.2193931022920578,LV,0.0,0
13,uc626481.1,uc626481,1,0.9863728338148089,0.2193931022920578,LV,0.0,0
13,uc626678.1,uc626678,1,0.9858152199022385,0.2193931022920578,LV,0.0,0
13,uc626698.1,uc626698,1,0.9899587320106762,0.2193931022920578,LV,0.0,0
13,uc626476.1,uc626476,1,0.9823363334932939,0.2193931022920578,LV,0.0,0
13,uc1627321.1,uc1627321,1,0.9977447631159636,0.2193931022920578,LV,0.0,0
13,uc1607319.1,uc1607319,1,0.982139153059056,0.2193931022920578,LV,0.0,0
13,uc1607308.1,uc1607308,1,0.985010549955036,0.2193931022920578,LV,0.0,0
13,uc1624026.1,uc1624026,1,0.0,0.1270170592217177,LV,0.95,1
13,uc1625170.1,uc1625170,1,0.9885228869922233,0.2193931022920578,LV,0.0,0
13,uc1621994.1,uc1621994,1,0.9960654409746097,0.2193931022920578,LV,0.0,0
13,uc1620360.1,uc1620360,1,0.9949133461492041,0.2193931022920578,LV,0.0,0
13,uc1620373.1,uc1620373,1,0.9842205476068145,0.2193931022920578,LV,0.0,0
13,uc1607302.1,uc1607302,1,0.9842218161374476,0.2193931022920578,LV,0.0,0
13,uc1607304.1,uc1607304,1,0.9829052128320738,0.2193931022920578,LV,0.0,0
13,uc1607305.1,uc1607305,1,0.9824810526331536,0.2193931022920578,LV,0.0,0
13,uc1607306.1,uc1607306,1,0.9845132855036471,0.2193931022920578,LV,0.0,0
13,uc1607297.1,uc1607297,1,0.9875851701959838,0.2193931022920578,LV,0.0,0
13,uc1607298.1,uc1607298,1,0.985088160527322,0.2193931022920578,LV,0.0,0
13,uc1607289.1,uc1607289,1,0.989472925817161,0.2193931022920578,LV,0.0,0
13,uc1607290.1,uc1607290,1,0.9895502751426889,0.2193931022920578,LV,0.0,0
13,uc1607291.1,uc1607291,1,0.9876770124249475,0.2193931022920578,LV,0.0,0
13,uc1607280.1,uc1607280,1,0.9834770075730737,0.2193931022920578,LV,0.0,0
13,uc1607283.1,uc1607283,1,0.980413224912138,0.2193931022920578,LV,0.0,0
13,uc1607285.1,uc1607285,1,0.9820402062029039,0.2193931022920578,LV,0.0,0
13,uc1607287.1,uc1607287,1,0.9855208031344281,0.2193931022920578,LV,0.0,0
13,uc1607288.1,uc1607288,1,0.9852589779520516,0.2193931022920578,LV,0.0,0
13,uc1607279.1,uc1607279,1,0.984463591514506,0.2193931022920578,LV,0.0,0
13,uc1607357.1,uc1607357,1,0.9877095180433795,0.2193931022920578,LV,0.0,0
13,uc1607358.1,uc1607358,1,0.9876060919635508,0.2193931022920578,LV,0.0,0
13,uc1607368.1,uc1607368,1,0.0,0.1270170592217177,LV,0.95,1
13,uc1607277.1,uc1607277,1,0.997810367719485,0.2193931022920578,LV,0.0,0
13,uc1607278.1,uc1607278,1,1.000096119376669,0.2193931022920578,LV,0.0,0
13,uc1607272.1,uc1607272,1,1.0052604083740402,0.2193931022920578,LV,0.0,0
13,uc1607273.1,uc1607273,1,0.9985955831604091,0.2193931022920578,LV,0.0,0
13,uc1607353.1,uc1607353,1,0.9893466369364681,0.2193931022920578,LV,0.0,0
13,uc1607347.1,uc1607347,1,1.0709999665716685,0.2193931022920578,LV,0.02099996657166847,1
13,uc1607349.1,uc1607349,1,0.9963647167532502,0.2193931022920578,LV,0.0,0
13,uc1107342.1,uc1107342,1,0.9823903118001517,0.2193931022920578,LV,0.0,0
13,uc1107340.1,uc1107340,1,0.9804399813773654,0.2193931022920578,LV,0.0,0
13,uc1105833.1,uc1105833,1,0.9856170244721504,0.2193931022920578,LV,0.0,0
13,uc1107330.1,uc1107330,1,0.9798872014578766,0.2193931022920578,LV,0.0,0
13,uc1607265.1,uc1607265,1,0.9828058993392453,0.2193931022920578,LV,0.0,0
13,uc1607268.1,uc1607268,1,0.9950952495143681,0.2193931022920578,LV,0.0,0
13,uc1607252.1,uc1607252,1,0.9850563045177934,0.2193931022920578,LV,0.0,0
13,uc1605991.1,uc1605991,1,0.9861042870730415,0.2193931022920578,LV,0.0,0
13,uc1605996.1,uc1605996,1,1.0055988955387911,0.2193931022920578,LV,0.0,0
13,uc1607257.1,uc1607257,1,0.9873372601929858,0.2193931022920578,LV,0.0,0
13,uc1607258.1,uc1607258,1,0.9850641243772811,0.2193931022920578,LV,0.0,0
13,uc1124340.1,uc1124340,1,0.9828704221101743,0.2193931022920578,LV,0.0,0
13,uc605816.1,uc605816,1,1.015582667826315,0.2193931022920578,LV,0.0,0
13,uc605813.1,uc605813,1,0.9873938198864958,0.2193931022920578,LV,0.0,0
13,uc609684.1,uc609684,1,0.9907078717808,0.2193931022920578,LV,0.0,0
13,uc609686.1,uc609686,1,0.9910475409114691,0.2193931022920578,LV,0.0,0
13,uc609688.1,uc609688,1,0.9991424745221863,0.2193931022920578,LV,0.0,0
13,uc621168.1,uc621168,1,0.984868896032572,0.2193931022920578,LV,0.0,0
13,uc621171.1,uc621171,1,0.9800914392770266,0.2193931022920578,LV,0.0,0
13,uc605808.1,uc605808,1,0.9913180410340844,0.2193931022920578,LV,0.0,0
13,uc605809.1,uc605809,1,0.9805139019364653,0.2193931022920578,LV,0.0,0
13,uc605810.1,uc605810,1,0.9900463897577939,0.2193931022920578,LV,0.0,0
13,uc605970.1,uc605970,1,0.9873107733388883,0.2193931022920578,LV,0.0,0
13,uc605803.1,uc605803,1,0.9889980847075684,0.2193931022920578,LV,0.0,0
13,uc605804.1,uc605804,1,0.9901529404868405,0.2193931022920578,LV,0.0,0
13,uc605806.1,uc605806,1,0.9866325717364817,0.2193931022920578,LV,0.0,0
13,uc607384.1,uc607384,1,0.9809890970922738,0.2193931022920578,LV,0.0,0
13,uc607387.1,uc607387,1,0.9871288651041303,0.2193931022920578,LV,0.0,0
13,uc609682.1,uc609682,1,0.9845884814877578,0.2193931022920578,LV,0.0,0
13,uc624033.1,uc624033,1,0.9943390535114334,0.2193931022920578,LV,0.0,0
13,uc625156.1,uc625156,1,0.9890240971434476,0.2193931022920578,LV,0.0,0
13,uc625624.1,uc625624,1,0.9828438162507136,0.2193931022920578,LV,0.0,0
13,uc625625.1,uc625625,1,0.9909276972314423,0.2193931022920578,LV,0.0,0
13,uc607366.1,uc607366,1,0.9804830243360008,0.2193931022920578,LV,0.0,0
13,uc607367.1,uc607367,1,0.9898922629237629,0.2193931022920578,LV,0.0,0
13,uc606114.1,uc606114,1,0.9827213719633022,0.2193931022920578,LV,0.0,0
13,uc606117.1,uc606117,1,0.981663937802559,0.2193931022920578,LV,0.0,0
13,uc606120.1,uc606120,1,0.9813477149669652,0.2193931022920578,LV,0.0,0
13,uc623015.1,uc623015,1,0.9796605209874529,0.2193931022920578,LV,0.0,0
13,uc623432.1,uc623432,1,0.9872713879311943,0.2193931022920578,LV,0.0,0
13,uc624028.1,uc624028,1,0.9866824160749194,0.2193931022920578,LV,0.0,0
13,uc605873.1,uc605873,1,0.9894806162015692,0.2193931022920578,LV,0.0,0
13,uc623007.1,uc623007,1,0.9874716852030284,0.2193931022920578,LV,0.0,0
13,uc606147.1,uc606147,1,1.0498940869566067,0.2193931022920578,LV,0.0,0
13,uc606148.1,uc606148,1,0.9957911874019649,0.2193931022920578,LV,0.0,0
13,uc606150.1,uc606150,1,0.9951436675296444,0.2193931022920578,LV,0.0,0
13,uc606109.1,uc606109,1,0.9803990128074646,0.2193931022920578,LV,0.0,0
13,uc606110.1,uc606110,1,0.9798179952192027,0.2193931022920578,LV,0.0,0
13,uc606111.1,uc606111,1,0.9816355872719645,0.2193931022920578,LV,0.0,0
13,uc622777.1,uc622777,1,0.9965647201547531,0.2193931022920578,LV,0.0,0
13,uc623004.1,uc623004,1,0.9984025246479261,0.2193931022920578,LV,0.0,0
13,uc606103.1,uc606103,1,0.9847795139493121,0.2193931022920578,LV,0.0,0
13,uc606139.1,uc606139,1,1.006632704730819,0.2193931022920578,LV,0.0,0
13,uc606141.1,uc606141,1,1.0103239018743668,0.2193931022920578,LV,0.0,0
13,uc606143.1,uc606143,1,1.0149383372489598,0.2193931022920578,LV,0.0,0
13,uc605921.1,uc605921,1,0.9864309862313083,0.2193931022920578,LV,0.0,0
13,uc622713.1,uc622713,1,0.9853983516477672,0.2193931022920578,LV,0.0,0
13,uc622714.1,uc622714,1,0.9892938376140453,0.2193931022920578,LV,0.0,0
13,uc605993.1,uc605993,1,0.9862619829051118,0.2193931022920578,LV,0.0,0
13,uc606101.1,uc606101,1,0.9820379518120781,0.2193931022920578,LV,0.0,0
13,uc606102.1,uc606102,1,0.9814476248923951,0.2193931022920578,LV,0.0,0
13,uc622273.1,uc622273,1,1.0123978900180237,0.2193931022920578,LV,0.0,0
13,uc622703.1,uc622703,1,0.977024725455411,0.2193931022920578,LV,0.0,0
13,uc605989.1,uc605989,1,0.9901810542423997,0.2193931022920578,LV,0.0,0
13,uc606130.1,uc606130,1,0.9849217215807016,0.2193931022920578,LV,0.0,0
13,uc606132.1,uc606132,1,0.9813675413703606,0.2193931022920578,LV,0.0,0
13,uc605914.1,uc605914,1,1.0004505000532562,0.2193931022920578,LV,0.0,0
13,uc622257.1,uc622257,1,0.986023256758788,0.2193931022920578,LV,0.0,0
13,uc605909.1,uc605909,1,0.9869278428176487,0.2193931022920578,LV,0.0,0
13,uc605910.1,uc605910,1,0.9829751629117046,0.2193931022920578,LV,0.0,0
13,uc605911.1,uc605911,1,0.9836139046839267,0.2193931022920578,LV,0.0,0
13,uc606128.1,uc606128,1,0.984784576402651,0.2193931022920578,LV,0.0,0
13,uc605823.1,uc605823,1,0.9820901990369687,0.2193931022920578,LV,0.0,0
13,uc605824.1,uc605824,1,0.986372834854027,0.2193931022920578,LV,0.0,0
13,uc605904.1,uc605904,1,0.9845053682386375,0.2193931022920578,LV,0.0,0
13,uc621999.1,uc621999,1,0.9894307653489425,0.2193931022920578,LV,0.0,0
13,uc639553.1,uc639553,1,0.9803084697179436,0.2193931022920578,LV,0.0,0
13,uc1239552.1,uc1239552,1,0.9842907412767352,0.2193931022920578,LV,0.0,0
13,uc605817.1,uc605817,1,0.9867861590019448,0.2193931022920578,LV,0.0,0
13,uc605819.1,uc605819,1,0.994127733345167,0.2193931022920578,LV,0.0,0
13,uc605820.1,uc605820,1,0.984788907345046,0.2193931022920578,LV,0.0,0
13,uc605821.1,uc605821,1,0.9827351043036736,0.2193931022920578,LV,0.0,0
13,uc639280.1,uc639280,1,1.0038363216634103,0.2193931022920578,LV,0.0,0
13,uc605898.1,uc605898,1,0.9857676518414307,0.2193931022920578,LV,0.0,0
13,uc605901.1,uc605901,1,0.9883556547274776,0.2193931022920578,LV,0.0,0
13,uc605902.1,uc605902,1,0.983030502716313,0.2193931022920578,LV,0.0,0
13,uc605985.1,uc605985,1,0.9885363223469797,0.2193931022920578,LV,0.0,0
13,uc606126.1,uc606126,1,0.9951335780661026,0.2193931022920578,LV,0.0,0
13,uc606127.1,uc606127,1,0.9817409152374301,0.2193931022920578,LV,0.0,0
13,uc605896.1,uc605896,1,0.9815755017134611,0.2193931022920578,LV,0.0,0
13,uc606121.1,uc606121,1,0.9809038265091742,0.2193931022920578,LV,0.0,0
13,uc606122.1,uc606122,1,0.9788268284501799,0.2193931022920578,LV,0.0,0
13,uc606123.1,uc606123,1,1.0064429981717025,0.2193931022920578,LV,0.0,0
13,uc606124.1,uc606124,1,0.9870135287212853,0.2193931022920578,LV,0.0,0
13,uc605825.1,uc605825,1,0.9838844011663871,0.2193931022920578,LV,0.0,0
13,uc623427.1,uc623427,1,1.0064430112979255,0.2193931022920578,LV,0.0,0
13,uc609687.1,uc609687,1,0.9913973073250394,0.2193931022920578,LV,0.0,0
13,uc639277.1,uc639277,1,0.9828438162569572,0.2193931022920578,LV,0.0,0
13,uc1139390.1,uc1139390,1,0.9842545718448731,0.2193931022920578,LV,0.0,0
13,uc605863.1,uc605863,1,0.9908444760495514,0.2193931022920578,LV,0.0,0
13,uc605865.1,uc605865,1,0.991102548384154,0.2193931022920578,LV,0.0,0
13,uc1138614.1,uc1138614,1,0.9836357687337716,0.2193931022920578,LV,0.0,0
13,uc605855.1,uc605855,1,0.985890584521389,0.2193931022920578,LV,0.0,0
13,uc605828.1,uc605828,1,0.9834687436211492,0.2193931022920578,LV,0.0,0
13,uc605829.1,uc605829,1,0.9877233975109639,0.2193931022920578,LV,0.0,0
13,uc605834.1,uc605834,1,0.980867479397837,0.2193931022920578,LV,0.0,0
13,uc605835.1,uc605835,1,0.9809290659080367,0.2193931022920578,LV,0.0,0
13,uc605827.1,uc605827,1,0.9834152926372178,0.2193931022920578,LV,0.0,0
13,uc627337.1,uc627337,1,0.9875970015191805,0.2193931022920578,LV,0.0,0
13,uc637912.1,uc637912,1,0.9877928223399853,0.2193931022920578,LV,0.0,0
13,uc637576.1,uc637576,1,1.0074352441073013,0.2193931022920578,LV,0.0,0
13,uc637356.1,uc637356,1,0.9872092034707854,0.2193931022920578,LV,0.0,0
13,uc637918.1,uc637918,1,1.0080725994643425,0.2193931022920578,LV,0.0,0
13,uc637360.1,uc637360,1,0.9800898679886033,0.2193931022920578,LV,0.0,0
13,uc637399.1,uc637399,1,0.9801282059836982,0.2193931022920578,LV,0.0,0
13,uc637397.1,uc637397,1,0.982398729008065,0.2193931022920578,LV,0.0,0
13,uc1137150.1,uc1137150,1,0.9871358112577643,0.2193931022920578,LV,0.0,0
13,uc1636598.1,uc1636598,1,0.0,0.1270170592217177,LV,0.95,1
13,uc636933.1,uc636933,1,1.003852441005622,0.2193931022920578,LV,0.0,0
13,uc635963.1,uc635963,1,0.9813848446923037,0.2193931022920578,LV,0.0,0
13,uc635543.1,uc635543,1,0.9876548121777095,0.2193931022920578,LV,0.0,0
13,uc635966.1,uc635966,1,0.9865340390520447,0.2193931022920578,LV,0.0,0
13,uc635550.1,uc635550,1,0.9833117889521235,0.2193931022920578,LV,0.0,0
13,uc635862.1,uc635862,1,0.996711218073529,0.2193931022920578,LV,0.0,0
13,uc1635694.1,uc1635694,1,1.0009258386247237,0.2193931022920578,LV,0.0,0
13,uc3435739.1,uc3435739,1,0.9993872260613101,0.2193931022920578,LV,0.0,0
13,uc1635060.1,uc1635060,1,0.9934858069066087,0.2193931022920578,LV,0.0,0
13,uc1607271.1,uc1607271,1,0.9945548178569535,0.2193931022920578,LV,0.0,0
13,uc605884.1,uc605884,1,0.9870099001745679,0.2193931022920578,LV,0.0,0
13,uc1609690.1,uc1609690,1,0.9960652122243286,0.2193931022920578,LV,0.0,0
13,uc1134165.1,uc1134165,1,0.9805406492342208,0.2193931022920578,LV,0.0,0
13,uc634166.1,uc634166,1,0.9873268163110706,0.2193931022920578,LV,0.0,0
13,uc1633896.1,uc1633896,1,0.9944666621054569,0.2193931022920578,LV,0.0,0
13,uc3433894.1,uc3433894,1,0.9877971563608234,0.2193931022920578,LV,0.0,0
13,uc1633892.1,uc1633892,1,0.9980699360203074,0.2193931022920578,LV,0.0,0
13,uc633672.1,uc633672,1,0.9914256988401305,0.2193931022920578,LV,0.0,0
13,uc1633671.1,uc1633671,1,1.0139267935425949,0.2193931022920578,LV,0.0,0
13,uc1632306.1,uc1632306,1,0.9895889690618522,0.2193931022920578,LV,0.0,0
13,uc632607.1,uc632607,1,0.9688631232815579,0.2193931022920578,LV,0.0,0
13,uc632613.1,uc632613,1,0.9883017855589543,0.2193931022920578,LV,0.0,0
13,uc3432407.1,uc3432407,1,0.9958078571432679,0.2193931022920578,LV,0.0,0
13,uc1632402.1,uc1632402,1,0.9834817980354217,0.2193931022920578,LV,0.0,0
13,uc1132019.1,uc1132019,1,0.9836369670929395,0.2193931022920578,LV,0.0,0
13,uc632016.1,uc632016,1,0.9898678439410948,0.2193931022920578,LV,0.0,0
13,uc1132015.1,uc1132015,1,0.9820916452427739,0.2193931022920578,LV,0.0,0
13,uc1132012.1,uc1132012,1,0.986474784704171,0.2193931022920578,LV,0.0,0
13,uc631859.1,uc631859,1,0.9897723457476907,0.2193931022920578,LV,0.0,0
13,uc1631852.1,uc1631852,1,0.9874352198108789,0.2193931022920578,LV,0.0,0
13,uc1130761.1,uc1130761,1,0.9805216850506793,0.2193931022920578,LV,0.0,0
13,uc1630759.1,uc1630759,1,0.9826874351676154,0.2193931022920578,LV,0.0,0
13,uc630758.1,uc630758,1,1.0116893090842474,0.2193931022920578,LV,0.0,0
13,uc629428.1,uc629428,1,0.9900354744219315,0.2193931022920578,LV,0.0,0
13,uc1629639.1,uc1629639,1,0.996644111483927,0.2193931022920578,LV,0.0,0
13,uc1229546.1,uc1229546,1,0.984305302116704,0.2193931022920578,LV,0.0,0
13,uc628768.1,uc628768,1,0.9883542002043336,0.2193931022920578,LV,0.0,0
13,uc628757.1,uc628757,1,0.9954031762156745,0.2193931022920578,LV,0.0,0
13,uc628766.1,uc628766,1,0.9849310925078999,0.2193931022920578,LV,0.0,0
13,uc628753.1,uc628753,1,0.994845532772335,0.2193931022920578,LV,0.0,0
13,uc627346.1,uc627346,1,0.985423319903141,0.2193931022920578,LV,0.0,0
13,uc1628760.1,uc1628760,1,0.9971882108924196,0.2193931022920578,LV,0.0,0
13,uc1629422.1,uc1629422,1,0.9854089989123255,0.2193931022920578,LV,0.0,0
13,uc626699.1,uc626699,1,0.986684832548642,0.2193931022920578,LV,0.0,0
13,60651.2,60651,2,0.9875125522431111,13.336791218280357,MV,0.0,0
13,60721.2,60721,2,0.9874254466157973,13.336791218280357,MV,0.0,0
13,164151.2,164151,2,0.9884794680912894,13.336791218280357,MV,0.0,0
13,302191.2,302191,2,0.9859154297964515,13.336791218280357,MV,0.0,0
13,320841.2,320841,2,0.981995886840129,13.336791218280357,MV,0.0,0
13,337711.2,337711,2,0.9859358875835044,13.336791218280357,MV,0.0,0
13,358691.2,358691,2,0.9971674049346752,13.336791218280357,MV,0.0,0
13,et6_1177.2,et6_1177,2,0.9882529887336402,0.2193931022920578,LV,0.0,0
13,461501.2,461501,2,0.9895567354701368,13.336791218280357,MV,0.0,0
13,686891.2,686891,2,0.9853784417299007,13.336791218280357,MV,0.0,0
13,703601.2,703601,2,0.9888389723742472,13.336791218280357,MV,0.0,0
13,713791.2,713791,2,0.9844765630541593,13.336791218280357,MV,0.0,0
13,725731.2,725731,2,0.9829364576981052,13.336791218280357,MV,0.0,0
13,809501.2,809501,2,0.9856616990889668,13.336791218280357,MV,0.0,0
13,811221.2,811221,2,0.9886473713692393,13.336791218280357,MV,0.0,0
13,815111.2,815111,2,0.9860026161654826,13.336791218280357,MV,0.0,0
13,822371.2,822371,2,0.9834486395571799,13.336791218280357,MV,0.0,0
13,820611.2,820611,2,0.986565594681895,13.336791218280357,MV,0.0,0
13,822641.2,822641,2,0.9839924769813084,13.336791218280357,MV,0.0,0
13,618431.2,618431,2,0.9875104638060601,13.336791218280357,MV,0.0,0
13,bt10401.2,bt10401,2,0.979874271952837,0.2193931022920578,LV,0.0,0
13,bt197792.2,bt197792,2,0.9795501845076549,0.2193931022920578,LV,0.0,0
13,bt800551.2,bt800551,2,0.9795501845285611,0.2193931022920578,LV,0.0,0
13,bt295341.2,bt295341,2,0.9789424528491469,0.2193931022920578,LV,0.0,0
13,bt800541.2,bt800541,2,0.9792413117439576,0.2193931022920578,LV,0.0,0
13,bt295361.2,bt295361,2,0.9784625536938345,0.2193931022920578,LV,0.0,0
13,bt474991.2,bt474991,2,0.9783082550483887,0.2193931022920578,LV,0.0,0
13,uc1627323.2,uc1627323,2,0.9796039039679767,0.2193931022920578,LV,0.0,0
13,uc3405987.2,uc3405987,2,1.0038210162979397,0.2193931022920578,LV,0.0,0
13,uc3405846.2,uc3405846,2,0.9848394687814265,0.2193931022920578,LV,0.0,0
13,uc3405847.2,uc3405847,2,1.0044718470794023,0.2193931022920578,LV,0.0,0
13,uc3405838.2,uc3405838,2,0.9816669424151074,0.2193931022920578,LV,0.0,0
13,uc1607326.2,uc1607326,2,0.9822101374954556,0.2193931022920578,LV,0.0,0
13,uc1607316.2,uc1607316,2,0.980735610060096,0.2193931022920578,LV,0.0,0
13,uc1607308.2,uc1607308,2,0.9836107803883661,0.2193931022920578,LV,0.0,0
13,uc1623434.2,uc1623434,2,0.0,0.1270170592217177,LV,0.95,1
13,uc1620373.2,uc1620373,2,0.9852406638293535,0.2193931022920578,LV,0.0,0
13,uc1607302.2,uc1607302,2,0.985185348179062,0.2193931022920578,LV,0.0,0
13,uc1607304.2,uc1607304,2,0.9850057831567991,0.2193931022920578,LV,0.0,0
13,uc1607306.2,uc1607306,2,0.9831136619120269,0.2193931022920578,LV,0.0,0
13,uc1607299.2,uc1607299,2,0.9855811240640637,0.2193931022920578,LV,0.0,0
13,uc1607297.2,uc1607297,2,0.9862508742386514,0.2193931022920578,LV,0.0,0
13,uc1607298.2,uc1607298,2,0.9857412138464601,0.2193931022920578,LV,0.0,0
13,uc1607289.2,uc1607289,2,0.9889100662537271,0.2193931022920578,LV,0.0,0
13,uc1607291.2,uc1607291,2,0.9858499996525711,0.2193931022920578,LV,0.0,0
13,uc1607292.2,uc1607292,2,0.9853760532678891,0.2193931022920578,LV,0.0,0
13,uc1607280.2,uc1607280,2,0.9842752440717604,0.2193931022920578,LV,0.0,0
13,uc1607284.2,uc1607284,2,0.9843759359391988,0.2193931022920578,LV,0.0,0
13,uc1607285.2,uc1607285,2,0.9842769130465868,0.2193931022920578,LV,0.0,0
13,uc1607288.2,uc1607288,2,0.9844817944259608,0.2193931022920578,LV,0.0,0
13,uc1607279.2,uc1607279,2,0.9852623979444906,0.2193931022920578,LV,0.0,0
13,uc1607355.2,uc1607355,2,0.9860473346139343,0.2193931022920578,LV,0.0,0
13,uc1607357.2,uc1607357,2,0.9872928932260353,0.2193931022920578,LV,0.0,0
13,uc1607358.2,uc1607358,2,0.9857479317288173,0.2193931022920578,LV,0.0,0
13,uc1607368.2,uc1607368,2,0.0,0.1270170592217177,LV,0.95,1
13,uc1607276.2,uc1607276,2,0.9981853324834606,0.2193931022920578,LV,0.0,0
13,uc1607278.2,uc1607278,2,0.9984616177994196,0.2193931022920578,LV,0.0,0
13,uc1607273.2,uc1607273,2,0.9957870161113529,0.2193931022920578,LV,0.0,0
13,uc1607328.2,uc1607328,2,0.9817820229997363,0.2193931022920578,LV,0.0,0
13,uc1607347.2,uc1607347,2,1.0720561033672795,0.2193931022920578,LV,0.022056103367279478,1
13,uc1607350.2,uc1607350,2,1.0279427500752536,0.2193931022920578,LV,0.0,0
13,uc1107341.2,uc1107341,2,0.982308924052961,0.2193931022920578,LV,0.0,0
13,uc1107333.2,uc1107333,2,0.9837616212541598,0.2193931022920578,LV,0.0,0
13,uc1607268.2,uc1607268,2,0.9946965080789717,0.2193931022920578,LV,0.0,0
13,uc1607252.2,uc1607252,2,0.9821557568859994,0.2193931022920578,LV,0.0,0
13,uc1606000.2,uc1606000,2,0.9841218480957027,0.2193931022920578,LV,0.0,0
13,uc1607255.2,uc1607255,2,0.9856508851702073,0.2193931022920578,LV,0.0,0
13,uc1607258.2,uc1607258,2,0.9821636002438854,0.2193931022920578,LV,0.0,0
13,uc1124041.2,uc1124041,2,0.982578965983823,0.2193931022920578,LV,0.0,0
13,uc1124340.2,uc1124340,2,0.9844263379275361,0.2193931022920578,LV,0.0,0
13,uc1121173.2,uc1121173,2,0.9838483359972151,0.2193931022920578,LV,0.0,0
13,uc1107345.2,uc1107345,2,0.9844075068040679,0.2193931022920578,LV,0.0,0
13,uc605816.2,uc605816,2,1.0169469228416779,0.2193931022920578,LV,0.0,0
13,uc605812.2,uc605812,2,0.9783417786042162,0.2193931022920578,LV,0.0,0
13,uc605813.2,uc605813,2,0.988074788173449,0.2193931022920578,LV,0.0,0
13,uc609685.2,uc609685,2,0.9898404440397134,0.2193931022920578,LV,0.0,0
13,uc609688.2,uc609688,2,1.0070964926654855,0.2193931022920578,LV,0.0,0
13,uc621168.2,uc621168,2,0.9828117873245145,0.2193931022920578,LV,0.0,0
13,uc621171.2,uc621171,2,0.9805237883017979,0.2193931022920578,LV,0.0,0
13,uc605810.2,uc605810,2,0.9889901213943453,0.2193931022920578,LV,0.0,0
13,uc605807.2,uc605807,2,0.9798543075703015,0.2193931022920578,LV,0.0,0
13,uc605801.2,uc605801,2,0.9865193086065047,0.2193931022920578,LV,0.0,0
13,uc607384.2,uc607384,2,0.9814282640496202,0.2193931022920578,LV,0.0,0
13,uc607385.2,uc607385,2,0.9882006088667912,0.2193931022920578,LV,0.0,0
13,uc609682.2,uc609682,2,0.9814909100327381,0.2193931022920578,LV,0.0,0
13,uc609683.2,uc609683,2,0.9884821240515176,0.2193931022920578,LV,0.0,0
13,uc607377.2,uc607377,2,0.9901006083123235,0.2193931022920578,LV,0.0,0
13,uc607382.2,uc607382,2,0.987792878729144,0.2193931022920578,LV,0.0,0
13,uc606117.2,uc606117,2,0.9820970982048238,0.2193931022920578,LV,0.0,0
13,uc606120.2,uc606120,2,0.9817807144163873,0.2193931022920578,LV,0.0,0
13,uc623433.2,uc623433,2,0.9796608422200488,0.2193931022920578,LV,0.0,0
13,uc623007.2,uc623007,2,0.9879521640684253,0.2193931022920578,LV,0.0,0
13,uc606147.2,uc606147,2,1.0806074648207455,0.2193931022920578,LV,0.0306074648207455,1
13,uc606148.2,uc606148,2,0.9958997218964951,0.2193931022920578,LV,0.0,0
13,uc606150.2,uc606150,2,0.9952870450402189,0.2193931022920578,LV,0.0,0
13,uc606109.2,uc606109,2,0.9808315122310569,0.2193931022920578,LV,0.0,0
13,uc606110.2,uc606110,2,0.9802503280315532,0.2193931022920578,LV,0.0,0
13,uc606111.2,uc606111,2,0.9820687185173211,0.2193931022920578,LV,0.0,0
13,uc622720.2,uc622720,2,0.98563042277972,0.2193931022920578,LV,0.0,0
13,uc623004.2,uc623004,2,0.9987103974612715,0.2193931022920578,LV,0.0,0
13,uc606103.2,uc606103,2,0.9830327736748298,0.2193931022920578,LV,0.0,0
13,uc606139.2,uc606139,2,1.0204829377611133,0.2193931022920578,LV,0.0,0
13,uc606143.2,uc606143,2,1.0408751882657863,0.2193931022920578,LV,0.0,0
13,uc605921.2,uc605921,2,0.9856378710681254,0.2193931022920578,LV,0.0,0
13,uc605915.2,uc605915,2,0.9855053258422142,0.2193931022920578,LV,0.0,0
13,uc606101.2,uc606101,2,0.9832908646157539,0.2193931022920578,LV,0.0,0
13,uc622273.2,uc622273,2,1.0383768791833095,0.2193931022920578,LV,0.0,0
13,uc605990.2,uc605990,2,0.978942204401096,0.2193931022920578,LV,0.0,0
13,uc606130.2,uc606130,2,0.983629880238398,0.2193931022920578,LV,0.0,0
13,uc606132.2,uc606132,2,0.9818108446971905,0.2193931022920578,LV,0.0,0
13,uc622258.2,uc622258,2,0.9846193846209741,0.2193931022920578,LV,0.0,0
13,uc622270.2,uc622270,2,0.9931686444310375,0.2193931022920578,LV,0.0,0
13,uc605905.2,uc605905,2,0.9826226516253592,0.2193931022920578,LV,0.0,0
13,uc605909.2,uc605909,2,0.9863234710718882,0.2193931022920578,LV,0.0,0
13,uc605910.2,uc605910,2,0.9834061131474362,0.2193931022920578,LV,0.0,0
13,uc605911.2,uc605911,2,0.9840452350111119,0.2193931022920578,LV,0.0,0
13,uc606128.2,uc606128,2,0.9832960044382201,0.2193931022920578,LV,0.0,0
13,uc605904.2,uc605904,2,0.9826935314610312,0.2193931022920578,LV,0.0,0
13,uc1239552.2,uc1239552,2,0.9853107486402733,0.2193931022920578,LV,0.0,0
13,uc605817.2,uc605817,2,0.9861708881384917,0.2193931022920578,LV,0.0,0
13,uc605819.2,uc605819,2,1.002087927136435,0.2193931022920578,LV,0.0,0
13,uc605820.2,uc605820,2,0.9795601190809624,0.2193931022920578,LV,0.0,0
13,uc605821.2,uc605821,2,0.9833170928036384,0.2193931022920578,LV,0.0,0
13,uc605822.2,uc605822,2,0.9794351951505591,0.2193931022920578,LV,0.0,0
13,uc639280.2,uc639280,2,1.0045060221211042,0.2193931022920578,LV,0.0,0
13,uc605898.2,uc605898,2,0.9872386641179062,0.2193931022920578,LV,0.0,0
13,uc605902.2,uc605902,2,0.9834425432524979,0.2193931022920578,LV,0.0,0
13,uc605982.2,uc605982,2,0.979755349085616,0.2193931022920578,LV,0.0,0
13,uc605988.2,uc605988,2,0.9783897547581896,0.2193931022920578,LV,0.0,0
13,uc606126.2,uc606126,2,0.995583040883415,0.2193931022920578,LV,0.0,0
13,uc606127.2,uc606127,2,0.9821865890989235,0.2193931022920578,LV,0.0,0
13,uc605896.2,uc605896,2,0.9802872988499564,0.2193931022920578,LV,0.0,0
13,uc606121.2,uc606121,2,0.9813357770326661,0.2193931022920578,LV,0.0,0
13,uc606122.2,uc606122,2,0.9792572210633987,0.2193931022920578,LV,0.0,0
13,uc606123.2,uc606123,2,1.006895686088112,0.2193931022920578,LV,0.0,0
13,uc622709.2,uc622709,2,0.9851096475840202,0.2193931022920578,LV,0.0,0
13,uc639277.2,uc639277,2,0.983425849332358,0.2193931022920578,LV,0.0,0
13,uc1139390.2,uc1139390,2,0.985274541724994,0.2193931022920578,LV,0.0,0
13,uc605864.2,uc605864,2,0.9882480173159267,0.2193931022920578,LV,0.0,0
13,uc605865.2,uc605865,2,0.9914149610496945,0.2193931022920578,LV,0.0,0
13,uc638617.2,uc638617,2,0.991069243596279,0.2193931022920578,LV,0.0,0
13,uc605855.2,uc605855,2,0.9827937033905403,0.2193931022920578,LV,0.0,0
13,uc1638606.2,uc1638606,2,0.9955447352895147,0.2193931022920578,LV,0.0,0
13,uc1638954.2,uc1638954,2,0.9955270271659062,0.2193931022920578,LV,0.0,0
13,uc605836.2,uc605836,2,0.9727499774952477,0.2193931022920578,LV,0.0,0
13,uc1607303.2,uc1607303,2,0.9862317692171624,0.2193931022920578,LV,0.0,0
13,uc637705.2,uc637705,2,0.9858113141858718,0.2193931022920578,LV,0.0,0
13,uc1637704.2,uc1637704,2,1.0019797415823815,0.2193931022920578,LV,0.0,0
13,uc637576.2,uc637576,2,1.0078878015978698,0.2193931022920578,LV,0.0,0
13,uc637918.2,uc637918,2,1.0087410240299137,0.2193931022920578,LV,0.0,0
13,uc637360.2,uc637360,2,0.9805221855189502,0.2193931022920578,LV,0.0,0
13,uc637397.2,uc637397,2,0.9837393592410218,0.2193931022920578,LV,0.0,0
13,uc636933.2,uc636933,2,1.0177381061226756,0.2193931022920578,LV,0.0,0
13,uc605908.2,uc605908,2,0.9878821438261046,0.2193931022920578,LV,0.0,0
13,uc635963.2,uc635963,2,0.9818178757457007,0.2193931022920578,LV,0.0,0
13,uc635543.2,uc635543,2,0.9880893817120308,0.2193931022920578,LV,0.0,0
13,uc635966.2,uc635966,2,0.9869687162358644,0.2193931022920578,LV,0.0,0
13,uc627328.2,uc627328,2,0.9781367527338698,0.2193931022920578,LV,0.0,0
13,uc635550.2,uc635550,2,0.9837592527398384,0.2193931022920578,LV,0.0,0
13,uc635862.2,uc635862,2,0.9980658164936147,0.2193931022920578,LV,0.0,0
13,uc3435739.2,uc3435739,2,1.0079680120680727,0.2193931022920578,LV,0.0,0
13,uc634166.2,uc634166,2,0.9862381388032468,0.2193931022920578,LV,0.0,0
13,uc1633671.2,uc1633671,2,1.0164514241904732,0.2193931022920578,LV,0.0,0
13,uc633056.2,uc633056,2,0.9883789106544727,0.2193931022920578,LV,0.0,0
13,uc632607.2,uc632607,2,0.9701813451824716,0.2193931022920578,LV,0.0,0
13,uc1632402.2,uc1632402,2,0.9853436782277042,0.2193931022920578,LV,0.0,0
13,uc1131858.2,uc1131858,2,0.982399018300111,0.2193931022920578,LV,0.0,0
13,uc631391.2,uc631391,2,0.9765252196834033,0.2193931022920578,LV,0.0,0
13,uc1630759.2,uc1630759,2,0.9845057723338312,0.2193931022920578,LV,0.0,0
13,uc630758.2,uc630758,2,1.0342869969013508,0.2193931022920578,LV,0.0,0
13,uc630753.2,uc630753,2,0.9832182677380711,0.2193931022920578,LV,0.0,0
13,uc628766.2,uc628766,2,0.9836392624106625,0.2193931022920578,LV,0.0,0
13,uc627346.2,uc627346,2,0.9848039341766446,0.2193931022920578,LV,0.0,0
13,uc1629422.2,uc1629422,2,0.9847314440542511,0.2193931022920578,LV,0.0,0
13,60651.3,60651,3,0.9865380567116124,13.336791218280357,MV,0.0,0
13,60721.3,60721,3,0.9864509889989264,13.336791218280357,MV,0.0,0
13,164151.3,164151,3,0.9875045148006093,13.336791218280357,MV,0.0,0
13,302191.3,302191,3,0.9841191779014027,13.336791218280357,MV,0.0,0
13,320841.3,320841,3,0.9810396812945739,13.336791218280357,MV,0.0,0
13,337711.3,337711,3,0.9841395133106811,13.336791218280357,MV,0.0,0
13,358691.3,358691,3,0.9966364350864404,13.336791218280357,MV,0.0,0
13,et6_1177.3,et6_1177,3,0.9886837503182612,0.2193931022920578,LV,0.0,0
13,461501.3,461501,3,0.9884388148890655,13.336791218280357,MV,0.0,0
13,686891.3,686891,3,0.9844244207961222,13.336791218280357,MV,0.0,0
13,703601.3,703601,3,0.9878625262243909,13.336791218280357,MV,0.0,0
13,713791.3,713791,3,0.9835197830624134,13.336791218280357,MV,0.0,0
13,725731.3,725731,3,0.9819800345535343,13.336791218280357,MV,0.0,0
13,809501.3,809501,3,0.98470935406256,13.336791218280357,MV,0.0,0
13,811221.3,811221,3,0.9876721760700102,13.336791218280357,MV,0.0,0
13,815111.3,815111,3,0.9842063920335555,13.336791218280357,MV,0.0,0
13,822371.3,822371,3,0.9824918955593469,13.336791218280357,MV,0.0,0
13,820611.3,820611,3,0.9855983479314199,13.336791218280357,MV,0.0,0
13,822641.3,822641,3,0.983031664717486,13.336791218280357,MV,0.0,0
13,618431.3,618431,3,0.9865359677255149,13.336791218280357,MV,0.0,0
13,bt10401.3,bt10401,3,0.9890650809349061,0.2193931022920578,LV,0.0,0
13,bt197792.3,bt197792,3,0.9890650825492014,0.2193931022920578,LV,0.0,0
13,bt800551.3,bt800551,3,0.9890650823450303,0.2193931022920578,LV,0.0,0
13,bt295341.3,bt295341,3,0.989065083883399,0.2193931022920578,LV,0.0,0
13,bt800541.3,bt800541,3,0.9890650832415603,0.2193931022920578,LV,0.0,0
13,bt295361.3,bt295361,3,0.9890650845582687,0.2193931022920578,LV,0.0,0
13,bt474991.3,bt474991,3,0.9890650850193479,0.2193931022920578,LV,0.0,0
13,uc627336.3,uc627336,3,0.9859391455404906,0.2193931022920578,LV,0.0,0
13,uc1620373.3,uc1620373,3,0.9854881014278196,0.2193931022920578,LV,0.0,0
13,uc1607302.3,uc1607302,3,0.9854321182897958,0.2193931022920578,LV,0.0,0
13,uc1607304.3,uc1607304,3,0.9852521535485006,0.2193931022920578,LV,0.0,0
13,uc1607298.3,uc1607298,3,0.9862849059586363,0.2193931022920578,LV,0.0,0
13,uc1607280.3,uc1607280,3,0.9845062712012682,0.2193931022920578,LV,0.0,0
13,uc1607285.3,uc1607285,3,0.9853694745057648,0.2193931022920578,LV,0.0,0
13,uc1607279.3,uc1607279,3,0.9854933805227414,0.2193931022920578,LV,0.0,0
13,uc1607347.3,uc1607347,3,1.0722457164927577,0.2193931022920578,LV,0.02224571649275764,1
13,uc1124340.3,uc1124340,3,0.985505940661151,0.2193931022920578,LV,0.0,0
13,uc605816.3,uc605816,3,1.017014190480725,0.2193931022920578,LV,0.0,0
13,uc605815.3,uc605815,3,0.994906243728895,0.2193931022920578,LV,0.0,0
13,uc621171.3,uc621171,3,0.9805413759418639,0.2193931022920578,LV,0.0,0
13,uc607384.3,uc607384,3,0.9814491365578993,0.2193931022920578,LV,0.0,0
13,uc606117.3,uc606117,3,0.982114173395934,0.2193931022920578,LV,0.0,0
13,uc606120.3,uc606120,3,0.9817978992613999,0.2193931022920578,LV,0.0,0
13,uc623007.3,uc623007,3,0.9883828505661656,0.2193931022920578,LV,0.0,0
13,uc605867.3,uc605867,3,0.9891697735330472,0.2193931022920578,LV,0.0,0
13,uc606150.3,uc606150,3,0.9953444887102283,0.2193931022920578,LV,0.0,0
13,uc606109.3,uc606109,3,0.9808490185759599,0.2193931022920578,LV,0.0,0
13,uc606110.3,uc606110,3,0.9802678749397821,0.2193931022920578,LV,0.0,0
13,uc606111.3,uc606111,3,0.9820858221153637,0.2193931022920578,LV,0.0,0
13,uc622722.3,uc622722,3,0.9930661531622538,0.2193931022920578,LV,0.0,0
13,uc623004.3,uc623004,3,1.0003547638510515,0.2193931022920578,LV,0.0,0
13,uc606101.3,uc606101,3,0.983298086871508,0.2193931022920578,LV,0.0,0
13,uc606132.3,uc606132,3,0.98183644251771,0.2193931022920578,LV,0.0,0
13,uc605910.3,uc605910,3,0.9834192263178504,0.2193931022920578,LV,0.0,0
13,uc605911.3,uc605911,3,0.9840580725119983,0.2193931022920578,LV,0.0,0
13,uc605904.3,uc605904,3,0.9849565208370513,0.2193931022920578,LV,0.0,0
13,uc1239552.3,uc1239552,3,0.9855579791245819,0.2193931022920578,LV,0.0,0
13,uc605821.3,uc605821,3,0.9849915085836577,0.2193931022920578,LV,0.0,0
13,uc639280.3,uc639280,3,1.0046979603644695,0.2193931022920578,LV,0.0,0
13,uc605898.3,uc605898,3,0.9861093412681631,0.2193931022920578,LV,0.0,0
13,uc605902.3,uc605902,3,0.9834995330022539,0.2193931022920578,LV,0.0,0
13,uc606126.3,uc606126,3,0.9956028302384423,0.2193931022920578,LV,0.0,0
13,uc606127.3,uc606127,3,0.9822126643828185,0.2193931022920578,LV,0.0,0
13,uc606121.3,uc606121,3,0.9813526137138807,0.2193931022920578,LV,0.0,0
13,uc606122.3,uc606122,3,0.9792738589370075,0.2193931022920578,LV,0.0,0
13,uc639277.3,uc639277,3,0.9851002839202916,0.2193931022920578,LV,0.0,0
13,uc1139390.3,uc1139390,3,0.9855217631234244,0.2193931022920578,LV,0.0,0
13,uc637576.3,uc637576,3,1.0078944815620077,0.2193931022920578,LV,0.0,0
13,uc637918.3,uc637918,3,1.0089344624458503,0.2193931022920578,LV,0.0,0
13,uc637360.3,uc637360,3,0.9805397723132318,0.2193931022920578,LV,0.0,0
13,uc637397.3,uc637397,3,0.9838615639124062,0.2193931022920578,LV,0.0,0
13,uc635963.3,uc635963,3,0.9818350320898548,0.2193931022920578,LV,0.0,0
13,uc635543.3,uc635543,3,0.9881029057688405,0.2193931022920578,LV,0.0,0
13,uc635966.3,uc635966,3,0.9869820310804155,0.2193931022920578,LV,0.0,0
13,uc635550.3,uc635550,3,0.9837856525183408,0.2193931022920578,LV,0.0,0
13,uc635862.3,uc635862,3,0.996859273700029,0.2193931022920578,LV,0.0,0
13,uc1633671.3,uc1633671,3,1.0164756323253639,0.2193931022920578,LV,0.0,0
13,uc632607.3,uc632607,3,0.9703081142748493,0.2193931022920578,LV,0.0,0
13,uc1629422.3,uc1629422,3,0.9866621670576798,0.2193931022920578,LV,0.0,0
14,60651.1,60651,1,0.9895228954283573,13.336791218280357,MV,0.0,0
14,60721.1,60721,1,0.9894538300616152,13.336791218280357,MV,0.0,0
14,164151.1,164151,1,0.9903385982579486,13.336791218280357,MV,0.0,0
14,302191.1,302191,1,0.9880598174009803,13.336791218280357,MV,0.0,0
14,320841.1,320841,1,0.9848360772077676,13.336791218280357,MV,0.0,0
14,337711.1,337711,1,0.9880621251648708,13.336791218280357,MV,0.0,0
14,358691.1,358691,1,0.9977154384512309,13.336791218280357,MV,0.0,0
14,et6_1177.1,et6_1177,1,0.9897732859609408,0.2193931022920578,LV,0.0,0
14,461501.1,461501,1,0.9911332160789692,13.336791218280357,MV,0.0,0
14,686891.1,686891,1,0.9878913761683222,13.336791218280357,MV,0.0,0
14,703601.1,703601,1,0.9906325114130617,13.336791218280357,MV,0.0,0
14,713791.1,713791,1,0.9870376959118269,13.336791218280357,MV,0.0,0
14,725731.1,725731,1,0.9856745395818104,13.336791218280357,MV,0.0,0
14,809501.1,809501,1,0.9880830829357348,13.336791218280357,MV,0.0,0
14,811221.1,811221,1,0.9904958833996669,13.336791218280357,MV,0.0,0
14,815111.1,815111,1,0.9881513302666848,13.336791218280357,MV,0.0,0
14,822371.1,822371,1,0.9861299885784951,13.336791218280357,MV,0.0,0
14,820611.1,820611,1,0.988714026366923,13.336791218280357,MV,0.0,0
14,822641.1,822641,1,0.9866222754157329,13.336791218280357,MV,0.0,0
14,618431.1,618431,1,0.9895206415496205,13.336791218280357,MV,0.0,0
14,bt10401.1,bt10401,1,0.9839636094346992,0.2193931022920578,LV,0.0,0
14,bt197792.1,bt197792,1,0.9833050716353972,0.2193931022920578,LV,0.0,0
14,bt800551.1,bt800551,1,0.9834436436021778,0.2193931022920578,LV,0.0,0
14,bt295341.1,bt295341,1,0.9827236819253838,0.2193931022920578,LV,0.0,0
14,bt800541.1,bt800541,1,0.9830551140881075,0.2193931022920578,LV,0.0,0
14,bt295361.1,bt295361,1,0.9824179739002883,0.2193931022920578,LV,0.0,0
14,bt474991.1,bt474991,1,0.9821772318897323,0.2193931022920578,LV,0.0,0
14,uc626695.1,uc626695,1,0.980152106607052,0.2193931022920578,LV,0.0,0
14,uc1627323.1,uc1627323,1,0.9878614068156164,0.2193931022920578,LV,0.0,0
14,uc1627342.1,uc1627342,1,0.998392964540587,0.2193931022920578,LV,0.0,0
14,uc627343.1,uc627343,1,0.9877964931242711,0.2193931022920578,LV,0.0,0
14,uc627344.1,uc627344,1,0.9926721967741096,0.2193931022920578,LV,0.0,0
14,uc1626672.1,uc1626672,1,0.0,0.1270170592217177,LV,0.95,1
14,uc1626490.1,uc1626490,1,0.9957357482904283,0.2193931022920578,LV,0.0,0
14,uc3422706.1,uc3422706,1,0.9921086947704524,0.2193931022920578,LV,0.0,0
14,uc3425629.1,uc3425629,1,0.9921614432577703,0.2193931022920578,LV,0.0,0
14,uc3422597.1,uc3422597,1,0.9990379631166258,0.2193931022920578,LV,0.0,0
14,uc3405843.1,uc3405843,1,0.9902620303408716,0.2193931022920578,LV,0.0,0
14,uc3405844.1,uc3405844,1,1.0191728152279318,0.2193931022920578,LV,0.0,0
14,uc3405845.1,uc3405845,1,1.0176785755131614,0.2193931022920578,LV,0.0,0
14,uc3405846.1,uc3405846,1,0.990516888546153,0.2193931022920578,LV,0.0,0
14,uc1626486.1,uc1626486,1,0.997359633286401,0.2193931022920578,LV,0.0,0
14,uc1626487.1,uc1626487,1,0.9887712343773698,0.2193931022920578,LV,0.0,0
14,uc626481.1,uc626481,1,0.9893603424951635,0.2193931022920578,LV,0.0,0
14,uc626678.1,uc626678,1,0.9890235013483034,0.2193931022920578,LV,0.0,0
14,uc626698.1,uc626698,1,0.9920106937482723,0.2193931022920578,LV,0.0,0
14,uc626476.1,uc626476,1,0.9848872333493749,0.2193931022920578,LV,0.0,0
14,uc1627321.1,uc1627321,1,0.998142958133601,0.2193931022920578,LV,0.0,0
14,uc1607319.1,uc1607319,1,0.9853008072010923,0.2193931022920578,LV,0.0,0
14,uc1607308.1,uc1607308,1,0.9880712611620766,0.2193931022920578,LV,0.0,0
14,uc1624026.1,uc1624026,1,0.0,0.1270170592217177,LV,0.95,1
14,uc1625170.1,uc1625170,1,0.9909362881488958,0.2193931022920578,LV,0.0,0
14,uc1621994.1,uc1621994,1,0.9969584338991229,0.2193931022920578,LV,0.0,0
14,uc1620360.1,uc1620360,1,0.9961260585411309,0.2193931022920578,LV,0.0,0
14,uc1620373.1,uc1620373,1,0.9871467655092709,0.2193931022920578,LV,0.0,0
14,uc1607302.1,uc1607302,1,0.9870623358177938,0.2193931022920578,LV,0.0,0
14,uc1607304.1,uc1607304,1,0.9859126247853737,0.2193931022920578,LV,0.0,0
14,uc1607305.1,uc1607305,1,0.9855171169216452,0.2193931022920578,LV,0.0,0
14,uc1607306.1,uc1607306,1,0.9876073798918452,0.2193931022920578,LV,0.0,0
14,uc1607297.1,uc1607297,1,0.990378786466196,0.2193931022920578,LV,0.0,0
14,uc1607298.1,uc1607298,1,0.9878552649684239,0.2193931022920578,LV,0.0,0
14,uc1607289.1,uc1607289,1,0.9921464626028339,0.2193931022920578,LV,0.0,0
14,uc1607290.1,uc1607290,1,0.9922185861753784,0.2193931022920578,LV,0.0,0
14,uc1607291.1,uc1607291,1,0.9904644510320286,0.2193931022920578,LV,0.0,0
14,uc1607280.1,uc1607280,1,0.9861501117158865,0.2193931022920578,LV,0.0,0
14,uc1607283.1,uc1607283,1,0.9833928633672566,0.2193931022920578,LV,0.0,0
14,uc1607285.1,uc1607285,1,0.984910298250587,0.2193931022920578,LV,0.0,0
14,uc1607287.1,uc1607287,1,0.9884709079189035,0.2193931022920578,LV,0.0,0
14,uc1607288.1,uc1607288,1,0.9879557869793223,0.2193931022920578,LV,0.0,0
14,uc1607279.1,uc1607279,1,0.9870703178966062,0.2193931022920578,LV,0.0,0
14,uc1607357.1,uc1607357,1,0.9901253422123979,0.2193931022920578,LV,0.0,0
14,uc1607358.1,uc1607358,1,0.990170259793551,0.2193931022920578,LV,0.0,0
14,uc1607368.1,uc1607368,1,0.0,0.1270170592217177,LV,0.95,1
14,uc1607277.1,uc1607277,1,0.9984343710337076,0.2193931022920578,LV,0.0,0
14,uc1607278.1,uc1607278,1,1.0003364087765148,0.2193931022920578,LV,0.0,0
14,uc1607272.1,uc1607272,1,1.006374650918122,0.2193931022920578,LV,0.0,0
14,uc1607273.1,uc1607273,1,0.9991371248620119,0.2193931022920578,LV,0.0,0
14,uc1607353.1,uc1607353,1,0.9918543795365903,0.2193931022920578,LV,0.0,0
14,uc1607347.1,uc1607347,1,1.0749891352344865,0.2193931022920578,LV,0.024989135234486426,1
14,uc1607349.1,uc1607349,1,0.9989228551690641,0.2193931022920578,LV,0.0,0
14,uc1107342.1,uc1107342,1,0.9854655568211292,0.2193931022920578,LV,0.0,0
14,uc1107340.1,uc1107340,1,0.9838257835911541,0.2193931022920578,LV,0.0,0
14,uc1105833.1,uc1105833,1,0.9886307396414896,0.2193931022920578,LV,0.0,0
14,uc1107330.1,uc1107330,1,0.9833103747734283,0.2193931022920578,LV,0.0,0
14,uc1607265.1,uc1607265,1,0.9857578254864452,0.2193931022920578,LV,0.0,0
14,uc1607268.1,uc1607268,1,0.9961864498883956,0.2193931022920578,LV,0.0,0
14,uc1607252.1,uc1607252,1,0.9876780115466123,0.2193931022920578,LV,0.0,0
14,uc1605991.1,uc1605991,1,0.9888255186851078,0.2193931022920578,LV,0.0,0
14,uc1605996.1,uc1605996,1,1.0066902634049129,0.2193931022920578,LV,0.0,0
14,uc1607257.1,uc1607257,1,0.9898456509786506,0.2193931022920578,LV,0.0,0
14,uc1607258.1,uc1607258,1,0.9876853035577542,0.2193931022920578,LV,0.0,0
14,uc1124340.1,uc1124340,1,0.9859133276647613,0.2193931022920578,LV,0.0,0
14,uc605816.1,uc605816,1,1.019116340014879,0.2193931022920578,LV,0.0,0
14,uc605813.1,uc605813,1,0.9894200566825904,0.2193931022920578,LV,0.0,0
14,uc609684.1,uc609684,1,0.9927053017827246,0.2193931022920578,LV,0.0,0
14,uc609686.1,uc609686,1,0.9930221752131969,0.2193931022920578,LV,0.0,0
14,uc609688.1,uc609688,1,1.0023776161281606,0.2193931022920578,LV,0.0,0
14,uc621168.1,uc621168,1,0.9877250592679511,0.2193931022920578,LV,0.0,0
14,uc621171.1,uc621171,1,0.9830111154345957,0.2193931022920578,LV,0.0,0
14,uc605808.1,uc605808,1,0.9932722667747407,0.2193931022920578,LV,0.0,0
14,uc605809.1,uc605809,1,0.9832697723745333,0.2193931022920578,LV,0.0,0
14,uc605810.1,uc605810,1,0.992202090276609,0.2193931022920578,LV,0.0,0
14,uc605970.1,uc605970,1,0.9902855925531805,0.2193931022920578,LV,0.0,0
14,uc605803.1,uc605803,1,0.9912480023153634,0.2193931022920578,LV,0.0,0
14,uc605804.1,uc605804,1,0.9922999909229487,0.2193931022920578,LV,0.0,0
14,uc605806.1,uc605806,1,0.9887827591759113,0.2193931022920578,LV,0.0,0
14,uc607384.1,uc607384,1,0.9838269030202704,0.2193931022920578,LV,0.0,0
14,uc607387.1,uc607387,1,0.9891729774389473,0.2193931022920578,LV,0.0,0
14,uc609682.1,uc609682,1,0.9878816689830591,0.2193931022920578,LV,0.0,0
14,uc624033.1,uc624033,1,0.9957242668824097,0.2193931022920578,LV,0.0,0
14,uc625156.1,uc625156,1,0.9912722565681954,0.2193931022920578,LV,0.0,0
14,uc625624.1,uc625624,1,0.9859320236417557,0.2193931022920578,LV,0.0,0
14,uc625625.1,uc625625,1,0.9929103314402254,0.2193931022920578,LV,0.0,0
14,uc607366.1,uc607366,1,0.9832409834089548,0.2193931022920578,LV,0.0,0
14,uc607367.1,uc607367,1,0.9920568585549199,0.2193931022920578,LV,0.0,0
14,uc606114.1,uc606114,1,0.9856023393516213,0.2193931022920578,LV,0.0,0
14,uc606117.1,uc606117,1,0.9844800227362646,0.2193931022920578,LV,0.0,0
14,uc606120.1,uc606120,1,0.9841828878567138,0.2193931022920578,LV,0.0,0
14,uc623015.1,uc623015,1,0.982523302115708,0.2193931022920578,LV,0.0,0
14,uc623432.1,uc623432,1,0.9903694373295093,0.2193931022920578,LV,0.0,0
14,uc624028.1,uc624028,1,0.9896998798079826,0.2193931022920578,LV,0.0,0
14,uc605873.1,uc605873,1,0.9924200067403527,0.2193931022920578,LV,0.0,0
14,uc623007.1,uc623007,1,0.9894928301818782,0.2193931022920578,LV,0.0,0
14,uc606147.1,uc606147,1,1.0522204242107918,0.2193931022920578,LV,0.002220424210791716,1
14,uc606148.1,uc606148,1,0.9969374727365913,0.2193931022920578,LV,0.0,0
14,uc606150.1,uc606150,1,0.9958262165790632,0.2193931022920578,LV,0.0,0
14,uc606109.1,uc606109,1,0.9832974228845601,0.2193931022920578,LV,0.0,0
14,uc606110.1,uc606110,1,0.9827555078106789,0.2193931022920578,LV,0.0,0
14,uc606111.1,uc606111,1,0.9844501627071225,0.2193931022920578,LV,0.0,0
14,uc622777.1,uc622777,1,0.9976376214093413,0.2193931022920578,LV,0.0,0
14,uc623004.1,uc623004,1,1.0017355133960797,0.2193931022920578,LV,0.0,0
14,uc606103.1,uc606103,1,0.9875625055669806,0.2193931022920578,LV,0.0,0
14,uc606139.1,uc606139,1,1.0087229286097235,0.2193931022920578,LV,0.0,0
14,uc606141.1,uc606141,1,1.0123837714538009,0.2193931022920578,LV,0.0,0
14,uc606143.1,uc606143,1,1.0168103731529965,0.2193931022920578,LV,0.0,0
14,uc605921.1,uc605921,1,0.9894171098185379,0.2193931022920578,LV,0.0,0
14,uc622713.1,uc622713,1,0.9876394660522049,0.2193931022920578,LV,0.0,0
14,uc622714.1,uc622714,1,0.9910623248791743,0.2193931022920578,LV,0.0,0
14,uc605993.1,uc605993,1,0.9888933178182031,0.2193931022920578,LV,0.0,0
14,uc606101.1,uc606101,1,0.9847960319558494,0.2193931022920578,LV,0.0,0
14,uc606102.1,uc606102,1,0.9842972338108514,0.2193931022920578,LV,0.0,0
14,uc622273.1,uc622273,1,1.0143180185583849,0.2193931022920578,LV,0.0,0
14,uc622703.1,uc622703,1,0.9801960724878177,0.2193931022920578,LV,0.0,0
14,uc605989.1,uc605989,1,0.9922113781409924,0.2193931022920578,LV,0.0,0
14,uc606130.1,uc606130,1,0.98766642034916,0.2193931022920578,LV,0.0,0
14,uc606132.1,uc606132,1,0.9842084157515135,0.2193931022920578,LV,0.0,0
14,uc605914.1,uc605914,1,1.000851294746695,0.2193931022920578,LV,0.0,0
14,uc622257.1,uc622257,1,0.9887506257501487,0.2193931022920578,LV,0.0,0
14,uc605909.1,uc605909,1,0.9894665244571126,0.2193931022920578,LV,0.0,0
14,uc605910.1,uc605910,1,0.9855955553721323,0.2193931022920578,LV,0.0,0
14,uc605911.1,uc605911,1,0.9861902172808908,0.2193931022920578,LV,0.0,0
14,uc606128.1,uc606128,1,0.9875863163837346,0.2193931022920578,LV,0.0,0
14,uc605823.1,uc605823,1,0.9852291842105497,0.2193931022920578,LV,0.0,0
14,uc605824.1,uc605824,1,0.989364445575896,0.2193931022920578,LV,0.0,0
14,uc605904.1,uc605904,1,0.9869148672767041,0.2193931022920578,LV,0.0,0
14,uc621999.1,uc621999,1,0.9916261492739956,0.2193931022920578,LV,0.0,0
14,uc639553.1,uc639553,1,0.9832194202824124,0.2193931022920578,LV,0.0,0
14,uc1239552.1,uc1239552,1,0.9873299937163922,0.2193931022920578,LV,0.0,0
14,uc605817.1,uc605817,1,0.9897551930270428,0.2193931022920578,LV,0.0,0
14,uc605819.1,uc605819,1,0.997301140616712,0.2193931022920578,LV,0.0,0
14,uc605820.1,uc605820,1,0.9878882406953974,0.2193931022920578,LV,0.0,0
14,uc605821.1,uc605821,1,0.9858306480169096,0.2193931022920578,LV,0.0,0
14,uc639280.1,uc639280,1,1.0064056042753446,0.2193931022920578,LV,0.0,0
14,uc605898.1,uc605898,1,0.9879839215269987,0.2193931022920578,LV,0.0,0
14,uc605901.1,uc605901,1,0.9907050274391299,0.2193931022920578,LV,0.0,0
14,uc605902.1,uc605902,1,0.9854821349063053,0.2193931022920578,LV,0.0,0
14,uc605985.1,uc605985,1,0.9916206514376714,0.2193931022920578,LV,0.0,0
14,uc606126.1,uc606126,1,0.9980159353414285,0.2193931022920578,LV,0.0,0
14,uc606127.1,uc606127,1,0.9845552018672545,0.2193931022920578,LV,0.0,0
14,uc605896.1,uc605896,1,0.9841955292408965,0.2193931022920578,LV,0.0,0
14,uc606121.1,uc606121,1,0.9837061398019338,0.2193931022920578,LV,0.0,0
14,uc606122.1,uc606122,1,0.981751584894396,0.2193931022920578,LV,0.0,0
14,uc606123.1,uc606123,1,1.0095326952264607,0.2193931022920578,LV,0.0,0
14,uc606124.1,uc606124,1,0.9897553269768199,0.2193931022920578,LV,0.0,0
14,uc605825.1,uc605825,1,0.9870310858217068,0.2193931022920578,LV,0.0,0
14,uc623427.1,uc623427,1,1.0095327083929826,0.2193931022920578,LV,0.0,0
14,uc609687.1,uc609687,1,0.9933462261309726,0.2193931022920578,LV,0.0,0
14,uc639277.1,uc639277,1,0.9859320236480402,0.2193931022920578,LV,0.0,0
14,uc1139390.1,uc1139390,1,0.9872937126020471,0.2193931022920578,LV,0.0,0
14,uc605863.1,uc605863,1,0.9940442764037395,0.2193931022920578,LV,0.0,0
14,uc605865.1,uc605865,1,0.994284998404554,0.2193931022920578,LV,0.0,0
14,uc1138614.1,uc1138614,1,0.9867587698981051,0.2193931022920578,LV,0.0,0
14,uc605855.1,uc605855,1,0.9890962132289953,0.2193931022920578,LV,0.0,0
14,uc605828.1,uc605828,1,0.9868099542122496,0.2193931022920578,LV,0.0,0
14,uc605829.1,uc605829,1,0.9907806724070043,0.2193931022920578,LV,0.0,0
14,uc605834.1,uc605834,1,0.9843723387019564,0.2193931022920578,LV,0.0,0
14,uc605835.1,uc605835,1,0.9844297602343536,0.2193931022920578,LV,0.0,0
14,uc605827.1,uc605827,1,0.9867601170843339,0.2193931022920578,LV,0.0,0
14,uc627337.1,uc627337,1,0.9899148797540575,0.2193931022920578,LV,0.0,0
14,uc637912.1,uc637912,1,0.9908453906973986,0.2193931022920578,LV,0.0,0
14,uc637576.1,uc637576,1,1.0105428048701868,0.2193931022920578,LV,0.0,0
14,uc637356.1,uc637356,1,0.9896586865599099,0.2193931022920578,LV,0.0,0
14,uc637918.1,uc637918,1,1.0107354428291244,0.2193931022920578,LV,0.0,0
14,uc637360.1,uc637360,1,0.9830155952998838,0.2193931022920578,LV,0.0,0
14,uc637399.1,uc637399,1,0.9829294334472993,0.2193931022920578,LV,0.0,0
14,uc637397.1,uc637397,1,0.9855203860846072,0.2193931022920578,LV,0.0,0
14,uc1137150.1,uc1137150,1,0.9901877787045045,0.2193931022920578,LV,0.0,0
14,uc1636598.1,uc1636598,1,0.0,0.1270170592217177,LV,0.95,1
14,uc636933.1,uc636933,1,1.0059267375664414,0.2193931022920578,LV,0.0,0
14,uc635963.1,uc635963,1,0.9842218322701758,0.2193931022920578,LV,0.0,0
14,uc635543.1,uc635543,1,0.9906368588738165,0.2193931022920578,LV,0.0,0
14,uc635966.1,uc635966,1,0.9895046642864406,0.2193931022920578,LV,0.0,0
14,uc635550.1,uc635550,1,0.9860239310836967,0.2193931022920578,LV,0.0,0
14,uc635862.1,uc635862,1,0.999838022926788,0.2193931022920578,LV,0.0,0
14,uc1635694.1,uc1635694,1,1.0012430719019545,0.2193931022920578,LV,0.0,0
14,uc3435739.1,uc3435739,1,1.0026893781935795,0.2193931022920578,LV,0.0,0
14,uc1635060.1,uc1635060,1,0.9946855711862955,0.2193931022920578,LV,0.0,0
14,uc1607271.1,uc1607271,1,0.9956824759608474,0.2193931022920578,LV,0.0,0
14,uc605884.1,uc605884,1,0.9899553006520373,0.2193931022920578,LV,0.0,0
14,uc1609690.1,uc1609690,1,0.9970481425445874,0.2193931022920578,LV,0.0,0
14,uc1134165.1,uc1134165,1,0.9839196451883075,0.2193931022920578,LV,0.0,0
14,uc634166.1,uc634166,1,0.98988764539987,0.2193931022920578,LV,0.0,0
14,uc1633896.1,uc1633896,1,0.9956002566406457,0.2193931022920578,LV,0.0,0
14,uc3433894.1,uc3433894,1,0.9908531510127132,0.2193931022920578,LV,0.0,0
14,uc1633892.1,uc1633892,1,0.9984461485625551,0.2193931022920578,LV,0.0,0
14,uc633672.1,uc633672,1,0.9933726949874816,0.2193931022920578,LV,0.0,0
14,uc1633671.1,uc1633671,1,1.0152032007830054,0.2193931022920578,LV,0.0,0
14,uc1632306.1,uc1632306,1,0.9919020055595819,0.2193931022920578,LV,0.0,0
14,uc632607.1,uc632607,1,0.9728837619616583,0.2193931022920578,LV,0.0,0
14,uc632613.1,uc632613,1,0.9901369937523457,0.2193931022920578,LV,0.0,0
14,uc3432407.1,uc3432407,1,0.9990140998410744,0.2193931022920578,LV,0.0,0
14,uc1632402.1,uc1632402,1,0.9863880286541962,0.2193931022920578,LV,0.0,0
14,uc1132019.1,uc1132019,1,0.9867598872502286,0.2193931022920578,LV,0.0,0
14,uc632016.1,uc632016,1,0.9920340899935849,0.2193931022920578,LV,0.0,0
14,uc1132015.1,uc1132015,1,0.9853665360544218,0.2193931022920578,LV,0.0,0
14,uc1132012.1,uc1132012,1,0.9894123302696629,0.2193931022920578,LV,0.0,0
14,uc631859.1,uc631859,1,0.9919450464551668,0.2193931022920578,LV,0.0,0
14,uc1631852.1,uc1631852,1,0.9898695891517171,0.2193931022920578,LV,0.0,0
14,uc1130761.1,uc1130761,1,0.9840166840931704,0.2193931022920578,LV,0.0,0
14,uc1630759.1,uc1630759,1,0.9856471789114215,0.2193931022920578,LV,0.0,0
14,uc630758.1,uc630758,1,1.0147254821399492,0.2193931022920578,LV,0.0,0
14,uc629428.1,uc629428,1,0.9922155105194992,0.2193931022920578,LV,0.0,0
14,uc1629639.1,uc1629639,1,0.9976419511524306,0.2193931022920578,LV,0.0,0
14,uc1229546.1,uc1229546,1,0.9869774879240738,0.2193931022920578,LV,0.0,0
14,uc628768.1,uc628768,1,0.991361227808295,0.2193931022920578,LV,0.0,0
14,uc628757.1,uc628757,1,0.9965895007956458,0.2193931022920578,LV,0.0,0
14,uc628766.1,uc628766,1,0.9876751582214967,0.2193931022920578,LV,0.0,0
14,uc628753.1,uc628753,1,0.9962448416339333,0.2193931022920578,LV,0.0,0
14,uc627346.1,uc627346,1,0.9881612330358872,0.2193931022920578,LV,0.0,0
14,uc1628760.1,uc1628760,1,0.9979875083480931,0.2193931022920578,LV,0.0,0
14,uc1629422.1,uc1629422,1,0.9880957847329996,0.2193931022920578,LV,0.0,0
14,uc626699.1,uc626699,1,0.989368026640281,0.2193931022920578,LV,0.0,0
14,60651.2,60651,2,0.9896829712032826,13.336791218280357,MV,0.0,0
14,60721.2,60721,2,0.9896138793008236,13.336791218280357,MV,0.0,0
14,164151.2,164151,2,0.9904990316607729,13.336791218280357,MV,0.0,0
14,302191.2,302191,2,0.9889290255787477,13.336791218280357,MV,0.0,0
14,320841.2,320841,2,0.9848553442654461,13.336791218280357,MV,0.0,0
14,337711.2,337711,2,0.9889314281014989,13.336791218280357,MV,0.0,0
14,358691.2,358691,2,0.997661453393494,13.336791218280357,MV,0.0,0
14,et6_1177.2,et6_1177,2,0.9902706337909832,0.2193931022920578,LV,0.0,0
14,461501.2,461501,2,0.9914819523177048,13.336791218280357,MV,0.0,0
14,686891.2,686891,2,0.9878925080870433,13.336791218280357,MV,0.0,0
14,703601.2,703601,2,0.9908041453428852,13.336791218280357,MV,0.0,0
14,713791.2,713791,2,0.9870566634356196,13.336791218280357,MV,0.0,0
14,725731.2,725731,2,0.985693906033716,13.336791218280357,MV,0.0,0
14,809501.2,809501,2,0.9880812099891884,13.336791218280357,MV,0.0,0
14,811221.2,811221,2,0.9906581527293652,13.336791218280357,MV,0.0,0
14,815111.2,815111,2,0.9890205175367811,13.336791218280357,MV,0.0,0
14,822371.2,822371,2,0.9861495994343598,13.336791218280357,MV,0.0,0
14,820611.2,820611,2,0.9888212475438007,13.336791218280357,MV,0.0,0
14,822641.2,822641,2,0.9866503708411567,13.336791218280357,MV,0.0,0
14,618431.2,618431,2,0.9896807177060606,13.336791218280357,MV,0.0,0
14,bt10401.2,bt10401,2,0.9823322292711597,0.2193931022920578,LV,0.0,0
14,bt197792.2,bt197792,2,0.9820299427220667,0.2193931022920578,LV,0.0,0
14,bt800551.2,bt800551,2,0.982029942743184,0.2193931022920578,LV,0.0,0
14,bt295341.2,bt295341,2,0.9814630911801395,0.2193931022920578,LV,0.0,0
14,bt800541.2,bt800541,2,0.9817418469960449,0.2193931022920578,LV,0.0,0
14,bt295361.2,bt295361,2,0.9810155595890026,0.2193931022920578,LV,0.0,0
14,bt474991.2,bt474991,2,0.9808716671671338,0.2193931022920578,LV,0.0,0
14,uc1627323.2,uc1627323,2,0.982704598541864,0.2193931022920578,LV,0.0,0
14,uc3405987.2,uc3405987,2,1.0074174192216687,0.2193931022920578,LV,0.0,0
14,uc3405846.2,uc3405846,2,0.9880893339415158,0.2193931022920578,LV,0.0,0
14,uc3405847.2,uc3405847,2,1.0080245331827773,0.2193931022920578,LV,0.0,0
14,uc3405838.2,uc3405838,2,0.9851171107231975,0.2193931022920578,LV,0.0,0
14,uc1607326.2,uc1607326,2,0.9856752532525381,0.2193931022920578,LV,0.0,0
14,uc1607316.2,uc1607316,2,0.9843796468489198,0.2193931022920578,LV,0.0,0
14,uc1607308.2,uc1607308,2,0.986764424284244,0.2193931022920578,LV,0.0,0
14,uc1623434.2,uc1623434,2,0.0,0.1270170592217177,LV,0.95,1
14,uc1620373.2,uc1620373,2,0.9881896978360689,0.2193931022920578,LV,0.0,0
14,uc1607302.2,uc1607302,2,0.9880474377348599,0.2193931022920578,LV,0.0,0
14,uc1607304.2,uc1607304,2,0.9879649285868186,0.2193931022920578,LV,0.0,0
14,uc1607306.2,uc1607306,2,0.9863006673065106,0.2193931022920578,LV,0.0,0
14,uc1607299.2,uc1607299,2,0.988400207236148,0.2193931022920578,LV,0.0,0
14,uc1607297.2,uc1607297,2,0.9891330880211597,0.2193931022920578,LV,0.0,0
14,uc1607298.2,uc1607298,2,0.9885495248260497,0.2193931022920578,LV,0.0,0
14,uc1607289.2,uc1607289,2,0.9916216491735983,0.2193931022920578,LV,0.0,0
14,uc1607291.2,uc1607291,2,0.9887591181274435,0.2193931022920578,LV,0.0,0
14,uc1607292.2,uc1607292,2,0.9883170758168335,0.2193931022920578,LV,0.0,0
14,uc1607280.2,uc1607280,2,0.9869666750994024,0.2193931022920578,LV,0.0,0
14,uc1607284.2,uc1607284,2,0.9871699834834412,0.2193931022920578,LV,0.0,0
14,uc1607285.2,uc1607285,2,0.9870776499631643,0.2193931022920578,LV,0.0,0
14,uc1607288.2,uc1607288,2,0.9873117143528632,0.2193931022920578,LV,0.0,0
14,uc1607279.2,uc1607279,2,0.9878874137028081,0.2193931022920578,LV,0.0,0
14,uc1607355.2,uc1607355,2,0.9885648817674901,0.2193931022920578,LV,0.0,0
14,uc1607357.2,uc1607357,2,0.9897369601829956,0.2193931022920578,LV,0.0,0
14,uc1607358.2,uc1607358,2,0.9884358650593824,0.2193931022920578,LV,0.0,0
14,uc1607368.2,uc1607368,2,0.0,0.1270170592217177,LV,0.95,1
14,uc1607276.2,uc1607276,2,0.9986768514757672,0.2193931022920578,LV,0.0,0
14,uc1607278.2,uc1607278,2,0.9988140799079476,0.2193931022920578,LV,0.0,0
14,uc1607273.2,uc1607273,2,0.9965190917908914,0.2193931022920578,LV,0.0,0
14,uc1607328.2,uc1607328,2,0.9852759452057097,0.2193931022920578,LV,0.0,0
14,uc1607347.2,uc1607347,2,1.0760658700054428,0.2193931022920578,LV,0.026065870005442804,1
14,uc1607350.2,uc1607350,2,1.030987072206017,0.2193931022920578,LV,0.0,0
14,uc1107341.2,uc1107341,2,0.985684695111314,0.2193931022920578,LV,0.0,0
14,uc1107333.2,uc1107333,2,0.9870369897160942,0.2193931022920578,LV,0.0,0
14,uc1607268.2,uc1607268,2,0.9958163010187893,0.2193931022920578,LV,0.0,0
14,uc1607252.2,uc1607252,2,0.9849671741676226,0.2193931022920578,LV,0.0,0
14,uc1606000.2,uc1606000,2,0.9869759397783289,0.2193931022920578,LV,0.0,0
14,uc1607255.2,uc1607255,2,0.9881209188093134,0.2193931022920578,LV,0.0,0
14,uc1607258.2,uc1607258,2,0.9849744865906321,0.2193931022920578,LV,0.0,0
14,uc1124041.2,uc1124041,2,0.9857938082127972,0.2193931022920578,LV,0.0,0
14,uc1124340.2,uc1124340,2,0.9874771159582701,0.2193931022920578,LV,0.0,0
14,uc1121173.2,uc1121173,2,0.9871178973934049,0.2193931022920578,LV,0.0,0
14,uc1107345.2,uc1107345,2,0.9874595583252229,0.2193931022920578,LV,0.0,0
14,uc605816.2,uc605816,2,1.020508510118745,0.2193931022920578,LV,0.0,0
14,uc605812.2,uc605812,2,0.9809029390139689,0.2193931022920578,LV,0.0,0
14,uc605813.2,uc605813,2,0.9901045194233592,0.2193931022920578,LV,0.0,0
14,uc609685.2,uc609685,2,0.9918959300163841,0.2193931022920578,LV,0.0,0
14,uc609688.2,uc609688,2,1.0104969669597714,0.2193931022920578,LV,0.0,0
14,uc621168.2,uc621168,2,0.9858035397976085,0.2193931022920578,LV,0.0,0
14,uc621171.2,uc621171,2,0.983463365716445,0.2193931022920578,LV,0.0,0
14,uc605810.2,uc605810,2,0.9912170380565263,0.2193931022920578,LV,0.0,0
14,uc605807.2,uc605807,2,0.9823136138554617,0.2193931022920578,LV,0.0,0
14,uc605801.2,uc605801,2,0.9890815517901054,0.2193931022920578,LV,0.0,0
14,uc607384.2,uc607384,2,0.9842856374685077,0.2193931022920578,LV,0.0,0
14,uc607385.2,uc607385,2,0.9914260117634706,0.2193931022920578,LV,0.0,0
14,uc609682.2,uc609682,2,0.9849852077944005,0.2193931022920578,LV,0.0,0
14,uc609683.2,uc609683,2,0.9906287724244417,0.2193931022920578,LV,0.0,0
14,uc607377.2,uc607377,2,0.9921379075150364,0.2193931022920578,LV,0.0,0
14,uc607382.2,uc607382,2,0.9900974946941666,0.2193931022920578,LV,0.0,0
14,uc606117.2,uc606117,2,0.9849330154917103,0.2193931022920578,LV,0.0,0
14,uc606120.2,uc606120,2,0.9846357337409672,0.2193931022920578,LV,0.0,0
14,uc623433.2,uc623433,2,0.9821332213179957,0.2193931022920578,LV,0.0,0
14,uc623007.2,uc623007,2,0.989990136845769,0.2193931022920578,LV,0.0,0
14,uc606147.2,uc606147,2,1.0835396211210533,0.2193931022920578,LV,0.03353962112105324,1
14,uc606148.2,uc606148,2,0.9970307950554292,0.2193931022920578,LV,0.0,0
14,uc606150.2,uc606150,2,0.9959759970002418,0.2193931022920578,LV,0.0,0
14,uc606109.2,uc606109,2,0.9837498119556701,0.2193931022920578,LV,0.0,0
14,uc606110.2,uc606110,2,0.9832077386649127,0.2193931022920578,LV,0.0,0
14,uc606111.2,uc606111,2,0.9849031286596962,0.2193931022920578,LV,0.0,0
14,uc622720.2,uc622720,2,0.9887198409819605,0.2193931022920578,LV,0.0,0
14,uc623004.2,uc623004,2,1.0021411514635334,0.2193931022920578,LV,0.0,0
14,uc606103.2,uc606103,2,0.9859309508867834,0.2193931022920578,LV,0.0,0
14,uc606139.2,uc606139,2,1.0230720071248978,0.2193931022920578,LV,0.0,0
14,uc606143.2,uc606143,2,1.043273274527408,0.2193931022920578,LV,0.0,0
14,uc605921.2,uc605921,2,0.9886767354923848,0.2193931022920578,LV,0.0,0
14,uc605915.2,uc605915,2,0.9886505975163251,0.2193931022920578,LV,0.0,0
14,uc606101.2,uc606101,2,0.9859743084891002,0.2193931022920578,LV,0.0,0
14,uc622273.2,uc622273,2,1.0408239036270444,0.2193931022920578,LV,0.0,0
14,uc605990.2,uc605990,2,0.9814628492676715,0.2193931022920578,LV,0.0,0
14,uc606130.2,uc606130,2,0.986460905504024,0.2193931022920578,LV,0.0,0
14,uc606132.2,uc606132,2,0.9846707837112469,0.2193931022920578,LV,0.0,0
14,uc622258.2,uc622258,2,0.9874420731902686,0.2193931022920578,LV,0.0,0
14,uc622270.2,uc622270,2,0.9946825871611985,0.2193931022920578,LV,0.0,0
14,uc605905.2,uc605905,2,0.9852045740939678,0.2193931022920578,LV,0.0,0
14,uc605909.2,uc605909,2,0.9889045770380943,0.2193931022920578,LV,0.0,0
14,uc605910.2,uc605910,2,0.9860465155547624,0.2193931022920578,LV,0.0,0
14,uc605911.2,uc605911,2,0.9866415215932024,0.2193931022920578,LV,0.0,0
14,uc606128.2,uc606128,2,0.9861971588470752,0.2193931022920578,LV,0.0,0
14,uc605904.2,uc605904,2,0.9852704762867608,0.2193931022920578,LV,0.0,0
14,uc1239552.2,uc1239552,2,0.9883728561732149,0.2193931022920578,LV,0.0,0
14,uc605817.2,uc605817,2,0.9891817816441789,0.2193931022920578,LV,0.0,0
14,uc605819.2,uc605819,2,1.0054269222186174,0.2193931022920578,LV,0.0,0
14,uc605820.2,uc605820,2,0.9830030089401289,0.2193931022920578,LV,0.0,0
14,uc605821.2,uc605821,2,0.9864929120848307,0.2193931022920578,LV,0.0,0
14,uc605822.2,uc605822,2,0.9828864461673701,0.2193931022920578,LV,0.0,0
14,uc639280.2,uc639280,2,1.0070907624525014,0.2193931022920578,LV,0.0,0
14,uc605898.2,uc605898,2,0.9894029121358626,0.2193931022920578,LV,0.0,0
14,uc605902.2,uc605902,2,0.9859133769147947,0.2193931022920578,LV,0.0,0
14,uc605982.2,uc605982,2,0.982221342040603,0.2193931022920578,LV,0.0,0
14,uc605988.2,uc605988,2,0.9809476758500749,0.2193931022920578,LV,0.0,0
14,uc606126.2,uc606126,2,0.9984838518830903,0.2193931022920578,LV,0.0,0
14,uc606127.2,uc606127,2,0.9850197728015208,0.2193931022920578,LV,0.0,0
14,uc605896.2,uc605896,2,0.9826978596569445,0.2193931022920578,LV,0.0,0
14,uc606121.2,uc606121,2,0.9841580068059042,0.2193931022920578,LV,0.0,0
14,uc606122.2,uc606122,2,0.9822020112089355,0.2193931022920578,LV,0.0,0
14,uc606123.2,uc606123,2,1.010003278602978,0.2193931022920578,LV,0.0,0
14,uc622709.2,uc622709,2,0.9881854093049326,0.2193931022920578,LV,0.0,0
14,uc639277.2,uc639277,2,0.9865943329391261,0.2193931022920578,LV,0.0,0
14,uc1139390.2,uc1139390,2,0.9883365367355986,0.2193931022920578,LV,0.0,0
14,uc605864.2,uc605864,2,0.9914702708003204,0.2193931022920578,LV,0.0,0
14,uc605865.2,uc605865,2,0.9946949263872374,0.2193931022920578,LV,0.0,0
14,uc638617.2,uc638617,2,0.9943724860851679,0.2193931022920578,LV,0.0,0
14,uc605855.2,uc605855,2,0.9862003610233304,0.2193931022920578,LV,0.0,0
14,uc1638606.2,uc1638606,2,0.9960950507276309,0.2193931022920578,LV,0.0,0
14,uc1638954.2,uc1638954,2,0.9962766735001977,0.2193931022920578,LV,0.0,0
14,uc605836.2,uc605836,2,0.9767918861767999,0.2193931022920578,LV,0.0,0
14,uc1607303.2,uc1607303,2,0.9892725418353026,0.2193931022920578,LV,0.0,0
14,uc637705.2,uc637705,2,0.9884585853415893,0.2193931022920578,LV,0.0,0
14,uc1637704.2,uc1637704,2,1.0021382227946514,0.2193931022920578,LV,0.0,0
14,uc637576.2,uc637576,2,1.0110132726058698,0.2193931022920578,LV,0.0,0
14,uc637918.2,uc637918,2,1.0114194053299368,0.2193931022920578,LV,0.0,0
14,uc637360.2,uc637360,2,0.9834678282953138,0.2193931022920578,LV,0.0,0
14,uc637397.2,uc637397,2,0.9868906652141902,0.2193931022920578,LV,0.0,0
14,uc636933.2,uc636933,2,1.0203126639548834,0.2193931022920578,LV,0.0,0
14,uc605908.2,uc605908,2,0.9904180567318482,0.2193931022920578,LV,0.0,0
14,uc635963.2,uc635963,2,0.9846747075973079,0.2193931022920578,LV,0.0,0
14,uc635543.2,uc635543,2,0.991091050257739,0.2193931022920578,LV,0.0,0
14,uc635966.2,uc635966,2,0.9899589490617914,0.2193931022920578,LV,0.0,0
14,uc627328.2,uc627328,2,0.980711742914479,0.2193931022920578,LV,0.0,0
14,uc635550.2,uc635550,2,0.9864901127486403,0.2193931022920578,LV,0.0,0
14,uc635862.2,uc635862,2,1.0012211905090502,0.2193931022920578,LV,0.0,0
14,uc3435739.2,uc3435739,2,1.0116185708199184,0.2193931022920578,LV,0.0,0
14,uc634166.2,uc634166,2,0.9888718351101926,0.2193931022920578,LV,0.0,0
14,uc1633671.2,uc1633671,2,1.0175714487720096,0.2193931022920578,LV,0.0,0
14,uc633056.2,uc633056,2,0.9905325347513207,0.2193931022920578,LV,0.0,0
14,uc632607.2,uc632607,2,0.9742333840989292,0.2193931022920578,LV,0.0,0
14,uc1632402.2,uc1632402,2,0.9881238981660292,0.2193931022920578,LV,0.0,0
14,uc1131858.2,uc1131858,2,0.9857686989340767,0.2193931022920578,LV,0.0,0
14,uc631391.2,uc631391,2,0.9803983677952874,0.2193931022920578,LV,0.0,0
14,uc1630759.2,uc1630759,2,0.9873424685876736,0.2193931022920578,LV,0.0,0
14,uc630758.2,uc630758,2,1.037899229023321,0.2193931022920578,LV,0.0,0
14,uc630753.2,uc630753,2,0.9864007820639302,0.2193931022920578,LV,0.0,0
14,uc628766.2,uc628766,2,0.9864696531190504,0.2193931022920578,LV,0.0,0
14,uc627346.2,uc627346,2,0.9875851196931028,0.2193931022920578,LV,0.0,0
14,uc1629422.2,uc1629422,2,0.9875444863830612,0.2193931022920578,LV,0.0,0
14,60651.3,60651,3,0.9887029777864922,13.336791218280357,MV,0.0,0
14,60721.3,60721,3,0.9886339209365275,13.336791218280357,MV,0.0,0
14,164151.3,164151,3,0.9895186249572558,13.336791218280357,MV,0.0,0
14,302191.3,302191,3,0.9871245358586482,13.336791218280357,MV,0.0,0
14,320841.3,320841,3,0.9838952730536991,13.336791218280357,MV,0.0,0
14,337711.3,337711,3,0.9871268261852824,13.336791218280357,MV,0.0,0
14,358691.3,358691,3,0.9971317730579707,13.336791218280357,MV,0.0,0
14,et6_1177.3,et6_1177,3,0.990647638677182,0.2193931022920578,LV,0.0,0
14,461501.3,461501,3,0.9903606197899635,13.336791218280357,MV,0.0,0
14,686891.3,686891,3,0.986934340337076,13.336791218280357,MV,0.0,0
14,703601.3,703601,3,0.9898221969459794,13.336791218280357,MV,0.0,0
14,713791.3,713791,3,0.9860960469655923,13.336791218280357,MV,0.0,0
14,725731.3,725731,3,0.9847336435185235,13.336791218280357,MV,0.0,0
14,809501.3,809501,3,0.9871246150427199,13.336791218280357,MV,0.0,0
14,811221.3,811221,3,0.9896774970656793,13.336791218280357,MV,0.0,0
14,815111.3,815111,3,0.9872160528491185,13.336791218280357,MV,0.0,0
14,822371.3,822371,3,0.9851890389853821,13.336791218280357,MV,0.0,0
14,820611.3,820611,3,0.9878489406874793,13.336791218280357,MV,0.0,0
14,822641.3,822641,3,0.9856859106367696,13.336791218280357,MV,0.0,0
14,618431.3,618431,3,0.9887007237607184,13.336791218280357,MV,0.0,0
14,bt10401.3,bt10401,3,0.9910502937505373,0.2193931022920578,LV,0.0,0
14,bt197792.3,bt197792,3,0.9910502948768247,0.2193931022920578,LV,0.0,0
14,bt800551.3,bt800551,3,0.9910502947628357,0.2193931022920578,LV,0.0,0
14,bt295341.3,bt295341,3,0.9910502961200288,0.2193931022920578,LV,0.0,0
14,bt800541.3,bt800541,3,0.9910502955178239,0.2193931022920578,LV,0.0,0
14,bt295361.3,bt295361,3,0.9910502967981196,0.2193931022920578,LV,0.0,0
14,bt474991.3,bt474991,3,0.9910502972613898,0.2193931022920578,LV,0.0,0
14,uc627336.3,uc627336,3,0.9881600182136185,0.2193931022920578,LV,0.0,0
14,uc1620373.3,uc1620373,3,0.9883752710446776,0.2193931022920578,LV,0.0,0
14,uc1607302.3,uc1607302,3,0.9882343407327309,0.2193931022920578,LV,0.0,0
14,uc1607304.3,uc1607304,3,0.9881495342328198,0.2193931022920578,LV,0.0,0
14,uc1607298.3,uc1607298,3,0.9890137625387041,0.2193931022920578,LV,0.0,0
14,uc1607280.3,uc1607280,3,0.9871441492091129,0.2193931022920578,LV,0.0,0
14,uc1607285.3,uc1607285,3,0.9880570528660948,0.2193931022920578,LV,0.0,0
14,uc1607279.3,uc1607279,3,0.9880648204833034,0.2193931022920578,LV,0.0,0
14,uc1607347.3,uc1607347,3,1.0761937293392232,0.2193931022920578,LV,0.02619372933922315,1
14,uc1124340.3,uc1124340,3,0.9884313437203655,0.2193931022920578,LV,0.0,0
14,uc605816.3,uc605816,3,1.0205037611002508,0.2193931022920578,LV,0.0,0
14,uc605815.3,uc605815,3,0.9980646828641859,0.2193931022920578,LV,0.0,0
14,uc621171.3,uc621171,3,0.9834394893986393,0.2193931022920578,LV,0.0,0
14,uc607384.3,uc607384,3,0.98426488668237,0.2193931022920578,LV,0.0,0
14,uc606117.3,uc606117,3,0.9849086177328619,0.2193931022920578,LV,0.0,0
14,uc606120.3,uc606120,3,0.9846114470517613,0.2193931022920578,LV,0.0,0
14,uc623007.3,uc623007,3,0.9903670802461274,0.2193931022920578,LV,0.0,0
14,uc605867.3,uc605867,3,0.992271498781805,0.2193931022920578,LV,0.0,0
14,uc606150.3,uc606150,3,0.996024052092116,0.2193931022920578,LV,0.0,0
14,uc606109.3,uc606109,3,0.9837258515590981,0.2193931022920578,LV,0.0,0
14,uc606110.3,uc606110,3,0.9831838284772153,0.2193931022920578,LV,0.0,0
14,uc606111.3,uc606111,3,0.9848787590506363,0.2193931022920578,LV,0.0,0
14,uc622722.3,uc622722,3,0.9961766331790585,0.2193931022920578,LV,0.0,0
14,uc623004.3,uc623004,3,1.0036165427271855,0.2193931022920578,LV,0.0,0
14,uc606101.3,uc606101,3,0.9859401173269411,0.2193931022920578,LV,0.0,0
14,uc606132.3,uc606132,3,0.9846550397992878,0.2193931022920578,LV,0.0,0
14,uc605910.3,uc605910,3,0.986018308954084,0.2193931022920578,LV,0.0,0
14,uc605911.3,uc605911,3,0.9866130389314335,0.2193931022920578,LV,0.0,0
14,uc605904.3,uc605904,3,0.9873466048698841,0.2193931022920578,LV,0.0,0
14,uc1239552.3,uc1239552,3,0.9885582499491429,0.2193931022920578,LV,0.0,0
14,uc605821.3,uc605821,3,0.9879934128518575,0.2193931022920578,LV,0.0,0
14,uc639280.3,uc639280,3,1.0072364070224322,0.2193931022920578,LV,0.0,0
14,uc605898.3,uc605898,3,0.9883187104635388,0.2193931022920578,LV,0.0,0
14,uc605902.3,uc605902,3,0.9859334642047324,0.2193931022920578,LV,0.0,0
14,uc606126.3,uc606126,3,0.9984622881312313,0.2193931022920578,LV,0.0,0
14,uc606127.3,uc606127,3,0.9850045181836378,0.2193931022920578,LV,0.0,0
14,uc606121.3,uc606121,3,0.9841333943187912,0.2193931022920578,LV,0.0,0
14,uc606122.3,uc606122,3,0.9821772454456239,0.2193931022920578,LV,0.0,0
14,uc639277.3,uc639277,3,0.9880948459889248,0.2193931022920578,LV,0.0,0
14,uc1139390.3,uc1139390,3,0.9885219236979402,0.2193931022920578,LV,0.0,0
14,uc637576.3,uc637576,3,1.0109785409711671,0.2193931022920578,LV,0.0,0
14,uc637918.3,uc637918,3,1.0115665638049247,0.2193931022920578,LV,0.0,0
14,uc637360.3,uc637360,3,0.9834439450829814,0.2193931022920578,LV,0.0,0
14,uc637397.3,uc637397,3,0.9869413102542244,0.2193931022920578,LV,0.0,0
14,uc635963.3,uc635963,3,0.9846503923818465,0.2193931022920578,LV,0.0,0
14,uc635543.3,uc635543,3,0.9910630834720366,0.2193931022920578,LV,0.0,0
14,uc635966.3,uc635966,3,0.9899307721108824,0.2193931022920578,LV,0.0,0
14,uc635550.3,uc635550,3,0.9864751868541553,0.2193931022920578,LV,0.0,0
14,uc635862.3,uc635862,3,1.000027916493046,0.2193931022920578,LV,0.0,0
14,uc1633671.3,uc1633671,3,1.0175894405961174,0.2193931022920578,LV,0.0,0
14,uc632607.3,uc632607,3,0.9742877800226909,0.2193931022920578,LV,0.0,0
14,uc1629422.3,uc1629422,3,0.9893053791838692,0.2193931022920578,LV,0.0,0
15,60651.1,60651,1,0.9906093016939306,13.336791218280357,MV,0.0,0
15,60721.1,60721,1,0.9905495052519464,13.336791218280357,MV,0.0,0
15,164151.1,164151,1,0.991338693769789,13.336791218280357,MV,0.0,0
15,302191.1,302191,1,0.9893362762360377,13.336791218280357,MV,0.0,0
15,320841.1,320841,1,0.9863279313225711,13.336791218280357,MV,0.0,0
15,337711.1,337711,1,0.9893314827182639,13.336791218280357,MV,0.0,0
15,358691.1,358691,1,0.9979534761352236,13.336791218280357,MV,0.0,0
15,et6_1177.1,et6_1177,1,0.990688805986767,0.2193931022920578,LV,0.0,0
15,461501.1,461501,1,0.992037768835759,13.336791218280357,MV,0.0,0
15,686891.1,686891,1,0.9891523413452308,13.336791218280357,MV,0.0,0
15,703601.1,703601,1,0.9916022633344307,13.336791218280357,MV,0.0,0
15,713791.1,713791,1,0.9883481040432267,13.336791218280357,MV,0.0,0
15,725731.1,725731,1,0.9870964692853639,13.336791218280357,MV,0.0,0
15,809501.1,809501,1,0.9893017635746559,13.336791218280357,MV,0.0,0
15,811221.1,811221,1,0.991487111208643,13.336791218280357,MV,0.0,0
15,815111.1,815111,1,0.9894262281241489,13.336791218280357,MV,0.0,0
15,822371.1,822371,1,0.9875166784713453,13.336791218280357,MV,0.0,0
15,820611.1,820611,1,0.9898572174323175,13.336791218280357,MV,0.0,0
15,822641.1,822641,1,0.98797269522748,13.336791218280357,MV,0.0,0
15,618431.1,618431,1,0.9906070673009923,13.336791218280357,MV,0.0,0
15,bt10401.1,bt10401,1,0.9845939558483011,0.2193931022920578,LV,0.0,0
15,bt197792.1,bt197792,1,0.983901274047305,0.2193931022920578,LV,0.0,0
15,bt800551.1,bt800551,1,0.9840458398587741,0.2193931022920578,LV,0.0,0
15,bt295341.1,bt295341,1,0.9832841264285331,0.2193931022920578,LV,0.0,0
15,bt800541.1,bt800541,1,0.9836351118879582,0.2193931022920578,LV,0.0,0
15,bt295361.1,bt295361,1,0.9829603831315032,0.2193931022920578,LV,0.0,0
15,bt474991.1,bt474991,1,0.9827054387909507,0.2193931022920578,LV,0.0,0
15,uc626695.1,uc626695,1,0.9805608667383094,0.2193931022920578,LV,0.0,0
15,uc1627323.1,uc1627323,1,0.9886574185025108,0.2193931022920578,LV,0.0,0
15,uc1627342.1,uc1627342,1,0.9983344005899555,0.2193931022920578,LV,0.0,0
15,uc627343.1,uc627343,1,0.9891190967436856,0.2193931022920578,LV,0.0,0
15,uc627344.1,uc627344,1,0.9935533626787992,0.2193931022920578,LV,0.0,0
15,uc1626672.1,uc1626672,1,0.0,0.1270170592217177,LV,0.95,1
15,uc1626490.1,uc1626490,1,0.9955042213798535,0.2193931022920578,LV,0.0,0
15,uc3422706.1,uc3422706,1,0.9932668874683294,0.2193931022920578,LV,0.0,0
15,uc3425629.1,uc3425629,1,0.9933219158895296,0.2193931022920578,LV,0.0,0
15,uc3422597.1,uc3422597,1,0.9998315464708412,0.2193931022920578,LV,0.0,0
15,uc3405843.1,uc3405843,1,0.9913475896970105,0.2193931022920578,LV,0.0,0
15,uc3405844.1,uc3405844,1,1.019371713703032,0.2193931022920578,LV,0.0,0
15,uc3405845.1,uc3405845,1,1.0179201442818944,0.2193931022920578,LV,0.0,0
15,uc3405846.1,uc3405846,1,0.9916060687298218,0.2193931022920578,LV,0.0,0
15,uc1626486.1,uc1626486,1,0.9976142628492561,0.2193931022920578,LV,0.0,0
15,uc1626487.1,uc1626487,1,0.9899164405367396,0.2193931022920578,LV,0.0,0
15,uc626481.1,uc626481,1,0.9905604689896863,0.2193931022920578,LV,0.0,0
15,uc626678.1,uc626678,1,0.990025373084819,0.2193931022920578,LV,0.0,0
15,uc626698.1,uc626698,1,0.992798510486527,0.2193931022920578,LV,0.0,0
15,uc626476.1,uc626476,1,0.9854055849134384,0.2193931022920578,LV,0.0,0
15,uc1627321.1,uc1627321,1,0.9980735901864239,0.2193931022920578,LV,0.0,0
15,uc1607319.1,uc1607319,1,0.9864651863788894,0.2193931022920578,LV,0.0,0
15,uc1607308.1,uc1607308,1,0.9892352873538023,0.2193931022920578,LV,0.0,0
15,uc1624026.1,uc1624026,1,0.0,0.1270170592217177,LV,0.95,1
15,uc1625170.1,uc1625170,1,0.9920154511233622,0.2193931022920578,LV,0.0,0
15,uc1621994.1,uc1621994,1,0.9972153192102706,0.2193931022920578,LV,0.0,0
15,uc1620360.1,uc1620360,1,0.9965705850137111,0.2193931022920578,LV,0.0,0
15,uc1620373.1,uc1620373,1,0.9883916237144098,0.2193931022920578,LV,0.0,0
15,uc1607302.1,uc1607302,1,0.9882423035570902,0.2193931022920578,LV,0.0,0
15,uc1607304.1,uc1607304,1,0.9870936299704114,0.2193931022920578,LV,0.0,0
15,uc1607305.1,uc1607305,1,0.9866810202805116,0.2193931022920578,LV,0.0,0
15,uc1607306.1,uc1607306,1,0.9887512706539282,0.2193931022920578,LV,0.0,0
15,uc1607297.1,uc1607297,1,0.9915742113042898,0.2193931022920578,LV,0.0,0
15,uc1607298.1,uc1607298,1,0.9890588799682029,0.2193931022920578,LV,0.0,0
15,uc1607289.1,uc1607289,1,0.9933067074843808,0.2193931022920578,LV,0.0,0
15,uc1607290.1,uc1607290,1,0.9933819472711538,0.2193931022920578,LV,0.0,0
15,uc1607291.1,uc1607291,1,0.9916635883395637,0.2193931022920578,LV,0.0,0
15,uc1607280.1,uc1607280,1,0.9871363213548304,0.2193931022920578,LV,0.0,0
15,uc1607283.1,uc1607283,1,0.9843311336735335,0.2193931022920578,LV,0.0,0
15,uc1607285.1,uc1607285,1,0.9859142634824406,0.2193931022920578,LV,0.0,0
15,uc1607287.1,uc1607287,1,0.9894389393054056,0.2193931022920578,LV,0.0,0
15,uc1607288.1,uc1607288,1,0.9891206136133069,0.2193931022920578,LV,0.0,0
15,uc1607279.1,uc1607279,1,0.9880964018443015,0.2193931022920578,LV,0.0,0
15,uc1607357.1,uc1607357,1,0.9911318427764644,0.2193931022920578,LV,0.0,0
15,uc1607358.1,uc1607358,1,0.9912027590307356,0.2193931022920578,LV,0.0,0
15,uc1607368.1,uc1607368,1,0.0,0.1270170592217177,LV,0.95,1
15,uc1607277.1,uc1607277,1,0.9983617871934357,0.2193931022920578,LV,0.0,0
15,uc1607278.1,uc1607278,1,1.0003613227190855,0.2193931022920578,LV,0.0,0
15,uc1607272.1,uc1607272,1,1.0059072824228539,0.2193931022920578,LV,0.0,0
15,uc1607273.1,uc1607273,1,0.9993626987082644,0.2193931022920578,LV,0.0,0
15,uc1607353.1,uc1607353,1,0.9928521400757888,0.2193931022920578,LV,0.0,0
15,uc1607347.1,uc1607347,1,1.0736834913652922,0.2193931022920578,LV,0.02368349136529213,1
15,uc1607349.1,uc1607349,1,0.9997464454958174,0.2193931022920578,LV,0.0,0
15,uc1107342.1,uc1107342,1,0.9865955871976466,0.2193931022920578,LV,0.0,0
15,uc1107340.1,uc1107340,1,0.9847759543091446,0.2193931022920578,LV,0.0,0
15,uc1105833.1,uc1105833,1,0.9898208400807571,0.2193931022920578,LV,0.0,0
15,uc1107330.1,uc1107330,1,0.9842382849185924,0.2193931022920578,LV,0.0,0
15,uc1607265.1,uc1607265,1,0.986494368521835,0.2193931022920578,LV,0.0,0
15,uc1607268.1,uc1607268,1,0.9965525625509958,0.2193931022920578,LV,0.0,0
15,uc1607252.1,uc1607252,1,0.9885970830082651,0.2193931022920578,LV,0.0,0
15,uc1605991.1,uc1605991,1,0.9899123358081585,0.2193931022920578,LV,0.0,0
15,uc1605996.1,uc1605996,1,1.0062365283098944,0.2193931022920578,LV,0.0,0
15,uc1607257.1,uc1607257,1,0.990821052414419,0.2193931022920578,LV,0.0,0
15,uc1607258.1,uc1607258,1,0.9886046896701162,0.2193931022920578,LV,0.0,0
15,uc1124340.1,uc1124340,1,0.9870627492920264,0.2193931022920578,LV,0.0,0
15,uc605816.1,uc605816,1,1.0191211828746578,0.2193931022920578,LV,0.0,0
15,uc605813.1,uc605813,1,0.9903202370513461,0.2193931022920578,LV,0.0,0
15,uc609684.1,uc609684,1,0.993563450059247,0.2193931022920578,LV,0.0,0
15,uc609686.1,uc609686,1,0.9938941036772623,0.2193931022920578,LV,0.0,0
15,uc609688.1,uc609688,1,1.0030708708504146,0.2193931022920578,LV,0.0,0
15,uc621168.1,uc621168,1,0.9889951369006189,0.2193931022920578,LV,0.0,0
15,uc621171.1,uc621171,1,0.9844050440573897,0.2193931022920578,LV,0.0,0
15,uc605808.1,uc605808,1,0.9941564865219757,0.2193931022920578,LV,0.0,0
15,uc605809.1,uc605809,1,0.9838644484497683,0.2193931022920578,LV,0.0,0
15,uc605810.1,uc605810,1,0.9930608843594138,0.2193931022920578,LV,0.0,0
15,uc605970.1,uc605970,1,0.9914751127544811,0.2193931022920578,LV,0.0,0
15,uc605803.1,uc605803,1,0.9920584827524871,0.2193931022920578,LV,0.0,0
15,uc605804.1,uc605804,1,0.9931635202671845,0.2193931022920578,LV,0.0,0
15,uc605806.1,uc605806,1,0.9896969673817114,0.2193931022920578,LV,0.0,0
15,uc607384.1,uc607384,1,0.9851253633565635,0.2193931022920578,LV,0.0,0
15,uc607387.1,uc607387,1,0.990062464598552,0.2193931022920578,LV,0.0,0
15,uc609682.1,uc609682,1,0.9888324107305368,0.2193931022920578,LV,0.0,0
15,uc624033.1,uc624033,1,0.9963432889071547,0.2193931022920578,LV,0.0,0
15,uc625156.1,uc625156,1,0.9920837852379144,0.2193931022920578,LV,0.0,0
15,uc625624.1,uc625624,1,0.9870404580895883,0.2193931022920578,LV,0.0,0
15,uc625625.1,uc625625,1,0.9937773711899318,0.2193931022920578,LV,0.0,0
15,uc607366.1,uc607366,1,0.9838344146392078,0.2193931022920578,LV,0.0,0
15,uc607367.1,uc607367,1,0.9929098509314456,0.2193931022920578,LV,0.0,0
15,uc606114.1,uc606114,1,0.9868731744470476,0.2193931022920578,LV,0.0,0
15,uc606117.1,uc606117,1,0.9859381815647934,0.2193931022920578,LV,0.0,0
15,uc606120.1,uc606120,1,0.9856190137853693,0.2193931022920578,LV,0.0,0
15,uc623015.1,uc623015,1,0.9830719267381166,0.2193931022920578,LV,0.0,0
15,uc623432.1,uc623432,1,0.9914447883722932,0.2193931022920578,LV,0.0,0
15,uc624028.1,uc624028,1,0.9908625986556441,0.2193931022920578,LV,0.0,0
15,uc605873.1,uc605873,1,0.9935985627785233,0.2193931022920578,LV,0.0,0
15,uc623007.1,uc623007,1,0.9903962271427574,0.2193931022920578,LV,0.0,0
15,uc606147.1,uc606147,1,1.0509461339214456,0.2193931022920578,LV,0.0009461339214456022,1
15,uc606148.1,uc606148,1,0.997419147527855,0.2193931022920578,LV,0.0,0
15,uc606150.1,uc606150,1,0.9960852805461085,0.2193931022920578,LV,0.0,0
15,uc606109.1,uc606109,1,0.9846949983852241,0.2193931022920578,LV,0.0,0
15,uc606110.1,uc606110,1,0.9841295794409872,0.2193931022920578,LV,0.0,0
15,uc606111.1,uc606111,1,0.9858996463293733,0.2193931022920578,LV,0.0,0
15,uc622777.1,uc622777,1,0.9981558175318752,0.2193931022920578,LV,0.0,0
15,uc623004.1,uc623004,1,1.0022801145338167,0.2193931022920578,LV,0.0,0
15,uc606103.1,uc606103,1,0.9887505646092121,0.2193931022920578,LV,0.0,0
15,uc606139.1,uc606139,1,1.008921182299853,0.2193931022920578,LV,0.0,0
15,uc606141.1,uc606141,1,1.0121946517522054,0.2193931022920578,LV,0.0,0
15,uc606143.1,uc606143,1,1.0166968332194357,0.2193931022920578,LV,0.0,0
15,uc605921.1,uc605921,1,0.9906185930121459,0.2193931022920578,LV,0.0,0
15,uc622713.1,uc622713,1,0.9886771453347853,0.2193931022920578,LV,0.0,0
15,uc622714.1,uc622714,1,0.991526007683338,0.2193931022920578,LV,0.0,0
15,uc605993.1,uc605993,1,0.9900497903406924,0.2193931022920578,LV,0.0,0
15,uc606101.1,uc606101,1,0.9860846385684111,0.2193931022920578,LV,0.0,0
15,uc606102.1,uc606102,1,0.9855497496145627,0.2193931022920578,LV,0.0,0
15,uc622273.1,uc622273,1,1.014212558875454,0.2193931022920578,LV,0.0,0
15,uc622703.1,uc622703,1,0.9806074266225737,0.2193931022920578,LV,0.0,0
15,uc605989.1,uc605989,1,0.9930493825350178,0.2193931022920578,LV,0.0,0
15,uc606130.1,uc606130,1,0.989036890513962,0.2193931022920578,LV,0.0,0
15,uc606132.1,uc606132,1,0.9854982312407984,0.2193931022920578,LV,0.0,0
15,uc605914.1,uc605914,1,1.0010622100683446,0.2193931022920578,LV,0.0,0
15,uc622257.1,uc622257,1,0.9901155990437903,0.2193931022920578,LV,0.0,0
15,uc605909.1,uc605909,1,0.9907374854308145,0.2193931022920578,LV,0.0,0
15,uc605910.1,uc605910,1,0.9868703438291143,0.2193931022920578,LV,0.0,0
15,uc605911.1,uc605911,1,0.9874924691388764,0.2193931022920578,LV,0.0,0
15,uc606128.1,uc606128,1,0.9889080663268172,0.2193931022920578,LV,0.0,0
15,uc605823.1,uc605823,1,0.9863071863730076,0.2193931022920578,LV,0.0,0
15,uc605824.1,uc605824,1,0.9905606322292331,0.2193931022920578,LV,0.0,0
15,uc605904.1,uc605904,1,0.9880749269534117,0.2193931022920578,LV,0.0,0
15,uc621999.1,uc621999,1,0.9924603769032354,0.2193931022920578,LV,0.0,0
15,uc639553.1,uc639553,1,0.9846177505143072,0.2193931022920578,LV,0.0,0
15,uc1239552.1,uc1239552,1,0.9886670650760933,0.2193931022920578,LV,0.0,0
15,uc605817.1,uc605817,1,0.9909639736424809,0.2193931022920578,LV,0.0,0
15,uc605819.1,uc605819,1,0.998160723847556,0.2193931022920578,LV,0.0,0
15,uc605820.1,uc605820,1,0.9890184832845201,0.2193931022920578,LV,0.0,0
15,uc605821.1,uc605821,1,0.9869346954787578,0.2193931022920578,LV,0.0,0
15,uc639280.1,uc639280,1,1.0067732308572444,0.2193931022920578,LV,0.0,0
15,uc605898.1,uc605898,1,0.9890365429290997,0.2193931022920578,LV,0.0,0
15,uc605901.1,uc605901,1,0.9917814769760622,0.2193931022920578,LV,0.0,0
15,uc605902.1,uc605902,1,0.9865059087492387,0.2193931022920578,LV,0.0,0
15,uc605985.1,uc605985,1,0.9926106826049115,0.2193931022920578,LV,0.0,0
15,uc606126.1,uc606126,1,0.998970615161386,0.2193931022920578,LV,0.0,0
15,uc606127.1,uc606127,1,0.9858601358566887,0.2193931022920578,LV,0.0,0
15,uc605896.1,uc605896,1,0.9848468826130553,0.2193931022920578,LV,0.0,0
15,uc606121.1,uc606121,1,0.9849831924278818,0.2193931022920578,LV,0.0,0
15,uc606122.1,uc606122,1,0.9829149332335912,0.2193931022920578,LV,0.0,0
15,uc606123.1,uc606123,1,1.0100622248860394,0.2193931022920578,LV,0.0,0
15,uc606124.1,uc606124,1,0.9910877405824658,0.2193931022920578,LV,0.0,0
15,uc605825.1,uc605825,1,0.9881323946966537,0.2193931022920578,LV,0.0,0
15,uc623427.1,uc623427,1,1.01006223805947,0.2193931022920578,LV,0.0,0
15,uc609687.1,uc609687,1,0.9942336895723561,0.2193931022920578,LV,0.0,0
15,uc639277.1,uc639277,1,0.9870404580958683,0.2193931022920578,LV,0.0,0
15,uc1139390.1,uc1139390,1,0.9886307348287932,0.2193931022920578,LV,0.0,0
15,uc605863.1,uc605863,1,0.9948769706836144,0.2193931022920578,LV,0.0,0
15,uc605865.1,uc605865,1,0.9951281202260266,0.2193931022920578,LV,0.0,0
15,uc1138614.1,uc1138614,1,0.9878854343112231,0.2193931022920578,LV,0.0,0
15,uc605855.1,uc605855,1,0.9900995442023719,0.2193931022920578,LV,0.0,0
15,uc605828.1,uc605828,1,0.9877429656858947,0.2193931022920578,LV,0.0,0
15,uc605829.1,uc605829,1,0.9918845856630467,0.2193931022920578,LV,0.0,0
15,uc605834.1,uc605834,1,0.9852086253226803,0.2193931022920578,LV,0.0,0
15,uc605835.1,uc605835,1,0.9852685283682174,0.2193931022920578,LV,0.0,0
15,uc605827.1,uc605827,1,0.987690974799044,0.2193931022920578,LV,0.0,0
15,uc627337.1,uc627337,1,0.9906746618948044,0.2193931022920578,LV,0.0,0
15,uc637912.1,uc637912,1,0.9919520955527383,0.2193931022920578,LV,0.0,0
15,uc637576.1,uc637576,1,1.0110345039409785,0.2193931022920578,LV,0.0,0
15,uc637356.1,uc637356,1,0.9906449526930394,0.2193931022920578,LV,0.0,0
15,uc637918.1,uc637918,1,1.0109291272140069,0.2193931022920578,LV,0.0,0
15,uc637360.1,uc637360,1,0.9844051159651364,0.2193931022920578,LV,0.0,0
15,uc637399.1,uc637399,1,0.9835039961719378,0.2193931022920578,LV,0.0,0
15,uc637397.1,uc637397,1,0.9866076255442445,0.2193931022920578,LV,0.0,0
15,uc1137150.1,uc1137150,1,0.9913079948369282,0.2193931022920578,LV,0.0,0
15,uc1636598.1,uc1636598,1,0.0,0.1270170592217177,LV,0.95,1
15,uc636933.1,uc636933,1,1.0061966270404137,0.2193931022920578,LV,0.0,0
15,uc635963.1,uc635963,1,0.9856671312649663,0.2193931022920578,LV,0.0,0
15,uc635543.1,uc635543,1,0.9918075631623875,0.2193931022920578,LV,0.0,0
15,uc635966.1,uc635966,1,0.9907107078125224,0.2193931022920578,LV,0.0,0
15,uc635550.1,uc635550,1,0.9873925812667204,0.2193931022920578,LV,0.0,0
15,uc635862.1,uc635862,1,1.0006135538115508,0.2193931022920578,LV,0.0,0
15,uc1635694.1,uc1635694,1,1.0013545225187388,0.2193931022920578,LV,0.0,0
15,uc3435739.1,uc3435739,1,1.0033153312331191,0.2193931022920578,LV,0.0,0
15,uc1635060.1,uc1635060,1,0.9949867992542342,0.2193931022920578,LV,0.0,0
15,uc1607271.1,uc1607271,1,0.9960268008398064,0.2193931022920578,LV,0.0,0
15,uc605884.1,uc605884,1,0.9911815575034916,0.2193931022920578,LV,0.0,0
15,uc1609690.1,uc1609690,1,0.9974103105276761,0.2193931022920578,LV,0.0,0
15,uc1134165.1,uc1134165,1,0.984873871751312,0.2193931022920578,LV,0.0,0
15,uc634166.1,uc634166,1,0.9910722862660578,0.2193931022920578,LV,0.0,0
15,uc1633896.1,uc1633896,1,0.9959410232873418,0.2193931022920578,LV,0.0,0
15,uc3433894.1,uc3433894,1,0.9919576122074293,0.2193931022920578,LV,0.0,0
15,uc1633892.1,uc1633892,1,0.9983898818907285,0.2193931022920578,LV,0.0,0
15,uc633672.1,uc633672,1,0.9942612979814822,0.2193931022920578,LV,0.0,0
15,uc1633671.1,uc1633671,1,1.0144269131983132,0.2193931022920578,LV,0.0,0
15,uc1632306.1,uc1632306,1,0.9930023975813154,0.2193931022920578,LV,0.0,0
15,uc632607.1,uc632607,1,0.9734134448107391,0.2193931022920578,LV,0.0,0
15,uc632613.1,uc632613,1,0.9905606320145415,0.2193931022920578,LV,0.0,0
15,uc3432407.1,uc3432407,1,0.9998066517389238,0.2193931022920578,LV,0.0,0
15,uc1632402.1,uc1632402,1,0.9871518045782354,0.2193931022920578,LV,0.0,0
15,uc1132019.1,uc1132019,1,0.987886599952848,0.2193931022920578,LV,0.0,0
15,uc632016.1,uc632016,1,0.9928860983202861,0.2193931022920578,LV,0.0,0
15,uc1132015.1,uc1132015,1,0.9863834687145681,0.2193931022920578,LV,0.0,0
15,uc1132012.1,uc1132012,1,0.9906545392520404,0.2193931022920578,LV,0.0,0
15,uc631859.1,uc631859,1,0.9927932062849383,0.2193931022920578,LV,0.0,0
15,uc1631852.1,uc1631852,1,0.9908650330674162,0.2193931022920578,LV,0.0,0
15,uc1130761.1,uc1130761,1,0.9848619905419266,0.2193931022920578,LV,0.0,0
15,uc1630759.1,uc1630759,1,0.9863788991725607,0.2193931022920578,LV,0.0,0
15,uc630758.1,uc630758,1,1.0149303140350907,0.2193931022920578,LV,0.0,0
15,uc629428.1,uc629428,1,0.9930678827434848,0.2193931022920578,LV,0.0,0
15,uc1629639.1,uc1629639,1,0.9980330927422202,0.2193931022920578,LV,0.0,0
15,uc1229546.1,uc1229546,1,0.9878661828669403,0.2193931022920578,LV,0.0,0
15,uc628768.1,uc628768,1,0.9924989614053399,0.2193931022920578,LV,0.0,0
15,uc628757.1,uc628757,1,0.9970522356865387,0.2193931022920578,LV,0.0,0
15,uc628766.1,uc628766,1,0.9890460057999272,0.2193931022920578,LV,0.0,0
15,uc628753.1,uc628753,1,0.9969329729134371,0.2193931022920578,LV,0.0,0
15,uc627346.1,uc627346,1,0.9895287619955212,0.2193931022920578,LV,0.0,0
15,uc1628760.1,uc1628760,1,0.9982694130554388,0.2193931022920578,LV,0.0,0
15,uc1629422.1,uc1629422,1,0.9892667125623457,0.2193931022920578,LV,0.0,0
15,uc626699.1,uc626699,1,0.9907600040434866,0.2193931022920578,LV,0.0,0
15,60651.2,60651,2,0.9908134291067758,13.336791218280357,MV,0.0,0
15,60721.2,60721,2,0.9907536068449551,13.336791218280357,MV,0.0,0
15,164151.2,164151,2,0.9915431564731325,13.336791218280357,MV,0.0,0
15,302191.2,302191,2,0.9902640211566763,13.336791218280357,MV,0.0,0
15,320841.2,320841,2,0.9864036990863746,13.336791218280357,MV,0.0,0
15,337711.2,337711,2,0.9902593180663188,13.336791218280357,MV,0.0,0
15,358691.2,358691,2,0.997922836351532,13.336791218280357,MV,0.0,0
15,et6_1177.2,et6_1177,2,0.9911600289476018,0.2193931022920578,LV,0.0,0
15,461501.2,461501,2,0.9924320209508265,13.336791218280357,MV,0.0,0
15,686891.2,686891,2,0.9892090567935586,13.336791218280357,MV,0.0,0
15,703601.2,703601,2,0.9918171472600472,13.336791218280357,MV,0.0,0
15,713791.2,713791,2,0.988423473450935,13.336791218280357,MV,0.0,0
15,725731.2,725731,2,0.9871723360417,13.336791218280357,MV,0.0,0
15,809501.2,809501,2,0.9893553624372529,13.336791218280357,MV,0.0,0
15,811221.2,811221,2,0.9916932815381159,13.336791218280357,MV,0.0,0
15,815111.2,815111,2,0.9903539535272998,13.336791218280357,MV,0.0,0
15,822371.2,822371,2,0.9875927780582027,13.336791218280357,MV,0.0,0
15,820611.2,820611,2,0.9900123627053504,13.336791218280357,MV,0.0,0
15,822641.2,822641,2,0.988057431976664,13.336791218280357,MV,0.0,0
15,618431.2,618431,2,0.9908111950839631,13.336791218280357,MV,0.0,0
15,bt10401.2,bt10401,2,0.9829392774836545,0.2193931022920578,LV,0.0,0
15,bt197792.2,bt197792,2,0.9826239948695886,0.2193931022920578,LV,0.0,0
15,bt800551.2,bt800551,2,0.9826239948906491,0.2193931022920578,LV,0.0,0
15,bt295341.2,bt295341,2,0.9820327737068687,0.2193931022920578,LV,0.0,0
15,bt800541.2,bt800541,2,0.982323513443501,0.2193931022920578,LV,0.0,0
15,bt295361.2,bt295361,2,0.9815659096555158,0.2193931022920578,LV,0.0,0
15,bt474991.2,bt474991,2,0.981415801780557,0.2193931022920578,LV,0.0,0
15,uc1627323.2,uc1627323,2,0.9832724749760785,0.2193931022920578,LV,0.0,0
15,uc3405987.2,uc3405987,2,1.0076620161441712,0.2193931022920578,LV,0.0,0
15,uc3405846.2,uc3405846,2,0.9890690370935907,0.2193931022920578,LV,0.0,0
15,uc3405847.2,uc3405847,2,1.0082953805586756,0.2193931022920578,LV,0.0,0
15,uc3405838.2,uc3405838,2,0.985974769999351,0.2193931022920578,LV,0.0,0
15,uc1607326.2,uc1607326,2,0.9866118545262154,0.2193931022920578,LV,0.0,0
15,uc1607316.2,uc1607316,2,0.9852379076254484,0.2193931022920578,LV,0.0,0
15,uc1607308.2,uc1607308,2,0.9878685301083812,0.2193931022920578,LV,0.0,0
15,uc1623434.2,uc1623434,2,0.0,0.1270170592217177,LV,0.95,1
15,uc1620373.2,uc1620373,2,0.9893912525940134,0.2193931022920578,LV,0.0,0
15,uc1607302.2,uc1607302,2,0.9891863215158923,0.2193931022920578,LV,0.0,0
15,uc1607304.2,uc1607304,2,0.9891470471474734,0.2193931022920578,LV,0.0,0
15,uc1607306.2,uc1607306,2,0.9873846481175268,0.2193931022920578,LV,0.0,0
15,uc1607299.2,uc1607299,2,0.9895443602340194,0.2193931022920578,LV,0.0,0
15,uc1607297.2,uc1607297,2,0.9902719226150624,0.2193931022920578,LV,0.0,0
15,uc1607298.2,uc1607298,2,0.9897001532429414,0.2193931022920578,LV,0.0,0
15,uc1607289.2,uc1607289,2,0.9927575818461526,0.2193931022920578,LV,0.0,0
15,uc1607291.2,uc1607291,2,0.9898817206751613,0.2193931022920578,LV,0.0,0
15,uc1607292.2,uc1607292,2,0.9894205272425791,0.2193931022920578,LV,0.0,0
15,uc1607280.2,uc1607280,2,0.987917959898437,0.2193931022920578,LV,0.0,0
15,uc1607284.2,uc1607284,2,0.9881958718673703,0.2193931022920578,LV,0.0,0
15,uc1607285.2,uc1607285,2,0.9880995509096133,0.2193931022920578,LV,0.0,0
15,uc1607288.2,uc1607288,2,0.9883692537565618,0.2193931022920578,LV,0.0,0
15,uc1607279.2,uc1607279,2,0.988878581939026,0.2193931022920578,LV,0.0,0
15,uc1607355.2,uc1607355,2,0.9895550047923437,0.2193931022920578,LV,0.0,0
15,uc1607357.2,uc1607357,2,0.9907250363827192,0.2193931022920578,LV,0.0,0
15,uc1607358.2,uc1607358,2,0.9893894227455037,0.2193931022920578,LV,0.0,0
15,uc1607368.2,uc1607368,2,0.0,0.1270170592217177,LV,0.95,1
15,uc1607276.2,uc1607276,2,0.9986433252796971,0.2193931022920578,LV,0.0,0
15,uc1607278.2,uc1607278,2,0.9987718512308966,0.2193931022920578,LV,0.0,0
15,uc1607273.2,uc1607273,2,0.9966296310469237,0.2193931022920578,LV,0.0,0
15,uc1607328.2,uc1607328,2,0.986195254797461,0.2193931022920578,LV,0.0,0
15,uc1607347.2,uc1607347,2,1.0747176629337705,0.2193931022920578,LV,0.024717662933770423,1
15,uc1607350.2,uc1607350,2,1.0307658516893279,0.2193931022920578,LV,0.0,0
15,uc1107341.2,uc1107341,2,0.9865995908006736,0.2193931022920578,LV,0.0,0
15,uc1107333.2,uc1107333,2,0.9880157098649335,0.2193931022920578,LV,0.0,0
15,uc1607268.2,uc1607268,2,0.9961647554036318,0.2193931022920578,LV,0.0,0
15,uc1607252.2,uc1607252,2,0.9857646915438548,0.2193931022920578,LV,0.0,0
15,uc1606000.2,uc1606000,2,0.9880189026041044,0.2193931022920578,LV,0.0,0
15,uc1607255.2,uc1607255,2,0.989052352246704,0.2193931022920578,LV,0.0,0
15,uc1607258.2,uc1607258,2,0.985772320438807,0.2193931022920578,LV,0.0,0
15,uc1124041.2,uc1124041,2,0.9868559012816979,0.2193931022920578,LV,0.0,0
15,uc1124340.2,uc1124340,2,0.9885865490805565,0.2193931022920578,LV,0.0,0
15,uc1121173.2,uc1121173,2,0.9881001298869263,0.2193931022920578,LV,0.0,0
15,uc1107345.2,uc1107345,2,0.9885682318390524,0.2193931022920578,LV,0.0,0
15,uc605816.2,uc605816,2,1.0204574207064945,0.2193931022920578,LV,0.0,0
15,uc605812.2,uc605812,2,0.9814484275317311,0.2193931022920578,LV,0.0,0
15,uc605813.2,uc605813,2,0.9909867592979859,0.2193931022920578,LV,0.0,0
15,uc609685.2,uc609685,2,0.9927169434375628,0.2193931022920578,LV,0.0,0
15,uc609688.2,uc609688,2,1.0108608584555971,0.2193931022920578,LV,0.0,0
15,uc621168.2,uc621168,2,0.9869861766955534,0.2193931022920578,LV,0.0,0
15,uc621171.2,uc621171,2,0.9848294741278018,0.2193931022920578,LV,0.0,0
15,uc605810.2,uc605810,2,0.992030973238452,0.2193931022920578,LV,0.0,0
15,uc605807.2,uc605807,2,0.9829198579607259,0.2193931022920578,LV,0.0,0
15,uc605801.2,uc605801,2,0.9897534432502914,0.2193931022920578,LV,0.0,0
15,uc607384.2,uc607384,2,0.9855564253790421,0.2193931022920578,LV,0.0,0
15,uc607385.2,uc607385,2,0.9922906845184515,0.2193931022920578,LV,0.0,0
15,uc609682.2,uc609682,2,0.9858063931003402,0.2193931022920578,LV,0.0,0
15,uc609683.2,uc609683,2,0.9913947999139462,0.2193931022920578,LV,0.0,0
15,uc607377.2,uc607377,2,0.9929702801245657,0.2193931022920578,LV,0.0,0
15,uc607382.2,uc607382,2,0.990861883033727,0.2193931022920578,LV,0.0,0
15,uc606117.2,uc606117,2,0.9863633803730589,0.2193931022920578,LV,0.0,0
15,uc606120.2,uc606120,2,0.9860440563979103,0.2193931022920578,LV,0.0,0
15,uc623433.2,uc623433,2,0.9827316729604519,0.2193931022920578,LV,0.0,0
15,uc623007.2,uc623007,2,0.990867412434357,0.2193931022920578,LV,0.0,0
15,uc606147.2,uc606147,2,1.081134358099843,0.2193931022920578,LV,0.031134358099842885,1
15,uc606148.2,uc606148,2,0.9975176419325984,0.2193931022920578,LV,0.0,0
15,uc606150.2,uc606150,2,0.9962260039168193,0.2193931022920578,LV,0.0,0
15,uc606109.2,uc606109,2,0.9851195676042811,0.2193931022920578,LV,0.0,0
15,uc606110.2,uc606110,2,0.9845539901645578,0.2193931022920578,LV,0.0,0
15,uc606111.2,uc606111,2,0.9863248137649917,0.2193931022920578,LV,0.0,0
15,uc622720.2,uc622720,2,0.9898371825111615,0.2193931022920578,LV,0.0,0
15,uc623004.2,uc623004,2,1.0025864867848886,0.2193931022920578,LV,0.0,0
15,uc606103.2,uc606103,2,0.9870450287824143,0.2193931022920578,LV,0.0,0
15,uc606139.2,uc606139,2,1.0225289953790093,0.2193931022920578,LV,0.0,0
15,uc606143.2,uc606143,2,1.042167170086093,0.2193931022920578,LV,0.0,0
15,uc605921.2,uc605921,2,0.9898442792281636,0.2193931022920578,LV,0.0,0
15,uc605915.2,uc605915,2,0.9897903189227556,0.2193931022920578,LV,0.0,0
15,uc606101.2,uc606101,2,0.9872781058962797,0.2193931022920578,LV,0.0,0
15,uc622273.2,uc622273,2,1.0397234379185885,0.2193931022920578,LV,0.0,0
15,uc605990.2,uc605990,2,0.9820325322842559,0.2193931022920578,LV,0.0,0
15,uc606130.2,uc606130,2,0.9877757159727116,0.2193931022920578,LV,0.0,0
15,uc606132.2,uc606132,2,0.9859332175173136,0.2193931022920578,LV,0.0,0
15,uc622258.2,uc622258,2,0.9887475105089475,0.2193931022920578,LV,0.0,0
15,uc622270.2,uc622270,2,0.9953006826719163,0.2193931022920578,LV,0.0,0
15,uc605905.2,uc605905,2,0.9862426341760308,0.2193931022920578,LV,0.0,0
15,uc605909.2,uc605909,2,0.9901484180702497,0.2193931022920578,LV,0.0,0
15,uc605910.2,uc605910,2,0.9872932869454363,0.2193931022920578,LV,0.0,0
15,uc605911.2,uc605911,2,0.9879157717377949,0.2193931022920578,LV,0.0,0
15,uc606128.2,uc606128,2,0.9874547998019102,0.2193931022920578,LV,0.0,0
15,uc605904.2,uc605904,2,0.9863113287670782,0.2193931022920578,LV,0.0,0
15,uc1239552.2,uc1239552,2,0.9896667286885613,0.2193931022920578,LV,0.0,0
15,uc605817.2,uc605817,2,0.9903636504909589,0.2193931022920578,LV,0.0,0
15,uc605819.2,uc605819,2,1.0059566157767783,0.2193931022920578,LV,0.0,0
15,uc605820.2,uc605820,2,0.9839153863470591,0.2193931022920578,LV,0.0,0
15,uc605821.2,uc605821,2,0.9875087906405016,0.2193931022920578,LV,0.0,0
15,uc605822.2,uc605822,2,0.9837938143596135,0.2193931022920578,LV,0.0,0
15,uc639280.2,uc639280,2,1.0074284696349485,0.2193931022920578,LV,0.0,0
15,uc605898.2,uc605898,2,0.9904729971760547,0.2193931022920578,LV,0.0,0
15,uc605902.2,uc605902,2,0.986910271201128,0.2193931022920578,LV,0.0,0
15,uc605982.2,uc605982,2,0.98282360031673,0.2193931022920578,LV,0.0,0
15,uc605988.2,uc605988,2,0.9814950955694868,0.2193931022920578,LV,0.0,0
15,uc606126.2,uc606126,2,0.9994114882612009,0.2193931022920578,LV,0.0,0
15,uc606127.2,uc606127,2,0.9862974243068017,0.2193931022920578,LV,0.0,0
15,uc605896.2,uc605896,2,0.9833253323876658,0.2193931022920578,LV,0.0,0
15,uc606121.2,uc606121,2,0.9854071570449403,0.2193931022920578,LV,0.0,0
15,uc606122.2,uc606122,2,0.9833373916981729,0.2193931022920578,LV,0.0,0
15,uc606123.2,uc606123,2,1.0105060934811951,0.2193931022920578,LV,0.0,0
15,uc622709.2,uc622709,2,0.9893268923103369,0.2193931022920578,LV,0.0,0
15,uc639277.2,uc639277,2,0.9876145960410345,0.2193931022920578,LV,0.0,0
15,uc1139390.2,uc1139390,2,0.9896303617054036,0.2193931022920578,LV,0.0,0
15,uc605864.2,uc605864,2,0.9923368690207962,0.2193931022920578,LV,0.0,0
15,uc605865.2,uc605865,2,0.995438922029035,0.2193931022920578,LV,0.0,0
15,uc638617.2,uc638617,2,0.9951025284883899,0.2193931022920578,LV,0.0,0
15,uc605855.2,uc605855,2,0.9870741924757475,0.2193931022920578,LV,0.0,0
15,uc1638606.2,uc1638606,2,0.9959345575399237,0.2193931022920578,LV,0.0,0
15,uc1638954.2,uc1638954,2,0.9963767395226608,0.2193931022920578,LV,0.0,0
15,uc605836.2,uc605836,2,0.977279570700154,0.2193931022920578,LV,0.0,0
15,uc1607303.2,uc1607303,2,0.9903606777856117,0.2193931022920578,LV,0.0,0
15,uc637705.2,uc637705,2,0.9890931182555018,0.2193931022920578,LV,0.0,0
15,uc1637704.2,uc1637704,2,1.002183737273157,0.2193931022920578,LV,0.0,0
15,uc637576.2,uc637576,2,1.0114782488535718,0.2193931022920578,LV,0.0,0
15,uc637918.2,uc637918,2,1.0115831482964763,0.2193931022920578,LV,0.0,0
15,uc637360.2,uc637360,2,0.98482952054752,0.2193931022920578,LV,0.0,0
15,uc637397.2,uc637397,2,0.9879212988062612,0.2193931022920578,LV,0.0,0
15,uc636933.2,uc636933,2,1.0198385168780033,0.2193931022920578,LV,0.0,0
15,uc605908.2,uc605908,2,0.9916561266499679,0.2193931022920578,LV,0.0,0
15,uc635963.2,uc635963,2,0.9860922078905657,0.2193931022920578,LV,0.0,0
15,uc635543.2,uc635543,2,0.992234089910221,0.2193931022920578,LV,0.0,0
15,uc635966.2,uc635966,2,0.9911373361622319,0.2193931022920578,LV,0.0,0
15,uc627328.2,uc627328,2,0.9812489747150207,0.2193931022920578,LV,0.0,0
15,uc635550.2,uc635550,2,0.9878315714054328,0.2193931022920578,LV,0.0,0
15,uc635862.2,uc635862,2,1.0019405173391387,0.2193931022920578,LV,0.0,0
15,uc3435739.2,uc3435739,2,1.0117235210908186,0.2193931022920578,LV,0.0,0
15,uc634166.2,uc634166,2,0.9900098932684213,0.2193931022920578,LV,0.0,0
15,uc1633671.2,uc1633671,2,1.0168845151989492,0.2193931022920578,LV,0.0,0
15,uc633056.2,uc633056,2,0.9912944035339842,0.2193931022920578,LV,0.0,0
15,uc632607.2,uc632607,2,0.9747058229178216,0.2193931022920578,LV,0.0,0
15,uc1632402.2,uc1632402,2,0.9889609662979552,0.2193931022920578,LV,0.0,0
15,uc1131858.2,uc1131858,2,0.9866872247539673,0.2193931022920578,LV,0.0,0
15,uc631391.2,uc631391,2,0.9810710137417901,0.2193931022920578,LV,0.0,0
15,uc1630759.2,uc1630759,2,0.9881457138040205,0.2193931022920578,LV,0.0,0
15,uc630758.2,uc630758,2,1.0370903886440455,0.2193931022920578,LV,0.0,0
15,uc630753.2,uc630753,2,0.9874126801641259,0.2193931022920578,LV,0.0,0
15,uc628766.2,uc628766,2,0.9877848418868014,0.2193931022920578,LV,0.0,0
15,uc627346.2,uc627346,2,0.9889248286996203,0.2193931022920578,LV,0.0,0
15,uc1629422.2,uc1629422,2,0.9886120759270378,0.2193931022920578,LV,0.0,0
15,60651.3,60651,3,0.9898581755199921,13.336791218280357,MV,0.0,0
15,60721.3,60721,3,0.9897983847746377,13.336791218280357,MV,0.0,0
15,164151.3,164151,3,0.990587540200555,13.336791218280357,MV,0.0,0
15,302191.3,302191,3,0.9885051295186543,13.336791218280357,MV,0.0,0
15,320841.3,320841,3,0.9854662377092362,13.336791218280357,MV,0.0,0
15,337711.3,337711,3,0.9885003245834425,13.336791218280357,MV,0.0,0
15,358691.3,358691,3,0.9974025320742117,13.336791218280357,MV,0.0,0
15,et6_1177.3,et6_1177,3,0.9915790117580138,0.2193931022920578,LV,0.0,0
15,461501.3,461501,3,0.9913373302617435,13.336791218280357,MV,0.0,0
15,686891.3,686891,3,0.9882739375465698,13.336791218280357,MV,0.0,0
15,703601.3,703601,3,0.9908601005723338,13.336791218280357,MV,0.0,0
15,713791.3,713791,3,0.987485644236638,13.336791218280357,MV,0.0,0
15,725731.3,725731,3,0.9862347068938347,13.336791218280357,MV,0.0,0
15,809501.3,809501,3,0.9884219128928637,13.336791218280357,MV,0.0,0
15,811221.3,811221,3,0.9907374350653195,13.336791218280357,MV,0.0,0
15,815111.3,815111,3,0.9885950842366816,13.336791218280357,MV,0.0,0
15,822371.3,822371,3,0.986654884039114,13.336791218280357,MV,0.0,0
15,820611.3,820611,3,0.989064255255487,13.336791218280357,MV,0.0,0
15,822641.3,822641,3,0.9871156121002249,13.336791218280357,MV,0.0,0
15,618431.3,618431,3,0.9898559410131691,13.336791218280357,MV,0.0,0
15,bt10401.3,bt10401,3,0.9920257402134096,0.2193931022920578,LV,0.0,0
15,bt197792.3,bt197792,3,0.9920257416743362,0.2193931022920578,LV,0.0,0
15,bt800551.3,bt800551,3,0.992025741501852,0.2193931022920578,LV,0.0,0
15,bt295341.3,bt295341,3,0.9920257429948174,0.2193931022920578,LV,0.0,0
15,bt800541.3,bt800541,3,0.9920257423600439,0.2193931022920578,LV,0.0,0
15,bt295361.3,bt295361,3,0.9920257436726541,0.2193931022920578,LV,0.0,0
15,bt474991.3,bt474991,3,0.9920257441357221,0.2193931022920578,LV,0.0,0
15,uc627336.3,uc627336,3,0.9892048091719656,0.2193931022920578,LV,0.0,0
15,uc1620373.3,uc1620373,3,0.9896322739832663,0.2193931022920578,LV,0.0,0
15,uc1607302.3,uc1607302,3,0.98942670603572,0.2193931022920578,LV,0.0,0
15,uc1607304.3,uc1607304,3,0.9893870317283188,0.2193931022920578,LV,0.0,0
15,uc1607298.3,uc1607298,3,0.9902298941313014,0.2193931022920578,LV,0.0,0
15,uc1607280.3,uc1607280,3,0.988142999091856,0.2193931022920578,LV,0.0,0
15,uc1607285.3,uc1607285,3,0.9891641464916537,0.2193931022920578,LV,0.0,0
15,uc1607279.3,uc1607279,3,0.9891035793657187,0.2193931022920578,LV,0.0,0
15,uc1607347.3,uc1607347,3,1.074903403287393,0.2193931022920578,LV,0.024903403287392933,1
15,uc1124340.3,uc1124340,3,0.9896386070419528,0.2193931022920578,LV,0.0,0
15,uc605816.3,uc605816,3,1.0205242301094806,0.2193931022920578,LV,0.0,0
15,uc605815.3,uc605815,3,0.9988536898706455,0.2193931022920578,LV,0.0,0
15,uc621171.3,uc621171,3,0.9848436356212712,0.2193931022920578,LV,0.0,0
15,uc607384.3,uc607384,3,0.985573838390362,0.2193931022920578,LV,0.0,0
15,uc606117.3,uc606117,3,0.9863770548696684,0.2193931022920578,LV,0.0,0
15,uc606120.3,uc606120,3,0.9860578368118295,0.2193931022920578,LV,0.0,0
15,uc623007.3,uc623007,3,0.9912863241548452,0.2193931022920578,LV,0.0,0
15,uc605867.3,uc605867,3,0.9932373523072668,0.2193931022920578,LV,0.0,0
15,uc606150.3,uc606150,3,0.9962818172734133,0.2193931022920578,LV,0.0,0
15,uc606109.3,uc606109,3,0.9851336534389104,0.2193931022920578,LV,0.0,0
15,uc606110.3,uc606110,3,0.9845681151689909,0.2193931022920578,LV,0.0,0
15,uc606111.3,uc606111,3,0.9863385168859897,0.2193931022920578,LV,0.0,0
15,uc622722.3,uc622722,3,0.9970493874691505,0.2193931022920578,LV,0.0,0
15,uc623004.3,uc623004,3,1.004190325294687,0.2193931022920578,LV,0.0,0
15,uc606101.3,uc606101,3,0.9872819818444644,0.2193931022920578,LV,0.0,0
15,uc606132.3,uc606132,3,0.9859554956519017,0.2193931022920578,LV,0.0,0
15,uc605910.3,uc605910,3,0.9873031135625133,0.2193931022920578,LV,0.0,0
15,uc605911.3,uc605911,3,0.9879253365304058,0.2193931022920578,LV,0.0,0
15,uc605904.3,uc605904,3,0.988514916434621,0.2193931022920578,LV,0.0,0
15,uc1239552.3,uc1239552,3,0.9899075439582918,0.2193931022920578,LV,0.0,0
15,uc605821.3,uc605821,3,0.9891417296231562,0.2193931022920578,LV,0.0,0
15,uc639280.3,uc639280,3,1.0076157424608927,0.2193931022920578,LV,0.0,0
15,uc605898.3,uc605898,3,0.9893703603605863,0.2193931022920578,LV,0.0,0
15,uc605902.3,uc605902,3,0.9869636574760321,0.2193931022920578,LV,0.0,0
15,uc606126.3,uc606126,3,0.9994282547487265,0.2193931022920578,LV,0.0,0
15,uc606127.3,uc606127,3,0.9863201831124238,0.2193931022920578,LV,0.0,0
15,uc606121.3,uc606121,3,0.9854206080116826,0.2193931022920578,LV,0.0,0
15,uc606122.3,uc606122,3,0.9833506374448685,0.2193931022920578,LV,0.0,0
15,uc639277.3,uc639277,3,0.9892475528667065,0.2193931022920578,LV,0.0,0
15,uc1139390.3,uc1139390,3,0.9898711681249902,0.2193931022920578,LV,0.0,0
15,uc637576.3,uc637576,3,1.0114824097883068,0.2193931022920578,LV,0.0,0
15,uc637918.3,uc637918,3,1.0117718551598711,0.2193931022920578,LV,0.0,0
15,uc637360.3,uc637360,3,0.9848436750173616,0.2193931022920578,LV,0.0,0
15,uc637397.3,uc637397,3,0.9880408472963382,0.2193931022920578,LV,0.0,0
15,uc635963.3,uc635963,3,0.9861059595156823,0.2193931022920578,LV,0.0,0
15,uc635543.3,uc635543,3,0.9922443779782998,0.2193931022920578,LV,0.0,0
15,uc635966.3,uc635966,3,0.9911474248030911,0.2193931022920578,LV,0.0,0
15,uc635550.3,uc635550,3,0.9878546885503978,0.2193931022920578,LV,0.0,0
15,uc635862.3,uc635862,3,1.0007648589444296,0.2193931022920578,LV,0.0,0
15,uc1633671.3,uc1633671,3,1.0169080626432845,0.2193931022920578,LV,0.0,0
15,uc632607.3,uc632607,3,0.9748293593585724,0.2193931022920578,LV,0.0,0
15,uc1629422.3,uc1629422,3,0.9904934369784555,0.2193931022920578,LV,0.0,0
16,60651.1,60651,1,0.990715675555021,13.336791218280357,MV,0.0,0
16,60721.1,60721,1,0.9906601815608906,13.336791218280357,MV,0.0,0
16,164151.1,164151,1,0.9913601728300458,13.336791218280357,MV,0.0,0
16,302191.1,302191,1,0.988028302654819,13.336791218280357,MV,0.0,0
16,320841.1,320841,1,0.9868359506567354,13.336791218280357,MV,0.0,0
16,337711.1,337711,1,0.9880317833212999,13.336791218280357,MV,0.0,0
16,358691.1,358691,1,0.9978854198862399,13.336791218280357,MV,0.0,0
16,et6_1177.1,et6_1177,1,0.9903548673409062,0.2193931022920578,LV,0.0,0
16,461501.1,461501,1,0.9917346454781543,13.336791218280357,MV,0.0,0
16,686891.1,686891,1,0.9892915252183944,13.336791218280357,MV,0.0,0
16,703601.1,703601,1,0.9915998994730941,13.336791218280357,MV,0.0,0
16,713791.1,713791,1,0.9885817561760724,13.336791218280357,MV,0.0,0
16,725731.1,725731,1,0.9874809643214374,13.336791218280357,MV,0.0,0
16,809501.1,809501,1,0.9894549000884604,13.336791218280357,MV,0.0,0
16,811221.1,811221,1,0.9914824200836363,13.336791218280357,MV,0.0,0
16,815111.1,815111,1,0.9880980235147886,13.336791218280357,MV,0.0,0
16,822371.1,822371,1,0.9878554469399821,13.336791218280357,MV,0.0,0
16,820611.1,820611,1,0.9900442296629761,13.336791218280357,MV,0.0,0
16,822641.1,822641,1,0.9882193313743292,13.336791218280357,MV,0.0,0
16,618431.1,618431,1,0.9907139891327449,13.336791218280357,MV,0.0,0
16,bt10401.1,bt10401,1,0.983275778530495,0.2193931022920578,LV,0.0,0
16,bt197792.1,bt197792,1,0.9823995296074162,0.2193931022920578,LV,0.0,0
16,bt800551.1,bt800551,1,0.9826163985542822,0.2193931022920578,LV,0.0,0
16,bt295341.1,bt295341,1,0.9817791444341986,0.2193931022920578,LV,0.0,0
16,bt800541.1,bt800541,1,0.9821554753205614,0.2193931022920578,LV,0.0,0
16,bt295361.1,bt295361,1,0.9814320139006072,0.2193931022920578,LV,0.0,0
16,bt474991.1,bt474991,1,0.9811586526732976,0.2193931022920578,LV,0.0,0
16,uc626695.1,uc626695,1,0.9788597115327821,0.2193931022920578,LV,0.0,0
16,uc1627323.1,uc1627323,1,0.9852271395022414,0.2193931022920578,LV,0.0,0
16,uc1627342.1,uc1627342,1,0.9967065300317728,0.2193931022920578,LV,0.0,0
16,uc627343.1,uc627343,1,0.988872085657386,0.2193931022920578,LV,0.0,0
16,uc627344.1,uc627344,1,0.9926757400404675,0.2193931022920578,LV,0.0,0
16,uc1626672.1,uc1626672,1,0.0,0.1270170592217177,LV,0.95,1
16,uc1626490.1,uc1626490,1,0.9949678053789247,0.2193931022920578,LV,0.0,0
16,uc3422706.1,uc3422706,1,0.9915712674847104,0.2193931022920578,LV,0.0,0
16,uc3425629.1,uc3425629,1,0.9916538058925819,0.2193931022920578,LV,0.0,0
16,uc3422597.1,uc3422597,1,0.9952400207725308,0.2193931022920578,LV,0.0,0
16,uc3405843.1,uc3405843,1,0.9887700673070042,0.2193931022920578,LV,0.0,0
16,uc3405844.1,uc3405844,1,1.0109083265118826,0.2193931022920578,LV,0.0,0
16,uc3405845.1,uc3405845,1,1.0097283176283443,0.2193931022920578,LV,0.0,0
16,uc3405846.1,uc3405846,1,0.989087241677574,0.2193931022920578,LV,0.0,0
16,uc1626486.1,uc1626486,1,0.9965795973655764,0.2193931022920578,LV,0.0,0
16,uc1626487.1,uc1626487,1,0.9881440748116074,0.2193931022920578,LV,0.0,0
16,uc626481.1,uc626481,1,0.989016057377593,0.2193931022920578,LV,0.0,0
16,uc626678.1,uc626678,1,0.986575823662966,0.2193931022920578,LV,0.0,0
16,uc626698.1,uc626698,1,0.9914907756073127,0.2193931022920578,LV,0.0,0
16,uc626476.1,uc626476,1,0.9806752471046647,0.2193931022920578,LV,0.0,0
16,uc1627321.1,uc1627321,1,0.996315293759359,0.2193931022920578,LV,0.0,0
16,uc1607319.1,uc1607319,1,0.984646347895609,0.2193931022920578,LV,0.0,0
16,uc1607308.1,uc1607308,1,0.9872169460868745,0.2193931022920578,LV,0.0,0
16,uc1624026.1,uc1624026,1,0.0,0.1270170592217177,LV,0.95,1
16,uc1625170.1,uc1625170,1,0.991446012924506,0.2193931022920578,LV,0.0,0
16,uc1621994.1,uc1621994,1,0.9960394614212368,0.2193931022920578,LV,0.0,0
16,uc1620360.1,uc1620360,1,0.9959964474762033,0.2193931022920578,LV,0.0,0
16,uc1620373.1,uc1620373,1,0.9873458099173117,0.2193931022920578,LV,0.0,0
16,uc1607302.1,uc1607302,1,0.987031976647727,0.2193931022920578,LV,0.0,0
16,uc1607304.1,uc1607304,1,0.9853601408343329,0.2193931022920578,LV,0.0,0
16,uc1607305.1,uc1607305,1,0.9847412543600816,0.2193931022920578,LV,0.0,0
16,uc1607306.1,uc1607306,1,0.9864912197146397,0.2193931022920578,LV,0.0,0
16,uc1607297.1,uc1607297,1,0.9906164469238702,0.2193931022920578,LV,0.0,0
16,uc1607298.1,uc1607298,1,0.9882412149031118,0.2193931022920578,LV,0.0,0
16,uc1607289.1,uc1607289,1,0.9925003520590228,0.2193931022920578,LV,0.0,0
16,uc1607290.1,uc1607290,1,0.9926131877920669,0.2193931022920578,LV,0.0,0
16,uc1607291.1,uc1607291,1,0.9907504656724262,0.2193931022920578,LV,0.0,0
16,uc1607280.1,uc1607280,1,0.98515234979832,0.2193931022920578,LV,0.0,0
16,uc1607283.1,uc1607283,1,0.9810512362500706,0.2193931022920578,LV,0.0,0
16,uc1607285.1,uc1607285,1,0.9834248749269513,0.2193931022920578,LV,0.0,0
16,uc1607287.1,uc1607287,1,0.9865234712463085,0.2193931022920578,LV,0.0,0
16,uc1607288.1,uc1607288,1,0.9882645662481124,0.2193931022920578,LV,0.0,0
16,uc1607279.1,uc1607279,1,0.9865919327204341,0.2193931022920578,LV,0.0,0
16,uc1607357.1,uc1607357,1,0.9900650507306944,0.2193931022920578,LV,0.0,0
16,uc1607358.1,uc1607358,1,0.9898750449126361,0.2193931022920578,LV,0.0,0
16,uc1607368.1,uc1607368,1,0.0,0.1270170592217177,LV,0.95,1
16,uc1607277.1,uc1607277,1,0.9980307662368664,0.2193931022920578,LV,0.0,0
16,uc1607278.1,uc1607278,1,0.9997407368586994,0.2193931022920578,LV,0.0,0
16,uc1607272.1,uc1607272,1,0.9997329315371521,0.2193931022920578,LV,0.0,0
16,uc1607273.1,uc1607273,1,0.999101654126584,0.2193931022920578,LV,0.0,0
16,uc1607353.1,uc1607353,1,0.9915370611719795,0.2193931022920578,LV,0.0,0
16,uc1607347.1,uc1607347,1,1.0550788014679926,0.2193931022920578,LV,0.005078801467992555,1
16,uc1607349.1,uc1607349,1,0.997268433730046,0.2193931022920578,LV,0.0,0
16,uc1107342.1,uc1107342,1,0.9843222574675736,0.2193931022920578,LV,0.0,0
16,uc1107340.1,uc1107340,1,0.9803016764561236,0.2193931022920578,LV,0.0,0
16,uc1105833.1,uc1105833,1,0.988111181726353,0.2193931022920578,LV,0.0,0
16,uc1107330.1,uc1107330,1,0.9794952997069067,0.2193931022920578,LV,0.0,0
16,uc1607265.1,uc1607265,1,0.9820096614148965,0.2193931022920578,LV,0.0,0
16,uc1607268.1,uc1607268,1,0.9954667995507636,0.2193931022920578,LV,0.0,0
16,uc1607252.1,uc1607252,1,0.9862820061002997,0.2193931022920578,LV,0.0,0
16,uc1605991.1,uc1605991,1,0.9884154500095295,0.2193931022920578,LV,0.0,0
16,uc1605996.1,uc1605996,1,1.000226721900883,0.2193931022920578,LV,0.0,0
16,uc1607257.1,uc1607257,1,0.9892867633818124,0.2193931022920578,LV,0.0,0
16,uc1607258.1,uc1607258,1,0.9862934070217929,0.2193931022920578,LV,0.0,0
16,uc1124340.1,uc1124340,1,0.985022809102233,0.2193931022920578,LV,0.0,0
16,uc605816.1,uc605816,1,1.0090884085386171,0.2193931022920578,LV,0.0,0
16,uc605813.1,uc605813,1,0.9898021663906329,0.2193931022920578,LV,0.0,0
16,uc609684.1,uc609684,1,0.9928859671292722,0.2193931022920578,LV,0.0,0
16,uc609686.1,uc609686,1,0.9933819405443511,0.2193931022920578,LV,0.0,0
16,uc609688.1,uc609688,1,0.9979062251023858,0.2193931022920578,LV,0.0,0
16,uc621168.1,uc621168,1,0.9882819962865309,0.2193931022920578,LV,0.0,0
16,uc621171.1,uc621171,1,0.9842221506494567,0.2193931022920578,LV,0.0,0
16,uc605808.1,uc605808,1,0.9937922606541931,0.2193931022920578,LV,0.0,0
16,uc605809.1,uc605809,1,0.982344279243959,0.2193931022920578,LV,0.0,0
16,uc605810.1,uc605810,1,0.9919117656158887,0.2193931022920578,LV,0.0,0
16,uc605970.1,uc605970,1,0.9899411981850403,0.2193931022920578,LV,0.0,0
16,uc605803.1,uc605803,1,0.9906019924829061,0.2193931022920578,LV,0.0,0
16,uc605804.1,uc605804,1,0.9920751948772026,0.2193931022920578,LV,0.0,0
16,uc605806.1,uc605806,1,0.9888846079808417,0.2193931022920578,LV,0.0,0
16,uc607384.1,uc607384,1,0.9845948741208146,0.2193931022920578,LV,0.0,0
16,uc607387.1,uc607387,1,0.989415544168414,0.2193931022920578,LV,0.0,0
16,uc609682.1,uc609682,1,0.9847665791769676,0.2193931022920578,LV,0.0,0
16,uc624033.1,uc624033,1,0.9959947092741867,0.2193931022920578,LV,0.0,0
16,uc625156.1,uc625156,1,0.9906399447271886,0.2193931022920578,LV,0.0,0
16,uc625624.1,uc625624,1,0.984602334343114,0.2193931022920578,LV,0.0,0
16,uc625625.1,uc625625,1,0.9932068244849613,0.2193931022920578,LV,0.0,0
16,uc607366.1,uc607366,1,0.9822992184892322,0.2193931022920578,LV,0.0,0
16,uc607367.1,uc607367,1,0.9916947856904013,0.2193931022920578,LV,0.0,0
16,uc606114.1,uc606114,1,0.9860088387906157,0.2193931022920578,LV,0.0,0
16,uc606117.1,uc606117,1,0.9865182897029607,0.2193931022920578,LV,0.0,0
16,uc606120.1,uc606120,1,0.9859913849131836,0.2193931022920578,LV,0.0,0
16,uc623015.1,uc623015,1,0.9815515975389267,0.2193931022920578,LV,0.0,0
16,uc623432.1,uc623432,1,0.9888332590838992,0.2193931022920578,LV,0.0,0
16,uc624028.1,uc624028,1,0.9890122346610992,0.2193931022920578,LV,0.0,0
16,uc605873.1,uc605873,1,0.9921283887336886,0.2193931022920578,LV,0.0,0
16,uc623007.1,uc623007,1,0.9899160013956277,0.2193931022920578,LV,0.0,0
16,uc606147.1,uc606147,1,1.0368153539727845,0.2193931022920578,LV,0.0,0
16,uc606148.1,uc606148,1,0.9972107405716163,0.2193931022920578,LV,0.0,0
16,uc606150.1,uc606150,1,0.9956081665302953,0.2193931022920578,LV,0.0,0
16,uc606109.1,uc606109,1,0.98460603105209,0.2193931022920578,LV,0.0,0
16,uc606110.1,uc606110,1,0.9837579791603371,0.2193931022920578,LV,0.0,0
16,uc606111.1,uc606111,1,0.9864274648487229,0.2193931022920578,LV,0.0,0
16,uc622777.1,uc622777,1,0.9981422042238364,0.2193931022920578,LV,0.0,0
16,uc623004.1,uc623004,1,0.9959156388341381,0.2193931022920578,LV,0.0,0
16,uc606103.1,uc606103,1,0.9877244237685233,0.2193931022920578,LV,0.0,0
16,uc606139.1,uc606139,1,1.0040384352255374,0.2193931022920578,LV,0.0,0
16,uc606141.1,uc606141,1,1.0049281139891033,0.2193931022920578,LV,0.0,0
16,uc606143.1,uc606143,1,1.0105963305232781,0.2193931022920578,LV,0.0,0
16,uc605921.1,uc605921,1,0.9890879819841509,0.2193931022920578,LV,0.0,0
16,uc622713.1,uc622713,1,0.9883492077789218,0.2193931022920578,LV,0.0,0
16,uc622714.1,uc622714,1,0.9889072569393408,0.2193931022920578,LV,0.0,0
16,uc605993.1,uc605993,1,0.9893083230104539,0.2193931022920578,LV,0.0,0
16,uc606101.1,uc606101,1,0.986279431385076,0.2193931022920578,LV,0.0,0
16,uc606102.1,uc606102,1,0.985893912135258,0.2193931022920578,LV,0.0,0
16,uc622273.1,uc622273,1,1.0079533895221129,0.2193931022920578,LV,0.0,0
16,uc622703.1,uc622703,1,0.978909643592404,0.2193931022920578,LV,0.0,0
16,uc605989.1,uc605989,1,0.9921317640199718,0.2193931022920578,LV,0.0,0
16,uc606130.1,uc606130,1,0.9892615773134671,0.2193931022920578,LV,0.0,0
16,uc606132.1,uc606132,1,0.9849127851877664,0.2193931022920578,LV,0.0,0
16,uc605914.1,uc605914,1,1.0011668212498908,0.2193931022920578,LV,0.0,0
16,uc622257.1,uc622257,1,0.9903686522876768,0.2193931022920578,LV,0.0,0
16,uc605909.1,uc605909,1,0.9910012429126976,0.2193931022920578,LV,0.0,0
16,uc605910.1,uc605910,1,0.9868841917882489,0.2193931022920578,LV,0.0,0
16,uc605911.1,uc605911,1,0.9878319045077094,0.2193931022920578,LV,0.0,0
16,uc606128.1,uc606128,1,0.9886611524654031,0.2193931022920578,LV,0.0,0
16,uc605823.1,uc605823,1,0.9835027137861964,0.2193931022920578,LV,0.0,0
16,uc605824.1,uc605824,1,0.9889775706803272,0.2193931022920578,LV,0.0,0
16,uc605904.1,uc605904,1,0.9880136098015935,0.2193931022920578,LV,0.0,0
16,uc621999.1,uc621999,1,0.9910213917503176,0.2193931022920578,LV,0.0,0
16,uc639553.1,uc639553,1,0.9844926481821185,0.2193931022920578,LV,0.0,0
16,uc1239552.1,uc1239552,1,0.9878792100652485,0.2193931022920578,LV,0.0,0
16,uc605817.1,uc605817,1,0.9895397739475549,0.2193931022920578,LV,0.0,0
16,uc605819.1,uc605819,1,0.9941110715017932,0.2193931022920578,LV,0.0,0
16,uc605820.1,uc605820,1,0.9866471749066456,0.2193931022920578,LV,0.0,0
16,uc605821.1,uc605821,1,0.9844437003364715,0.2193931022920578,LV,0.0,0
16,uc639280.1,uc639280,1,1.0016489936435962,0.2193931022920578,LV,0.0,0
16,uc605898.1,uc605898,1,0.988888241678388,0.2193931022920578,LV,0.0,0
16,uc605901.1,uc605901,1,0.9914099752208898,0.2193931022920578,LV,0.0,0
16,uc605902.1,uc605902,1,0.9854034120556528,0.2193931022920578,LV,0.0,0
16,uc605985.1,uc605985,1,0.9895762049791427,0.2193931022920578,LV,0.0,0
16,uc606126.1,uc606126,1,0.9964896176512305,0.2193931022920578,LV,0.0,0
16,uc606127.1,uc606127,1,0.9854611046993988,0.2193931022920578,LV,0.0,0
16,uc605896.1,uc605896,1,0.9836180552771508,0.2193931022920578,LV,0.0,0
16,uc606121.1,uc606121,1,0.9844168277514412,0.2193931022920578,LV,0.0,0
16,uc606122.1,uc606122,1,0.9811994604625462,0.2193931022920578,LV,0.0,0
16,uc606123.1,uc606123,1,1.0044876590981853,0.2193931022920578,LV,0.0,0
16,uc606124.1,uc606124,1,0.9911740661589019,0.2193931022920578,LV,0.0,0
16,uc605825.1,uc605825,1,0.9854136173219,0.2193931022920578,LV,0.0,0
16,uc623427.1,uc623427,1,1.004487672198921,0.2193931022920578,LV,0.0,0
16,uc609687.1,uc609687,1,0.9939081987555826,0.2193931022920578,LV,0.0,0
16,uc639277.1,uc639277,1,0.9846023343492287,0.2193931022920578,LV,0.0,0
16,uc1139390.1,uc1139390,1,0.9878429087690166,0.2193931022920578,LV,0.0,0
16,uc605863.1,uc605863,1,0.9905525832816495,0.2193931022920578,LV,0.0,0
16,uc605865.1,uc605865,1,0.9909290767154538,0.2193931022920578,LV,0.0,0
16,uc1138614.1,uc1138614,1,0.9853906660533933,0.2193931022920578,LV,0.0,0
16,uc605855.1,uc605855,1,0.9866659523228034,0.2193931022920578,LV,0.0,0
16,uc605828.1,uc605828,1,0.9833950467205396,0.2193931022920578,LV,0.0,0
16,uc605829.1,uc605829,1,0.9895886602966699,0.2193931022920578,LV,0.0,0
16,uc605834.1,uc605834,1,0.9796874494912537,0.2193931022920578,LV,0.0,0
16,uc605835.1,uc605835,1,0.9797773133020011,0.2193931022920578,LV,0.0,0
16,uc605827.1,uc605827,1,0.983317058241864,0.2193931022920578,LV,0.0,0
16,uc627337.1,uc627337,1,0.988345958076612,0.2193931022920578,LV,0.0,0
16,uc637912.1,uc637912,1,0.9896899362726307,0.2193931022920578,LV,0.0,0
16,uc637576.1,uc637576,1,1.0051908384727406,0.2193931022920578,LV,0.0,0
16,uc637356.1,uc637356,1,0.9893348796378376,0.2193931022920578,LV,0.0,0
16,uc637918.1,uc637918,1,1.0045238699912888,0.2193931022920578,LV,0.0,0
16,uc637360.1,uc637360,1,0.9841737029908622,0.2193931022920578,LV,0.0,0
16,uc637399.1,uc637399,1,0.981958749876243,0.2193931022920578,LV,0.0,0
16,uc637397.1,uc637397,1,0.9839218672275487,0.2193931022920578,LV,0.0,0
16,uc1137150.1,uc1137150,1,0.9891161083391826,0.2193931022920578,LV,0.0,0
16,uc1636598.1,uc1636598,1,0.0,0.1270170592217177,LV,0.95,1
16,uc636933.1,uc636933,1,1.0017452481618776,0.2193931022920578,LV,0.0,0
16,uc635963.1,uc635963,1,0.9860941743927598,0.2193931022920578,LV,0.0,0
16,uc635543.1,uc635543,1,0.9902165999875795,0.2193931022920578,LV,0.0,0
16,uc635966.1,uc635966,1,0.9893487966500231,0.2193931022920578,LV,0.0,0
16,uc635550.1,uc635550,1,0.9877481999885672,0.2193931022920578,LV,0.0,0
16,uc635862.1,uc635862,1,0.996294653680887,0.2193931022920578,LV,0.0,0
16,uc1635694.1,uc1635694,1,1.0010958545806017,0.2193931022920578,LV,0.0,0
16,uc3435739.1,uc3435739,1,0.9974557635722916,0.2193931022920578,LV,0.0,0
16,uc1635060.1,uc1635060,1,0.9931191588207646,0.2193931022920578,LV,0.0,0
16,uc1607271.1,uc1607271,1,0.994678477715659,0.2193931022920578,LV,0.0,0
16,uc605884.1,uc605884,1,0.9899470765767404,0.2193931022920578,LV,0.0,0
16,uc1609690.1,uc1609690,1,0.9966464328657388,0.2193931022920578,LV,0.0,0
16,uc1134165.1,uc1134165,1,0.980448551119819,0.2193931022920578,LV,0.0,0
16,uc634166.1,uc634166,1,0.9907483136076818,0.2193931022920578,LV,0.0,0
16,uc1633896.1,uc1633896,1,0.9945498804460137,0.2193931022920578,LV,0.0,0
16,uc3433894.1,uc3433894,1,0.9896202308970813,0.2193931022920578,LV,0.0,0
16,uc1633892.1,uc1633892,1,0.99678971347115,0.2193931022920578,LV,0.0,0
16,uc633672.1,uc633672,1,0.9939495936065018,0.2193931022920578,LV,0.0,0
16,uc1633671.1,uc1633671,1,1.0060181951001022,0.2193931022920578,LV,0.0,0
16,uc1632306.1,uc1632306,1,0.9928954179670965,0.2193931022920578,LV,0.0,0
16,uc632607.1,uc632607,1,0.9641095294201801,0.2193931022920578,LV,0.0,0
16,uc632613.1,uc632613,1,0.9874603901402689,0.2193931022920578,LV,0.0,0
16,uc3432407.1,uc3432407,1,0.9952026821555165,0.2193931022920578,LV,0.0,0
16,uc1632402.1,uc1632402,1,0.982995813192951,0.2193931022920578,LV,0.0,0
16,uc1132019.1,uc1132019,1,0.9853924144624563,0.2193931022920578,LV,0.0,0
16,uc632016.1,uc632016,1,0.9916591583988036,0.2193931022920578,LV,0.0,0
16,uc1132015.1,uc1132015,1,0.9827109779589276,0.2193931022920578,LV,0.0,0
16,uc1132012.1,uc1132012,1,0.9895287407013739,0.2193931022920578,LV,0.0,0
16,uc631859.1,uc631859,1,0.9915198252223961,0.2193931022920578,LV,0.0,0
16,uc1631852.1,uc1631852,1,0.9896647949015182,0.2193931022920578,LV,0.0,0
16,uc1130761.1,uc1130761,1,0.979414662599946,0.2193931022920578,LV,0.0,0
16,uc1630759.1,uc1630759,1,0.9818370132241991,0.2193931022920578,LV,0.0,0
16,uc630758.1,uc630758,1,1.0074084707392637,0.2193931022920578,LV,0.0,0
16,uc629428.1,uc629428,1,0.9921156876905417,0.2193931022920578,LV,0.0,0
16,uc1629639.1,uc1629639,1,0.9974539890574252,0.2193931022920578,LV,0.0,0
16,uc1229546.1,uc1229546,1,0.985186112452995,0.2193931022920578,LV,0.0,0
16,uc628768.1,uc628768,1,0.9905322066879673,0.2193931022920578,LV,0.0,0
16,uc628757.1,uc628757,1,0.9967721101780617,0.2193931022920578,LV,0.0,0
16,uc628766.1,uc628766,1,0.9892752455055641,0.2193931022920578,LV,0.0,0
16,uc628753.1,uc628753,1,0.9970001155366911,0.2193931022920578,LV,0.0,0
16,uc627346.1,uc627346,1,0.9897835411449133,0.2193931022920578,LV,0.0,0
16,uc1628760.1,uc1628760,1,0.9975625247179295,0.2193931022920578,LV,0.0,0
16,uc1629422.1,uc1629422,1,0.9884836300627434,0.2193931022920578,LV,0.0,0
16,uc626699.1,uc626699,1,0.9913356500766368,0.2193931022920578,LV,0.0,0
16,60651.2,60651,2,0.9913222739005498,13.336791218280357,MV,0.0,0
16,60721.2,60721,2,0.9912667478019501,13.336791218280357,MV,0.0,0
16,164151.2,164151,2,0.991967133658445,13.336791218280357,MV,0.0,0
16,302191.2,302191,2,0.9895555236446234,13.336791218280357,MV,0.0,0
16,320841.2,320841,2,0.9874109636669156,13.336791218280357,MV,0.0,0
16,337711.2,337711,2,0.9895591023423327,13.336791218280357,MV,0.0,0
16,358691.2,358691,2,0.9980600384409268,13.336791218280357,MV,0.0,0
16,et6_1177.2,et6_1177,2,0.9906200959406312,0.2193931022920578,LV,0.0,0
16,461501.2,461501,2,0.9925600290583091,13.336791218280357,MV,0.0,0
16,686891.2,686891,2,0.9898406160181552,13.336791218280357,MV,0.0,0
16,703601.2,703601,2,0.9922113015817465,13.336791218280357,MV,0.0,0
16,713791.2,713791,2,0.9891556557184292,13.336791218280357,MV,0.0,0
16,725731.2,725731,2,0.9880561445317843,13.336791218280357,MV,0.0,0
16,809501.2,809501,2,0.9899995891961542,13.336791218280357,MV,0.0,0
16,811221.2,811221,2,0.992090107845103,13.336791218280357,MV,0.0,0
16,815111.2,815111,2,0.9896252251691032,13.336791218280357,MV,0.0,0
16,822371.2,822371,2,0.9884308730998775,13.336791218280357,MV,0.0,0
16,820611.2,820611,2,0.9906322959357248,13.336791218280357,MV,0.0,0
16,822641.2,822641,2,0.9888053092065109,13.336791218280357,MV,0.0,0
16,618431.2,618431,2,0.9913205878793846,13.336791218280357,MV,0.0,0
16,bt10401.2,bt10401,2,0.9787206161212015,0.2193931022920578,LV,0.0,0
16,bt197792.2,bt197792,2,0.9782484278568627,0.2193931022920578,LV,0.0,0
16,bt800551.2,bt800551,2,0.9782484278774011,0.2193931022920578,LV,0.0,0
16,bt295341.2,bt295341,2,0.9773629882209532,0.2193931022920578,LV,0.0,0
16,bt800541.2,bt800541,2,0.9777984112071066,0.2193931022920578,LV,0.0,0
16,bt295361.2,bt295361,2,0.976662880085435,0.2193931022920578,LV,0.0,0
16,bt474991.2,bt474991,2,0.9764377803329604,0.2193931022920578,LV,0.0,0
16,uc1627323.2,uc1627323,2,0.9771766286480151,0.2193931022920578,LV,0.0,0
16,uc3405987.2,uc3405987,2,0.9986046494243754,0.2193931022920578,LV,0.0,0
16,uc3405846.2,uc3405846,2,0.9852751129888613,0.2193931022920578,LV,0.0,0
16,uc3405847.2,uc3405847,2,0.9995535058700649,0.2193931022920578,LV,0.0,0
16,uc3405838.2,uc3405838,2,0.9807034853345226,0.2193931022920578,LV,0.0,0
16,uc1607326.2,uc1607326,2,0.9838218421148296,0.2193931022920578,LV,0.0,0
16,uc1607316.2,uc1607316,2,0.9824025312156942,0.2193931022920578,LV,0.0,0
16,uc1607308.2,uc1607308,2,0.9851519673850392,0.2193931022920578,LV,0.0,0
16,uc1623434.2,uc1623434,2,0.0,0.1270170592217177,LV,0.95,1
16,uc1620373.2,uc1620373,2,0.9880347367402833,0.2193931022920578,LV,0.0,0
16,uc1607302.2,uc1607302,2,0.9876807201249146,0.2193931022920578,LV,0.0,0
16,uc1607304.2,uc1607304,2,0.9876280071275955,0.2193931022920578,LV,0.0,0
16,uc1607306.2,uc1607306,2,0.9844265534797304,0.2193931022920578,LV,0.0,0
16,uc1607299.2,uc1607299,2,0.9882102507407109,0.2193931022920578,LV,0.0,0
16,uc1607297.2,uc1607297,2,0.9886508924770989,0.2193931022920578,LV,0.0,0
16,uc1607298.2,uc1607298,2,0.9884439035551912,0.2193931022920578,LV,0.0,0
16,uc1607289.2,uc1607289,2,0.9916663822585681,0.2193931022920578,LV,0.0,0
16,uc1607291.2,uc1607291,2,0.9880658814207063,0.2193931022920578,LV,0.0,0
16,uc1607292.2,uc1607292,2,0.98737430442352,0.2193931022920578,LV,0.0,0
16,uc1607280.2,uc1607280,2,0.9856805883041877,0.2193931022920578,LV,0.0,0
16,uc1607284.2,uc1607284,2,0.9861397978711021,0.2193931022920578,LV,0.0,0
16,uc1607285.2,uc1607285,2,0.98599536912825,0.2193931022920578,LV,0.0,0
16,uc1607288.2,uc1607288,2,0.9864143080014018,0.2193931022920578,LV,0.0,0
16,uc1607279.2,uc1607279,2,0.9871208637590302,0.2193931022920578,LV,0.0,0
16,uc1607355.2,uc1607355,2,0.9881295631660862,0.2193931022920578,LV,0.0,0
16,uc1607357.2,uc1607357,2,0.989444108610952,0.2193931022920578,LV,0.0,0
16,uc1607358.2,uc1607358,2,0.9871371310915764,0.2193931022920578,LV,0.0,0
16,uc1607368.2,uc1607368,2,0.0,0.1270170592217177,LV,0.95,1
16,uc1607276.2,uc1607276,2,0.9975389117245863,0.2193931022920578,LV,0.0,0
16,uc1607278.2,uc1607278,2,0.9973433139354729,0.2193931022920578,LV,0.0,0
16,uc1607273.2,uc1607273,2,0.9949860056656844,0.2193931022920578,LV,0.0,0
16,uc1607328.2,uc1607328,2,0.9831971569640103,0.2193931022920578,LV,0.0,0
16,uc1607347.2,uc1607347,2,1.0558095928699223,0.2193931022920578,LV,0.00580959286992222,1
16,uc1607350.2,uc1607350,2,1.020688892901948,0.2193931022920578,LV,0.0,0
16,uc1107341.2,uc1107341,2,0.9819965879244648,0.2193931022920578,LV,0.0,0
16,uc1107333.2,uc1107333,2,0.9841583568317438,0.2193931022920578,LV,0.0,0
16,uc1607268.2,uc1607268,2,0.9948690248644205,0.2193931022920578,LV,0.0,0
16,uc1607252.2,uc1607252,2,0.9820301175326942,0.2193931022920578,LV,0.0,0
16,uc1606000.2,uc1606000,2,0.9858889418519298,0.2193931022920578,LV,0.0,0
16,uc1607255.2,uc1607255,2,0.9873784441014049,0.2193931022920578,LV,0.0,0
16,uc1607258.2,uc1607258,2,0.9820415687313593,0.2193931022920578,LV,0.0,0
16,uc1124041.2,uc1124041,2,0.9836418130099458,0.2193931022920578,LV,0.0,0
16,uc1124340.2,uc1124340,2,0.986315885938672,0.2193931022920578,LV,0.0,0
16,uc1121173.2,uc1121173,2,0.9842848687837558,0.2193931022920578,LV,0.0,0
16,uc1107345.2,uc1107345,2,0.986288401003847,0.2193931022920578,LV,0.0,0
16,uc605816.2,uc605816,2,1.0100223030070223,0.2193931022920578,LV,0.0,0
16,uc605812.2,uc605812,2,0.9764866648799544,0.2193931022920578,LV,0.0,0
16,uc605813.2,uc605813,2,0.9903602311314221,0.2193931022920578,LV,0.0,0
16,uc609685.2,uc609685,2,0.9916037019357193,0.2193931022920578,LV,0.0,0
16,uc609688.2,uc609688,2,1.003307932642339,0.2193931022920578,LV,0.0,0
16,uc621168.2,uc621168,2,0.9852528561501042,0.2193931022920578,LV,0.0,0
16,uc621171.2,uc621171,2,0.9844262361600541,0.2193931022920578,LV,0.0,0
16,uc605810.2,uc605810,2,0.9903534986932685,0.2193931022920578,LV,0.0,0
16,uc605807.2,uc605807,2,0.9786914886008298,0.2193931022920578,LV,0.0,0
16,uc605801.2,uc605801,2,0.9883170103963902,0.2193931022920578,LV,0.0,0
16,uc607384.2,uc607384,2,0.9848074841354694,0.2193931022920578,LV,0.0,0
16,uc607385.2,uc607385,2,0.9880294603431169,0.2193931022920578,LV,0.0,0
16,uc609682.2,uc609682,2,0.9802332649376833,0.2193931022920578,LV,0.0,0
16,uc609683.2,uc609683,2,0.9896216114408255,0.2193931022920578,LV,0.0,0
16,uc607377.2,uc607377,2,0.9919916748111197,0.2193931022920578,LV,0.0,0
16,uc607382.2,uc607382,2,0.9886001277760408,0.2193931022920578,LV,0.0,0
16,uc606117.2,uc606117,2,0.9867235310917314,0.2193931022920578,LV,0.0,0
16,uc606120.2,uc606120,2,0.9861963691230633,0.2193931022920578,LV,0.0,0
16,uc623433.2,uc623433,2,0.9784092219039504,0.2193931022920578,LV,0.0,0
16,uc623007.2,uc623007,2,0.9901812440769925,0.2193931022920578,LV,0.0,0
16,uc606147.2,uc606147,2,1.0587101906524248,0.2193931022920578,LV,0.008710190652424732,1
16,uc606148.2,uc606148,2,0.9972526856525499,0.2193931022920578,LV,0.0,0
16,uc606150.2,uc606150,2,0.9956765603073804,0.2193931022920578,LV,0.0,0
16,uc606109.2,uc606109,2,0.9848102967127061,0.2193931022920578,LV,0.0,0
16,uc606110.2,uc606110,2,0.9839620781786264,0.2193931022920578,LV,0.0,0
16,uc606111.2,uc606111,2,0.9866326378921313,0.2193931022920578,LV,0.0,0
16,uc622720.2,uc622720,2,0.9874523267937626,0.2193931022920578,LV,0.0,0
16,uc623004.2,uc623004,2,0.9953088734709223,0.2193931022920578,LV,0.0,0
16,uc606103.2,uc606103,2,0.9851545490551905,0.2193931022920578,LV,0.0,0
16,uc606139.2,uc606139,2,1.011788631819867,0.2193931022920578,LV,0.0,0
16,uc606143.2,uc606143,2,1.0288233254048318,0.2193931022920578,LV,0.0,0
16,uc605921.2,uc605921,2,0.9879175080518617,0.2193931022920578,LV,0.0,0
16,uc605915.2,uc605915,2,0.9886335751830863,0.2193931022920578,LV,0.0,0
16,uc606101.2,uc606101,2,0.9873075153087576,0.2193931022920578,LV,0.0,0
16,uc622273.2,uc622273,2,1.0262061964629083,0.2193931022920578,LV,0.0,0
16,uc605990.2,uc605990,2,0.9773627343188789,0.2193931022920578,LV,0.0,0
16,uc606130.2,uc606130,2,0.9873502154933633,0.2193931022920578,LV,0.0,0
16,uc606132.2,uc606132,2,0.9851329005327565,0.2193931022920578,LV,0.0,0
16,uc622258.2,uc622258,2,0.9882957119436889,0.2193931022920578,LV,0.0,0
16,uc622270.2,uc622270,2,0.9945311046810205,0.2193931022920578,LV,0.0,0
16,uc605905.2,uc605905,2,0.9848403608162966,0.2193931022920578,LV,0.0,0
16,uc605909.2,uc605909,2,0.990094149741181,0.2193931022920578,LV,0.0,0
16,uc605910.2,uc605910,2,0.9870852486711674,0.2193931022920578,LV,0.0,0
16,uc605911.2,uc605911,2,0.9880335397084561,0.2193931022920578,LV,0.0,0
16,uc606128.2,uc606128,2,0.9864594484259772,0.2193931022920578,LV,0.0,0
16,uc605904.2,uc605904,2,0.9849437769424293,0.2193931022920578,LV,0.0,0
16,uc1239552.2,uc1239552,2,0.9885687048834125,0.2193931022920578,LV,0.0,0
16,uc605817.2,uc605817,2,0.9886251407455988,0.2193931022920578,LV,0.0,0
16,uc605819.2,uc605819,2,0.9995155467245012,0.2193931022920578,LV,0.0,0
16,uc605820.2,uc605820,2,0.9789832852638293,0.2193931022920578,LV,0.0,0
16,uc605821.2,uc605821,2,0.9842358740040607,0.2193931022920578,LV,0.0,0
16,uc605822.2,uc605822,2,0.9788016127669048,0.2193931022920578,LV,0.0,0
16,uc639280.2,uc639280,2,1.002082609696892,0.2193931022920578,LV,0.0,0
16,uc605898.2,uc605898,2,0.9906348062536,0.2193931022920578,LV,0.0,0
16,uc605902.2,uc605902,2,0.9855935735386666,0.2193931022920578,LV,0.0,0
16,uc605982.2,uc605982,2,0.978547109080395,0.2193931022920578,LV,0.0,0
16,uc605988.2,uc605988,2,0.9765566643323828,0.2193931022920578,LV,0.0,0
16,uc606126.2,uc606126,2,0.9967187589053984,0.2193931022920578,LV,0.0,0
16,uc606127.2,uc606127,2,0.9856846970682535,0.2193931022920578,LV,0.0,0
16,uc605896.2,uc605896,2,0.9793486629701841,0.2193931022920578,LV,0.0,0
16,uc606121.2,uc606121,2,0.98461988482785,0.2193931022920578,LV,0.0,0
16,uc606122.2,uc606122,2,0.9814002461917075,0.2193931022920578,LV,0.0,0
16,uc606123.2,uc606123,2,1.0047215166822323,0.2193931022920578,LV,0.0,0
16,uc622709.2,uc622709,2,0.9871064550376804,0.2193931022920578,LV,0.0,0
16,uc639277.2,uc639277,2,0.984394514888351,0.2193931022920578,LV,0.0,0
16,uc1139390.2,uc1139390,2,0.9885323782490018,0.2193931022920578,LV,0.0,0
16,uc605864.2,uc605864,2,0.9880985942426537,0.2193931022920578,LV,0.0,0
16,uc605865.2,uc605865,2,0.9903282695355917,0.2193931022920578,LV,0.0,0
16,uc638617.2,uc638617,2,0.9898239609632481,0.2193931022920578,LV,0.0,0
16,uc605855.2,uc605855,2,0.9821341102062594,0.2193931022920578,LV,0.0,0
16,uc1638606.2,uc1638606,2,0.9930744935431292,0.2193931022920578,LV,0.0,0
16,uc1638954.2,uc1638954,2,0.9946067294735393,0.2193931022920578,LV,0.0,0
16,uc605836.2,uc605836,2,0.9675859867210161,0.2193931022920578,LV,0.0,0
16,uc1607303.2,uc1607303,2,0.987969213918597,0.2193931022920578,LV,0.0,0
16,uc637705.2,uc637705,2,0.9876265914817809,0.2193931022920578,LV,0.0,0
16,uc1637704.2,uc1637704,2,1.0019956628569404,0.2193931022920578,LV,0.0,0
16,uc637576.2,uc637576,2,1.0054245141104534,0.2193931022920578,LV,0.0,0
16,uc637918.2,uc637918,2,1.0049560415701302,0.2193931022920578,LV,0.0,0
16,uc637360.2,uc637360,2,0.9843776557395842,0.2193931022920578,LV,0.0,0
16,uc637397.2,uc637397,2,0.9848266808146354,0.2193931022920578,LV,0.0,0
16,uc636933.2,uc636933,2,1.0095119308263032,0.2193931022920578,LV,0.0,0
16,uc605908.2,uc605908,2,0.991765771063826,0.2193931022920578,LV,0.0,0
16,uc635963.2,uc635963,2,0.9862992286636083,0.2193931022920578,LV,0.0,0
16,uc635543.2,uc635543,2,0.9904239555571726,0.2193931022920578,LV,0.0,0
16,uc635966.2,uc635966,2,0.9895563152686505,0.2193931022920578,LV,0.0,0
16,uc627328.2,uc627328,2,0.9761875489862565,0.2193931022920578,LV,0.0,0
16,uc635550.2,uc635550,2,0.987974680739368,0.2193931022920578,LV,0.0,0
16,uc635862.2,uc635862,2,0.9972171086643137,0.2193931022920578,LV,0.0,0
16,uc3435739.2,uc3435739,2,1.0017162454378576,0.2193931022920578,LV,0.0,0
16,uc634166.2,uc634166,2,0.9891400895893969,0.2193931022920578,LV,0.0,0
16,uc1633671.2,uc1633671,2,1.0095789953211838,0.2193931022920578,LV,0.0,0
16,uc633056.2,uc633056,2,0.9894710312474755,0.2193931022920578,LV,0.0,0
16,uc632607.2,uc632607,2,0.9649828097746093,0.2193931022920578,LV,0.0,0
16,uc1632402.2,uc1632402,2,0.9856990576573685,0.2193931022920578,LV,0.0,0
16,uc1131858.2,uc1131858,2,0.9821280338528481,0.2193931022920578,LV,0.0,0
16,uc631391.2,uc631391,2,0.9805047234577905,0.2193931022920578,LV,0.0,0
16,uc1630759.2,uc1630759,2,0.9844765048688203,0.2193931022920578,LV,0.0,0
16,uc630758.2,uc630758,2,1.0219484554492784,0.2193931022920578,LV,0.0,0
16,uc630753.2,uc630753,2,0.9840916541594161,0.2193931022920578,LV,0.0,0
16,uc628766.2,uc628766,2,0.9873639080124254,0.2193931022920578,LV,0.0,0
16,uc627346.2,uc627346,2,0.9888541336626893,0.2193931022920578,LV,0.0,0
16,uc1629422.2,uc1629422,2,0.9867784470791386,0.2193931022920578,LV,0.0,0
16,60651.3,60651,3,0.9905321581801843,13.336791218280357,MV,0.0,0
16,60721.3,60721,3,0.9904766521744964,13.336791218280357,MV,0.0,0
16,164151.3,164151,3,0.9911768055038592,13.336791218280357,MV,0.0,0
16,302191.3,302191,3,0.9880771284174292,13.336791218280357,MV,0.0,0
16,320841.3,320841,3,0.9866226694727701,13.336791218280357,MV,0.0,0
16,337711.3,337711,3,0.9880806345241537,13.336791218280357,MV,0.0,0
16,358691.3,358691,3,0.9975906826494545,13.336791218280357,MV,0.0,0
16,et6_1177.3,et6_1177,3,0.9914570090924553,0.2193931022920578,LV,0.0,0
16,461501.3,461501,3,0.9916358993196023,13.336791218280357,MV,0.0,0
16,686891.3,686891,3,0.9890575467360994,13.336791218280357,MV,0.0,0
16,703601.3,703601,3,0.9914202831507314,13.336791218280357,MV,0.0,0
16,713791.3,713791,3,0.9883680924073764,13.336791218280357,MV,0.0,0
16,725731.3,725731,3,0.9872677380882395,13.336791218280357,MV,0.0,0
16,809501.3,809501,3,0.989219149949365,13.336791218280357,MV,0.0,0
16,811221.3,811221,3,0.9912996708261658,13.336791218280357,MV,0.0,0
16,815111.3,815111,3,0.9881468451345113,13.336791218280357,MV,0.0,0
16,822371.3,822371,3,0.9876423172399234,13.336791218280357,MV,0.0,0
16,820611.3,820611,3,0.9898451186720305,13.336791218280357,MV,0.0,0
16,822641.3,822641,3,0.9880122489229864,13.336791218280357,MV,0.0,0
16,618431.3,618431,3,0.9905304718536517,13.336791218280357,MV,0.0,0
16,bt10401.3,bt10401,3,0.9921358094726994,0.2193931022920578,LV,0.0,0
16,bt197792.3,bt197792,3,0.9921358107776085,0.2193931022920578,LV,0.0,0
16,bt800551.3,bt800551,3,0.9921358106318546,0.2193931022920578,LV,0.0,0
16,bt295341.3,bt295341,3,0.992135812056135,0.2193931022920578,LV,0.0,0
16,bt800541.3,bt800541,3,0.9921358114392597,0.2193931022920578,LV,0.0,0
16,bt295361.3,bt295361,3,0.9921358127301136,0.2193931022920578,LV,0.0,0
16,bt474991.3,bt474991,3,0.992135813189766,0.2193931022920578,LV,0.0,0
16,uc627336.3,uc627336,3,0.9889768554541585,0.2193931022920578,LV,0.0,0
16,uc1620373.3,uc1620373,3,0.9887878900280712,0.2193931022920578,LV,0.0,0
16,uc1607302.3,uc1607302,3,0.9884156907871086,0.2193931022920578,LV,0.0,0
16,uc1607304.3,uc1607304,3,0.988379053100955,0.2193931022920578,LV,0.0,0
16,uc1607298.3,uc1607298,3,0.989612069065501,0.2193931022920578,LV,0.0,0
16,uc1607280.3,uc1607280,3,0.9863460624645652,0.2193931022920578,LV,0.0,0
16,uc1607285.3,uc1607285,3,0.9879399547935492,0.2193931022920578,LV,0.0,0
16,uc1607279.3,uc1607279,3,0.987786644422462,0.2193931022920578,LV,0.0,0
16,uc1607347.3,uc1607347,3,1.0565199090842474,0.2193931022920578,LV,0.006519909084247377,1
16,uc1124340.3,uc1124340,3,0.988362617417864,0.2193931022920578,LV,0.0,0
16,uc605816.3,uc605816,3,1.0107280542681147,0.2193931022920578,LV,0.0,0
16,uc605815.3,uc605815,3,0.9944490434673784,0.2193931022920578,LV,0.0,0
16,uc621171.3,uc621171,3,0.984776467660508,0.2193931022920578,LV,0.0,0
16,uc607384.3,uc607384,3,0.9851622037393644,0.2193931022920578,LV,0.0,0
16,uc606117.3,uc606117,3,0.9870737223213172,0.2193931022920578,LV,0.0,0
16,uc606120.3,uc606120,3,0.9865465733266781,0.2193931022920578,LV,0.0,0
16,uc623007.3,uc623007,3,0.9910179460853602,0.2193931022920578,LV,0.0,0
16,uc605867.3,uc605867,3,0.9899841758293856,0.2193931022920578,LV,0.0,0
16,uc606150.3,uc606150,3,0.9958053486429512,0.2193931022920578,LV,0.0,0
16,uc606109.3,uc606109,3,0.9851605361449853,0.2193931022920578,LV,0.0,0
16,uc606110.3,uc606110,3,0.9843122075694918,0.2193931022920578,LV,0.0,0
16,uc606111.3,uc606111,3,0.9869828437180701,0.2193931022920578,LV,0.0,0
16,uc622722.3,uc622722,3,0.9932778535926695,0.2193931022920578,LV,0.0,0
16,uc623004.3,uc623004,3,0.9982478236617853,0.2193931022920578,LV,0.0,0
16,uc606101.3,uc606101,3,0.9876477715357772,0.2193931022920578,LV,0.0,0
16,uc606132.3,uc606132,3,0.9854906596105424,0.2193931022920578,LV,0.0,0
16,uc605910.3,uc605910,3,0.9874306221897563,0.2193931022920578,LV,0.0,0
16,uc605911.3,uc605911,3,0.9883788394729064,0.2193931022920578,LV,0.0,0
16,uc605904.3,uc605904,3,0.9885542655595294,0.2193931022920578,LV,0.0,0
16,uc1239552.3,uc1239552,3,0.9893215870190506,0.2193931022920578,LV,0.0,0
16,uc605821.3,uc605821,3,0.9872460559871319,0.2193931022920578,LV,0.0,0
16,uc639280.3,uc639280,3,1.0026521826699202,0.2193931022920578,LV,0.0,0
16,uc605898.3,uc605898,3,0.9892251741280083,0.2193931022920578,LV,0.0,0
16,uc605902.3,uc605902,3,0.9859459529302832,0.2193931022920578,LV,0.0,0
16,uc606126.3,uc606126,3,0.9970728390303826,0.2193931022920578,LV,0.0,0
16,uc606127.3,uc606127,3,0.9860428532101001,0.2193931022920578,LV,0.0,0
16,uc606121.3,uc606121,3,0.9849693771070475,0.2193931022920578,LV,0.0,0
16,uc606122.3,uc606122,3,0.9817487900371411,0.2193931022920578,LV,0.0,0
16,uc639277.3,uc639277,3,0.9874047943933384,0.2193931022920578,LV,0.0,0
16,uc1139390.3,uc1139390,3,0.9892852327177319,0.2193931022920578,LV,0.0,0
16,uc637576.3,uc637576,3,1.0057690187929023,0.2193931022920578,LV,0.0,0
16,uc637918.3,uc637918,3,1.0055265050434758,0.2193931022920578,LV,0.0,0
16,uc637360.3,uc637360,3,0.9847278709666011,0.2193931022920578,LV,0.0,0
16,uc637397.3,uc637397,3,0.9855698548538409,0.2193931022920578,LV,0.0,0
16,uc635963.3,uc635963,3,0.9866494207380014,0.2193931022920578,LV,0.0,0
16,uc635543.3,uc635543,3,0.9907715658193365,0.2193931022920578,LV,0.0,0
16,uc635966.3,uc635966,3,0.9899037851215804,0.2193931022920578,LV,0.0,0
16,uc635550.3,uc635550,3,0.9883335654323165,0.2193931022920578,LV,0.0,0
16,uc635862.3,uc635862,3,0.9960488380461777,0.2193931022920578,LV,0.0,0
16,uc1633671.3,uc1633671,3,1.0096501114284087,0.2193931022920578,LV,0.0,0
16,uc632607.3,uc632607,3,0.9657305511963518,0.2193931022920578,LV,0.0,0
16,uc1629422.3,uc1629422,3,0.9899574200369282,0.2193931022920578,LV,0.0,0
17,60651.1,60651,1,0.9896378013026718,13.336791218280357,MV,0.0,0
17,60721.1,60721,1,0.9895834878300336,13.336791218280357,MV,0.0,0
17,164151.1,164151,1,0.9901969556769329,13.336791218280357,MV,0.0,0
17,302191.1,302191,1,0.9837514525246878,13.336791218280357,MV,0.0,0
17,320841.1,320841,1,0.9860387027553437,13.336791218280357,MV,0.0,0
17,337711.1,337711,1,0.9837743852013207,13.336791218280357,MV,0.0,0
17,358691.1,358691,1,0.997454601653771,13.336791218280357,MV,0.0,0
17,et6_1177.1,et6_1177,1,0.988399750753956,0.2193931022920578,LV,0.0,0
17,461501.1,461501,1,0.9899866777786156,13.336791218280357,MV,0.0,0
17,686891.1,686891,1,0.9880779921471247,13.336791218280357,MV,0.0,0
17,703601.1,703601,1,0.9904217170283874,13.336791218280357,MV,0.0,0
17,713791.1,713791,1,0.9874623661275834,13.336791218280357,MV,0.0,0
17,725731.1,725731,1,0.9865192843586539,13.336791218280357,MV,0.0,0
17,809501.1,809501,1,0.9882925743982316,13.336791218280357,MV,0.0,0
17,811221.1,811221,1,0.990282330676359,13.336791218280357,MV,0.0,0
17,815111.1,815111,1,0.9837885159112326,13.336791218280357,MV,0.0,0
17,822371.1,822371,1,0.9868506520008646,13.336791218280357,MV,0.0,0
17,820611.1,820611,1,0.9890373827637899,13.336791218280357,MV,0.0,0
17,822641.1,822641,1,0.9870772748902886,13.336791218280357,MV,0.0,0
17,618431.1,618431,1,0.9896370109529209,13.336791218280357,MV,0.0,0
17,bt10401.1,bt10401,1,0.9794643889455936,0.2193931022920578,LV,0.0,0
17,bt197792.1,bt197792,1,0.9781983708515598,0.2193931022920578,LV,0.0,0
17,bt800551.1,bt800551,1,0.9785803121125944,0.2193931022920578,LV,0.0,0
17,bt295341.1,bt295341,1,0.9776255943178335,0.2193931022920578,LV,0.0,0
17,bt800541.1,bt800541,1,0.9780327407020366,0.2193931022920578,LV,0.0,0
17,bt295361.1,bt295361,1,0.977247849599706,0.2193931022920578,LV,0.0,0
17,bt474991.1,bt474991,1,0.9769503804251074,0.2193931022920578,LV,0.0,0
17,uc626695.1,uc626695,1,0.9744834724880523,0.2193931022920578,LV,0.0,0
17,uc1627323.1,uc1627323,1,0.9762501796002137,0.2193931022920578,LV,0.0,0
17,uc1627342.1,uc1627342,1,0.9928517397409587,0.2193931022920578,LV,0.0,0
17,uc627343.1,uc627343,1,0.9865316536888079,0.2193931022920578,LV,0.0,0
17,uc627344.1,uc627344,1,0.9896112340452143,0.2193931022920578,LV,0.0,0
17,uc1626672.1,uc1626672,1,0.0,0.1270170592217177,LV,0.95,1
17,uc1626490.1,uc1626490,1,0.9941039889410538,0.2193931022920578,LV,0.0,0
17,uc3422706.1,uc3422706,1,0.9866163915633686,0.2193931022920578,LV,0.0,0
17,uc3425629.1,uc3425629,1,0.9867617178243896,0.2193931022920578,LV,0.0,0
17,uc3422597.1,uc3422597,1,0.9848167395038491,0.2193931022920578,LV,0.0,0
17,uc3405843.1,uc3405843,1,0.9817982736833202,0.2193931022920578,LV,0.0,0
17,uc3405844.1,uc3405844,1,0.9944115501464988,0.2193931022920578,LV,0.0,0
17,uc3405845.1,uc3405845,1,0.9936524462976167,0.2193931022920578,LV,0.0,0
17,uc3405846.1,uc3405846,1,0.9822437071529587,0.2193931022920578,LV,0.0,0
17,uc1626486.1,uc1626486,1,0.9937859917140441,0.2193931022920578,LV,0.0,0
17,uc1626487.1,uc1626487,1,0.9830656122495852,0.2193931022920578,LV,0.0,0
17,uc626481.1,uc626481,1,0.9841022565352512,0.2193931022920578,LV,0.0,0
17,uc626678.1,uc626678,1,0.9776868437105535,0.2193931022920578,LV,0.0,0
17,uc626698.1,uc626698,1,0.9874720365683882,0.2193931022920578,LV,0.0,0
17,uc626476.1,uc626476,1,0.9687777985769446,0.2193931022920578,LV,0.0,0
17,uc1627321.1,uc1627321,1,0.9921627005784114,0.2193931022920578,LV,0.0,0
17,uc1607319.1,uc1607319,1,0.979784771764072,0.2193931022920578,LV,0.0,0
17,uc1607308.1,uc1607308,1,0.9811842995250147,0.2193931022920578,LV,0.0,0
17,uc1624026.1,uc1624026,1,0.0,0.1270170592217177,LV,0.95,1
17,uc1625170.1,uc1625170,1,0.9887854366789542,0.2193931022920578,LV,0.0,0
17,uc1621994.1,uc1621994,1,0.9929058208698315,0.2193931022920578,LV,0.0,0
17,uc1620360.1,uc1620360,1,0.9940860799196146,0.2193931022920578,LV,0.0,0
17,uc1620373.1,uc1620373,1,0.9835319854479898,0.2193931022920578,LV,0.0,0
17,uc1607302.1,uc1607302,1,0.9828795525466358,0.2193931022920578,LV,0.0,0
17,uc1607304.1,uc1607304,1,0.9799900030471232,0.2193931022920578,LV,0.0,0
17,uc1607305.1,uc1607305,1,0.9789003089747065,0.2193931022920578,LV,0.0,0
17,uc1607306.1,uc1607306,1,0.9799078146063867,0.2193931022920578,LV,0.0,0
17,uc1607297.1,uc1607297,1,0.9870389455638817,0.2193931022920578,LV,0.0,0
17,uc1607298.1,uc1607298,1,0.9849881789033785,0.2193931022920578,LV,0.0,0
17,uc1607289.1,uc1607289,1,0.9894251756131865,0.2193931022920578,LV,0.0,0
17,uc1607290.1,uc1607290,1,0.989623781549013,0.2193931022920578,LV,0.0,0
17,uc1607291.1,uc1607291,1,0.987274753602462,0.2193931022920578,LV,0.0,0
17,uc1607280.1,uc1607280,1,0.9793244606933154,0.2193931022920578,LV,0.0,0
17,uc1607283.1,uc1607283,1,0.9722419387983909,0.2193931022920578,LV,0.0,0
17,uc1607285.1,uc1607285,1,0.9764173933173568,0.2193931022920578,LV,0.0,0
17,uc1607287.1,uc1607287,1,0.978714832651465,0.2193931022920578,LV,0.0,0
17,uc1607288.1,uc1607288,1,0.9849480001832918,0.2193931022920578,LV,0.0,0
17,uc1607279.1,uc1607279,1,0.981856928111742,0.2193931022920578,LV,0.0,0
17,uc1607357.1,uc1607357,1,0.9862918883916912,0.2193931022920578,LV,0.0,0
17,uc1607358.1,uc1607358,1,0.985537229095042,0.2193931022920578,LV,0.0,0
17,uc1607368.1,uc1607368,1,0.0,0.1270170592217177,LV,0.95,1
17,uc1607277.1,uc1607277,1,0.9973903653130117,0.2193931022920578,LV,0.0,0
17,uc1607278.1,uc1607278,1,0.9981891935839575,0.2193931022920578,LV,0.0,0
17,uc1607272.1,uc1607272,1,0.9873845712736591,0.2193931022920578,LV,0.0,0
17,uc1607273.1,uc1607273,1,0.9981346590171226,0.2193931022920578,LV,0.0,0
17,uc1607353.1,uc1607353,1,0.9874253340792042,0.2193931022920578,LV,0.0,0
17,uc1607347.1,uc1607347,1,1.0222390146898968,0.2193931022920578,LV,0.0,0
17,uc1607349.1,uc1607349,1,0.9911374669867835,0.2193931022920578,LV,0.0,0
17,uc1107342.1,uc1107342,1,0.9777832788396268,0.2193931022920578,LV,0.0,0
17,uc1107340.1,uc1107340,1,0.9687530222077626,0.2193931022920578,LV,0.0,0
17,uc1105833.1,uc1105833,1,0.9827757888778771,0.2193931022920578,LV,0.0,0
17,uc1107330.1,uc1107330,1,0.9673332527726058,0.2193931022920578,LV,0.0,0
17,uc1607265.1,uc1607265,1,0.9706880674514208,0.2193931022920578,LV,0.0,0
17,uc1607268.1,uc1607268,1,0.9924215008763033,0.2193931022920578,LV,0.0,0
17,uc1607252.1,uc1607252,1,0.9796250403133138,0.2193931022920578,LV,0.0,0
17,uc1605991.1,uc1605991,1,0.9835855005279075,0.2193931022920578,LV,0.0,0
17,uc1605996.1,uc1605996,1,0.9882539587706975,0.2193931022920578,LV,0.0,0
17,uc1607257.1,uc1607257,1,0.9845120407389097,0.2193931022920578,LV,0.0,0
17,uc1607258.1,uc1607258,1,0.9796450805853376,0.2193931022920578,LV,0.0,0
17,uc1124340.1,uc1124340,1,0.979016054966178,0.2193931022920578,LV,0.0,0
17,uc605816.1,uc605816,1,0.9895224042539111,0.2193931022920578,LV,0.0,0
17,uc605813.1,uc605813,1,0.9874273909324812,0.2193931022920578,LV,0.0,0
17,uc609684.1,uc609684,1,0.9902433602804233,0.2193931022920578,LV,0.0,0
17,uc609686.1,uc609686,1,0.9911163104492631,0.2193931022920578,LV,0.0,0
17,uc609688.1,uc609688,1,0.9867461907377897,0.2193931022920578,LV,0.0,0
17,uc621168.1,uc621168,1,0.9849677592175522,0.2193931022920578,LV,0.0,0
17,uc621171.1,uc621171,1,0.9818062476384349,0.2193931022920578,LV,0.0,0
17,uc605808.1,uc605808,1,0.9918656302276566,0.2193931022920578,LV,0.0,0
17,uc605809.1,uc605809,1,0.9781010381018974,0.2193931022920578,LV,0.0,0
17,uc605810.1,uc605810,1,0.9882261556013331,0.2193931022920578,LV,0.0,0
17,uc605970.1,uc605970,1,0.9851426948571385,0.2193931022920578,LV,0.0,0
17,uc605803.1,uc605803,1,0.9862577392143794,0.2193931022920578,LV,0.0,0
17,uc605804.1,uc605804,1,0.9885312348402165,0.2193931022920578,LV,0.0,0
17,uc605806.1,uc605806,1,0.9858204100264374,0.2193931022920578,LV,0.0,0
17,uc607384.1,uc607384,1,0.9815475788234114,0.2193931022920578,LV,0.0,0
17,uc607387.1,uc607387,1,0.9867467916355285,0.2193931022920578,LV,0.0,0
17,uc609682.1,uc609682,1,0.9744561559776983,0.2193931022920578,LV,0.0,0
17,uc624033.1,uc624033,1,0.9943963625778833,0.2193931022920578,LV,0.0,0
17,uc625156.1,uc625156,1,0.986324564507723,0.2193931022920578,LV,0.0,0
17,uc625624.1,uc625624,1,0.9777643341347718,0.2193931022920578,LV,0.0,0
17,uc625625.1,uc625625,1,0.9908081508886311,0.2193931022920578,LV,0.0,0
17,uc607366.1,uc607366,1,0.97802165487732,0.2193931022920578,LV,0.0,0
17,uc607367.1,uc607367,1,0.987861849308087,0.2193931022920578,LV,0.0,0
17,uc606114.1,uc606114,1,0.9821664093089514,0.2193931022920578,LV,0.0,0
17,uc606117.1,uc606117,1,0.985842587840994,0.2193931022920578,LV,0.0,0
17,uc606120.1,uc606120,1,0.9848502204751739,0.2193931022920578,LV,0.0,0
17,uc623015.1,uc623015,1,0.9773812549504513,0.2193931022920578,LV,0.0,0
17,uc623432.1,uc623432,1,0.981820375620238,0.2193931022920578,LV,0.0,0
17,uc624028.1,uc624028,1,0.9834958587541903,0.2193931022920578,LV,0.0,0
17,uc605873.1,uc605873,1,0.9876730094400924,0.2193931022920578,LV,0.0,0
17,uc623007.1,uc623007,1,0.9876270018109201,0.2193931022920578,LV,0.0,0
17,uc606147.1,uc606147,1,1.0109299282930995,0.2193931022920578,LV,0.0,0
17,uc606148.1,uc606148,1,0.9961228100696472,0.2193931022920578,LV,0.0,0
17,uc606150.1,uc606150,1,0.9941214615954977,0.2193931022920578,LV,0.0,0
17,uc606109.1,uc606109,1,0.9824126873072437,0.2193931022920578,LV,0.0,0
17,uc606110.1,uc606110,1,0.9809200290570881,0.2193931022920578,LV,0.0,0
17,uc606111.1,uc606111,1,0.9856400493643508,0.2193931022920578,LV,0.0,0
17,uc622777.1,uc622777,1,0.9974633814131177,0.2193931022920578,LV,0.0,0
17,uc623004.1,uc623004,1,0.982497827504808,0.2193931022920578,LV,0.0,0
17,uc606103.1,uc606103,1,0.9837570917561614,0.2193931022920578,LV,0.0,0
17,uc606139.1,uc606139,1,0.9939572863533513,0.2193931022920578,LV,0.0,0
17,uc606141.1,uc606141,1,0.9899968696826271,0.2193931022920578,LV,0.0,0
17,uc606143.1,uc606143,1,0.9985415150400263,0.2193931022920578,LV,0.0,0
17,uc605921.1,uc605921,1,0.9842036215999242,0.2193931022920578,LV,0.0,0
17,uc622713.1,uc622713,1,0.9861709264615076,0.2193931022920578,LV,0.0,0
17,uc622714.1,uc622714,1,0.9820956643235487,0.2193931022920578,LV,0.0,0
17,uc605993.1,uc605993,1,0.9860883988874621,0.2193931022920578,LV,0.0,0
17,uc606101.1,uc606101,1,0.9849793450444625,0.2193931022920578,LV,0.0,0
17,uc606102.1,uc606102,1,0.985018408624479,0.2193931022920578,LV,0.0,0
17,uc622273.1,uc622273,1,0.9953180050074035,0.2193931022920578,LV,0.0,0
17,uc622703.1,uc622703,1,0.9745371004589295,0.2193931022920578,LV,0.0,0
17,uc605989.1,uc605989,1,0.9889433506283588,0.2193931022920578,LV,0.0,0
17,uc606130.1,uc606130,1,0.9879022920777436,0.2193931022920578,LV,0.0,0
17,uc606132.1,uc606132,1,0.9817868806273591,0.2193931022920578,LV,0.0,0
17,uc605914.1,uc605914,1,1.0011413310703825,0.2193931022920578,LV,0.0,0
17,uc622257.1,uc622257,1,0.9891685440709698,0.2193931022920578,LV,0.0,0
17,uc605909.1,uc605909,1,0.9899250637879866,0.2193931022920578,LV,0.0,0
17,uc605910.1,uc605910,1,0.9851638798908153,0.2193931022920578,LV,0.0,0
17,uc605911.1,uc605911,1,0.9868540538991912,0.2193931022920578,LV,0.0,0
17,uc606128.1,uc606128,1,0.9862976580256004,0.2193931022920578,LV,0.0,0
17,uc605823.1,uc605823,1,0.9758292988186518,0.2193931022920578,LV,0.0,0
17,uc605824.1,uc605824,1,0.9839819184409316,0.2193931022920578,LV,0.0,0
17,uc605904.1,uc605904,1,0.9862921675804518,0.2193931022920578,LV,0.0,0
17,uc621999.1,uc621999,1,0.9866788909430791,0.2193931022920578,LV,0.0,0
17,uc639553.1,uc639553,1,0.9822106619720756,0.2193931022920578,LV,0.0,0
17,uc1239552.1,uc1239552,1,0.9845945886511914,0.2193931022920578,LV,0.0,0
17,uc605817.1,uc605817,1,0.9849148490461854,0.2193931022920578,LV,0.0,0
17,uc605819.1,uc605819,1,0.9847555428863618,0.2193931022920578,LV,0.0,0
17,uc605820.1,uc605820,1,0.9798440553841478,0.2193931022920578,LV,0.0,0
17,uc605821.1,uc605821,1,0.9774850543452079,0.2193931022920578,LV,0.0,0
17,uc639280.1,uc639280,1,0.9912890604207438,0.2193931022920578,LV,0.0,0
17,uc605898.1,uc605898,1,0.98711965446907,0.2193931022920578,LV,0.0,0
17,uc605901.1,uc605901,1,0.9891715181290887,0.2193931022920578,LV,0.0,0
17,uc605902.1,uc605902,1,0.9813846433172276,0.2193931022920578,LV,0.0,0
17,uc605985.1,uc605985,1,0.9820652629192135,0.2193931022920578,LV,0.0,0
17,uc606126.1,uc606126,1,0.9908436007868286,0.2193931022920578,LV,0.0,0
17,uc606127.1,uc606127,1,0.9827607764093746,0.2193931022920578,LV,0.0,0
17,uc605896.1,uc605896,1,0.9800243747598082,0.2193931022920578,LV,0.0,0
17,uc606121.1,uc606121,1,0.9812847906589405,0.2193931022920578,LV,0.0,0
17,uc606122.1,uc606122,1,0.9754827731092901,0.2193931022920578,LV,0.0,0
17,uc606123.1,uc606123,1,0.9933922309662091,0.2193931022920578,LV,0.0,0
17,uc606124.1,uc606124,1,0.9897414304117798,0.2193931022920578,LV,0.0,0
17,uc605825.1,uc605825,1,0.9778244266295745,0.2193931022920578,LV,0.0,0
17,uc623427.1,uc623427,1,0.9933922439222378,0.2193931022920578,LV,0.0,0
17,uc609687.1,uc609687,1,0.9920698384350358,0.2193931022920578,LV,0.0,0
17,uc639277.1,uc639277,1,0.977764334140504,0.2193931022920578,LV,0.0,0
17,uc1139390.1,uc1139390,1,0.984558408053941,0.2193931022920578,LV,0.0,0
17,uc605863.1,uc605863,1,0.9806019510773701,0.2193931022920578,LV,0.0,0
17,uc605865.1,uc605865,1,0.9812640313996052,0.2193931022920578,LV,0.0,0
17,uc1138614.1,uc1138614,1,0.978240144621774,0.2193931022920578,LV,0.0,0
17,uc605855.1,uc605855,1,0.9777954140552628,0.2193931022920578,LV,0.0,0
17,uc605828.1,uc605828,1,0.9724136595455586,0.2193931022920578,LV,0.0,0
17,uc605829.1,uc605829,1,0.9832717093478156,0.2193931022920578,LV,0.0,0
17,uc605834.1,uc605834,1,0.9660359177890093,0.2193931022920578,LV,0.0,0
17,uc605835.1,uc605835,1,0.9661942423089905,0.2193931022920578,LV,0.0,0
17,uc605827.1,uc605827,1,0.9722762976917757,0.2193931022920578,LV,0.0,0
17,uc627337.1,uc627337,1,0.9819813687415276,0.2193931022920578,LV,0.0,0
17,uc637912.1,uc637912,1,0.9834501138150752,0.2193931022920578,LV,0.0,0
17,uc637576.1,uc637576,1,0.9936376451022959,0.2193931022920578,LV,0.0,0
17,uc637356.1,uc637356,1,0.985007013349883,0.2193931022920578,LV,0.0,0
17,uc637918.1,uc637918,1,0.9919310690885283,0.2193931022920578,LV,0.0,0
17,uc637360.1,uc637360,1,0.9816490701140343,0.2193931022920578,LV,0.0,0
17,uc637399.1,uc637399,1,0.9776861407774478,0.2193931022920578,LV,0.0,0
17,uc637397.1,uc637397,1,0.9765259326556808,0.2193931022920578,LV,0.0,0
17,uc1137150.1,uc1137150,1,0.9829518563971792,0.2193931022920578,LV,0.0,0
17,uc1636598.1,uc1636598,1,0.0,0.1270170592217177,LV,0.95,1
17,uc636933.1,uc636933,1,0.9922761707390663,0.2193931022920578,LV,0.0,0
17,uc635963.1,uc635963,1,0.9850699699211707,0.2193931022920578,LV,0.0,0
17,uc635543.1,uc635543,1,0.9856581587730351,0.2193931022920578,LV,0.0,0
17,uc635966.1,uc635966,1,0.9851478795851282,0.2193931022920578,LV,0.0,0
17,uc635550.1,uc635550,1,0.9867677068629276,0.2193931022920578,LV,0.0,0
17,uc635862.1,uc635862,1,0.9869232019213964,0.2193931022920578,LV,0.0,0
17,uc1635694.1,uc1635694,1,1.000378382946985,0.2193931022920578,LV,0.0,0
17,uc3435739.1,uc3435739,1,0.9847676261837389,0.2193931022920578,LV,0.0,0
17,uc1635060.1,uc1635060,1,0.9882916796941511,0.2193931022920578,LV,0.0,0
17,uc1607271.1,uc1607271,1,0.9910346875293834,0.2193931022920578,LV,0.0,0
17,uc605884.1,uc605884,1,0.9857380476032062,0.2193931022920578,LV,0.0,0
17,uc1609690.1,uc1609690,1,0.994367948713278,0.2193931022920578,LV,0.0,0
17,uc1134165.1,uc1134165,1,0.9690116879769245,0.2193931022920578,LV,0.0,0
17,uc634166.1,uc634166,1,0.9884975883796538,0.2193931022920578,LV,0.0,0
17,uc1633896.1,uc1633896,1,0.9908085484388025,0.2193931022920578,LV,0.0,0
17,uc3433894.1,uc3433894,1,0.9832042669985075,0.2193931022920578,LV,0.0,0
17,uc1633892.1,uc1633892,1,0.9929980529516111,0.2193931022920578,LV,0.0,0
17,uc633672.1,uc633672,1,0.9921427135036839,0.2193931022920578,LV,0.0,0
17,uc1633671.1,uc1633671,1,0.989902241879393,0.2193931022920578,LV,0.0,0
17,uc1632306.1,uc1632306,1,0.9913005479543211,0.2193931022920578,LV,0.0,0
17,uc632607.1,uc632607,1,0.9416177006196558,0.2193931022920578,LV,0.008382299380344183,1
17,uc632613.1,uc632613,1,0.9795528967820686,0.2193931022920578,LV,0.0,0
17,uc3432407.1,uc3432407,1,0.9847509981188948,0.2193931022920578,LV,0.0,0
17,uc1632402.1,uc1632402,1,0.972424857862948,0.2193931022920578,LV,0.0,0
17,uc1132019.1,uc1132019,1,0.9782432232741979,0.2193931022920578,LV,0.0,0
17,uc632016.1,uc632016,1,0.987799119364728,0.2193931022920578,LV,0.0,0
17,uc1132015.1,uc1132015,1,0.972987468138022,0.2193931022920578,LV,0.0,0
17,uc1132012.1,uc1132012,1,0.9854963922080179,0.2193931022920578,LV,0.0,0
17,uc631859.1,uc631859,1,0.9875537853432995,0.2193931022920578,LV,0.0,0
17,uc1631852.1,uc1631852,1,0.9855869061046948,0.2193931022920578,LV,0.0,0
17,uc1130761.1,uc1130761,1,0.9658715709907514,0.2193931022920578,LV,0.0,0
17,uc1630759.1,uc1630759,1,0.9703865905699347,0.2193931022920578,LV,0.0,0
17,uc630758.1,uc630758,1,0.9920867731071953,0.2193931022920578,LV,0.0,0
17,uc629428.1,uc629428,1,0.9889213386011463,0.2193931022920578,LV,0.0,0
17,uc1629639.1,uc1629639,1,0.9956277635065283,0.2193931022920578,LV,0.0,0
17,uc1229546.1,uc1229546,1,0.9776974423368769,0.2193931022920578,LV,0.0,0
17,uc628768.1,uc628768,1,0.9849132340578673,0.2193931022920578,LV,0.0,0
17,uc628757.1,uc628757,1,0.9955430447017836,0.2193931022920578,LV,0.0,0
17,uc628766.1,uc628766,1,0.9879263412682775,0.2193931022920578,LV,0.0,0
17,uc628753.1,uc628753,1,0.996309863307368,0.2193931022920578,LV,0.0,0
17,uc627346.1,uc627346,1,0.9885291544636791,0.2193931022920578,LV,0.0,0
17,uc1628760.1,uc1628760,1,0.9955171156319307,0.2193931022920578,LV,0.0,0
17,uc1629422.1,uc1629422,1,0.9853332571933424,0.2193931022920578,LV,0.0,0
17,uc626699.1,uc626699,1,0.9908717657542693,0.2193931022920578,LV,0.0,0
17,60651.2,60651,2,0.9910870382926107,13.336791218280357,MV,0.0,0
17,60721.2,60721,2,0.9910326825161381,13.336791218280357,MV,0.0,0
17,164151.2,164151,2,0.9916466213270012,13.336791218280357,MV,0.0,0
17,302191.2,302191,2,0.986595178989558,13.336791218280357,MV,0.0,0
17,320841.2,320841,2,0.9876456772447918,13.336791218280357,MV,0.0,0
17,337711.2,337711,2,0.9866182234256404,13.336791218280357,MV,0.0,0
17,358691.2,358691,2,0.9980405022419774,13.336791218280357,MV,0.0,0
17,et6_1177.2,et6_1177,2,0.9882987530641522,0.2193931022920578,LV,0.0,0
17,461501.2,461501,2,0.991727559971965,13.336791218280357,MV,0.0,0
17,686891.2,686891,2,0.9896438850037185,13.336791218280357,MV,0.0,0
17,703601.2,703601,2,0.9918642613892041,13.336791218280357,MV,0.0,0
17,713791.2,713791,2,0.9890665630012048,13.336791218280357,MV,0.0,0
17,725731.2,725731,2,0.9881265277053841,13.336791218280357,MV,0.0,0
17,809501.2,809501,2,0.9898510909427376,13.336791218280357,MV,0.0,0
17,811221.2,811221,2,0.9917308281795681,13.336791218280357,MV,0.0,0
17,815111.2,815111,2,0.9866322233095681,13.336791218280357,MV,0.0,0
17,822371.2,822371,2,0.988458186366916,13.336791218280357,MV,0.0,0
17,820611.2,820611,2,0.9905272147298453,13.336791218280357,MV,0.0,0
17,822641.2,822641,2,0.9886997254519287,13.336791218280357,MV,0.0,0
17,618431.2,618431,2,0.9910862483867808,13.336791218280357,MV,0.0,0
17,bt10401.2,bt10401,2,0.9681793510596559,0.2193931022920578,LV,0.0,0
17,bt197792.2,bt197792,2,0.9673458224949182,0.2193931022920578,LV,0.0,0
17,bt800551.2,bt800551,2,0.9673458225144178,0.2193931022920578,LV,0.0,0
17,bt295341.2,bt295341,2,0.9657828510914468,0.2193931022920578,LV,0.0,0
17,bt800541.2,bt800541,2,0.9665514487358597,0.2193931022920578,LV,0.0,0
17,bt295361.2,bt295361,2,0.9645454702140219,0.2193931022920578,LV,0.0,0
17,bt474991.2,bt474991,2,0.9641492501525246,0.2193931022920578,LV,0.0,0
17,uc1627323.2,uc1627323,2,0.9622398674958543,0.2193931022920578,LV,0.0,0
17,uc3405987.2,uc3405987,2,0.9797793784404916,0.2193931022920578,LV,0.0,0
17,uc3405846.2,uc3405846,2,0.9755626427566065,0.2193931022920578,LV,0.0,0
17,uc3405847.2,uc3405847,2,0.9814462420911557,0.2193931022920578,LV,0.0,0
17,uc3405838.2,uc3405838,2,0.9675209252777035,0.2193931022920578,LV,0.0,0
17,uc1607326.2,uc1607326,2,0.9765643630594871,0.2193931022920578,LV,0.0,0
17,uc1607316.2,uc1607316,2,0.9751704122010872,0.2193931022920578,LV,0.0,0
17,uc1607308.2,uc1607308,2,0.9775457203803686,0.2193931022920578,LV,0.0,0
17,uc1623434.2,uc1623434,2,0.0,0.1270170592217177,LV,0.95,1
17,uc1620373.2,uc1620373,2,0.9837036285258455,0.2193931022920578,LV,0.0,0
17,uc1607302.2,uc1607302,2,0.9830366087006172,0.2193931022920578,LV,0.0,0
17,uc1607304.2,uc1607304,2,0.9829328923004562,0.2193931022920578,LV,0.0,0
17,uc1607306.2,uc1607306,2,0.9762702583746031,0.2193931022920578,LV,0.0,0
17,uc1607299.2,uc1607299,2,0.983960696013198,0.2193931022920578,LV,0.0,0
17,uc1607297.2,uc1607297,2,0.9835681650933308,0.2193931022920578,LV,0.0,0
17,uc1607298.2,uc1607298,2,0.9843719021328662,0.2193931022920578,LV,0.0,0
17,uc1607289.2,uc1607289,2,0.9879451722719482,0.2193931022920578,LV,0.0,0
17,uc1607291.2,uc1607291,2,0.9825394380472371,0.2193931022920578,LV,0.0,0
17,uc1607292.2,uc1607292,2,0.981322612053002,0.2193931022920578,LV,0.0,0
17,uc1607280.2,uc1607280,2,0.9794295802621766,0.2193931022920578,LV,0.0,0
17,uc1607284.2,uc1607284,2,0.9802754946838537,0.2193931022920578,LV,0.0,0
17,uc1607285.2,uc1607285,2,0.9800213615943113,0.2193931022920578,LV,0.0,0
17,uc1607288.2,uc1607288,2,0.9807682306815115,0.2193931022920578,LV,0.0,0
17,uc1607279.2,uc1607279,2,0.9819630072970902,0.2193931022920578,LV,0.0,0
17,uc1607355.2,uc1607355,2,0.9837419594989466,0.2193931022920578,LV,0.0,0
17,uc1607357.2,uc1607357,2,0.9851855165138623,0.2193931022920578,LV,0.0,0
17,uc1607358.2,uc1607358,2,0.9807097028365517,0.2193931022920578,LV,0.0,0
17,uc1607368.2,uc1607368,2,0.0,0.1270170592217177,LV,0.95,1
17,uc1607276.2,uc1607276,2,0.9949477576765574,0.2193931022920578,LV,0.0,0
17,uc1607278.2,uc1607278,2,0.9939549482707231,0.2193931022920578,LV,0.0,0
17,uc1607273.2,uc1607273,2,0.9908535639650836,0.2193931022920578,LV,0.0,0
17,uc1607328.2,uc1607328,2,0.9754652693044199,0.2193931022920578,LV,0.0,0
17,uc1607347.2,uc1607347,2,1.0224537557188769,0.2193931022920578,LV,0.0,0
17,uc1607350.2,uc1607350,2,1.0008208922978068,0.2193931022920578,LV,0.0,0
17,uc1107341.2,uc1107341,2,0.9703620093165645,0.2193931022920578,LV,0.0,0
17,uc1107333.2,uc1107333,2,0.9742021958283005,0.2193931022920578,LV,0.0,0
17,uc1607268.2,uc1607268,2,0.9913455486522682,0.2193931022920578,LV,0.0,0
17,uc1607252.2,uc1607252,2,0.9721763347663733,0.2193931022920578,LV,0.0,0
17,uc1606000.2,uc1606000,2,0.9798439385536742,0.2193931022920578,LV,0.0,0
17,uc1607255.2,uc1607255,2,0.982440073056458,0.2193931022920578,LV,0.0,0
17,uc1607258.2,uc1607258,2,0.9721965313810259,0.2193931022920578,LV,0.0,0
17,uc1124041.2,uc1124041,2,0.9748769691684105,0.2193931022920578,LV,0.0,0
17,uc1124340.2,uc1124340,2,0.9800084807181678,0.2193931022920578,LV,0.0,0
17,uc1121173.2,uc1121173,2,0.974424456071157,0.2193931022920578,LV,0.0,0
17,uc1107345.2,uc1107345,2,0.9799600492966747,0.2193931022920578,LV,0.0,0
17,uc605816.2,uc605816,2,0.9897692459511129,0.2193931022920578,LV,0.0,0
17,uc605812.2,uc605812,2,0.964235117098955,0.2193931022920578,LV,0.0,0
17,uc605813.2,uc605813,2,0.9878412369183496,0.2193931022920578,LV,0.0,0
17,uc609685.2,uc609685,2,0.9879669508797557,0.2193931022920578,LV,0.0,0
17,uc609688.2,uc609688,2,0.9880187449108093,0.2193931022920578,LV,0.0,0
17,uc621168.2,uc621168,2,0.9796303429414667,0.2193931022920578,LV,0.0,0
17,uc621171.2,uc621171,2,0.9816157416843302,0.2193931022920578,LV,0.0,0
17,uc605810.2,uc605810,2,0.985471149457048,0.2193931022920578,LV,0.0,0
17,uc605807.2,uc605807,2,0.9681280592637093,0.2193931022920578,LV,0.0,0
17,uc605801.2,uc605801,2,0.9842594160855347,0.2193931022920578,LV,0.0,0
17,uc607384.2,uc607384,2,0.9813699732393067,0.2193931022920578,LV,0.0,0
17,uc607385.2,uc607385,2,0.9779694125803816,0.2193931022920578,LV,0.0,0
17,uc609682.2,uc609682,2,0.9665455344099231,0.2193931022920578,LV,0.0,0
17,uc609683.2,uc609683,2,0.9844820590663138,0.2193931022920578,LV,0.0,0
17,uc607377.2,uc607377,2,0.988662783246208,0.2193931022920578,LV,0.0,0
17,uc607382.2,uc607382,2,0.982358517340346,0.2193931022920578,LV,0.0,0
17,uc606117.2,uc606117,2,0.9856543926158414,0.2193931022920578,LV,0.0,0
17,uc606120.2,uc606120,2,0.9846614967574959,0.2193931022920578,LV,0.0,0
17,uc623433.2,uc623433,2,0.9676309754117041,0.2193931022920578,LV,0.0,0
17,uc623007.2,uc623007,2,0.9875262358423715,0.2193931022920578,LV,0.0,0
17,uc606147.2,uc606147,2,1.01843168163432,0.2193931022920578,LV,0.0,0
17,uc606148.2,uc606148,2,0.996018645959471,0.2193931022920578,LV,0.0,0
17,uc606150.2,uc606150,2,0.9940573900237587,0.2193931022920578,LV,0.0,0
17,uc606109.2,uc606109,2,0.9822225057638403,0.2193931022920578,LV,0.0,0
17,uc606110.2,uc606110,2,0.9807297550039696,0.2193931022920578,LV,0.0,0
17,uc606111.2,uc606111,2,0.9854516829364129,0.2193931022920578,LV,0.0,0
17,uc622720.2,uc622720,2,0.9807231522837269,0.2193931022920578,LV,0.0,0
17,uc623004.2,uc623004,2,0.9800583617334945,0.2193931022920578,LV,0.0,0
17,uc606103.2,uc606103,2,0.9792326934916928,0.2193931022920578,LV,0.0,0
17,uc606139.2,uc606139,2,0.9910346322440561,0.2193931022920578,LV,0.0,0
17,uc606143.2,uc606143,2,1.0043273026153885,0.2193931022920578,LV,0.0,0
17,uc605921.2,uc605921,2,0.9821375199436534,0.2193931022920578,LV,0.0,0
17,uc605915.2,uc605915,2,0.9847612592553663,0.2193931022920578,LV,0.0,0
17,uc606101.2,uc606101,2,0.9856723153428554,0.2193931022920578,LV,0.0,0
17,uc622273.2,uc622273,2,1.001110124997665,0.2193931022920578,LV,0.0,0
17,uc605990.2,uc605990,2,0.965782589473858,0.2193931022920578,LV,0.0,0
17,uc606130.2,uc606130,2,0.9845144033584856,0.2193931022920578,LV,0.0,0
17,uc606132.2,uc606132,2,0.98162520183878,0.2193931022920578,LV,0.0,0
17,uc622258.2,uc622258,2,0.9854896089766326,0.2193931022920578,LV,0.0,0
17,uc622270.2,uc622270,2,0.9919324154894807,0.2193931022920578,LV,0.0,0
17,uc605905.2,uc605905,2,0.9801736525466194,0.2193931022920578,LV,0.0,0
17,uc605909.2,uc605909,2,0.988294824554132,0.2193931022920578,LV,0.0,0
17,uc605910.2,uc605910,2,0.9849671388271586,0.2193931022920578,LV,0.0,0
17,uc605911.2,uc605911,2,0.9866585701820332,0.2193931022920578,LV,0.0,0
17,uc606128.2,uc606128,2,0.9823992869786884,0.2193931022920578,LV,0.0,0
17,uc605904.2,uc605904,2,0.9803575208139703,0.2193931022920578,LV,0.0,0
17,uc1239552.2,uc1239552,2,0.9847680561356233,0.2193931022920578,LV,0.0,0
17,uc605817.2,uc605817,2,0.9832892699117814,0.2193931022920578,LV,0.0,0
17,uc605819.2,uc605819,2,0.9860281935725703,0.2193931022920578,LV,0.0,0
17,uc605820.2,uc605820,2,0.9663650796545232,0.2193931022920578,LV,0.0,0
17,uc605821.2,uc605821,2,0.9757434529437886,0.2193931022920578,LV,0.0,0
17,uc605822.2,uc605822,2,0.9660476036998459,0.2193931022920578,LV,0.0,0
17,uc639280.2,uc639280,2,0.991341185775507,0.2193931022920578,LV,0.0,0
17,uc605898.2,uc605898,2,0.9896713847634349,0.2193931022920578,LV,0.0,0
17,uc605902.2,uc605902,2,0.9811884832210238,0.2193931022920578,LV,0.0,0
17,uc605982.2,uc605982,2,0.9678738073349764,0.2193931022920578,LV,0.0,0
17,uc605988.2,uc605988,2,0.964358403990612,0.2193931022920578,LV,0.0,0
17,uc606126.2,uc606126,2,0.9906953583871919,0.2193931022920578,LV,0.0,0
17,uc606127.2,uc606127,2,0.9826050543994811,0.2193931022920578,LV,0.0,0
17,uc605896.2,uc605896,2,0.9693843595684924,0.2193931022920578,LV,0.0,0
17,uc606121.2,uc606121,2,0.9810920874434197,0.2193931022920578,LV,0.0,0
17,uc606122.2,uc606122,2,0.9752860121838408,0.2193931022920578,LV,0.0,0
17,uc606123.2,uc606123,2,0.9932460983671024,0.2193931022920578,LV,0.0,0
17,uc622709.2,uc622709,2,0.9806601889689488,0.2193931022920578,LV,0.0,0
17,uc639277.2,uc639277,2,0.9760225489303277,0.2193931022920578,LV,0.0,0
17,uc1139390.2,uc1139390,2,0.9847318691624974,0.2193931022920578,LV,0.0,0
17,uc605864.2,uc605864,2,0.9780905794362745,0.2193931022920578,LV,0.0,0
17,uc605865.2,uc605865,2,0.9788326378224755,0.2193931022920578,LV,0.0,0
17,uc638617.2,uc638617,2,0.9779456258562462,0.2193931022920578,LV,0.0,0
17,uc605855.2,uc605855,2,0.9698890997030326,0.2193931022920578,LV,0.0,0
17,uc1638606.2,uc1638606,2,0.9863775945465786,0.2193931022920578,LV,0.0,0
17,uc1638954.2,uc1638954,2,0.9901859273482034,0.2193931022920578,LV,0.0,0
17,uc605836.2,uc605836,2,0.944013349486758,0.2193931022920578,LV,0.005986650513241987,1
17,uc1607303.2,uc1607303,2,0.981309955468474,0.2193931022920578,LV,0.0,0
17,uc637705.2,uc637705,2,0.9835605807387827,0.2193931022920578,LV,0.0,0
17,uc1637704.2,uc1637704,2,1.0015294494798812,0.2193931022920578,LV,0.0,0
17,uc637576.2,uc637576,2,0.9934913260687547,0.2193931022920578,LV,0.0,0
17,uc637918.2,uc637918,2,0.9919818234225024,0.2193931022920578,LV,0.0,0
17,uc637360.2,uc637360,2,0.9814580771102154,0.2193931022920578,LV,0.0,0
17,uc637397.2,uc637397,2,0.9767407620650244,0.2193931022920578,LV,0.0,0
17,uc636933.2,uc636933,2,0.9893487093483522,0.2193931022920578,LV,0.0,0
17,uc605908.2,uc605908,2,0.9904680749442312,0.2193931022920578,LV,0.0,0
17,uc635963.2,uc635963,2,0.9848814155419323,0.2193931022920578,LV,0.0,0
17,uc635543.2,uc635543,2,0.9854715563358225,0.2193931022920578,LV,0.0,0
17,uc635966.2,uc635966,2,0.9849614756489297,0.2193931022920578,LV,0.0,0
17,uc627328.2,uc627328,2,0.9637085228229381,0.2193931022920578,LV,0.0,0
17,uc635550.2,uc635550,2,0.9866179612216013,0.2193931022920578,LV,0.0,0
17,uc635862.2,uc635862,2,0.9871599157585839,0.2193931022920578,LV,0.0,0
17,uc3435739.2,uc3435739,2,0.9813168913959476,0.2193931022920578,LV,0.0,0
17,uc634166.2,uc634166,2,0.9856508233086042,0.2193931022920578,LV,0.0,0
17,uc1633671.2,uc1633671,2,0.9959871551071225,0.2193931022920578,LV,0.0,0
17,uc633056.2,uc633056,2,0.9842169529034112,0.2193931022920578,LV,0.0,0
17,uc632607.2,uc632607,2,0.9417701151812746,0.2193931022920578,LV,0.00822988481872533,1
17,uc1632402.2,uc1632402,2,0.977174154813295,0.2193931022920578,LV,0.0,0
17,uc1131858.2,uc1131858,2,0.970593476093553,0.2193931022920578,LV,0.0,0
17,uc631391.2,uc631391,2,0.9785431886217739,0.2193931022920578,LV,0.0,0
17,uc1630759.2,uc1630759,2,0.9750227149655641,0.2193931022920578,LV,0.0,0
17,uc630758.2,uc630758,2,0.9930953908701116,0.2193931022920578,LV,0.0,0
17,uc630753.2,uc630753,2,0.9754892660589579,0.2193931022920578,LV,0.0,0
17,uc628766.2,uc628766,2,0.9845385290595482,0.2193931022920578,LV,0.0,0
17,uc627346.2,uc627346,2,0.9868599939625122,0.2193931022920578,LV,0.0,0
17,uc1629422.2,uc1629422,2,0.9814091073797104,0.2193931022920578,LV,0.0,0
17,60651.3,60651,3,0.990558061838229,13.336791218280357,MV,0.0,0
17,60721.3,60721,3,0.9905037135165898,13.336791218280357,MV,0.0,0
17,164151.3,164151,3,0.9911176053436417,13.336791218280357,MV,0.0,0
17,302191.3,302191,3,0.9855240171525298,13.336791218280357,MV,0.0,0
17,320841.3,320841,3,0.987085238996838,13.336791218280357,MV,0.0,0
17,337711.3,337711,3,0.9855470258612116,13.336791218280357,MV,0.0,0
17,358691.3,358691,3,0.9976402583297331,13.336791218280357,MV,0.0,0
17,et6_1177.3,et6_1177,3,0.9898036293325109,0.2193931022920578,LV,0.0,0
17,461501.3,461501,3,0.9910601392524909,13.336791218280357,MV,0.0,0
17,686891.3,686891,3,0.9890945978634698,13.336791218280357,MV,0.0,0
17,703601.3,703601,3,0.9913360306016585,13.336791218280357,MV,0.0,0
17,713791.3,713791,3,0.9885089649977811,13.336791218280357,MV,0.0,0
17,725731.3,725731,3,0.9875660224070678,13.336791218280357,MV,0.0,0
17,809501.3,809501,3,0.9893065449236015,13.336791218280357,MV,0.0,0
17,811221.3,811221,3,0.9912019451812719,13.336791218280357,MV,0.0,0
17,815111.3,815111,3,0.9855610682239353,13.336791218280357,MV,0.0,0
17,822371.3,822371,3,0.987897689287027,13.336791218280357,MV,0.0,0
17,820611.3,820611,3,0.9899923724220452,13.336791218280357,MV,0.0,0
17,822641.3,822641,3,0.9881332392051492,13.336791218280357,MV,0.0,0
17,618431.3,618431,3,0.9905572718300192,13.336791218280357,MV,0.0,0
17,bt10401.3,bt10401,3,0.9905009218237227,0.2193931022920578,LV,0.0,0
17,bt197792.3,bt197792,3,0.990450316357125,0.2193931022920578,LV,0.0,0
17,bt800551.3,bt800551,3,0.9904591213839762,0.2193931022920578,LV,0.0,0
17,bt295341.3,bt295341,3,0.9904382794103354,0.2193931022920578,LV,0.0,0
17,bt800541.3,bt800541,3,0.9904433176364127,0.2193931022920578,LV,0.0,0
17,bt295361.3,bt295361,3,0.9904382800772916,0.2193931022920578,LV,0.0,0
17,bt474991.3,bt474991,3,0.9904382805303761,0.2193931022920578,LV,0.0,0
17,uc627336.3,uc627336,3,0.9870639618218392,0.2193931022920578,LV,0.0,0
17,uc1620373.3,uc1620373,3,0.9855142036745598,0.2193931022920578,LV,0.0,0
17,uc1607302.3,uc1607302,3,0.9847925959948091,0.2193931022920578,LV,0.0,0
17,uc1607304.3,uc1607304,3,0.9847370000241084,0.2193931022920578,LV,0.0,0
17,uc1607298.3,uc1607298,3,0.9868897469979436,0.2193931022920578,LV,0.0,0
17,uc1607280.3,uc1607280,3,0.9810025113116569,0.2193931022920578,LV,0.0,0
17,uc1607285.3,uc1607285,3,0.9838637857982734,0.2193931022920578,LV,0.0,0
17,uc1607279.3,uc1607279,3,0.983537766001376,0.2193931022920578,LV,0.0,0
17,uc1607347.3,uc1607347,3,1.0242368263473556,0.2193931022920578,LV,0.0,0
17,uc1124340.3,uc1124340,3,0.9841930056986483,0.2193931022920578,LV,0.0,0
17,uc605816.3,uc605816,3,0.9917657530818481,0.2193931022920578,LV,0.0,0
17,uc605815.3,uc605815,3,0.9847102458610018,0.2193931022920578,LV,0.0,0
17,uc621171.3,uc621171,3,0.9826494772571579,0.2193931022920578,LV,0.0,0
17,uc607384.3,uc607384,3,0.9824105008319503,0.2193931022920578,LV,0.0,0
17,uc606117.3,uc606117,3,0.9866903528681499,0.2193931022920578,LV,0.0,0
17,uc606120.3,uc606120,3,0.9856969276868497,0.2193931022920578,LV,0.0,0
17,uc623007.3,uc623007,3,0.9890303657179567,0.2193931022920578,LV,0.0,0
17,uc605867.3,uc605867,3,0.9820698706987425,0.2193931022920578,LV,0.0,0
17,uc606150.3,uc606150,3,0.9943407919104914,0.2193931022920578,LV,0.0,0
17,uc606109.3,uc606109,3,0.9832565930952891,0.2193931022920578,LV,0.0,0
17,uc606110.3,uc606110,3,0.9817630591114845,0.2193931022920578,LV,0.0,0
17,uc606111.3,uc606111,3,0.9864875318983399,0.2193931022920578,LV,0.0,0
17,uc622722.3,uc622722,3,0.9846810788852627,0.2193931022920578,LV,0.0,0
17,uc623004.3,uc623004,3,0.9858850949469261,0.2193931022920578,LV,0.0,0
17,uc606101.3,uc606101,3,0.9866975987305072,0.2193931022920578,LV,0.0,0
17,uc606132.3,uc606132,3,0.9826647520582089,0.2193931022920578,LV,0.0,0
17,uc605910.3,uc605910,3,0.9859951074960306,0.2193931022920578,LV,0.0,0
17,uc605911.3,uc605911,3,0.9876874814125884,0.2193931022920578,LV,0.0,0
17,uc605904.3,uc605904,3,0.9870952589998522,0.2193931022920578,LV,0.0,0
17,uc1239552.3,uc1239552,3,0.9865790374674875,0.2193931022920578,LV,0.0,0
17,uc605821.3,uc605821,3,0.9817359027438438,0.2193931022920578,LV,0.0,0
17,uc639280.3,uc639280,3,0.9926959328908308,0.2193931022920578,LV,0.0,0
17,uc605898.3,uc605898,3,0.9875011911834227,0.2193931022920578,LV,0.0,0
17,uc605902.3,uc605902,3,0.9821528541572926,0.2193931022920578,LV,0.0,0
17,uc606126.3,uc606126,3,0.9917345573391891,0.2193931022920578,LV,0.0,0
17,uc606127.3,uc606127,3,0.9836449430648273,0.2193931022920578,LV,0.0,0
17,uc606121.3,uc606121,3,0.9821244374337893,0.2193931022920578,LV,0.0,0
17,uc606122.3,uc606122,3,0.9763140814308503,0.2193931022920578,LV,0.0,0
17,uc639277.3,uc639277,3,0.9820154294329817,0.2193931022920578,LV,0.0,0
17,uc1139390.3,uc1139390,3,0.9865427839458092,0.2193931022920578,LV,0.0,0
17,uc637576.3,uc637576,3,0.9945231711094727,0.2193931022920578,LV,0.0,0
17,uc637918.3,uc637918,3,0.9933362180474541,0.2193931022920578,LV,0.0,0
17,uc637360.3,uc637360,3,0.9824916290238243,0.2193931022920578,LV,0.0,0
17,uc637397.3,uc637397,3,0.9787541518132468,0.2193931022920578,LV,0.0,0
17,uc635963.3,uc635963,3,0.9859169687469848,0.2193931022920578,LV,0.0,0
17,uc635543.3,uc635543,3,0.9865043171244915,0.2193931022920578,LV,0.0,0
17,uc635966.3,uc635966,3,0.9859941577189905,0.2193931022920578,LV,0.0,0
17,uc635550.3,uc635550,3,0.9876606516193605,0.2193931022920578,LV,0.0,0
17,uc635862.3,uc635862,3,0.9858607178369493,0.2193931022920578,LV,0.0,0
17,uc1633671.3,uc1633671,3,0.9961410090230522,0.2193931022920578,LV,0.0,0
17,uc632607.3,uc632607,3,0.943768963568817,0.2193931022920578,LV,0.006231036431182946,1
17,uc1629422.3,uc1629422,3,0.9874405108219696,0.2193931022920578,LV,0.0,0
18,60651.1,60651,1,0.9891210835778738,13.336791218280357,MV,0.0,0
18,60721.1,60721,1,0.9890683960633124,13.336791218280357,MV,0.0,0
18,164151.1,164151,1,0.9895897290267964,13.336791218280357,MV,0.0,0
18,302191.1,302191,1,0.9806991670955427,13.336791218280357,MV,0.0,0
18,320841.1,320841,1,0.9859484655464682,13.336791218280357,MV,0.0,0
18,337711.1,337711,1,0.9807426352995338,13.336791218280357,MV,0.0,0
18,358691.1,358691,1,0.9971863674424706,13.336791218280357,MV,0.0,0
18,et6_1177.1,et6_1177,1,0.9872721844924767,0.2193931022920578,LV,0.0,0
18,461501.1,461501,1,0.9888919106413332,13.336791218280357,MV,0.0,0
18,686891.1,686891,1,0.9875039070747368,13.336791218280357,MV,0.0,0
18,703601.1,703601,1,0.9897933350765558,13.336791218280357,MV,0.0,0
18,713791.1,713791,1,0.9870181213601606,13.336791218280357,MV,0.0,0
18,725731.1,725731,1,0.986264316078575,13.336791218280357,MV,0.0,0
18,809501.1,809501,1,0.9877674145686852,13.336791218280357,MV,0.0,0
18,811221.1,811221,1,0.9896365408396566,13.336791218280357,MV,0.0,0
18,815111.1,815111,1,0.9807028092566316,13.336791218280357,MV,0.0,0
18,822371.1,822371,1,0.9865387322561263,13.336791218280357,MV,0.0,0
18,820611.1,820611,1,0.9886197307934455,13.336791218280357,MV,0.0,0
18,822641.1,822641,1,0.9866313378358492,13.336791218280357,MV,0.0,0
18,618431.1,618431,1,0.9891212028843042,13.336791218280357,MV,0.0,0
18,bt10401.1,bt10401,1,0.975551195589485,0.2193931022920578,LV,0.0,0
18,bt197792.1,bt197792,1,0.9738971579410137,0.2193931022920578,LV,0.0,0
18,bt800551.1,bt800551,1,0.9743900476861523,0.2193931022920578,LV,0.0,0
18,bt295341.1,bt295341,1,0.9731200480198979,0.2193931022920578,LV,0.0,0
18,bt800541.1,bt800541,1,0.9736641204889374,0.2193931022920578,LV,0.0,0
18,bt295361.1,bt295361,1,0.9726022510171063,0.2193931022920578,LV,0.0,0
18,bt474991.1,bt474991,1,0.9721944953531552,0.2193931022920578,LV,0.0,0
18,uc626695.1,uc626695,1,0.9690142154360905,0.2193931022920578,LV,0.0,0
18,uc1627323.1,uc1627323,1,0.9701370946188869,0.2193931022920578,LV,0.0,0
18,uc1627342.1,uc1627342,1,0.990312078128628,0.2193931022920578,LV,0.0,0
18,uc627343.1,uc627343,1,0.9853397001609487,0.2193931022920578,LV,0.0,0
18,uc627344.1,uc627344,1,0.9876106515174757,0.2193931022920578,LV,0.0,0
18,uc1626672.1,uc1626672,1,0.0,0.1270170592217177,LV,0.95,1
18,uc1626490.1,uc1626490,1,0.9918753630814552,0.2193931022920578,LV,0.0,0
18,uc3422706.1,uc3422706,1,0.9829860384573079,0.2193931022920578,LV,0.0,0
18,uc3425629.1,uc3425629,1,0.9831735985044446,0.2193931022920578,LV,0.0,0
18,uc3422597.1,uc3422597,1,0.9762621995436023,0.2193931022920578,LV,0.0,0
18,uc3405843.1,uc3405843,1,0.9768278835030242,0.2193931022920578,LV,0.0,0
18,uc3405844.1,uc3405844,1,0.9793562080700244,0.2193931022920578,LV,0.0,0
18,uc3405845.1,uc3405845,1,0.979061911538865,0.2193931022920578,LV,0.0,0
18,uc3405846.1,uc3405846,1,0.9773388579435414,0.2193931022920578,LV,0.0,0
18,uc1626486.1,uc1626486,1,0.9919636662236395,0.2193931022920578,LV,0.0,0
18,uc1626487.1,uc1626487,1,0.9794647209933498,0.2193931022920578,LV,0.0,0
18,uc626481.1,uc626481,1,0.9807984871602283,0.2193931022920578,LV,0.0,0
18,uc626678.1,uc626678,1,0.971394526279909,0.2193931022920578,LV,0.0,0
18,uc626698.1,uc626698,1,0.9848683749748677,0.2193931022920578,LV,0.0,0
18,uc626476.1,uc626476,1,0.9609060881082094,0.2193931022920578,LV,0.0,0
18,uc1627321.1,uc1627321,1,0.9894226331289038,0.2193931022920578,LV,0.0,0
18,uc1607319.1,uc1607319,1,0.9766562600007406,0.2193931022920578,LV,0.0,0
18,uc1607308.1,uc1607308,1,0.9771264285478065,0.2193931022920578,LV,0.0,0
18,uc1624026.1,uc1624026,1,0.0,0.1270170592217177,LV,0.95,1
18,uc1625170.1,uc1625170,1,0.9871620088802272,0.2193931022920578,LV,0.0,0
18,uc1621994.1,uc1621994,1,0.9908560030674526,0.2193931022920578,LV,0.0,0
18,uc1620360.1,uc1620360,1,0.9927328677781558,0.2193931022920578,LV,0.0,0
18,uc1620373.1,uc1620373,1,0.9809657859295606,0.2193931022920578,LV,0.0,0
18,uc1607302.1,uc1607302,1,0.9801053452681696,0.2193931022920578,LV,0.0,0
18,uc1607304.1,uc1607304,1,0.9763825549824027,0.2193931022920578,LV,0.0,0
18,uc1607305.1,uc1607305,1,0.9749761630258796,0.2193931022920578,LV,0.0,0
18,uc1607306.1,uc1607306,1,0.9754800822912415,0.2193931022920578,LV,0.0,0
18,uc1607297.1,uc1607297,1,0.9846525276428032,0.2193931022920578,LV,0.0,0
18,uc1607298.1,uc1607298,1,0.9828207817657733,0.2193931022920578,LV,0.0,0
18,uc1607289.1,uc1607289,1,0.9872698252452267,0.2193931022920578,LV,0.0,0
18,uc1607290.1,uc1607290,1,0.9875260932317433,0.2193931022920578,LV,0.0,0
18,uc1607291.1,uc1607291,1,0.9849567366254458,0.2193931022920578,LV,0.0,0
18,uc1607280.1,uc1607280,1,0.9754785388761661,0.2193931022920578,LV,0.0,0
18,uc1607283.1,uc1607283,1,0.9663772407868712,0.2193931022920578,LV,0.0,0
18,uc1607285.1,uc1607285,1,0.9717631600467385,0.2193931022920578,LV,0.0,0
18,uc1607287.1,uc1607287,1,0.9733645565428833,0.2193931022920578,LV,0.0,0
18,uc1607288.1,uc1607288,1,0.982752405966484,0.2193931022920578,LV,0.0,0
18,uc1607279.1,uc1607279,1,0.9787451771696773,0.2193931022920578,LV,0.0,0
18,uc1607357.1,uc1607357,1,0.9839320954364849,0.2193931022920578,LV,0.0,0
18,uc1607358.1,uc1607358,1,0.9826891976049669,0.2193931022920578,LV,0.0,0
18,uc1607368.1,uc1607368,1,0.0,0.1270170592217177,LV,0.95,1
18,uc1607277.1,uc1607277,1,0.996112179492383,0.2193931022920578,LV,0.0,0
18,uc1607278.1,uc1607278,1,0.9972023296593348,0.2193931022920578,LV,0.0,0
18,uc1607272.1,uc1607272,1,0.9772634685889278,0.2193931022920578,LV,0.0,0
18,uc1607273.1,uc1607273,1,0.997593655780948,0.2193931022920578,LV,0.0,0
18,uc1607353.1,uc1607353,1,0.9846039839501123,0.2193931022920578,LV,0.0,0
18,uc1607347.1,uc1607347,1,0.9882987234685412,0.2193931022920578,LV,0.0,0
18,uc1607349.1,uc1607349,1,0.9858239472647881,0.2193931022920578,LV,0.0,0
18,uc1107342.1,uc1107342,1,0.9733375853249121,0.2193931022920578,LV,0.0,0
18,uc1107340.1,uc1107340,1,0.9609721011270209,0.2193931022920578,LV,0.0,0
18,uc1105833.1,uc1105833,1,0.9792162325300716,0.2193931022920578,LV,0.0,0
18,uc1107330.1,uc1107330,1,0.9591393982427107,0.2193931022920578,LV,0.0,0
18,uc1607265.1,uc1607265,1,0.9630368698791499,0.2193931022920578,LV,0.0,0
18,uc1607268.1,uc1607268,1,0.9904501882160771,0.2193931022920578,LV,0.0,0
18,uc1607252.1,uc1607252,1,0.9752983487687732,0.2193931022920578,LV,0.0,0
18,uc1605991.1,uc1605991,1,0.9804770765036456,0.2193931022920578,LV,0.0,0
18,uc1605996.1,uc1605996,1,0.9783856070395097,0.2193931022920578,LV,0.0,0
18,uc1607257.1,uc1607257,1,0.9813946042873606,0.2193931022920578,LV,0.0,0
18,uc1607258.1,uc1607258,1,0.9753241845092973,0.2193931022920578,LV,0.0,0
18,uc1124340.1,uc1124340,1,0.9749280345338796,0.2193931022920578,LV,0.0,0
18,uc605816.1,uc605816,1,0.9718957993752098,0.2193931022920578,LV,0.0,0
18,uc605813.1,uc605813,1,0.9860178853952687,0.2193931022920578,LV,0.0,0
18,uc609684.1,uc609684,1,0.9886083948441625,0.2193931022920578,LV,0.0,0
18,uc609686.1,uc609686,1,0.9897347596015459,0.2193931022920578,LV,0.0,0
18,uc609688.1,uc609688,1,0.9774285728870462,0.2193931022920578,LV,0.0,0
18,uc621168.1,uc621168,1,0.9830321041891863,0.2193931022920578,LV,0.0,0
18,uc621171.1,uc621171,1,0.9807017427907474,0.2193931022920578,LV,0.0,0
18,uc605808.1,uc605808,1,0.9907132583265995,0.2193931022920578,LV,0.0,0
18,uc605809.1,uc605809,1,0.9737715304924777,0.2193931022920578,LV,0.0,0
18,uc605810.1,uc605810,1,0.9858073919857103,0.2193931022920578,LV,0.0,0
18,uc605970.1,uc605970,1,0.9818062896597537,0.2193931022920578,LV,0.0,0
18,uc605803.1,uc605803,1,0.9832709370932677,0.2193931022920578,LV,0.0,0
18,uc605804.1,uc605804,1,0.9862092162386524,0.2193931022920578,LV,0.0,0
18,uc605806.1,uc605806,1,0.9839192841991548,0.2193931022920578,LV,0.0,0
18,uc607384.1,uc607384,1,0.9799301869945847,0.2193931022920578,LV,0.0,0
18,uc607387.1,uc607387,1,0.9851396039001199,0.2193931022920578,LV,0.0,0
18,uc609682.1,uc609682,1,0.9671935334419987,0.2193931022920578,LV,0.0,0
18,uc624033.1,uc624033,1,0.9934244690022681,0.2193931022920578,LV,0.0,0
18,uc625156.1,uc625156,1,0.9833571850696624,0.2193931022920578,LV,0.0,0
18,uc625624.1,uc625624,1,0.9730533746032188,0.2193931022920578,LV,0.0,0
18,uc625625.1,uc625625,1,0.9893371994321893,0.2193931022920578,LV,0.0,0
18,uc607366.1,uc607366,1,0.9736690693543597,0.2193931022920578,LV,0.0,0
18,uc607367.1,uc607367,1,0.9853456462621236,0.2193931022920578,LV,0.0,0
18,uc606114.1,uc606114,1,0.980047136209635,0.2193931022920578,LV,0.0,0
18,uc606117.1,uc606117,1,0.9859091770435099,0.2193931022920578,LV,0.0,0
18,uc606120.1,uc606120,1,0.9846001973520421,0.2193931022920578,LV,0.0,0
18,uc623015.1,uc623015,1,0.9728048732746729,0.2193931022920578,LV,0.0,0
18,uc623432.1,uc623432,1,0.9768047394358069,0.2193931022920578,LV,0.0,0
18,uc624028.1,uc624028,1,0.9796764170536985,0.2193931022920578,LV,0.0,0
18,uc605873.1,uc605873,1,0.984388888473631,0.2193931022920578,LV,0.0,0
18,uc623007.1,uc623007,1,0.9862749545213395,0.2193931022920578,LV,0.0,0
18,uc606147.1,uc606147,1,0.9851281663659965,0.2193931022920578,LV,0.0,0
18,uc606148.1,uc606148,1,0.9953605713642187,0.2193931022920578,LV,0.0,0
18,uc606150.1,uc606150,1,0.9932018006926996,0.2193931022920578,LV,0.0,0
18,uc606109.1,uc606109,1,0.9814547802917467,0.2193931022920578,LV,0.0,0
18,uc606110.1,uc606110,1,0.9795286897631759,0.2193931022920578,LV,0.0,0
18,uc606111.1,uc606111,1,0.9856283493682403,0.2193931022920578,LV,0.0,0
18,uc622777.1,uc622777,1,0.9970898377317656,0.2193931022920578,LV,0.0,0
18,uc623004.1,uc623004,1,0.9713320936867796,0.2193931022920578,LV,0.0,0
18,uc606103.1,uc606103,1,0.9813842562317519,0.2193931022920578,LV,0.0,0
18,uc606139.1,uc606139,1,0.9849309386629839,0.2193931022920578,LV,0.0,0
18,uc606141.1,uc606141,1,0.9767997038396568,0.2193931022920578,LV,0.0,0
18,uc606143.1,uc606143,1,0.9870832563788313,0.2193931022920578,LV,0.0,0
18,uc605921.1,uc605921,1,0.9809180379985607,0.2193931022920578,LV,0.0,0
18,uc622713.1,uc622713,1,0.9850176807503387,0.2193931022920578,LV,0.0,0
18,uc622714.1,uc622714,1,0.9776242861559756,0.2193931022920578,LV,0.0,0
18,uc605993.1,uc605993,1,0.9841855864403756,0.2193931022920578,LV,0.0,0
18,uc606101.1,uc606101,1,0.9843274026670491,0.2193931022920578,LV,0.0,0
18,uc606102.1,uc606102,1,0.9843788434623132,0.2193931022920578,LV,0.0,0
18,uc622273.1,uc622273,1,0.9836642671645218,0.2193931022920578,LV,0.0,0
18,uc622703.1,uc622703,1,0.9690834054589815,0.2193931022920578,LV,0.0,0
18,uc605989.1,uc605989,1,0.9869426977833163,0.2193931022920578,LV,0.0,0
18,uc606130.1,uc606130,1,0.9874718792519245,0.2193931022920578,LV,0.0,0
18,uc606132.1,uc606132,1,0.9800812629862031,0.2193931022920578,LV,0.0,0
18,uc605914.1,uc605914,1,1.0011599239751336,0.2193931022920578,LV,0.0,0
18,uc622257.1,uc622257,1,0.9887448139940445,0.2193931022920578,LV,0.0,0
18,uc605909.1,uc605909,1,0.9895733430519631,0.2193931022920578,LV,0.0,0
18,uc605910.1,uc605910,1,0.9844215229002147,0.2193931022920578,LV,0.0,0
18,uc605911.1,uc605911,1,0.98661168075349,0.2193931022920578,LV,0.0,0
18,uc606128.1,uc606128,1,0.9851005103942547,0.2193931022920578,LV,0.0,0
18,uc605823.1,uc605823,1,0.9705568950362086,0.2193931022920578,LV,0.0,0
18,uc605824.1,uc605824,1,0.9806129507440206,0.2193931022920578,LV,0.0,0
18,uc605904.1,uc605904,1,0.9854877395188347,0.2193931022920578,LV,0.0,0
18,uc621999.1,uc621999,1,0.9838207344941309,0.2193931022920578,LV,0.0,0
18,uc639553.1,uc639553,1,0.981193088235394,0.2193931022920578,LV,0.0,0
18,uc1239552.1,uc1239552,1,0.9823650452603249,0.2193931022920578,LV,0.0,0
18,uc605817.1,uc605817,1,0.9817897992430197,0.2193931022920578,LV,0.0,0
18,uc605819.1,uc605819,1,0.9772744664207875,0.2193931022920578,LV,0.0,0
18,uc605820.1,uc605820,1,0.9752500485529709,0.2193931022920578,LV,0.0,0
18,uc605821.1,uc605821,1,0.9726929395100004,0.2193931022920578,LV,0.0,0
18,uc639280.1,uc639280,1,0.9821240376236794,0.2193931022920578,LV,0.0,0
18,uc605898.1,uc605898,1,0.9862418590895615,0.2193931022920578,LV,0.0,0
18,uc605901.1,uc605901,1,0.9879057163572941,0.2193931022920578,LV,0.0,0
18,uc605902.1,uc605902,1,0.9790189215904125,0.2193931022920578,LV,0.0,0
18,uc605985.1,uc605985,1,0.9763003606348859,0.2193931022920578,LV,0.0,0
18,uc606126.1,uc606126,1,0.9859866154681614,0.2193931022920578,LV,0.0,0
18,uc606127.1,uc606127,1,0.9813387943855054,0.2193931022920578,LV,0.0,0
18,uc605896.1,uc605896,1,0.9763298747351824,0.2193931022920578,LV,0.0,0
18,uc606121.1,uc606121,1,0.979629611913812,0.2193931022920578,LV,0.0,0
18,uc606122.1,uc606122,1,0.9720782832542343,0.2193931022920578,LV,0.0,0
18,uc606123.1,uc606123,1,0.983171456192406,0.2193931022920578,LV,0.0,0
18,uc606124.1,uc606124,1,0.9890363131466929,0.2193931022920578,LV,0.0,0
18,uc605825.1,uc605825,1,0.9727280523147234,0.2193931022920578,LV,0.0,0
18,uc623427.1,uc623427,1,0.9831714690151538,0.2193931022920578,LV,0.0,0
18,uc609687.1,uc609687,1,0.9909767828112104,0.2193931022920578,LV,0.0,0
18,uc639277.1,uc639277,1,0.9730533746086958,0.2193931022920578,LV,0.0,0
18,uc1139390.1,uc1139390,1,0.9823289465914252,0.2193931022920578,LV,0.0,0
18,uc605863.1,uc605863,1,0.9727738092224013,0.2193931022920578,LV,0.0,0
18,uc605865.1,uc605865,1,0.9736275198848013,0.2193931022920578,LV,0.0,0
18,uc1138614.1,uc1138614,1,0.9734920364772525,0.2193931022920578,LV,0.0,0
18,uc605855.1,uc605855,1,0.9714990966613821,0.2193931022920578,LV,0.0,0
18,uc605828.1,uc605828,1,0.9647630960199565,0.2193931022920578,LV,0.0,0
18,uc605829.1,uc605829,1,0.9787417398505291,0.2193931022920578,LV,0.0,0
18,uc605834.1,uc605834,1,0.9566185007418325,0.2193931022920578,LV,0.0,0
18,uc605835.1,uc605835,1,0.956822970667965,0.2193931022920578,LV,0.0,0
18,uc605827.1,uc605827,1,0.9645857512365158,0.2193931022920578,LV,0.0,0
18,uc627337.1,uc627337,1,0.9777686170958169,0.2193931022920578,LV,0.0,0
18,uc637912.1,uc637912,1,0.9789720755196087,0.2193931022920578,LV,0.0,0
18,uc637576.1,uc637576,1,0.9829779502431603,0.2193931022920578,LV,0.0,0
18,uc637356.1,uc637356,1,0.9822744243258235,0.2193931022920578,LV,0.0,0
18,uc637918.1,uc637918,1,0.9806777323767552,0.2193931022920578,LV,0.0,0
18,uc637360.1,uc637360,1,0.9804682685865732,0.2193931022920578,LV,0.0,0
18,uc637399.1,uc637399,1,0.973216732623167,0.2193931022920578,LV,0.0,0
18,uc637397.1,uc637397,1,0.9714375009398437,0.2193931022920578,LV,0.0,0
18,uc1137150.1,uc1137150,1,0.9785873591986588,0.2193931022920578,LV,0.0,0
18,uc1636598.1,uc1636598,1,0.0,0.1270170592217177,LV,0.95,1
18,uc636933.1,uc636933,1,0.9839722716020436,0.2193931022920578,LV,0.0,0
18,uc635963.1,uc635963,1,0.9849016846335852,0.2193931022920578,LV,0.0,0
18,uc635543.1,uc635543,1,0.9822545586809346,0.2193931022920578,LV,0.0,0
18,uc635966.1,uc635966,1,0.9821140100057404,0.2193931022920578,LV,0.0,0
18,uc635550.1,uc635550,1,0.9865035086698495,0.2193931022920578,LV,0.0,0
18,uc635862.1,uc635862,1,0.9790010140566786,0.2193931022920578,LV,0.0,0
18,uc1635694.1,uc1635694,1,0.9998856684568305,0.2193931022920578,LV,0.0,0
18,uc3435739.1,uc3435739,1,0.9741681882168783,0.2193931022920578,LV,0.0,0
18,uc1635060.1,uc1635060,1,0.9851232376405402,0.2193931022920578,LV,0.0,0
18,uc1607271.1,uc1607271,1,0.98866133767308,0.2193931022920578,LV,0.0,0
18,uc605884.1,uc605884,1,0.9829066701857386,0.2193931022920578,LV,0.0,0
18,uc1609690.1,uc1609690,1,0.9929042592764967,0.2193931022920578,LV,0.0,0
18,uc1134165.1,uc1134165,1,0.9613060291055711,0.2193931022920578,LV,0.0,0
18,uc634166.1,uc634166,1,0.9872329564618916,0.2193931022920578,LV,0.0,0
18,uc1633896.1,uc1633896,1,0.9883697220127521,0.2193931022920578,LV,0.0,0
18,uc3433894.1,uc3433894,1,0.9785976929727108,0.2193931022920578,LV,0.0,0
18,uc1633892.1,uc1633892,1,0.9905007821211027,0.2193931022920578,LV,0.0,0
18,uc633672.1,uc633672,1,0.9910708391011739,0.2193931022920578,LV,0.0,0
18,uc1633671.1,uc1633671,1,0.9761085969586775,0.2193931022920578,LV,0.0,0
18,uc1632306.1,uc1632306,1,0.990400106988255,0.2193931022920578,LV,0.0,0
18,uc632607.1,uc632607,1,0.9263567265725405,0.2193931022920578,LV,0.02364327342745942,1
18,uc632613.1,uc632613,1,0.9743464598095164,0.2193931022920578,LV,0.0,0
18,uc3432407.1,uc3432407,1,0.9761773486378416,0.2193931022920578,LV,0.0,0
18,uc1632402.1,uc1632402,1,0.9652790608377277,0.2193931022920578,LV,0.0,0
18,uc1132019.1,uc1132019,1,0.9734960100763447,0.2193931022920578,LV,0.0,0
18,uc632016.1,uc632016,1,0.9852646859155565,0.2193931022920578,LV,0.0,0
18,uc1132015.1,uc1132015,1,0.9664310263478463,0.2193931022920578,LV,0.0,0
18,uc1132012.1,uc1132012,1,0.9828431375586656,0.2193931022920578,LV,0.0,0
18,uc631859.1,uc631859,1,0.9849480477890663,0.2193931022920578,LV,0.0,0
18,uc1631852.1,uc1631852,1,0.9830220220694336,0.2193931022920578,LV,0.0,0
18,uc1130761.1,uc1130761,1,0.9565677328672422,0.2193931022920578,LV,0.0,0
18,uc1630759.1,uc1630759,1,0.9626500977835187,0.2193931022920578,LV,0.0,0
18,uc630758.1,uc630758,1,0.9780449944000859,0.2193931022920578,LV,0.0,0
18,uc629428.1,uc629428,1,0.9867072232561116,0.2193931022920578,LV,0.0,0
18,uc1629639.1,uc1629639,1,0.9944451884992849,0.2193931022920578,LV,0.0,0
18,uc1229546.1,uc1229546,1,0.9728121474811136,0.2193931022920578,LV,0.0,0
18,uc628768.1,uc628768,1,0.9808364911987942,0.2193931022920578,LV,0.0,0
18,uc628757.1,uc628757,1,0.9946127958523916,0.2193931022920578,LV,0.0,0
18,uc628766.1,uc628766,1,0.9875029027976372,0.2193931022920578,LV,0.0,0
18,uc628753.1,uc628753,1,0.9959523145180995,0.2193931022920578,LV,0.0,0
18,uc627346.1,uc627346,1,0.9881116065196259,0.2193931022920578,LV,0.0,0
18,uc1628760.1,uc1628760,1,0.9941983150847294,0.2193931022920578,LV,0.0,0
18,uc1629422.1,uc1629422,1,0.9832492306289572,0.2193931022920578,LV,0.0,0
18,uc626699.1,uc626699,1,0.9909437879706956,0.2193931022920578,LV,0.0,0
18,60651.2,60651,2,0.9911877898063272,13.336791218280357,MV,0.0,0
18,60721.2,60721,2,0.9911350656324953,13.336791218280357,MV,0.0,0
18,164151.2,164151,2,0.9916568018642393,13.336791218280357,MV,0.0,0
18,302191.2,302191,2,0.9844490177402639,13.336791218280357,MV,0.0,0
18,320841.2,320841,2,0.9883421048085845,13.336791218280357,MV,0.0,0
18,337711.2,337711,2,0.9844925739302217,13.336791218280357,MV,0.0,0
18,358691.2,358691,2,0.9980809630065365,13.336791218280357,MV,0.0,0
18,et6_1177.2,et6_1177,2,0.9868481612551164,0.2193931022920578,LV,0.0,0
18,461501.2,461501,2,0.9912763513044416,13.336791218280357,MV,0.0,0
18,686891.2,686891,2,0.9898444461146554,13.336791218280357,MV,0.0,0
18,703601.2,703601,2,0.9918427677194223,13.336791218280357,MV,0.0,0
18,713791.2,713791,2,0.9894076472854761,13.336791218280357,MV,0.0,0
18,725731.2,725731,2,0.9886582091988915,13.336791218280357,MV,0.0,0
18,809501.2,809501,2,0.9900984951074251,13.336791218280357,MV,0.0,0
18,811221.2,811221,2,0.9917007221908499,13.336791218280357,MV,0.0,0
18,815111.2,815111,2,0.9844526477026804,13.336791218280357,MV,0.0,0
18,822371.2,822371,2,0.9889328893668203,13.336791218280357,MV,0.0,0
18,820611.2,820611,2,0.9907801151355203,13.336791218280357,MV,0.0,0
18,822641.2,822641,2,0.9890433511102952,13.336791218280357,MV,0.0,0
18,618431.2,618431,2,0.9911879094360003,13.336791218280357,MV,0.0,0
18,bt10401.2,bt10401,2,0.9608799986851463,0.2193931022920578,LV,0.0,0
18,bt197792.2,bt197792,2,0.9597842669038414,0.2193931022920578,LV,0.0,0
18,bt800551.2,bt800551,2,0.9597842669232828,0.2193931022920578,LV,0.0,0
18,bt295341.2,bt295341,2,0.9577296738605089,0.2193931022920578,LV,0.0,0
18,bt800541.2,bt800541,2,0.958740021530873,0.2193931022920578,LV,0.0,0
18,bt295361.2,bt295361,2,0.9561022820238375,0.2193931022920578,LV,0.0,0
18,bt474991.2,bt474991,2,0.9555909497493693,0.2193931022920578,LV,0.0,0
18,uc1627323.2,uc1627323,2,0.9522122302989092,0.2193931022920578,LV,0.0,0
18,uc3405987.2,uc3405987,2,0.9641557800725012,0.2193931022920578,LV,0.0,0
18,uc3405846.2,uc3405846,2,0.9687610192684695,0.2193931022920578,LV,0.0,0
18,uc3405847.2,uc3405847,2,0.9663035490414874,0.2193931022920578,LV,0.0,0
18,uc3405838.2,uc3405838,2,0.958338222658388,0.2193931022920578,LV,0.0,0
18,uc1607326.2,uc1607326,2,0.9707827773612744,0.2193931022920578,LV,0.0,0
18,uc1607316.2,uc1607316,2,0.9689864079839567,0.2193931022920578,LV,0.0,0
18,uc1607308.2,uc1607308,2,0.9724434150137193,0.2193931022920578,LV,0.0,0
18,uc1623434.2,uc1623434,2,0.0,0.1270170592217177,LV,0.95,1
18,uc1620373.2,uc1620373,2,0.980644943069149,0.2193931022920578,LV,0.0,0
18,uc1607302.2,uc1607302,2,0.979795712031235,0.2193931022920578,LV,0.0,0
18,uc1607304.2,uc1607304,2,0.9796309211520234,0.2193931022920578,LV,0.0,0
18,uc1607306.2,uc1607306,2,0.9707988264180542,0.2193931022920578,LV,0.0,0
18,uc1607299.2,uc1607299,2,0.9809898967358218,0.2193931022920578,LV,0.0,0
18,uc1607297.2,uc1607297,2,0.9801744375202651,0.2193931022920578,LV,0.0,0
18,uc1607298.2,uc1607298,2,0.9815204250440204,0.2193931022920578,LV,0.0,0
18,uc1607289.2,uc1607289,2,0.9853581102450912,0.2193931022920578,LV,0.0,0
18,uc1607291.2,uc1607291,2,0.9788478679078529,0.2193931022920578,LV,0.0,0
18,uc1607292.2,uc1607292,2,0.9772781175008622,0.2193931022920578,LV,0.0,0
18,uc1607280.2,uc1607280,2,0.9751879869631987,0.2193931022920578,LV,0.0,0
18,uc1607284.2,uc1607284,2,0.9762581743691898,0.2193931022920578,LV,0.0,0
18,uc1607285.2,uc1607285,2,0.9759303431005166,0.2193931022920578,LV,0.0,0
18,uc1607288.2,uc1607288,2,0.9768821250928493,0.2193931022920578,LV,0.0,0
18,uc1607279.2,uc1607279,2,0.9784554391701559,0.2193931022920578,LV,0.0,0
18,uc1607355.2,uc1607355,2,0.9807680708934532,0.2193931022920578,LV,0.0,0
18,uc1607357.2,uc1607357,2,0.9825007429093892,0.2193931022920578,LV,0.0,0
18,uc1607358.2,uc1607358,2,0.9764698278627384,0.2193931022920578,LV,0.0,0
18,uc1607368.2,uc1607368,2,0.0,0.1270170592217177,LV,0.95,1
18,uc1607276.2,uc1607276,2,0.9929331915796885,0.2193931022920578,LV,0.0,0
18,uc1607278.2,uc1607278,2,0.9917377859177489,0.2193931022920578,LV,0.0,0
18,uc1607273.2,uc1607273,2,0.988173962821868,0.2193931022920578,LV,0.0,0
18,uc1607328.2,uc1607328,2,0.9693650382310084,0.2193931022920578,LV,0.0,0
18,uc1607347.2,uc1607347,2,0.9879908626551376,0.2193931022920578,LV,0.0,0
18,uc1607350.2,uc1607350,2,0.9809925198638028,0.2193931022920578,LV,0.0,0
18,uc1107341.2,uc1107341,2,0.9623280654339001,0.2193931022920578,LV,0.0,0
18,uc1107333.2,uc1107333,2,0.9672932916896411,0.2193931022920578,LV,0.0,0
18,uc1607268.2,uc1607268,2,0.9890530286467902,0.2193931022920578,LV,0.0,0
18,uc1607252.2,uc1607252,2,0.9657278310356224,0.2193931022920578,LV,0.0,0
18,uc1606000.2,uc1606000,2,0.9756898392322659,0.2193931022920578,LV,0.0,0
18,uc1607255.2,uc1607255,2,0.9791231156848593,0.2193931022920578,LV,0.0,0
18,uc1607258.2,uc1607258,2,0.9657539272208757,0.2193931022920578,LV,0.0,0
18,uc1124041.2,uc1124041,2,0.9690102603742551,0.2193931022920578,LV,0.0,0
18,uc1124340.2,uc1124340,2,0.9755395793099099,0.2193931022920578,LV,0.0,0
18,uc1121173.2,uc1121173,2,0.9675797200676175,0.2193931022920578,LV,0.0,0
18,uc1107345.2,uc1107345,2,0.9754770324448864,0.2193931022920578,LV,0.0,0
18,uc605816.2,uc605816,2,0.9714688276519851,0.2193931022920578,LV,0.0,0
18,uc605812.2,uc605812,2,0.9557016043555716,0.2193931022920578,LV,0.0,0
18,uc605813.2,uc605813,2,0.9862577362798519,0.2193931022920578,LV,0.0,0
18,uc609685.2,uc609685,2,0.985661929931371,0.2193931022920578,LV,0.0,0
18,uc609688.2,uc609688,2,0.9748510286002867,0.2193931022920578,LV,0.0,0
18,uc621168.2,uc621168,2,0.9761528185344477,0.2193931022920578,LV,0.0,0
18,uc621171.2,uc621171,2,0.9801767165192782,0.2193931022920578,LV,0.0,0
18,uc605810.2,uc605810,2,0.9822534744196736,0.2193931022920578,LV,0.0,0
18,uc605807.2,uc605807,2,0.9608137842994341,0.2193931022920578,LV,0.0,0
18,uc605801.2,uc605801,2,0.9806870524352554,0.2193931022920578,LV,0.0,0
18,uc607384.2,uc607384,2,0.9794211083564127,0.2193931022920578,LV,0.0,0
18,uc607385.2,uc607385,2,0.9703028051498221,0.2193931022920578,LV,0.0,0
18,uc609682.2,uc609682,2,0.9570617437768955,0.2193931022920578,LV,0.0,0
18,uc609683.2,uc609683,2,0.9811684424187865,0.2193931022920578,LV,0.0,0
18,uc607377.2,uc607377,2,0.9865656787577154,0.2193931022920578,LV,0.0,0
18,uc607382.2,uc607382,2,0.9782040905495476,0.2193931022920578,LV,0.0,0
18,uc606117.2,uc606117,2,0.9853872107138544,0.2193931022920578,LV,0.0,0
18,uc606120.2,uc606120,2,0.9840775403027849,0.2193931022920578,LV,0.0,0
18,uc623433.2,uc623433,2,0.9601720521181751,0.2193931022920578,LV,0.0,0
18,uc623007.2,uc623007,2,0.9858511892786321,0.2193931022920578,LV,0.0,0
18,uc606147.2,uc606147,2,0.9786765204598383,0.2193931022920578,LV,0.0,0
18,uc606148.2,uc606148,2,0.995213818411142,0.2193931022920578,LV,0.0,0
18,uc606150.2,uc606150,2,0.9930237215072101,0.2193931022920578,LV,0.0,0
18,uc606109.2,uc606109,2,0.9809301713658047,0.2193931022920578,LV,0.0,0
18,uc606110.2,uc606110,2,0.9790042004796513,0.2193931022920578,LV,0.0,0
18,uc606111.2,uc606111,2,0.9851061357918549,0.2193931022920578,LV,0.0,0
18,uc622720.2,uc622720,2,0.9760929235854165,0.2193931022920578,LV,0.0,0
18,uc623004.2,uc623004,2,0.9674739714565939,0.2193931022920578,LV,0.0,0
18,uc606103.2,uc606103,2,0.9755552886749904,0.2193931022920578,LV,0.0,0
18,uc606139.2,uc606139,2,0.9727187476619706,0.2193931022920578,LV,0.0,0
18,uc606143.2,uc606143,2,0.9810180804128785,0.2193931022920578,LV,0.0,0
18,uc605921.2,uc605921,2,0.9782553293809796,0.2193931022920578,LV,0.0,0
18,uc605915.2,uc605915,2,0.9816395314684193,0.2193931022920578,LV,0.0,0
18,uc606101.2,uc606101,2,0.9849401034278992,0.2193931022920578,LV,0.0,0
18,uc622273.2,uc622273,2,0.9775930756940773,0.2193931022920578,LV,0.0,0
18,uc605990.2,uc605990,2,0.9577294281180552,0.2193931022920578,LV,0.0,0
18,uc606130.2,uc606130,2,0.9830923668143798,0.2193931022920578,LV,0.0,0
18,uc606132.2,uc606132,2,0.9795939606749527,0.2193931022920578,LV,0.0,0
18,uc622258.2,uc622258,2,0.9839853472956325,0.2193931022920578,LV,0.0,0
18,uc622270.2,uc622270,2,0.9902910682644359,0.2193931022920578,LV,0.0,0
18,uc605905.2,uc605905,2,0.9773243171711022,0.2193931022920578,LV,0.0,0
18,uc605909.2,uc605909,2,0.9874571153454521,0.2193931022920578,LV,0.0,0
18,uc605910.2,uc605910,2,0.9838879777140077,0.2193931022920578,LV,0.0,0
18,uc605911.2,uc605911,2,0.9860798927875458,0.2193931022920578,LV,0.0,0
18,uc606128.2,uc606128,2,0.9800655696408082,0.2193931022920578,LV,0.0,0
18,uc605904.2,uc605904,2,0.9775631605146452,0.2193931022920578,LV,0.0,0
18,uc1239552.2,uc1239552,2,0.982046894300754,0.2193931022920578,LV,0.0,0
18,uc605817.2,uc605817,2,0.9796903989871775,0.2193931022920578,LV,0.0,0
18,uc605819.2,uc605819,2,0.9746977942822174,0.2193931022920578,LV,0.0,0
18,uc605820.2,uc605820,2,0.9578767905666069,0.2193931022920578,LV,0.0,0
18,uc605821.2,uc605821,2,0.9697352513435915,0.2193931022920578,LV,0.0,0
18,uc605822.2,uc605822,2,0.9574687742909143,0.2193931022920578,LV,0.0,0
18,uc639280.2,uc639280,2,0.9818145910318599,0.2193931022920578,LV,0.0,0
18,uc605898.2,uc605898,2,0.9892681078138574,0.2193931022920578,LV,0.0,0
18,uc605902.2,uc605902,2,0.9784958107766424,0.2193931022920578,LV,0.0,0
18,uc605982.2,uc605982,2,0.9604855532454293,0.2193931022920578,LV,0.0,0
18,uc605988.2,uc605988,2,0.9558607751694563,0.2193931022920578,LV,0.0,0
18,uc606126.2,uc606126,2,0.9855113717722725,0.2193931022920578,LV,0.0,0
18,uc606127.2,uc606127,2,0.9808589049527997,0.2193931022920578,LV,0.0,0
18,uc605896.2,uc605896,2,0.9624766843607778,0.2193931022920578,LV,0.0,0
18,uc606121.2,uc606121,2,0.9791016433819246,0.2193931022920578,LV,0.0,0
18,uc606122.2,uc606122,2,0.9715453457321954,0.2193931022920578,LV,0.0,0
18,uc606123.2,uc606123,2,0.9826875050239434,0.2193931022920578,LV,0.0,0
18,uc622709.2,uc622709,2,0.9763170520093662,0.2193931022920578,LV,0.0,0
18,uc639277.2,uc639277,2,0.9700952421942018,0.2193931022920578,LV,0.0,0
18,uc1139390.2,uc1139390,2,0.9820108073213355,0.2193931022920578,LV,0.0,0
18,uc605864.2,uc605864,2,0.9704586628146933,0.2193931022920578,LV,0.0,0
18,uc605865.2,uc605865,2,0.9697772593017887,0.2193931022920578,LV,0.0,0
18,uc638617.2,uc638617,2,0.9686332957382202,0.2193931022920578,LV,0.0,0
18,uc605855.2,uc605855,2,0.9613741551054751,0.2193931022920578,LV,0.0,0
18,uc1638606.2,uc1638606,2,0.9819021642923274,0.2193931022920578,LV,0.0,0
18,uc1638954.2,uc1638954,2,0.9873124372682914,0.2193931022920578,LV,0.0,0
18,uc605836.2,uc605836,2,0.9276176139090347,0.2193931022920578,LV,0.02238238609096521,1
18,uc1607303.2,uc1607303,2,0.9766880316036695,0.2193931022920578,LV,0.0,0
18,uc637705.2,uc637705,2,0.9797861151323745,0.2193931022920578,LV,0.0,0
18,uc1637704.2,uc1637704,2,1.0011909099549854,0.2193931022920578,LV,0.0,0
18,uc637576.2,uc637576,2,0.9824939988034719,0.2193931022920578,LV,0.0,0
18,uc637918.2,uc637918,2,0.9803680934820095,0.2193931022920578,LV,0.0,0
18,uc637360.2,uc637360,2,0.9799424331731332,0.2193931022920578,LV,0.0,0
18,uc637397.2,uc637397,2,0.9709981637062324,0.2193931022920578,LV,0.0,0
18,uc636933.2,uc636933,2,0.9717487654789777,0.2193931022920578,LV,0.0,0
18,uc605908.2,uc605908,2,0.9898639245369099,0.2193931022920578,LV,0.0,0
18,uc635963.2,uc635963,2,0.9843792679642592,0.2193931022920578,LV,0.0,0
18,uc635543.2,uc635543,2,0.9817308658667776,0.2193931022920578,LV,0.0,0
18,uc635966.2,uc635966,2,0.981590387369798,0.2193931022920578,LV,0.0,0
18,uc627328.2,uc627328,2,0.9550219556832783,0.2193931022920578,LV,0.0,0
18,uc635550.2,uc635550,2,0.9860317317537196,0.2193931022920578,LV,0.0,0
18,uc635862.2,uc635862,2,0.9785751118150069,0.2193931022920578,LV,0.0,0
18,uc3435739.2,uc3435739,2,0.9640844936908879,0.2193931022920578,LV,0.0,0
18,uc634166.2,uc634166,2,0.9835564741275957,0.2193931022920578,LV,0.0,0
18,uc1633671.2,uc1633671,2,0.9838453001476548,0.2193931022920578,LV,0.0,0
18,uc633056.2,uc633056,2,0.9808263081628524,0.2193931022920578,LV,0.0,0
18,uc632607.2,uc632607,2,0.9258352577229523,0.2193931022920578,LV,0.02416474227704768,1
18,uc1632402.2,uc1632402,2,0.971409062200339,0.2193931022920578,LV,0.0,0
18,uc1131858.2,uc1131858,2,0.9626268466697536,0.2193931022920578,LV,0.0,0
18,uc631391.2,uc631391,2,0.9745260249184796,0.2193931022920578,LV,0.0,0
18,uc1630759.2,uc1630759,2,0.9686332599913059,0.2193931022920578,LV,0.0,0
18,uc630758.2,uc630758,2,0.9667346657343135,0.2193931022920578,LV,0.0,0
18,uc630753.2,uc630753,2,0.9694069276957805,0.2193931022920578,LV,0.0,0
18,uc628766.2,uc628766,2,0.983123518330686,0.2193931022920578,LV,0.0,0
18,uc627346.2,uc627346,2,0.9859453396181905,0.2193931022920578,LV,0.0,0
18,uc1629422.2,uc1629422,2,0.97770900420833,0.2193931022920578,LV,0.0,0
18,60651.3,60651,3,0.9909632961769487,13.336791218280357,MV,0.0,0
18,60721.3,60721,3,0.9909105715901838,13.336791218280357,MV,0.0,0
18,164151.3,164151,3,0.9914323645034202,13.336791218280357,MV,0.0,0
18,302191.3,302191,3,0.9838829448455876,13.336791218280357,MV,0.0,0
18,320841.3,320841,3,0.988056148576574,13.336791218280357,MV,0.0,0
18,337711.3,337711,3,0.9839265005925798,13.336791218280357,MV,0.0,0
18,358691.3,358691,3,0.9977965310806008,13.336791218280357,MV,0.0,0
18,et6_1177.3,et6_1177,3,0.9875577739268907,0.2193931022920578,LV,0.0,0
18,461501.3,461501,3,0.9909240302528335,13.336791218280357,MV,0.0,0
18,686891.3,686891,3,0.9895739774210193,13.336791218280357,MV,0.0,0
18,703601.3,703601,3,0.9916204948754844,13.336791218280357,MV,0.0,0
18,713791.3,713791,3,0.9891258860810366,13.336791218280357,MV,0.0,0
18,725731.3,725731,3,0.9883722038789522,13.336791218280357,MV,0.0,0
18,809501.3,809501,3,0.9898341903358301,13.336791218280357,MV,0.0,0
18,811221.3,811221,3,0.9914766435436018,13.336791218280357,MV,0.0,0
18,815111.3,815111,3,0.9838865747612099,13.336791218280357,MV,0.0,0
18,822371.3,822371,3,0.9886470035939582,13.336791218280357,MV,0.0,0
18,820611.3,820611,3,0.9905414095468903,13.336791218280357,MV,0.0,0
18,822641.3,822641,3,0.9887503496186731,13.336791218280357,MV,0.0,0
18,618431.3,618431,3,0.9909634158241314,13.336791218280357,MV,0.0,0
18,bt10401.3,bt10401,3,0.9854131211048482,0.2193931022920578,LV,0.0,0
18,bt197792.3,bt197792,3,0.985042065432708,0.2193931022920578,LV,0.0,0
18,bt800551.3,bt800551,3,0.9851066274162729,0.2193931022920578,LV,0.0,0
18,bt295341.3,bt295341,3,0.9849538084808294,0.2193931022920578,LV,0.0,0
18,bt800541.3,bt800541,3,0.9849907511415332,0.2193931022920578,LV,0.0,0
18,bt295361.3,bt295361,3,0.984953809146274,0.2193931022920578,LV,0.0,0
18,bt474991.3,bt474991,3,0.9849538095974932,0.2193931022920578,LV,0.0,0
18,uc627336.3,uc627336,3,0.9860658701496727,0.2193931022920578,LV,0.0,0
18,uc1620373.3,uc1620373,3,0.9832478987171742,0.2193931022920578,LV,0.0,0
18,uc1607302.3,uc1607302,3,0.982313423862476,0.2193931022920578,LV,0.0,0
18,uc1607304.3,uc1607304,3,0.9822227658245124,0.2193931022920578,LV,0.0,0
18,uc1607298.3,uc1607298,3,0.9850200661101618,0.2193931022920578,LV,0.0,0
18,uc1607280.3,uc1607280,3,0.977429081934752,0.2193931022920578,LV,0.0,0
18,uc1607285.3,uc1607285,3,0.9811089850736863,0.2193931022920578,LV,0.0,0
18,uc1607279.3,uc1607279,3,0.9807001702092506,0.2193931022920578,LV,0.0,0
18,uc1607347.3,uc1607347,3,0.990584674982805,0.2193931022920578,LV,0.0,0
18,uc1124340.3,uc1124340,3,0.9812593018170938,0.2193931022920578,LV,0.0,0
18,uc605816.3,uc605816,3,0.9744578821622518,0.2193931022920578,LV,0.0,0
18,uc605815.3,uc605815,3,0.9766944864409538,0.2193931022920578,LV,0.0,0
18,uc621171.3,uc621171,3,0.9817327268842546,0.2193931022920578,LV,0.0,0
18,uc607384.3,uc607384,3,0.9809849669442998,0.2193931022920578,LV,0.0,0
18,uc606117.3,uc606117,3,0.9869484865231145,0.2193931022920578,LV,0.0,0
18,uc606120.3,uc606120,3,0.9856375359047377,0.2193931022920578,LV,0.0,0
18,uc623007.3,uc623007,3,0.9865596389533051,0.2193931022920578,LV,0.0,0
18,uc605867.3,uc605867,3,0.9759556447274764,0.2193931022920578,LV,0.0,0
18,uc606150.3,uc606150,3,0.9934186614172186,0.2193931022920578,LV,0.0,0
18,uc606109.3,uc606109,3,0.9824869652582063,0.2193931022920578,LV,0.0,0
18,uc606110.3,uc606110,3,0.980559390766742,0.2193931022920578,LV,0.0,0
18,uc606111.3,uc606111,3,0.9866671072246782,0.2193931022920578,LV,0.0,0
18,uc622722.3,uc622722,3,0.9776821614366612,0.2193931022920578,LV,0.0,0
18,uc623004.3,uc623004,3,0.9753476912489977,0.2193931022920578,LV,0.0,0
18,uc606101.3,uc606101,3,0.9864895103626934,0.2193931022920578,LV,0.0,0
18,uc606132.3,uc606132,3,0.9811543952315035,0.2193931022920578,LV,0.0,0
18,uc605910.3,uc605910,3,0.9854381352460921,0.2193931022920578,LV,0.0,0
18,uc605911.3,uc605911,3,0.9876324000448865,0.2193931022920578,LV,0.0,0
18,uc605904.3,uc605904,3,0.9864581072570006,0.2193931022920578,LV,0.0,0
18,uc1239552.3,uc1239552,3,0.9846516693069997,0.2193931022920578,LV,0.0,0
18,uc605821.3,uc605821,3,0.9778444495895262,0.2193931022920578,LV,0.0,0
18,uc639280.3,uc639280,3,0.9837429848542862,0.2193931022920578,LV,0.0,0
18,uc605898.3,uc605898,3,0.9866301692670115,0.2193931022920578,LV,0.0,0
18,uc605902.3,uc605902,3,0.979919927189668,0.2193931022920578,LV,0.0,0
18,uc606126.3,uc606126,3,0.9870752625850955,0.2193931022920578,LV,0.0,0
18,uc606127.3,uc606127,3,0.9824197427531322,0.2193931022920578,LV,0.0,0
18,uc606121.3,uc606121,3,0.9806552780190275,0.2193931022920578,LV,0.0,0
18,uc606122.3,uc606122,3,0.9730905573266614,0.2193931022920578,LV,0.0,0
18,uc639277.3,uc639277,3,0.9782052490376508,0.2193931022920578,LV,0.0,0
18,uc1139390.3,uc1139390,3,0.9846154866097369,0.2193931022920578,LV,0.0,0
18,uc637576.3,uc637576,3,0.9840514122200844,0.2193931022920578,LV,0.0,0
18,uc637918.3,uc637918,3,0.9822947390123431,0.2193931022920578,LV,0.0,0
18,uc637360.3,uc637360,3,0.9814979625332806,0.2193931022920578,LV,0.0,0
18,uc637397.3,uc637397,3,0.9739847528958007,0.2193931022920578,LV,0.0,0
18,uc635963.3,uc635963,3,0.9859395881753079,0.2193931022920578,LV,0.0,0
18,uc635543.3,uc635543,3,0.9832873559769,0.2193931022920578,LV,0.0,0
18,uc635966.3,uc635966,3,0.9831468459515625,0.2193931022920578,LV,0.0,0
18,uc635550.3,uc635550,3,0.9875982962370843,0.2193931022920578,LV,0.0,0
18,uc635862.3,uc635862,3,0.9773259277769946,0.2193931022920578,LV,0.0,0
18,uc1633671.3,uc1633671,3,0.9840488368589052,0.2193931022920578,LV,0.0,0
18,uc632607.3,uc632607,3,0.9287705324933468,0.2193931022920578,LV,0.02122946750665311,1
18,uc1629422.3,uc1629422,3,0.9857253697402916,0.2193931022920578,LV,0.0,0
19,60651.1,60651,1,0.9910442157440267,13.336791218280357,MV,0.0,0
19,60721.1,60721,1,0.9909969022413592,13.336791218280357,MV,0.0,0
19,164151.1,164151,1,0.9914433613063555,13.336791218280357,MV,0.0,0
19,302191.1,302191,1,0.9839813153646966,13.336791218280357,MV,0.0,0
19,320841.1,320841,1,0.9885362164153917,13.336791218280357,MV,0.0,0
19,337711.1,337711,1,0.9840259414641537,13.336791218280357,MV,0.0,0
19,358691.1,358691,1,0.997684132733424,13.336791218280357,MV,0.0,0
19,et6_1177.1,et6_1177,1,0.9896731332436302,0.2193931022920578,LV,0.0,0
19,461501.1,461501,1,0.9908611968363948,13.336791218280357,MV,0.0,0
19,686891.1,686891,1,0.9897118897335306,13.336791218280357,MV,0.0,0
19,703601.1,703601,1,0.9916119534364715,13.336791218280357,MV,0.0,0
19,713791.1,713791,1,0.9893711800744496,13.336791218280357,MV,0.0,0
19,725731.1,725731,1,0.9887849659787836,13.336791218280357,MV,0.0,0
19,809501.1,809501,1,0.9899627442955845,13.336791218280357,MV,0.0,0
19,811221.1,811221,1,0.9914732767639505,13.336791218280357,MV,0.0,0
19,815111.1,815111,1,0.9839754606308613,13.336791218280357,MV,0.0,0
19,822371.1,822371,1,0.988997279420633,13.336791218280357,MV,0.0,0
19,820611.1,820611,1,0.9906682123889857,13.336791218280357,MV,0.0,0
19,822641.1,822641,1,0.9890553764441888,13.336791218280357,MV,0.0,0
19,618431.1,618431,1,0.991044580470367,13.336791218280357,MV,0.0,0
19,bt10401.1,bt10401,1,0.9787783654621196,0.2193931022920578,LV,0.0,0
19,bt197792.1,bt197792,1,0.9773448584398092,0.2193931022920578,LV,0.0,0
19,bt800551.1,bt800551,1,0.9777305847918375,0.2193931022920578,LV,0.0,0
19,bt295341.1,bt295341,1,0.9764758852636746,0.2193931022920578,LV,0.0,0
19,bt800541.1,bt800541,1,0.9770299300802195,0.2193931022920578,LV,0.0,0
19,bt295361.1,bt295361,1,0.9759474707296972,0.2193931022920578,LV,0.0,0
19,bt474991.1,bt474991,1,0.9755313544101055,0.2193931022920578,LV,0.0,0
19,uc626695.1,uc626695,1,0.9723019076058309,0.2193931022920578,LV,0.0,0
19,uc1627323.1,uc1627323,1,0.9766419221013248,0.2193931022920578,LV,0.0,0
19,uc1627342.1,uc1627342,1,0.9930113604314937,0.2193931022920578,LV,0.0,0
19,uc627343.1,uc627343,1,0.9886807462376637,0.2193931022920578,LV,0.0,0
19,uc627344.1,uc627344,1,0.9904015873078678,0.2193931022920578,LV,0.0,0
19,uc1626672.1,uc1626672,1,0.0,0.1270170592217177,LV,0.95,1
19,uc1626490.1,uc1626490,1,0.9921350378782148,0.2193931022920578,LV,0.0,0
19,uc3422706.1,uc3422706,1,0.98635753998819,0.2193931022920578,LV,0.0,0
19,uc3425629.1,uc3425629,1,0.9865043475430464,0.2193931022920578,LV,0.0,0
19,uc3422597.1,uc3422597,1,0.9803155960230913,0.2193931022920578,LV,0.0,0
19,uc3405843.1,uc3405843,1,0.9815296948662212,0.2193931022920578,LV,0.0,0
19,uc3405844.1,uc3405844,1,0.98103569507097,0.2193931022920578,LV,0.0,0
19,uc3405845.1,uc3405845,1,0.980928482442976,0.2193931022920578,LV,0.0,0
19,uc3405846.1,uc3405846,1,0.9819473823382288,0.2193931022920578,LV,0.0,0
19,uc1626486.1,uc1626486,1,0.9941655682256488,0.2193931022920578,LV,0.0,0
19,uc1626487.1,uc1626487,1,0.9831575582074175,0.2193931022920578,LV,0.0,0
19,uc626481.1,uc626481,1,0.9848884620923362,0.2193931022920578,LV,0.0,0
19,uc626678.1,uc626678,1,0.9772135020235783,0.2193931022920578,LV,0.0,0
19,uc626698.1,uc626698,1,0.9883243158661936,0.2193931022920578,LV,0.0,0
19,uc626476.1,uc626476,1,0.9695932505269877,0.2193931022920578,LV,0.0,0
19,uc1627321.1,uc1627321,1,0.9923152999531537,0.2193931022920578,LV,0.0,0
19,uc1607319.1,uc1607319,1,0.9801617344758922,0.2193931022920578,LV,0.0,0
19,uc1607308.1,uc1607308,1,0.9819709868035074,0.2193931022920578,LV,0.0,0
19,uc1624026.1,uc1624026,1,0.0,0.1270170592217177,LV,0.95,1
19,uc1625170.1,uc1625170,1,0.9900962264676526,0.2193931022920578,LV,0.0,0
19,uc1621994.1,uc1621994,1,0.9932937964172087,0.2193931022920578,LV,0.0,0
19,uc1620360.1,uc1620360,1,0.9945083813268933,0.2193931022920578,LV,0.0,0
19,uc1620373.1,uc1620373,1,0.9843709794341962,0.2193931022920578,LV,0.0,0
19,uc1607302.1,uc1607302,1,0.983742373206415,0.2193931022920578,LV,0.0,0
19,uc1607304.1,uc1607304,1,0.9807885092827789,0.2193931022920578,LV,0.0,0
19,uc1607305.1,uc1607305,1,0.9796877169509951,0.2193931022920578,LV,0.0,0
19,uc1607306.1,uc1607306,1,0.980681333225296,0.2193931022920578,LV,0.0,0
19,uc1607297.1,uc1607297,1,0.9879255865843835,0.2193931022920578,LV,0.0,0
19,uc1607298.1,uc1607298,1,0.9858801774590678,0.2193931022920578,LV,0.0,0
19,uc1607289.1,uc1607289,1,0.9899173298064784,0.2193931022920578,LV,0.0,0
19,uc1607290.1,uc1607290,1,0.9901179597031627,0.2193931022920578,LV,0.0,0
19,uc1607291.1,uc1607291,1,0.9881638216849626,0.2193931022920578,LV,0.0,0
19,uc1607280.1,uc1607280,1,0.9802434836754905,0.2193931022920578,LV,0.0,0
19,uc1607283.1,uc1607283,1,0.9730423652497531,0.2193931022920578,LV,0.0,0
19,uc1607285.1,uc1607285,1,0.9772605154747114,0.2193931022920578,LV,0.0,0
19,uc1607287.1,uc1607287,1,0.9789739976257681,0.2193931022920578,LV,0.0,0
19,uc1607288.1,uc1607288,1,0.9858643156171957,0.2193931022920578,LV,0.0,0
19,uc1607279.1,uc1607279,1,0.9828022081192928,0.2193931022920578,LV,0.0,0
19,uc1607357.1,uc1607357,1,0.9875955425816944,0.2193931022920578,LV,0.0,0
19,uc1607358.1,uc1607358,1,0.9865029284688333,0.2193931022920578,LV,0.0,0
19,uc1607368.1,uc1607368,1,0.0,0.1270170592217177,LV,0.95,1
19,uc1607277.1,uc1607277,1,0.9964374215322117,0.2193931022920578,LV,0.0,0
19,uc1607278.1,uc1607278,1,0.9984039221580937,0.2193931022920578,LV,0.0,0
19,uc1607272.1,uc1607272,1,0.980820040087679,0.2193931022920578,LV,0.0,0
19,uc1607273.1,uc1607273,1,0.9986702825225189,0.2193931022920578,LV,0.0,0
19,uc1607353.1,uc1607353,1,0.9878864607358746,0.2193931022920578,LV,0.0,0
19,uc1607347.1,uc1607347,1,0.982228409606435,0.2193931022920578,LV,0.0,0
19,uc1607349.1,uc1607349,1,0.9881724674361854,0.2193931022920578,LV,0.0,0
19,uc1107342.1,uc1107342,1,0.978363352160888,0.2193931022920578,LV,0.0,0
19,uc1107340.1,uc1107340,1,0.9692605763119754,0.2193931022920578,LV,0.0,0
19,uc1105833.1,uc1105833,1,0.9836690067697454,0.2193931022920578,LV,0.0,0
19,uc1107330.1,uc1107330,1,0.9678263653972199,0.2193931022920578,LV,0.0,0
19,uc1607265.1,uc1607265,1,0.9709808709759739,0.2193931022920578,LV,0.0,0
19,uc1607268.1,uc1607268,1,0.9929334112133351,0.2193931022920578,LV,0.0,0
19,uc1607252.1,uc1607252,1,0.980843129929815,0.2193931022920578,LV,0.0,0
19,uc1605991.1,uc1605991,1,0.9847920720667537,0.2193931022920578,LV,0.0,0
19,uc1605996.1,uc1605996,1,0.9816982877420307,0.2193931022920578,LV,0.0,0
19,uc1607257.1,uc1607257,1,0.9855017279181589,0.2193931022920578,LV,0.0,0
19,uc1607258.1,uc1607258,1,0.9808633735449527,0.2193931022920578,LV,0.0,0
19,uc1124340.1,uc1124340,1,0.9796086998111074,0.2193931022920578,LV,0.0,0
19,uc605816.1,uc605816,1,0.9742328008161614,0.2193931022920578,LV,0.0,0
19,uc605813.1,uc605813,1,0.9886905729630374,0.2193931022920578,LV,0.0,0
19,uc609684.1,uc609684,1,0.9912907582083661,0.2193931022920578,LV,0.0,0
19,uc609686.1,uc609686,1,0.9921728786124517,0.2193931022920578,LV,0.0,0
19,uc609688.1,uc609688,1,0.9809448896239318,0.2193931022920578,LV,0.0,0
19,uc621168.1,uc621168,1,0.9868104590482282,0.2193931022920578,LV,0.0,0
19,uc621171.1,uc621171,1,0.9845086520330579,0.2193931022920578,LV,0.0,0
19,uc605808.1,uc605808,1,0.9929304498126424,0.2193931022920578,LV,0.0,0
19,uc605809.1,uc605809,1,0.9772465676975456,0.2193931022920578,LV,0.0,0
19,uc605810.1,uc605810,1,0.9890025375471275,0.2193931022920578,LV,0.0,0
19,uc605970.1,uc605970,1,0.9855671438254634,0.2193931022920578,LV,0.0,0
19,uc605803.1,uc605803,1,0.9868569458514054,0.2193931022920578,LV,0.0,0
19,uc605804.1,uc605804,1,0.9893099331882207,0.2193931022920578,LV,0.0,0
19,uc605806.1,uc605806,1,0.9870038961389811,0.2193931022920578,LV,0.0,0
19,uc607384.1,uc607384,1,0.9838798398722709,0.2193931022920578,LV,0.0,0
19,uc607387.1,uc607387,1,0.9880029702039951,0.2193931022920578,LV,0.0,0
19,uc609682.1,uc609682,1,0.9739453850904924,0.2193931022920578,LV,0.0,0
19,uc624033.1,uc624033,1,0.995175133039955,0.2193931022920578,LV,0.0,0
19,uc625156.1,uc625156,1,0.9869244525663603,0.2193931022920578,LV,0.0,0
19,uc625624.1,uc625624,1,0.9781025102810008,0.2193931022920578,LV,0.0,0
19,uc625625.1,uc625625,1,0.9918614085056697,0.2193931022920578,LV,0.0,0
19,uc607366.1,uc607366,1,0.9771664030780378,0.2193931022920578,LV,0.0,0
19,uc607367.1,uc607367,1,0.9886336500203334,0.2193931022920578,LV,0.0,0
19,uc606114.1,uc606114,1,0.9845932900617956,0.2193931022920578,LV,0.0,0
19,uc606117.1,uc606117,1,0.9885898818642175,0.2193931022920578,LV,0.0,0
19,uc606120.1,uc606120,1,0.987570561184018,0.2193931022920578,LV,0.0,0
19,uc623015.1,uc623015,1,0.976156001104318,0.2193931022920578,LV,0.0,0
19,uc623432.1,uc623432,1,0.9814726370721456,0.2193931022920578,LV,0.0,0
19,uc624028.1,uc624028,1,0.9838960745638768,0.2193931022920578,LV,0.0,0
19,uc605873.1,uc605873,1,0.9874676977433365,0.2193931022920578,LV,0.0,0
19,uc623007.1,uc623007,1,0.988892564323525,0.2193931022920578,LV,0.0,0
19,uc606147.1,uc606147,1,0.9832033890186745,0.2193931022920578,LV,0.0,0
19,uc606148.1,uc606148,1,0.9966129384816417,0.2193931022920578,LV,0.0,0
19,uc606150.1,uc606150,1,0.9945745007461329,0.2193931022920578,LV,0.0,0
19,uc606109.1,uc606109,1,0.9851059713022283,0.2193931022920578,LV,0.0,0
19,uc606110.1,uc606110,1,0.9835976042888921,0.2193931022920578,LV,0.0,0
19,uc606111.1,uc606111,1,0.988370892928547,0.2193931022920578,LV,0.0,0
19,uc622777.1,uc622777,1,0.9981073857241175,0.2193931022920578,LV,0.0,0
19,uc623004.1,uc623004,1,0.9753635061730055,0.2193931022920578,LV,0.0,0
19,uc606103.1,uc606103,1,0.9855470729807252,0.2193931022920578,LV,0.0,0
19,uc606139.1,uc606139,1,0.9869896313209504,0.2193931022920578,LV,0.0,0
19,uc606141.1,uc606141,1,0.9801141640434643,0.2193931022920578,LV,0.0,0
19,uc606143.1,uc606143,1,0.9880374313824963,0.2193931022920578,LV,0.0,0
19,uc605921.1,uc605921,1,0.9849906823253146,0.2193931022920578,LV,0.0,0
19,uc622713.1,uc622713,1,0.9879277576157249,0.2193931022920578,LV,0.0,0
19,uc622714.1,uc622714,1,0.9827828006662157,0.2193931022920578,LV,0.0,0
19,uc605993.1,uc605993,1,0.9877342336565889,0.2193931022920578,LV,0.0,0
19,uc606101.1,uc606101,1,0.9870814990114744,0.2193931022920578,LV,0.0,0
19,uc606102.1,uc606102,1,0.9867855962076475,0.2193931022920578,LV,0.0,0
19,uc622273.1,uc622273,1,0.985491359601689,0.2193931022920578,LV,0.0,0
19,uc622703.1,uc622703,1,0.9723721232104402,0.2193931022920578,LV,0.0,0
19,uc605989.1,uc605989,1,0.9899772034684965,0.2193931022920578,LV,0.0,0
19,uc606130.1,uc606130,1,0.9904383065824262,0.2193931022920578,LV,0.0,0
19,uc606132.1,uc606132,1,0.9839824799858559,0.2193931022920578,LV,0.0,0
19,uc605914.1,uc605914,1,1.0014183672133017,0.2193931022920578,LV,0.0,0
19,uc622257.1,uc622257,1,0.9913489492558603,0.2193931022920578,LV,0.0,0
19,uc605909.1,uc605909,1,0.9920358110820517,0.2193931022920578,LV,0.0,0
19,uc605910.1,uc605910,1,0.987429100451674,0.2193931022920578,LV,0.0,0
19,uc605911.1,uc605911,1,0.9891392759536529,0.2193931022920578,LV,0.0,0
19,uc606128.1,uc606128,1,0.988515218593984,0.2193931022920578,LV,0.0,0
19,uc605823.1,uc605823,1,0.9761477061043625,0.2193931022920578,LV,0.0,0
19,uc605824.1,uc605824,1,0.9847368305251262,0.2193931022920578,LV,0.0,0
19,uc605904.1,uc605904,1,0.9882790793717022,0.2193931022920578,LV,0.0,0
19,uc621999.1,uc621999,1,0.9874380911545502,0.2193931022920578,LV,0.0,0
19,uc639553.1,uc639553,1,0.9849071324376955,0.2193931022920578,LV,0.0,0
19,uc1239552.1,uc1239552,1,0.9854303947735459,0.2193931022920578,LV,0.0,0
19,uc605817.1,uc605817,1,0.9856560729800834,0.2193931022920578,LV,0.0,0
19,uc605819.1,uc605819,1,0.9812537784240103,0.2193931022920578,LV,0.0,0
19,uc605820.1,uc605820,1,0.9805517511486099,0.2193931022920578,LV,0.0,0
19,uc605821.1,uc605821,1,0.9778203387578894,0.2193931022920578,LV,0.0,0
19,uc639280.1,uc639280,1,0.9839522670235734,0.2193931022920578,LV,0.0,0
19,uc605898.1,uc605898,1,0.9888864170278236,0.2193931022920578,LV,0.0,0
19,uc605901.1,uc605901,1,0.9906877933850796,0.2193931022920578,LV,0.0,0
19,uc605902.1,uc605902,1,0.9832110483625895,0.2193931022920578,LV,0.0,0
19,uc605985.1,uc605985,1,0.9802402700677659,0.2193931022920578,LV,0.0,0
19,uc606126.1,uc606126,1,0.9875907509734497,0.2193931022920578,LV,0.0,0
19,uc606127.1,uc606127,1,0.9849613303717688,0.2193931022920578,LV,0.0,0
19,uc605896.1,uc605896,1,0.9794769595038019,0.2193931022920578,LV,0.0,0
19,uc606121.1,uc606121,1,0.9836733236558657,0.2193931022920578,LV,0.0,0
19,uc606122.1,uc606122,1,0.9777475772670454,0.2193931022920578,LV,0.0,0
19,uc606123.1,uc606123,1,0.9842673082804538,0.2193931022920578,LV,0.0,0
19,uc606124.1,uc606124,1,0.9914798521793515,0.2193931022920578,LV,0.0,0
19,uc605825.1,uc605825,1,0.9785528147185975,0.2193931022920578,LV,0.0,0
19,uc623427.1,uc623427,1,0.9842673211175431,0.2193931022920578,LV,0.0,0
19,uc609687.1,uc609687,1,0.9931368545397712,0.2193931022920578,LV,0.0,0
19,uc639277.1,uc639277,1,0.9781025102867272,0.2193931022920578,LV,0.0,0
19,uc1139390.1,uc1139390,1,0.9853941834631822,0.2193931022920578,LV,0.0,0
19,uc605863.1,uc605863,1,0.9771855152964959,0.2193931022920578,LV,0.0,0
19,uc605865.1,uc605865,1,0.9778540831882364,0.2193931022920578,LV,0.0,0
19,uc1138614.1,uc1138614,1,0.9791847980647316,0.2193931022920578,LV,0.0,0
19,uc605855.1,uc605855,1,0.977318484954308,0.2193931022920578,LV,0.0,0
19,uc605828.1,uc605828,1,0.972048217959312,0.2193931022920578,LV,0.0,0
19,uc605829.1,uc605829,1,0.9830092876420957,0.2193931022920578,LV,0.0,0
19,uc605834.1,uc605834,1,0.9656565987159508,0.2193931022920578,LV,0.0,0
19,uc605835.1,uc605835,1,0.9658165407068527,0.2193931022920578,LV,0.0,0
19,uc605827.1,uc605827,1,0.9719094540774317,0.2193931022920578,LV,0.0,0
19,uc627337.1,uc627337,1,0.9826912560066561,0.2193931022920578,LV,0.0,0
19,uc637912.1,uc637912,1,0.9831895143121806,0.2193931022920578,LV,0.0,0
19,uc637576.1,uc637576,1,0.9840251158333291,0.2193931022920578,LV,0.0,0
19,uc637356.1,uc637356,1,0.9862973318386612,0.2193931022920578,LV,0.0,0
19,uc637918.1,uc637918,1,0.9824151978806646,0.2193931022920578,LV,0.0,0
19,uc637360.1,uc637360,1,0.9843397770458004,0.2193931022920578,LV,0.0,0
19,uc637399.1,uc637399,1,0.9766799167942545,0.2193931022920578,LV,0.0,0
19,uc637397.1,uc637397,1,0.9768361031110602,0.2193931022920578,LV,0.0,0
19,uc1137150.1,uc1137150,1,0.9829372639472136,0.2193931022920578,LV,0.0,0
19,uc1636598.1,uc1636598,1,0.0,0.1270170592217177,LV,0.95,1
19,uc636933.1,uc636933,1,0.9864533212959027,0.2193931022920578,LV,0.0,0
19,uc635963.1,uc635963,1,0.9878067460122857,0.2193931022920578,LV,0.0,0
19,uc635543.1,uc635543,1,0.9851309224707552,0.2193931022920578,LV,0.0,0
19,uc635966.1,uc635966,1,0.9851122633089603,0.2193931022920578,LV,0.0,0
19,uc635550.1,uc635550,1,0.9890151486533539,0.2193931022920578,LV,0.0,0
19,uc635862.1,uc635862,1,0.9817211231474448,0.2193931022920578,LV,0.0,0
19,uc1635694.1,uc1635694,1,1.0004158695344825,0.2193931022920578,LV,0.0,0
19,uc3435739.1,uc3435739,1,0.9783127653636703,0.2193931022920578,LV,0.0,0
19,uc1635060.1,uc1635060,1,0.9887613249382953,0.2193931022920578,LV,0.0,0
19,uc1607271.1,uc1607271,1,0.9915324073688322,0.2193931022920578,LV,0.0,0
19,uc605884.1,uc605884,1,0.9865416630045427,0.2193931022920578,LV,0.0,0
19,uc1609690.1,uc1609690,1,0.9948613076037656,0.2193931022920578,LV,0.0,0
19,uc1134165.1,uc1134165,1,0.9695218770963007,0.2193931022920578,LV,0.0,0
19,uc634166.1,uc634166,1,0.9901217023072821,0.2193931022920578,LV,0.0,0
19,uc1633896.1,uc1633896,1,0.9913039398747958,0.2193931022920578,LV,0.0,0
19,uc3433894.1,uc3433894,1,0.9829181563552818,0.2193931022920578,LV,0.0,0
19,uc1633892.1,uc1633892,1,0.9931591705728151,0.2193931022920578,LV,0.0,0
19,uc633672.1,uc633672,1,0.9932104636460211,0.2193931022920578,LV,0.0,0
19,uc1633671.1,uc1633671,1,0.979126732211062,0.2193931022920578,LV,0.0,0
19,uc1632306.1,uc1632306,1,0.9926505653285173,0.2193931022920578,LV,0.0,0
19,uc632607.1,uc632607,1,0.9415478876173404,0.2193931022920578,LV,0.008452112382659527,1
19,uc632613.1,uc632613,1,0.9802138385848836,0.2193931022920578,LV,0.0,0
19,uc3432407.1,uc3432407,1,0.980249184743846,0.2193931022920578,LV,0.0,0
19,uc1632402.1,uc1632402,1,0.9727353630526783,0.2193931022920578,LV,0.0,0
19,uc1132019.1,uc1132019,1,0.9791879080966759,0.2193931022920578,LV,0.0,0
19,uc632016.1,uc632016,1,0.9885702802421178,0.2193931022920578,LV,0.0,0
19,uc1132015.1,uc1132015,1,0.9735384180160553,0.2193931022920578,LV,0.0,0
19,uc1132012.1,uc1132012,1,0.9865193208808994,0.2193931022920578,LV,0.0,0
19,uc631859.1,uc631859,1,0.9883224438174812,0.2193931022920578,LV,0.0,0
19,uc1631852.1,uc1631852,1,0.9868833637990349,0.2193931022920578,LV,0.0,0
19,uc1130761.1,uc1130761,1,0.965657809918837,0.2193931022920578,LV,0.0,0
19,uc1630759.1,uc1630759,1,0.9706762813597176,0.2193931022920578,LV,0.0,0
19,uc630758.1,uc630758,1,0.9804259994158022,0.2193931022920578,LV,0.0,0
19,uc629428.1,uc629428,1,0.9895478554492393,0.2193931022920578,LV,0.0,0
19,uc1629639.1,uc1629639,1,0.9960405782208578,0.2193931022920578,LV,0.0,0
19,uc1229546.1,uc1229546,1,0.9788955215454462,0.2193931022920578,LV,0.0,0
19,uc628768.1,uc628768,1,0.9847063368683198,0.2193931022920578,LV,0.0,0
19,uc628757.1,uc628757,1,0.9959373752782181,0.2193931022920578,LV,0.0,0
19,uc628766.1,uc628766,1,0.9904626009445706,0.2193931022920578,LV,0.0,0
19,uc628753.1,uc628753,1,0.9971476226189454,0.2193931022920578,LV,0.0,0
19,uc627346.1,uc627346,1,0.9908890277266719,0.2193931022920578,LV,0.0,0
19,uc1628760.1,uc1628760,1,0.9959147953249184,0.2193931022920578,LV,0.0,0
19,uc1629422.1,uc1629422,1,0.9862535889324155,0.2193931022920578,LV,0.0,0
19,uc626699.1,uc626699,1,0.9930708601196653,0.2193931022920578,LV,0.0,0
19,60651.2,60651,2,0.9927055619361294,13.336791218280357,MV,0.0,0
19,60721.2,60721,2,0.9926582261487106,13.336791218280357,MV,0.0,0
19,164151.2,164151,2,0.9931049336908697,13.336791218280357,MV,0.0,0
19,302191.2,302191,2,0.9869612168997776,13.336791218280357,MV,0.0,0
19,320841.2,320841,2,0.9904840436464651,13.336791218280357,MV,0.0,0
19,337711.2,337711,2,0.9870058937174615,13.336791218280357,MV,0.0,0
19,358691.2,358691,2,0.9984121715828166,13.336791218280357,MV,0.0,0
19,et6_1177.2,et6_1177,2,0.9892621758479951,0.2193931022920578,LV,0.0,0
19,461501.2,461501,2,0.9927635376493787,13.336791218280357,MV,0.0,0
19,686891.2,686891,2,0.9916156452813748,13.336791218280357,MV,0.0,0
19,703601.2,703601,2,0.9932578383610375,13.336791218280357,MV,0.0,0
19,713791.2,713791,2,0.9913157368493573,13.336791218280357,MV,0.0,0
19,725731.2,725731,2,0.9907329566913636,13.336791218280357,MV,0.0,0
19,809501.2,809501,2,0.9918589293611384,13.336791218280357,MV,0.0,0
19,811221.2,811221,2,0.9931322772512257,13.336791218280357,MV,0.0,0
19,815111.2,815111,2,0.9869553562737841,13.336791218280357,MV,0.0,0
19,822371.2,822371,2,0.990945425001592,13.336791218280357,MV,0.0,0
19,820611.2,820611,2,0.992412161237435,13.336791218280357,MV,0.0,0
19,822641.2,822641,2,0.9910184939320011,13.336791218280357,MV,0.0,0
19,618431.2,618431,2,0.9927059268447608,13.336791218280357,MV,0.0,0
19,bt10401.2,bt10401,2,0.9687299181781385,0.2193931022920578,LV,0.0,0
19,bt197792.2,bt197792,2,0.9678642474059315,0.2193931022920578,LV,0.0,0
19,bt800551.2,bt800551,2,0.9678642474262227,0.2193931022920578,LV,0.0,0
19,bt295341.2,bt295341,2,0.966241010393841,0.2193931022920578,LV,0.0,0
19,bt800541.2,bt800541,2,0.9670392430704711,0.2193931022920578,LV,0.0,0
19,bt295361.2,bt295361,2,0.9649556833877104,0.2193931022920578,LV,0.0,0
19,bt474991.2,bt474991,2,0.9645554173809997,0.2193931022920578,LV,0.0,0
19,uc1627323.2,uc1627323,2,0.9624835342324274,0.2193931022920578,LV,0.0,0
19,uc3405987.2,uc3405987,2,0.9697949297392121,0.2193931022920578,LV,0.0,0
19,uc3405846.2,uc3405846,2,0.9752002641310095,0.2193931022920578,LV,0.0,0
19,uc3405847.2,uc3405847,2,0.9714770185514744,0.2193931022920578,LV,0.0,0
19,uc3405838.2,uc3405838,2,0.9671359916002694,0.2193931022920578,LV,0.0,0
19,uc1607326.2,uc1607326,2,0.9757223442620796,0.2193931022920578,LV,0.0,0
19,uc1607316.2,uc1607316,2,0.9737989108651032,0.2193931022920578,LV,0.0,0
19,uc1607308.2,uc1607308,2,0.9782918237020768,0.2193931022920578,LV,0.0,0
19,uc1623434.2,uc1623434,2,0.0,0.1270170592217177,LV,0.95,1
19,uc1620373.2,uc1620373,2,0.9839742078322691,0.2193931022920578,LV,0.0,0
19,uc1607302.2,uc1607302,2,0.9833618179533034,0.2193931022920578,LV,0.0,0
19,uc1607304.2,uc1607304,2,0.9831930051374509,0.2193931022920578,LV,0.0,0
19,uc1607306.2,uc1607306,2,0.9770032099539173,0.2193931022920578,LV,0.0,0
19,uc1607299.2,uc1607299,2,0.9843084061352705,0.2193931022920578,LV,0.0,0
19,uc1607297.2,uc1607297,2,0.9844160145190042,0.2193931022920578,LV,0.0,0
19,uc1607298.2,uc1607298,2,0.9847238267332653,0.2193931022920578,LV,0.0,0
19,uc1607289.2,uc1607289,2,0.9884212376429986,0.2193931022920578,LV,0.0,0
19,uc1607291.2,uc1607291,2,0.9833766623714084,0.2193931022920578,LV,0.0,0
19,uc1607292.2,uc1607292,2,0.9821473361791818,0.2193931022920578,LV,0.0,0
19,uc1607280.2,uc1607280,2,0.9798989077589687,0.2193931022920578,LV,0.0,0
19,uc1607284.2,uc1607284,2,0.9806676054670779,0.2193931022920578,LV,0.0,0
19,uc1607285.2,uc1607285,2,0.9804109327001023,0.2193931022920578,LV,0.0,0
19,uc1607288.2,uc1607288,2,0.9811319762665891,0.2193931022920578,LV,0.0,0
19,uc1607279.2,uc1607279,2,0.9824579739499782,0.2193931022920578,LV,0.0,0
19,uc1607355.2,uc1607355,2,0.9842953421017806,0.2193931022920578,LV,0.0,0
19,uc1607357.2,uc1607357,2,0.9864753290745815,0.2193931022920578,LV,0.0,0
19,uc1607358.2,uc1607358,2,0.9816206570534303,0.2193931022920578,LV,0.0,0
19,uc1607368.2,uc1607368,2,0.0,0.1270170592217177,LV,0.95,1
19,uc1607276.2,uc1607276,2,0.9946823949802761,0.2193931022920578,LV,0.0,0
19,uc1607278.2,uc1607278,2,0.994125308625474,0.2193931022920578,LV,0.0,0
19,uc1607273.2,uc1607273,2,0.9913103590058094,0.2193931022920578,LV,0.0,0
19,uc1607328.2,uc1607328,2,0.9746121314602362,0.2193931022920578,LV,0.0,0
19,uc1607347.2,uc1607347,2,0.9818311623323969,0.2193931022920578,LV,0.0,0
19,uc1607350.2,uc1607350,2,0.9811298598215132,0.2193931022920578,LV,0.0,0
19,uc1107341.2,uc1107341,2,0.9701928084599233,0.2193931022920578,LV,0.0,0
19,uc1107333.2,uc1107333,2,0.9740972553524094,0.2193931022920578,LV,0.0,0
19,uc1607268.2,uc1607268,2,0.9918452235427622,0.2193931022920578,LV,0.0,0
19,uc1607252.2,uc1607252,2,0.9733072638455894,0.2193931022920578,LV,0.0,0
19,uc1606000.2,uc1606000,2,0.9801981477773417,0.2193931022920578,LV,0.0,0
19,uc1607255.2,uc1607255,2,0.9830455720872598,0.2193931022920578,LV,0.0,0
19,uc1607258.2,uc1607258,2,0.9733276670429587,0.2193931022920578,LV,0.0,0
19,uc1124041.2,uc1124041,2,0.9756820683505341,0.2193931022920578,LV,0.0,0
19,uc1124340.2,uc1124340,2,0.979923094103173,0.2193931022920578,LV,0.0,0
19,uc1121173.2,uc1121173,2,0.9743217754801932,0.2193931022920578,LV,0.0,0
19,uc1107345.2,uc1107345,2,0.9798741516985313,0.2193931022920578,LV,0.0,0
19,uc605816.2,uc605816,2,0.9737161946221041,0.2193931022920578,LV,0.0,0
19,uc605812.2,uc605812,2,0.9646421655489286,0.2193931022920578,LV,0.0,0
19,uc605813.2,uc605813,2,0.9888000959275054,0.2193931022920578,LV,0.0,0
19,uc609685.2,uc609685,2,0.9889872868031633,0.2193931022920578,LV,0.0,0
19,uc609688.2,uc609688,2,0.9781647517607991,0.2193931022920578,LV,0.0,0
19,uc621168.2,uc621168,2,0.9814074948708577,0.2193931022920578,LV,0.0,0
19,uc621171.2,uc621171,2,0.9840177930289549,0.2193931022920578,LV,0.0,0
19,uc605810.2,uc605810,2,0.9862168328963453,0.2193931022920578,LV,0.0,0
19,uc605807.2,uc605807,2,0.9686780981585682,0.2193931022920578,LV,0.0,0
19,uc605801.2,uc605801,2,0.9838790012915939,0.2193931022920578,LV,0.0,0
19,uc607384.2,uc607384,2,0.9834021331478108,0.2193931022920578,LV,0.0,0
19,uc607385.2,uc607385,2,0.975360187124174,0.2193931022920578,LV,0.0,0
19,uc609682.2,uc609682,2,0.9659584145988801,0.2193931022920578,LV,0.0,0
19,uc609683.2,uc609683,2,0.985466081891368,0.2193931022920578,LV,0.0,0
19,uc607377.2,uc607377,2,0.9896911270768614,0.2193931022920578,LV,0.0,0
19,uc607382.2,uc607382,2,0.9830675729982175,0.2193931022920578,LV,0.0,0
19,uc606117.2,uc606117,2,0.9881007422130169,0.2193931022920578,LV,0.0,0
19,uc606120.2,uc606120,2,0.9870810338923552,0.2193931022920578,LV,0.0,0
19,uc623433.2,uc623433,2,0.9681758952578127,0.2193931022920578,LV,0.0,0
19,uc623007.2,uc623007,2,0.9884817166652966,0.2193931022920578,LV,0.0,0
19,uc606147.2,uc606147,2,0.9751709968070635,0.2193931022920578,LV,0.0,0
19,uc606148.2,uc606148,2,0.9965754675787784,0.2193931022920578,LV,0.0,0
19,uc606150.2,uc606150,2,0.9944097292379305,0.2193931022920578,LV,0.0,0
19,uc606109.2,uc606109,2,0.9846153412858256,0.2193931022920578,LV,0.0,0
19,uc606110.2,uc606110,2,0.9831071075936763,0.2193931022920578,LV,0.0,0
19,uc606111.2,uc606111,2,0.9878816097661056,0.2193931022920578,LV,0.0,0
19,uc622720.2,uc622720,2,0.9810936515088569,0.2193931022920578,LV,0.0,0
19,uc623004.2,uc623004,2,0.9721580073966976,0.2193931022920578,LV,0.0,0
19,uc606103.2,uc606103,2,0.9809674658350624,0.2193931022920578,LV,0.0,0
19,uc606139.2,uc606139,2,0.9758599587973925,0.2193931022920578,LV,0.0,0
19,uc606143.2,uc606143,2,0.9808422369425409,0.2193931022920578,LV,0.0,0
19,uc605921.2,uc605921,2,0.9829015495516112,0.2193931022920578,LV,0.0,0
19,uc605915.2,uc605915,2,0.9849189269478807,0.2193931022920578,LV,0.0,0
19,uc606101.2,uc606101,2,0.9877467485430863,0.2193931022920578,LV,0.0,0
19,uc622273.2,uc622273,2,0.9782917923775994,0.2193931022920578,LV,0.0,0
19,uc605990.2,uc605990,2,0.9662407666677798,0.2193931022920578,LV,0.0,0
19,uc606130.2,uc606130,2,0.9870060521374354,0.2193931022920578,LV,0.0,0
19,uc606132.2,uc606132,2,0.983520876805419,0.2193931022920578,LV,0.0,0
19,uc622258.2,uc622258,2,0.9876267531745435,0.2193931022920578,LV,0.0,0
19,uc622270.2,uc622270,2,0.992722583239331,0.2193931022920578,LV,0.0,0
19,uc605905.2,uc605905,2,0.9817983479732595,0.2193931022920578,LV,0.0,0
19,uc605909.2,uc605909,2,0.9903846721710414,0.2193931022920578,LV,0.0,0
19,uc605910.2,uc605910,2,0.9869313544272499,0.2193931022920578,LV,0.0,0
19,uc605911.2,uc605911,2,0.9886425469520181,0.2193931022920578,LV,0.0,0
19,uc606128.2,uc606128,2,0.9845670970086183,0.2193931022920578,LV,0.0,0
19,uc605904.2,uc605904,2,0.981983918131319,0.2193931022920578,LV,0.0,0
19,uc1239552.2,uc1239552,2,0.9850351786127399,0.2193931022920578,LV,0.0,0
19,uc605817.2,uc605817,2,0.9840122968939257,0.2193931022920578,LV,0.0,0
19,uc605819.2,uc605819,2,0.9784745843347036,0.2193931022920578,LV,0.0,0
19,uc605820.2,uc605820,2,0.9669261224639792,0.2193931022920578,LV,0.0,0
19,uc605821.2,uc605821,2,0.9753244827852865,0.2193931022920578,LV,0.0,0
19,uc605822.2,uc605822,2,0.9666054662470001,0.2193931022920578,LV,0.0,0
19,uc639280.2,uc639280,2,0.9836068688747339,0.2193931022920578,LV,0.0,0
19,uc605898.2,uc605898,2,0.9911839442681392,0.2193931022920578,LV,0.0,0
19,uc605902.2,uc605902,2,0.9827255369451403,0.2193931022920578,LV,0.0,0
19,uc605982.2,uc605982,2,0.9684212278756409,0.2193931022920578,LV,0.0,0
19,uc605988.2,uc605988,2,0.9647667096072982,0.2193931022920578,LV,0.0,0
19,uc606126.2,uc606126,2,0.9871366873878374,0.2193931022920578,LV,0.0,0
19,uc606127.2,uc606127,2,0.9845056075409439,0.2193931022920578,LV,0.0,0
19,uc605896.2,uc605896,2,0.9699807384836325,0.2193931022920578,LV,0.0,0
19,uc606121.2,uc606121,2,0.9831803050526411,0.2193931022920578,LV,0.0,0
19,uc606122.2,uc606122,2,0.9772513327018956,0.2193931022920578,LV,0.0,0
19,uc606123.2,uc606123,2,0.9838043336372101,0.2193931022920578,LV,0.0,0
19,uc622709.2,uc622709,2,0.9813773850939317,0.2193931022920578,LV,0.0,0
19,uc639277.2,uc639277,2,0.9756063582259551,0.2193931022920578,LV,0.0,0
19,uc1139390.2,uc1139390,2,0.9849989818237451,0.2193931022920578,LV,0.0,0
19,uc605864.2,uc605864,2,0.9754824716614887,0.2193931022920578,LV,0.0,0
19,uc605865.2,uc605865,2,0.974655497658293,0.2193931022920578,LV,0.0,0
19,uc638617.2,uc638617,2,0.9737597141246472,0.2193931022920578,LV,0.0,0
19,uc605855.2,uc605855,2,0.9693358972879518,0.2193931022920578,LV,0.0,0
19,uc1638606.2,uc1638606,2,0.9864677552373227,0.2193931022920578,LV,0.0,0
19,uc1638954.2,uc1638954,2,0.9906359175692582,0.2193931022920578,LV,0.0,0
19,uc605836.2,uc605836,2,0.9434083173156635,0.2193931022920578,LV,0.0065916826843364085,1
19,uc1607303.2,uc1607303,2,0.9815049038835816,0.2193931022920578,LV,0.0,0
19,uc637705.2,uc637705,2,0.9829317805054029,0.2193931022920578,LV,0.0,0
19,uc1637704.2,uc1637704,2,1.0014728631986474,0.2193931022920578,LV,0.0,0
19,uc637576.2,uc637576,2,0.9835621918405751,0.2193931022920578,LV,0.0,0
19,uc637918.2,uc637918,2,0.9820700023085245,0.2193931022920578,LV,0.0,0
19,uc637360.2,uc637360,2,0.9838484373554746,0.2193931022920578,LV,0.0,0
19,uc637397.2,uc637397,2,0.9763171925650704,0.2193931022920578,LV,0.0,0
19,uc636933.2,uc636933,2,0.975317971741662,0.2193931022920578,LV,0.0,0
19,uc605908.2,uc605908,2,0.9921926481236175,0.2193931022920578,LV,0.0,0
19,uc635963.2,uc635963,2,0.9873173564036772,0.2193931022920578,LV,0.0,0
19,uc635543.2,uc635543,2,0.9846400946001596,0.2193931022920578,LV,0.0,0
19,uc635966.2,uc635966,2,0.9846214395104947,0.2193931022920578,LV,0.0,0
19,uc627328.2,uc627328,2,0.9641102153837732,0.2193931022920578,LV,0.0,0
19,uc635550.2,uc635550,2,0.9885648600945638,0.2193931022920578,LV,0.0,0
19,uc635862.2,uc635862,2,0.9812075190949452,0.2193931022920578,LV,0.0,0
19,uc3435739.2,uc3435739,2,0.9693752991724761,0.2193931022920578,LV,0.0,0
19,uc634166.2,uc634166,2,0.9872405970309147,0.2193931022920578,LV,0.0,0
19,uc1633671.2,uc1633671,2,0.9851690487004063,0.2193931022920578,LV,0.0,0
19,uc633056.2,uc633056,2,0.9851982734396509,0.2193931022920578,LV,0.0,0
19,uc632607.2,uc632607,2,0.9409827159970314,0.2193931022920578,LV,0.009017284002968529,1
19,uc1632402.2,uc1632402,2,0.977531873053453,0.2193931022920578,LV,0.0,0
19,uc1131858.2,uc1131858,2,0.9704266354538135,0.2193931022920578,LV,0.0,0
19,uc631391.2,uc631391,2,0.976538184376779,0.2193931022920578,LV,0.0,0
19,uc1630759.2,uc1630759,2,0.9753584419940465,0.2193931022920578,LV,0.0,0
19,uc630758.2,uc630758,2,0.9692218136499872,0.2193931022920578,LV,0.0,0
19,uc630753.2,uc630753,2,0.9750676377101678,0.2193931022920578,LV,0.0,0
19,uc628766.2,uc628766,2,0.9870304246181703,0.2193931022920578,LV,0.0,0
19,uc627346.2,uc627346,2,0.9891980115312972,0.2193931022920578,LV,0.0,0
19,uc1629422.2,uc1629422,2,0.9817793145432435,0.2193931022920578,LV,0.0,0
19,60651.3,60651,3,0.9926274739067442,13.336791218280357,MV,0.0,0
19,60721.3,60721,3,0.9925801361918608,13.336791218280357,MV,0.0,0
19,164151.3,164151,3,0.9930268992393584,13.336791218280357,MV,0.0,0
19,302191.3,302191,3,0.9867088657915735,13.336791218280357,MV,0.0,0
19,320841.3,320841,3,0.9903546614923866,13.336791218280357,MV,0.0,0
19,337711.3,337711,3,0.986753551546037,13.336791218280357,MV,0.0,0
19,358691.3,358691,3,0.9982321147038353,13.336791218280357,MV,0.0,0
19,et6_1177.3,et6_1177,3,0.989366756001112,0.2193931022920578,LV,0.0,0
19,461501.3,461501,3,0.9925980892679379,13.336791218280357,MV,0.0,0
19,686891.3,686891,3,0.9914984048745545,13.336791218280357,MV,0.0,0
19,703601.3,703601,3,0.9931816603483373,13.336791218280357,MV,0.0,0
19,713791.3,713791,3,0.9911894598196564,13.336791218280357,MV,0.0,0
19,725731.3,725731,3,0.990603540629383,13.336791218280357,MV,0.0,0
19,809501.3,809501,3,0.991746545893703,13.336791218280357,MV,0.0,0
19,811221.3,811221,3,0.9930545504942937,13.336791218280357,MV,0.0,0
19,815111.3,815111,3,0.9867030037542426,13.336791218280357,MV,0.0,0
19,822371.3,822371,3,0.9908161142263884,13.336791218280357,MV,0.0,0
19,820611.3,820611,3,0.9923219405489113,13.336791218280357,MV,0.0,0
19,822641.3,822641,3,0.9908831135483142,13.336791218280357,MV,0.0,0
19,618431.3,618431,3,0.9926278388460902,13.336791218280357,MV,0.0,0
19,bt10401.3,bt10401,3,0.9865327042566482,0.2193931022920578,LV,0.0,0
19,bt197792.3,bt197792,3,0.986127787775387,0.2193931022920578,LV,0.0,0
19,bt800551.3,bt800551,3,0.9861982385872302,0.2193931022920578,LV,0.0,0
19,bt295341.3,bt295341,3,0.9860314638755108,0.2193931022920578,LV,0.0,0
19,bt800541.3,bt800541,3,0.9860717813728004,0.2193931022920578,LV,0.0,0
19,bt295361.3,bt295361,3,0.9860314645469401,0.2193931022920578,LV,0.0,0
19,bt474991.3,bt474991,3,0.986031465003515,0.2193931022920578,LV,0.0,0
19,uc627336.3,uc627336,3,0.9887333593198303,0.2193931022920578,LV,0.0,0
19,uc1620373.3,uc1620373,3,0.9861391092958288,0.2193931022920578,LV,0.0,0
19,uc1607302.3,uc1607302,3,0.9854540936160773,0.2193931022920578,LV,0.0,0
19,uc1607304.3,uc1607304,3,0.9853507738772421,0.2193931022920578,LV,0.0,0
19,uc1607298.3,uc1607298,3,0.9875835223045645,0.2193931022920578,LV,0.0,0
19,uc1607280.3,uc1607280,3,0.9817578084531086,0.2193931022920578,LV,0.0,0
19,uc1607285.3,uc1607285,3,0.9845853329741066,0.2193931022920578,LV,0.0,0
19,uc1607279.3,uc1607279,3,0.9843192918979129,0.2193931022920578,LV,0.0,0
19,uc1607347.3,uc1607347,3,0.9839937800289843,0.2193931022920578,LV,0.0,0
19,uc1124340.3,uc1124340,3,0.9845502041916804,0.2193931022920578,LV,0.0,0
19,uc605816.3,uc605816,3,0.9762298416537087,0.2193931022920578,LV,0.0,0
19,uc605815.3,uc605815,3,0.9800526209627184,0.2193931022920578,LV,0.0,0
19,uc621171.3,uc621171,3,0.9853147332213966,0.2193931022920578,LV,0.0,0
19,uc607384.3,uc607384,3,0.9847055461746878,0.2193931022920578,LV,0.0,0
19,uc606117.3,uc606117,3,0.9894012908389177,0.2193931022920578,LV,0.0,0
19,uc606120.3,uc606120,3,0.9883807151574081,0.2193931022920578,LV,0.0,0
19,uc623007.3,uc623007,3,0.988585603595042,0.2193931022920578,LV,0.0,0
19,uc605867.3,uc605867,3,0.9799566602680342,0.2193931022920578,LV,0.0,0
19,uc606150.3,uc606150,3,0.9947324811715227,0.2193931022920578,LV,0.0,0
19,uc606109.3,uc606109,3,0.9859128261838386,0.2193931022920578,LV,0.0,0
19,uc606110.3,uc606110,3,0.9844035310046778,0.2193931022920578,LV,0.0,0
19,uc606111.3,uc606111,3,0.9891819480860414,0.2193931022920578,LV,0.0,0
19,uc622722.3,uc622722,3,0.9810162723026831,0.2193931022920578,LV,0.0,0
19,uc623004.3,uc623004,3,0.9784956059014581,0.2193931022920578,LV,0.0,0
19,uc606101.3,uc606101,3,0.9890360406869259,0.2193931022920578,LV,0.0,0
19,uc606132.3,uc606132,3,0.9848235365562327,0.2193931022920578,LV,0.0,0
19,uc605910.3,uc605910,3,0.9882229654148957,0.2193931022920578,LV,0.0,0
19,uc605911.3,uc605911,3,0.9899357735277095,0.2193931022920578,LV,0.0,0
19,uc605904.3,uc605904,3,0.9890285689950027,0.2193931022920578,LV,0.0,0
19,uc1239552.3,uc1239552,3,0.9872014466366552,0.2193931022920578,LV,0.0,0
19,uc605821.3,uc605821,3,0.9818474519300606,0.2193931022920578,LV,0.0,0
19,uc639280.3,uc639280,3,0.985202560891608,0.2193931022920578,LV,0.0,0
19,uc605898.3,uc605898,3,0.9891750521908538,0.2193931022920578,LV,0.0,0
19,uc605902.3,uc605902,3,0.9839066947193006,0.2193931022920578,LV,0.0,0
19,uc606126.3,uc606126,3,0.988442108974549,0.2193931022920578,LV,0.0,0
19,uc606127.3,uc606127,3,0.9858086089034478,0.2193931022920578,LV,0.0,0
19,uc606121.3,uc606121,3,0.9844753994192693,0.2193931022920578,LV,0.0,0
19,uc606122.3,uc606122,3,0.9785404892681225,0.2193931022920578,LV,0.0,0
19,uc639277.3,uc639277,3,0.9821298495532215,0.2193931022920578,LV,0.0,0
19,uc1139390.3,uc1139390,3,0.9871651702434964,0.2193931022920578,LV,0.0,0
19,uc637576.3,uc637576,3,0.9848631284663095,0.2193931022920578,LV,0.0,0
19,uc637918.3,uc637918,3,0.9836644635663396,0.2193931022920578,LV,0.0,0
19,uc637360.3,uc637360,3,0.9851450119532854,0.2193931022920578,LV,0.0,0
19,uc637397.3,uc637397,3,0.9788240681540636,0.2193931022920578,LV,0.0,0
19,uc635963.3,uc635963,3,0.9886172629137444,0.2193931022920578,LV,0.0,0
19,uc635543.3,uc635543,3,0.9859375307691117,0.2193931022920578,LV,0.0,0
19,uc635966.3,uc635966,3,0.9859188633981412,0.2193931022920578,LV,0.0,0
19,uc635550.3,uc635550,3,0.9898721050259547,0.2193931022920578,LV,0.0,0
19,uc635862.3,uc635862,3,0.9803953517465668,0.2193931022920578,LV,0.0,0
19,uc1633671.3,uc1633671,3,0.985353023432363,0.2193931022920578,LV,0.0,0
19,uc632607.3,uc632607,3,0.9434541042146923,0.2193931022920578,LV,0.0065458957853076205,1
19,uc1629422.3,uc1629422,3,0.988176233563292,0.2193931022920578,LV,0.0,0
20,60651.1,60651,1,0.9932769727946694,13.336791218280357,MV,0.0,0
20,60721.1,60721,1,0.9932378965768233,13.336791218280357,MV,0.0,0
20,164151.1,164151,1,0.9936058897502609,13.336791218280357,MV,0.0,0
20,302191.1,302191,1,0.9881811643291308,13.336791218280357,MV,0.0,0
20,320841.1,320841,1,0.9913741106939091,13.336791218280357,MV,0.0,0
20,337711.1,337711,1,0.988217145231288,13.336791218280357,MV,0.0,0
20,358691.1,358691,1,0.9982814508263494,13.336791218280357,MV,0.0,0
20,et6_1177.1,et6_1177,1,0.992397617047369,0.2193931022920578,LV,0.0,0
20,461501.1,461501,1,0.9932197013200781,13.336791218280357,MV,0.0,0
20,686891.1,686891,1,0.9922755212404935,13.336791218280357,MV,0.0,0
20,703601.1,703601,1,0.993737996730689,13.336791218280357,MV,0.0,0
20,713791.1,713791,1,0.9920375190308668,13.336791218280357,MV,0.0,0
20,725731.1,725731,1,0.9915843640658627,13.336791218280357,MV,0.0,0
20,809501.1,809501,1,0.9924816703660075,13.336791218280357,MV,0.0,0
20,811221.1,811221,1,0.9936293226513707,13.336791218280357,MV,0.0,0
20,815111.1,815111,1,0.9881767992162186,13.336791218280357,MV,0.0,0
20,822371.1,822371,1,0.9917462969469804,13.336791218280357,MV,0.0,0
20,820611.1,820611,1,0.9930002858222851,13.336791218280357,MV,0.0,0
20,822641.1,822641,1,0.9917991338475025,13.336791218280357,MV,0.0,0
20,618431.1,618431,1,0.9932772765713722,13.336791218280357,MV,0.0,0
20,bt10401.1,bt10401,1,0.9822835682642758,0.2193931022920578,LV,0.0,0
20,bt197792.1,bt197792,1,0.9810792657825458,0.2193931022920578,LV,0.0,0
20,bt800551.1,bt800551,1,0.9813470811497507,0.2193931022920578,LV,0.0,0
20,bt295341.1,bt295341,1,0.9800840155547996,0.2193931022920578,LV,0.0,0
20,bt800541.1,bt800541,1,0.980661423302363,0.2193931022920578,LV,0.0,0
20,bt295361.1,bt295361,1,0.9795340814546858,0.2193931022920578,LV,0.0,0
20,bt474991.1,bt474991,1,0.9791010196239887,0.2193931022920578,LV,0.0,0
20,uc626695.1,uc626695,1,0.9757278695381723,0.2193931022920578,LV,0.0,0
20,uc1627323.1,uc1627323,1,0.9841265240490278,0.2193931022920578,LV,0.0,0
20,uc1627342.1,uc1627342,1,0.9959417591303186,0.2193931022920578,LV,0.0,0
20,uc627343.1,uc627343,1,0.9923898826327332,0.2193931022920578,LV,0.0,0
20,uc627344.1,uc627344,1,0.9936925755973555,0.2193931022920578,LV,0.0,0
20,uc1626672.1,uc1626672,1,0.0,0.1270170592217177,LV,0.95,1
20,uc1626490.1,uc1626490,1,0.992181047691084,0.2193931022920578,LV,0.0,0
20,uc3422706.1,uc3422706,1,0.9907495885933303,0.2193931022920578,LV,0.0,0
20,uc3425629.1,uc3425629,1,0.9908515382479719,0.2193931022920578,LV,0.0,0
20,uc3422597.1,uc3422597,1,0.9865713888808553,0.2193931022920578,LV,0.0,0
20,uc3405843.1,uc3405843,1,0.9873803902407535,0.2193931022920578,LV,0.0,0
20,uc3405844.1,uc3405844,1,0.9870454402152568,0.2193931022920578,LV,0.0,0
20,uc3405845.1,uc3405845,1,0.9869709914076499,0.2193931022920578,LV,0.0,0
20,uc3405846.1,uc3405846,1,0.9876923369551776,0.2193931022920578,LV,0.0,0
20,uc1626486.1,uc1626486,1,0.9966297804854279,0.2193931022920578,LV,0.0,0
20,uc1626487.1,uc1626487,1,0.9879051721950094,0.2193931022920578,LV,0.0,0
20,uc626481.1,uc626481,1,0.9897812825648505,0.2193931022920578,LV,0.0,0
20,uc626678.1,uc626678,1,0.9843365830124298,0.2193931022920578,LV,0.0,0
20,uc626698.1,uc626698,1,0.9922966019055744,0.2193931022920578,LV,0.0,0
20,uc626476.1,uc626476,1,0.9792814328755638,0.2193931022920578,LV,0.0,0
20,uc1627321.1,uc1627321,1,0.9954584836405322,0.2193931022920578,LV,0.0,0
20,uc1607319.1,uc1607319,1,0.9850515906209681,0.2193931022920578,LV,0.0,0
20,uc1607308.1,uc1607308,1,0.9876918379059174,0.2193931022920578,LV,0.0,0
20,uc1624026.1,uc1624026,1,0.0,0.1270170592217177,LV,0.95,1
20,uc1625170.1,uc1625170,1,0.9934784765383623,0.2193931022920578,LV,0.0,0
20,uc1621994.1,uc1621994,1,0.9960192245812842,0.2193931022920578,LV,0.0,0
20,uc1620360.1,uc1620360,1,0.9965071530256728,0.2193931022920578,LV,0.0,0
20,uc1620373.1,uc1620373,1,0.9885067161357793,0.2193931022920578,LV,0.0,0
20,uc1607302.1,uc1607302,1,0.9880995641891467,0.2193931022920578,LV,0.0,0
20,uc1607304.1,uc1607304,1,0.986028522274067,0.2193931022920578,LV,0.0,0
20,uc1607305.1,uc1607305,1,0.9852640804438014,0.2193931022920578,LV,0.0,0
20,uc1607306.1,uc1607306,1,0.9867953894818025,0.2193931022920578,LV,0.0,0
20,uc1607297.1,uc1607297,1,0.9918738636799785,0.2193931022920578,LV,0.0,0
20,uc1607298.1,uc1607298,1,0.9895928308082194,0.2193931022920578,LV,0.0,0
20,uc1607289.1,uc1607289,1,0.9932724270629308,0.2193931022920578,LV,0.0,0
20,uc1607290.1,uc1607290,1,0.9934117865975866,0.2193931022920578,LV,0.0,0
20,uc1607291.1,uc1607291,1,0.9920394097805528,0.2193931022920578,LV,0.0,0
20,uc1607280.1,uc1607280,1,0.9857535395638005,0.2193931022920578,LV,0.0,0
20,uc1607283.1,uc1607283,1,0.9806982116068734,0.2193931022920578,LV,0.0,0
20,uc1607285.1,uc1607285,1,0.9836296817572923,0.2193931022920578,LV,0.0,0
20,uc1607287.1,uc1607287,1,0.9856261710339267,0.2193931022920578,LV,0.0,0
20,uc1607288.1,uc1607288,1,0.9896101774457406,0.2193931022920578,LV,0.0,0
20,uc1607279.1,uc1607279,1,0.9875318912390892,0.2193931022920578,LV,0.0,0
20,uc1607357.1,uc1607357,1,0.9917604281628525,0.2193931022920578,LV,0.0,0
20,uc1607358.1,uc1607358,1,0.9909502499051962,0.2193931022920578,LV,0.0,0
20,uc1607368.1,uc1607368,1,0.0,0.1270170592217177,LV,0.95,1
20,uc1607277.1,uc1607277,1,0.996674880067756,0.2193931022920578,LV,0.0,0
20,uc1607278.1,uc1607278,1,0.9996881881372987,0.2193931022920578,LV,0.0,0
20,uc1607272.1,uc1607272,1,0.9865453843037677,0.2193931022920578,LV,0.0,0
20,uc1607273.1,uc1607273,1,0.9998103778543497,0.2193931022920578,LV,0.0,0
20,uc1607353.1,uc1607353,1,0.9918836133511947,0.2193931022920578,LV,0.0,0
20,uc1607347.1,uc1607347,1,0.9869919863753065,0.2193931022920578,LV,0.0,0
20,uc1607349.1,uc1607349,1,0.992093005672886,0.2193931022920578,LV,0.0,0
20,uc1107342.1,uc1107342,1,0.9843375165789329,0.2193931022920578,LV,0.0,0
20,uc1107340.1,uc1107340,1,0.9788340382985413,0.2193931022920578,LV,0.0,0
20,uc1105833.1,uc1105833,1,0.988925768716432,0.2193931022920578,LV,0.0,0
20,uc1107330.1,uc1107330,1,0.9778381012679294,0.2193931022920578,LV,0.0,0
20,uc1607265.1,uc1607265,1,0.9801265950840821,0.2193931022920578,LV,0.0,0
20,uc1607268.1,uc1607268,1,0.9957273489852994,0.2193931022920578,LV,0.0,0
20,uc1607252.1,uc1607252,1,0.9870762398330163,0.2193931022920578,LV,0.0,0
20,uc1605991.1,uc1605991,1,0.9897562404321701,0.2193931022920578,LV,0.0,0
20,uc1605996.1,uc1605996,1,0.987155228854408,0.2193931022920578,LV,0.0,0
20,uc1607257.1,uc1607257,1,0.9902483227184139,0.2193931022920578,LV,0.0,0
20,uc1607258.1,uc1607258,1,0.9870903146711433,0.2193931022920578,LV,0.0,0
20,uc1124340.1,uc1124340,1,0.9852027573039916,0.2193931022920578,LV,0.0,0
20,uc605816.1,uc605816,1,0.9814643681943465,0.2193931022920578,LV,0.0,0
20,uc605813.1,uc605813,1,0.9917146738856171,0.2193931022920578,LV,0.0,0
20,uc609684.1,uc609684,1,0.9943714870911581,0.2193931022920578,LV,0.0,0
20,uc609686.1,uc609686,1,0.9949844423142064,0.2193931022920578,LV,0.0,0
20,uc609688.1,uc609688,1,0.9869471116109146,0.2193931022920578,LV,0.0,0
20,uc621168.1,uc621168,1,0.9910650721859471,0.2193931022920578,LV,0.0,0
20,uc621171.1,uc621171,1,0.9886017397568363,0.2193931022920578,LV,0.0,0
20,uc605808.1,uc605808,1,0.995499670917893,0.2193931022920578,LV,0.0,0
20,uc605809.1,uc605809,1,0.9810110373222866,0.2193931022920578,LV,0.0,0
20,uc605810.1,uc605810,1,0.9927377275532467,0.2193931022920578,LV,0.0,0
20,uc605970.1,uc605970,1,0.9901987294031591,0.2193931022920578,LV,0.0,0
20,uc605803.1,uc605803,1,0.9910058961446743,0.2193931022920578,LV,0.0,0
20,uc605804.1,uc605804,1,0.9929430214499045,0.2193931022920578,LV,0.0,0
20,uc605806.1,uc605806,1,0.9905179993098503,0.2193931022920578,LV,0.0,0
20,uc607384.1,uc607384,1,0.9881981940994727,0.2193931022920578,LV,0.0,0
20,uc607387.1,uc607387,1,0.9912370584394034,0.2193931022920578,LV,0.0,0
20,uc609682.1,uc609682,1,0.9820846526134127,0.2193931022920578,LV,0.0,0
20,uc624033.1,uc624033,1,0.9971868181647233,0.2193931022920578,LV,0.0,0
20,uc625156.1,uc625156,1,0.9910527747408391,0.2193931022920578,LV,0.0,0
20,uc625624.1,uc625624,1,0.9841657362969186,0.2193931022920578,LV,0.0,0
20,uc625625.1,uc625625,1,0.9947679241974372,0.2193931022920578,LV,0.0,0
20,uc607366.1,uc607366,1,0.9809553917081466,0.2193931022920578,LV,0.0,0
20,uc607367.1,uc607367,1,0.9924731032314863,0.2193931022920578,LV,0.0,0
20,uc606114.1,uc606114,1,0.9895385995004843,0.2193931022920578,LV,0.0,0
20,uc606117.1,uc606117,1,0.9914404908203858,0.2193931022920578,LV,0.0,0
20,uc606120.1,uc606120,1,0.9907427856045842,0.2193931022920578,LV,0.0,0
20,uc623015.1,uc623015,1,0.979750059451322,0.2193931022920578,LV,0.0,0
20,uc623432.1,uc623432,1,0.987302065454445,0.2193931022920578,LV,0.0,0
20,uc624028.1,uc624028,1,0.9890359807031665,0.2193931022920578,LV,0.0,0
20,uc605873.1,uc605873,1,0.991525199492158,0.2193931022920578,LV,0.0,0
20,uc623007.1,uc623007,1,0.9918555529619874,0.2193931022920578,LV,0.0,0
20,uc606147.1,uc606147,1,0.9888926643385886,0.2193931022920578,LV,0.0,0
20,uc606148.1,uc606148,1,0.998041104704424,0.2193931022920578,LV,0.0,0
20,uc606150.1,uc606150,1,0.9960911715530586,0.2193931022920578,LV,0.0,0
20,uc606109.1,uc606109,1,0.9890296448990774,0.2193931022920578,LV,0.0,0
20,uc606110.1,uc606110,1,0.9879816041742618,0.2193931022920578,LV,0.0,0
20,uc606111.1,uc606111,1,0.9912915263741547,0.2193931022920578,LV,0.0,0
20,uc622777.1,uc622777,1,0.9992936699941241,0.2193931022920578,LV,0.0,0
20,uc623004.1,uc623004,1,0.9822676774941138,0.2193931022920578,LV,0.0,0
20,uc606103.1,uc606103,1,0.9902115252823941,0.2193931022920578,LV,0.0,0
20,uc606139.1,uc606139,1,0.9914640251856932,0.2193931022920578,LV,0.0,0
20,uc606141.1,uc606141,1,0.9867270293206545,0.2193931022920578,LV,0.0,0
20,uc606143.1,uc606143,1,0.9922339521033647,0.2193931022920578,LV,0.0,0
20,uc605921.1,uc605921,1,0.9898630143825247,0.2193931022920578,LV,0.0,0
20,uc622713.1,uc622713,1,0.9911344625565623,0.2193931022920578,LV,0.0,0
20,uc622714.1,uc622714,1,0.9885578657231491,0.2193931022920578,LV,0.0,0
20,uc605993.1,uc605993,1,0.9917445586211786,0.2193931022920578,LV,0.0,0
20,uc606101.1,uc606101,1,0.9900340174862463,0.2193931022920578,LV,0.0,0
20,uc606102.1,uc606102,1,0.9893147422667767,0.2193931022920578,LV,0.0,0
20,uc622273.1,uc622273,1,0.9904642935465462,0.2193931022920578,LV,0.0,0
20,uc622703.1,uc622703,1,0.9758011646042547,0.2193931022920578,LV,0.0,0
20,uc605989.1,uc605989,1,0.9934472138568711,0.2193931022920578,LV,0.0,0
20,uc606130.1,uc606130,1,0.9936256755298984,0.2193931022920578,LV,0.0,0
20,uc606132.1,uc606132,1,0.9882841199253519,0.2193931022920578,LV,0.0,0
20,uc605914.1,uc605914,1,1.0017232253653672,0.2193931022920578,LV,0.0,0
20,uc622257.1,uc622257,1,0.994244833963511,0.2193931022920578,LV,0.0,0
20,uc605909.1,uc605909,1,0.9947443131115095,0.2193931022920578,LV,0.0,0
20,uc605910.1,uc605910,1,0.9907031185454822,0.2193931022920578,LV,0.0,0
20,uc605911.1,uc605911,1,0.991883624616241,0.2193931022920578,LV,0.0,0
20,uc606128.1,uc606128,1,0.9922774510369569,0.2193931022920578,LV,0.0,0
20,uc605823.1,uc605823,1,0.9828075820573153,0.2193931022920578,LV,0.0,0
20,uc605824.1,uc605824,1,0.9896730715696841,0.2193931022920578,LV,0.0,0
20,uc605904.1,uc605904,1,0.9913391000804953,0.2193931022920578,LV,0.0,0
20,uc621999.1,uc621999,1,0.9916410740496102,0.2193931022920578,LV,0.0,0
20,uc639553.1,uc639553,1,0.9889001108770636,0.2193931022920578,LV,0.0,0
20,uc1239552.1,uc1239552,1,0.9892304125362893,0.2193931022920578,LV,0.0,0
20,uc605817.1,uc605817,1,0.9903155237831932,0.2193931022920578,LV,0.0,0
20,uc605819.1,uc605819,1,0.9871616917096887,0.2193931022920578,LV,0.0,0
20,uc605820.1,uc605820,1,0.9867783372137857,0.2193931022920578,LV,0.0,0
20,uc605821.1,uc605821,1,0.9839697465293136,0.2193931022920578,LV,0.0,0
20,uc639280.1,uc639280,1,0.9883685391302138,0.2193931022920578,LV,0.0,0
20,uc605898.1,uc605898,1,0.9918005489747294,0.2193931022920578,LV,0.0,0
20,uc605901.1,uc605901,1,0.9938430977304551,0.2193931022920578,LV,0.0,0
20,uc605902.1,uc605902,1,0.9878243843454555,0.2193931022920578,LV,0.0,0
20,uc605985.1,uc605985,1,0.9856576367913966,0.2193931022920578,LV,0.0,0
20,uc606126.1,uc606126,1,0.9907983139368172,0.2193931022920578,LV,0.0,0
20,uc606127.1,uc606127,1,0.9889564649271907,0.2193931022920578,LV,0.0,0
20,uc605896.1,uc605896,1,0.9829047684651199,0.2193931022920578,LV,0.0,0
20,uc606121.1,uc606121,1,0.988070125111673,0.2193931022920578,LV,0.0,0
20,uc606122.1,uc606122,1,0.9839472692547742,0.2193931022920578,LV,0.0,0
20,uc606123.1,uc606123,1,0.9884831693842304,0.2193931022920578,LV,0.0,0
20,uc606124.1,uc606124,1,0.9943087385629622,0.2193931022920578,LV,0.0,0
20,uc605825.1,uc605825,1,0.9853579165563617,0.2193931022920578,LV,0.0,0
20,uc623427.1,uc623427,1,0.9884831822763387,0.2193931022920578,LV,0.0,0
20,uc609687.1,uc609687,1,0.9956430784543577,0.2193931022920578,LV,0.0,0
20,uc639277.1,uc639277,1,0.9841657363029249,0.2193931022920578,LV,0.0,0
20,uc1139390.1,uc1139390,1,0.9891940615878306,0.2193931022920578,LV,0.0,0
20,uc605863.1,uc605863,1,0.9835341393244317,0.2193931022920578,LV,0.0,0
20,uc605865.1,uc605865,1,0.983998772103336,0.2193931022920578,LV,0.0,0
20,uc1138614.1,uc1138614,1,0.9857871835654238,0.2193931022920578,LV,0.0,0
20,uc605855.1,uc605855,1,0.9844297095229517,0.2193931022920578,LV,0.0,0
20,uc605828.1,uc605828,1,0.9807490332594824,0.2193931022920578,LV,0.0,0
20,uc605829.1,uc605829,1,0.9883784854210073,0.2193931022920578,LV,0.0,0
20,uc605834.1,uc605834,1,0.9762863194874302,0.2193931022920578,LV,0.0,0
20,uc605835.1,uc605835,1,0.9763973325670507,0.2193931022920578,LV,0.0,0
20,uc605827.1,uc605827,1,0.9806526967856966,0.2193931022920578,LV,0.0,0
20,uc627337.1,uc627337,1,0.9883366394878562,0.2193931022920578,LV,0.0,0
20,uc637912.1,uc637912,1,0.988503590591695,0.2193931022920578,LV,0.0,0
20,uc637576.1,uc637576,1,0.9883149745838856,0.2193931022920578,LV,0.0,0
20,uc637356.1,uc637356,1,0.9908583290307956,0.2193931022920578,LV,0.0,0
20,uc637918.1,uc637918,1,0.9873010925758177,0.2193931022920578,LV,0.0,0
20,uc637360.1,uc637360,1,0.9885061044513248,0.2193931022920578,LV,0.0,0
20,uc637399.1,uc637399,1,0.9804184788952961,0.2193931022920578,LV,0.0,0
20,uc637397.1,uc637397,1,0.9832893963319468,0.2193931022920578,LV,0.0,0
20,uc1137150.1,uc1137150,1,0.9883267214800657,0.2193931022920578,LV,0.0,0
20,uc1636598.1,uc1636598,1,0.0,0.1270170592217177,LV,0.95,1
20,uc636933.1,uc636933,1,0.9910909822040346,0.2193931022920578,LV,0.0,0
20,uc635963.1,uc635963,1,0.9909053208196267,0.2193931022920578,LV,0.0,0
20,uc635543.1,uc635543,1,0.9890462323453794,0.2193931022920578,LV,0.0,0
20,uc635966.1,uc635966,1,0.9890332743334665,0.2193931022920578,LV,0.0,0
20,uc635550.1,uc635550,1,0.9917841327839287,0.2193931022920578,LV,0.0,0
20,uc635862.1,uc635862,1,0.986685603870489,0.2193931022920578,LV,0.0,0
20,uc1635694.1,uc1635694,1,1.0010477129488744,0.2193931022920578,LV,0.0,0
20,uc3435739.1,uc3435739,1,0.9851786509929156,0.2193931022920578,LV,0.0,0
20,uc1635060.1,uc1635060,1,0.9928280414897478,0.2193931022920578,LV,0.0,0
20,uc1607271.1,uc1607271,1,0.9947537740107885,0.2193931022920578,LV,0.0,0
20,uc605884.1,uc605884,1,0.9909319407463512,0.2193931022920578,LV,0.0,0
20,uc1609690.1,uc1609690,1,0.9970682865929305,0.2193931022920578,LV,0.0,0
20,uc1134165.1,uc1134165,1,0.9790154604136995,0.2193931022920578,LV,0.0,0
20,uc634166.1,uc634166,1,0.9934119913597085,0.2193931022920578,LV,0.0,0
20,uc1633896.1,uc1633896,1,0.9945949521467312,0.2193931022920578,LV,0.0,0
20,uc3433894.1,uc3433894,1,0.988355875354425,0.2193931022920578,LV,0.0,0
20,uc1633892.1,uc1633892,1,0.996044483874574,0.2193931022920578,LV,0.0,0
20,uc633672.1,uc633672,1,0.9956941911773909,0.2193931022920578,LV,0.0,0
20,uc1633671.1,uc1633671,1,0.9853665019787807,0.2193931022920578,LV,0.0,0
20,uc1632306.1,uc1632306,1,0.9952660659472047,0.2193931022920578,LV,0.0,0
20,uc632607.1,uc632607,1,0.958766926511324,0.2193931022920578,LV,0.0,0
20,uc632613.1,uc632613,1,0.9867712066215455,0.2193931022920578,LV,0.0,0
20,uc3432407.1,uc3432407,1,0.9865252721305067,0.2193931022920578,LV,0.0,0
20,uc1632402.1,uc1632402,1,0.9813447204292979,0.2193931022920578,LV,0.0,0
20,uc1132019.1,uc1132019,1,0.9857893432062063,0.2193931022920578,LV,0.0,0
20,uc632016.1,uc632016,1,0.9924290964170328,0.2193931022920578,LV,0.0,0
20,uc1132015.1,uc1132015,1,0.981809044678626,0.2193931022920578,LV,0.0,0
20,uc1132012.1,uc1132012,1,0.9908976663591391,0.2193931022920578,LV,0.0,0
20,uc631859.1,uc631859,1,0.9922569909372634,0.2193931022920578,LV,0.0,0
20,uc1631852.1,uc1631852,1,0.9912659785443555,0.2193931022920578,LV,0.0,0
20,uc1130761.1,uc1130761,1,0.9762943037466008,0.2193931022920578,LV,0.0,0
20,uc1630759.1,uc1630759,1,0.9799136766235009,0.2193931022920578,LV,0.0,0
20,uc630758.1,uc630758,1,0.9867091998571056,0.2193931022920578,LV,0.0,0
20,uc629428.1,uc629428,1,0.9928755798045011,0.2193931022920578,LV,0.0,0
20,uc1629639.1,uc1629639,1,0.9978800713396164,0.2193931022920578,LV,0.0,0
20,uc1229546.1,uc1229546,1,0.9857224459324416,0.2193931022920578,LV,0.0,0
20,uc628768.1,uc628768,1,0.9896120120002592,0.2193931022920578,LV,0.0,0
20,uc628757.1,uc628757,1,0.9974341919344637,0.2193931022920578,LV,0.0,0
20,uc628766.1,uc628766,1,0.993642555280665,0.2193931022920578,LV,0.0,0
20,uc628753.1,uc628753,1,0.9985532550136857,0.2193931022920578,LV,0.0,0
20,uc627346.1,uc627346,1,0.9939201829573645,0.2193931022920578,LV,0.0,0
20,uc1628760.1,uc1628760,1,0.9978446140494158,0.2193931022920578,LV,0.0,0
20,uc1629422.1,uc1629422,1,0.98988083925526,0.2193931022920578,LV,0.0,0
20,uc626699.1,uc626699,1,0.9954411499934708,0.2193931022920578,LV,0.0,0
20,60651.2,60651,2,0.9944454038992502,13.336791218280357,MV,0.0,0
20,60721.2,60721,2,0.9944063147402153,13.336791218280357,MV,0.0,0
20,164151.2,164151,2,0.9947744530560535,13.336791218280357,MV,0.0,0
20,302191.2,302191,2,0.9902873119858405,13.336791218280357,MV,0.0,0
20,320841.2,320841,2,0.9927531563969167,13.336791218280357,MV,0.0,0
20,337711.2,337711,2,0.9903233218887002,13.336791218280357,MV,0.0,0
20,358691.2,358691,2,0.998793584567622,13.336791218280357,MV,0.0,0
20,et6_1177.2,et6_1177,2,0.9920861869591456,0.2193931022920578,LV,0.0,0
20,461501.2,461501,2,0.9945566537232926,13.336791218280357,MV,0.0,0
20,686891.2,686891,2,0.9936204743444317,13.336791218280357,MV,0.0,0
20,703601.2,703601,2,0.9948951653005627,13.336791218280357,MV,0.0,0
20,713791.2,713791,2,0.9934144052669233,13.336791218280357,MV,0.0,0
20,725731.2,725731,2,0.9929635076144283,13.336791218280357,MV,0.0,0
20,809501.2,809501,2,0.9938211730652252,13.336791218280357,MV,0.0,0
20,811221.2,811221,2,0.9947960169406078,13.336791218280357,MV,0.0,0
20,815111.2,815111,2,0.9902829440685781,13.336791218280357,MV,0.0,0
20,822371.2,822371,2,0.9931255250230248,13.336791218280357,MV,0.0,0
20,820611.2,820611,2,0.9942286447518445,13.336791218280357,MV,0.0,0
20,822641.2,822641,2,0.9931902086444883,13.336791218280357,MV,0.0,0
20,618431.2,618431,2,0.9944457077832315,13.336791218280357,MV,0.0,0
20,bt10401.2,bt10401,2,0.9776220714215513,0.2193931022920578,LV,0.0,0
20,bt197792.2,bt197792,2,0.977012238452283,0.2193931022920578,LV,0.0,0
20,bt800551.2,bt800551,2,0.9770122384733629,0.2193931022920578,LV,0.0,0
20,bt295341.2,bt295341,2,0.9758687041985751,0.2193931022920578,LV,0.0,0
20,bt800541.2,bt800541,2,0.9764310452107362,0.2193931022920578,LV,0.0,0
20,bt295361.2,bt295361,2,0.9749636036022447,0.2193931022920578,LV,0.0,0
20,bt474991.2,bt474991,2,0.9746855897089715,0.2193931022920578,LV,0.0,0
20,uc1627323.2,uc1627323,2,0.9741980235661772,0.2193931022920578,LV,0.0,0
20,uc3405987.2,uc3405987,2,0.9792336843926279,0.2193931022920578,LV,0.0,0
20,uc3405846.2,uc3405846,2,0.9829838798486298,0.2193931022920578,LV,0.0,0
20,uc3405847.2,uc3405847,2,0.9804029829611429,0.2193931022920578,LV,0.0,0
20,uc3405838.2,uc3405838,2,0.9774412490656975,0.2193931022920578,LV,0.0,0
20,uc1607326.2,uc1607326,2,0.981677064279711,0.2193931022920578,LV,0.0,0
20,uc1607316.2,uc1607316,2,0.9795510266793052,0.2193931022920578,LV,0.0,0
20,uc1607308.2,uc1607308,2,0.9851311870575545,0.2193931022920578,LV,0.0,0
20,uc1623434.2,uc1623434,2,0.0,0.1270170592217177,LV,0.95,1
20,uc1620373.2,uc1620373,2,0.9881814064118717,0.2193931022920578,LV,0.0,0
20,uc1607302.2,uc1607302,2,0.9877874978562663,0.2193931022920578,LV,0.0,0
20,uc1607304.2,uc1607304,2,0.9876547758462346,0.2193931022920578,LV,0.0,0
20,uc1607306.2,uc1607306,2,0.9842352181620103,0.2193931022920578,LV,0.0,0
20,uc1607299.2,uc1607299,2,0.9884527566866088,0.2193931022920578,LV,0.0,0
20,uc1607297.2,uc1607297,2,0.9894362353048689,0.2193931022920578,LV,0.0,0
20,uc1607298.2,uc1607298,2,0.988741379863938,0.2193931022920578,LV,0.0,0
20,uc1607289.2,uc1607289,2,0.9922363374356552,0.2193931022920578,LV,0.0,0
20,uc1607291.2,uc1607291,2,0.9887136349392553,0.2193931022920578,LV,0.0,0
20,uc1607292.2,uc1607292,2,0.9878593985984984,0.2193931022920578,LV,0.0,0
20,uc1607280.2,uc1607280,2,0.985472112227075,0.2193931022920578,LV,0.0,0
20,uc1607284.2,uc1607284,2,0.9859639546815671,0.2193931022920578,LV,0.0,0
20,uc1607285.2,uc1607285,2,0.9857856444233842,0.2193931022920578,LV,0.0,0
20,uc1607288.2,uc1607288,2,0.9862728505840244,0.2193931022920578,LV,0.0,0
20,uc1607279.2,uc1607279,2,0.9872505969998202,0.2193931022920578,LV,0.0,0
20,uc1607355.2,uc1607355,2,0.9885377461257366,0.2193931022920578,LV,0.0,0
20,uc1607357.2,uc1607357,2,0.9909856060151698,0.2193931022920578,LV,0.0,0
20,uc1607358.2,uc1607358,2,0.9875546649573304,0.2193931022920578,LV,0.0,0
20,uc1607368.2,uc1607368,2,0.0,0.1270170592217177,LV,0.95,1
20,uc1607276.2,uc1607276,2,0.9965690710047366,0.2193931022920578,LV,0.0,0
20,uc1607278.2,uc1607278,2,0.9967205228476259,0.2193931022920578,LV,0.0,0
20,uc1607273.2,uc1607273,2,0.9947127642047412,0.2193931022920578,LV,0.0,0
20,uc1607328.2,uc1607328,2,0.9809056402432734,0.2193931022920578,LV,0.0,0
20,uc1607347.2,uc1607347,2,0.9866664643248862,0.2193931022920578,LV,0.0,0
20,uc1607350.2,uc1607350,2,0.987211746885832,0.2193931022920578,LV,0.0,0
20,uc1107341.2,uc1107341,2,0.9794679972994786,0.2193931022920578,LV,0.0,0
20,uc1107333.2,uc1107333,2,0.982190094311614,0.2193931022920578,LV,0.0,0
20,uc1607268.2,uc1607268,2,0.9949802727079976,0.2193931022920578,LV,0.0,0
20,uc1607252.2,uc1607252,2,0.9818125500642189,0.2193931022920578,LV,0.0,0
20,uc1606000.2,uc1606000,2,0.9856238556404682,0.2193931022920578,LV,0.0,0
20,uc1607255.2,uc1607255,2,0.9876865645838135,0.2193931022920578,LV,0.0,0
20,uc1607258.2,uc1607258,2,0.9818267017653078,0.2193931022920578,LV,0.0,0
20,uc1124041.2,uc1124041,2,0.983383968042732,0.2193931022920578,LV,0.0,0
20,uc1124340.2,uc1124340,2,0.9853744324380308,0.2193931022920578,LV,0.0,0
20,uc1121173.2,uc1121173,2,0.9823462853607531,0.2193931022920578,LV,0.0,0
20,uc1107345.2,uc1107345,2,0.9853404583454582,0.2193931022920578,LV,0.0,0
20,uc605816.2,uc605816,2,0.9810562124332312,0.2193931022920578,LV,0.0,0
20,uc605812.2,uc605812,2,0.9747459473198249,0.2193931022920578,LV,0.0,0
20,uc605813.2,uc605813,2,0.9917653453694656,0.2193931022920578,LV,0.0,0
20,uc609685.2,uc609685,2,0.9927768289506652,0.2193931022920578,LV,0.0,0
20,uc609688.2,uc609688,2,0.9850100562584239,0.2193931022920578,LV,0.0,0
20,uc621168.2,uc621168,2,0.9873042840503168,0.2193931022920578,LV,0.0,0
20,uc621171.2,uc621171,2,0.988229695533616,0.2193931022920578,LV,0.0,0
20,uc605810.2,uc605810,2,0.9908042172622957,0.2193931022920578,LV,0.0,0
20,uc605807.2,uc605807,2,0.9775860895539279,0.2193931022920578,LV,0.0,0
20,uc605801.2,uc605801,2,0.987477030382392,0.2193931022920578,LV,0.0,0
20,uc607384.2,uc607384,2,0.9878361546205748,0.2193931022920578,LV,0.0,0
20,uc607385.2,uc607385,2,0.9822117857261424,0.2193931022920578,LV,0.0,0
20,uc609682.2,uc609682,2,0.9764953227967755,0.2193931022920578,LV,0.0,0
20,uc609683.2,uc609683,2,0.9903283594071258,0.2193931022920578,LV,0.0,0
20,uc607377.2,uc607377,2,0.9932609141432923,0.2193931022920578,LV,0.0,0
20,uc607382.2,uc607382,2,0.9886283207403955,0.2193931022920578,LV,0.0,0
20,uc606117.2,uc606117,2,0.9910692497213061,0.2193931022920578,LV,0.0,0
20,uc606120.2,uc606120,2,0.9903713610330185,0.2193931022920578,LV,0.0,0
20,uc623433.2,uc623433,2,0.9772373941059087,0.2193931022920578,LV,0.0,0
20,uc623007.2,uc623007,2,0.9915441231285919,0.2193931022920578,LV,0.0,0
20,uc606147.2,uc606147,2,0.983282049737568,0.2193931022920578,LV,0.0,0
20,uc606148.2,uc606148,2,0.998132515076049,0.2193931022920578,LV,0.0,0
20,uc606150.2,uc606150,2,0.9959687027788185,0.2193931022920578,LV,0.0,0
20,uc606109.2,uc606109,2,0.9886577033700281,0.2193931022920578,LV,0.0,0
20,uc606110.2,uc606110,2,0.9876097418561378,0.2193931022920578,LV,0.0,0
20,uc606111.2,uc606111,2,0.9909202168917316,0.2193931022920578,LV,0.0,0
20,uc622720.2,uc622720,2,0.9870975366566631,0.2193931022920578,LV,0.0,0
20,uc623004.2,uc623004,2,0.9799845934036038,0.2193931022920578,LV,0.0,0
20,uc606103.2,uc606103,2,0.987022380478228,0.2193931022920578,LV,0.0,0
20,uc606139.2,uc606139,2,0.983692355455992,0.2193931022920578,LV,0.0,0
20,uc606143.2,uc606143,2,0.9872217164494816,0.2193931022920578,LV,0.0,0
20,uc605921.2,uc605921,2,0.9884110147681837,0.2193931022920578,LV,0.0,0
20,uc605915.2,uc605915,2,0.9888385415685791,0.2193931022920578,LV,0.0,0
20,uc606101.2,uc606101,2,0.9908708976252024,0.2193931022920578,LV,0.0,0
20,uc622273.2,uc622273,2,0.985449904941481,0.2193931022920578,LV,0.0,0
20,uc605990.2,uc605990,2,0.975868485192301,0.2193931022920578,LV,0.0,0
20,uc606130.2,uc606130,2,0.9912447460093293,0.2193931022920578,LV,0.0,0
20,uc606132.2,uc606132,2,0.9879321092037121,0.2193931022920578,LV,0.0,0
20,uc622258.2,uc622258,2,0.9916680426426073,0.2193931022920578,LV,0.0,0
20,uc622270.2,uc622270,2,0.9954905177855408,0.2193931022920578,LV,0.0,0
20,uc605905.2,uc605905,2,0.9867991405023538,0.2193931022920578,LV,0.0,0
20,uc605909.2,uc605909,2,0.9936083571504334,0.2193931022920578,LV,0.0,0
20,uc605910.2,uc605910,2,0.9903262706923077,0.2193931022920578,LV,0.0,0
20,uc605911.2,uc605911,2,0.9915072624046934,0.2193931022920578,LV,0.0,0
20,uc606128.2,uc606128,2,0.9895368950310066,0.2193931022920578,LV,0.0,0
20,uc605904.2,uc605904,2,0.9869269463967463,0.2193931022920578,LV,0.0,0
20,uc1239552.2,uc1239552,2,0.9889058367154551,0.2193931022920578,LV,0.0,0
20,uc605817.2,uc605817,2,0.9891775720793887,0.2193931022920578,LV,0.0,0
20,uc605819.2,uc605819,2,0.985225088257872,0.2193931022920578,LV,0.0,0
20,uc605820.2,uc605820,2,0.9772955877208437,0.2193931022920578,LV,0.0,0
20,uc605821.2,uc605821,2,0.982183782393196,0.2193931022920578,LV,0.0,0
20,uc605822.2,uc605822,2,0.9770717327528677,0.2193931022920578,LV,0.0,0
20,uc639280.2,uc639280,2,0.9880936561653638,0.2193931022920578,LV,0.0,0
20,uc605898.2,uc605898,2,0.993371679379582,0.2193931022920578,LV,0.0,0
20,uc605902.2,uc605902,2,0.9874588970628978,0.2193931022920578,LV,0.0,0
20,uc605982.2,uc605982,2,0.9774077328745882,0.2193931022920578,LV,0.0,0
20,uc605988.2,uc605988,2,0.9748324092350501,0.2193931022920578,LV,0.0,0
20,uc606126.2,uc606126,2,0.9904512287325115,0.2193931022920578,LV,0.0,0
20,uc606127.2,uc606127,2,0.988608593293677,0.2193931022920578,LV,0.0,0
20,uc605896.2,uc605896,2,0.9784912876776268,0.2193931022920578,LV,0.0,0
20,uc606121.2,uc606121,2,0.9876966768926896,0.2193931022920578,LV,0.0,0
20,uc606122.2,uc606122,2,0.9835719335425328,0.2193931022920578,LV,0.0,0
20,uc606123.2,uc606123,2,0.9881304552197321,0.2193931022920578,LV,0.0,0
20,uc622709.2,uc622709,2,0.9873469250210772,0.2193931022920578,LV,0.0,0
20,uc639277.2,uc639277,2,0.9823796258030912,0.2193931022920578,LV,0.0,0
20,uc1139390.2,uc1139390,2,0.988869497692562,0.2193931022920578,LV,0.0,0
20,uc605864.2,uc605864,2,0.9822969709963099,0.2193931022920578,LV,0.0,0
20,uc605865.2,uc605865,2,0.9817212998548939,0.2193931022920578,LV,0.0,0
20,uc638617.2,uc638617,2,0.9810988507642694,0.2193931022920578,LV,0.0,0
20,uc605855.2,uc605855,2,0.9788425942914364,0.2193931022920578,LV,0.0,0
20,uc1638606.2,uc1638606,2,0.9914333318453438,0.2193931022920578,LV,0.0,0
20,uc1638954.2,uc1638954,2,0.9942443227702445,0.2193931022920578,LV,0.0,0
20,uc605836.2,uc605836,2,0.9611950113544957,0.2193931022920578,LV,0.0,0
20,uc1607303.2,uc1607303,2,0.9873455896008679,0.2193931022920578,LV,0.0,0
20,uc637705.2,uc637705,2,0.986449534038854,0.2193931022920578,LV,0.0,0
20,uc1637704.2,uc1637704,2,1.0018249160935617,0.2193931022920578,LV,0.0,0
20,uc637576.2,uc637576,2,0.9879622878915395,0.2193931022920578,LV,0.0,0
20,uc637918.2,uc637918,2,0.9870263256082977,0.2193931022920578,LV,0.0,0
20,uc637360.2,uc637360,2,0.988133844628104,0.2193931022920578,LV,0.0,0
20,uc637397.2,uc637397,2,0.9828796720185191,0.2193931022920578,LV,0.0,0
20,uc636933.2,uc636933,2,0.9833165771191726,0.2193931022920578,LV,0.0,0
20,uc605908.2,uc605908,2,0.9948532980197996,0.2193931022920578,LV,0.0,0
20,uc635963.2,uc635963,2,0.9905339608716065,0.2193931022920578,LV,0.0,0
20,uc635543.2,uc635543,2,0.988674192662233,0.2193931022920578,LV,0.0,0
20,uc635966.2,uc635966,2,0.9886612368126334,0.2193931022920578,LV,0.0,0
20,uc627328.2,uc627328,2,0.9743765254562158,0.2193931022920578,LV,0.0,0
20,uc635550.2,uc635550,2,0.9914393748741287,0.2193931022920578,LV,0.0,0
20,uc635862.2,uc635862,2,0.9862786565220597,0.2193931022920578,LV,0.0,0
20,uc3435739.2,uc3435739,2,0.9789455364703203,0.2193931022920578,LV,0.0,0
20,uc634166.2,uc634166,2,0.9914128369846005,0.2193931022920578,LV,0.0,0
20,uc1633671.2,uc1633671,2,0.9895667872886623,0.2193931022920578,LV,0.0,0
20,uc633056.2,uc633056,2,0.9901423696852968,0.2193931022920578,LV,0.0,0
20,uc632607.2,uc632607,2,0.9583354320929567,0.2193931022920578,LV,0.0,0
20,uc1632402.2,uc1632402,2,0.9846775450959627,0.2193931022920578,LV,0.0,0
20,uc1131858.2,uc1131858,2,0.9796303590745297,0.2193931022920578,LV,0.0,0
20,uc631391.2,uc631391,2,0.9783909120519123,0.2193931022920578,LV,0.0,0
20,uc1630759.2,uc1630759,2,0.9831675504410661,0.2193931022920578,LV,0.0,0
20,uc630758.2,uc630758,2,0.9788672970381648,0.2193931022920578,LV,0.0,0
20,uc630753.2,uc630753,2,0.9820055357210113,0.2193931022920578,LV,0.0,0
20,uc628766.2,uc628766,2,0.9912616631351985,0.2193931022920578,LV,0.0,0
20,uc627346.2,uc627346,2,0.9927560382188837,0.2193931022920578,LV,0.0,0
20,uc1629422.2,uc1629422,2,0.9867224948022,0.2193931022920578,LV,0.0,0
20,60651.3,60651,3,0.9944005457898716,13.336791218280357,MV,0.0,0
20,60721.3,60721,3,0.9943614549477543,13.336791218280357,MV,0.0,0
20,164151.3,164151,3,0.9947296303374153,13.336791218280357,MV,0.0,0
20,302191.3,302191,3,0.9901525075647615,13.336791218280357,MV,0.0,0
20,320841.3,320841,3,0.9926728776101932,13.336791218280357,MV,0.0,0
20,337711.3,337711,3,0.9901885254859064,13.336791218280357,MV,0.0,0
20,358691.3,358691,3,0.9986661762162397,13.336791218280357,MV,0.0,0
20,et6_1177.3,et6_1177,3,0.9916403903545056,0.2193931022920578,LV,0.0,0
20,461501.3,461501,3,0.994454284913571,13.336791218280357,MV,0.0,0
20,686891.3,686891,3,0.9935486400408592,13.336791218280357,MV,0.0,0
20,703601.3,703601,3,0.9948515982331579,13.336791218280357,MV,0.0,0
20,713791.3,713791,3,0.9933359728100815,13.336791218280357,MV,0.0,0
20,725731.3,725731,3,0.9928832064205121,13.336791218280357,MV,0.0,0
20,809501.3,809501,3,0.9937527443635126,13.336791218280357,MV,0.0,0
20,811221.3,811221,3,0.9947514030573545,13.336791218280357,MV,0.0,0
20,815111.3,815111,3,0.9901481384972861,13.336791218280357,MV,0.0,0
20,822371.3,822371,3,0.9930452943668925,13.336791218280357,MV,0.0,0
20,820611.3,820611,3,0.9941755059743195,13.336791218280357,MV,0.0,0
20,822641.3,822641,3,0.9931050268684096,13.336791218280357,MV,0.0,0
20,618431.3,618431,3,0.9944008496972326,13.336791218280357,MV,0.0,0
20,bt10401.3,bt10401,3,0.9884377947610848,0.2193931022920578,LV,0.0,0
20,bt197792.3,bt197792,3,0.9880327296951565,0.2193931022920578,LV,0.0,0
20,bt800551.3,bt800551,3,0.9881032032662515,0.2193931022920578,LV,0.0,0
20,bt295341.3,bt295341,3,0.9879363554441928,0.2193931022920578,LV,0.0,0
20,bt800541.3,bt800541,3,0.987976691929615,0.2193931022920578,LV,0.0,0
20,bt295361.3,bt295361,3,0.9879363561210608,0.2193931022920578,LV,0.0,0
20,bt474991.3,bt474991,3,0.9879363565827535,0.2193931022920578,LV,0.0,0
20,uc627336.3,uc627336,3,0.99169754524221,0.2193931022920578,LV,0.0,0
20,uc1620373.3,uc1620373,3,0.9897674901155911,0.2193931022920578,LV,0.0,0
20,uc1607302.3,uc1607302,3,0.989319329012293,0.2193931022920578,LV,0.0,0
20,uc1607304.3,uc1607304,3,0.989237145015546,0.2193931022920578,LV,0.0,0
20,uc1607298.3,uc1607298,3,0.9908046048161282,0.2193931022920578,LV,0.0,0
20,uc1607280.3,uc1607280,3,0.9868304105310104,0.2193931022920578,LV,0.0,0
20,uc1607285.3,uc1607285,3,0.988763609339604,0.2193931022920578,LV,0.0,0
20,uc1607279.3,uc1607279,3,0.9886101345594874,0.2193931022920578,LV,0.0,0
20,uc1607347.3,uc1607347,3,0.9882513680313703,0.2193931022920578,LV,0.0,0
20,uc1124340.3,uc1124340,3,0.9886827019246881,0.2193931022920578,LV,0.0,0
20,uc605816.3,uc605816,3,0.9829076092724337,0.2193931022920578,LV,0.0,0
20,uc605815.3,uc605815,3,0.9855739070958135,0.2193931022920578,LV,0.0,0
20,uc621171.3,uc621171,3,0.9891718146786728,0.2193931022920578,LV,0.0,0
20,uc607384.3,uc607384,3,0.9887832138911764,0.2193931022920578,LV,0.0,0
20,uc606117.3,uc606117,3,0.9920132264802608,0.2193931022920578,LV,0.0,0
20,uc606120.3,uc606120,3,0.9913149013194306,0.2193931022920578,LV,0.0,0
20,uc623007.3,uc623007,3,0.9910980158217544,0.2193931022920578,LV,0.0,0
20,uc605867.3,uc605867,3,0.9855151348689097,0.2193931022920578,LV,0.0,0
20,uc606150.3,uc606150,3,0.9962005974474796,0.2193931022920578,LV,0.0,0
20,uc606109.3,uc606109,3,0.9896001134704978,0.2193931022920578,LV,0.0,0
20,uc606110.3,uc606110,3,0.988551613202736,0.2193931022920578,LV,0.0,0
20,uc606111.3,uc606111,3,0.9918640871528166,0.2193931022920578,LV,0.0,0
20,uc622722.3,uc622722,3,0.9862514403605958,0.2193931022920578,LV,0.0,0
20,uc623004.3,uc623004,3,0.9844998155979746,0.2193931022920578,LV,0.0,0
20,uc606101.3,uc606101,3,0.9918042860211559,0.2193931022920578,LV,0.0,0
20,uc606132.3,uc606132,3,0.9888812935138348,0.2193931022920578,LV,0.0,0
20,uc605910.3,uc605910,3,0.9912637810896857,0.2193931022920578,LV,0.0,0
20,uc605911.3,uc605911,3,0.9924455982203403,0.2193931022920578,LV,0.0,0
20,uc605904.3,uc605904,3,0.9918635116789398,0.2193931022920578,LV,0.0,0
20,uc1239552.3,uc1239552,3,0.9904926582659989,0.2193931022920578,LV,0.0,0
20,uc605821.3,uc605821,3,0.9868230182083277,0.2193931022920578,LV,0.0,0
20,uc639280.3,uc639280,3,0.9892552368236646,0.2193931022920578,LV,0.0,0
20,uc605898.3,uc605898,3,0.9920042753722181,0.2193931022920578,LV,0.0,0
20,uc605902.3,uc605902,3,0.988313745167692,0.2193931022920578,LV,0.0,0
20,uc606126.3,uc606126,3,0.9914020379639423,0.2193931022920578,LV,0.0,0
20,uc606127.3,uc606127,3,0.989558134952661,0.2193931022920578,LV,0.0,0
20,uc606121.3,uc606121,3,0.9886375470888032,0.2193931022920578,LV,0.0,0
20,uc606122.3,uc606122,3,0.9845094391154608,0.2193931022920578,LV,0.0,0
20,uc639277.3,uc639277,3,0.9870191239007892,0.2193931022920578,LV,0.0,0
20,uc1139390.3,uc1139390,3,0.990456260931681,0.2193931022920578,LV,0.0,0
20,uc637576.3,uc637576,3,0.9889099048107854,0.2193931022920578,LV,0.0,0
20,uc637918.3,uc637918,3,0.9881872829719612,0.2193931022920578,LV,0.0,0
20,uc637360.3,uc637360,3,0.9890757395061985,0.2193931022920578,LV,0.0,0
20,uc637397.3,uc637397,3,0.984725584373851,0.2193931022920578,LV,0.0,0
20,uc635963.3,uc635963,3,0.9914776168350677,0.2193931022920578,LV,0.0,0
20,uc635543.3,uc635543,3,0.9896165759987775,0.2193931022920578,LV,0.0,0
20,uc635966.3,uc635966,3,0.9896036139472196,0.2193931022920578,LV,0.0,0
20,uc635550.3,uc635550,3,0.992391556559393,0.2193931022920578,LV,0.0,0
20,uc635862.3,uc635862,3,0.9858119293021164,0.2193931022920578,LV,0.0,0
20,uc1633671.3,uc1633671,3,0.9897102915246113,0.2193931022920578,LV,0.0,0
20,uc632607.3,uc632607,3,0.960164738565268,0.2193931022920578,LV,0.0,0
20,uc1629422.3,uc1629422,3,0.9912450298914971,0.2193931022920578,LV,0.0,0
21,60651.1,60651,1,0.9944469319149177,13.336791218280357,MV,0.0,0
21,60721.1,60721,1,0.9944111747936968,13.336791218280357,MV,0.0,0
21,164151.1,164151,1,0.9947475498364402,13.336791218280357,MV,0.0,0
21,302191.1,302191,1,0.9905111303604484,13.336791218280357,MV,0.0,0
21,320841.1,320841,1,0.9928487915276172,13.336791218280357,MV,0.0,0
21,337711.1,337711,1,0.9905434744977208,13.336791218280357,MV,0.0,0
21,358691.1,358691,1,0.9986022013615239,13.336791218280357,MV,0.0,0
21,et6_1177.1,et6_1177,1,0.993908596160401,0.2193931022920578,LV,0.0,0
21,461501.1,461501,1,0.9944956840574094,13.336791218280357,MV,0.0,0
21,686891.1,686891,1,0.9936155681641947,13.336791218280357,MV,0.0,0
21,703601.1,703601,1,0.9948625747815228,13.336791218280357,MV,0.0,0
21,713791.1,713791,1,0.9934341809313615,13.336791218280357,MV,0.0,0
21,725731.1,725731,1,0.9930459876612084,13.336791218280357,MV,0.0,0
21,809501.1,809501,1,0.9938031971328182,13.336791218280357,MV,0.0,0
21,811221.1,811221,1,0.9947679800781659,13.336791218280357,MV,0.0,0
21,815111.1,815111,1,0.990507366863125,13.336791218280357,MV,0.0,0
21,822371.1,822371,1,0.9931821484795202,13.336791218280357,MV,0.0,0
21,820611.1,820611,1,0.9942226893213898,13.336791218280357,MV,0.0,0
21,822641.1,822641,1,0.9932366217555073,13.336791218280357,MV,0.0,0
21,618431.1,618431,1,0.9944472111363301,13.336791218280357,MV,0.0,0
21,bt10401.1,bt10401,1,0.9835125014676278,0.2193931022920578,LV,0.0,0
21,bt197792.1,bt197792,1,0.9823870522348729,0.2193931022920578,LV,0.0,0
21,bt800551.1,bt800551,1,0.9825808557350096,0.2193931022920578,LV,0.0,0
21,bt295341.1,bt295341,1,0.9811906348272241,0.2193931022920578,LV,0.0,0
21,bt800541.1,bt800541,1,0.9818426520875686,0.2193931022920578,LV,0.0,0
21,bt295361.1,bt295361,1,0.9805719036282232,0.2193931022920578,LV,0.0,0
21,bt474991.1,bt474991,1,0.9800846673935962,0.2193931022920578,LV,0.0,0
21,uc626695.1,uc626695,1,0.9762557100988335,0.2193931022920578,LV,0.0,0
21,uc1627323.1,uc1627323,1,0.9885714184886903,0.2193931022920578,LV,0.0,0
21,uc1627342.1,uc1627342,1,0.9977638006744723,0.2193931022920578,LV,0.0,0
21,uc627343.1,uc627343,1,0.9944492935174739,0.2193931022920578,LV,0.0,0
21,uc627344.1,uc627344,1,0.9955482481867841,0.2193931022920578,LV,0.0,0
21,uc1626672.1,uc1626672,1,0.0,0.1270170592217177,LV,0.95,1
21,uc1626490.1,uc1626490,1,0.991175374461622,0.2193931022920578,LV,0.0,0
21,uc3422706.1,uc3422706,1,0.9932297041691706,0.2193931022920578,LV,0.0,0
21,uc3425629.1,uc3425629,1,0.993303491518929,0.2193931022920578,LV,0.0,0
21,uc3422597.1,uc3422597,1,0.9902185640437834,0.2193931022920578,LV,0.0,0
21,uc3405843.1,uc3405843,1,0.9907795026447237,0.2193931022920578,LV,0.0,0
21,uc3405844.1,uc3405844,1,0.9905452128064896,0.2193931022920578,LV,0.0,0
21,uc3405845.1,uc3405845,1,0.9904913307394455,0.2193931022920578,LV,0.0,0
21,uc3405846.1,uc3405846,1,0.9910196497415931,0.2193931022920578,LV,0.0,0
21,uc1626486.1,uc1626486,1,0.9981082780924252,0.2193931022920578,LV,0.0,0
21,uc1626487.1,uc1626487,1,0.9905394796192827,0.2193931022920578,LV,0.0,0
21,uc626481.1,uc626481,1,0.9925744335533974,0.2193931022920578,LV,0.0,0
21,uc626678.1,uc626678,1,0.9885247307554206,0.2193931022920578,LV,0.0,0
21,uc626698.1,uc626698,1,0.9945959685545944,0.2193931022920578,LV,0.0,0
21,uc626476.1,uc626476,1,0.9851673467966215,0.2193931022920578,LV,0.0,0
21,uc1627321.1,uc1627321,1,0.9974140678843456,0.2193931022920578,LV,0.0,0
21,uc1607319.1,uc1607319,1,0.9878343825417332,0.2193931022920578,LV,0.0,0
21,uc1607308.1,uc1607308,1,0.9909989634180184,0.2193931022920578,LV,0.0,0
21,uc1624026.1,uc1624026,1,0.0,0.1270170592217177,LV,0.95,1
21,uc1625170.1,uc1625170,1,0.9953681117225944,0.2193931022920578,LV,0.0,0
21,uc1621994.1,uc1621994,1,0.9976585974972987,0.2193931022920578,LV,0.0,0
21,uc1620360.1,uc1620360,1,0.9975641224679129,0.2193931022920578,LV,0.0,0
21,uc1620373.1,uc1620373,1,0.990817608721344,0.2193931022920578,LV,0.0,0
21,uc1607302.1,uc1607302,1,0.9905613560734761,0.2193931022920578,LV,0.0,0
21,uc1607304.1,uc1607304,1,0.989037549302543,0.2193931022920578,LV,0.0,0
21,uc1607305.1,uc1607305,1,0.9884842705331749,0.2193931022920578,LV,0.0,0
21,uc1607306.1,uc1607306,1,0.990349778088343,0.2193931022920578,LV,0.0,0
21,uc1607297.1,uc1607297,1,0.9940785992679532,0.2193931022920578,LV,0.0,0
21,uc1607298.1,uc1607298,1,0.9916505494342821,0.2193931022920578,LV,0.0,0
21,uc1607289.1,uc1607289,1,0.9951208178806178,0.2193931022920578,LV,0.0,0
21,uc1607290.1,uc1607290,1,0.9952216969753059,0.2193931022920578,LV,0.0,0
21,uc1607291.1,uc1607291,1,0.9941984637364156,0.2193931022920578,LV,0.0,0
21,uc1607280.1,uc1607280,1,0.9889696694890057,0.2193931022920578,LV,0.0,0
21,uc1607283.1,uc1607283,1,0.985255261212631,0.2193931022920578,LV,0.0,0
21,uc1607285.1,uc1607285,1,0.9873779933556336,0.2193931022920578,LV,0.0,0
21,uc1607287.1,uc1607287,1,0.9895404932114867,0.2193931022920578,LV,0.0,0
21,uc1607288.1,uc1607288,1,0.9916971108924176,0.2193931022920578,LV,0.0,0
21,uc1607279.1,uc1607279,1,0.9902574134842519,0.2193931022920578,LV,0.0,0
21,uc1607357.1,uc1607357,1,0.9941492375994211,0.2193931022920578,LV,0.0,0
21,uc1607358.1,uc1607358,1,0.9934964849652076,0.2193931022920578,LV,0.0,0
21,uc1607368.1,uc1607368,1,0.0,0.1270170592217177,LV,0.95,1
21,uc1607277.1,uc1607277,1,0.9962765793888211,0.2193931022920578,LV,0.0,0
21,uc1607278.1,uc1607278,1,1.0004781833348044,0.2193931022920578,LV,0.0,0
21,uc1607272.1,uc1607272,1,0.9900956220145022,0.2193931022920578,LV,0.0,0
21,uc1607273.1,uc1607273,1,1.0004742762913463,0.2193931022920578,LV,0.0,0
21,uc1607353.1,uc1607353,1,0.9941485974944435,0.2193931022920578,LV,0.0,0
21,uc1607347.1,uc1607347,1,0.9896832611006977,0.2193931022920578,LV,0.0,0
21,uc1607349.1,uc1607349,1,0.9943071780519812,0.2193931022920578,LV,0.0,0
21,uc1107342.1,uc1107342,1,0.9878074579246021,0.2193931022920578,LV,0.0,0
21,uc1107340.1,uc1107340,1,0.9845761996866739,0.2193931022920578,LV,0.0,0
21,uc1105833.1,uc1105833,1,0.9919460593485462,0.2193931022920578,LV,0.0,0
21,uc1107330.1,uc1107330,1,0.9838553226853194,0.2193931022920578,LV,0.0,0
21,uc1607265.1,uc1607265,1,0.9856346393423249,0.2193931022920578,LV,0.0,0
21,uc1607268.1,uc1607268,1,0.9973906623971461,0.2193931022920578,LV,0.0,0
21,uc1607252.1,uc1607252,1,0.9907528790149631,0.2193931022920578,LV,0.0,0
21,uc1605991.1,uc1605991,1,0.9926235246931102,0.2193931022920578,LV,0.0,0
21,uc1605996.1,uc1605996,1,0.9905369926696633,0.2193931022920578,LV,0.0,0
21,uc1607257.1,uc1607257,1,0.9929945773397519,0.2193931022920578,LV,0.0,0
21,uc1607258.1,uc1607258,1,0.9907630736660576,0.2193931022920578,LV,0.0,0
21,uc1124340.1,uc1124340,1,0.988433873306209,0.2193931022920578,LV,0.0,0
21,uc605816.1,uc605816,1,0.985726800227304,0.2193931022920578,LV,0.0,0
21,uc605813.1,uc605813,1,0.9934140572402962,0.2193931022920578,LV,0.0,0
21,uc609684.1,uc609684,1,0.9961073064453094,0.2193931022920578,LV,0.0,0
21,uc609686.1,uc609686,1,0.9965510691746481,0.2193931022920578,LV,0.0,0
21,uc609688.1,uc609688,1,0.9904270452946664,0.2193931022920578,LV,0.0,0
21,uc621168.1,uc621168,1,0.9934497169558917,0.2193931022920578,LV,0.0,0
21,uc621171.1,uc621171,1,0.9908831304111461,0.2193931022920578,LV,0.0,0
21,uc605808.1,uc605808,1,0.9969145607087516,0.2193931022920578,LV,0.0,0
21,uc605809.1,uc605809,1,0.9823376837584539,0.2193931022920578,LV,0.0,0
21,uc605810.1,uc605810,1,0.9948722305097671,0.2193931022920578,LV,0.0,0
21,uc605970.1,uc605970,1,0.9928208962936589,0.2193931022920578,LV,0.0,0
21,uc605803.1,uc605803,1,0.9933239727369804,0.2193931022920578,LV,0.0,0
21,uc605804.1,uc605804,1,0.9950142847926097,0.2193931022920578,LV,0.0,0
21,uc605806.1,uc605806,1,0.992515677983018,0.2193931022920578,LV,0.0,0
21,uc607384.1,uc607384,1,0.9906329909357662,0.2193931022920578,LV,0.0,0
21,uc607387.1,uc607387,1,0.9930683308470157,0.2193931022920578,LV,0.0,0
21,uc609682.1,uc609682,1,0.9869048923851073,0.2193931022920578,LV,0.0,0
21,uc624033.1,uc624033,1,0.9983179790735826,0.2193931022920578,LV,0.0,0
21,uc625156.1,uc625156,1,0.9933579013333547,0.2193931022920578,LV,0.0,0
21,uc625624.1,uc625624,1,0.9876919916031613,0.2193931022920578,LV,0.0,0
21,uc625625.1,uc625625,1,0.9963942900551128,0.2193931022920578,LV,0.0,0
21,uc607366.1,uc607366,1,0.9822974201857565,0.2193931022920578,LV,0.0,0
21,uc607367.1,uc607367,1,0.9946740598979418,0.2193931022920578,LV,0.0,0
21,uc606114.1,uc606114,1,0.9923692768042175,0.2193931022920578,LV,0.0,0
21,uc606117.1,uc606117,1,0.9929398409550187,0.2193931022920578,LV,0.0,0
21,uc606120.1,uc606120,1,0.9924454359059464,0.2193931022920578,LV,0.0,0
21,uc623015.1,uc623015,1,0.9808115825868213,0.2193931022920578,LV,0.0,0
21,uc623432.1,uc623432,1,0.9906737746360181,0.2193931022920578,LV,0.0,0
21,uc624028.1,uc624028,1,0.9919785808999751,0.2193931022920578,LV,0.0,0
21,uc605873.1,uc605873,1,0.9937942031421126,0.2193931022920578,LV,0.0,0
21,uc623007.1,uc623007,1,0.9935162720034896,0.2193931022920578,LV,0.0,0
21,uc606147.1,uc606147,1,0.9923339177453209,0.2193931022920578,LV,0.0,0
21,uc606148.1,uc606148,1,0.998762861096757,0.2193931022920578,LV,0.0,0
21,uc606150.1,uc606150,1,0.996980968265468,0.2193931022920578,LV,0.0,0
21,uc606109.1,uc606109,1,0.9912053400444844,0.2193931022920578,LV,0.0,0
21,uc606110.1,uc606110,1,0.9904465796027063,0.2193931022920578,LV,0.0,0
21,uc606111.1,uc606111,1,0.9928358070632576,0.2193931022920578,LV,0.0,0
21,uc622777.1,uc622777,1,0.9999326235489648,0.2193931022920578,LV,0.0,0
21,uc623004.1,uc623004,1,0.986322236179129,0.2193931022920578,LV,0.0,0
21,uc606103.1,uc606103,1,0.9928669107196502,0.2193931022920578,LV,0.0,0
21,uc606139.1,uc606139,1,0.9940935841269218,0.2193931022920578,LV,0.0,0
21,uc606141.1,uc606141,1,0.9907381466562968,0.2193931022920578,LV,0.0,0
21,uc606143.1,uc606143,1,0.9947260260271018,0.2193931022920578,LV,0.0,0
21,uc605921.1,uc605921,1,0.9926423086818714,0.2193931022920578,LV,0.0,0
21,uc622713.1,uc622713,1,0.9929269568955285,0.2193931022920578,LV,0.0,0
21,uc622714.1,uc622714,1,0.9920488154717766,0.2193931022920578,LV,0.0,0
21,uc605993.1,uc605993,1,0.9940019566452598,0.2193931022920578,LV,0.0,0
21,uc606101.1,uc606101,1,0.9914854634558931,0.2193931022920578,LV,0.0,0
21,uc606102.1,uc606102,1,0.9903338232969935,0.2193931022920578,LV,0.0,0
21,uc622273.1,uc622273,1,0.9934445133996518,0.2193931022920578,LV,0.0,0
21,uc622703.1,uc622703,1,0.9763388995103355,0.2193931022920578,LV,0.0,0
21,uc605989.1,uc605989,1,0.9954284387571353,0.2193931022920578,LV,0.0,0
21,uc606130.1,uc606130,1,0.9953521384773358,0.2193931022920578,LV,0.0,0
21,uc606132.1,uc606132,1,0.9907083521269948,0.2193931022920578,LV,0.0,0
21,uc605914.1,uc605914,1,1.0018739689040668,0.2193931022920578,LV,0.0,0
21,uc622257.1,uc622257,1,0.9957922481384659,0.2193931022920578,LV,0.0,0
21,uc605909.1,uc605909,1,0.9961845621577426,0.2193931022920578,LV,0.0,0
21,uc605910.1,uc605910,1,0.992495023812553,0.2193931022920578,LV,0.0,0
21,uc605911.1,uc605911,1,0.9933421370554886,0.2193931022920578,LV,0.0,0
21,uc606128.1,uc606128,1,0.9943596280909819,0.2193931022920578,LV,0.0,0
21,uc605823.1,uc605823,1,0.986708722302583,0.2193931022920578,LV,0.0,0
21,uc605824.1,uc605824,1,0.9924926123121989,0.2193931022920578,LV,0.0,0
21,uc605904.1,uc605904,1,0.9930174019594487,0.2193931022920578,LV,0.0,0
21,uc621999.1,uc621999,1,0.9940708629700127,0.2193931022920578,LV,0.0,0
21,uc639553.1,uc639553,1,0.9911186656134975,0.2193931022920578,LV,0.0,0
21,uc1239552.1,uc1239552,1,0.9913144693939578,0.2193931022920578,LV,0.0,0
21,uc605817.1,uc605817,1,0.9929615016421586,0.2193931022920578,LV,0.0,0
21,uc605819.1,uc605819,1,0.9905823882312058,0.2193931022920578,LV,0.0,0
21,uc605820.1,uc605820,1,0.990404959927206,0.2193931022920578,LV,0.0,0
21,uc605821.1,uc605821,1,0.9875501249408587,0.2193931022920578,LV,0.0,0
21,uc639280.1,uc639280,1,0.9909197517723769,0.2193931022920578,LV,0.0,0
21,uc605898.1,uc605898,1,0.993409187027835,0.2193931022920578,LV,0.0,0
21,uc605901.1,uc605901,1,0.9955872089377823,0.2193931022920578,LV,0.0,0
21,uc605902.1,uc605902,1,0.9904915720524298,0.2193931022920578,LV,0.0,0
21,uc605985.1,uc605985,1,0.9887771865381219,0.2193931022920578,LV,0.0,0
21,uc606126.1,uc606126,1,0.992533899438641,0.2193931022920578,LV,0.0,0
21,uc606127.1,uc606127,1,0.9911878668781543,0.2193931022920578,LV,0.0,0
21,uc605896.1,uc605896,1,0.9841336741990797,0.2193931022920578,LV,0.0,0
21,uc606121.1,uc606121,1,0.9905587145724749,0.2193931022920578,LV,0.0,0
21,uc606122.1,uc606122,1,0.9875744196346649,0.2193931022920578,LV,0.0,0
21,uc606123.1,uc606123,1,0.9908534845492656,0.2193931022920578,LV,0.0,0
21,uc606124.1,uc606124,1,0.9957990624527274,0.2193931022920578,LV,0.0,0
21,uc605825.1,uc605825,1,0.9893561019742694,0.2193931022920578,LV,0.0,0
21,uc623427.1,uc623427,1,0.9908534974723074,0.2193931022920578,LV,0.0,0
21,uc609687.1,uc609687,1,0.9970183340445742,0.2193931022920578,LV,0.0,0
21,uc639277.1,uc639277,1,0.9876919916093431,0.2193931022920578,LV,0.0,0
21,uc1139390.1,uc1139390,1,0.9912780418632975,0.2193931022920578,LV,0.0,0
21,uc605863.1,uc605863,1,0.9872393585681338,0.2193931022920578,LV,0.0,0
21,uc605865.1,uc605865,1,0.9875757943126788,0.2193931022920578,LV,0.0,0
21,uc1138614.1,uc1138614,1,0.9896573412988525,0.2193931022920578,LV,0.0,0
21,uc605855.1,uc605855,1,0.9886033657624235,0.2193931022920578,LV,0.0,0
21,uc605828.1,uc605828,1,0.985930559398649,0.2193931022920578,LV,0.0,0
21,uc605829.1,uc605829,1,0.9914605240551789,0.2193931022920578,LV,0.0,0
21,uc605834.1,uc605834,1,0.9826874065449936,0.2193931022920578,LV,0.0,0
21,uc605835.1,uc605835,1,0.9827677365642155,0.2193931022920578,LV,0.0,0
21,uc605827.1,uc605827,1,0.9858608425113936,0.2193931022920578,LV,0.0,0
21,uc627337.1,uc627337,1,0.9916754328388766,0.2193931022920578,LV,0.0,0
21,uc637912.1,uc637912,1,0.9915510498125922,0.2193931022920578,LV,0.0,0
21,uc637576.1,uc637576,1,0.9907317490741067,0.2193931022920578,LV,0.0,0
21,uc637356.1,uc637356,1,0.9934960938612959,0.2193931022920578,LV,0.0,0
21,uc637918.1,uc637918,1,0.9901471559127366,0.2193931022920578,LV,0.0,0
21,uc637360.1,uc637360,1,0.9908334947049214,0.2193931022920578,LV,0.0,0
21,uc637399.1,uc637399,1,0.9816668702647392,0.2193931022920578,LV,0.0,0
21,uc637397.1,uc637397,1,0.9870615341192749,0.2193931022920578,LV,0.0,0
21,uc1137150.1,uc1137150,1,0.991419259133828,0.2193931022920578,LV,0.0,0
21,uc1636598.1,uc1636598,1,0.0,0.1270170592217177,LV,0.95,1
21,uc636933.1,uc636933,1,0.9938233121700306,0.2193931022920578,LV,0.0,0
21,uc635963.1,uc635963,1,0.992560700857077,0.2193931022920578,LV,0.0,0
21,uc635543.1,uc635543,1,0.991215736572071,0.2193931022920578,LV,0.0,0
21,uc635966.1,uc635966,1,0.9912063579598102,0.2193931022920578,LV,0.0,0
21,uc635550.1,uc635550,1,0.9932437274051117,0.2193931022920578,LV,0.0,0
21,uc635862.1,uc635862,1,0.989518800958245,0.2193931022920578,LV,0.0,0
21,uc1635694.1,uc1635694,1,1.0014135697494342,0.2193931022920578,LV,0.0,0
21,uc3435739.1,uc3435739,1,0.9892096689980869,0.2193931022920578,LV,0.0,0
21,uc1635060.1,uc1635060,1,0.9952913278297555,0.2193931022920578,LV,0.0,0
21,uc1607271.1,uc1607271,1,0.9966857278007645,0.2193931022920578,LV,0.0,0
21,uc605884.1,uc605884,1,0.9934083001546641,0.2193931022920578,LV,0.0,0
21,uc1609690.1,uc1609690,1,0.9983676406758493,0.2193931022920578,LV,0.0,0
21,uc1134165.1,uc1134165,1,0.9847074979793708,0.2193931022920578,LV,0.0,0
21,uc634166.1,uc634166,1,0.9952166603777532,0.2193931022920578,LV,0.0,0
21,uc1633896.1,uc1633896,1,0.9965707067682412,0.2193931022920578,LV,0.0,0
21,uc3433894.1,uc3433894,1,0.9914950020389544,0.2193931022920578,LV,0.0,0
21,uc1633892.1,uc1633892,1,0.9978381835624207,0.2193931022920578,LV,0.0,0
21,uc633672.1,uc633672,1,0.9970553310406691,0.2193931022920578,LV,0.0,0
21,uc1633671.1,uc1633671,1,0.9892410667391903,0.2193931022920578,LV,0.0,0
21,uc1632306.1,uc1632306,1,0.9966769286589102,0.2193931022920578,LV,0.0,0
21,uc632607.1,uc632607,1,0.9693021707396298,0.2193931022920578,LV,0.0,0
21,uc632613.1,uc632613,1,0.9907544884034661,0.2193931022920578,LV,0.0,0
21,uc3432407.1,uc3432407,1,0.9901851870363336,0.2193931022920578,LV,0.0,0
21,uc1632402.1,uc1632402,1,0.9865162066347347,0.2193931022920578,LV,0.0,0
21,uc1132019.1,uc1132019,1,0.9896589043413953,0.2193931022920578,LV,0.0,0
21,uc632016.1,uc632016,1,0.9946422094134361,0.2193931022920578,LV,0.0,0
21,uc1132015.1,uc1132015,1,0.9867313882354581,0.2193931022920578,LV,0.0,0
21,uc1132012.1,uc1132012,1,0.9933675681625951,0.2193931022920578,LV,0.0,0
21,uc631859.1,uc631859,1,0.9945176472937072,0.2193931022920578,LV,0.0,0
21,uc1631852.1,uc1631852,1,0.993791426516309,0.2193931022920578,LV,0.0,0
21,uc1130761.1,uc1130761,1,0.9826986881849118,0.2193931022920578,LV,0.0,0
21,uc1630759.1,uc1630759,1,0.9854799480238633,0.2193931022920578,LV,0.0,0
21,uc630758.1,uc630758,1,0.9903905631045063,0.2193931022920578,LV,0.0,0
21,uc629428.1,uc629428,1,0.9946775943532534,0.2193931022920578,LV,0.0,0
21,uc1629639.1,uc1629639,1,0.9989384700123375,0.2193931022920578,LV,0.0,0
21,uc1229546.1,uc1229546,1,0.9897724868612817,0.2193931022920578,LV,0.0,0
21,uc628768.1,uc628768,1,0.9924062552394203,0.2193931022920578,LV,0.0,0
21,uc628757.1,uc628757,1,0.9981545113194256,0.2193931022920578,LV,0.0,0
21,uc628766.1,uc628766,1,0.995364359314874,0.2193931022920578,LV,0.0,0
21,uc628753.1,uc628753,1,0.9992961302916502,0.2193931022920578,LV,0.0,0
21,uc627346.1,uc627346,1,0.9955436222607609,0.2193931022920578,LV,0.0,0
21,uc1628760.1,uc1628760,1,0.9989875234735285,0.2193931022920578,LV,0.0,0
21,uc1629422.1,uc1629422,1,0.9918931407081832,0.2193931022920578,LV,0.0,0
21,uc626699.1,uc626699,1,0.996658252365969,0.2193931022920578,LV,0.0,0
21,60651.2,60651,2,0.9953169434276468,13.336791218280357,MV,0.0,0
21,60721.2,60721,2,0.9952811774562379,13.336791218280357,MV,0.0,0
21,164151.2,164151,2,0.9956176525356455,13.336791218280357,MV,0.0,0
21,302191.2,302191,2,0.992080586028046,13.336791218280357,MV,0.0,0
21,320841.2,320841,2,0.9938851367300993,13.336791218280357,MV,0.0,0
21,337711.2,337711,2,0.9921129499473933,13.336791218280357,MV,0.0,0
21,358691.2,358691,2,0.9989828362750907,13.336791218280357,MV,0.0,0
21,et6_1177.2,et6_1177,2,0.9936608204989645,0.2193931022920578,LV,0.0,0
21,461501.2,461501,2,0.9954895105849532,13.336791218280357,MV,0.0,0
21,686891.2,686891,2,0.9946232613611581,13.336791218280357,MV,0.0,0
21,703601.2,703601,2,0.9957238190227383,13.336791218280357,MV,0.0,0
21,713791.2,713791,2,0.9944691476679387,13.336791218280357,MV,0.0,0
21,725731.2,725731,2,0.9940824017605626,13.336791218280357,MV,0.0,0
21,809501.2,809501,2,0.9948067832551628,13.336791218280357,MV,0.0,0
21,811221.2,811221,2,0.9956366292218481,13.336791218280357,MV,0.0,0
21,815111.2,815111,2,0.9920768207777055,13.336791218280357,MV,0.0,0
21,822371.2,822371,2,0.994218617611054,13.336791218280357,MV,0.0,0
21,820611.2,820611,2,0.9951391960256404,13.336791218280357,MV,0.0,0
21,822641.2,822641,2,0.994283028824221,13.336791218280357,MV,0.0,0
21,618431.2,618431,2,0.9953172227230358,13.336791218280357,MV,0.0,0
21,bt10401.2,bt10401,2,0.9830318638373914,0.2193931022920578,LV,0.0,0
21,bt197792.2,bt197792,2,0.9825827226838119,0.2193931022920578,LV,0.0,0
21,bt800551.2,bt800551,2,0.9825827227052552,0.2193931022920578,LV,0.0,0
21,bt295341.2,bt295341,2,0.9817404995589549,0.2193931022920578,LV,0.0,0
21,bt800541.2,bt800541,2,0.9821546706037623,0.2193931022920578,LV,0.0,0
21,bt295361.2,bt295361,2,0.9810742033035414,0.2193931022920578,LV,0.0,0
21,bt474991.2,bt474991,2,0.9808729706986342,0.2193931022920578,LV,0.0,0
21,uc1627323.2,uc1627323,2,0.9813482839135695,0.2193931022920578,LV,0.0,0
21,uc3405987.2,uc3405987,2,0.9848977439151374,0.2193931022920578,LV,0.0,0
21,uc3405846.2,uc3405846,2,0.9876080146365795,0.2193931022920578,LV,0.0,0
21,uc3405847.2,uc3405847,2,0.9857445812775669,0.2193931022920578,LV,0.0,0
21,uc3405838.2,uc3405838,2,0.9836209105390922,0.2193931022920578,LV,0.0,0
21,uc1607326.2,uc1607326,2,0.9846652729720788,0.2193931022920578,LV,0.0,0
21,uc1607316.2,uc1607316,2,0.9821562688884153,0.2193931022920578,LV,0.0,0
21,uc1607308.2,uc1607308,2,0.9891493839658094,0.2193931022920578,LV,0.0,0
21,uc1623434.2,uc1623434,2,0.0,0.1270170592217177,LV,0.95,1
21,uc1620373.2,uc1620373,2,0.9905370106742257,0.2193931022920578,LV,0.0,0
21,uc1607302.2,uc1607302,2,0.9902922363558164,0.2193931022920578,LV,0.0,0
21,uc1607304.2,uc1607304,2,0.9901720297365024,0.2193931022920578,LV,0.0,0
21,uc1607306.2,uc1607306,2,0.9885004419863576,0.2193931022920578,LV,0.0,0
21,uc1607299.2,uc1607299,2,0.9907824553241098,0.2193931022920578,LV,0.0,0
21,uc1607297.2,uc1607297,2,0.9923184074731538,0.2193931022920578,LV,0.0,0
21,uc1607298.2,uc1607298,2,0.9909914021271534,0.2193931022920578,LV,0.0,0
21,uc1607289.2,uc1607289,2,0.9943755348153995,0.2193931022920578,LV,0.0,0
21,uc1607291.2,uc1607291,2,0.991795061397558,0.2193931022920578,LV,0.0,0
21,uc1607292.2,uc1607292,2,0.9911765606191643,0.2193931022920578,LV,0.0,0
21,uc1607280.2,uc1607280,2,0.9887283069819949,0.2193931022920578,LV,0.0,0
21,uc1607284.2,uc1607284,2,0.9890330536101606,0.2193931022920578,LV,0.0,0
21,uc1607285.2,uc1607285,2,0.9889039692134032,0.2193931022920578,LV,0.0,0
21,uc1607288.2,uc1607288,2,0.9892382285997254,0.2193931022920578,LV,0.0,0
21,uc1607279.2,uc1607279,2,0.9900161034802472,0.2193931022920578,LV,0.0,0
21,uc1607355.2,uc1607355,2,0.9909635209768631,0.2193931022920578,LV,0.0,0
21,uc1607357.2,uc1607357,2,0.9935931523044643,0.2193931022920578,LV,0.0,0
21,uc1607358.2,uc1607358,2,0.9910437438276473,0.2193931022920578,LV,0.0,0
21,uc1607368.2,uc1607368,2,0.0,0.1270170592217177,LV,0.95,1
21,uc1607276.2,uc1607276,2,0.9975565467098554,0.2193931022920578,LV,0.0,0
21,uc1607278.2,uc1607278,2,0.9983363793009613,0.2193931022920578,LV,0.0,0
21,uc1607273.2,uc1607273,2,0.9967942107789207,0.2193931022920578,LV,0.0,0
21,uc1607328.2,uc1607328,2,0.9841067777009065,0.2193931022920578,LV,0.0,0
21,uc1607347.2,uc1607347,2,0.9894025587946526,0.2193931022920578,LV,0.0,0
21,uc1607350.2,uc1607350,2,0.9907837391017534,0.2193931022920578,LV,0.0,0
21,uc1107341.2,uc1107341,2,0.9850115514428884,0.2193931022920578,LV,0.0,0
21,uc1107333.2,uc1107333,2,0.9869852984264955,0.2193931022920578,LV,0.0,0
21,uc1607268.2,uc1607268,2,0.9968584001206008,0.2193931022920578,LV,0.0,0
21,uc1607252.2,uc1607252,2,0.9869348453149477,0.2193931022920578,LV,0.0,0
21,uc1606000.2,uc1606000,2,0.9887682984480358,0.2193931022920578,LV,0.0,0
21,uc1607255.2,uc1607255,2,0.9903723146346002,0.2193931022920578,LV,0.0,0
21,uc1607258.2,uc1607258,2,0.9869450801219705,0.2193931022920578,LV,0.0,0
21,uc1124041.2,uc1124041,2,0.987943623889645,0.2193931022920578,LV,0.0,0
21,uc1124340.2,uc1124340,2,0.9885144052326245,0.2193931022920578,LV,0.0,0
21,uc1121173.2,uc1121173,2,0.9870984645336304,0.2193931022920578,LV,0.0,0
21,uc1107345.2,uc1107345,2,0.9884898218678604,0.2193931022920578,LV,0.0,0
21,uc605816.2,uc605816,2,0.9853858043655445,0.2193931022920578,LV,0.0,0
21,uc605812.2,uc605812,2,0.9809167108197162,0.2193931022920578,LV,0.0,0
21,uc605813.2,uc605813,2,0.9934286240872306,0.2193931022920578,LV,0.0,0
21,uc609685.2,uc609685,2,0.994958846133912,0.2193931022920578,LV,0.0,0
21,uc609688.2,uc609688,2,0.9890257180190286,0.2193931022920578,LV,0.0,0
21,uc621168.2,uc621168,2,0.9907302376617811,0.2193931022920578,LV,0.0,0
21,uc621171.2,uc621171,2,0.9905857919417085,0.2193931022920578,LV,0.0,0
21,uc605810.2,uc605810,2,0.9934779986402537,0.2193931022920578,LV,0.0,0
21,uc605807.2,uc605807,2,0.9830058234891106,0.2193931022920578,LV,0.0,0
21,uc605801.2,uc605801,2,0.9889747999657993,0.2193931022920578,LV,0.0,0
21,uc607384.2,uc607384,2,0.9903436988173884,0.2193931022920578,LV,0.0,0
21,uc607385.2,uc607385,2,0.9862348463308425,0.2193931022920578,LV,0.0,0
21,uc609682.2,uc609682,2,0.982845841556337,0.2193931022920578,LV,0.0,0
21,uc609683.2,uc609683,2,0.9931853583031517,0.2193931022920578,LV,0.0,0
21,uc607377.2,uc607377,2,0.9953049635371864,0.2193931022920578,LV,0.0,0
21,uc607382.2,uc607382,2,0.9919045698131466,0.2193931022920578,LV,0.0,0
21,uc606117.2,uc606117,2,0.9926429221451216,0.2193931022920578,LV,0.0,0
21,uc606120.2,uc606120,2,0.9921484191570132,0.2193931022920578,LV,0.0,0
21,uc623433.2,uc623433,2,0.9827534760535396,0.2193931022920578,LV,0.0,0
21,uc623007.2,uc623007,2,0.9932684616080746,0.2193931022920578,LV,0.0,0
21,uc606147.2,uc606147,2,0.9882633763522304,0.2193931022920578,LV,0.0,0
21,uc606148.2,uc606148,2,0.9989693827722818,0.2193931022920578,LV,0.0,0
21,uc606150.2,uc606150,2,0.9968850966891764,0.2193931022920578,LV,0.0,0
21,uc606109.2,uc606109,2,0.9909080520568058,0.2193931022920578,LV,0.0,0
21,uc606110.2,uc606110,2,0.9901493413832047,0.2193931022920578,LV,0.0,0
21,uc606111.2,uc606111,2,0.992538851792849,0.2193931022920578,LV,0.0,0
21,uc622720.2,uc622720,2,0.9905859170175834,0.2193931022920578,LV,0.0,0
21,uc623004.2,uc623004,2,0.9846213764983305,0.2193931022920578,LV,0.0,0
21,uc606103.2,uc606103,2,0.9905597744616227,0.2193931022920578,LV,0.0,0
21,uc606139.2,uc606139,2,0.9884560726797417,0.2193931022920578,LV,0.0,0
21,uc606143.2,uc606143,2,0.9910974971830683,0.2193931022920578,LV,0.0,0
21,uc605921.2,uc605921,2,0.991594287275804,0.2193931022920578,LV,0.0,0
21,uc605915.2,uc605915,2,0.990702532104257,0.2193931022920578,LV,0.0,0
21,uc606101.2,uc606101,2,0.9925610081139483,0.2193931022920578,LV,0.0,0
21,uc622273.2,uc622273,2,0.9898148437715528,0.2193931022920578,LV,0.0,0
21,uc605990.2,uc605990,2,0.9817402998893919,0.2193931022920578,LV,0.0,0
21,uc606130.2,uc606130,2,0.9936361397491681,0.2193931022920578,LV,0.0,0
21,uc606132.2,uc606132,2,0.9904253670965533,0.2193931022920578,LV,0.0,0
21,uc622258.2,uc622258,2,0.9939368815375788,0.2193931022920578,LV,0.0,0
21,uc622270.2,uc622270,2,0.9970898628155506,0.2193931022920578,LV,0.0,0
21,uc605905.2,uc605905,2,0.9897011160694809,0.2193931022920578,LV,0.0,0
21,uc605909.2,uc605909,2,0.9953739877252374,0.2193931022920578,LV,0.0,0
21,uc605910.2,uc605910,2,0.9921942479390258,0.2193931022920578,LV,0.0,0
21,uc605911.2,uc605911,2,0.9930416212021598,0.2193931022920578,LV,0.0,0
21,uc606128.2,uc606128,2,0.9923837900292444,0.2193931022920578,LV,0.0,0
21,uc605904.2,uc605904,2,0.9897931653638445,0.2193931022920578,LV,0.0,0
21,uc1239552.2,uc1239552,2,0.9910342498948176,0.2193931022920578,LV,0.0,0
21,uc605817.2,uc605817,2,0.9921441349719136,0.2193931022920578,LV,0.0,0
21,uc605819.2,uc605819,2,0.9891812955095908,0.2193931022920578,LV,0.0,0
21,uc605820.2,uc605820,2,0.9835379216949348,0.2193931022920578,LV,0.0,0
21,uc605821.2,uc605821,2,0.9862120993273576,0.2193931022920578,LV,0.0,0
21,uc605822.2,uc605822,2,0.983375298090231,0.2193931022920578,LV,0.0,0
21,uc639280.2,uc639280,2,0.9906901132433679,0.2193931022920578,LV,0.0,0
21,uc605898.2,uc605898,2,0.9945232674180154,0.2193931022920578,LV,0.0,0
21,uc605902.2,uc605902,2,0.990201696954778,0.2193931022920578,LV,0.0,0
21,uc605982.2,uc605982,2,0.9828767471539125,0.2193931022920578,LV,0.0,0
21,uc605988.2,uc605988,2,0.9809792726793019,0.2193931022920578,LV,0.0,0
21,uc606126.2,uc606126,2,0.9922543180962115,0.2193931022920578,LV,0.0,0
21,uc606127.2,uc606127,2,0.9909078703347355,0.2193931022920578,LV,0.0,0
21,uc605896.2,uc605896,2,0.9836637500730848,0.2193931022920578,LV,0.0,0
21,uc606121.2,uc606121,2,0.9902604119759257,0.2193931022920578,LV,0.0,0
21,uc606122.2,uc606122,2,0.9872749191193441,0.2193931022920578,LV,0.0,0
21,uc606123.2,uc606123,2,0.9905700904716168,0.2193931022920578,LV,0.0,0
21,uc622709.2,uc622709,2,0.9908182126963484,0.2193931022920578,LV,0.0,0
21,uc639277.2,uc639277,2,0.9863538868562151,0.2193931022920578,LV,0.0,0
21,uc1139390.2,uc1139390,2,0.9909978326597716,0.2193931022920578,LV,0.0,0
21,uc605864.2,uc605864,2,0.9862966168642813,0.2193931022920578,LV,0.0,0
21,uc605865.2,uc605865,2,0.9858793642181687,0.2193931022920578,LV,0.0,0
21,uc638617.2,uc638617,2,0.9854286876835626,0.2193931022920578,LV,0.0,0
21,uc605855.2,uc605855,2,0.9845455033625635,0.2193931022920578,LV,0.0,0
21,uc1638606.2,uc1638606,2,0.9945226049293506,0.2193931022920578,LV,0.0,0
21,uc1638954.2,uc1638954,2,0.9964551335765863,0.2193931022920578,LV,0.0,0
21,uc605836.2,uc605836,2,0.9719687114193556,0.2193931022920578,LV,0.0,0
21,uc1607303.2,uc1607303,2,0.9907314298367359,0.2193931022920578,LV,0.0,0
21,uc637705.2,uc637705,2,0.987777195657712,0.2193931022920578,LV,0.0,0
21,uc1637704.2,uc1637704,2,1.0020304738637498,0.2193931022920578,LV,0.0,0
21,uc637576.2,uc637576,2,0.9904483714224059,0.2193931022920578,LV,0.0,0
21,uc637918.2,uc637918,2,0.9899175894576383,0.2193931022920578,LV,0.0,0
21,uc637360.2,uc637360,2,0.9905360570243725,0.2193931022920578,LV,0.0,0
21,uc637397.2,uc637397,2,0.9867194623231046,0.2193931022920578,LV,0.0,0
21,uc636933.2,uc636933,2,0.9881843709106845,0.2193931022920578,LV,0.0,0
21,uc605908.2,uc605908,2,0.9962589913241704,0.2193931022920578,LV,0.0,0
21,uc635963.2,uc635963,2,0.9922637179078652,0.2193931022920578,LV,0.0,0
21,uc635543.2,uc635543,2,0.9909183942966914,0.2193931022920578,LV,0.0,0
21,uc635966.2,uc635966,2,0.990909016943498,0.2193931022920578,LV,0.0,0
21,uc627328.2,uc627328,2,0.9806493450946868,0.2193931022920578,LV,0.0,0
21,uc635550.2,uc635550,2,0.9929656174190096,0.2193931022920578,LV,0.0,0
21,uc635862.2,uc635862,2,0.9891782615100962,0.2193931022920578,LV,0.0,0
21,uc3435739.2,uc3435739,2,0.9846906632668145,0.2193931022920578,LV,0.0,0
21,uc634166.2,uc634166,2,0.9937752618510342,0.2193931022920578,LV,0.0,0
21,uc1633671.2,uc1633671,2,0.9922806747184314,0.2193931022920578,LV,0.0,0
21,uc633056.2,uc633056,2,0.9930507393260006,0.2193931022920578,LV,0.0,0
21,uc632607.2,uc632607,2,0.9689487780277173,0.2193931022920578,LV,0.0,0
21,uc1632402.2,uc1632402,2,0.9889328142074169,0.2193931022920578,LV,0.0,0
21,uc1131858.2,uc1131858,2,0.985129059247174,0.2193931022920578,LV,0.0,0
21,uc631391.2,uc631391,2,0.9774467278974498,0.2193931022920578,LV,0.0,0
21,uc1630759.2,uc1630759,2,0.9878396269130036,0.2193931022920578,LV,0.0,0
21,uc630758.2,uc630758,2,0.9846918483357059,0.2193931022920578,LV,0.0,0
21,uc630753.2,uc630753,2,0.9860831393386625,0.2193931022920578,LV,0.0,0
21,uc628766.2,uc628766,2,0.9936483799624671,0.2193931022920578,LV,0.0,0
21,uc627346.2,uc627346,2,0.9947124589058892,0.2193931022920578,LV,0.0,0
21,uc1629422.2,uc1629422,2,0.9895637137969917,0.2193931022920578,LV,0.0,0
21,60651.3,60651,3,0.9952904027343757,13.336791218280357,MV,0.0,0
21,60721.3,60721,3,0.9952546352718172,13.336791218280357,MV,0.0,0
21,164151.3,164151,3,0.9955911384274949,13.336791218280357,MV,0.0,0
21,302191.3,302191,3,0.9920176835369521,13.336791218280357,MV,0.0,0
21,320841.3,320841,3,0.9938323306614586,13.336791218280357,MV,0.0,0
21,337711.3,337711,3,0.9920500540554759,13.336791218280357,MV,0.0,0
21,358691.3,358691,3,0.9988878503232675,13.336791218280357,MV,0.0,0
21,et6_1177.3,et6_1177,3,0.9928750702564725,0.2193931022920578,LV,0.0,0
21,461501.3,461501,3,0.9954232160086564,13.336791218280357,MV,0.0,0
21,686891.3,686891,3,0.9945768009187125,13.336791218280357,MV,0.0,0
21,703601.3,703601,3,0.9956982171957284,13.336791218280357,MV,0.0,0
21,713791.3,713791,3,0.9944173750867531,13.336791218280357,MV,0.0,0
21,725731.3,725731,3,0.9940295803304122,13.336791218280357,MV,0.0,0
21,809501.3,809501,3,0.994762817091368,13.336791218280357,MV,0.0,0
21,811221.3,811221,3,0.9956102675254394,13.336791218280357,MV,0.0,0
21,815111.3,815111,3,0.9920139174296801,13.336791218280357,MV,0.0,0
21,822371.3,822371,3,0.9941658474786672,13.336791218280357,MV,0.0,0
21,820611.3,820611,3,0.9951066057711635,13.336791218280357,MV,0.0,0
21,822641.3,822641,3,0.9942259598884541,13.336791218280357,MV,0.0,0
21,618431.3,618431,3,0.9952906820488255,13.336791218280357,MV,0.0,0
21,bt10401.3,bt10401,3,0.9894357701709048,0.2193931022920578,LV,0.0,0
21,bt197792.3,bt197792,3,0.989030595529393,0.2193931022920578,LV,0.0,0
21,bt800551.3,bt800551,3,0.9891010858024669,0.2193931022920578,LV,0.0,0
21,bt295341.3,bt295341,3,0.9889341829735321,0.2193931022920578,LV,0.0,0
21,bt800541.3,bt800541,3,0.9889745338548324,0.2193931022920578,LV,0.0,0
21,bt295361.3,bt295361,3,0.9889341836516341,0.2193931022920578,LV,0.0,0
21,bt474991.3,bt474991,3,0.9889341841151725,0.2193931022920578,LV,0.0,0
21,uc627336.3,uc627336,3,0.9933440700214724,0.2193931022920578,LV,0.0,0
21,uc1620373.3,uc1620373,3,0.9917678063257482,0.2193931022920578,LV,0.0,0
21,uc1607302.3,uc1607302,3,0.9914798975362221,0.2193931022920578,LV,0.0,0
21,uc1607304.3,uc1607304,3,0.9914006382595056,0.2193931022920578,LV,0.0,0
21,uc1607298.3,uc1607298,3,0.9925617635173469,0.2193931022920578,LV,0.0,0
21,uc1607280.3,uc1607280,3,0.9897787286156117,0.2193931022920578,LV,0.0,0
21,uc1607285.3,uc1607285,3,0.9911344459330422,0.2193931022920578,LV,0.0,0
21,uc1607279.3,uc1607279,3,0.9910672253618664,0.2193931022920578,LV,0.0,0
21,uc1607347.3,uc1607347,3,0.9906326718907408,0.2193931022920578,LV,0.0,0
21,uc1124340.3,uc1124340,3,0.9910011001096849,0.2193931022920578,LV,0.0,0
21,uc605816.3,uc605816,3,0.9868290633546154,0.2193931022920578,LV,0.0,0
21,uc605815.3,uc605815,3,0.9887679035949528,0.2193931022920578,LV,0.0,0
21,uc621171.3,uc621171,3,0.9913125292289711,0.2193931022920578,LV,0.0,0
21,uc607384.3,uc607384,3,0.9910743448822935,0.2193931022920578,LV,0.0,0
21,uc606117.3,uc606117,3,0.993370714051463,0.2193931022920578,LV,0.0,0
21,uc606120.3,uc606120,3,0.9928759704556271,0.2193931022920578,LV,0.0,0
21,uc623007.3,uc623007,3,0.9924825630415701,0.2193931022920578,LV,0.0,0
21,uc605867.3,uc605867,3,0.9887318790508545,0.2193931022920578,LV,0.0,0
21,uc606150.3,uc606150,3,0.9970615964092551,0.2193931022920578,LV,0.0,0
21,uc606109.3,uc606109,3,0.9916349622858583,0.2193931022920578,LV,0.0,0
21,uc606110.3,uc606110,3,0.9908759493250172,0.2193931022920578,LV,0.0,0
21,uc606111.3,uc606111,3,0.9932665849335532,0.2193931022920578,LV,0.0,0
21,uc622722.3,uc622722,3,0.9892649915596543,0.2193931022920578,LV,0.0,0
21,uc623004.3,uc623004,3,0.9879967328678305,0.2193931022920578,LV,0.0,0
21,uc606101.3,uc606101,3,0.9932785533483444,0.2193931022920578,LV,0.0,0
21,uc606132.3,uc606132,3,0.9911599697233496,0.2193931022920578,LV,0.0,0
21,uc605910.3,uc605910,3,0.9929170186837041,0.2193931022920578,LV,0.0,0
21,uc605911.3,uc605911,3,0.9937648557008434,0.2193931022920578,LV,0.0,0
21,uc605904.3,uc605904,3,0.993408697132035,0.2193931022920578,LV,0.0,0
21,uc1239552.3,uc1239552,3,0.9922654757419455,0.2193931022920578,LV,0.0,0
21,uc605821.3,uc605821,3,0.9896722182583447,0.2193931022920578,LV,0.0,0
21,uc639280.3,uc639280,3,0.9915852019712889,0.2193931022920578,LV,0.0,0
21,uc605898.3,uc605898,3,0.9935660682953449,0.2193931022920578,LV,0.0,0
21,uc605902.3,uc605902,3,0.9908576142884965,0.2193931022920578,LV,0.0,0
21,uc606126.3,uc606126,3,0.9929900701635799,0.2193931022920578,LV,0.0,0
21,uc606127.3,uc606127,3,0.9916428891980773,0.2193931022920578,LV,0.0,0
21,uc606121.3,uc606121,3,0.9909862129533694,0.2193931022920578,LV,0.0,0
21,uc606122.3,uc606122,3,0.9879985777102914,0.2193931022920578,LV,0.0,0
21,uc639277.3,uc639277,3,0.9898141506841792,0.2193931022920578,LV,0.0,0
21,uc1139390.3,uc1139390,3,0.9922290132624393,0.2193931022920578,LV,0.0,0
21,uc637576.3,uc637576,3,0.9911814825021688,0.2193931022920578,LV,0.0,0
21,uc637918.3,uc637918,3,0.9908123300368302,0.2193931022920578,LV,0.0,0
21,uc637360.3,uc637360,3,0.9912626326295968,0.2193931022920578,LV,0.0,0
21,uc637397.3,uc637397,3,0.9881583162214904,0.2193931022920578,LV,0.0,0
21,uc635963.3,uc635963,3,0.9929913342130285,0.2193931022920578,LV,0.0,0
21,uc635543.3,uc635543,3,0.9916452881497884,0.2193931022920578,LV,0.0,0
21,uc635966.3,uc635966,3,0.9916359073310499,0.2193931022920578,LV,0.0,0
21,uc635550.3,uc635550,3,0.9937025541183813,0.2193931022920578,LV,0.0,0
21,uc635862.3,uc635862,3,0.9889401831395274,0.2193931022920578,LV,0.0,0
21,uc1633671.3,uc1633671,3,0.9923946250120298,0.2193931022920578,LV,0.0,0
21,uc632607.3,uc632607,3,0.9703793725439673,0.2193931022920578,LV,0.0,0
21,uc1629422.3,uc1629422,3,0.992914061773987,0.2193931022920578,LV,0.0,0
22,60651.1,60651,1,0.994462232337045,13.336791218280357,MV,0.0,0
22,60721.1,60721,1,0.9944247445877753,13.336791218280357,MV,0.0,0
22,164151.1,164151,1,0.9947776177932812,13.336791218280357,MV,0.0,0
22,302191.1,302191,1,0.990747258855573,13.336791218280357,MV,0.0,0
22,320841.1,320841,1,0.99284711241925,13.336791218280357,MV,0.0,0
22,337711.1,337711,1,0.9907811625332312,13.336791218280357,MV,0.0,0
22,358691.1,358691,1,0.9986210442995541,13.336791218280357,MV,0.0,0
22,et6_1177.1,et6_1177,1,0.9940563177405197,0.2193931022920578,LV,0.0,0
22,461501.1,461501,1,0.9945812832345432,13.336791218280357,MV,0.0,0
22,686891.1,686891,1,0.9936288293577449,13.336791218280357,MV,0.0,0
22,703601.1,703601,1,0.9948959492169777,13.336791218280357,MV,0.0,0
22,713791.1,713791,1,0.9934535537375618,13.336791218280357,MV,0.0,0
22,725731.1,725731,1,0.9930565768988696,13.336791218280357,MV,0.0,0
22,809501.1,809501,1,0.993824994373144,13.336791218280357,MV,0.0,0
22,811221.1,811221,1,0.9947986954737823,13.336791218280357,MV,0.0,0
22,815111.1,815111,1,0.9907431834849877,13.336791218280357,MV,0.0,0
22,822371.1,822371,1,0.9931940415889842,13.336791218280357,MV,0.0,0
22,820611.1,820611,1,0.9942398287385075,13.336791218280357,MV,0.0,0
22,822641.1,822641,1,0.9932561137723889,13.336791218280357,MV,0.0,0
22,618431.1,618431,1,0.9944625243729021,13.336791218280357,MV,0.0,0
22,bt10401.1,bt10401,1,0.9839713810758711,0.2193931022920578,LV,0.0,0
22,bt197792.1,bt197792,1,0.9829006424466084,0.2193931022920578,LV,0.0,0
22,bt800551.1,bt800551,1,0.9830740740823181,0.2193931022920578,LV,0.0,0
22,bt295341.1,bt295341,1,0.9817107406841659,0.2193931022920578,LV,0.0,0
22,bt800541.1,bt800541,1,0.9823528613599245,0.2193931022920578,LV,0.0,0
22,bt295361.1,bt295361,1,0.9811011426575217,0.2193931022920578,LV,0.0,0
22,bt474991.1,bt474991,1,0.9806210984036949,0.2193931022920578,LV,0.0,0
22,uc626695.1,uc626695,1,0.976852307523753,0.2193931022920578,LV,0.0,0
22,uc1627323.1,uc1627323,1,0.9894809474217776,0.2193931022920578,LV,0.0,0
22,uc1627342.1,uc1627342,1,0.9982441775691444,0.2193931022920578,LV,0.0,0
22,uc627343.1,uc627343,1,0.9946317516594925,0.2193931022920578,LV,0.0,0
22,uc627344.1,uc627344,1,0.9957865721953038,0.2193931022920578,LV,0.0,0
22,uc1626672.1,uc1626672,1,0.0,0.1270170592217177,LV,0.95,1
22,uc1626490.1,uc1626490,1,0.9913807679895273,0.2193931022920578,LV,0.0,0
22,uc3422706.1,uc3422706,1,0.9935237666755966,0.2193931022920578,LV,0.0,0
22,uc3425629.1,uc3425629,1,0.9935898001597208,0.2193931022920578,LV,0.0,0
22,uc3422597.1,uc3422597,1,0.9908340431843604,0.2193931022920578,LV,0.0,0
22,uc3405843.1,uc3405843,1,0.9913272339527167,0.2193931022920578,LV,0.0,0
22,uc3405844.1,uc3405844,1,0.9911208691552748,0.2193931022920578,LV,0.0,0
22,uc3405845.1,uc3405845,1,0.9910726493266908,0.2193931022920578,LV,0.0,0
22,uc3405846.1,uc3405846,1,0.9915470185603311,0.2193931022920578,LV,0.0,0
22,uc1626486.1,uc1626486,1,0.9984170486226516,0.2193931022920578,LV,0.0,0
22,uc1626487.1,uc1626487,1,0.9910119015657975,0.2193931022920578,LV,0.0,0
22,uc626481.1,uc626481,1,0.9929541257676175,0.2193931022920578,LV,0.0,0
22,uc626678.1,uc626678,1,0.9892973757538658,0.2193931022920578,LV,0.0,0
22,uc626698.1,uc626698,1,0.9949734564557943,0.2193931022920578,LV,0.0,0
22,uc626476.1,uc626476,1,0.9865288652256395,0.2193931022920578,LV,0.0,0
22,uc1627321.1,uc1627321,1,0.9979312053403812,0.2193931022920578,LV,0.0,0
22,uc1607319.1,uc1607319,1,0.9885675461938825,0.2193931022920578,LV,0.0,0
22,uc1607308.1,uc1607308,1,0.9915222618252387,0.2193931022920578,LV,0.0,0
22,uc1624026.1,uc1624026,1,0.0,0.1270170592217177,LV,0.95,1
22,uc1625170.1,uc1625170,1,0.9955633838268625,0.2193931022920578,LV,0.0,0
22,uc1621994.1,uc1621994,1,0.9980075951945651,0.2193931022920578,LV,0.0,0
22,uc1620360.1,uc1620360,1,0.9977521808640437,0.2193931022920578,LV,0.0,0
22,uc1620373.1,uc1620373,1,0.9910663532453035,0.2193931022920578,LV,0.0,0
22,uc1607302.1,uc1607302,1,0.9908673637888756,0.2193931022920578,LV,0.0,0
22,uc1607304.1,uc1607304,1,0.9894810266488079,0.2193931022920578,LV,0.0,0
22,uc1607305.1,uc1607305,1,0.9889858899180796,0.2193931022920578,LV,0.0,0
22,uc1607306.1,uc1607306,1,0.990941238488869,0.2193931022920578,LV,0.0,0
22,uc1607297.1,uc1607297,1,0.9943153606826889,0.2193931022920578,LV,0.0,0
22,uc1607298.1,uc1607298,1,0.9918478399929972,0.2193931022920578,LV,0.0,0
22,uc1607289.1,uc1607289,1,0.9952681174553911,0.2193931022920578,LV,0.0,0
22,uc1607290.1,uc1607290,1,0.9953583998337759,0.2193931022920578,LV,0.0,0
22,uc1607291.1,uc1607291,1,0.9944226378695619,0.2193931022920578,LV,0.0,0
22,uc1607280.1,uc1607280,1,0.9895232657384078,0.2193931022920578,LV,0.0,0
22,uc1607283.1,uc1607283,1,0.986160787841309,0.2193931022920578,LV,0.0,0
22,uc1607285.1,uc1607285,1,0.9880606726799489,0.2193931022920578,LV,0.0,0
22,uc1607287.1,uc1607287,1,0.9902669319816831,0.2193931022920578,LV,0.0,0
22,uc1607288.1,uc1607288,1,0.9919134006733189,0.2193931022920578,LV,0.0,0
22,uc1607279.1,uc1607279,1,0.990675805566596,0.2193931022920578,LV,0.0,0
22,uc1607357.1,uc1607357,1,0.9944917517898237,0.2193931022920578,LV,0.0,0
22,uc1607358.1,uc1607358,1,0.9938676078095428,0.2193931022920578,LV,0.0,0
22,uc1607368.1,uc1607368,1,0.0,0.1270170592217177,LV,0.95,1
22,uc1607277.1,uc1607277,1,0.9964019146699299,0.2193931022920578,LV,0.0,0
22,uc1607278.1,uc1607278,1,1.0006745915112532,0.2193931022920578,LV,0.0,0
22,uc1607272.1,uc1607272,1,0.9910062961366105,0.2193931022920578,LV,0.0,0
22,uc1607273.1,uc1607273,1,1.0005873489931687,0.2193931022920578,LV,0.0,0
22,uc1607353.1,uc1607353,1,0.9944515771481807,0.2193931022920578,LV,0.0,0
22,uc1607347.1,uc1607347,1,0.9900162387115113,0.2193931022920578,LV,0.0,0
22,uc1607349.1,uc1607349,1,0.994595784390221,0.2193931022920578,LV,0.0,0
22,uc1107342.1,uc1107342,1,0.9883782137025197,0.2193931022920578,LV,0.0,0
22,uc1107340.1,uc1107340,1,0.985773961296889,0.2193931022920578,LV,0.0,0
22,uc1105833.1,uc1105833,1,0.9923877785824698,0.2193931022920578,LV,0.0,0
22,uc1107330.1,uc1107330,1,0.9851288026675266,0.2193931022920578,LV,0.0,0
22,uc1607265.1,uc1607265,1,0.9868316014551239,0.2193931022920578,LV,0.0,0
22,uc1607268.1,uc1607268,1,0.9977170406807314,0.2193931022920578,LV,0.0,0
22,uc1607252.1,uc1607252,1,0.9914441907895368,0.2193931022920578,LV,0.0,0
22,uc1605991.1,uc1605991,1,0.9930624281613725,0.2193931022920578,LV,0.0,0
22,uc1605996.1,uc1605996,1,0.9914012864277194,0.2193931022920578,LV,0.0,0
22,uc1607257.1,uc1607257,1,0.9934334732614373,0.2193931022920578,LV,0.0,0
22,uc1607258.1,uc1607258,1,0.9914533161134029,0.2193931022920578,LV,0.0,0
22,uc1124340.1,uc1124340,1,0.988938833697489,0.2193931022920578,LV,0.0,0
22,uc605816.1,uc605816,1,0.9865165431747116,0.2193931022920578,LV,0.0,0
22,uc605813.1,uc605813,1,0.9936137132653734,0.2193931022920578,LV,0.0,0
22,uc609684.1,uc609684,1,0.9963247618818616,0.2193931022920578,LV,0.0,0
22,uc609686.1,uc609686,1,0.996721891232644,0.2193931022920578,LV,0.0,0
22,uc609688.1,uc609688,1,0.9910037506555274,0.2193931022920578,LV,0.0,0
22,uc621168.1,uc621168,1,0.993729368418511,0.2193931022920578,LV,0.0,0
22,uc621171.1,uc621171,1,0.9911151833412922,0.2193931022920578,LV,0.0,0
22,uc605808.1,uc605808,1,0.9970436454822553,0.2193931022920578,LV,0.0,0
22,uc605809.1,uc605809,1,0.9828564651039972,0.2193931022920578,LV,0.0,0
22,uc605810.1,uc605810,1,0.9951870808962974,0.2193931022920578,LV,0.0,0
22,uc605970.1,uc605970,1,0.9931566572962061,0.2193931022920578,LV,0.0,0
22,uc605803.1,uc605803,1,0.9937292132928383,0.2193931022920578,LV,0.0,0
22,uc605804.1,uc605804,1,0.9953120801387054,0.2193931022920578,LV,0.0,0
22,uc605806.1,uc605806,1,0.9927858058207851,0.2193931022920578,LV,0.0,0
22,uc607384.1,uc607384,1,0.9909241675893885,0.2193931022920578,LV,0.0,0
22,uc607387.1,uc607387,1,0.993304311645301,0.2193931022920578,LV,0.0,0
22,uc609682.1,uc609682,1,0.9878508258656583,0.2193931022920578,LV,0.0,0
22,uc624033.1,uc624033,1,0.9984421022671273,0.2193931022920578,LV,0.0,0
22,uc625156.1,uc625156,1,0.9937595765029594,0.2193931022920578,LV,0.0,0
22,uc625624.1,uc625624,1,0.9882785943770417,0.2193931022920578,LV,0.0,0
22,uc625625.1,uc625625,1,0.9965815909352193,0.2193931022920578,LV,0.0,0
22,uc607366.1,uc607366,1,0.9828204353400048,0.2193931022920578,LV,0.0,0
22,uc607367.1,uc607367,1,0.9950075904302659,0.2193931022920578,LV,0.0,0
22,uc606114.1,uc606114,1,0.9927707475780284,0.2193931022920578,LV,0.0,0
22,uc606117.1,uc606117,1,0.9929560073797112,0.2193931022920578,LV,0.0,0
22,uc606120.1,uc606120,1,0.9925189632232717,0.2193931022920578,LV,0.0,0
22,uc623015.1,uc623015,1,0.9813376842632782,0.2193931022920578,LV,0.0,0
22,uc623432.1,uc623432,1,0.9912206932003572,0.2193931022920578,LV,0.0,0
22,uc624028.1,uc624028,1,0.9924027155722079,0.2193931022920578,LV,0.0,0
22,uc605873.1,uc605873,1,0.9940299462535508,0.2193931022920578,LV,0.0,0
22,uc623007.1,uc623007,1,0.9937052213985192,0.2193931022920578,LV,0.0,0
22,uc606147.1,uc606147,1,0.9930966978652275,0.2193931022920578,LV,0.0,0
22,uc606148.1,uc606148,1,0.9988467578050108,0.2193931022920578,LV,0.0,0
22,uc606150.1,uc606150,1,0.9971413013932114,0.2193931022920578,LV,0.0,0
22,uc606109.1,uc606109,1,0.9914093852966531,0.2193931022920578,LV,0.0,0
22,uc606110.1,uc606110,1,0.9907303327345341,0.2193931022920578,LV,0.0,0
22,uc606111.1,uc606111,1,0.9928655539692945,0.2193931022920578,LV,0.0,0
22,uc622777.1,uc622777,1,0.9999583972975837,0.2193931022920578,LV,0.0,0
22,uc623004.1,uc623004,1,0.987054353145353,0.2193931022920578,LV,0.0,0
22,uc606103.1,uc606103,1,0.9932379675992737,0.2193931022920578,LV,0.0,0
22,uc606139.1,uc606139,1,0.9945781479237715,0.2193931022920578,LV,0.0,0
22,uc606141.1,uc606141,1,0.9916453052913529,0.2193931022920578,LV,0.0,0
22,uc606143.1,uc606143,1,0.9952146217558975,0.2193931022920578,LV,0.0,0
22,uc605921.1,uc605921,1,0.9930180462606489,0.2193931022920578,LV,0.0,0
22,uc622713.1,uc622713,1,0.9931188758792678,0.2193931022920578,LV,0.0,0
22,uc622714.1,uc622714,1,0.9928136646411524,0.2193931022920578,LV,0.0,0
22,uc605993.1,uc605993,1,0.9942785140960653,0.2193931022920578,LV,0.0,0
22,uc606101.1,uc606101,1,0.9915817069658966,0.2193931022920578,LV,0.0,0
22,uc606102.1,uc606102,1,0.9903955374026401,0.2193931022920578,LV,0.0,0
22,uc622273.1,uc622273,1,0.9940676218231586,0.2193931022920578,LV,0.0,0
22,uc622703.1,uc622703,1,0.9769341788758423,0.2193931022920578,LV,0.0,0
22,uc605989.1,uc605989,1,0.9957136592640279,0.2193931022920578,LV,0.0,0
22,uc606130.1,uc606130,1,0.9954436189811008,0.2193931022920578,LV,0.0,0
22,uc606132.1,uc606132,1,0.9909964861554532,0.2193931022920578,LV,0.0,0
22,uc605914.1,uc605914,1,1.0018570208158695,0.2193931022920578,LV,0.0,0
22,uc622257.1,uc622257,1,0.9958332735218247,0.2193931022920578,LV,0.0,0
22,uc605909.1,uc605909,1,0.9962269736408537,0.2193931022920578,LV,0.0,0
22,uc605910.1,uc605910,1,0.9926288884892783,0.2193931022920578,LV,0.0,0
22,uc605911.1,uc605911,1,0.9933839567772506,0.2193931022920578,LV,0.0,0
22,uc606128.1,uc606128,1,0.9945521195078016,0.2193931022920578,LV,0.0,0
22,uc605823.1,uc605823,1,0.9873986020490325,0.2193931022920578,LV,0.0,0
22,uc605824.1,uc605824,1,0.992879204777086,0.2193931022920578,LV,0.0,0
22,uc605904.1,uc605904,1,0.9931496625018479,0.2193931022920578,LV,0.0,0
22,uc621999.1,uc621999,1,0.994467577975243,0.2193931022920578,LV,0.0,0
22,uc639553.1,uc639553,1,0.991333456873542,0.2193931022920578,LV,0.0,0
22,uc1239552.1,uc1239552,1,0.9914790675135324,0.2193931022920578,LV,0.0,0
22,uc605817.1,uc605817,1,0.9933002839950634,0.2193931022920578,LV,0.0,0
22,uc605819.1,uc605819,1,0.9911427810498171,0.2193931022920578,LV,0.0,0
22,uc605820.1,uc605820,1,0.9910135566964444,0.2193931022920578,LV,0.0,0
22,uc605821.1,uc605821,1,0.9881516330610379,0.2193931022920578,LV,0.0,0
22,uc639280.1,uc639280,1,0.9913217865824099,0.2193931022920578,LV,0.0,0
22,uc605898.1,uc605898,1,0.9935504460229935,0.2193931022920578,LV,0.0,0
22,uc605901.1,uc605901,1,0.9957535431131725,0.2193931022920578,LV,0.0,0
22,uc605902.1,uc605902,1,0.9909105640903122,0.2193931022920578,LV,0.0,0
22,uc605985.1,uc605985,1,0.9892515567957585,0.2193931022920578,LV,0.0,0
22,uc606126.1,uc606126,1,0.9926319981153973,0.2193931022920578,LV,0.0,0
22,uc606127.1,uc606127,1,0.9914229075070773,0.2193931022920578,LV,0.0,0
22,uc605896.1,uc605896,1,0.9845719262229318,0.2193931022920578,LV,0.0,0
22,uc606121.1,uc606121,1,0.990870859255173,0.2193931022920578,LV,0.0,0
22,uc606122.1,uc606122,1,0.9882055155488173,0.2193931022920578,LV,0.0,0
22,uc606123.1,uc606123,1,0.9911268951626792,0.2193931022920578,LV,0.0,0
22,uc606124.1,uc606124,1,0.9958322346209801,0.2193931022920578,LV,0.0,0
22,uc605825.1,uc605825,1,0.9900684943982587,0.2193931022920578,LV,0.0,0
22,uc623427.1,uc623427,1,0.9911269080892929,0.2193931022920578,LV,0.0,0
22,uc609687.1,uc609687,1,0.9971364858898764,0.2193931022920578,LV,0.0,0
22,uc639277.1,uc639277,1,0.9882785943832696,0.2193931022920578,LV,0.0,0
22,uc1139390.1,uc1139390,1,0.9914426339344357,0.2193931022920578,LV,0.0,0
22,uc605863.1,uc605863,1,0.9878751810645408,0.2193931022920578,LV,0.0,0
22,uc605865.1,uc605865,1,0.9881762879521122,0.2193931022920578,LV,0.0,0
22,uc1138614.1,uc1138614,1,0.9903340115991495,0.2193931022920578,LV,0.0,0
22,uc605855.1,uc605855,1,0.9893710691570881,0.2193931022920578,LV,0.0,0
22,uc605828.1,uc605828,1,0.9869769302442977,0.2193931022920578,LV,0.0,0
22,uc605829.1,uc605829,1,0.9919275357739201,0.2193931022920578,LV,0.0,0
22,uc605834.1,uc605834,1,0.9840709668065387,0.2193931022920578,LV,0.0,0
22,uc605835.1,uc605835,1,0.9841428538289483,0.2193931022920578,LV,0.0,0
22,uc605827.1,uc605827,1,0.9869145401228323,0.2193931022920578,LV,0.0,0
22,uc627337.1,uc627337,1,0.9923231389867444,0.2193931022920578,LV,0.0,0
22,uc637912.1,uc637912,1,0.9920085462104632,0.2193931022920578,LV,0.0,0
22,uc637576.1,uc637576,1,0.9910179517176758,0.2193931022920578,LV,0.0,0
22,uc637356.1,uc637356,1,0.9939072095273659,0.2193931022920578,LV,0.0,0
22,uc637918.1,uc637918,1,0.9906303732396827,0.2193931022920578,LV,0.0,0
22,uc637360.1,uc637360,1,0.9910782524032193,0.2193931022920578,LV,0.0,0
22,uc637399.1,uc637399,1,0.9821955652498237,0.2193931022920578,LV,0.0,0
22,uc637397.1,uc637397,1,0.9877160138228326,0.2193931022920578,LV,0.0,0
22,uc1137150.1,uc1137150,1,0.9918889290088508,0.2193931022920578,LV,0.0,0
22,uc1636598.1,uc1636598,1,0.0,0.1270170592217177,LV,0.95,1
22,uc636933.1,uc636933,1,0.9943362080666157,0.2193931022920578,LV,0.0,0
22,uc635963.1,uc635963,1,0.9926199107279161,0.2193931022920578,LV,0.0,0
22,uc635543.1,uc635543,1,0.9914169126310398,0.2193931022920578,LV,0.0,0
22,uc635966.1,uc635966,1,0.9914085195577444,0.2193931022920578,LV,0.0,0
22,uc635550.1,uc635550,1,0.9932656767847969,0.2193931022920578,LV,0.0,0
22,uc635862.1,uc635862,1,0.989913815503713,0.2193931022920578,LV,0.0,0
22,uc1635694.1,uc1635694,1,1.0014760561763878,0.2193931022920578,LV,0.0,0
22,uc3435739.1,uc3435739,1,0.9899309424050022,0.2193931022920578,LV,0.0,0
22,uc1635060.1,uc1635060,1,0.9958381003664507,0.2193931022920578,LV,0.0,0
22,uc1607271.1,uc1607271,1,0.9970861153778784,0.2193931022920578,LV,0.0,0
22,uc605884.1,uc605884,1,0.9937004718765389,0.2193931022920578,LV,0.0,0
22,uc1609690.1,uc1609690,1,0.9986024458326602,0.2193931022920578,LV,0.0,0
22,uc1134165.1,uc1134165,1,0.9858914623306227,0.2193931022920578,LV,0.0,0
22,uc634166.1,uc634166,1,0.9953696744797866,0.2193931022920578,LV,0.0,0
22,uc1633896.1,uc1633896,1,0.9969831664729701,0.2193931022920578,LV,0.0,0
22,uc3433894.1,uc3433894,1,0.9919710654330669,0.2193931022920578,LV,0.0,0
22,uc1633892.1,uc1633892,1,0.9983107521387301,0.2193931022920578,LV,0.0,0
22,uc633672.1,uc633672,1,0.9971695982708143,0.2193931022920578,LV,0.0,0
22,uc1633671.1,uc1633671,1,0.9902412280418403,0.2193931022920578,LV,0.0,0
22,uc1632306.1,uc1632306,1,0.9967454813911006,0.2193931022920578,LV,0.0,0
22,uc632607.1,uc632607,1,0.9718219824961843,0.2193931022920578,LV,0.0,0
22,uc632613.1,uc632613,1,0.9916550842065254,0.2193931022920578,LV,0.0,0
22,uc3432407.1,uc3432407,1,0.9908041735981657,0.2193931022920578,LV,0.0,0
22,uc1632402.1,uc1632402,1,0.9876205293259006,0.2193931022920578,LV,0.0,0
22,uc1132019.1,uc1132019,1,0.9903354103887911,0.2193931022920578,LV,0.0,0
22,uc632016.1,uc632016,1,0.9949790869292617,0.2193931022920578,LV,0.0,0
22,uc1132015.1,uc1132015,1,0.9877030941009033,0.2193931022920578,LV,0.0,0
22,uc1132012.1,uc1132012,1,0.9936575599216908,0.2193931022920578,LV,0.0,0
22,uc631859.1,uc631859,1,0.9948676146402857,0.2193931022920578,LV,0.0,0
22,uc1631852.1,uc1631852,1,0.9941715539972454,0.2193931022920578,LV,0.0,0
22,uc1130761.1,uc1130761,1,0.9840837637721136,0.2193931022920578,LV,0.0,0
22,uc1630759.1,uc1630759,1,0.9866930521354208,0.2193931022920578,LV,0.0,0
22,uc630758.1,uc630758,1,0.9910653001898589,0.2193931022920578,LV,0.0,0
22,uc629428.1,uc629428,1,0.9949406668214521,0.2193931022920578,LV,0.0,0
22,uc1629639.1,uc1629639,1,0.9991045609607055,0.2193931022920578,LV,0.0,0
22,uc1229546.1,uc1229546,1,0.9905667218084644,0.2193931022920578,LV,0.0,0
22,uc628768.1,uc628768,1,0.9927858224984663,0.2193931022920578,LV,0.0,0
22,uc628757.1,uc628757,1,0.998260660133134,0.2193931022920578,LV,0.0,0
22,uc628766.1,uc628766,1,0.9954545565344808,0.2193931022920578,LV,0.0,0
22,uc628753.1,uc628753,1,0.9993031613505712,0.2193931022920578,LV,0.0,0
22,uc627346.1,uc627346,1,0.995609705625199,0.2193931022920578,LV,0.0,0
22,uc1628760.1,uc1628760,1,0.9992038515404231,0.2193931022920578,LV,0.0,0
22,uc1629422.1,uc1629422,1,0.9920888452439676,0.2193931022920578,LV,0.0,0
22,uc626699.1,uc626699,1,0.9966082068960497,0.2193931022920578,LV,0.0,0
22,60651.2,60651,2,0.99524387163891,13.336791218280357,MV,0.0,0
22,60721.2,60721,2,0.9952063755504368,13.336791218280357,MV,0.0,0
22,164151.2,164151,2,0.9955593435454733,13.336791218280357,MV,0.0,0
22,302191.2,302191,2,0.9921617508995687,13.336791218280357,MV,0.0,0
22,320841.2,320841,2,0.9937810811934746,13.336791218280357,MV,0.0,0
22,337711.2,337711,2,0.9921956735526789,13.336791218280357,MV,0.0,0
22,358691.2,358691,2,0.9989630159078919,13.336791218280357,MV,0.0,0
22,et6_1177.2,et6_1177,2,0.9938263913926921,0.2193931022920578,LV,0.0,0
22,461501.2,461501,2,0.9954739252419488,13.336791218280357,MV,0.0,0
22,686891.2,686891,2,0.9945361364772937,13.336791218280357,MV,0.0,0
22,703601.2,703601,2,0.9956696013189866,13.336791218280357,MV,0.0,0
22,713791.2,713791,2,0.9943863636701098,13.336791218280357,MV,0.0,0
22,725731.2,725731,2,0.9939906114352819,13.336791218280357,MV,0.0,0
22,809501.2,809501,2,0.9947285687170231,13.336791218280357,MV,0.0,0
22,811221.2,811221,2,0.9955790963318782,13.336791218280357,MV,0.0,0
22,815111.2,815111,2,0.9921576736793435,13.336791218280357,MV,0.0,0
22,822371.2,822371,2,0.9941281273361671,13.336791218280357,MV,0.0,0
22,820611.2,820611,2,0.9950638480421268,13.336791218280357,MV,0.0,0
22,822641.2,822641,2,0.9941995932884365,13.336791218280357,MV,0.0,0
22,618431.2,618431,2,0.9952441637443343,13.336791218280357,MV,0.0,0
22,bt10401.2,bt10401,2,0.9842644441882149,0.2193931022920578,LV,0.0,0
22,bt197792.2,bt197792,2,0.9838596070740071,0.2193931022920578,LV,0.0,0
22,bt800551.2,bt800551,2,0.9838596070956055,0.2193931022920578,LV,0.0,0
22,bt295341.2,bt295341,2,0.9831004591715056,0.2193931022920578,LV,0.0,0
22,bt800541.2,bt800541,2,0.9834737777032747,0.2193931022920578,LV,0.0,0
22,bt295361.2,bt295361,2,0.9824998841380398,0.2193931022920578,LV,0.0,0
22,bt474991.2,bt474991,2,0.9823197823442749,0.2193931022920578,LV,0.0,0
22,uc1627323.2,uc1627323,2,0.9830110091356573,0.2193931022920578,LV,0.0,0
22,uc3405987.2,uc3405987,2,0.9860723782926147,0.2193931022920578,LV,0.0,0
22,uc3405846.2,uc3405846,2,0.9884957247952406,0.2193931022920578,LV,0.0,0
22,uc3405847.2,uc3405847,2,0.9868303348708668,0.2193931022920578,LV,0.0,0
22,uc3405838.2,uc3405838,2,0.9849339733898592,0.2193931022920578,LV,0.0,0
22,uc1607326.2,uc1607326,2,0.985395998349889,0.2193931022920578,LV,0.0,0
22,uc1607316.2,uc1607316,2,0.9829114229965193,0.2193931022920578,LV,0.0,0
22,uc1607308.2,uc1607308,2,0.989870193563168,0.2193931022920578,LV,0.0,0
22,uc1623434.2,uc1623434,2,0.0,0.1270170592217177,LV,0.95,1
22,uc1620373.2,uc1620373,2,0.9908006632591443,0.2193931022920578,LV,0.0,0
22,uc1607302.2,uc1607302,2,0.9906123791998671,0.2193931022920578,LV,0.0,0
22,uc1607304.2,uc1607304,2,0.9904820534480097,0.2193931022920578,LV,0.0,0
22,uc1607306.2,uc1607306,2,0.989289363551436,0.2193931022920578,LV,0.0,0
22,uc1607299.2,uc1607299,2,0.9910570740904072,0.2193931022920578,LV,0.0,0
22,uc1607297.2,uc1607297,2,0.992742739772168,0.2193931022920578,LV,0.0,0
22,uc1607298.2,uc1607298,2,0.9912440678658918,0.2193931022920578,LV,0.0,0
22,uc1607289.2,uc1607289,2,0.9946033716748427,0.2193931022920578,LV,0.0,0
22,uc1607291.2,uc1607291,2,0.9922743307102084,0.2193931022920578,LV,0.0,0
22,uc1607292.2,uc1607292,2,0.9917207844793436,0.2193931022920578,LV,0.0,0
22,uc1607280.2,uc1607280,2,0.989294442772627,0.2193931022920578,LV,0.0,0
22,uc1607284.2,uc1607284,2,0.9895295030299385,0.2193931022920578,LV,0.0,0
22,uc1607285.2,uc1607285,2,0.9894139755677912,0.2193931022920578,LV,0.0,0
22,uc1607288.2,uc1607288,2,0.9896988941231701,0.2193931022920578,LV,0.0,0
22,uc1607279.2,uc1607279,2,0.9904470193334143,0.2193931022920578,LV,0.0,0
22,uc1607355.2,uc1607355,2,0.9913095143149465,0.2193931022920578,LV,0.0,0
22,uc1607357.2,uc1607357,2,0.993996335703677,0.2193931022920578,LV,0.0,0
22,uc1607358.2,uc1607358,2,0.991676344251498,0.2193931022920578,LV,0.0,0
22,uc1607368.2,uc1607368,2,0.0,0.1270170592217177,LV,0.95,1
22,uc1607276.2,uc1607276,2,0.9978839032522671,0.2193931022920578,LV,0.0,0
22,uc1607278.2,uc1607278,2,0.9987605796419363,0.2193931022920578,LV,0.0,0
22,uc1607273.2,uc1607273,2,0.9972973643956007,0.2193931022920578,LV,0.0,0
22,uc1607328.2,uc1607328,2,0.9848961519804628,0.2193931022920578,LV,0.0,0
22,uc1607347.2,uc1607347,2,0.9897504662162265,0.2193931022920578,LV,0.0,0
22,uc1607350.2,uc1607350,2,0.9914470769020827,0.2193931022920578,LV,0.0,0
22,uc1107341.2,uc1107341,2,0.9861589457856746,0.2193931022920578,LV,0.0,0
22,uc1107333.2,uc1107333,2,0.9879254982476227,0.2193931022920578,LV,0.0,0
22,uc1607268.2,uc1607268,2,0.9972440845743902,0.2193931022920578,LV,0.0,0
22,uc1607252.2,uc1607252,2,0.9880277684731469,0.2193931022920578,LV,0.0,0
22,uc1606000.2,uc1606000,2,0.989278318457523,0.2193931022920578,LV,0.0,0
22,uc1607255.2,uc1607255,2,0.9908017774715137,0.2193931022920578,LV,0.0,0
22,uc1607258.2,uc1607258,2,0.988036925914153,0.2193931022920578,LV,0.0,0
22,uc1124041.2,uc1124041,2,0.9888107478275526,0.2193931022920578,LV,0.0,0
22,uc1124340.2,uc1124340,2,0.9889967828217398,0.2193931022920578,LV,0.0,0
22,uc1121173.2,uc1121173,2,0.9880267950937218,0.2193931022920578,LV,0.0,0
22,uc1107345.2,uc1107345,2,0.988974784171275,0.2193931022920578,LV,0.0,0
22,uc605816.2,uc605816,2,0.9861965201047688,0.2193931022920578,LV,0.0,0
22,uc605812.2,uc605812,2,0.9823589386617327,0.2193931022920578,LV,0.0,0
22,uc605813.2,uc605813,2,0.9936185916407066,0.2193931022920578,LV,0.0,0
22,uc609685.2,uc609685,2,0.9952996088139549,0.2193931022920578,LV,0.0,0
22,uc609688.2,uc609688,2,0.98975118346719,0.2193931022920578,LV,0.0,0
22,uc621168.2,uc621168,2,0.991298745545608,0.2193931022920578,LV,0.0,0
22,uc621171.2,uc621171,2,0.9908393588657007,0.2193931022920578,LV,0.0,0
22,uc605810.2,uc605810,2,0.9939421787692317,0.2193931022920578,LV,0.0,0
22,uc605807.2,uc605807,2,0.9842411398906764,0.2193931022920578,LV,0.0,0
22,uc605801.2,uc605801,2,0.9893963802815556,0.2193931022920578,LV,0.0,0
22,uc607384.2,uc607384,2,0.990655822980306,0.2193931022920578,LV,0.0,0
22,uc607385.2,uc607385,2,0.9869611952754385,0.2193931022920578,LV,0.0,0
22,uc609682.2,uc609682,2,0.9842176183120595,0.2193931022920578,LV,0.0,0
22,uc609683.2,uc609683,2,0.9937122401754277,0.2193931022920578,LV,0.0,0
22,uc607377.2,uc607377,2,0.9956076767617145,0.2193931022920578,LV,0.0,0
22,uc607382.2,uc607382,2,0.9925340784579165,0.2193931022920578,LV,0.0,0
22,uc606117.2,uc606117,2,0.9926805148376968,0.2193931022920578,LV,0.0,0
22,uc606120.2,uc606120,2,0.9922433924042419,0.2193931022920578,LV,0.0,0
22,uc623433.2,uc623433,2,0.9840153077934428,0.2193931022920578,LV,0.0,0
22,uc623007.2,uc623007,2,0.9934752552374233,0.2193931022920578,LV,0.0,0
22,uc606147.2,uc606147,2,0.9894533898191534,0.2193931022920578,LV,0.0,0
22,uc606148.2,uc606148,2,0.9990677295031961,0.2193931022920578,LV,0.0,0
22,uc606150.2,uc606150,2,0.9970530889742949,0.2193931022920578,LV,0.0,0
22,uc606109.2,uc606109,2,0.9911335994947764,0.2193931022920578,LV,0.0,0
22,uc606110.2,uc606110,2,0.9904545895833992,0.2193931022920578,LV,0.0,0
22,uc606111.2,uc606111,2,0.9925900323141951,0.2193931022920578,LV,0.0,0
22,uc622720.2,uc622720,2,0.9911610746452736,0.2193931022920578,LV,0.0,0
22,uc623004.2,uc623004,2,0.9855169884910966,0.2193931022920578,LV,0.0,0
22,uc606103.2,uc606103,2,0.9911755063136803,0.2193931022920578,LV,0.0,0
22,uc606139.2,uc606139,2,0.9895327230883016,0.2193931022920578,LV,0.0,0
22,uc606143.2,uc606143,2,0.9919694181484169,0.2193931022920578,LV,0.0,0
22,uc605921.2,uc605921,2,0.9920820904164246,0.2193931022920578,LV,0.0,0
22,uc605915.2,uc605915,2,0.9909870841611295,0.2193931022920578,LV,0.0,0
22,uc606101.2,uc606101,2,0.9926573207143312,0.2193931022920578,LV,0.0,0
22,uc622273.2,uc622273,2,0.9908215023731127,0.2193931022920578,LV,0.0,0
22,uc605990.2,uc605990,2,0.9831002789812034,0.2193931022920578,LV,0.0,0
22,uc606130.2,uc606130,2,0.9939118510157252,0.2193931022920578,LV,0.0,0
22,uc606132.2,uc606132,2,0.9907334338562175,0.2193931022920578,LV,0.0,0
22,uc622258.2,uc622258,2,0.9941771776772338,0.2193931022920578,LV,0.0,0
22,uc622270.2,uc622270,2,0.9973330700316477,0.2193931022920578,LV,0.0,0
22,uc605905.2,uc605905,2,0.9901722521486479,0.2193931022920578,LV,0.0,0
22,uc605909.2,uc605909,2,0.9955064617731648,0.2193931022920578,LV,0.0,0
22,uc605910.2,uc605910,2,0.9923500219760727,0.2193931022920578,LV,0.0,0
22,uc605911.2,uc605911,2,0.9931052983015797,0.2193931022920578,LV,0.0,0
22,uc606128.2,uc606128,2,0.9927882853415368,0.2193931022920578,LV,0.0,0
22,uc605904.2,uc605904,2,0.9902545451847571,0.2193931022920578,LV,0.0,0
22,uc1239552.2,uc1239552,2,0.9912136774287121,0.2193931022920578,LV,0.0,0
22,uc605817.2,uc605817,2,0.9925718286483942,0.2193931022920578,LV,0.0,0
22,uc605819.2,uc605819,2,0.9898904009714525,0.2193931022920578,LV,0.0,0
22,uc605820.2,uc605820,2,0.9848703178140714,0.2193931022920578,LV,0.0,0
22,uc605821.2,uc605821,2,0.9869400087106819,0.2193931022920578,LV,0.0,0
22,uc605822.2,uc605822,2,0.9847246245742394,0.2193931022920578,LV,0.0,0
22,uc639280.2,uc639280,2,0.9911054419347972,0.2193931022920578,LV,0.0,0
22,uc605898.2,uc605898,2,0.9945391549543826,0.2193931022920578,LV,0.0,0
22,uc605902.2,uc605902,2,0.9906423699889878,0.2193931022920578,LV,0.0,0
22,uc605982.2,uc605982,2,0.9841256259287748,0.2193931022920578,LV,0.0,0
22,uc605988.2,uc605988,2,0.982414927322342,0.2193931022920578,LV,0.0,0
22,uc606126.2,uc606126,2,0.9923719412738911,0.2193931022920578,LV,0.0,0
22,uc606127.2,uc606127,2,0.9911625204452708,0.2193931022920578,LV,0.0,0
22,uc605896.2,uc605896,2,0.9848323976288336,0.2193931022920578,LV,0.0,0
22,uc606121.2,uc606121,2,0.9905941887372333,0.2193931022920578,LV,0.0,0
22,uc606122.2,uc606122,2,0.9879278240929256,0.2193931022920578,LV,0.0,0
22,uc606123.2,uc606123,2,0.9908635021490193,0.2193931022920578,LV,0.0,0
22,uc622709.2,uc622709,2,0.9913852127611614,0.2193931022920578,LV,0.0,0
22,uc639277.2,uc639277,2,0.9870669059800048,0.2193931022920578,LV,0.0,0
22,uc1139390.2,uc1139390,2,0.9911772536002973,0.2193931022920578,LV,0.0,0
22,uc605864.2,uc605864,2,0.9870164962998702,0.2193931022920578,LV,0.0,0
22,uc605865.2,uc605865,2,0.9866429768044155,0.2193931022920578,LV,0.0,0
22,uc638617.2,uc638617,2,0.9862396264325113,0.2193931022920578,LV,0.0,0
22,uc605855.2,uc605855,2,0.9857388172958501,0.2193931022920578,LV,0.0,0
22,uc1638606.2,uc1638606,2,0.9953505077699359,0.2193931022920578,LV,0.0,0
22,uc1638954.2,uc1638954,2,0.9969939089337355,0.2193931022920578,LV,0.0,0
22,uc605836.2,uc605836,2,0.9745352010094003,0.2193931022920578,LV,0.0,0
22,uc1607303.2,uc1607303,2,0.9912887222217018,0.2193931022920578,LV,0.0,0
22,uc637705.2,uc637705,2,0.9882127136127686,0.2193931022920578,LV,0.0,0
22,uc1637704.2,uc1637704,2,1.0020691913133923,0.2193931022920578,LV,0.0,0
22,uc637576.2,uc637576,2,0.9907545725162529,0.2193931022920578,LV,0.0,0
22,uc637918.2,uc637918,2,0.9904140897694242,0.2193931022920578,LV,0.0,0
22,uc637360.2,uc637360,2,0.9908023558626166,0.2193931022920578,LV,0.0,0
22,uc637397.2,uc637397,2,0.9873950560448399,0.2193931022920578,LV,0.0,0
22,uc636933.2,uc636933,2,0.9892896393616719,0.2193931022920578,LV,0.0,0
22,uc605908.2,uc605908,2,0.9962977779798995,0.2193931022920578,LV,0.0,0
22,uc635963.2,uc635963,2,0.9923443666497977,0.2193931022920578,LV,0.0,0
22,uc635543.2,uc635543,2,0.9911410827219477,0.2193931022920578,LV,0.0,0
22,uc635966.2,uc635966,2,0.9911326906954082,0.2193931022920578,LV,0.0,0
22,uc627328.2,uc627328,2,0.9821196522410782,0.2193931022920578,LV,0.0,0
22,uc635550.2,uc635550,2,0.9930068606182766,0.2193931022920578,LV,0.0,0
22,uc635862.2,uc635862,2,0.9895940833729999,0.2193931022920578,LV,0.0,0
22,uc3435739.2,uc3435739,2,0.9858873898084134,0.2193931022920578,LV,0.0,0
22,uc634166.2,uc634166,2,0.9940827515210925,0.2193931022920578,LV,0.0,0
22,uc1633671.2,uc1633671,2,0.9929608870574618,0.2193931022920578,LV,0.0,0
22,uc633056.2,uc633056,2,0.9935917655777746,0.2193931022920578,LV,0.0,0
22,uc632607.2,uc632607,2,0.9714919815848434,0.2193931022920578,LV,0.0,0
22,uc1632402.2,uc1632402,2,0.9897854510748647,0.2193931022920578,LV,0.0,0
22,uc1131858.2,uc1131858,2,0.9862641055936766,0.2193931022920578,LV,0.0,0
22,uc631391.2,uc631391,2,0.9777702841862264,0.2193931022920578,LV,0.0,0
22,uc1630759.2,uc1630759,2,0.9888070803039641,0.2193931022920578,LV,0.0,0
22,uc630758.2,uc630758,2,0.9859624122524295,0.2193931022920578,LV,0.0,0
22,uc630753.2,uc630753,2,0.9868246096547824,0.2193931022920578,LV,0.0,0
22,uc628766.2,uc628766,2,0.9939228040164176,0.2193931022920578,LV,0.0,0
22,uc627346.2,uc627346,2,0.9948707551096332,0.2193931022920578,LV,0.0,0
22,uc1629422.2,uc1629422,2,0.9899901906712828,0.2193931022920578,LV,0.0,0
22,60651.3,60651,3,0.9952231299306591,13.336791218280357,MV,0.0,0
22,60721.3,60721,3,0.9951856323178295,13.336791218280357,MV,0.0,0
22,164151.3,164151,3,0.9955386278288313,13.336791218280357,MV,0.0,0
22,302191.3,302191,3,0.9921176123457431,13.336791218280357,MV,0.0,0
22,320841.3,320841,3,0.9937369277470107,13.336791218280357,MV,0.0,0
22,337711.3,337711,3,0.9921515409302356,13.336791218280357,MV,0.0,0
22,358691.3,358691,3,0.998877381364912,13.336791218280357,MV,0.0,0
22,et6_1177.3,et6_1177,3,0.9929431367481684,0.2193931022920578,LV,0.0,0
22,461501.3,461501,3,0.995418623137133,13.336791218280357,MV,0.0,0
22,686891.3,686891,3,0.9944976562740953,13.336791218280357,MV,0.0,0
22,703601.3,703601,3,0.9956496916940373,13.336791218280357,MV,0.0,0
22,713791.3,713791,3,0.9943430390181763,13.336791218280357,MV,0.0,0
22,725731.3,725731,3,0.9939464453837661,13.336791218280357,MV,0.0,0
22,809501.3,809501,3,0.9946923320282556,13.336791218280357,MV,0.0,0
22,811221.3,811221,3,0.9955585156265672,13.336791218280357,MV,0.0,0
22,815111.3,815111,3,0.992113534392296,13.336791218280357,MV,0.0,0
22,822371.3,822371,3,0.9940840081337927,13.336791218280357,MV,0.0,0
22,820611.3,820611,3,0.9950377466229334,13.336791218280357,MV,0.0,0
22,822641.3,822641,3,0.9941513810003696,13.336791218280357,MV,0.0,0
22,618431.3,618431,3,0.9952234220547848,13.336791218280357,MV,0.0,0
22,bt10401.3,bt10401,3,0.9894311528277168,0.2193931022920578,LV,0.0,0
22,bt197792.3,bt197792,3,0.9890259647194739,0.2193931022920578,LV,0.0,0
22,bt800551.3,bt800551,3,0.9890964569190582,0.2193931022920578,LV,0.0,0
22,bt295341.3,bt295341,3,0.9889295471687237,0.2193931022920578,LV,0.0,0
22,bt800541.3,bt800541,3,0.9889698998713569,0.2193931022920578,LV,0.0,0
22,bt295361.3,bt295361,3,0.9889295478480477,0.2193931022920578,LV,0.0,0
22,bt474991.3,bt474991,3,0.9889295483126369,0.2193931022920578,LV,0.0,0
22,uc627336.3,uc627336,3,0.9934925478345467,0.2193931022920578,LV,0.0,0
22,uc1620373.3,uc1620373,3,0.9919267989666966,0.2193931022920578,LV,0.0,0
22,uc1607302.3,uc1607302,3,0.991698738382647,0.2193931022920578,LV,0.0,0
22,uc1607304.3,uc1607304,3,0.991606341267435,0.2193931022920578,LV,0.0,0
22,uc1607298.3,uc1607298,3,0.9926721295806348,0.2193931022920578,LV,0.0,0
22,uc1607280.3,uc1607280,3,0.9902543824001138,0.2193931022920578,LV,0.0,0
22,uc1607285.3,uc1607285,3,0.9914319574503022,0.2193931022920578,LV,0.0,0
22,uc1607279.3,uc1607279,3,0.9914075333598362,0.2193931022920578,LV,0.0,0
22,uc1607347.3,uc1607347,3,0.9908760248678524,0.2193931022920578,LV,0.0,0
22,uc1124340.3,uc1124340,3,0.9912498182145822,0.2193931022920578,LV,0.0,0
22,uc605816.3,uc605816,3,0.9875205024942997,0.2193931022920578,LV,0.0,0
22,uc605815.3,uc605815,3,0.989258707008111,0.2193931022920578,LV,0.0,0
22,uc621171.3,uc621171,3,0.9915016704892318,0.2193931022920578,LV,0.0,0
22,uc607384.3,uc607384,3,0.991321759548218,0.2193931022920578,LV,0.0,0
22,uc606117.3,uc606117,3,0.9933436938087901,0.2193931022920578,LV,0.0,0
22,uc606120.3,uc606120,3,0.9929063764587053,0.2193931022920578,LV,0.0,0
22,uc623007.3,uc623007,3,0.9925918875107012,0.2193931022920578,LV,0.0,0
22,uc605867.3,uc605867,3,0.9892288627898523,0.2193931022920578,LV,0.0,0
22,uc606150.3,uc606150,3,0.9972131726282125,0.2193931022920578,LV,0.0,0
22,uc606109.3,uc606109,3,0.9917960564576257,0.2193931022920578,LV,0.0,0
22,uc606110.3,uc606110,3,0.9911167994729817,0.2193931022920578,LV,0.0,0
22,uc606111.3,uc606111,3,0.9932531639884039,0.2193931022920578,LV,0.0,0
22,uc622722.3,uc622722,3,0.9897059918133415,0.2193931022920578,LV,0.0,0
22,uc623004.3,uc623004,3,0.9885709444293311,0.2193931022920578,LV,0.0,0
22,uc606101.3,uc606101,3,0.9933104050923783,0.2193931022920578,LV,0.0,0
22,uc606132.3,uc606132,3,0.9914038323476935,0.2193931022920578,LV,0.0,0
22,uc605910.3,uc605910,3,0.9930085820669179,0.2193931022920578,LV,0.0,0
22,uc605911.3,uc605911,3,0.9937642383137301,0.2193931022920578,LV,0.0,0
22,uc605904.3,uc605904,3,0.9935008295835559,0.2193931022920578,LV,0.0,0
22,uc1239552.3,uc1239552,3,0.9923401572967223,0.2193931022920578,LV,0.0,0
22,uc605821.3,uc605821,3,0.9900676750227251,0.2193931022920578,LV,0.0,0
22,uc639280.3,uc639280,3,0.9919221255413592,0.2193931022920578,LV,0.0,0
22,uc605898.3,uc605898,3,0.9936912167861588,0.2193931022920578,LV,0.0,0
22,uc605902.3,uc605902,3,0.9912391643540049,0.2193931022920578,LV,0.0,0
22,uc606126.3,uc606126,3,0.9930433849639185,0.2193931022920578,LV,0.0,0
22,uc606127.3,uc606127,3,0.9918333565044929,0.2193931022920578,LV,0.0,0
22,uc606121.3,uc606121,3,0.9912556501773838,0.2193931022920578,LV,0.0,0
22,uc606122.3,uc606122,3,0.9885874371526391,0.2193931022920578,LV,0.0,0
22,uc639277.3,uc639277,3,0.9901946904171123,0.2193931022920578,LV,0.0,0
22,uc1139390.3,uc1139390,3,0.9923036920729159,0.2193931022920578,LV,0.0,0
22,uc637576.3,uc637576,3,0.9914234974211633,0.2193931022920578,LV,0.0,0
22,uc637918.3,uc637918,3,0.9912304890907456,0.2193931022920578,LV,0.0,0
22,uc637360.3,uc637360,3,0.9914645193602581,0.2193931022920578,LV,0.0,0
22,uc637397.3,uc637397,3,0.9887149613280575,0.2193931022920578,LV,0.0,0
22,uc635963.3,uc635963,3,0.9930074034444918,0.2193931022920578,LV,0.0,0
22,uc635543.3,uc635543,3,0.9918035252342492,0.2193931022920578,LV,0.0,0
22,uc635966.3,uc635966,3,0.9917951303812218,0.2193931022920578,LV,0.0,0
22,uc635550.3,uc635550,3,0.9936794478099333,0.2193931022920578,LV,0.0,0
22,uc635862.3,uc635862,3,0.9894128851629477,0.2193931022920578,LV,0.0,0
22,uc1633671.3,uc1633671,3,0.993065061411728,0.2193931022920578,LV,0.0,0
22,uc632607.3,uc632607,3,0.9728055217360279,0.2193931022920578,LV,0.0,0
22,uc1629422.3,uc1629422,3,0.9930109218514104,0.2193931022920578,LV,0.0,0
23,60651.1,60651,1,0.9947368003993733,13.336791218280357,MV,0.0,0
23,60721.1,60721,1,0.994700662377058,13.336791218280357,MV,0.0,0
23,164151.1,164151,1,0.9950406735648062,13.336791218280357,MV,0.0,0
23,302191.1,302191,1,0.9912261429313305,13.336791218280357,MV,0.0,0
23,320841.1,320841,1,0.9931998560836579,13.336791218280357,MV,0.0,0
23,337711.1,337711,1,0.9912586810563488,13.336791218280357,MV,0.0,0
23,358691.1,358691,1,0.9986918107992593,13.336791218280357,MV,0.0,0
23,et6_1177.1,et6_1177,1,0.9943621674318738,0.2193931022920578,LV,0.0,0
23,461501.1,461501,1,0.9948587095377355,13.336791218280357,MV,0.0,0
23,686891.1,686891,1,0.9939448912910205,13.336791218280357,MV,0.0,0
23,703601.1,703601,1,0.995153848478776,13.336791218280357,MV,0.0,0
23,713791.1,713791,1,0.9937811973674667,13.336791218280357,MV,0.0,0
23,725731.1,725731,1,0.9934021715329742,13.336791218280357,MV,0.0,0
23,809501.1,809501,1,0.9941339024548639,13.336791218280357,MV,0.0,0
23,811221.1,811221,1,0.9950608236536114,13.336791218280357,MV,0.0,0
23,815111.1,815111,1,0.9912223116619614,13.336791218280357,MV,0.0,0
23,822371.1,822371,1,0.993533242896787,13.336791218280357,MV,0.0,0
23,820611.1,820611,1,0.9945263717650212,13.336791218280357,MV,0.0,0
23,822641.1,822641,1,0.9935931592672106,13.336791218280357,MV,0.0,0
23,618431.1,618431,1,0.9947370824460764,13.336791218280357,MV,0.0,0
23,bt10401.1,bt10401,1,0.9845641763379398,0.2193931022920578,LV,0.0,0
23,bt197792.1,bt197792,1,0.9835312484814211,0.2193931022920578,LV,0.0,0
23,bt800551.1,bt800551,1,0.9836944594055317,0.2193931022920578,LV,0.0,0
23,bt295341.1,bt295341,1,0.9823640448564948,0.2193931022920578,LV,0.0,0
23,bt800541.1,bt800541,1,0.9829916460800231,0.2193931022920578,LV,0.0,0
23,bt295361.1,bt295361,1,0.9817678413895218,0.2193931022920578,LV,0.0,0
23,bt474991.1,bt474991,1,0.9812983447481293,0.2193931022920578,LV,0.0,0
23,uc626695.1,uc626695,1,0.9776179714615625,0.2193931022920578,LV,0.0,0
23,uc1627323.1,uc1627323,1,0.9902142414518927,0.2193931022920578,LV,0.0,0
23,uc1627342.1,uc1627342,1,0.998502660251304,0.2193931022920578,LV,0.0,0
23,uc627343.1,uc627343,1,0.9950493435844974,0.2193931022920578,LV,0.0,0
23,uc627344.1,uc627344,1,0.9961478200462447,0.2193931022920578,LV,0.0,0
23,uc1626672.1,uc1626672,1,0.0,0.1270170592217177,LV,0.95,1
23,uc1626490.1,uc1626490,1,0.9916714029595346,0.2193931022920578,LV,0.0,0
23,uc3422706.1,uc3422706,1,0.9940120436538121,0.2193931022920578,LV,0.0,0
23,uc3425629.1,uc3425629,1,0.9940741859575482,0.2193931022920578,LV,0.0,0
23,uc3422597.1,uc3422597,1,0.9914829757232192,0.2193931022920578,LV,0.0,0
23,uc3405843.1,uc3405843,1,0.9919426479530121,0.2193931022920578,LV,0.0,0
23,uc3405844.1,uc3405844,1,0.9917501922245847,0.2193931022920578,LV,0.0,0
23,uc3405845.1,uc3405845,1,0.9917048139754102,0.2193931022920578,LV,0.0,0
23,uc3405846.1,uc3405846,1,0.9921519341359404,0.2193931022920578,LV,0.0,0
23,uc1626486.1,uc1626486,1,0.9986554334617178,0.2193931022920578,LV,0.0,0
23,uc1626487.1,uc1626487,1,0.991905937020831,0.2193931022920578,LV,0.0,0
23,uc626481.1,uc626481,1,0.9934768837457992,0.2193931022920578,LV,0.0,0
23,uc626678.1,uc626678,1,0.9900266871196163,0.2193931022920578,LV,0.0,0
23,uc626698.1,uc626698,1,0.9953879504564667,0.2193931022920578,LV,0.0,0
23,uc626476.1,uc626476,1,0.9874385911247281,0.2193931022920578,LV,0.0,0
23,uc1627321.1,uc1627321,1,0.998208136541044,0.2193931022920578,LV,0.0,0
23,uc1607319.1,uc1607319,1,0.9903437063925132,0.2193931022920578,LV,0.0,0
23,uc1607308.1,uc1607308,1,0.9921202957937365,0.2193931022920578,LV,0.0,0
23,uc1624026.1,uc1624026,1,0.0,0.1270170592217177,LV,0.95,1
23,uc1625170.1,uc1625170,1,0.9959379571545678,0.2193931022920578,LV,0.0,0
23,uc1621994.1,uc1621994,1,0.9982696057631798,0.2193931022920578,LV,0.0,0
23,uc1620360.1,uc1620360,1,0.9979889684931109,0.2193931022920578,LV,0.0,0
23,uc1620373.1,uc1620373,1,0.9915266982737927,0.2193931022920578,LV,0.0,0
23,uc1607302.1,uc1607302,1,0.9913429073547493,0.2193931022920578,LV,0.0,0
23,uc1607304.1,uc1607304,1,0.9900373667643966,0.2193931022920578,LV,0.0,0
23,uc1607305.1,uc1607305,1,0.9895714051405452,0.2193931022920578,LV,0.0,0
23,uc1607306.1,uc1607306,1,0.9915734551808134,0.2193931022920578,LV,0.0,0
23,uc1607297.1,uc1607297,1,0.9947546304436317,0.2193931022920578,LV,0.0,0
23,uc1607298.1,uc1607298,1,0.9922664636100966,0.2193931022920578,LV,0.0,0
23,uc1607289.1,uc1607289,1,0.995656595108625,0.2193931022920578,LV,0.0,0
23,uc1607290.1,uc1607290,1,0.9957415594404927,0.2193931022920578,LV,0.0,0
23,uc1607291.1,uc1607291,1,0.9948555940282564,0.2193931022920578,LV,0.0,0
23,uc1607280.1,uc1607280,1,0.990088651153663,0.2193931022920578,LV,0.0,0
23,uc1607283.1,uc1607283,1,0.986918682081156,0.2193931022920578,LV,0.0,0
23,uc1607285.1,uc1607285,1,0.9887067567278399,0.2193931022920578,LV,0.0,0
23,uc1607287.1,uc1607287,1,0.990945138020348,0.2193931022920578,LV,0.0,0
23,uc1607288.1,uc1607288,1,0.9923320793868653,0.2193931022920578,LV,0.0,0
23,uc1607279.1,uc1607279,1,0.9911733663550184,0.2193931022920578,LV,0.0,0
23,uc1607357.1,uc1607357,1,0.9949320179385736,0.2193931022920578,LV,0.0,0
23,uc1607358.1,uc1607358,1,0.9943391190984299,0.2193931022920578,LV,0.0,0
23,uc1607368.1,uc1607368,1,0.0,0.1270170592217177,LV,0.95,1
23,uc1607277.1,uc1607277,1,0.9965746932418843,0.2193931022920578,LV,0.0,0
23,uc1607278.1,uc1607278,1,1.0007906107967595,0.2193931022920578,LV,0.0,0
23,uc1607272.1,uc1607272,1,0.9915212749401042,0.2193931022920578,LV,0.0,0
23,uc1607273.1,uc1607273,1,1.00070262245365,0.2193931022920578,LV,0.0,0
23,uc1607353.1,uc1607353,1,0.9948885893384126,0.2193931022920578,LV,0.0,0
23,uc1607347.1,uc1607347,1,0.9905361218651423,0.2193931022920578,LV,0.0,0
23,uc1607349.1,uc1607349,1,0.9950255464431134,0.2193931022920578,LV,0.0,0
23,uc1107342.1,uc1107342,1,0.9889988267297688,0.2193931022920578,LV,0.0,0
23,uc1107340.1,uc1107340,1,0.9867097048619295,0.2193931022920578,LV,0.0,0
23,uc1105833.1,uc1105833,1,0.9929413741447933,0.2193931022920578,LV,0.0,0
23,uc1107330.1,uc1107330,1,0.9861025572836962,0.2193931022920578,LV,0.0,0
23,uc1607265.1,uc1607265,1,0.9877178534992026,0.2193931022920578,LV,0.0,0
23,uc1607268.1,uc1607268,1,0.997992946866158,0.2193931022920578,LV,0.0,0
23,uc1607252.1,uc1607252,1,0.9920633280865992,0.2193931022920578,LV,0.0,0
23,uc1605991.1,uc1605991,1,0.993581233691435,0.2193931022920578,LV,0.0,0
23,uc1605996.1,uc1605996,1,0.9918929880497926,0.2193931022920578,LV,0.0,0
23,uc1607257.1,uc1607257,1,0.993928474903268,0.2193931022920578,LV,0.0,0
23,uc1607258.1,uc1607258,1,0.9920719165845973,0.2193931022920578,LV,0.0,0
23,uc1124340.1,uc1124340,1,0.9895264391849022,0.2193931022920578,LV,0.0,0
23,uc605816.1,uc605816,1,0.9872469875343094,0.2193931022920578,LV,0.0,0
23,uc605813.1,uc605813,1,0.9939456062885613,0.2193931022920578,LV,0.0,0
23,uc609684.1,uc609684,1,0.9966616077679135,0.2193931022920578,LV,0.0,0
23,uc609686.1,uc609686,1,0.9970353574170563,0.2193931022920578,LV,0.0,0
23,uc609688.1,uc609688,1,0.9916350410327729,0.2193931022920578,LV,0.0,0
23,uc621168.1,uc621168,1,0.9941972999925761,0.2193931022920578,LV,0.0,0
23,uc621171.1,uc621171,1,0.9915701536071064,0.2193931022920578,LV,0.0,0
23,uc605808.1,uc605808,1,0.9973361941416512,0.2193931022920578,LV,0.0,0
23,uc605809.1,uc605809,1,0.9834896760935747,0.2193931022920578,LV,0.0,0
23,uc605810.1,uc605810,1,0.9955866623141043,0.2193931022920578,LV,0.0,0
23,uc605970.1,uc605970,1,0.993660660529738,0.2193931022920578,LV,0.0,0
23,uc605803.1,uc605803,1,0.9941864450945448,0.2193931022920578,LV,0.0,0
23,uc605804.1,uc605804,1,0.9957031102460259,0.2193931022920578,LV,0.0,0
23,uc605806.1,uc605806,1,0.9931636491162894,0.2193931022920578,LV,0.0,0
23,uc607384.1,uc607384,1,0.9913947051511968,0.2193931022920578,LV,0.0,0
23,uc607387.1,uc607387,1,0.9936544300358983,0.2193931022920578,LV,0.0,0
23,uc609682.1,uc609682,1,0.9886669412802824,0.2193931022920578,LV,0.0,0
23,uc624033.1,uc624033,1,0.9986638783042402,0.2193931022920578,LV,0.0,0
23,uc625156.1,uc625156,1,0.9942150190414863,0.2193931022920578,LV,0.0,0
23,uc625624.1,uc625624,1,0.9889071423448322,0.2193931022920578,LV,0.0,0
23,uc625625.1,uc625625,1,0.9969033124801071,0.2193931022920578,LV,0.0,0
23,uc607366.1,uc607366,1,0.9834557708868185,0.2193931022920578,LV,0.0,0
23,uc607367.1,uc607367,1,0.995416545953861,0.2193931022920578,LV,0.0,0
23,uc606114.1,uc606114,1,0.9932957137916794,0.2193931022920578,LV,0.0,0
23,uc606117.1,uc606117,1,0.9933029546231019,0.2193931022920578,LV,0.0,0
23,uc606120.1,uc606120,1,0.9928935767148037,0.2193931022920578,LV,0.0,0
23,uc623015.1,uc623015,1,0.9819997794432586,0.2193931022920578,LV,0.0,0
23,uc623432.1,uc623432,1,0.9918370850046314,0.2193931022920578,LV,0.0,0
23,uc624028.1,uc624028,1,0.9929509222176071,0.2193931022920578,LV,0.0,0
23,uc605873.1,uc605873,1,0.9944890852440779,0.2193931022920578,LV,0.0,0
23,uc623007.1,uc623007,1,0.9940317606379904,0.2193931022920578,LV,0.0,0
23,uc606147.1,uc606147,1,0.9936366394811434,0.2193931022920578,LV,0.0,0
23,uc606148.1,uc606148,1,0.9990275769145873,0.2193931022920578,LV,0.0,0
23,uc606150.1,uc606150,1,0.9972942902905036,0.2193931022920578,LV,0.0,0
23,uc606109.1,uc606109,1,0.9918493796455568,0.2193931022920578,LV,0.0,0
23,uc606110.1,uc606110,1,0.991210305926018,0.2193931022920578,LV,0.0,0
23,uc606111.1,uc606111,1,0.9932183138327094,0.2193931022920578,LV,0.0,0
23,uc622777.1,uc622777,1,1.0000990711157183,0.2193931022920578,LV,0.0,0
23,uc623004.1,uc623004,1,0.9877560165941507,0.2193931022920578,LV,0.0,0
23,uc606103.1,uc606103,1,0.9937378363941031,0.2193931022920578,LV,0.0,0
23,uc606139.1,uc606139,1,0.9950236087789255,0.2193931022920578,LV,0.0,0
23,uc606141.1,uc606141,1,0.9922682067333488,0.2193931022920578,LV,0.0,0
23,uc606143.1,uc606143,1,0.9956274650117859,0.2193931022920578,LV,0.0,0
23,uc605921.1,uc605921,1,0.9935388856884815,0.2193931022920578,LV,0.0,0
23,uc622713.1,uc622713,1,0.9934734085716047,0.2193931022920578,LV,0.0,0
23,uc622714.1,uc622714,1,0.9933651341313853,0.2193931022920578,LV,0.0,0
23,uc605993.1,uc605993,1,0.9947181165387246,0.2193931022920578,LV,0.0,0
23,uc606101.1,uc606101,1,0.9919670856803923,0.2193931022920578,LV,0.0,0
23,uc606102.1,uc606102,1,0.9907900837736942,0.2193931022920578,LV,0.0,0
23,uc622273.1,uc622273,1,0.9945479679231827,0.2193931022920578,LV,0.0,0
23,uc622703.1,uc622703,1,0.9776979118239583,0.2193931022920578,LV,0.0,0
23,uc605989.1,uc605989,1,0.9960844615949433,0.2193931022920578,LV,0.0,0
23,uc606130.1,uc606130,1,0.9958140680983507,0.2193931022920578,LV,0.0,0
23,uc606132.1,uc606132,1,0.991465641132117,0.2193931022920578,LV,0.0,0
23,uc605914.1,uc605914,1,1.0018978310032547,0.2193931022920578,LV,0.0,0
23,uc622257.1,uc622257,1,0.9961801742034455,0.2193931022920578,LV,0.0,0
23,uc605909.1,uc605909,1,0.9965510728263741,0.2193931022920578,LV,0.0,0
23,uc605910.1,uc605910,1,0.9930037817190612,0.2193931022920578,LV,0.0,0
23,uc605911.1,uc605911,1,0.9937128078879592,0.2193931022920578,LV,0.0,0
23,uc606128.1,uc606128,1,0.9949741988644614,0.2193931022920578,LV,0.0,0
23,uc605823.1,uc605823,1,0.9880789638941342,0.2193931022920578,LV,0.0,0
23,uc605824.1,uc605824,1,0.9934053839021131,0.2193931022920578,LV,0.0,0
23,uc605904.1,uc605904,1,0.9934981661474354,0.2193931022920578,LV,0.0,0
23,uc621999.1,uc621999,1,0.994908210435891,0.2193931022920578,LV,0.0,0
23,uc639553.1,uc639553,1,0.9917797145494818,0.2193931022920578,LV,0.0,0
23,uc1239552.1,uc1239552,1,0.9919152798579121,0.2193931022920578,LV,0.0,0
23,uc605817.1,uc605817,1,0.9938025338644442,0.2193931022920578,LV,0.0,0
23,uc605819.1,uc605819,1,0.9917658828832818,0.2193931022920578,LV,0.0,0
23,uc605820.1,uc605820,1,0.9916508779146836,0.2193931022920578,LV,0.0,0
23,uc605821.1,uc605821,1,0.9887876600025881,0.2193931022920578,LV,0.0,0
23,uc639280.1,uc639280,1,0.9917837607552883,0.2193931022920578,LV,0.0,0
23,uc605898.1,uc605898,1,0.9938795701560221,0.2193931022920578,LV,0.0,0
23,uc605901.1,uc605901,1,0.9961104366556249,0.2193931022920578,LV,0.0,0
23,uc605902.1,uc605902,1,0.9913910106934315,0.2193931022920578,LV,0.0,0
23,uc605985.1,uc605985,1,0.9898239556025037,0.2193931022920578,LV,0.0,0
23,uc606126.1,uc606126,1,0.9930059777683287,0.2193931022920578,LV,0.0,0
23,uc606127.1,uc606127,1,0.9918653476779281,0.2193931022920578,LV,0.0,0
23,uc605896.1,uc605896,1,0.9851487268759445,0.2193931022920578,LV,0.0,0
23,uc606121.1,uc606121,1,0.9913467416978544,0.2193931022920578,LV,0.0,0
23,uc606122.1,uc606122,1,0.9888372393482722,0.2193931022920578,LV,0.0,0
23,uc606123.1,uc606123,1,0.9915885027193304,0.2193931022920578,LV,0.0,0
23,uc606124.1,uc606124,1,0.996176911408954,0.2193931022920578,LV,0.0,0
23,uc605825.1,uc605825,1,0.9907576463553615,0.2193931022920578,LV,0.0,0
23,uc623427.1,uc623427,1,0.9915885156519673,0.2193931022920578,LV,0.0,0
23,uc609687.1,uc609687,1,0.9974235574670176,0.2193931022920578,LV,0.0,0
23,uc639277.1,uc639277,1,0.9889071423510852,0.2193931022920578,LV,0.0,0
23,uc1139390.1,uc1139390,1,0.9918788302494526,0.2193931022920578,LV,0.0,0
23,uc605863.1,uc605863,1,0.9885285504623353,0.2193931022920578,LV,0.0,0
23,uc605865.1,uc605865,1,0.9888119362102503,0.2193931022920578,LV,0.0,0
23,uc1138614.1,uc1138614,1,0.9910050238397378,0.2193931022920578,LV,0.0,0
23,uc605855.1,uc605855,1,0.9900977650272502,0.2193931022920578,LV,0.0,0
23,uc605828.1,uc605828,1,0.9878439208153983,0.2193931022920578,LV,0.0,0
23,uc605829.1,uc605829,1,0.9925038485957901,0.2193931022920578,LV,0.0,0
23,uc605834.1,uc605834,1,0.9851071706518535,0.2193931022920578,LV,0.0,0
23,uc605835.1,uc605835,1,0.9851748196903195,0.2193931022920578,LV,0.0,0
23,uc605827.1,uc605827,1,0.9877852080091033,0.2193931022920578,LV,0.0,0
23,uc627337.1,uc627337,1,0.9928896318306218,0.2193931022920578,LV,0.0,0
23,uc637912.1,uc637912,1,0.9925800821693871,0.2193931022920578,LV,0.0,0
23,uc637576.1,uc637576,1,0.9914859786963841,0.2193931022920578,LV,0.0,0
23,uc637356.1,uc637356,1,0.994381885271607,0.2193931022920578,LV,0.0,0
23,uc637918.1,uc637918,1,0.9911330887592036,0.2193931022920578,LV,0.0,0
23,uc637360.1,uc637360,1,0.9915395480164262,0.2193931022920578,LV,0.0,0
23,uc637399.1,uc637399,1,0.9828436262251357,0.2193931022920578,LV,0.0,0
23,uc637397.1,uc637397,1,0.9883785831455505,0.2193931022920578,LV,0.0,0
23,uc1137150.1,uc1137150,1,0.9924664180311868,0.2193931022920578,LV,0.0,0
23,uc1636598.1,uc1636598,1,0.0,0.1270170592217177,LV,0.95,1
23,uc636933.1,uc636933,1,0.9947958938947109,0.2193931022920578,LV,0.0,0
23,uc635963.1,uc635963,1,0.992988419721584,0.2193931022920578,LV,0.0,0
23,uc635543.1,uc635543,1,0.9918564192976829,0.2193931022920578,LV,0.0,0
23,uc635966.1,uc635966,1,0.9918485207917355,0.2193931022920578,LV,0.0,0
23,uc635550.1,uc635550,1,0.9936015193412832,0.2193931022920578,LV,0.0,0
23,uc635862.1,uc635862,1,0.9904465452794673,0.2193931022920578,LV,0.0,0
23,uc1635694.1,uc1635694,1,1.001541671009181,0.2193931022920578,LV,0.0,0
23,uc3435739.1,uc3435739,1,0.9906329892418899,0.2193931022920578,LV,0.0,0
23,uc1635060.1,uc1635060,1,0.99622461581042,0.2193931022920578,LV,0.0,0
23,uc1607271.1,uc1607271,1,0.9973991649329752,0.2193931022920578,LV,0.0,0
23,uc605884.1,uc605884,1,0.9941794260780266,0.2193931022920578,LV,0.0,0
23,uc1609690.1,uc1609690,1,0.9988247656933815,0.2193931022920578,LV,0.0,0
23,uc1134165.1,uc1134165,1,0.9868202811230913,0.2193931022920578,LV,0.0,0
23,uc634166.1,uc634166,1,0.9957459594349911,0.2193931022920578,LV,0.0,0
23,uc1633896.1,uc1633896,1,0.9973022735403595,0.2193931022920578,LV,0.0,0
23,uc3433894.1,uc3433894,1,0.9925504785929872,0.2193931022920578,LV,0.0,0
23,uc1633892.1,uc1633892,1,0.9985653155336841,0.2193931022920578,LV,0.0,0
23,uc633672.1,uc633672,1,0.9974547196261417,0.2193931022920578,LV,0.0,0
23,uc1633671.1,uc1633671,1,0.990801134250819,0.2193931022920578,LV,0.0,0
23,uc1632306.1,uc1632306,1,0.9970520294157338,0.2193931022920578,LV,0.0,0
23,uc632607.1,uc632607,1,0.9734181995545007,0.2193931022920578,LV,0.0,0
23,uc632613.1,uc632613,1,0.9922746726291314,0.2193931022920578,LV,0.0,0
23,uc3432407.1,uc3432407,1,0.9914548663368649,0.2193931022920578,LV,0.0,0
23,uc1632402.1,uc1632402,1,0.9884602851769639,0.2193931022920578,LV,0.0,0
23,uc1132019.1,uc1132019,1,0.9910063402000243,0.2193931022920578,LV,0.0,0
23,uc632016.1,uc632016,1,0.9953897220988978,0.2193931022920578,LV,0.0,0
23,uc1132015.1,uc1132015,1,0.9885254287494172,0.2193931022920578,LV,0.0,0
23,uc1132012.1,uc1132012,1,0.9941351299655726,0.2193931022920578,LV,0.0,0
23,uc631859.1,uc631859,1,0.9952848187741515,0.2193931022920578,LV,0.0,0
23,uc1631852.1,uc1631852,1,0.9946306947247697,0.2193931022920578,LV,0.0,0
23,uc1130761.1,uc1130761,1,0.9851197213345102,0.2193931022920578,LV,0.0,0
23,uc1630759.1,uc1630759,1,0.9875873918358496,0.2193931022920578,LV,0.0,0
23,uc630758.1,uc630758,1,0.9916981277200231,0.2193931022920578,LV,0.0,0
23,uc629428.1,uc629428,1,0.9953265755673095,0.2193931022920578,LV,0.0,0
23,uc1629639.1,uc1629639,1,0.9992981076288203,0.2193931022920578,LV,0.0,0
23,uc1229546.1,uc1229546,1,0.9912374860364769,0.2193931022920578,LV,0.0,0
23,uc628768.1,uc628768,1,0.9933166766362496,0.2193931022920578,LV,0.0,0
23,uc628757.1,uc628757,1,0.9984597460993618,0.2193931022920578,LV,0.0,0
23,uc628766.1,uc628766,1,0.9958243615880908,0.2193931022920578,LV,0.0,0
23,uc628753.1,uc628753,1,0.9994748048583654,0.2193931022920578,LV,0.0,0
23,uc627346.1,uc627346,1,0.9959685154993391,0.2193931022920578,LV,0.0,0
23,uc1628760.1,uc1628760,1,0.9993958815909523,0.2193931022920578,LV,0.0,0
23,uc1629422.1,uc1629422,1,0.9924972080168617,0.2193931022920578,LV,0.0,0
23,uc626699.1,uc626699,1,0.9969094916233576,0.2193931022920578,LV,0.0,0
23,60651.2,60651,2,0.9954730170950861,13.336791218280357,MV,0.0,0
23,60721.2,60721,2,0.9954368715040206,13.336791218280357,MV,0.0,0
23,164151.2,164151,2,0.9957769688489733,13.336791218280357,MV,0.0,0
23,302191.2,302191,2,0.9925616520236897,13.336791218280357,MV,0.0,0
23,320841.2,320841,2,0.9940808764697737,13.336791218280357,MV,0.0,0
23,337711.2,337711,2,0.9925942073545241,13.336791218280357,MV,0.0,0
23,358691.2,358691,2,0.9990138408170509,13.336791218280357,MV,0.0,0
23,et6_1177.2,et6_1177,2,0.9941441581768489,0.2193931022920578,LV,0.0,0
23,461501.2,461501,2,0.9956992663834252,13.336791218280357,MV,0.0,0
23,686891.2,686891,2,0.9948003727119124,13.336791218280357,MV,0.0,0
23,703601.2,703601,2,0.9958824864693954,13.336791218280357,MV,0.0,0
23,713791.2,713791,2,0.994661150640705,13.336791218280357,MV,0.0,0
23,725731.2,725731,2,0.994283251779982,13.336791218280357,MV,0.0,0
23,809501.2,809501,2,0.9949858352763583,13.336791218280357,MV,0.0,0
23,811221.2,811221,2,0.9957958622286697,13.336791218280357,MV,0.0,0
23,815111.2,815111,2,0.9925578191611073,13.336791218280357,MV,0.0,0
23,822371.2,822371,2,0.9944143694272375,13.336791218280357,MV,0.0,0
23,820611.2,820611,2,0.9953027842010643,13.336791218280357,MV,0.0,0
23,822641.2,822641,2,0.9944833969008188,13.336791218280357,MV,0.0,0
23,618431.2,618431,2,0.9954732992051233,13.336791218280357,MV,0.0,0
23,bt10401.2,bt10401,2,0.9851363106974119,0.2193931022920578,LV,0.0,0
23,bt197792.2,bt197792,2,0.9847539831720049,0.2193931022920578,LV,0.0,0
23,bt800551.2,bt800551,2,0.9847539831937053,0.2193931022920578,LV,0.0,0
23,bt295341.2,bt295341,2,0.9840370436092655,0.2193931022920578,LV,0.0,0
23,bt800541.2,bt800541,2,0.9843896060115073,0.2193931022920578,LV,0.0,0
23,bt295361.2,bt295361,2,0.9834694459826911,0.2193931022920578,LV,0.0,0
23,bt474991.2,bt474991,2,0.9832999472466626,0.2193931022920578,LV,0.0,0
23,uc1627323.2,uc1627323,2,0.9841213308589856,0.2193931022920578,LV,0.0,0
23,uc3405987.2,uc3405987,2,0.9870007473791356,0.2193931022920578,LV,0.0,0
23,uc3405846.2,uc3405846,2,0.9892806322386097,0.2193931022920578,LV,0.0,0
23,uc3405847.2,uc3405847,2,0.9877141139398755,0.2193931022920578,LV,0.0,0
23,uc3405838.2,uc3405838,2,0.9859309208163198,0.2193931022920578,LV,0.0,0
23,uc1607326.2,uc1607326,2,0.9863325708147136,0.2193931022920578,LV,0.0,0
23,uc1607316.2,uc1607316,2,0.9839010163778752,0.2193931022920578,LV,0.0,0
23,uc1607308.2,uc1607308,2,0.9905668931298839,0.2193931022920578,LV,0.0,0
23,uc1623434.2,uc1623434,2,0.0,0.1270170592217177,LV,0.95,1
23,uc1620373.2,uc1620373,2,0.9912768774535672,0.2193931022920578,LV,0.0,0
23,uc1607302.2,uc1607302,2,0.9911027839540442,0.2193931022920578,LV,0.0,0
23,uc1607304.2,uc1607304,2,0.9909800338948672,0.2193931022920578,LV,0.0,0
23,uc1607306.2,uc1607306,2,0.9900202226465773,0.2193931022920578,LV,0.0,0
23,uc1607299.2,uc1607299,2,0.9915220867817766,0.2193931022920578,LV,0.0,0
23,uc1607297.2,uc1607297,2,0.9932756994653076,0.2193931022920578,LV,0.0,0
23,uc1607298.2,uc1607298,2,0.991698069826332,0.2193931022920578,LV,0.0,0
23,uc1607289.2,uc1607289,2,0.9950320710702556,0.2193931022920578,LV,0.0,0
23,uc1607291.2,uc1607291,2,0.9928348418198407,0.2193931022920578,LV,0.0,0
23,uc1607292.2,uc1607292,2,0.9923138797406096,0.2193931022920578,LV,0.0,0
23,uc1607280.2,uc1607280,2,0.9898721038104448,0.2193931022920578,LV,0.0,0
23,uc1607284.2,uc1607284,2,0.9900891887357522,0.2193931022920578,LV,0.0,0
23,uc1607285.2,uc1607285,2,0.9899804650364129,0.2193931022920578,LV,0.0,0
23,uc1607288.2,uc1607288,2,0.9902472582068629,0.2193931022920578,LV,0.0,0
23,uc1607279.2,uc1607279,2,0.990956851448535,0.2193931022920578,LV,0.0,0
23,uc1607355.2,uc1607355,2,0.9917685795704221,0.2193931022920578,LV,0.0,0
23,uc1607357.2,uc1607357,2,0.9944668661341597,0.2193931022920578,LV,0.0,0
23,uc1607358.2,uc1607358,2,0.9922785493695331,0.2193931022920578,LV,0.0,0
23,uc1607368.2,uc1607368,2,0.0,0.1270170592217177,LV,0.95,1
23,uc1607276.2,uc1607276,2,0.998101720082959,0.2193931022920578,LV,0.0,0
23,uc1607278.2,uc1607278,2,0.9989909435020397,0.2193931022920578,LV,0.0,0
23,uc1607273.2,uc1607273,2,0.9976081433224199,0.2193931022920578,LV,0.0,0
23,uc1607328.2,uc1607328,2,0.985862135697215,0.2193931022920578,LV,0.0,0
23,uc1607347.2,uc1607347,2,0.9902862257931925,0.2193931022920578,LV,0.0,0
23,uc1607350.2,uc1607350,2,0.9920639730378242,0.2193931022920578,LV,0.0,0
23,uc1107341.2,uc1107341,2,0.987075242307369,0.2193931022920578,LV,0.0,0
23,uc1107333.2,uc1107333,2,0.9887380253775999,0.2193931022920578,LV,0.0,0
23,uc1607268.2,uc1607268,2,0.9975496803340241,0.2193931022920578,LV,0.0,0
23,uc1607252.2,uc1607252,2,0.9888476954046811,0.2193931022920578,LV,0.0,0
23,uc1606000.2,uc1606000,2,0.9898514327208777,0.2193931022920578,LV,0.0,0
23,uc1607255.2,uc1607255,2,0.9912917635385766,0.2193931022920578,LV,0.0,0
23,uc1607258.2,uc1607258,2,0.9888563123238142,0.2193931022920578,LV,0.0,0
23,uc1124041.2,uc1124041,2,0.9895767854700799,0.2193931022920578,LV,0.0,0
23,uc1124340.2,uc1124340,2,0.9895822223485398,0.2193931022920578,LV,0.0,0
23,uc1121173.2,uc1121173,2,0.9888333698996015,0.2193931022920578,LV,0.0,0
23,uc1107345.2,uc1107345,2,0.9895615208350304,0.2193931022920578,LV,0.0,0
23,uc605816.2,uc605816,2,0.9869464928774048,0.2193931022920578,LV,0.0,0
23,uc605812.2,uc605812,2,0.9833368032593982,0.2193931022920578,LV,0.0,0
23,uc605813.2,uc605813,2,0.9939486077941578,0.2193931022920578,LV,0.0,0
23,uc609685.2,uc609685,2,0.9956980060988498,0.2193931022920578,LV,0.0,0
23,uc609688.2,uc609688,2,0.9904567789150538,0.2193931022920578,LV,0.0,0
23,uc621168.2,uc621168,2,0.991910931784713,0.2193931022920578,LV,0.0,0
23,uc621171.2,uc621171,2,0.9913074355872834,0.2193931022920578,LV,0.0,0
23,uc605810.2,uc605810,2,0.9944164473760457,0.2193931022920578,LV,0.0,0
23,uc605807.2,uc605807,2,0.9851143794733136,0.2193931022920578,LV,0.0,0
23,uc605801.2,uc605801,2,0.9899365871861173,0.2193931022920578,LV,0.0,0
23,uc607384.2,uc607384,2,0.9911391753939732,0.2193931022920578,LV,0.0,0
23,uc607385.2,uc607385,2,0.9876688084828327,0.2193931022920578,LV,0.0,0
23,uc609682.2,uc609682,2,0.9852465569825104,0.2193931022920578,LV,0.0,0
23,uc609683.2,uc609683,2,0.9942039853720085,0.2193931022920578,LV,0.0,0
23,uc607377.2,uc607377,2,0.9959870506069493,0.2193931022920578,LV,0.0,0
23,uc607382.2,uc607382,2,0.9930907319765689,0.2193931022920578,LV,0.0,0
23,uc606117.2,uc606117,2,0.9930405289119563,0.2193931022920578,LV,0.0,0
23,uc606120.2,uc606120,2,0.9926310816183479,0.2193931022920578,LV,0.0,0
23,uc623433.2,uc623433,2,0.9849018539402256,0.2193931022920578,LV,0.0,0
23,uc623007.2,uc623007,2,0.9938137094264405,0.2193931022920578,LV,0.0,0
23,uc606147.2,uc606147,2,0.9902075165949737,0.2193931022920578,LV,0.0,0
23,uc606148.2,uc606148,2,0.9992503707430611,0.2193931022920578,LV,0.0,0
23,uc606150.2,uc606150,2,0.9972106909832136,0.2193931022920578,LV,0.0,0
23,uc606109.2,uc606109,2,0.9915866950455035,0.2193931022920578,LV,0.0,0
23,uc606110.2,uc606110,2,0.9909476600264875,0.2193931022920578,LV,0.0,0
23,uc606111.2,uc606111,2,0.9929558623589555,0.2193931022920578,LV,0.0,0
23,uc622720.2,uc622720,2,0.9917847846483976,0.2193931022920578,LV,0.0,0
23,uc623004.2,uc623004,2,0.9863094905733215,0.2193931022920578,LV,0.0,0
23,uc606103.2,uc606103,2,0.9917976138517496,0.2193931022920578,LV,0.0,0
23,uc606139.2,uc606139,2,0.9902747033397261,0.2193931022920578,LV,0.0,0
23,uc606143.2,uc606143,2,0.9925742475536118,0.2193931022920578,LV,0.0,0
23,uc605921.2,uc605921,2,0.9926588989714796,0.2193931022920578,LV,0.0,0
23,uc605915.2,uc605915,2,0.9915121057368574,0.2193931022920578,LV,0.0,0
23,uc606101.2,uc606101,2,0.9930244510028859,0.2193931022920578,LV,0.0,0
23,uc622273.2,uc622273,2,0.99149393794074,0.2193931022920578,LV,0.0,0
23,uc605990.2,uc605990,2,0.9840369216275531,0.2193931022920578,LV,0.0,0
23,uc606130.2,uc606130,2,0.9943742791397837,0.2193931022920578,LV,0.0,0
23,uc606132.2,uc606132,2,0.9912148953749846,0.2193931022920578,LV,0.0,0
23,uc622258.2,uc622258,2,0.9946237500984517,0.2193931022920578,LV,0.0,0
23,uc622270.2,uc622270,2,0.9976230232530399,0.2193931022920578,LV,0.0,0
23,uc605905.2,uc605905,2,0.9906927467109772,0.2193931022920578,LV,0.0,0
23,uc605909.2,uc605909,2,0.9958755427076127,0.2193931022920578,LV,0.0,0
23,uc605910.2,uc605910,2,0.9927382249549783,0.2193931022920578,LV,0.0,0
23,uc605911.2,uc605911,2,0.9934474353267159,0.2193931022920578,LV,0.0,0
23,uc606128.2,uc606128,2,0.9933162246600078,0.2193931022920578,LV,0.0,0
23,uc605904.2,uc605904,2,0.9907701289635417,0.2193931022920578,LV,0.0,0
23,uc1239552.2,uc1239552,2,0.9916657245708572,0.2193931022920578,LV,0.0,0
23,uc605817.2,uc605817,2,0.9931184826847786,0.2193931022920578,LV,0.0,0
23,uc605819.2,uc605819,2,0.9905877860776978,0.2193931022920578,LV,0.0,0
23,uc605820.2,uc605820,2,0.9858693918096082,0.2193931022920578,LV,0.0,0
23,uc605821.2,uc605821,2,0.9876483421141109,0.2193931022920578,LV,0.0,0
23,uc605822.2,uc605822,2,0.9857322086351391,0.2193931022920578,LV,0.0,0
23,uc639280.2,uc639280,2,0.9915785352941409,0.2193931022920578,LV,0.0,0
23,uc605898.2,uc605898,2,0.9948078193820973,0.2193931022920578,LV,0.0,0
23,uc605902.2,uc605902,2,0.9911359741082225,0.2193931022920578,LV,0.0,0
23,uc605982.2,uc605982,2,0.9850056717129028,0.2193931022920578,LV,0.0,0
23,uc605988.2,uc605988,2,0.9833894937021496,0.2193931022920578,LV,0.0,0
23,uc606126.2,uc606126,2,0.992758025947792,0.2193931022920578,LV,0.0,0
23,uc606127.2,uc606127,2,0.9916171044385615,0.2193931022920578,LV,0.0,0
23,uc605896.2,uc605896,2,0.9856729915021198,0.2193931022920578,LV,0.0,0
23,uc606121.2,uc606121,2,0.9910832357604361,0.2193931022920578,LV,0.0,0
23,uc606122.2,uc606122,2,0.9885727968446406,0.2193931022920578,LV,0.0,0
23,uc606123.2,uc606123,2,0.9913374485260215,0.2193931022920578,LV,0.0,0
23,uc622709.2,uc622709,2,0.9920013474547862,0.2193931022920578,LV,0.0,0
23,uc639277.2,uc639277,2,0.9877677678603489,0.2193931022920578,LV,0.0,0
23,uc1139390.2,uc1139390,2,0.9916292841312035,0.2193931022920578,LV,0.0,0
23,uc605864.2,uc605864,2,0.987720867351163,0.2193931022920578,LV,0.0,0
23,uc605865.2,uc605865,2,0.9873692729363536,0.2193931022920578,LV,0.0,0
23,uc638617.2,uc638617,2,0.9869896664956342,0.2193931022920578,LV,0.0,0
23,uc605855.2,uc605855,2,0.9866782300163363,0.2193931022920578,LV,0.0,0
23,uc1638606.2,uc1638606,2,0.9957831177918682,0.2193931022920578,LV,0.0,0
23,uc1638954.2,uc1638954,2,0.9973225660801021,0.2193931022920578,LV,0.0,0
23,uc605836.2,uc605836,2,0.9761567992998491,0.2193931022920578,LV,0.0,0
23,uc1607303.2,uc1607303,2,0.9919033291454258,0.2193931022920578,LV,0.0,0
23,uc637705.2,uc637705,2,0.9887789892055029,0.2193931022920578,LV,0.0,0
23,uc1637704.2,uc1637704,2,1.0021051414153161,0.2193931022920578,LV,0.0,0
23,uc637576.2,uc637576,2,0.991234936986997,0.2193931022920578,LV,0.0,0
23,uc637918.2,uc637918,2,0.9909279180024929,0.2193931022920578,LV,0.0,0
23,uc637360.2,uc637360,2,0.9912767708310838,0.2193931022920578,LV,0.0,0
23,uc637397.2,uc637397,2,0.9880772288805799,0.2193931022920578,LV,0.0,0
23,uc636933.2,uc636933,2,0.9900459760785467,0.2193931022920578,LV,0.0,0
23,uc605908.2,uc605908,2,0.9966207107155043,0.2193931022920578,LV,0.0,0
23,uc635963.2,uc635963,2,0.9927259481692293,0.2193931022920578,LV,0.0,0
23,uc635543.2,uc635543,2,0.9915936954286069,0.2193931022920578,LV,0.0,0
23,uc635966.2,uc635966,2,0.9915857978620868,0.2193931022920578,LV,0.0,0
23,uc627328.2,uc627328,2,0.9831116060253088,0.2193931022920578,LV,0.0,0
23,uc635550.2,uc635550,2,0.9933546937117673,0.2193931022920578,LV,0.0,0
23,uc635862.2,uc635862,2,0.9901462742956839,0.2193931022920578,LV,0.0,0
23,uc3435739.2,uc3435739,2,0.9868268423295599,0.2193931022920578,LV,0.0,0
23,uc634166.2,uc634166,2,0.9945362021901353,0.2193931022920578,LV,0.0,0
23,uc1633671.2,uc1633671,2,0.9933608400875407,0.2193931022920578,LV,0.0,0
23,uc633056.2,uc633056,2,0.9940906092956039,0.2193931022920578,LV,0.0,0
23,uc632607.2,uc632607,2,0.973108811712621,0.2193931022920578,LV,0.0,0
23,uc1632402.2,uc1632402,2,0.9904986635247041,0.2193931022920578,LV,0.0,0
23,uc1131858.2,uc1131858,2,0.9871742049965522,0.2193931022920578,LV,0.0,0
23,uc631391.2,uc631391,2,0.9785307727002441,0.2193931022920578,LV,0.0,0
23,uc1630759.2,uc1630759,2,0.9895779007902125,0.2193931022920578,LV,0.0,0
23,uc630758.2,uc630758,2,0.9868932466746869,0.2193931022920578,LV,0.0,0
23,uc630753.2,uc630753,2,0.9875397498610905,0.2193931022920578,LV,0.0,0
23,uc628766.2,uc628766,2,0.994384586273212,0.2193931022920578,LV,0.0,0
23,uc627346.2,uc627346,2,0.9952756047215708,0.2193931022920578,LV,0.0,0
23,uc1629422.2,uc1629422,2,0.9905213953617021,0.2193931022920578,LV,0.0,0
23,60651.3,60651,3,0.9954534416719154,13.336791218280357,MV,0.0,0
23,60721.3,60721,3,0.9954172946406334,13.336791218280357,MV,0.0,0
23,164151.3,164151,3,0.9957574174054387,13.336791218280357,MV,0.0,0
23,302191.3,302191,3,0.9925190694379585,13.336791218280357,MV,0.0,0
23,320841.3,320841,3,0.9940394355420987,13.336791218280357,MV,0.0,0
23,337711.3,337711,3,0.9925516303743588,13.336791218280357,MV,0.0,0
23,358691.3,358691,3,0.9989325027209954,13.336791218280357,MV,0.0,0
23,et6_1177.3,et6_1177,3,0.9932083820934147,0.2193931022920578,LV,0.0,0
23,461501.3,461501,3,0.9956470448105238,13.336791218280357,MV,0.0,0
23,686891.3,686891,3,0.9947642314898725,13.336791218280357,MV,0.0,0
23,703601.3,703601,3,0.9958636828103475,13.336791218280357,MV,0.0,0
23,713791.3,713791,3,0.9946204368143907,13.336791218280357,MV,0.0,0
23,725731.3,725731,3,0.99424179900651,13.336791218280357,MV,0.0,0
23,809501.3,809501,3,0.9949518115094261,13.336791218280357,MV,0.0,0
23,811221.3,811221,3,0.9957764362078392,13.336791218280357,MV,0.0,0
23,815111.3,815111,3,0.9925152358858326,13.336791218280357,MV,0.0,0
23,822371.3,822371,3,0.9943729603137124,13.336791218280357,MV,0.0,0
23,820611.3,820611,3,0.9952782197278883,13.336791218280357,MV,0.0,0
23,822641.3,822641,3,0.9944380025260235,13.336791218280357,MV,0.0,0
23,618431.3,618431,3,0.9954537237995256,13.336791218280357,MV,0.0,0
23,bt10401.3,bt10401,3,0.9896662322838459,0.2193931022920578,LV,0.0,0
23,bt197792.3,bt197792,3,0.9892610345534376,0.2193931022920578,LV,0.0,0
23,bt800551.3,bt800551,3,0.9893315282754631,0.2193931022920578,LV,0.0,0
23,bt295341.3,bt295341,3,0.9891646141912402,0.2193931022920578,LV,0.0,0
23,bt800541.3,bt800541,3,0.98920496797922,0.2193931022920578,LV,0.0,0
23,bt295361.3,bt295361,3,0.9891646148716916,0.2193931022920578,LV,0.0,0
23,bt474991.3,bt474991,3,0.9891646153371426,0.2193931022920578,LV,0.0,0
23,uc627336.3,uc627336,3,0.9938250907029523,0.2193931022920578,LV,0.0,0
23,uc1620373.3,uc1620373,3,0.9923417671512705,0.2193931022920578,LV,0.0,0
23,uc1607302.3,uc1607302,3,0.9921302428996106,0.2193931022920578,LV,0.0,0
23,uc1607304.3,uc1607304,3,0.9920432343907905,0.2193931022920578,LV,0.0,0
23,uc1607298.3,uc1607298,3,0.9930468477127578,0.2193931022920578,LV,0.0,0
23,uc1607280.3,uc1607280,3,0.9907804437639194,0.2193931022920578,LV,0.0,0
23,uc1607285.3,uc1607285,3,0.9918848243045041,0.2193931022920578,LV,0.0,0
23,uc1607279.3,uc1607279,3,0.991865702979319,0.2193931022920578,LV,0.0,0
23,uc1607347.3,uc1607347,3,0.9913506031094519,0.2193931022920578,LV,0.0,0
23,uc1124340.3,uc1124340,3,0.9917086734969469,0.2193931022920578,LV,0.0,0
23,uc605816.3,uc605816,3,0.9882012531990138,0.2193931022920578,LV,0.0,0
23,uc605815.3,uc605815,3,0.9898388887054729,0.2193931022920578,LV,0.0,0
23,uc621171.3,uc621171,3,0.9919347061007046,0.2193931022920578,LV,0.0,0
23,uc607384.3,uc607384,3,0.9917699212944333,0.2193931022920578,LV,0.0,0
23,uc606117.3,uc606117,3,0.9936685745209992,0.2193931022920578,LV,0.0,0
23,uc606120.3,uc606120,3,0.9932589542063012,0.2193931022920578,LV,0.0,0
23,uc623007.3,uc623007,3,0.9928778367383644,0.2193931022920578,LV,0.0,0
23,uc605867.3,uc605867,3,0.9898122340974683,0.2193931022920578,LV,0.0,0
23,uc606150.3,uc606150,3,0.9973617820268582,0.2193931022920578,LV,0.0,0
23,uc606109.3,uc606109,3,0.9922140967465508,0.2193931022920578,LV,0.0,0
23,uc606110.3,uc606110,3,0.9915748413501922,0.2193931022920578,LV,0.0,0
23,uc606111.3,uc606111,3,0.9935838659029005,0.2193931022920578,LV,0.0,0
23,uc622722.3,uc622722,3,0.9902612769193689,0.2193931022920578,LV,0.0,0
23,uc623004.3,uc623004,3,0.9891930397011841,0.2193931022920578,LV,0.0,0
23,uc606101.3,uc606101,3,0.9936424750017191,0.2193931022920578,LV,0.0,0
23,uc606132.3,uc606132,3,0.9918503580192876,0.2193931022920578,LV,0.0,0
23,uc605910.3,uc605910,3,0.9933618412497451,0.2193931022920578,LV,0.0,0
23,uc605911.3,uc605911,3,0.9940713901712201,0.2193931022920578,LV,0.0,0
23,uc605904.3,uc605904,3,0.9938289463492118,0.2193931022920578,LV,0.0,0
23,uc1239552.3,uc1239552,3,0.9927309235693622,0.2193931022920578,LV,0.0,0
23,uc605821.3,uc605821,3,0.9906001063593771,0.2193931022920578,LV,0.0,0
23,uc639280.3,uc639280,3,0.9923510595953622,0.2193931022920578,LV,0.0,0
23,uc605898.3,uc605898,3,0.994012052408249,0.2193931022920578,LV,0.0,0
23,uc605902.3,uc605902,3,0.991700591849543,0.2193931022920578,LV,0.0,0
23,uc606126.3,uc606126,3,0.9933944828886528,0.2193931022920578,LV,0.0,0
23,uc606127.3,uc606127,3,0.9922530161860086,0.2193931022920578,LV,0.0,0
23,uc606121.3,uc606121,3,0.9917096904458885,0.2193931022920578,LV,0.0,0
23,uc606122.3,uc606122,3,0.9891975461135714,0.2193931022920578,LV,0.0,0
23,uc639277.3,uc639277,3,0.9907196371996452,0.2193931022920578,LV,0.0,0
23,uc1139390.3,uc1139390,3,0.9926944439861853,0.2193931022920578,LV,0.0,0
23,uc637576.3,uc637576,3,0.9918689352956919,0.2193931022920578,LV,0.0,0
23,uc637918.3,uc637918,3,0.9917001892132513,0.2193931022920578,LV,0.0,0
23,uc637360.3,uc637360,3,0.9919038998894085,0.2193931022920578,LV,0.0,0
23,uc637397.3,uc637397,3,0.9893280766201877,0.2193931022920578,LV,0.0,0
23,uc635963.3,uc635963,3,0.9933538678873669,0.2193931022920578,LV,0.0,0
23,uc635543.3,uc635543,3,0.9922210841771721,0.2193931022920578,LV,0.0,0
23,uc635966.3,uc635966,3,0.9922131840912083,0.2193931022920578,LV,0.0,0
23,uc635550.3,uc635550,3,0.9939922742641908,0.2193931022920578,LV,0.0,0
23,uc635862.3,uc635862,3,0.9899839827752615,0.2193931022920578,LV,0.0,0
23,uc1633671.3,uc1633671,3,0.993459399082399,0.2193931022920578,LV,0.0,0
23,uc632607.3,uc632607,3,0.974354325098504,0.2193931022920578,LV,0.0,0
23,uc1629422.3,uc1629422,3,0.993369543562998,0.2193931022920578,LV,0.0,0
