hour,transformer,apparentPowerKva,ratedKva,loadingPct,isOverloaded
0,trf_6_1030a,0.5762005858938184,10.0,5.762005858938184,0
0,trf_6_878a,0.11114353271402017,10.0,1.1114353271402018,0
0,trf_16_1585a,0.16812740399565987,15.0,1.1208493599710656,0
0,trf_16_3545a,0.04494302953121256,10.0,0.4494302953121256,0
0,trf_16_1143a,2.4783032989140357,30.0,8.261010996380119,0
0,trf_16_6460a,0.7939175047394008,25.0,3.1756700189576033,0
0,trf_6_725a,0.04953539984613251,10.0,0.49535399846132516,0
0,trf_6_3820a,0.7969433315147987,15.0,5.3129555434319915,0
0,trf_6_3538a,0.5345594386887577,10.0,5.345594386887576,0
0,trf_6_4910a,8.485453640270032,30.0,28.28484546756677,0
0,trf_6_1870a,0.2603530268309837,15.0,1.7356868455398915,0
0,trf_6_127a,1.0462278030740293,15.0,6.974852020493529,0
0,trf_6_1541a,0.7142935619638205,15.0,4.761957079758804,0
0,trf_6_1503a,0.30398626232461207,10.0,3.0398626232461208,0
0,trf_6_6272a,0.23777950405498255,15.0,1.5851966936998838,0
0,trf_6_128a,0.3921221833197593,15.0,2.614147888798395,0
0,trf_6_1260a,0.044539715052921945,10.0,0.44539715052921947,0
0,trf_6_1350a,0.7755405185841812,45.0,1.7234233746315137,0
0,trf_6_808a,0.6092781555861281,15.0,4.061854370574187,0
0,trf_6_1475a,0.8597477313961432,15.0,5.7316515426409556,0
0,trf_6_1138a,0.9692603535485369,10.0,9.69260353548537,0
0,trf_6_1146a,0.933468489011855,10.0,9.334684890118549,0
0,trf_16_2916a,0.5491407100687006,10.0,5.491407100687006,0
0,trf_16_1140a,0.04489291613644045,10.0,0.44892916136440447,0
0,trf_16_5474a,0.47718771980816777,10.0,4.771877198081677,0
0,trf_16_3548a,0.8880370807616141,10.0,8.880370807616142,0
0,trf_16_1141a,0.5797024094686242,15.0,3.864682729790828,0
0,trf_6_810a,0.9970927213316662,30.0,3.3236424044388873,0
0,trf_16_300a,0.4891187785919312,15.0,3.2607918572795414,0
0,trf_16_3130a,1.4037973204292418,30.0,4.679324401430806,0
0,trf_11_4955a,2.1429966966735154,15.0,14.286644644490103,0
0,trf_11_131a,0.927817182211073,10.0,9.27817182211073,0
0,trf_6_1048a,0.23230714081650786,15.0,1.5487142721100524,0
0,trf_6_129a,0.4443653350986537,10.0,4.443653350986537,0
0,trf_34_1018a,0.2643137398605218,5.0,5.286274797210437,0
0,trf_16_5730a,0.3795315799674648,25.0,1.5181263198698591,0
0,trf_16_1144a,0.6130468419031423,15.0,4.086978946020948,0
0,trf_6_6273a,1.4517533860082066,30.0,4.8391779533606885,0
0,trf_6_1238a,0.6206079659137288,15.0,4.1373864394248585,0
0,trf_6_731a,0.22477578709438403,15.0,1.4985052472958935,0
0,trf_6_732a,0.8746169505417402,30.0,2.9153898351391336,0
0,trf_16_6082a,0.4163781195411515,15.0,2.7758541302743436,0
0,trf_16_537a,0.22556079333912527,5.0,4.511215866782505,0
0,trf_16_3996a,1.6925772415784421,15.0,11.283848277189614,0
0,trf_16_1095a,0.4461922382273343,15.0,2.974614921515562,0
0,trf_6_730a,0.3104159673050232,15.0,2.069439782033488,0
0,trf_34_1649a,0.15025998252305195,5.0,3.005199650461039,0
0,trf_34_5029a,0.40204693377285644,10.0,4.0204693377285645,0
0,trf_34_1581a,0.6041786753775666,10.0,6.041786753775666,0
0,trf_11_132a,0.38192602000934023,10.0,3.819260200093402,0
0,trf_16_3221a,1.186977354577747,25.0,4.747909418310988,0
0,trf_16_504a,1.03724656690912,15.0,6.914977112727467,0
0,trf_6_735a,0.1867158941031903,10.0,1.867158941031903,0
0,trf_6_4489a,2.3656986504237607,25.0,9.462794601695043,0
0,trf_6_729a,1.0416612195498436,15.0,6.944408130332291,0
0,trf_16_299a,1.4751754388728706,45.0,3.2781676419397123,0
0,trf_16_1301a,0.4553403137190681,10.0,4.5534031371906805,0
0,trf_16_2139a,1.6211538684579596,25.0,6.4846154738318385,0
0,trf_16_6081a,0.18290754954020247,10.0,1.8290754954020247,0
0,trf_6_1019a,1.978421651477865,25.0,7.91368660591146,0
0,trf_11_2597a,0.4512835382783449,10.0,4.512835382783448,0
0,trf_11_130a,0.3912757852669187,15.0,2.6085052351127915,0
0,trf_6_4704a,1.252971280448379,10.0,12.52971280448379,0
0,trf_6_733a,0.050351789604452635,10.0,0.5035178960445263,0
0,trf_11_305a,0.966940573027942,75.0,1.2892540973705895,0
0,trf_16_539a,0.0495232379707351,10.0,0.495232379707351,0
0,trf_6_1151a,0.6739308388423463,30.0,2.2464361294744877,0
0,trf_6_4764a,0.2679617068595211,75.0,0.3572822758126948,0
0,trf_6_4765a,0.44658388540715294,150.0,0.2977225902714353,0
0,trf_16_538a,0.5106034770007941,30.0,1.7020115900026471,0
0,trf_11_133a,0.04935519005941908,10.0,0.49355190059419085,0
0,trf_6_723a,0.6132203616161193,15.0,4.088135744107462,0
0,trf_6_722a,0.20150694772326166,15.0,1.343379651488411,0
0,trf_6_726a,0.07924190450912148,15.0,0.5282793633941432,0
0,trf_6_737a,0.5785715976685148,15.0,3.857143984456765,0
0,trf_6_728a,1.0655153873532448,30.0,3.5517179578441493,0
0,trf_6_125a,0.04925139533310293,10.0,0.4925139533310293,0
0,trf_6_3011a,0.23428747517448054,10.0,2.342874751744805,0
0,trf_6_3819a,1.3418930272985106,30.0,4.472976757661701,0
0,trf_6_1344a,0.15997547144039065,10.0,1.5997547144039064,0
0,trf_6_122a,0.08839484285761504,10.0,0.8839484285761504,0
0,trf_6_1212a,0.5000934388908682,25.0,2.000373755563473,0
0,trf_6_1213a,0.18294670250553888,10.0,1.8294670250553888,0
0,trf_6_1139a,1.0511196930060738,15.0,7.0074646200404915,0
0,trf_6_1145a,0.334101425782602,10.0,3.34101425782602,0
0,trf_16_302a,0.12943220134566702,10.0,1.2943220134566702,0
0,trf_16_301a,0.45771591469986994,25.0,1.8308636587994798,0
0,trf_6_124a,1.7297117797092725,45.0,3.8438039549094944,0
0,trf_16_6318a,1.234603590582017,45.0,2.7435635346267047,0
0,trf_16_303a,0.5260233299511845,15.0,3.5068221996745637,0
0,trf_6_1256a,0.19008089311898294,10.0,1.9008089311898293,0
0,trf_6_2090a,0.7057299264326363,15.0,4.704866176217576,0
0,trf_6_1445a,0.3270427738466508,10.0,3.270427738466508,0
0,trf_6_4766a,0.36738936307471104,112.5,0.3265683227330765,0
0,trf_16_3549a,0.0,0.0,0.0,0
0,trf_11_4675a,0.44442736657155896,150.0,0.296284911047706,0
0,trf_16_4173a,0.2287542224274385,10.0,2.287542224274385,0
0,trf_6_4662a,0.7278578298296297,300.0,0.24261927660987656,0
0,trf_6_2860a,0.49074873469952074,10.0,4.907487346995207,0
0,trf_6_1178a,0.39957389148197986,15.0,2.6638259432131988,0
0,trf_6_4249a,0.6408337803882663,25.0,2.5633351215530653,0
0,trf_6_2887a,0.3611319476499827,10.0,3.611319476499827,0
0,trf_6_2064a,0.15394665517219497,5.0,3.0789331034438994,0
0,trf_6_4161a,0.15327524613481178,10.0,1.5327524613481178,0
0,trf_6_1960a,0.29778568338738254,10.0,2.977856833873825,0
0,trf_6_6394a,0.5604620679244687,25.0,2.241848271697875,0
0,trf_6_3613a,0.1401180503308513,10.0,1.4011805033085132,0
0,trf_6_738a,0.03473702842985251,5.0,0.6947405685970502,0
0,trf_16_2195a,1.8196606802947166,15.0,12.131071201964778,0
0,trf_16_4674a,0.6172956154473982,225.0,0.2743536068655103,0
0,trf_6_2417a,0.36329136229303155,10.0,3.632913622930315,0
0,trf_16_4687a,0.26952439942597634,75.0,0.35936586590130176,0
0,trf_16_2428a,0.2039699756565442,5.0,4.079399513130884,0
0,trf_16_2658a,0.2140547258031106,15.0,1.4270315053540705,0
0,trf_6_1177a,2.5219635462696366,75.0,3.362618061692849,0
0,trf_6_4661a,0.44672860335384673,150.0,0.2978190689025645,0
0,trf_6_3019a,0.24257882193399005,10.0,2.4257882193399007,0
0,trf_6_3013a,0.5251878359031443,5.0,10.503756718062887,0
0,trf_16_3364a,0.33520658194774194,15.0,2.2347105463182797,0
0,trf_6_3563a,0.5578542639184151,10.0,5.5785426391841515,0
0,trf_16_3328a,0.21599625528445707,10.0,2.1599625528445707,0
0,trf_6_3721a,0.02973783443765262,5.0,0.5947566887530524,0
0,trf_6_3434a,0.35422250566503344,5.0,7.084450113300669,0
0,trf_6_3010a,0.10528444061971824,10.0,1.0528444061971824,0
0,trf_6_3509a,0.9256045288928126,5.0,18.512090577856252,0
0,trf_16_6165a,0.0,0.0,0.0,0
0,trf_6_3142a,0.17063740608747732,10.0,1.7063740608747733,0
0,trf_16_3908a,0.0,0.0,0.0,0
0,trf_6_3604a,0.07621449557106322,10.0,0.7621449557106322,0
0,trf_6_3012a,0.13971885159290542,10.0,1.3971885159290542,0
0,trf_6_3507a,0.22462370203440074,10.0,2.246237020344007,0
0,trf_34_5142a,0.1499989742709679,10.0,1.4999897427096789,0
0,trf_6_3508a,0.04463973786089681,10.0,0.44639737860896817,0
0,trf_6_3634a,0.4591861619947739,10.0,4.591861619947739,0
0,trf_6_3224a,0.13401382911301893,5.0,2.6802765822603787,0
0,trf_16_3904a,0.3492154456227909,10.0,3.492154456227909,0
0,trf_11_3987a,0.38236148206712467,5.0,7.647229641342493,0
0,trf_16_3997a,0.5949099260211997,30.0,1.9830330867373325,0
0,trf_6_3817a,0.11834873370260944,5.0,2.3669746740521886,0
0,trf_6_3818a,0.4023128817924022,10.0,4.0231288179240225,0
0,trf_16_1142a,1.181383618872627,45.0,2.62529693082806,0
0,trf_34_5260a,0.3458843233908468,10.0,3.4588432339084676,0
0,trf_6_5725a,0.7286742563531801,300.0,0.24289141878439333,0
0,trf_6_5472a,0.4106272803023638,15.0,2.7375152020157585,0
0,trf_6_4925a,0.36745120052660746,112.5,0.3266232893569844,0
0,trf_6_3256a,1.5736817842512827,15.0,10.49121189500855,0
0,trf_6_4998a,0.36673362579720226,112.5,0.32598544515306865,0
0,trf_16_5055a,0.7963500841217301,10.0,7.963500841217301,0
0,trf_6_724a,0.575487767461662,30.0,1.91829255820554,0
0,trf_11_4785a,0.20392168403040137,10.0,2.0392168403040136,0
0,trf_16_5003a,0.0741193055949749,15.0,0.4941287039664993,0
0,trf_6_5157a,0.7280947838526635,300.0,0.24269826128422115,0
0,trf_6_5085a,1.0033570799105858,30.0,3.3445235997019522,0
0,trf_6_5595a,0.6732056603312992,30.0,2.2440188677709973,0
0,trf_11_5652a,0.05929500767447794,15.0,0.3953000511631863,0
0,trf_16_5666a,0.10037895448693693,10.0,1.0037895448693692,0
0,trf_6_5711a,0.5114186002403099,30.0,1.7047286674676998,0
0,trf_6_5712a,1.14425083641968,30.0,3.8141694547322667,0
0,trf_6_5659a,0.3066584533291758,30.0,1.022194844430586,0
0,trf_6_1262a,0.37713399796629854,10.0,3.771339979662985,0
0,trf_16_6019a,0.05547626085514018,10.0,0.5547626085514018,0
0,trf_16_6122a,0.04496639818860278,10.0,0.44966398188602774,0
0,trf_6_6158a,2.2209492045089068,45.0,4.935442676686459,0
0,trf_6_6197a,3.346903087139083,75.0,4.462537449518777,0
0,trf_6_6153a,4.426003619889669,30.0,14.753345399632229,0
0,trf_6_1504a,0.4117627242729785,30.0,1.3725424142432618,0
0,trf_6_6249a,1.528563538843971,30.0,5.09521179614657,0
0,trf_16_6312a,0.3766241643799077,30.0,1.255413881266359,0
0,trf_6_6386a,0.4462566004496161,150.0,0.29750440029974407,0
0,trf_6_4627a,0.36740035296455636,112.5,0.3265780915240501,0
0,trf_11_6443a,0.44442510580297206,150.0,0.29628340386864804,0
0,trf_12_6577a,0.13827856729317822,30.0,0.46092855764392743,0
0,trf_12_6578a,0.1827274923014246,45.0,0.40606109400316576,0
0,trf_11_6482a,0.1827140683814944,45.0,0.40603126306998755,0
0,trf_6_1647a,0.22326061849314668,10.0,2.232606184931467,0
0,trf_6_6496a,0.3665930709828618,112.5,0.32586050754032164,0
0,trf_6_727a,1.3507912197224279,30.0,4.502637399074759,0
1,trf_6_1030a,0.5543424565803414,10.0,5.543424565803415,0
1,trf_6_878a,0.10836635039313255,10.0,1.0836635039313256,0
1,trf_16_1585a,0.1644210071030731,15.0,1.0961400473538208,0
1,trf_16_3545a,0.04494572223110593,10.0,0.4494572223110593,0
1,trf_16_1143a,2.380916303427629,30.0,7.936387678092095,0
1,trf_16_6460a,0.7640870183430537,25.0,3.056348073372215,0
1,trf_6_725a,0.0495580510605611,10.0,0.4955805106056109,0
1,trf_6_3820a,0.7664387071690437,15.0,5.109591381126958,0
1,trf_6_3538a,0.514298216423534,10.0,5.14298216423534,0
1,trf_6_4910a,8.141477280646656,30.0,27.138257602155523,0
1,trf_6_1870a,0.2519830479121351,15.0,1.6798869860809007,0
1,trf_6_127a,1.0054942198809769,15.0,6.703294799206513,0
1,trf_6_1541a,0.6879727685978383,15.0,4.586485123985589,0
1,trf_6_1503a,0.2931805297547061,10.0,2.931805297547061,0
1,trf_6_6272a,0.23035330969561146,15.0,1.5356887313040766,0
1,trf_6_128a,0.3783261908383694,15.0,2.522174605589129,0
1,trf_6_1260a,0.04456194351946908,10.0,0.4456194351946908,0
1,trf_6_1350a,0.7508054983817737,45.0,1.6684566630706081,0
1,trf_6_808a,0.5872285548811887,15.0,3.914857032541258,0
1,trf_6_1475a,0.823843044796852,15.0,5.4922869653123465,0
1,trf_6_1138a,0.9308953764842849,10.0,9.30895376484285,0
1,trf_6_1146a,0.896563503223736,10.0,8.96563503223736,0
1,trf_16_2916a,0.5281096710613988,10.0,5.281096710613989,0
1,trf_16_1140a,0.0448980347934753,10.0,0.448980347934753,0
1,trf_16_5474a,0.45914183554458904,10.0,4.5914183554458905,0
1,trf_16_3548a,0.8488853874501904,10.0,8.488853874501903,0
1,trf_16_1141a,0.5579622147267536,15.0,3.719748098178357,0
1,trf_6_810a,0.961369523103423,30.0,3.2045650770114102,0
1,trf_16_300a,0.4712902816745654,15.0,3.1419352111637693,0
1,trf_16_3130a,1.351310692110069,30.0,4.50436897370023,0
1,trf_11_4955a,2.0571427621795233,15.0,13.714285081196822,0
1,trf_11_131a,0.8915398421391677,10.0,8.915398421391677,0
1,trf_6_1048a,0.22590590226472715,15.0,1.5060393484315142,0
1,trf_6_129a,0.42783325024753793,10.0,4.278332502475379,0
1,trf_34_1018a,0.25458934939713557,5.0,5.091786987942712,0
1,trf_16_5730a,0.36700717337065586,25.0,1.4680286934826234,0
1,trf_16_1144a,0.5899657698391205,15.0,3.9331051322608035,0
1,trf_6_6273a,1.3972242252586047,30.0,4.6574140841953495,0
1,trf_6_1238a,0.5973131676549195,15.0,3.9820877843661298,0
1,trf_6_731a,0.21868619465904118,15.0,1.457907964393608,0
1,trf_6_732a,0.8439490896164904,30.0,2.8131636320549678,0
1,trf_16_6082a,0.4015369533285243,15.0,2.676913022190162,0
1,trf_16_537a,0.21761296269446812,5.0,4.352259253889363,0
1,trf_16_3996a,1.6250108630119655,15.0,10.833405753413103,0
1,trf_16_1095a,0.4301107997412012,15.0,2.867405331608008,0
1,trf_6_730a,0.30000865142261807,15.0,2.000057676150787,0
1,trf_34_1649a,0.14524289281574554,5.0,2.904857856314911,0
1,trf_34_5029a,0.3872225132704812,10.0,3.872225132704812,0
1,trf_34_1581a,0.58101797115437,10.0,5.8101797115437,0
1,trf_11_132a,0.3679448722238833,10.0,3.6794487222388326,0
1,trf_16_3221a,1.1410344996156736,25.0,4.564137998462694,0
1,trf_16_504a,0.9411807680848178,15.0,6.274538453898785,0
1,trf_6_735a,0.18098023229000912,10.0,1.8098023229000912,0
1,trf_6_4489a,2.2711465381989586,25.0,9.084586152795834,0
1,trf_6_729a,1.0017375220628537,15.0,6.678250147085691,0
1,trf_16_299a,1.4214696594656298,45.0,3.158821465479177,0
1,trf_16_1301a,0.43848445802974617,10.0,4.384844580297462,0
1,trf_16_2139a,1.5574033926720365,25.0,6.229613570688147,0
1,trf_16_6081a,0.17713432599052903,10.0,1.7713432599052905,0
1,trf_6_1019a,1.8999978403122668,25.0,7.599991361249067,0
1,trf_11_2597a,0.4344256353630464,10.0,4.344256353630464,0
1,trf_11_130a,0.3782873972871366,15.0,2.5219159819142445,0
1,trf_6_4704a,1.195968631852324,10.0,11.95968631852324,0
1,trf_6_733a,0.05013145818993544,10.0,0.5013145818993544,0
1,trf_11_305a,0.9372223030448075,75.0,1.2496297373930767,0
1,trf_16_539a,0.04954607537389021,10.0,0.49546075373890214,0
1,trf_6_1151a,0.6515662169459491,30.0,2.17188738981983,0
1,trf_6_4764a,0.26805932919677067,75.0,0.3574124389290275,0
1,trf_6_4765a,0.4467475768396169,150.0,0.29783171789307794,0
1,trf_16_538a,0.49506401431708547,30.0,1.6502133810569515,0
1,trf_11_133a,0.04938552753089189,10.0,0.4938552753089189,0
1,trf_6_723a,0.5910100053735418,15.0,3.9400667024902782,0
1,trf_6_722a,0.19639479058698917,15.0,1.3092986039132612,0
1,trf_6_726a,0.07927854469928013,15.0,0.5285236313285342,0
1,trf_6_737a,0.557772828084796,15.0,3.7184855205653067,0
1,trf_6_728a,1.026962134283723,30.0,3.423207114279076,0
1,trf_6_125a,0.04907799254858482,10.0,0.49077992548584815,0
1,trf_6_3011a,0.22659794336272912,10.0,2.265979433627291,0
1,trf_6_3819a,1.2920419024571326,30.0,4.306806341523775,0
1,trf_6_1344a,0.15516848121156332,10.0,1.5516848121156332,0
1,trf_6_122a,0.0867833951557331,10.0,0.8678339515573311,0
1,trf_6_1212a,0.48260117781723116,25.0,1.9304047112689247,0
1,trf_6_1213a,0.17635718073536485,10.0,1.7635718073536484,0
1,trf_6_1139a,1.0099217895270907,15.0,6.732811930180604,0
1,trf_6_1145a,0.32118545175562213,10.0,3.211854517556221,0
1,trf_16_302a,0.12589184803920528,10.0,1.2589184803920528,0
1,trf_16_301a,0.4423670619577839,25.0,1.7694682478311357,0
1,trf_6_124a,1.6656287332574877,45.0,3.7013971850166394,0
1,trf_16_6318a,1.19090231835969,45.0,2.646449596354867,0
1,trf_16_303a,0.507060146700719,15.0,3.380400978004793,0
1,trf_6_1256a,0.18420834826643054,10.0,1.8420834826643055,0
1,trf_6_2090a,0.6796896377491678,15.0,4.531264251661118,0
1,trf_6_1445a,0.3152858909240375,10.0,3.152858909240375,0
1,trf_6_4766a,0.3675162308544372,112.5,0.326681094092833,0
1,trf_16_3549a,0.0,0.0,0.0,0
1,trf_11_4675a,0.44469076885878817,150.0,0.2964605125725254,0
1,trf_16_4173a,0.22104279911739852,10.0,2.2104279911739853,0
1,trf_6_4662a,0.7282033420694374,300.0,0.24273444735647914,0
1,trf_6_2860a,0.472236953388308,10.0,4.7223695338830805,0
1,trf_6_1178a,0.38540452044725554,15.0,2.5693634696483705,0
1,trf_6_4249a,0.6175612998782221,25.0,2.4702451995128882,0
1,trf_6_2887a,0.3479610737970914,10.0,3.4796107379709142,0
1,trf_6_2064a,0.14876418218639456,5.0,2.975283643727891,0
1,trf_6_4161a,0.1487245353910425,10.0,1.487245353910425,0
1,trf_6_1960a,0.2872295490742623,10.0,2.872295490742623,0
1,trf_6_6394a,0.54040937865018,25.0,2.16163751460072,0
1,trf_6_3613a,0.13611666795505759,10.0,1.361166679550576,0
1,trf_6_738a,0.03474947732636535,5.0,0.694989546527307,0
1,trf_16_2195a,1.7469359561088182,15.0,11.646239707392121,0
1,trf_16_4674a,0.6176600966751263,225.0,0.27451559852227836,0
1,trf_6_2417a,0.35003772911609066,10.0,3.500377291160907,0
1,trf_16_4687a,0.2695472130166831,75.0,0.35939628402224416,0
1,trf_16_2428a,0.19668476023621978,5.0,3.9336952047243954,0
1,trf_16_2658a,0.20842530517302452,15.0,1.3895020344868303,0
1,trf_6_1177a,2.470353665522874,75.0,3.293804887363832,0
1,trf_6_4661a,0.44688593736185245,150.0,0.29792395824123497,0
1,trf_6_3019a,0.2343421153600891,10.0,2.343421153600891,0
1,trf_6_3013a,0.5046073218413588,5.0,10.092146436827175,0
1,trf_16_3364a,0.32453034763205246,15.0,2.1635356508803496,0
1,trf_6_3563a,0.5365536163382671,10.0,5.3655361633826715,0
1,trf_16_3328a,0.20884180723214224,10.0,2.0884180723214225,0
1,trf_6_3721a,0.02975058336028621,5.0,0.5950116672057242,0
1,trf_6_3434a,0.3407849834713717,5.0,6.815699669427434,0
1,trf_6_3010a,0.10273609440770447,10.0,1.0273609440770446,0
1,trf_6_3509a,0.8885263131222554,5.0,17.77052626244511,0
1,trf_16_6165a,0.0,0.0,0.0,0
1,trf_6_3142a,0.16536824382327006,10.0,1.6536824382327004,0
1,trf_16_3908a,0.0,0.0,0.0,0
1,trf_6_3604a,0.07490101004986403,10.0,0.7490101004986404,0
1,trf_6_3012a,0.13572794725944246,10.0,1.3572794725944246,0
1,trf_6_3507a,0.2171289998536804,10.0,2.171289998536804,0
1,trf_34_5142a,0.14560006899386413,10.0,1.4560006899386413,0
1,trf_6_3508a,0.04465727868161938,10.0,0.44657278681619383,0
1,trf_6_3634a,0.44194758832651093,10.0,4.419475883265109,0
1,trf_6_3224a,0.1296453229118336,5.0,2.592906458236672,0
1,trf_16_3904a,0.33648462159176723,10.0,3.364846215917672,0
1,trf_11_3987a,0.36775672102871365,5.0,7.355134420574274,0
1,trf_16_3997a,0.575884695214238,30.0,1.9196156507141269,0
1,trf_6_3817a,0.1146435963670588,5.0,2.292871927341176,0
1,trf_6_3818a,0.38743975741468145,10.0,3.8743975741468146,0
1,trf_16_1142a,1.1396094722235977,45.0,2.532465493830217,0
1,trf_34_5260a,0.3333765389366483,10.0,3.3337653893664827,0
1,trf_6_5725a,0.7289804328280145,300.0,0.24299347760933818,0
1,trf_6_5472a,0.39600726984049167,15.0,2.640048465603278,0
1,trf_6_4925a,0.3675752687998742,112.5,0.3267335722665548,0
1,trf_6_3256a,1.5112526638968908,15.0,10.075017759312605,0
1,trf_6_4998a,0.36689322632342836,112.5,0.32612731228749187,0
1,trf_16_5055a,0.765030580856408,10.0,7.65030580856408,0
1,trf_6_724a,0.5572449000534676,30.0,1.8574830001782252,0
1,trf_11_4785a,0.19728090059255177,10.0,1.9728090059255177,0
1,trf_16_5003a,0.0735313143922643,15.0,0.4902087626150954,0
1,trf_6_5157a,0.7284314048382955,300.0,0.2428104682794318,0
1,trf_6_5085a,0.9673510844351234,30.0,3.2245036147837447,0
1,trf_6_5595a,0.6509551373655516,30.0,2.1698504578851714,0
1,trf_11_5652a,0.05932880458637944,15.0,0.39552536390919624,0
1,trf_16_5666a,0.0980334376943372,10.0,0.980334376943372,0
1,trf_6_5711a,0.49584179548262625,30.0,1.6528059849420875,0
1,trf_6_5712a,1.1024404102116758,30.0,3.674801367372253,0
1,trf_6_5659a,0.2996419529773116,30.0,0.998806509924372,0
1,trf_6_1262a,0.36350688033551953,10.0,3.635068803355195,0
1,trf_16_6019a,0.05503557299906601,10.0,0.5503557299906601,0
1,trf_16_6122a,0.044967863703981925,10.0,0.44967863703981925,0
1,trf_6_6158a,2.1366075736933747,45.0,4.748016830429721,0
1,trf_6_6197a,3.2191408731878086,75.0,4.292187830917078,0
1,trf_6_6153a,4.2871487082493696,30.0,14.290495694164566,0
1,trf_6_1504a,0.4003310180280677,30.0,1.3344367267602257,0
1,trf_6_6249a,1.4708354731067395,30.0,4.902784910355797,0
1,trf_16_6312a,0.3666780390436214,30.0,1.2222601301454046,0
1,trf_6_6386a,0.4464389264579145,150.0,0.297625950971943,0
1,trf_6_4627a,0.36752671231805806,112.5,0.32669041094938495,0
1,trf_11_6443a,0.44468868607833406,150.0,0.2964591240522227,0
1,trf_12_6577a,0.13836043108986454,30.0,0.46120143696621513,0
1,trf_12_6578a,0.1828356707891485,45.0,0.4063014906425522,0
1,trf_11_6482a,0.1828222389221098,45.0,0.40627164204913285,0
1,trf_6_1647a,0.21580200850498577,10.0,2.158020085049858,0
1,trf_6_6496a,0.3667591235640333,112.5,0.32600810983469625,0
1,trf_6_727a,1.3004272281792049,30.0,4.334757427264017,0
2,trf_6_1030a,0.5264783511753987,10.0,5.264783511753986,0
2,trf_6_878a,0.10481553501220378,10.0,1.048155350122038,0
2,trf_16_1585a,0.159677927714535,15.0,1.0645195180969,0
2,trf_16_3545a,0.0449469346510247,10.0,0.449469346510247,0
2,trf_16_1143a,2.2572124391000297,30.0,7.524041463666765,0
2,trf_16_6460a,0.7261968690088964,25.0,2.9047874760355854,0
2,trf_6_725a,0.04957020219082476,10.0,0.4957020219082476,0
2,trf_6_3820a,0.7275385617880706,15.0,4.850257078587138,0
2,trf_6_3538a,0.48845441448549853,10.0,4.884544144854986,0
2,trf_6_4910a,7.702888961423498,30.0,25.676296538078326,0
2,trf_6_1870a,0.24130038680760071,15.0,1.6086692453840048,0
2,trf_6_127a,0.9535440116834624,15.0,6.35696007788975,0
2,trf_6_1541a,0.6543990266833775,15.0,4.362660177889183,0
2,trf_6_1503a,0.2794164567540305,10.0,2.794164567540305,0
2,trf_6_6272a,0.2208709713749263,15.0,1.4724731424995088,0
2,trf_6_128a,0.3607197449764862,15.0,2.4047982998432413,0
2,trf_6_1260a,0.044575370307522566,10.0,0.4457537030752256,0
2,trf_6_1350a,0.719244888929616,45.0,1.5983219753991469,0
2,trf_6_808a,0.5591132613367223,15.0,3.7274217422448155,0
2,trf_6_1475a,0.7810077092959911,15.0,5.206718061973274,0
2,trf_6_1138a,0.8820724303048165,10.0,8.820724303048165,0
2,trf_6_1146a,0.8496179989355741,10.0,8.496179989355742,0
2,trf_16_2916a,0.5013850277032276,10.0,5.013850277032276,0
2,trf_16_1140a,0.04490056720885942,10.0,0.4490056720885942,0
2,trf_16_5474a,0.43621148066610616,10.0,4.3621148066610616,0
2,trf_16_3548a,0.8034680511827735,10.0,8.034680511827736,0
2,trf_16_1141a,0.5303641526819717,15.0,3.5357610178798113,0
2,trf_6_810a,0.9158164164307782,30.0,3.052721388102594,0
2,trf_16_300a,0.4485555047820133,15.0,2.9903700318800888,0
2,trf_16_3130a,1.2844021754070578,30.0,4.281340584690193,0
2,trf_11_4955a,1.9476629420522757,15.0,12.984419613681839,0
2,trf_11_131a,0.8452794191056275,10.0,8.452794191056276,0
2,trf_6_1048a,0.21772849452534085,15.0,1.4515232968356058,0
2,trf_6_129a,0.4067393306982407,10.0,4.067393306982407,0
2,trf_34_1018a,0.2421848605772587,5.0,4.843697211545174,0
2,trf_16_5730a,0.3510313184644903,25.0,1.4041252738579613,0
2,trf_16_1144a,0.5606250743835159,15.0,3.737500495890106,0
2,trf_6_6273a,1.3277074412918022,30.0,4.425691470972675,0
2,trf_6_1238a,0.567618622652301,15.0,3.78412415101534,0
2,trf_6_731a,0.2109107920346531,15.0,1.4060719468976872,0
2,trf_6_732a,0.804848835074121,30.0,2.6828294502470698,0
2,trf_16_6082a,0.3826193606053922,15.0,2.5507957373692816,0
2,trf_16_537a,0.20748375075188302,5.0,4.14967501503766,0
2,trf_16_3996a,1.5389464362810925,15.0,10.259642908540618,0
2,trf_16_1095a,0.4096104224000376,15.0,2.7307361493335836,0
2,trf_6_730a,0.2875253183431171,15.0,1.9168354556207807,0
2,trf_34_1649a,0.13883992298214026,5.0,2.7767984596428055,0
2,trf_34_5029a,0.3683136246797392,10.0,3.6831362467973925,0
2,trf_34_1581a,0.5514825811572812,10.0,5.514825811572812,0
2,trf_11_132a,0.350109219338494,10.0,3.5010921933849395,0
2,trf_16_3221a,1.0825119789908884,25.0,4.330047915963553,0
2,trf_16_504a,0.8770641607360677,15.0,5.847094404907119,0
2,trf_6_735a,0.17366333165611786,10.0,1.7366333165611785,0
2,trf_6_4489a,2.1506776160143986,25.0,8.602710464057594,0
2,trf_6_729a,0.9508505413130969,15.0,6.33900360875398,0
2,trf_16_299a,1.3530174853371002,45.0,3.006705522971334,0
2,trf_16_1301a,0.4170034093308595,10.0,4.170034093308595,0
2,trf_16_2139a,1.476166838567551,25.0,5.904667354270205,0
2,trf_16_6081a,0.16977148251175347,10.0,1.6977148251175347,0
2,trf_6_1019a,1.800004344371358,25.0,7.200017377485432,0
2,trf_11_2597a,0.4129274896130062,10.0,4.129274896130061,0
2,trf_11_130a,0.36171139070803204,15.0,2.4114092713868804,0
2,trf_6_4704a,1.1308525261172973,10.0,11.308525261172973,0
2,trf_6_733a,0.04983735784555212,10.0,0.4983735784555212,0
2,trf_11_305a,0.8992720763529155,75.0,1.1990294351372206,0
2,trf_16_539a,0.04956128760192742,10.0,0.49561287601927423,0
2,trf_6_1151a,0.6230673655652321,30.0,2.0768912185507737,0
2,trf_6_4764a,0.2681107667516356,75.0,0.3574810223355141,0
2,trf_6_4765a,0.4468335712128538,150.0,0.2978890474752358,0
2,trf_16_538a,0.4752467230135676,30.0,1.5841557433785587,0
2,trf_11_133a,0.04940725601059617,10.0,0.4940725601059618,0
2,trf_6_723a,0.562684583669676,15.0,3.75123055779784,0
2,trf_6_722a,0.18985965336827693,15.0,1.2657310224551794,0
2,trf_6_726a,0.07929781382868051,15.0,0.5286520921912033,0
2,trf_6_737a,0.5312718518707752,15.0,3.5418123458051682,0
2,trf_6_728a,0.9777945261238691,30.0,3.2593150870795635,0
2,trf_6_125a,0.04884175189400388,10.0,0.48841751894003876,0
2,trf_6_3011a,0.2167838650132824,10.0,2.167838650132824,0
2,trf_6_3819a,1.2284562155624164,30.0,4.094854051874721,0
2,trf_6_1344a,0.14902884019336168,10.0,1.490288401933617,0
2,trf_6_122a,0.08471562276494099,10.0,0.8471562276494099,0
2,trf_6_1212a,0.4602862851385031,25.0,1.8411451405540127,0
2,trf_6_1213a,0.1688232944773623,10.0,1.6882329447736228,0
2,trf_6_1139a,0.9575207530099231,15.0,6.383471686732821,0
2,trf_6_1145a,0.3056350626812469,10.0,3.056350626812469,0
2,trf_16_302a,0.12136800728121834,10.0,1.2136800728121835,0
2,trf_16_301a,0.422786431033234,25.0,1.691145724132936,0
2,trf_6_124a,1.5838885843441834,45.0,3.519752409653741,0
2,trf_16_6318a,1.1351550451781944,45.0,2.522566767062654,0
2,trf_16_303a,0.48287186667369375,15.0,3.219145777824625,0
2,trf_6_1256a,0.17671395722470346,10.0,1.7671395722470347,0
2,trf_6_2090a,0.6464891577719509,15.0,4.309927718479673,0
2,trf_6_1445a,0.3002949958920413,10.0,3.002949958920413,0
2,trf_6_4766a,0.3675848692057042,112.5,0.326742105960626,0
2,trf_16_3549a,0.0,0.0,0.0,0
2,trf_11_4675a,0.44486392601405034,150.0,0.2965759506760336,0
2,trf_16_4173a,0.21123958145271823,10.0,2.1123958145271824,0
2,trf_6_4662a,0.7283819364859185,300.0,0.2427939788286395,0
2,trf_6_2860a,0.4486357716824712,10.0,4.4863577168247115,0
2,trf_6_1178a,0.36735577663397667,15.0,2.449038510893178,0
2,trf_6_4249a,0.5878700476734035,25.0,2.351480190693614,0
2,trf_6_2887a,0.3311856126705654,10.0,3.311856126705654,0
2,trf_6_2064a,0.142161502233938,5.0,2.84323004467876,0
2,trf_6_4161a,0.14292595842801448,10.0,1.4292595842801448,0
2,trf_6_1960a,0.2737866658979743,10.0,2.737866658979743,0
2,trf_6_6394a,0.5148734188562141,25.0,2.0594936754248563,0
2,trf_6_3613a,0.13101726147911322,10.0,1.3101726147911321,0
2,trf_6_738a,0.034756601982178,5.0,0.6951320396435599,0
2,trf_16_2195a,1.6542847788975668,15.0,11.028565192650444,0
2,trf_16_4674a,0.6179001941870701,225.0,0.27462230852758673,0
2,trf_6_2417a,0.3331439544943136,10.0,3.331439544943136,0
2,trf_16_4687a,0.2695598480158812,75.0,0.35941313068784153,0
2,trf_16_2428a,0.18742477371121374,5.0,3.748495474224275,0
2,trf_16_2658a,0.20123007195950088,15.0,1.3415338130633392,0
2,trf_6_1177a,2.4044691911063207,75.0,3.2059589214750943,0
2,trf_6_4661a,0.4469794927309289,150.0,0.2979863284872859,0
2,trf_6_3019a,0.223832733684592,10.0,2.23832733684592,0
2,trf_6_3013a,0.4784267195856646,5.0,9.56853439171329,0
2,trf_16_3364a,0.3109061249011853,15.0,2.0727074993412353,0
2,trf_6_3563a,0.5094265550977064,10.0,5.094265550977064,0
2,trf_16_3328a,0.19972166376804357,10.0,1.9972166376804357,0
2,trf_6_3721a,0.029756925262575316,5.0,0.5951385052515064,0
2,trf_6_3434a,0.3236496587033313,5.0,6.472993174066626,0
2,trf_6_3010a,0.09949394059227111,10.0,0.994939405922711,0
2,trf_6_3509a,0.8413219090257319,5.0,16.826438180514636,0
2,trf_16_6165a,0.0,0.0,0.0,0
2,trf_6_3142a,0.15864390069305492,10.0,1.5864390069305494,0
2,trf_16_3908a,0.0,0.0,0.0,0
2,trf_6_3604a,0.07321527579615965,10.0,0.7321527579615965,0
2,trf_6_3012a,0.1306480700645745,10.0,1.306480700645745,0
2,trf_6_3507a,0.20756556448681665,10.0,2.0756556448681662,0
2,trf_34_5142a,0.13998171810738014,10.0,1.3998171810738014,0
2,trf_6_3508a,0.0446660360424754,10.0,0.446660360424754,0
2,trf_6_3634a,0.41999905509603513,10.0,4.199990550960352,0
2,trf_6_3224a,0.12408739689014997,5.0,2.481747937802999,0
2,trf_16_3904a,0.32030792540916114,10.0,3.2030792540916115,0
2,trf_11_3987a,0.34913461619817504,5.0,6.982692323963501,0
2,trf_16_3997a,0.5516099586621025,30.0,1.8386998622070083,0
2,trf_6_3817a,0.10992198669085017,5.0,2.198439733817003,0
2,trf_6_3818a,0.36847777590047204,10.0,3.68477775900472,0
2,trf_16_1142a,1.0865402729014857,45.0,2.4145339397810797,0
2,trf_34_5260a,0.317421185914959,10.0,3.17421185914959,0
2,trf_6_5725a,0.7291410865959939,300.0,0.2430470288653313,0
2,trf_6_5472a,0.37737031958565365,15.0,2.5158021305710245,0
2,trf_6_4925a,0.36764284252905066,112.5,0.32679363780360055,0
2,trf_6_3256a,1.4316369365420138,15.0,9.544246243613426,0
2,trf_6_4998a,0.36697796980694075,112.5,0.32620263982839176,0
2,trf_16_5055a,0.7252688715385135,10.0,7.252688715385135,0
2,trf_6_724a,0.5339623032472364,30.0,1.7798743441574547,0
2,trf_11_4785a,0.1888064425021794,10.0,1.8880644250217942,0
2,trf_16_5003a,0.07276714990456379,15.0,0.48511433269709187,0
2,trf_6_5157a,0.7286083641157658,300.0,0.24286945470525528,0
2,trf_6_5085a,0.9214647176072517,30.0,3.071549058690839,0
2,trf_6_5595a,0.6225583121713786,30.0,2.0751943739045955,0
2,trf_11_5652a,0.05935175034759602,15.0,0.39567833565064015,0
2,trf_16_5666a,0.09505653080289142,10.0,0.9505653080289141,0
2,trf_6_5711a,0.4759564261060171,30.0,1.5865214203533904,0
2,trf_6_5712a,1.0491211496175377,30.0,3.4970704987251255,0
2,trf_6_5659a,0.29066689045012856,30.0,0.9688896348337618,0
2,trf_6_1262a,0.3461308739111031,10.0,3.4613087391110313,0
2,trf_16_6019a,0.05447599431107297,10.0,0.5447599431107297,0
2,trf_16_6122a,0.044968990529152784,10.0,0.44968990529152786,0
2,trf_6_6158a,2.0290445975061813,45.0,4.50898799445818,0
2,trf_6_6197a,3.056248573893079,75.0,4.074998098524105,0
2,trf_6_6153a,4.1200841933805785,30.0,13.733613977935262,0
2,trf_6_1504a,0.385755408267538,30.0,1.2858513608917934,0
2,trf_6_6249a,1.3972988509771678,30.0,4.65766283659056,0
2,trf_16_6312a,0.35398099167268227,30.0,1.179936638908941,0
2,trf_6_6386a,0.44653585949169466,150.0,0.2976905729944631,0
2,trf_6_4627a,0.36759516285150945,112.5,0.3267512558680084,0
2,trf_11_6443a,0.44486189107957386,150.0,0.29657459405304926,0
2,trf_12_6577a,0.13841428227072677,30.0,0.4613809409024226,0
2,trf_12_6578a,0.1829068321514175,45.0,0.40645962700315,0
2,trf_11_6482a,0.18289339505642,45.0,0.4064297667920444,0
2,trf_6_1647a,0.20629524816875322,10.0,2.062952481687532,0
2,trf_6_6496a,0.36684646051012104,112.5,0.32608574267566315,0
2,trf_6_727a,1.2362229599105157,30.0,4.120743199701719,0
3,trf_6_1030a,0.4803219790131694,10.0,4.803219790131694,0
3,trf_6_878a,0.09892177663542384,10.0,0.9892177663542384,0
3,trf_16_1585a,0.15180105295609211,15.0,1.0120070197072808,0
3,trf_16_3545a,0.044945833553509146,10.0,0.44945833553509146,0
3,trf_16_1143a,2.0528429201315226,30.0,6.842809733771742,0
3,trf_16_6460a,0.6636041178762612,25.0,2.6544164715050447,0
3,trf_6_725a,0.049566683406422445,10.0,0.49566683406422446,0
3,trf_6_3820a,0.6630752124155791,15.0,4.4205014161038605,0
3,trf_6_3538a,0.4456196871682545,10.0,4.456196871682545,0
3,trf_6_4910a,6.976245710697006,30.0,23.254152368990017,0
3,trf_6_1870a,0.22358933147028454,15.0,1.4905955431352302,0
3,trf_6_127a,0.8674452356188209,15.0,5.782968237458806,0
3,trf_6_1541a,0.5987547270643648,15.0,3.9916981804290987,0
3,trf_6_1503a,0.2566305241131084,10.0,2.566305241131084,0
3,trf_6_6272a,0.20514537215321219,15.0,1.367635814354748,0
3,trf_6_128a,0.3315298356217727,15.0,2.2101989041451513,0
3,trf_6_1260a,0.044576569105991365,10.0,0.44576569105991365,0
3,trf_6_1350a,0.6669383636863538,45.0,1.482085252636342,0
3,trf_6_808a,0.5125341678135572,15.0,3.4168944520903812,0
3,trf_6_1475a,0.7161203458518791,15.0,4.774135639012528,0
3,trf_6_1138a,0.8013004071625777,10.0,8.013004071625776,0
3,trf_6_1146a,0.7719765123277106,10.0,7.7197651232771065,0
3,trf_16_2916a,0.4572228846467647,10.0,4.572228846467647,0
3,trf_16_1140a,0.04489916787727454,10.0,0.4489916787727454,0
3,trf_16_5474a,0.3983211644536186,10.0,3.983211644536186,0
3,trf_16_3548a,0.7374450139398304,10.0,7.374450139398304,0
3,trf_16_1141a,0.4847942640507346,15.0,3.2319617603382307,0
3,trf_6_810a,0.8403451006988758,30.0,2.801150335662919,0
3,trf_16_300a,0.41088510664295497,15.0,2.7392340442863667,0
3,trf_16_3130a,1.1735657730680153,30.0,3.911885910226718,0
3,trf_11_4955a,1.766244771106657,15.0,11.774965140711044,0
3,trf_11_131a,0.7686237795722004,10.0,7.686237795722005,0
3,trf_6_1048a,0.2041652791920375,15.0,1.3611018612802501,0
3,trf_6_129a,0.37177297207651006,10.0,3.7177297207651008,0
3,trf_34_1018a,0.22162616462806475,5.0,4.432523292561295,0
3,trf_16_5730a,0.32455932181660757,25.0,1.2982372872664303,0
3,trf_16_1144a,0.5121269026069535,15.0,3.414179350713023,0
3,trf_6_6273a,1.2125503988183683,30.0,4.0418346627278945,0
3,trf_6_1238a,0.5184303139393472,15.0,3.4562020929289816,0
3,trf_6_731a,0.19801960317184064,15.0,1.320130687812271,0
3,trf_6_732a,0.7400786155792063,30.0,2.4669287185973543,0
3,trf_16_6082a,0.3512838139759814,15.0,2.3418920931732092,0
3,trf_16_537a,0.19070817147019814,5.0,3.814163429403963,0
3,trf_16_3996a,1.3964540021225316,15.0,9.309693347483543,0
3,trf_16_1095a,0.3756514134756307,15.0,2.504342756504205,0
3,trf_6_730a,0.26848826235871204,15.0,1.7899217490580803,0
3,trf_34_1649a,0.12822543609319684,5.0,2.5645087218639366,0
3,trf_34_5029a,0.33697729364767554,10.0,3.3697729364767555,0
3,trf_34_1581a,0.5025419530024953,10.0,5.025419530024953,0
3,trf_11_132a,0.32054629390742356,10.0,3.2054629390742355,0
3,trf_16_3221a,0.985620667722104,25.0,3.942482670888416,0
3,trf_16_504a,0.8007427101817369,15.0,5.338284734544913,0
3,trf_6_735a,0.16153909058126276,10.0,1.6153909058126275,0
3,trf_6_4489a,1.9511873750034783,25.0,7.804749500013913,0
3,trf_6_729a,0.8665658432230848,15.0,5.777105621487233,0
3,trf_16_299a,1.2396414393993902,45.0,2.754758754220867,0
3,trf_16_1301a,0.38142667290627114,10.0,3.8142667290627115,0
3,trf_16_2139a,1.3416274257158438,25.0,5.366509702863375,0
3,trf_16_6081a,0.15757263755136233,10.0,1.5757263755136233,0
3,trf_6_1019a,1.6343287811155214,25.0,6.5373151244620855,0
3,trf_11_2597a,0.3773025573557637,10.0,3.773025573557637,0
3,trf_11_130a,0.3342315520769539,15.0,2.2282103471796924,0
3,trf_6_4704a,1.0386840022470798,10.0,10.386840022470798,0
3,trf_6_733a,0.04933170977197509,10.0,0.4933170977197509,0
3,trf_11_305a,0.8363351837671915,75.0,1.1151135783562554,0
3,trf_16_539a,0.049566875354950225,10.0,0.49566875354950224,0
3,trf_6_1151a,0.5758808645520909,30.0,1.9196028818403028,0
3,trf_6_4764a,0.26809310064095887,75.0,0.3574574675212785,0
3,trf_6_4765a,0.4468031628942576,150.0,0.2978687752628384,0
3,trf_16_538a,0.44241699527216255,30.0,1.4747233175738752,0
3,trf_11_133a,0.04941940264301172,10.0,0.4941940264301172,0
3,trf_6_723a,0.5157512982716772,15.0,3.438341988477848,0
3,trf_6_722a,0.17901513530380764,15.0,1.1934342353587177,0
3,trf_6_726a,0.0792910393028721,15.0,0.5286069286858139,0
3,trf_6_737a,0.48739203966979544,15.0,3.249280264465303,0
3,trf_6_728a,0.8963275996121962,30.0,2.9877586653739874,0
3,trf_6_125a,0.04842953380170539,10.0,0.48429533801705393,0
3,trf_6_3011a,0.20051249752663453,10.0,2.0051249752663454,0
3,trf_6_3819a,1.1230734333253272,30.0,3.7435781110844237,0
3,trf_6_1344a,0.1388450086819915,10.0,1.388450086819915,0
3,trf_6_122a,0.08127382317179113,10.0,0.8127382317179114,0
3,trf_6_1212a,0.4233001270796208,25.0,1.6932005083184831,0
3,trf_6_1213a,0.15815249427842104,10.0,1.5815249427842104,0
3,trf_6_1139a,0.8708633322621224,15.0,5.80575554841415,0
3,trf_6_1145a,0.28174615157879274,10.0,2.8174615157879273,0
3,trf_16_302a,0.1138627708665897,10.0,1.1386277086658971,0
3,trf_16_301a,0.390334717479888,25.0,1.5613388699195518,0
3,trf_6_124a,1.4484174281058242,45.0,3.2187053957907206,0
3,trf_16_6318a,1.04276403944554,45.0,2.3172534209900886,0
3,trf_16_303a,0.44278454132391615,15.0,2.951896942159441,0
3,trf_6_1256a,0.16429174023340135,10.0,1.6429174023340134,0
3,trf_6_2090a,0.5914887108227691,15.0,3.943258072151794,0
3,trf_6_1445a,0.27545980850853674,10.0,2.7545980850853673,0
3,trf_6_4766a,0.36756742803146775,112.5,0.326726602694638,0
3,trf_16_3549a,0.0,0.0,0.0,0
3,trf_11_4675a,0.4449232548641026,150.0,0.29661550324273506,0
3,trf_16_4173a,0.19503716503524196,10.0,1.9503716503524196,0
3,trf_6_4662a,0.7283084863197382,300.0,0.24276949543991275,0
3,trf_6_2860a,0.4095360747198554,10.0,4.095360747198554,0
3,trf_6_1178a,0.3374765470039491,15.0,2.249843646692994,0
3,trf_6_4249a,0.5386519052929258,25.0,2.1546076211717033,0
3,trf_6_2887a,0.3034151353400464,10.0,3.0341513534004636,0
3,trf_6_2064a,0.13122974539681317,5.0,2.6245949079362636,0
3,trf_6_4161a,0.1333265190987198,10.0,1.333265190987198,0
3,trf_6_1960a,0.251537021888807,10.0,2.51537021888807,0
3,trf_6_6394a,0.4726081854116158,25.0,1.8904327416464632,0
3,trf_6_3613a,0.1225746675330295,10.0,1.225746675330295,0
3,trf_6_738a,0.034756126973367496,5.0,0.6951225394673499,0
3,trf_16_2195a,1.5008609019433308,15.0,10.005739346288872,0
3,trf_16_4674a,0.6179838138072117,225.0,0.2746594728032052,0
3,trf_6_2417a,0.3051620015773381,10.0,3.051620015773381,0
3,trf_16_4687a,0.26955761605994416,75.0,0.3594101547465922,0
3,trf_16_2428a,0.17212109005539825,5.0,3.4424218011079653,0
3,trf_16_2658a,0.1892910553371003,15.0,1.2619403689140019,0
3,trf_6_1177a,2.2951890470063803,75.0,3.0602520626751737,0
3,trf_6_4661a,0.4469839878205006,150.0,0.29798932521366706,0
3,trf_6_3019a,0.2064118807129554,10.0,2.064118807129554,0
3,trf_6_3013a,0.43512681199414827,5.0,8.702536239882965,0
3,trf_16_3364a,0.28832297724670625,15.0,1.9221531816447084,0
3,trf_6_3563a,0.4645215706615393,10.0,4.645215706615393,0
3,trf_16_3328a,0.18461608427808637,10.0,1.8461608427808638,0
3,trf_6_3721a,0.029753503462351574,5.0,0.5950700692470315,0
3,trf_6_3434a,0.2952551365898947,5.0,5.905102731797895,0
3,trf_6_3010a,0.0941346393702888,10.0,0.9413463937028881,0
3,trf_6_3509a,0.7631998954725001,5.0,15.263997909450003,0
3,trf_16_6165a,0.0,0.0,0.0,0
3,trf_6_3142a,0.14749866977577983,10.0,1.4749866977577981,0
3,trf_16_3908a,0.0,0.0,0.0,0
3,trf_6_3604a,0.07040935145932926,10.0,0.7040935145932926,0
3,trf_6_3012a,0.12224619477205104,10.0,1.2224619477205105,0
3,trf_6_3507a,0.191712247295295,10.0,1.9171224729529501,0
3,trf_34_5142a,0.13066382991060116,10.0,1.3066382991060117,0
3,trf_6_3508a,0.04466131415762399,10.0,0.44661314157623994,0
3,trf_6_3634a,0.38367428505242657,10.0,3.836742850524266,0
3,trf_6_3224a,0.11489659227812253,5.0,2.2979318455624504,0
3,trf_16_3904a,0.29357876204954225,10.0,2.9357876204954225,0
3,trf_11_3987a,0.3182791752891364,5.0,6.365583505782729,0
3,trf_16_3997a,0.5113774096204907,30.0,1.7045913654016358,0
3,trf_6_3817a,0.1021041590727564,5.0,2.042083181455128,0
3,trf_6_3818a,0.33706687643084016,10.0,3.3706687643084017,0
3,trf_16_1142a,0.9988713003617439,45.0,2.2197140008038754,0
3,trf_34_5260a,0.2909782938654019,10.0,2.9097829386540193,0
3,trf_6_5725a,0.7290834426612935,300.0,0.24302781422043115,0
3,trf_6_5472a,0.34649989227784067,15.0,2.309999281852271,0
3,trf_6_4925a,0.36762717749030943,112.5,0.32677971332471945,0
3,trf_6_3256a,1.2997036593739535,15.0,8.664691062493024,0
3,trf_6_4998a,0.3669509652452814,112.5,0.32617863577358347,0
3,trf_16_5055a,0.659605364521514,10.0,6.59605364521514,0
3,trf_6_724a,0.4953685797918122,30.0,1.6512285993060407,0
3,trf_11_4785a,0.17475830630735503,10.0,1.7475830630735505,0
3,trf_16_5003a,0.07148138347414014,15.0,0.47654255649426763,0
3,trf_6_5157a,0.7285459097849122,300.0,0.24284863659497072,0
3,trf_6_5085a,0.8454755549962318,30.0,2.8182518499874396,0
3,trf_6_5595a,0.5754811563900388,30.0,1.9182705213001294,0
3,trf_11_5652a,0.059361283263475645,15.0,0.39574188842317093,0
3,trf_16_5666a,0.09014526080249864,10.0,0.9014526080249864,0
3,trf_6_5711a,0.4429885728253093,30.0,1.4766285760843645,0
3,trf_6_5712a,0.9607773924019015,30.0,3.2025913080063386,0
3,trf_6_5659a,0.2757669069750104,30.0,0.9192230232500347,0
3,trf_6_1262a,0.31734296660968775,10.0,3.1734296660968773,0
3,trf_16_6019a,0.05355239597241243,10.0,0.5355239597241244,0
3,trf_16_6122a,0.04496980795963183,10.0,0.4496980795963183,0
3,trf_6_6158a,1.850793590470071,45.0,4.112874645489047,0
3,trf_6_6197a,2.7863942729061644,75.0,3.715192363874886,0
3,trf_6_6153a,3.8622832760753365,30.0,12.874277586917788,0
3,trf_6_1504a,0.3616154111298562,30.0,1.2053847037661873,0
3,trf_6_6249a,1.2755516033354604,30.0,4.2518386777848685,0
3,trf_16_6312a,0.3329332868413742,30.0,1.1097776228045808,0
3,trf_6_6386a,0.4465054267580239,150.0,0.29767028450534927,0
3,trf_6_4627a,0.3675780611967564,112.5,0.32673605439711684,0
3,trf_11_6443a,0.4449210461191061,150.0,0.29661403074607073,0
3,trf_12_6577a,0.13843282958279482,30.0,0.46144276527598277,0
3,trf_12_6578a,0.18293134140029532,45.0,0.4065140920006563,0
3,trf_11_6482a,0.18291790250474874,45.0,0.40648422778833054,0
3,trf_6_1647a,0.19055091174352115,10.0,1.9055091174352115,0
3,trf_6_6496a,0.3668157953240963,112.5,0.32605848473253,0
3,trf_6_727a,1.1298707603937894,30.0,3.766235867979298,0
4,trf_6_1030a,0.48506437726869656,10.0,4.850643772686966,0
4,trf_6_878a,0.09952765872154494,10.0,0.9952765872154494,0
4,trf_16_1585a,0.15261005339194011,15.0,1.0174003559462674,0
4,trf_16_3545a,0.04494607360747498,10.0,0.4494607360747498,0
4,trf_16_1143a,2.073821816839307,30.0,6.912739389464357,0
4,trf_16_6460a,0.6700302304382861,25.0,2.680120921753145,0
4,trf_6_725a,0.04956796280563779,10.0,0.4956796280563779,0
4,trf_6_3820a,0.6696984816550848,15.0,4.464656544367232,0
4,trf_6_3538a,0.45001722432262337,10.0,4.500172243226233,0
4,trf_6_4910a,7.050806899294173,30.0,23.50268966431391,0
4,trf_6_1870a,0.22540948829661042,15.0,1.5027299219774026,0
4,trf_6_127a,0.8762847382686448,15.0,5.841898255124298,0
4,trf_6_1541a,0.6044693000386587,15.0,4.029795333591058,0
4,trf_6_1503a,0.25897003415042597,10.0,2.5897003415042597,0
4,trf_6_6272a,0.20675947185371002,15.0,1.3783964790247334,0
4,trf_6_128a,0.33452472894621516,15.0,2.2301648596414343,0
4,trf_6_1260a,0.04457707536878889,10.0,0.4457707536878889,0
4,trf_6_1350a,0.6723130578352381,45.0,1.4940290174116402,0
4,trf_6_808a,0.5173201432253406,15.0,3.448800954835604,0
4,trf_6_1475a,0.7321044559489488,15.0,4.8806963729929915,0
4,trf_6_1138a,0.8095964566676481,10.0,8.095964566676482,0
4,trf_6_1146a,0.7799493025421012,10.0,7.799493025421012,0
4,trf_16_2916a,0.4617570302643647,10.0,4.617570302643648,0
4,trf_16_1140a,0.044899526905372286,10.0,0.4489952690537229,0
4,trf_16_5474a,0.40221129037546577,10.0,4.022112903754658,0
4,trf_16_3548a,0.7581438481364102,10.0,7.581438481364103,0
4,trf_16_1141a,0.48947186223330913,15.0,3.2631457482220605,0
4,trf_6_810a,0.8480996984615183,30.0,2.826998994871728,0
4,trf_16_300a,0.4147520054974367,15.0,2.765013369982911,0
4,trf_16_3130a,1.184948496120905,30.0,3.9498283204030162,0
4,trf_11_4955a,1.7848651991218323,15.0,11.899101327478883,0
4,trf_11_131a,0.7764946286292809,10.0,7.764946286292809,0
4,trf_6_1048a,0.20555922283879297,15.0,1.3703948189252866,0
4,trf_6_129a,0.37535872525692215,10.0,3.753587252569221,0
4,trf_34_1018a,0.22373728050562847,5.0,4.474745610112569,0
4,trf_16_5730a,0.3272777419774674,25.0,1.3091109679098696,0
4,trf_16_1144a,0.517106153596151,15.0,3.447374357307673,0
4,trf_6_6273a,1.2243825228325644,30.0,4.081275076108549,0
4,trf_6_1238a,0.5234828083533675,15.0,3.4898853890224495,0
4,trf_6_731a,0.19934422916231787,15.0,1.3289615277487856,0
4,trf_6_732a,0.7467332304233605,30.0,2.4891107680778686,0
4,trf_16_6082a,0.35450130994228934,15.0,2.363342066281929,0
4,trf_16_537a,0.19243128549086191,5.0,3.848625709817238,0
4,trf_16_3996a,1.4110933074744345,15.0,9.407288716496229,0
4,trf_16_1095a,0.3791405346672794,15.0,2.5276035644485293,0
4,trf_6_730a,0.27300099170917036,15.0,1.820006611394469,0
4,trf_34_1649a,0.12931524824067508,5.0,2.5863049648135017,0
4,trf_34_5029a,0.3401949551941796,10.0,3.401949551941796,0
4,trf_34_1581a,0.5075677083807573,10.0,5.075677083807572,0
4,trf_11_132a,0.3235813051153394,10.0,3.235813051153394,0
4,trf_16_3221a,0.9955749151391237,25.0,3.9822996605564946,0
4,trf_16_504a,0.8836269971997961,15.0,5.890846647998641,0
4,trf_6_735a,0.1627848327831397,10.0,1.627848327831397,0
4,trf_6_4489a,1.9716772373119742,25.0,7.886708949247897,0
4,trf_6_729a,0.8752249426298488,15.0,5.834832950865659,0
4,trf_16_299a,1.251285488198164,45.0,2.7806344182181424,0
4,trf_16_1301a,0.38508120643250915,10.0,3.8508120643250914,0
4,trf_16_2139a,1.3554366941663234,25.0,5.421746776665293,0
4,trf_16_6081a,0.1588249641496585,10.0,1.588249641496585,0
4,trf_6_1019a,1.6513420101453817,25.0,6.605368040581527,0
4,trf_11_2597a,0.38096341437381126,10.0,3.809634143738113,0
4,trf_11_130a,0.3370535893889644,15.0,2.2470239292597625,0
4,trf_6_4704a,1.0724488562920247,10.0,10.724488562920246,0
4,trf_6_733a,0.04938416980131578,10.0,0.49384169801315786,0
4,trf_11_305a,0.8427995943437487,75.0,1.1237327924583316,0
4,trf_16_539a,0.049566939538413395,10.0,0.49566939538413396,0
4,trf_6_1151a,0.5807281667777394,30.0,1.9357605559257982,0
4,trf_6_4764a,0.2680987590300296,75.0,0.3574650120400395,0
4,trf_6_4765a,0.44681275930098907,150.0,0.29787517286732607,0
4,trf_16_538a,0.44578754542398014,30.0,1.4859584847466005,0
4,trf_11_133a,0.049418879639204216,10.0,0.4941887963920422,0
4,trf_6_723a,0.5205739152853631,15.0,3.4704927685690876,0
4,trf_6_722a,0.18012981633433328,15.0,1.2008654422288885,0
4,trf_6_726a,0.07929322031354584,15.0,0.5286214687569722,0
4,trf_6_737a,0.49189956167683146,15.0,3.2793304111788766,0
4,trf_6_728a,0.9046986742545556,30.0,3.0156622475151855,0
4,trf_6_125a,0.048472246735062986,10.0,0.48472246735062985,0
4,trf_6_3011a,0.20218399027477107,10.0,2.0218399027477107,0
4,trf_6_3819a,1.1338953878151474,30.0,3.779651292717158,0
4,trf_6_1344a,0.13989021638049573,10.0,1.3989021638049572,0
4,trf_6_122a,0.08162765061041824,10.0,0.8162765061041825,0
4,trf_6_1212a,0.4271009501213267,25.0,1.7084038004853068,0
4,trf_6_1213a,0.16206774895106013,10.0,1.620677489510601,0
4,trf_6_1139a,0.8797612816406195,15.0,5.865075210937463,0
4,trf_6_1145a,0.28701366645531495,10.0,2.87013666455315,0
4,trf_16_302a,0.1146330657179212,10.0,1.146330657179212,0
4,trf_16_301a,0.3936683661169484,25.0,1.5746734644677935,0
4,trf_6_124a,1.4623287063609762,45.0,3.2496193474688364,0
4,trf_16_6318a,1.0522538020873375,45.0,2.3383417824163057,0
4,trf_16_303a,0.44690265206840557,15.0,2.9793510137893704,0
4,trf_6_1256a,0.16556824708197374,10.0,1.6556824708197375,0
4,trf_6_2090a,0.5971398937820032,15.0,3.9809326252133546,0
4,trf_6_1445a,0.2780121147924409,10.0,2.780121147924409,0
4,trf_6_4766a,0.3675740198932425,112.5,0.32673246212732665,0
4,trf_16_3549a,0.0,0.0,0.0,0
4,trf_11_4675a,0.44492322712400073,150.0,0.29661548474933386,0
4,trf_16_4173a,0.19670030846241648,10.0,1.9670030846241648,0
4,trf_6_4662a,0.728330330678808,300.0,0.24277677689293603,0
4,trf_6_2860a,0.4135526436076493,10.0,4.135526436076494,0
4,trf_6_1178a,0.34054438818151117,15.0,2.270295921210075,0
4,trf_6_4249a,0.5437047215400493,25.0,2.1748188861601974,0
4,trf_6_2887a,0.30626646079829045,10.0,3.0626646079829043,0
4,trf_6_2064a,0.1323521572334629,5.0,2.6470431446692584,0
4,trf_6_4161a,0.13431213372704967,10.0,1.3431213372704967,0
4,trf_6_1960a,0.2538217914864288,10.0,2.538217914864288,0
4,trf_6_6394a,0.4769482938517566,25.0,1.9077931754070263,0
4,trf_6_3613a,0.12344148465691995,10.0,1.2344148465691995,0
4,trf_6_738a,0.034756538824274555,5.0,0.695130776485491,0
4,trf_16_2195a,1.5166148497381167,15.0,10.110765664920779,0
4,trf_16_4674a,0.6179835607152318,225.0,0.2746593603178808,0
4,trf_6_2417a,0.3080361212307111,10.0,3.0803612123071114,0
4,trf_16_4687a,0.2695586787278338,75.0,0.35941157163711174,0
4,trf_16_2428a,0.17369230026958457,5.0,3.4738460053916915,0
4,trf_16_2658a,0.19051725330843106,15.0,1.270115022056207,0
4,trf_6_1177a,2.3064214061552426,75.0,3.0752285415403233,0
4,trf_6_4661a,0.4469884006548259,150.0,0.2979922671032173,0
4,trf_6_3019a,0.20820217802121618,10.0,2.0820217802121617,0
4,trf_6_3013a,0.4395728327564509,5.0,8.791456655129018,0
4,trf_16_3364a,0.290642329260496,15.0,1.9376155284033065,0
4,trf_6_3563a,0.46913189888516466,10.0,4.691318988851647,0
4,trf_16_3328a,0.1861680887125259,10.0,1.861680887125259,0
4,trf_6_3721a,0.029754417465379324,5.0,0.5950883493075865,0
4,trf_6_3434a,0.2981728445712106,5.0,5.9634568914242125,0
4,trf_6_3010a,0.09468475256751331,10.0,0.9468475256751331,0
4,trf_6_3509a,0.7712210147775543,5.0,15.424420295551087,0
4,trf_16_6165a,0.0,0.0,0.0,0
4,trf_6_3142a,0.14864399065423545,10.0,1.4864399065423544,0
4,trf_16_3908a,0.0,0.0,0.0,0
4,trf_6_3604a,0.0706981228112638,10.0,0.706981228112638,0
4,trf_6_3012a,0.1231088466433537,10.0,1.231088466433537,0
4,trf_6_3507a,0.19334142669610385,10.0,1.9334142669610386,0
4,trf_34_5142a,0.13162050500968608,10.0,1.3162050500968607,0
4,trf_6_3508a,0.0446626388972182,10.0,0.44662638897218204,0
4,trf_6_3634a,0.38740425338059536,10.0,3.874042533805954,0
4,trf_6_3224a,0.11584029298531899,5.0,2.31680585970638,0
4,trf_16_3904a,0.29632289124038896,10.0,2.9632289124038893,0
4,trf_11_3987a,0.3214498054645491,5.0,6.428996109290982,0
4,trf_16_3997a,0.5155083825199747,30.0,1.7183612750665822,0
4,trf_6_3817a,0.10290673675552327,5.0,2.0581347351104653,0
4,trf_6_3818a,0.34029448482559477,10.0,3.4029448482559475,0
4,trf_16_1142a,1.0078707252848065,45.0,2.2397127228551255,0
4,trf_34_5260a,0.2936935570075163,10.0,2.936935570075163,0
4,trf_6_5725a,0.7291016091722549,300.0,0.24303386972408494,0
4,trf_6_5472a,0.34967071840699915,15.0,2.3311381227133277,0
4,trf_6_4925a,0.36763342790928644,112.5,0.3267852692526991,0
4,trf_6_3256a,1.3132504844690094,15.0,8.755003229793397,0
4,trf_6_4998a,0.36696005550451893,112.5,0.32618671600401683,0
4,trf_16_5055a,0.6663459416589268,10.0,6.6634594165892675,0
4,trf_6_724a,0.49933449902698446,30.0,1.6644483300899482,0
4,trf_11_4785a,0.17620203544060412,10.0,1.7620203544060413,0
4,trf_16_5003a,0.07161429738709935,15.0,0.4774286492473289,0
4,trf_6_5157a,0.7285659736486871,300.0,0.2428553245495624,0
4,trf_6_5085a,0.8532812985071301,30.0,2.8442709950237672,0
4,trf_6_5595a,0.5803164913243537,30.0,1.9343883044145123,0
4,trf_11_5652a,0.05936148736936351,15.0,0.3957432491290901,0
4,trf_16_5666a,0.0906489777853061,10.0,0.9064897778530611,0
4,trf_6_5711a,0.4463764837282754,30.0,1.4879216124275845,0
4,trf_6_5712a,0.969855111165505,30.0,3.232850370551683,0
4,trf_6_5659a,0.27729859499554793,30.0,0.9243286499851597,0
4,trf_6_1262a,0.32030104749094895,10.0,3.2030104749094894,0
4,trf_16_6019a,0.05364711760111209,10.0,0.5364711760111209,0
4,trf_16_6122a,0.04496972866660908,10.0,0.44969728666609077,0
4,trf_6_6158a,1.869100462599859,45.0,4.153556583555242,0
4,trf_6_6197a,2.8141222554313923,75.0,3.7521630072418564,0
4,trf_6_6153a,3.9166274734740263,30.0,13.055424911580086,0
4,trf_6_1504a,0.36409449977344427,30.0,1.2136483325781477,0
4,trf_6_6249a,1.288055509521335,30.0,4.293518365071117,0
4,trf_16_6312a,0.3350941919075246,30.0,1.1169806396917488,0
4,trf_6_6386a,0.4465157069223602,150.0,0.29767713794824013,0
4,trf_6_4627a,0.3675845887774561,112.5,0.3267418566910721,0
4,trf_11_6443a,0.4449210482527829,150.0,0.29661403216852195,0
4,trf_12_6577a,0.13843280582991088,30.0,0.46144268609970296,0
4,trf_12_6578a,0.18293131001229146,45.0,0.4065140222495366,0
4,trf_11_6482a,0.18291787111909916,45.0,0.4064841580424426,0
4,trf_6_1647a,0.19216789210450172,10.0,1.9216789210450174,0
4,trf_6_6496a,0.36682564202877155,112.5,0.326067237358908,0
4,trf_6_727a,1.140797873918404,30.0,3.8026595797280134,0
5,trf_6_1030a,0.9711665304876698,10.0,9.711665304876698,0
5,trf_6_878a,0.16162315636091118,10.0,1.6162315636091118,0
5,trf_16_1585a,0.23569521327011697,15.0,1.5713014218007797,0
5,trf_16_3545a,0.04492121920977091,10.0,0.44921219209770913,0
5,trf_16_1143a,4.235548791274754,30.0,14.118495970915847,0
5,trf_16_6460a,1.3324336687527338,25.0,5.329734675010935,0
5,trf_6_725a,0.049337779189628866,10.0,0.4933777918962886,0
5,trf_6_3820a,1.3469933526937432,15.0,8.979955684624956,0
5,trf_6_3538a,0.8998570369038239,10.0,8.998570369038239,0
5,trf_6_4910a,14.683908092211015,30.0,48.94636030737005,0
5,trf_6_1870a,0.411748501112959,15.0,2.744990007419727,0
5,trf_6_127a,1.7802798263033592,15.0,11.868532175355728,0
5,trf_6_1541a,1.1892275718369854,15.0,7.928183812246569,0
5,trf_6_1503a,0.4992421808785797,10.0,4.992421808785797,0
5,trf_6_6272a,0.3721283412136819,15.0,2.4808556080912125,0
5,trf_6_128a,0.6410626120646237,15.0,4.273750747097491,0
5,trf_6_1260a,0.044331547336754894,10.0,0.44331547336754895,0
5,trf_6_1350a,1.2237310262420407,45.0,2.719402280537868,0
5,trf_6_808a,1.0079788775296057,15.0,6.719859183530704,0
5,trf_6_1475a,1.071231728103261,15.0,7.141544854021741,0
5,trf_6_1138a,1.6617812207047369,10.0,16.61781220704737,0
5,trf_6_1146a,1.5995499166409797,10.0,15.995499166409797,0
5,trf_16_2916a,0.9288489257738809,10.0,9.288489257738808,0
5,trf_16_1140a,0.04484927110543437,10.0,0.44849271105434374,0
5,trf_16_5474a,0.8030342789123298,10.0,8.0303427891233,0
5,trf_16_3548a,0.9408484409744672,10.0,9.408484409744672,0
5,trf_16_1141a,0.9721745290861552,15.0,6.481163527241034,0
5,trf_6_810a,1.643108681924763,30.0,5.477028939749209,0
5,trf_16_300a,0.8109350682174247,15.0,5.406233788116165,0
5,trf_16_3130a,2.3513668715955003,30.0,7.837889571985001,0
5,trf_11_4955a,3.689983279918242,15.0,24.59988853278828,0
5,trf_11_131a,1.5818900663534574,10.0,15.818900663534574,0
5,trf_6_1048a,0.3486368215619227,15.0,2.3242454770794847,0
5,trf_6_129a,0.7424062702561275,10.0,7.424062702561275,0
5,trf_34_1018a,0.43978804335198085,5.0,8.795760867039617,0
5,trf_16_5730a,0.6061922072280861,25.0,2.4247688289123444,0
5,trf_16_1144a,1.0298000715331415,15.0,6.865333810220943,0
5,trf_6_6273a,2.437242825073297,30.0,8.124142750244324,0
5,trf_6_1238a,1.0414650055633172,15.0,6.943100037088781,0
5,trf_6_731a,0.33544262848705103,15.0,2.2362841899136736,0
5,trf_6_732a,1.429437547749393,30.0,4.76479182583131,0
5,trf_16_6082a,0.68442182220415,15.0,4.562812148027667,0
5,trf_16_537a,0.36918023154219504,5.0,7.383604630843901,0
5,trf_16_3996a,2.9116260314427693,15.0,19.410840209618463,0
5,trf_16_1095a,0.736708445606644,15.0,4.911389637377626,0
5,trf_6_730a,0.37880396069202793,15.0,2.525359737946853,0
5,trf_34_1649a,0.2409641207482047,5.0,4.8192824149640945,0
5,trf_34_5029a,0.6696547331482184,10.0,6.696547331482185,0
5,trf_34_1581a,1.0220604195196479,10.0,10.22060419519648,0
5,trf_11_132a,0.6342151276823931,10.0,6.342151276823931,0
5,trf_16_3221a,2.016394761890419,25.0,8.065579047561677,0
5,trf_16_504a,1.3127977962126272,15.0,8.751985308084182,0
5,trf_6_735a,0.29070414038185693,10.0,2.9070414038185692,0
5,trf_6_4489a,4.072070179098462,25.0,16.28828071639385,0
5,trf_6_729a,1.7629061462185034,15.0,11.75270764145669,0
5,trf_16_299a,2.445290752386931,45.0,5.433979449748735,0
5,trf_16_1301a,0.7597194787713484,10.0,7.597194787713484,0
5,trf_16_2139a,2.77076564202364,25.0,11.08306256809456,0
5,trf_16_6081a,0.2874005496480874,10.0,2.874005496480874,0
5,trf_6_1019a,3.3926288676237273,25.0,13.57051547049491,0
5,trf_11_2597a,0.7555220720527337,10.0,7.555220720527338,0
5,trf_11_130a,0.6261118404796913,15.0,4.174078936531275,0
5,trf_6_4704a,1.1450778224267473,10.0,11.450778224267472,0
5,trf_6_733a,0.05453439435676372,10.0,0.5453439435676373,0
5,trf_11_305a,1.5053529638472927,75.0,2.0071372851297236,0
5,trf_16_539a,0.04928951994190502,10.0,0.4928951994190502,0
5,trf_6_1151a,1.0787554577505072,30.0,3.595851525835024,0
5,trf_6_4764a,0.26711511792915005,75.0,0.3561534905722001,0
5,trf_6_4765a,0.4451671530279364,150.0,0.29677810201862426,0
5,trf_16_538a,0.7920558757009092,30.0,2.6401862523363637,0
5,trf_11_133a,0.04902475002123835,10.0,0.4902475002123835,0
5,trf_6_723a,1.0148898001982456,15.0,6.765932001321638,0
5,trf_6_722a,0.2945621535650667,15.0,1.963747690433778,0
5,trf_6_726a,0.07892415703501325,15.0,0.5261610469000884,0
5,trf_6_737a,0.9545782906887219,15.0,6.363855271258146,0
5,trf_6_728a,1.762741784961108,30.0,5.87580594987036,0
5,trf_6_125a,0.052593270241083595,10.0,0.525932702410836,0
5,trf_6_3011a,0.37329103979224515,10.0,3.7329103979224514,0
5,trf_6_3819a,2.241358634947531,30.0,7.471195449825103,0
5,trf_6_1344a,0.24698850857949994,10.0,2.4698850857949997,0
5,trf_6_122a,0.11786004775741714,10.0,1.1786004775741714,0
5,trf_6_1212a,0.8160738986998973,25.0,3.2642955947995893,0
5,trf_6_1213a,0.16998790269903663,10.0,1.699879026990366,0
5,trf_6_1139a,1.7946522023141795,15.0,11.964348015427865,0
5,trf_6_1145a,0.43524850841938767,10.0,4.3524850841938765,0
5,trf_16_302a,0.19367273860810336,10.0,1.9367273860810337,0
5,trf_16_301a,0.7352498292647901,25.0,2.9409993170591604,0
5,trf_6_124a,2.8860403209951575,45.0,6.413422935544794,0
5,trf_16_6318a,2.0242908263381074,45.0,4.498424058529127,0
5,trf_16_303a,0.868507077779682,15.0,5.79004718519788,0
5,trf_6_1256a,0.29654909973164745,10.0,2.9654909973164747,0
5,trf_6_2090a,1.1764728222138174,15.0,7.843152148092116,0
5,trf_6_1445a,0.5396707928653542,10.0,5.396707928653543,0
5,trf_6_4766a,0.36626940739438424,112.5,0.325572806572786,0
5,trf_16_3549a,0.0,0.0,0.0,0
5,trf_11_4675a,0.44173850722861,150.0,0.2944923381524067,0
5,trf_16_4173a,0.36816806011831454,10.0,3.681680601183145,0
5,trf_6_4662a,0.7248968794447257,300.0,0.2416322931482419,0
5,trf_6_2860a,0.8251906051288818,10.0,8.251906051288817,0
5,trf_6_1178a,0.655611457273214,15.0,4.370743048488094,0
5,trf_6_4249a,1.0606875854278977,25.0,4.242750341711591,0
5,trf_6_2887a,0.5990302323086971,10.0,5.990302323086971,0
5,trf_6_2064a,0.24764384228554437,5.0,4.952876845710888,0
5,trf_6_4161a,0.23575671288672578,10.0,2.3575671288672577,0
5,trf_6_1960a,0.48857527788691535,10.0,4.885752778869153,0
5,trf_6_6394a,0.922821450705203,25.0,3.691285802820812,0
5,trf_6_3613a,0.2126908846310412,10.0,2.1269088463104118,0
5,trf_6_738a,0.034623399400641755,5.0,0.692467988012835,0
5,trf_16_2195a,3.130935366025526,15.0,20.872902440170172,0
5,trf_16_4674a,0.6135693893829476,225.0,0.2726975063924212,0
5,trf_6_2417a,0.6028448477863808,10.0,6.028448477863808,0
5,trf_16_4687a,0.2693195509920466,75.0,0.3590927346560621,0
5,trf_16_2428a,0.3356042999644459,5.0,6.712085999288918,0
5,trf_16_2658a,0.3163437259677486,15.0,2.108958173118324,0
5,trf_6_1177a,3.2450025379486047,75.0,4.32667005059814,0
5,trf_6_4661a,0.44524830756007405,150.0,0.29683220504004937,0
5,trf_6_3019a,0.3914170958806288,10.0,3.914170958806288,0
5,trf_6_3013a,0.8966447438462157,5.0,17.932894876924315,0
5,trf_16_3364a,0.5284823786169233,15.0,3.523215857446155,0
5,trf_6_3563a,0.9423115531645483,10.0,9.423115531645482,0
5,trf_16_3328a,0.3454422245709383,10.0,3.454422245709383,0
5,trf_6_3721a,0.02962917888071632,5.0,0.5925835776143263,0
5,trf_6_3434a,0.5966536793055183,5.0,11.933073586110364,0
5,trf_6_3010a,0.1515817577956856,10.0,1.5158175779568561,0
5,trf_6_3509a,1.5944813037044687,5.0,31.889626074089374,0
5,trf_16_6165a,0.0,0.0,0.0,0
5,trf_6_3142a,0.2661699609453961,10.0,2.6616996094539607,0
5,trf_16_3908a,0.0,0.0,0.0,0
5,trf_6_3604a,0.10029078218025725,10.0,1.0029078218025727,0
5,trf_6_3012a,0.21206656745393393,10.0,2.1206656745393393,0
5,trf_6_3507a,0.36011332718196554,10.0,3.6011332718196556,0
5,trf_34_5142a,0.22973085321297804,10.0,2.2973085321297804,0
5,trf_6_3508a,0.04449204836904726,10.0,0.4449204836904726,0
5,trf_6_3634a,0.7704969754920413,10.0,7.704969754920413,0
5,trf_6_3224a,0.21306273737982426,5.0,4.261254747596485,0
5,trf_16_3904a,0.5791783901100988,10.0,5.791783901100987,0
5,trf_11_3987a,0.6459241817330494,5.0,12.91848363466099,0
5,trf_16_3997a,0.939222353782669,30.0,3.1307411792755633,0
5,trf_6_3817a,0.18543184171500326,5.0,3.708636834300065,0
5,trf_6_3818a,0.6712085019742816,10.0,6.7120850197428155,0
5,trf_16_1142a,1.9361629175169148,45.0,4.3025842611486995,0
5,trf_34_5260a,0.5717534294500257,10.0,5.717534294500257,0
5,trf_6_5725a,0.7260275715646372,300.0,0.2420091905215457,0
5,trf_6_5472a,0.6749753922767184,15.0,4.499835948511456,0
5,trf_6_4925a,0.36635097866375543,112.5,0.3256453143677826,0
5,trf_6_3256a,2.698571552935004,15.0,17.990477019566693,0
5,trf_6_4998a,0.36534258110947804,112.5,0.3247489609862027,0
5,trf_16_5055a,1.3614344376006127,10.0,13.614344376006127,0
5,trf_6_724a,0.9061440849498816,30.0,3.0204802831662723,0
5,trf_11_4785a,0.3240716457044275,10.0,3.2407164570442744,0
5,trf_16_5003a,0.08502441635796668,15.0,0.5668294423864445,0
5,trf_6_5157a,0.7251764370385319,300.0,0.24172547901284394,0
5,trf_6_5085a,1.6543086276212529,30.0,5.514362092070843,0
5,trf_6_5595a,1.0754864631826326,30.0,3.5849548772754423,0
5,trf_11_5652a,0.05893808968522794,15.0,0.3929205979015196,0
5,trf_16_5666a,0.14294875221278378,10.0,1.4294875221278378,0
5,trf_6_5711a,0.7939608876585249,30.0,2.646536292195083,0
5,trf_6_5712a,1.90029648244121,30.0,6.334321608137367,0
5,trf_6_5659a,0.4345953230517585,30.0,1.4486510768391951,0
5,trf_6_1262a,0.6235254968533989,10.0,6.235254968533988,0
5,trf_16_6019a,0.06350040835688632,10.0,0.6350040835688632,0
5,trf_16_6122a,0.04495057767744413,10.0,0.4495057767744413,0
5,trf_6_6158a,3.7424058222580214,45.0,8.316457382795603,0
5,trf_6_6197a,5.655860627092915,75.0,7.541147502790553,0
5,trf_6_6153a,5.38889061883512,30.0,17.9629687294504,0
5,trf_6_1504a,0.6191750321134187,30.0,2.0639167737113957,0
5,trf_6_6249a,2.571020826523061,30.0,8.570069421743536,0
5,trf_16_6312a,0.5572363648228958,30.0,1.8574545494096528,0
5,trf_6_6386a,0.4446666459855531,150.0,0.2964444306570354,0
5,trf_6_4627a,0.36628392034495166,112.5,0.32558570697329037,0
5,trf_11_6443a,0.44173521168616053,150.0,0.29449014112410704,0
5,trf_12_6577a,0.1374424907819525,30.0,0.4581416359398417,0
5,trf_12_6578a,0.1816226633519063,45.0,0.4036059185597918,0
5,trf_11_6482a,0.18160932059734813,45.0,0.40357626799410695,0
5,trf_6_1647a,0.35823791452895654,10.0,3.5823791452895657,0
5,trf_6_6496a,0.3651538862806632,112.5,0.3245812322494784,0
5,trf_6_727a,2.2611324948754223,30.0,7.537108316251408,0
6,trf_6_1030a,1.7429623784550403,10.0,17.429623784550405,0
6,trf_6_878a,0.2606928006849739,10.0,2.6069280068497394,0
6,trf_16_1585a,0.36884058413498405,15.0,2.4589372275665604,0
6,trf_16_3545a,0.04491465304761226,10.0,0.4491465304761226,0
6,trf_16_1143a,6.556059997601286,30.0,21.85353332533762,0
6,trf_16_6460a,2.3847638396940734,25.0,9.539055358776293,0
6,trf_6_725a,0.049200336600566344,10.0,0.4920033660056634,0
6,trf_6_3820a,2.417006216974042,15.0,16.113374779826948,0
6,trf_6_3538a,1.6099221166955644,10.0,16.099221166955644,0
6,trf_6_4910a,26.734813815191316,30.0,89.11604605063772,0
6,trf_6_1870a,0.7073588767555732,15.0,4.715725845037155,0
6,trf_6_127a,3.206122058998352,15.0,21.374147059989014,0
6,trf_6_1541a,1.337559063226651,15.0,8.917060421511005,0
6,trf_6_1503a,0.8805956397357203,10.0,8.805956397357203,0
6,trf_6_6272a,0.6342261102357758,15.0,4.228174068238506,0
6,trf_6_128a,1.1250416342634724,15.0,7.500277561756482,0
6,trf_6_1260a,0.04416060052511602,10.0,0.4416060052511602,0
6,trf_6_1350a,1.1245478282259278,45.0,2.498995173835395,0
6,trf_6_808a,1.78790229674849,15.0,11.919348644989933,0
6,trf_6_1475a,1.657868777424231,15.0,11.052458516161542,0
6,trf_6_1138a,2.551627557706142,10.0,25.51627557706142,0
6,trf_6_1146a,2.1624567418036658,10.0,21.624567418036655,0
6,trf_16_2916a,1.6712175488591927,10.0,16.712175488591928,0
6,trf_16_1140a,0.04482904475740637,10.0,0.4482904475740638,0
6,trf_16_5474a,1.4401888844026478,10.0,14.401888844026479,0
6,trf_16_3548a,1.3036034673147225,10.0,13.036034673147224,0
6,trf_16_1141a,1.739431749307612,15.0,11.596211662050745,0
6,trf_6_810a,2.906841981826001,30.0,9.689473272753336,0
6,trf_16_300a,1.4378134510633627,15.0,9.585423007089084,0
6,trf_16_3130a,4.199598877876963,30.0,13.998662926256543,0
6,trf_11_4955a,6.694889271609613,15.0,44.63259514406409,0
6,trf_11_131a,2.854028485155856,10.0,28.54028485155856,0
6,trf_6_1048a,0.5772616401248594,15.0,3.848410934165729,0
6,trf_6_129a,1.3212368607298903,10.0,13.212368607298904,0
6,trf_34_1018a,0.7816585010317384,5.0,15.633170020634768,0
6,trf_16_5730a,1.049928155838637,25.0,4.199712623354548,0
6,trf_16_1144a,1.8444020545516078,15.0,12.296013697010718,0
6,trf_6_6273a,2.5291823892297045,30.0,8.430607964099016,0
6,trf_6_1238a,1.8633463809238984,15.0,12.422309206159323,0
6,trf_6_731a,0.5529984538787917,15.0,3.6866563591919443,0
6,trf_6_732a,2.5154379964071,30.0,8.384793321357,0
6,trf_16_6082a,0.6565861765150076,15.0,4.377241176766717,0
6,trf_16_537a,0.6496242723602184,5.0,12.992485447204368,0
6,trf_16_3996a,5.28849023233082,15.0,35.25660154887213,0
6,trf_16_1095a,1.3038940724894357,15.0,8.69262714992957,0
6,trf_6_730a,0.5611360823906961,15.0,3.740907215937974,0
6,trf_34_1649a,0.4181032435002195,5.0,8.36206487000439,0
6,trf_34_5029a,0.732119781361829,10.0,7.321197813618289,0
6,trf_34_1581a,1.8366859809764635,10.0,18.366859809764634,0
6,trf_11_132a,1.1252615957593601,10.0,11.252615957593601,0
6,trf_16_3221a,3.6354467623351594,25.0,14.541787049340638,0
6,trf_16_504a,1.8942332269897666,15.0,12.62822151326511,0
6,trf_6_735a,0.49464086945929786,10.0,4.946408694592979,0
6,trf_6_4489a,5.698274083150817,25.0,22.79309633260327,0
6,trf_6_729a,3.172104238215627,15.0,21.14736158810418,0
6,trf_16_299a,4.339444941764284,45.0,9.643210981698408,0
6,trf_16_1301a,1.353652819589807,10.0,13.536528195898068,0
6,trf_16_2139a,5.008087585818706,25.0,20.032350343274825,0
6,trf_16_6081a,0.4916745787781076,10.0,4.9167457877810765,0
6,trf_6_1019a,5.407152451471001,25.0,21.628609805884004,0
6,trf_11_2597a,1.3483761258838152,10.0,13.483761258838152,0
6,trf_11_130a,1.0844827495141318,15.0,7.2298849967608785,0
6,trf_6_4704a,1.3883408771461456,10.0,13.883408771461456,0
6,trf_6_733a,0.06302906804079166,10.0,0.6302906804079165,0
6,trf_11_305a,4.499624899084037,75.0,5.999499865445383,0
6,trf_16_539a,0.04906323790752607,10.0,0.4906323790752607,0
6,trf_6_1151a,1.8717317213869988,30.0,6.239105737956663,0
6,trf_6_4764a,0.26660144297381544,75.0,0.3554685906317539,0
6,trf_6_4765a,0.44431714952120915,150.0,0.29621143301413944,0
6,trf_16_538a,1.3429148625821679,30.0,4.4763828752738934,0
6,trf_11_133a,0.048673904665383655,10.0,0.48673904665383655,0
6,trf_6_723a,1.800664685180694,15.0,12.00443123453796,0
6,trf_6_722a,0.47774950671553806,15.0,3.1849967114369204,0
6,trf_6_726a,0.0787146342858412,15.0,0.5247642285722747,0
6,trf_6_737a,1.6899715532076007,15.0,11.266477021384004,0
6,trf_6_728a,3.126680971820988,30.0,10.42226990606996,0
6,trf_6_125a,0.05948265277523487,10.0,0.5948265277523487,0
6,trf_6_3011a,0.6443701505593711,10.0,6.443701505593711,0
6,trf_6_3819a,3.9928844983969034,30.0,13.309614994656345,0
6,trf_6_1344a,0.4167857463664394,10.0,4.167857463664394,0
6,trf_6_122a,0.17603228945420835,10.0,1.7603228945420835,0
6,trf_6_1212a,1.4323362399506068,25.0,5.729344959802427,0
6,trf_6_1213a,0.19762909540926785,10.0,1.9762909540926785,0
6,trf_6_1139a,1.9021981194552384,15.0,12.681320796368256,0
6,trf_6_1145a,0.6858294861155271,10.0,6.8582948611552705,0
6,trf_16_302a,0.3194426410426388,10.0,3.194426410426388,0
6,trf_16_301a,1.2772123901158268,25.0,5.108849560463307,0
6,trf_6_124a,4.585399186674386,45.0,10.189775970387524,0
6,trf_16_6318a,3.566111244388571,45.0,7.924691654196824,0
6,trf_16_303a,1.5364529648801553,15.0,10.243019765867702,0
6,trf_6_1256a,0.5052795364229701,10.0,5.0527953642297,0
6,trf_6_2090a,2.0970644672656786,15.0,13.980429781771191,0
6,trf_6_1445a,0.955720543052711,10.0,9.55720543052711,0
6,trf_6_4766a,0.36553980694035126,112.5,0.3249242728358678,0
6,trf_16_3549a,0.0,0.0,0.0,0
6,trf_11_4675a,0.4393483754265486,150.0,0.29289891695103243,0
6,trf_16_4173a,0.6409757326581699,10.0,6.409757326581699,0
6,trf_6_4662a,0.7229955994927153,300.0,0.24099853316423842,0
6,trf_6_2860a,1.4783295977431599,10.0,14.783295977431598,0
6,trf_6_1178a,1.1556676668625172,15.0,7.704451112416781,0
6,trf_6_4249a,1.327099533328639,25.0,5.308398133314556,0
6,trf_6_2887a,1.0634421646914334,10.0,10.634421646914333,0
6,trf_6_2064a,0.4306668023370129,5.0,8.613336046740258,0
6,trf_6_4161a,0.39744134170687334,10.0,3.974413417068733,0
6,trf_6_1960a,0.8614771017931938,10.0,8.614771017931938,0
6,trf_6_6394a,1.6308469855422933,25.0,6.523387942169173,0
6,trf_6_3613a,0.35504860673277955,10.0,3.550486067327795,0
6,trf_6_738a,0.034539628447623656,5.0,0.6907925689524731,0
6,trf_16_2195a,5.6829207384027995,15.0,37.88613825601866,0
6,trf_16_4674a,0.6102342757725072,225.0,0.2712152336766699,0
6,trf_6_2417a,1.0709947678559215,10.0,10.709947678559214,0
6,trf_16_4687a,0.2691742412664788,75.0,0.3588989883553051,0
6,trf_16_2428a,0.5931845665300005,5.0,11.863691330600009,0
6,trf_16_2658a,0.5171867698121018,15.0,3.4479117987473455,0
6,trf_6_1177a,4.3563466343298405,75.0,5.808462179106454,0
6,trf_6_4661a,0.4440856125482546,150.0,0.29605707503216977,0
6,trf_6_3019a,0.6817319442740757,10.0,6.817319442740756,0
6,trf_6_3013a,1.622068251328437,5.0,32.44136502656874,0
6,trf_16_3364a,0.9066014188917169,15.0,6.044009459278112,0
6,trf_6_3563a,1.6920235458713757,10.0,16.920235458713755,0
6,trf_16_3328a,0.5986884077430314,10.0,5.9868840774303145,0
6,trf_6_3721a,0.02957165436566882,5.0,0.5914330873133764,0
6,trf_6_3434a,1.0688258604220833,5.0,21.376517208441665,0
6,trf_6_3010a,0.24273739206833697,10.0,2.4273739206833698,0
6,trf_6_3509a,2.8982039094551597,5.0,57.96407818910319,0
6,trf_16_6165a,0.0,0.0,0.0,0
6,trf_6_3142a,0.45358797431757686,10.0,4.5358797431757685,0
6,trf_16_3908a,0.0,0.0,0.0,0
6,trf_6_3604a,0.1480930433579591,10.0,1.480930433579591,0
6,trf_6_3012a,0.35406412313712865,10.0,3.5406412313712865,0
6,trf_6_3507a,0.6245593086482002,10.0,6.2455930864820015,0
6,trf_34_5142a,0.3858991590488126,10.0,3.858991590488126,0
6,trf_6_3508a,0.04440725945239349,10.0,0.4440725945239349,0
6,trf_6_3634a,1.3783931171514632,10.0,13.783931171514633,0
6,trf_6_3224a,0.36796475902764797,5.0,7.35929518055296,0
6,trf_16_3904a,1.0290624817692384,10.0,10.290624817692384,0
6,trf_11_3987a,1.1596814096181078,5.0,23.19362819236216,0
6,trf_16_3997a,1.612307126171296,30.0,5.374357087237653,0
6,trf_6_3817a,0.31670650024159736,5.0,6.334130004831946,0
6,trf_6_3818a,1.1974263949671218,10.0,11.974263949671217,0
6,trf_16_1142a,3.4130398632877785,45.0,7.584533029528397,0
6,trf_34_5260a,1.012491935676248,10.0,10.12491935676248,0
6,trf_6_5725a,0.7244319361843374,300.0,0.2414773120614458,0
6,trf_6_5472a,1.1918103073719883,15.0,7.9454020491465895,0
6,trf_6_4925a,0.3656234462822135,112.5,0.3249986189175231,0
6,trf_6_3256a,4.885832659393165,15.0,32.572217729287765,0
6,trf_6_4998a,0.3644336790543218,112.5,0.323941048048286,0
6,trf_16_5055a,2.464943721933263,10.0,24.64943721933263,0
6,trf_6_724a,1.5543611992848865,30.0,5.181203997616288,0
6,trf_11_4785a,0.5589105671868045,10.0,5.589105671868046,0
6,trf_16_5003a,0.10690629667601895,15.0,0.712708644506793,0
6,trf_6_5157a,0.7232540733379363,300.0,0.24108469111264544,0
6,trf_6_5085a,2.927305347993434,30.0,9.757684493311446,0
6,trf_6_5595a,1.10092717125591,30.0,3.6697572375197,0
6,trf_11_5652a,0.05858760295709042,15.0,0.39058401971393614,0
6,trf_16_5666a,0.226713954543194,10.0,2.2671395454319403,0
6,trf_6_5711a,1.3482347938737862,30.0,4.494115979579288,0
6,trf_6_5712a,2.9392166128528223,30.0,9.79738870950941,0
6,trf_6_5659a,0.6869571691146473,30.0,2.289857230382158,0
6,trf_6_1262a,1.105332749170084,10.0,11.05332749170084,0
6,trf_16_6019a,0.07943103137593678,10.0,0.7943103137593679,0
6,trf_16_6122a,0.04493363450560259,10.0,0.4493363450560259,0
6,trf_6_6158a,6.705094939637215,45.0,14.90021097697159,0
6,trf_6_6197a,10.170141822342297,75.0,13.560189096456396,0
6,trf_6_6153a,7.450402340725403,30.0,24.83467446908468,0
6,trf_6_1504a,1.026053783834775,30.0,3.42017927944925,0
6,trf_6_6249a,3.242235556835087,30.0,10.807451856116955,0
6,trf_16_6312a,0.911652763772819,30.0,3.0388425459093966,0
6,trf_6_6386a,0.4436447889919326,150.0,0.29576319266128837,0
6,trf_6_4627a,0.3655622937536654,112.5,0.32494426111436925,0
6,trf_11_6443a,0.43935543625771434,150.0,0.29290362417180954,0
6,trf_12_6577a,0.13669935493309188,30.0,0.4556645164436396,0
6,trf_12_6578a,0.1806406503560572,45.0,0.40142366745790486,0
6,trf_11_6482a,0.18062737974422433,45.0,0.4013941772093874,0
6,trf_6_1647a,0.6223794071087941,10.0,6.223794071087942,0
6,trf_6_6496a,0.3642162726381843,112.5,0.32374779790060826,0
6,trf_6_727a,4.0412279018132615,30.0,13.470759672710871,0
7,trf_6_1030a,1.7732161099530834,10.0,17.732161099530835,0
7,trf_6_878a,0.2643421502393331,10.0,2.6434215023933314,0
7,trf_16_1585a,0.3737204065481881,15.0,2.491469376987921,0
7,trf_16_3545a,0.04485473727494484,10.0,0.4485473727494484,0
7,trf_16_1143a,5.51940533233052,30.0,18.39801777443507,0
7,trf_16_6460a,2.4365940583928416,25.0,9.746376233571366,0
7,trf_6_725a,0.048727812373947035,10.0,0.4872781237394704,0
7,trf_6_3820a,2.459792221995272,15.0,16.398614813301815,0
7,trf_6_3538a,1.6387154163779436,10.0,16.387154163779435,0
7,trf_6_4910a,27.233002866519012,30.0,90.77667622173004,0
7,trf_6_1870a,0.7188174831961205,15.0,4.792116554640803,0
7,trf_6_127a,3.2641976014618885,15.0,21.76131734307926,0
7,trf_6_1541a,0.5385081889212713,15.0,3.5900545928084755,0
7,trf_6_1503a,0.8968968563013724,10.0,8.968968563013723,0
7,trf_6_6272a,0.6445237500310571,15.0,4.296825000207048,0
7,trf_6_128a,1.144486066779782,15.0,7.629907111865213,0
7,trf_6_1260a,0.04375938633139625,10.0,0.4375938633139625,0
7,trf_6_1350a,0.12187825489082899,45.0,0.2708405664240644,0
7,trf_6_808a,1.8183525526365742,15.0,12.122350350910494,0
7,trf_6_1475a,1.605026072011677,15.0,10.700173813411178,0
7,trf_6_1138a,2.1091696145913894,10.0,21.091696145913893,0
7,trf_6_1146a,1.4231116913443227,10.0,14.231116913443227,0
7,trf_16_2916a,1.7070470837257712,10.0,17.070470837257712,0
7,trf_16_1140a,0.04472166605786587,10.0,0.44721666057865866,0
7,trf_16_5474a,1.4710066598674416,10.0,14.710066598674416,0
7,trf_16_3548a,1.205895597159093,10.0,12.05895597159093,0
7,trf_16_1141a,1.778424271373147,15.0,11.856161809154314,0
7,trf_6_810a,2.9561057297348934,30.0,9.853685765782979,0
7,trf_16_300a,1.4634328023031533,15.0,9.756218682021023,0
7,trf_16_3130a,4.2750954879493275,30.0,14.250318293164424,0
7,trf_11_4955a,6.817394378348223,15.0,45.44929585565482,0
7,trf_11_131a,2.9052443809950037,10.0,29.052443809950034,0
7,trf_6_1048a,0.5855350081456004,15.0,3.90356672097067,0
7,trf_6_129a,1.3447244448915034,10.0,13.447244448915034,0
7,trf_34_1018a,0.7954881309890522,5.0,15.909762619781045,0
7,trf_16_5730a,1.0677194640834924,25.0,4.2708778563339695,0
7,trf_16_1144a,1.882963651635863,15.0,12.553091010905753,0
7,trf_6_6273a,0.6168694347754896,30.0,2.056231449251632,0
7,trf_6_1238a,1.8961843165936276,15.0,12.64122877729085,0
7,trf_6_731a,0.5611730880109348,15.0,3.7411539200728985,0
7,trf_6_732a,2.5582056047391806,30.0,8.527352015797268,0
7,trf_16_6082a,0.08743490704281881,15.0,0.5828993802854587,0
7,trf_16_537a,0.6612112563772269,5.0,13.224225127544537,0
7,trf_16_3996a,5.387796560255321,15.0,35.918643735035474,0
7,trf_16_1095a,1.326817957197803,15.0,8.845453047985353,0
7,trf_6_730a,0.5461782393836601,15.0,3.641188262557734,0
7,trf_34_1649a,0.4251501831314445,5.0,8.503003662628888,0
7,trf_34_5029a,0.2566254021667106,10.0,2.5662540216671057,0
7,trf_34_1581a,1.8697511262987876,10.0,18.697511262987877,0
7,trf_11_132a,1.1449873861323456,10.0,11.449873861323457,0
7,trf_16_3221a,3.702981835057409,25.0,14.811927340229635,0
7,trf_16_504a,1.9279828133494947,15.0,12.853218755663299,0
7,trf_6_735a,0.5025502510420076,10.0,5.0255025104200755,0
7,trf_6_4489a,3.999741504525409,25.0,15.998966018101637,0
7,trf_6_729a,3.228003856661787,15.0,21.52002571107858,0
7,trf_16_299a,4.417486112113596,45.0,9.81663580469688,0
7,trf_16_1301a,1.3781495180274266,10.0,13.781495180274266,0
7,trf_16_2139a,5.102246764972992,25.0,20.408987059891967,0
7,trf_16_6081a,0.500026208870969,10.0,5.0002620887096905,0
7,trf_6_1019a,4.715075879469928,25.0,18.86030351787971,0
7,trf_11_2597a,1.3718987749756462,10.0,13.718987749756462,0
7,trf_11_130a,1.1025058465499278,15.0,7.350038976999518,0
7,trf_6_4704a,1.1938814411467489,10.0,11.938814411467488,0
7,trf_6_733a,0.06302177631949188,10.0,0.6302177631949187,0
7,trf_11_305a,11.801651236201774,75.0,15.735534981602365,0
7,trf_16_539a,0.0486939965061355,10.0,0.486939965061355,0
7,trf_6_1151a,1.9043152101123733,30.0,6.347717367041244,0
7,trf_6_4764a,0.2645971158239301,75.0,0.35279615443190676,0
7,trf_6_4765a,0.4409513927643543,150.0,0.2939675951762362,0
7,trf_16_538a,1.3654611401175996,30.0,4.551537133725332,0
7,trf_11_133a,0.04823686456546425,10.0,0.4823686456546425,0
7,trf_6_723a,1.8307172629270843,15.0,12.204781752847229,0
7,trf_6_722a,0.48423432678328465,15.0,3.228228845221898,0
7,trf_6_726a,0.07794265577766214,15.0,0.5196177051844143,0
7,trf_6_737a,1.7201859228996939,15.0,11.467906152664625,0
7,trf_6_728a,3.1788900563748568,30.0,10.59630018791619,0
7,trf_6_125a,0.05941317176596274,10.0,0.5941317176596275,0
7,trf_6_3011a,0.6549851346624769,10.0,6.549851346624768,0
7,trf_6_3819a,4.0632922172784465,30.0,13.544307390928155,0
7,trf_6_1344a,0.42342472126236724,10.0,4.234247212623672,0
7,trf_6_122a,0.17801529796415647,10.0,1.7801529796415647,0
7,trf_6_1212a,1.4565453048399237,25.0,5.826181219359695,0
7,trf_6_1213a,0.17474340498681842,10.0,1.7474340498681844,0
7,trf_6_1139a,0.5308996993039379,15.0,3.539331328692919,0
7,trf_6_1145a,0.673902695773466,10.0,6.73902695773466,0
7,trf_16_302a,0.3242667063301846,10.0,3.242667063301846,0
7,trf_16_301a,1.2986628155558368,25.0,5.194651262223348,0
7,trf_6_124a,4.0749686643439365,45.0,9.055485920764303,0
7,trf_16_6318a,3.6270918182221803,45.0,8.060204040493735,0
7,trf_16_303a,1.5628713670144359,15.0,10.419142446762907,0
7,trf_6_1256a,0.5131694488614259,10.0,5.13169448861426,0
7,trf_6_2090a,2.1330414374959186,15.0,14.22027624997279,0
7,trf_6_1445a,0.9718226386678946,10.0,9.718226386678946,0
7,trf_6_4766a,0.36298858764568526,112.5,0.32265652235172027,0
7,trf_16_3549a,0.0,0.0,0.0,0
7,trf_11_4675a,0.43524960703706606,150.0,0.2901664046913774,0
7,trf_16_4173a,0.6538751083570549,10.0,6.538751083570548,0
7,trf_6_4662a,0.7155860527735818,300.0,0.2385286842578606,0
7,trf_6_2860a,1.5041210650967944,10.0,15.041210650967944,0
7,trf_6_1178a,1.1770385505885776,15.0,7.846923670590518,0
7,trf_6_4249a,0.7619783654485739,25.0,3.047913461794296,0
7,trf_6_2887a,1.0833495084098461,10.0,10.833495084098463,0
7,trf_6_2064a,0.4384508194434832,5.0,8.769016388869662,0
7,trf_6_4161a,0.4042595583773251,10.0,4.042595583773251,0
7,trf_6_1960a,0.8775142250017509,10.0,8.77514225001751,0
7,trf_6_6394a,1.6613291995466106,25.0,6.645316798186443,0
7,trf_6_3613a,0.3610234432280539,10.0,3.6102344322805395,0
7,trf_6_738a,0.03430397116398786,5.0,0.6860794232797571,0
7,trf_16_2195a,5.791039910595219,15.0,38.60693273730146,0
7,trf_16_4674a,0.6045660356765467,225.0,0.268696015856243,0
7,trf_6_2417a,1.0898599676832021,10.0,10.898599676832022,0
7,trf_16_4687a,0.26871867844636327,75.0,0.3582915712618177,0
7,trf_16_2428a,0.6054214323267552,5.0,12.108428646535103,0
7,trf_16_2658a,0.5247138368295632,15.0,3.498092245530421,0
7,trf_6_1177a,4.34981216883899,75.0,5.799749558451986,0
7,trf_6_4661a,0.4412116327696355,150.0,0.29414108851309034,0
7,trf_6_3019a,0.6930919617447793,10.0,6.930919617447794,0
7,trf_6_3013a,1.6550716816599431,5.0,33.10143363319886,0
7,trf_16_3364a,0.9214681697849229,15.0,6.143121131899486,0
7,trf_6_3563a,1.7243314258296056,10.0,17.243314258296056,0
7,trf_16_3328a,0.6089770360670725,10.0,6.089770360670725,0
7,trf_6_3721a,0.02929834753076868,5.0,0.5859669506153736,0
7,trf_6_3434a,1.0876250423991276,5.0,21.752500847982553,0
7,trf_6_3010a,0.24688805974628134,10.0,2.4688805974628134,0
7,trf_6_3509a,2.95506167873206,5.0,59.1012335746412,0
7,trf_16_6165a,0.0,0.0,0.0,0
7,trf_6_3142a,0.4606993089127861,10.0,4.606993089127861,0
7,trf_16_3908a,0.0,0.0,0.0,0
7,trf_6_3604a,0.1496313577149578,10.0,1.4963135771495781,0
7,trf_6_3012a,0.3603676503939177,10.0,3.6036765039391776,0
7,trf_6_3507a,0.6348679883731115,10.0,6.348679883731116,0
7,trf_34_5142a,0.39197761713333484,10.0,3.9197761713333485,0
7,trf_6_3508a,0.044020669846056085,10.0,0.4402066984605608,0
7,trf_6_3634a,1.4048045170317756,10.0,14.048045170317755,0
7,trf_6_3224a,0.37496526410194353,5.0,7.499305282038871,0
7,trf_16_3904a,1.0507975558898395,10.0,10.507975558898394,0
7,trf_11_3987a,1.1801068846090845,5.0,23.602137692181692,0
7,trf_16_3997a,1.639105467621684,30.0,5.46368489207228,0
7,trf_6_3817a,0.32223936523446156,5.0,6.444787304689231,0
7,trf_6_3818a,1.2180252658940407,10.0,12.180252658940407,0
7,trf_16_1142a,3.4851418308977196,45.0,7.744759624217155,0
7,trf_34_5260a,1.0302273825777037,10.0,10.302273825777037,0
7,trf_6_5725a,0.7181181289240295,300.0,0.2393727096413432,0
7,trf_6_5472a,1.2126027254940452,15.0,8.0840181699603,0
7,trf_6_4925a,0.3631436245455472,112.5,0.32279433292937526,0
7,trf_6_3256a,4.975720660729113,15.0,33.17147107152742,0
7,trf_6_4998a,0.3611269240062844,112.5,0.3210017102278084,0
7,trf_16_5055a,2.521013468585365,10.0,25.210134685853653,0
7,trf_6_724a,1.5785539388677519,30.0,5.261846462892506,0
7,trf_11_4785a,0.5680001732896601,10.0,5.680001732896601,0
7,trf_16_5003a,0.10740958964014695,15.0,0.716063930934313,0
7,trf_6_5157a,0.7161596943853258,300.0,0.2387198981284419,0
7,trf_6_5085a,2.979074286314543,30.0,9.930247621048476,0
7,trf_6_5595a,0.31376803034983597,30.0,1.0458934344994533,0
7,trf_11_5652a,0.05805421132445143,15.0,0.38702807549634294,0
7,trf_16_5666a,0.2309185432808554,10.0,2.3091854328085537,0
7,trf_6_5711a,1.3687239533622786,30.0,4.562413177874262,0
7,trf_6_5712a,2.5179737154435324,30.0,8.393245718145108,0
7,trf_6_5659a,0.695897453530496,30.0,2.319658178434987,0
7,trf_6_1262a,1.1241098804079237,10.0,11.241098804079238,0
7,trf_16_6019a,0.0802355187270485,10.0,0.802355187270485,0
7,trf_16_6122a,0.04491656712155515,10.0,0.4491656712155515,0
7,trf_6_6158a,6.8244613466169035,45.0,15.165469659148675,0
7,trf_6_6197a,10.344368887407407,75.0,13.792491849876543,0
7,trf_6_6153a,7.308926844845505,30.0,24.36308948281835,0
7,trf_6_1504a,1.0427650811229299,30.0,3.4758836037430996,0
7,trf_6_6249a,1.848230553625518,30.0,6.16076851208506,0
7,trf_16_6312a,0.9257190398165105,30.0,3.0857301327217015,0
7,trf_6_6386a,0.43989217061029834,150.0,0.29326144707353224,0
7,trf_6_4627a,0.3630327033647775,112.5,0.3226957363242467,0
7,trf_11_6443a,0.4352622515722074,150.0,0.29017483438147157,0
7,trf_12_6577a,0.13542754507040763,30.0,0.4514251502346921,0
7,trf_12_6578a,0.17896002383952764,45.0,0.39768894186561693,0
7,trf_11_6482a,0.17894687669341847,45.0,0.39765972598537436,0
7,trf_6_1647a,0.633163182731059,10.0,6.33163182731059,0
7,trf_6_6496a,0.36073003478128657,112.5,0.320648919805588,0
7,trf_6_727a,4.111155021071947,30.0,13.703850070239822,0
8,trf_6_1030a,1.207349076220732,10.0,12.073490762207319,0
8,trf_6_878a,0.1914951533542937,10.0,1.914951533542937,0
8,trf_16_1585a,0.27566441471864617,15.0,1.8377627647909744,0
8,trf_16_3545a,0.044798561275705556,10.0,0.44798561275705556,0
8,trf_16_1143a,1.9711624505479517,30.0,6.570541501826506,0
8,trf_16_6460a,1.6690694906608032,25.0,6.676277962643213,0
8,trf_6_725a,0.04833776757259977,10.0,0.48337767572599766,0
8,trf_6_3820a,1.6770845758270208,15.0,11.180563838846805,0
8,trf_6_3538a,1.1198142157352033,10.0,11.198142157352034,0
8,trf_6_4910a,18.426457296202614,30.0,61.42152432067538,0
8,trf_6_1870a,0.5021606198780709,15.0,3.347737465853806,0
8,trf_6_127a,2.2225345606883877,15.0,14.816897071255918,0
8,trf_6_1541a,0.9503568460996469,15.0,6.335712307330979,0
8,trf_6_1503a,0.6179204045552319,10.0,6.17920404555232,0
8,trf_6_6272a,0.4525875190068047,15.0,3.0172501267120313,0
8,trf_6_128a,0.7905704119564247,15.0,5.270469413042831,0
8,trf_6_1260a,0.04347831233012522,10.0,0.43478312330125213,0
8,trf_6_1350a,1.6623548809897615,45.0,3.694121957755025,0
8,trf_6_808a,1.2463582780788838,15.0,8.309055187192559,0
8,trf_6_1475a,1.2080349531222607,15.0,8.053566354148405,0
8,trf_6_1138a,0.6850594933113043,10.0,6.850594933113044,0
8,trf_6_1146a,0.3444436803842588,10.0,3.4444368038425885,0
8,trf_16_2916a,1.165330954684993,10.0,11.653309546849929,0
8,trf_16_1140a,0.0446278835493074,10.0,0.44627883549307396,0
8,trf_16_5474a,1.006070287245794,10.0,10.060702872457941,0
8,trf_16_3548a,0.9912140029974096,10.0,9.912140029974095,0
8,trf_16_1141a,1.2192207746327142,15.0,8.128138497551427,0
8,trf_6_810a,2.0292080255439866,30.0,6.764026751813288,0
8,trf_16_300a,1.004882826780806,15.0,6.699218845205374,0
8,trf_16_3130a,2.9226560335952634,30.0,9.742186778650877,0
8,trf_11_4955a,4.621758793516824,15.0,30.811725290112157,0
8,trf_11_131a,1.9748370634914838,10.0,19.74837063491484,0
8,trf_6_1048a,0.41717057960147536,15.0,2.781137197343169,0
8,trf_6_129a,0.9216422594723628,10.0,9.216422594723628,0
8,trf_34_1018a,0.5454539173503825,5.0,10.90907834700765,0
8,trf_16_5730a,0.7425750604885893,25.0,2.970300241954357,0
8,trf_16_1144a,1.2882944215290246,15.0,8.588629476860165,0
8,trf_6_6273a,2.6796802548409104,30.0,8.932267516136369,0
8,trf_6_1238a,1.2940135547261291,15.0,8.626757031507529,0
8,trf_6_731a,0.4010974421988217,15.0,2.673982947992145,0
8,trf_6_732a,1.7616035983843448,30.0,5.872011994614483,0
8,trf_16_6082a,0.9046416647373214,15.0,6.030944431582143,0
8,trf_16_537a,0.45591314286677176,5.0,9.118262857335434,0
8,trf_16_3996a,3.649324366510663,15.0,24.328829110071087,0
8,trf_16_1095a,0.9114750922750043,15.0,6.076500615166696,0
8,trf_6_730a,0.42063122327226826,15.0,2.8042081551484555,0
8,trf_34_1649a,0.2954620038086548,5.0,5.909240076173096,0
8,trf_34_5029a,0.6008959316663753,10.0,6.008959316663754,0
8,trf_34_1581a,1.2740718794646837,10.0,12.740718794646837,0
8,trf_11_132a,0.7858393914525502,10.0,7.858393914525502,0
8,trf_16_3221a,2.5183334904411367,25.0,10.073333961764547,0
8,trf_16_504a,1.5807484058788541,15.0,10.538322705859027,0
8,trf_6_735a,0.35276279869432764,10.0,3.5276279869432763,0
8,trf_6_4489a,0.0641766479601625,25.0,0.25670659184065,0
8,trf_6_729a,2.19520966890747,15.0,14.634731126049799,0
8,trf_16_299a,3.031223302414999,45.0,6.736051783144442,0
8,trf_16_1301a,0.9435042201622327,10.0,9.435042201622327,0
8,trf_16_2139a,3.4671032119315357,25.0,13.868412847726143,0
8,trf_16_6081a,0.3504120265901594,10.0,3.5041202659015944,0
8,trf_6_1019a,2.0021305378556367,25.0,8.008522151422547,0
8,trf_11_2597a,0.9379539093757416,10.0,9.379539093757417,0
8,trf_11_130a,0.7667656879954253,15.0,5.111771253302836,0
8,trf_6_4704a,1.0980777936428132,10.0,10.980777936428131,0
8,trf_6_733a,0.056410810405149024,10.0,0.5641081040514903,0
8,trf_11_305a,18.994104881591216,75.0,25.325473175454952,0
8,trf_16_539a,0.04849548523641115,10.0,0.4849548523641115,0
8,trf_6_1151a,1.3230233300173602,30.0,4.410077766724535,0
8,trf_6_4764a,0.262923753892453,75.0,0.3505650051899373,0
8,trf_6_4765a,0.4381327296651568,150.0,0.2920884864434379,0
8,trf_16_538a,0.9618056976971804,30.0,3.2060189923239344,0
8,trf_11_133a,0.04807460262801787,10.0,0.48074602628017865,0
8,trf_6_723a,1.2540765898838357,15.0,8.360510599225572,0
8,trf_6_722a,0.34915301015768324,15.0,2.327686734384555,0
8,trf_6_726a,0.07729680966867072,15.0,0.5153120644578049,0
8,trf_6_737a,1.1814190932540287,15.0,7.876127288360192,0
8,trf_6_728a,2.1779865502800377,30.0,7.2599551676001255,0
8,trf_6_125a,0.05402358012992746,10.0,0.5402358012992746,0
8,trf_6_3011a,0.456438331665472,10.0,4.56438331665472,0
8,trf_6_3819a,2.7823067420766847,30.0,9.274355806922282,0
8,trf_6_1344a,0.29905021597899406,10.0,2.9905021597899406,0
8,trf_6_122a,0.13504882632719947,10.0,1.3504882632719948,0
8,trf_6_1212a,1.0052330618724101,25.0,4.0209322474896405,0
8,trf_6_1213a,0.1637465438669749,10.0,1.637465438669749,0
8,trf_6_1139a,1.7658914045577718,15.0,11.772609363718479,0
8,trf_6_1145a,0.5007024951753061,10.0,5.007024951753061,0
8,trf_16_302a,0.23196746549173483,10.0,2.3196746549173484,0
8,trf_16_301a,0.9015736001475604,25.0,3.6062944005902415,0
8,trf_6_124a,1.9028970392658275,45.0,4.228660087257395,0
8,trf_16_6318a,2.4978780778409826,45.0,5.550840172979961,0
8,trf_16_303a,1.073757543236404,15.0,7.158383621576026,0
8,trf_6_1256a,0.35978140795261637,10.0,3.597814079526164,0
8,trf_6_2090a,1.457942017689749,15.0,9.719613451264994,0
8,trf_6_1445a,0.6665635125890894,10.0,6.665635125890894,0
8,trf_6_4766a,0.36092047998226223,112.5,0.32081820442867753,0
8,trf_16_3549a,0.0,0.0,0.0,0
8,trf_11_4675a,0.43307157677282676,150.0,0.2887143845152178,0
8,trf_16_4173a,0.4546510166667185,10.0,4.5465101666671845,0
8,trf_6_4662a,0.7092777439071524,300.0,0.23642591463571747,0
8,trf_6_2860a,1.0254947460150292,10.0,10.254947460150293,0
8,trf_6_1178a,0.8112235473683554,15.0,5.408156982455703,0
8,trf_6_4249a,0.36463465724116767,25.0,1.4585386289646707,0
8,trf_6_2887a,0.743690443430153,10.0,7.43690443430153,0
8,trf_6_2064a,0.30452179136866486,5.0,6.090435827373297,0
8,trf_6_4161a,0.2857723874344612,10.0,2.857723874344612,0
8,trf_6_1960a,0.604665948932085,10.0,6.0466594893208505,0
8,trf_6_6394a,1.1433315075253465,25.0,4.573326030101386,0
8,trf_6_3613a,0.2566609489859831,10.0,2.5666094898598306,0
8,trf_6_738a,0.03412638451127937,5.0,0.6825276902255875,0
8,trf_16_2195a,3.926210035868372,15.0,26.174733572455814,0
8,trf_16_4674a,0.6015718685031332,225.0,0.2673652748902814,0
8,trf_6_2417a,0.7468455644230751,10.0,7.468455644230751,0
8,trf_16_4687a,0.26835857858506595,75.0,0.3578114381134213,0
8,trf_16_2428a,0.41734421777933556,5.0,8.346884355586711,0
8,trf_16_2658a,0.3771157443248536,15.0,2.514104962165691,0
8,trf_6_1177a,3.0101236396957063,75.0,4.013498186260942,0
8,trf_6_4661a,0.43918349048055494,150.0,0.2927889936537033,0
8,trf_6_3019a,0.4804411733569024,10.0,4.804411733569024,0
8,trf_6_3013a,1.1251633969642814,5.0,22.503267939285628,0
8,trf_16_3364a,0.6442789315727422,15.0,4.295192877151615,0
8,trf_6_3563a,1.1762577151885019,10.0,11.762577151885019,0
8,trf_16_3328a,0.42339861587426203,10.0,4.233986158742621,0
8,trf_6_3721a,0.029060682727852758,5.0,0.5812136545570552,0
8,trf_6_3434a,0.7421200612465865,5.0,14.842401224931729,0
8,trf_6_3010a,0.18013418612629573,10.0,1.8013418612629573,0
8,trf_6_3509a,2.002254247307162,5.0,40.04508494614324,0
8,trf_16_6165a,0.0,0.0,0.0,0
8,trf_6_3142a,0.3229850113503784,10.0,3.229850113503784,0
8,trf_16_3908a,0.0,0.0,0.0,0
8,trf_6_3604a,0.11416076289259505,10.0,1.1416076289259505,0
8,trf_6_3012a,0.25641006069613714,10.0,2.564100606961371,0
8,trf_6_3507a,0.4411096395748637,10.0,4.411096395748637,0
8,trf_34_5142a,0.27747984819152044,10.0,2.7747984819152043,0
8,trf_6_3508a,0.04368186061536681,10.0,0.43681860615366813,0
8,trf_6_3634a,0.9603026664936082,10.0,9.603026664936081,0
8,trf_6_3224a,0.26167600595803,5.0,5.2335201191606,0
8,trf_16_3904a,0.7224606066949163,10.0,7.224606066949162,0
8,trf_11_3987a,0.8040553049655589,5.0,16.081106099311178,0
8,trf_16_3997a,1.1458841404506166,30.0,3.8196138015020553,0
8,trf_6_3817a,0.22610363614255466,5.0,4.522072722851093,0
8,trf_6_3818a,0.8321235157490312,10.0,8.321235157490312,0
8,trf_16_1142a,2.407464002769355,45.0,5.3499200061541226,0
8,trf_34_5260a,0.7077722127004681,10.0,7.077722127004681,0
8,trf_6_5725a,0.7128227847397105,300.0,0.23760759491323682,0
8,trf_6_5472a,0.8338408944817105,15.0,5.558939296544737,0
8,trf_6_4925a,0.3611493968484135,112.5,0.3210216860874787,0
8,trf_6_3256a,3.3771630060198614,15.0,22.514420040132407,0
8,trf_6_4998a,0.3583865347513608,112.5,0.31856580866787626,0
8,trf_16_5055a,1.7169457678480267,10.0,17.169457678480267,0
8,trf_6_724a,1.1021097491964815,30.0,3.673699163988272,0
8,trf_11_4785a,0.39581610902876535,10.0,3.9581610902876534,0
8,trf_16_5003a,0.09092203059580312,15.0,0.6061468706386874,0
8,trf_6_5157a,0.7102219325209028,300.0,0.23674064417363425,0
8,trf_6_5085a,2.0462668191415494,30.0,6.820889397138498,0
8,trf_6_5595a,1.1291199953676894,30.0,3.7637333178922976,0
8,trf_11_5652a,0.05779366055152776,15.0,0.3852910703435184,0
8,trf_16_5666a,0.16977698013056938,10.0,1.6977698013056937,0
8,trf_6_5711a,0.9611037425841225,30.0,3.203679141947075,0
8,trf_6_5712a,1.0101105847957157,30.0,3.367035282652386,0
8,trf_6_5659a,0.5096723015901297,30.0,1.6989076719670988,0
8,trf_6_1262a,0.770736247398261,10.0,7.70736247398261,0
8,trf_16_6019a,0.06857971040093087,10.0,0.6857971040093087,0
8,trf_16_6122a,0.04491356434260599,10.0,0.4491356434260599,0
8,trf_6_6158a,4.657922092174143,45.0,10.350937982609207,0
8,trf_6_6197a,7.033428375903477,75.0,9.377904501204636,0
8,trf_6_6153a,5.370610566430064,30.0,17.902035221433547,0
8,trf_6_1504a,0.7443106510550928,30.0,2.481035503516976,0
8,trf_6_6249a,1.0669482002311632,30.0,3.556494000770544,0
8,trf_16_6312a,0.6655754977217052,30.0,2.2185849924056837,0
8,trf_6_6386a,0.4367866573344413,150.0,0.2911911048896275,0
8,trf_6_4627a,0.36098586445598413,112.5,0.3208763239608748,0
8,trf_11_6443a,0.4330878413772979,150.0,0.28872522758486524,0
8,trf_12_6577a,0.13475362805899224,30.0,0.44917876019664077,0
8,trf_12_6578a,0.17806947971591894,45.0,0.39570995492426425,0
8,trf_11_6482a,0.1780563979929098,45.0,0.39568088442868843,0
8,trf_6_1647a,0.43956337228556663,10.0,4.395633722855666,0
8,trf_6_6496a,0.3578128838566943,112.5,0.31805589676150603,0
8,trf_6_727a,2.8059145742056337,30.0,9.353048580685446,0
9,trf_6_1030a,0.8901037788124463,10.0,8.901037788124462,0
9,trf_6_878a,0.15089141339697332,10.0,1.5089141339697332,0
9,trf_16_1585a,0.22117982485905158,15.0,1.4745321657270105,0
9,trf_16_3545a,0.04479920407881594,10.0,0.4479920407881594,0
9,trf_16_1143a,1.7969911243310144,30.0,5.989970414436715,0
9,trf_16_6460a,1.233677735588968,25.0,4.934710942355872,0
9,trf_6_725a,0.048336179014951436,10.0,0.48336179014951436,0
9,trf_6_3820a,1.2371231416350623,15.0,8.247487610900416,0
9,trf_6_3538a,0.828125113217632,10.0,8.28125113217632,0
9,trf_6_4910a,13.471711713961717,30.0,44.90570571320573,0
9,trf_6_1870a,0.3808116873062916,15.0,2.538744582041944,0
9,trf_6_127a,1.636570684495167,15.0,10.910471229967781,0
9,trf_6_1541a,2.89875500396539,15.0,19.325033359769268,0
9,trf_6_1503a,0.4609501996768753,10.0,4.609501996768753,0
9,trf_6_6272a,0.345087167164647,15.0,2.30058111443098,0
9,trf_6_128a,0.5917056472236913,15.0,3.9447043148246093,0
9,trf_6_1260a,0.04353899359605738,10.0,0.43538993596057385,0
9,trf_6_1350a,4.024193279123385,45.0,8.9426517313853,0
9,trf_6_808a,0.9260453982354697,15.0,6.173635988236465,0
9,trf_6_1475a,0.9809098578641936,15.0,6.5393990524279575,0
9,trf_6_1138a,0.7936845787894348,10.0,7.936845787894347,0
9,trf_6_1146a,2.2141085272390226,10.0,22.141085272390225,0
9,trf_16_2916a,0.8586159647831976,10.0,8.586159647831975,0
9,trf_16_1140a,0.044633972868531685,10.0,0.44633972868531685,0
9,trf_16_5474a,0.7428140324706894,10.0,7.428140324706895,0
9,trf_16_3548a,0.8627957591012649,10.0,8.627957591012649,0
9,trf_16_1141a,0.9015264622568726,15.0,6.010176415045818,0
9,trf_6_810a,1.5101663459572428,30.0,5.033887819857475,0
9,trf_16_300a,0.7471970092085886,15.0,4.981313394723924,0
9,trf_16_3130a,2.163057619742926,30.0,7.210192065809753,0
9,trf_11_4955a,3.3862629690013115,15.0,22.57508646000874,0
9,trf_11_131a,1.451746099448156,10.0,14.517460994481558,0
9,trf_6_1048a,0.3233084098800019,15.0,2.1553893992000126,0
9,trf_6_129a,0.6836539375358516,10.0,6.836539375358515,0
9,trf_34_1018a,0.4051274051216878,5.0,8.102548102433756,0
9,trf_16_5730a,0.5606005232808702,25.0,2.2424020931234807,0
9,trf_16_1144a,0.951907515761542,15.0,6.346050105076946,0
9,trf_6_6273a,7.211273239320801,30.0,24.03757746440267,0
9,trf_6_1238a,0.9561613468087922,15.0,6.374408978725281,0
9,trf_6_731a,0.31175978448625585,15.0,2.0783985632417057,0
9,trf_6_732a,1.3153921338870385,30.0,4.3846404462901285,0
9,trf_16_6082a,2.2329097658604806,15.0,14.886065105736538,0
9,trf_16_537a,0.34055880818494416,5.0,6.8111761636988835,0
9,trf_16_3996a,2.6709107393968514,15.0,17.80607159597901,0
9,trf_16_1095a,0.6783058160165214,15.0,4.522038773443476,0
9,trf_6_730a,0.34963886807355826,15.0,2.3309257871570552,0
9,trf_34_1649a,0.22284705668500732,5.0,4.4569411337001466,0
9,trf_34_5029a,1.7366928906491095,10.0,17.366928906491093,0
9,trf_34_1581a,0.9398682950461582,10.0,9.398682950461582,0
9,trf_11_132a,0.5841549156403393,10.0,5.841549156403393,0
9,trf_16_3221a,1.8521549796575316,25.0,7.4086199186301265,0
9,trf_16_504a,1.4147887777901877,15.0,9.431925185267918,0
9,trf_6_735a,0.26897698079605237,10.0,2.689769807960524,0
9,trf_6_4489a,4.741220122926718,25.0,18.96488049170687,0
9,trf_6_729a,1.6159443510555522,15.0,10.772962340370348,0
9,trf_16_299a,2.2527192651180146,45.0,5.006042811373366,0
9,trf_16_1301a,0.6992422803404023,10.0,6.992422803404023,0
9,trf_16_2139a,2.5461560136860886,25.0,10.184624054744354,0
9,trf_16_6081a,0.2664882844692463,10.0,2.664882844692463,0
9,trf_6_1019a,0.6123153102893509,25.0,2.4492612411574037,0
9,trf_11_2597a,0.6943700624729164,10.0,6.943700624729165,0
9,trf_11_130a,0.5786787977880417,15.0,3.8578586519202775,0
9,trf_6_4704a,1.035265423250438,10.0,10.35265423250438,0
9,trf_6_733a,0.05292248649549886,10.0,0.5292248649549887,0
9,trf_11_305a,32.82325900761354,75.0,43.76434534348471,0
9,trf_16_539a,0.048599933765232375,10.0,0.4859993376523238,0
9,trf_6_1151a,0.9968934124067742,30.0,3.3229780413559142,0
9,trf_6_4764a,0.2630093641777625,75.0,0.3506791522370167,0
9,trf_6_4765a,0.4382753206233561,150.0,0.2921835470822374,0
9,trf_16_538a,0.7354339849128372,30.0,2.451446616376124,0
9,trf_11_133a,0.04826525640998385,10.0,0.48265256409983853,0
9,trf_6_723a,0.9313303357456697,15.0,6.208868904971131,0
9,trf_6_722a,0.27395859408738016,15.0,1.826390627249201,0
9,trf_6_726a,0.07729342044413592,15.0,0.5152894696275728,0
9,trf_6_737a,0.8789321017469238,15.0,5.859547344979492,0
9,trf_6_728a,1.6177519263194378,30.0,5.392506421064793,0
9,trf_6_125a,0.051299133645163704,10.0,0.512991336451637,0
9,trf_6_3011a,0.3451391442827752,10.0,3.4513914428277523,0
9,trf_6_3819a,2.063147156661668,30.0,6.877157188872227,0
9,trf_6_1344a,0.22941888489827633,10.0,2.2941888489827633,0
9,trf_6_122a,0.11127702412215046,10.0,1.1127702412215046,0
9,trf_6_1212a,0.7521519384748143,25.0,3.0086077538992573,0
9,trf_6_1213a,0.15680140418550645,10.0,1.5680140418550645,0
9,trf_6_1139a,4.934956174539669,15.0,32.89970783026446,0
9,trf_6_1145a,0.40170163232514156,10.0,4.017016323251416,0
9,trf_16_302a,0.1804095346481201,10.0,1.8040953464812008,0
9,trf_16_301a,0.6789786703020356,25.0,2.715914681208142,0
9,trf_6_124a,0.30180339497599035,45.0,0.6706742110577564,0
9,trf_16_6318a,1.8651774341627034,45.0,4.144838742583786,0
9,trf_16_303a,0.7994423652346184,15.0,5.32961576823079,0
9,trf_6_1256a,0.27404688110672,10.0,2.7404688110672,0
9,trf_6_2090a,1.0797710878172966,15.0,7.198473918781977,0
9,trf_6_1445a,0.4956324039275088,10.0,4.956324039275088,0
9,trf_6_4766a,0.361074131557411,112.5,0.3209547836065875,0
9,trf_16_3549a,0.0,0.0,0.0,0
9,trf_11_4675a,0.4345882302502948,150.0,0.2897254868335299,0
9,trf_16_4173a,0.34203926427829273,10.0,3.4203926427829274,0
9,trf_6_4662a,0.7091003878986888,300.0,0.2363667959662296,0
9,trf_6_2860a,0.7571314712200159,10.0,7.5713147122001585,0
9,trf_6_1178a,0.6053893324461949,15.0,4.035928882974632,0
9,trf_6_4249a,1.810072756256175,25.0,7.2402910250247,0
9,trf_6_2887a,0.5524959084394132,10.0,5.524959084394132,0
9,trf_6_2064a,0.22917591085665337,5.0,4.583518217133067,0
9,trf_6_4161a,0.21925253711710807,10.0,2.1925253711710804,0
9,trf_6_1960a,0.45112409346553717,10.0,4.511240934655372,0
9,trf_6_6394a,0.8517643214941951,25.0,3.4070572859767805,0
9,trf_6_3613a,0.19810241085154817,10.0,1.9810241085154818,0
9,trf_6_738a,0.03415345878962296,5.0,0.6830691757924592,0
9,trf_16_2195a,2.875459654691358,15.0,19.169731031275717,0
9,trf_16_4674a,0.6036618667672509,225.0,0.26829416300766706,0
9,trf_6_2417a,0.554412041305494,10.0,5.54412041305494,0
9,trf_16_4687a,0.2683859550005061,75.0,0.35784794000067477,0
9,trf_16_2428a,0.3110034002700662,5.0,6.220068005401323,0
9,trf_16_2658a,0.29487333359803536,15.0,1.9658222239869023,0
9,trf_6_1177a,2.2569864875661145,75.0,3.0093153167548192,0
9,trf_6_4661a,0.43963428701252627,150.0,0.2930895246750175,0
9,trf_6_3019a,0.3612155140708434,10.0,3.612155140708434,0
9,trf_6_3013a,0.8259311196829782,5.0,16.518622393659562,0
9,trf_16_3364a,0.48917324176937677,15.0,3.2611549451291784,0
9,trf_6_3563a,0.8674589641893506,10.0,8.674589641893506,0
9,trf_16_3328a,0.3192893237759155,10.0,3.1928932377591552,0
9,trf_6_3721a,0.029063970715179823,5.0,0.5812794143035964,0
9,trf_6_3434a,0.5481024948456554,5.0,10.96204989691311,0
9,trf_6_3010a,0.14259032198440216,10.0,1.4259032198440216,0
9,trf_6_3509a,1.464807841748959,5.0,29.29615683497918,0
9,trf_16_6165a,0.0,0.0,0.0,0
9,trf_6_3142a,0.2460516336030666,10.0,2.4605163360306657,0
9,trf_16_3908a,0.0,0.0,0.0,0
9,trf_6_3604a,0.09457424858133756,10.0,0.9457424858133756,0
9,trf_6_3012a,0.19792643727848722,10.0,1.979264372784872,0
9,trf_6_3507a,0.332535913810268,10.0,3.32535913810268,0
9,trf_34_5142a,0.21355460254234626,10.0,2.1355460254234626,0
9,trf_6_3508a,0.04366838442845352,10.0,0.4366838442845352,0
9,trf_6_3634a,0.7099453821151533,10.0,7.099453821151533,0
9,trf_6_3224a,0.197845561633848,5.0,3.9569112326769598,0
9,trf_16_3904a,0.5366119539182084,10.0,5.366119539182084,0
9,trf_11_3987a,0.5929935800071874,5.0,11.859871600143748,0
9,trf_16_3997a,0.8695779041085075,30.0,2.898593013695025,0
9,trf_6_3817a,0.17210037773031617,5.0,3.442007554606323,0
9,trf_6_3818a,0.6160639442141669,10.0,6.160639442141669,0
9,trf_16_1142a,1.7970985974448284,45.0,3.993552438766285,0
9,trf_34_5260a,0.5270496491484791,10.0,5.27049649148479,0
9,trf_6_5725a,0.7130583446789223,300.0,0.2376861148929741,0
9,trf_6_5472a,0.6214269864999287,15.0,4.142846576666191,0
9,trf_6_4925a,0.3613134754458676,112.5,0.32116753372966006,0
9,trf_6_3256a,2.4783255288315713,15.0,16.522170192210474,0
9,trf_6_4998a,0.35844798818118856,112.5,0.31862043393883427,0
9,trf_16_5055a,1.2598035351444292,10.0,12.598035351444292,0
9,trf_6_724a,0.8359246711994337,30.0,2.786415570664779,0
9,trf_11_4785a,0.2994313364631333,10.0,2.994313364631333,0
9,trf_16_5003a,0.08196863570756524,15.0,0.5464575713837683,0
9,trf_6_5157a,0.7101890609293303,300.0,0.23672968697644345,0
9,trf_6_5085a,1.5228000698040696,30.0,5.076000232680232,0
9,trf_6_5595a,3.0096811962529144,30.0,10.032270654176381,0
9,trf_11_5652a,0.05797221750777261,15.0,0.3864814500518174,0
9,trf_16_5666a,0.13519548084173244,10.0,1.3519548084173245,0
9,trf_6_5711a,0.7335130313993456,30.0,2.445043437997819,0
9,trf_6_5712a,0.6207534782812651,30.0,2.0691782609375506,0
9,trf_6_5659a,0.40616311051128573,30.0,1.3538770350376192,0
9,trf_6_1262a,0.5727877344040804,10.0,5.727877344040804,0
9,trf_16_6019a,0.06203213030754009,10.0,0.6203213030754009,0
9,trf_16_6122a,0.04492694320708555,10.0,0.4492694320708555,0
9,trf_6_6158a,3.441436967900944,45.0,7.647637706446542,0
9,trf_6_6197a,5.17922527680278,75.0,6.905633702403707,0
9,trf_6_6153a,4.2436830999503155,30.0,14.145610333167719,0
9,trf_6_1504a,0.5769860437904875,30.0,1.9232868126349583,0
9,trf_6_6249a,4.670428766319311,30.0,15.568095887731037,0
9,trf_16_6312a,0.5201061878461052,30.0,1.7336872928203506,0
9,trf_6_6386a,0.4368993671598913,150.0,0.2912662447732609,0
9,trf_6_4627a,0.3611575158391252,112.5,0.32102890296811126,0
9,trf_11_6443a,0.43462343974914486,150.0,0.2897489598327633,0
9,trf_12_6577a,0.13522774395035483,30.0,0.45075914650118276,0
9,trf_12_6578a,0.17869599769017835,45.0,0.3971022170892852,0
9,trf_11_6482a,0.1786828699406029,45.0,0.39707304431245094,0
9,trf_6_1647a,0.33094750067414475,10.0,3.3094750067414473,0
9,trf_6_6496a,0.35781910126864264,112.5,0.31806142334990456,0
9,trf_6_727a,2.0744885094699415,30.0,6.914961698233139,0
10,trf_6_1030a,0.6171549145362044,10.0,6.171549145362045,0
10,trf_6_878a,0.11612298436574608,10.0,1.1612298436574608,0
10,trf_16_1585a,0.17466765524429634,15.0,1.1644510349619754,0
10,trf_16_3545a,0.044820060963780696,10.0,0.44820060963780695,0
10,trf_16_1143a,6.306709993554306,30.0,21.02236664518102,0
10,trf_16_6460a,0.8579613162101024,25.0,3.43184526484041,0
10,trf_6_725a,0.0484697660174942,10.0,0.484697660174942,0
10,trf_6_3820a,0.8573384434210704,15.0,5.715589622807135,0
10,trf_6_3538a,0.5760844159633421,10.0,5.760844159633422,0
10,trf_6_4910a,9.189590969166394,30.0,30.631969897221314,0
10,trf_6_1870a,0.2763886937720414,15.0,1.8425912918136091,0
10,trf_6_127a,1.1299783676688828,15.0,7.533189117792552,0
10,trf_6_1541a,5.533224920310091,15.0,36.88816613540061,0
10,trf_6_1503a,0.32569639868284855,10.0,3.2569639868284854,0
10,trf_6_6272a,0.25253027864120337,15.0,1.6835351909413558,0
10,trf_6_128a,0.4200023471927016,15.0,2.800015647951344,0
10,trf_6_1260a,0.04373174962515033,10.0,0.4373174962515033,0
10,trf_6_1350a,7.2910593309325336,45.0,16.202354068738963,0
10,trf_6_808a,0.6506181362012721,15.0,4.337454241341814,0
10,trf_6_1475a,0.7945727468157555,15.0,5.297151645438371,0
10,trf_6_1138a,2.6185636623330235,10.0,26.185636623330236,0
10,trf_6_1146a,4.795725617336592,10.0,47.95725617336591,0
10,trf_16_2916a,0.5940398966154997,10.0,5.940398966154997,0
10,trf_16_1140a,0.044676687417595826,10.0,0.44676687417595823,0
10,trf_16_5474a,0.5157414617095517,10.0,5.157414617095517,0
10,trf_16_3548a,0.7655619340611871,10.0,7.655619340611871,0
10,trf_16_1141a,0.6273074869746241,15.0,4.18204991316416,0
10,trf_6_810a,1.0638881068989523,30.0,3.546293689663174,0
10,trf_16_300a,0.5248909308830509,15.0,3.4992728725536733,0
10,trf_16_3130a,1.5082036958131364,30.0,5.027345652710454,0
10,trf_11_4955a,2.31817596179506,15.0,15.454506411967067,0
10,trf_11_131a,1.000077718127508,10.0,10.00077718127508,0
10,trf_6_1048a,0.24295646244687258,15.0,1.6197097496458173,0
10,trf_6_129a,0.4779725810744675,10.0,4.779725810744675,0
10,trf_34_1018a,0.284053229899209,5.0,5.6810645979841805,0
10,trf_16_5730a,0.4041257880849698,25.0,1.6165031523398792,0
10,trf_16_1144a,0.6617813276220291,15.0,4.411875517480194,0
10,trf_6_6273a,13.444494123946894,30.0,44.81498041315631,0
10,trf_6_1238a,0.6652789941771142,15.0,4.435193294514095,0
10,trf_6_731a,0.2352634578140041,15.0,1.5684230520933606,0
10,trf_6_732a,0.9318509845390385,30.0,3.1061699484634615,0
10,trf_16_6082a,4.075952180470902,15.0,27.17301453647268,0
10,trf_16_537a,0.24119491276971738,5.0,4.823898255394348,0
10,trf_16_3996a,1.8271089514532273,15.0,12.180726343021515,0
10,trf_16_1095a,0.47747662540498453,15.0,3.183177502699897,0
10,trf_6_730a,0.29142174943422783,15.0,1.9428116628948522,0
10,trf_34_1649a,0.1603195575775725,5.0,3.2063911515514496,0
10,trf_34_5029a,3.2764428219190784,10.0,32.76442821919078,0
10,trf_34_1581a,0.6515063507568338,10.0,6.515063507568338,0
10,trf_11_132a,0.4100869380992279,10.0,4.100869380992279,0
10,trf_16_3221a,1.2780310122902825,25.0,5.11212404916113,0
10,trf_16_504a,1.2546721173108693,15.0,8.36448078207246,0
10,trf_6_735a,0.19707961074348754,10.0,1.9707961074348752,0
10,trf_6_4489a,10.762918047200746,25.0,43.05167218880299,0
10,trf_6_729a,1.117416854185609,15.0,7.449445694570727,0
10,trf_16_299a,1.581949732946031,45.0,3.51544385099118,0
10,trf_16_1301a,0.4887170999164678,10.0,4.8871709991646775,0
10,trf_16_2139a,1.750839466527578,25.0,7.003357866110312,0
10,trf_16_6081a,0.19427997482170825,10.0,1.9427997482170825,0
10,trf_6_1019a,3.7577354874205513,25.0,15.030941949682205,0
10,trf_11_2597a,0.48433826902164445,10.0,4.843382690216445,0
10,trf_11_130a,0.41672965958713587,15.0,2.778197730580906,0
10,trf_6_4704a,1.0060276740415732,10.0,10.060276740415732,0
10,trf_6_733a,0.05006515341392839,10.0,0.500651534139284,0
10,trf_11_305a,52.533486874776514,75.0,70.04464916636869,0
10,trf_16_539a,0.048829660488495505,10.0,0.4882966048849551,0
10,trf_6_1151a,0.7165776073865153,30.0,2.3885920246217176,0
10,trf_6_4764a,0.26373669144771117,75.0,0.3516489219302816,0
10,trf_6_4765a,0.4394987760968968,150.0,0.29299918406459785,0
10,trf_16_538a,0.5408078278213972,30.0,1.8026927594046573,0
10,trf_11_133a,0.04861492242208516,10.0,0.48614922422085166,0
10,trf_6_723a,0.6539198907101456,15.0,4.359465938067637,0
10,trf_6_722a,0.20968167285461847,15.0,1.3978778190307897,0
10,trf_6_726a,0.07751475323911924,15.0,0.5167650215941283,0
10,trf_6_737a,0.6186584617205461,15.0,4.12438974480364,0
10,trf_6_728a,1.1362032151219197,30.0,3.7873440504063987,0
10,trf_6_125a,0.04915361776678939,10.0,0.49153617766789387,0
10,trf_6_3011a,0.24927371386420577,10.0,2.492737138642058,0
10,trf_6_3819a,1.4425228301628903,30.0,4.808409433876301,0
10,trf_6_1344a,0.16949688704435695,10.0,1.6949688704435695,0
10,trf_6_122a,0.09105696376330664,10.0,0.9105696376330664,0
10,trf_6_1212a,0.5341072927092734,25.0,2.1364291708370935,0
10,trf_6_1213a,0.15388253104139712,10.0,1.5388253104139713,0
10,trf_6_1139a,9.113706337871074,15.0,60.75804225247383,0
10,trf_6_1145a,0.319212505295264,10.0,3.19212505295264,0
10,trf_16_302a,0.1361603252490045,10.0,1.361603252490045,0
10,trf_16_301a,0.4873636989758576,25.0,1.9494547959034305,0
10,trf_6_124a,2.740102068733121,45.0,6.089115708295824,0
10,trf_16_6318a,1.3202857975591016,45.0,2.9339684390202256,0
10,trf_16_303a,0.5630564356108074,15.0,3.753709570738716,0
10,trf_6_1256a,0.2004866182199313,10.0,2.004866182199313,0
10,trf_6_2090a,0.7545388290981002,15.0,5.030258860654001,0
10,trf_6_1445a,0.3487128171638992,10.0,3.4871281716389917,0
10,trf_6_4766a,0.3620449835163281,112.5,0.32181776312562493,0
10,trf_16_3549a,0.0,0.0,0.0,0
10,trf_11_4675a,0.4377100635103511,150.0,0.2918067090069007,0
10,trf_16_4173a,0.24499906166507113,10.0,2.4499906166507115,0
10,trf_6_4662a,0.7110355590066475,300.0,0.2370118530022158,0
10,trf_6_2860a,0.5261022005225389,10.0,5.261022005225389,0
10,trf_6_1178a,0.4280322496401044,15.0,2.8535483309340295,0
10,trf_6_4249a,3.733339666372014,25.0,14.933358665488056,0
10,trf_6_2887a,0.38769006578951637,10.0,3.876900657895164,0
10,trf_6_2064a,0.16427799032081247,5.0,3.2855598064162495,0
10,trf_6_4161a,0.16210153647991818,10.0,1.6210153647991816,0
10,trf_6_1960a,0.3188801040722244,10.0,3.188801040722244,0
10,trf_6_6394a,0.600590756630034,25.0,2.402363026520136,0
10,trf_6_3613a,0.14782112506393522,10.0,1.4782112506393523,0
10,trf_6_738a,0.034258207270191486,5.0,0.6851641454038297,0
10,trf_16_2195a,1.967974069357767,15.0,13.11982712905178,0
10,trf_16_4674a,0.6079595318243248,225.0,0.2702042363663666,0
10,trf_6_2417a,0.38878471674986476,10.0,3.8878471674986477,0
10,trf_16_4687a,0.2685547791031813,75.0,0.35807303880424174,0
10,trf_16_2428a,0.21934546212216788,5.0,4.386909242443357,0
10,trf_16_2658a,0.22442947772233743,15.0,1.4961965181489163,0
10,trf_6_1177a,1.6087940335856903,75.0,2.1450587114475868,0
10,trf_6_4661a,0.44104689641832834,150.0,0.29403126427888554,0
10,trf_6_3019a,0.2585226162671731,10.0,2.585226162671731,0
10,trf_6_3013a,0.5678385018819007,5.0,11.356770037638013,0
10,trf_16_3364a,0.35582095502168604,15.0,2.3721397001445736,0
10,trf_6_3563a,0.6010770822619147,10.0,6.010770822619147,0
10,trf_16_3328a,0.22974541158035794,10.0,2.2974541158035793,0
10,trf_6_3721a,0.029153488131844506,5.0,0.5830697626368901,0
10,trf_6_3434a,0.3807391749214348,5.0,7.614783498428696,0
10,trf_6_3010a,0.11039398588711474,10.0,1.1039398588711475,0
10,trf_6_3509a,1.0010130366822896,5.0,20.02026073364579,0
10,trf_16_6165a,0.0,0.0,0.0,0
10,trf_6_3142a,0.18006015890395807,10.0,1.8006015890395808,0
10,trf_16_3908a,0.0,0.0,0.0,0
10,trf_6_3604a,0.07795432742343354,10.0,0.7795432742343353,0
10,trf_6_3012a,0.14768097718965106,10.0,1.4768097718965107,0
10,trf_6_3507a,0.23906170431763762,10.0,2.390617043176376,0
10,trf_34_5142a,0.15865862089441873,10.0,1.5865862089441873,0
10,trf_6_3508a,0.043767409651257326,10.0,0.4376740965125733,0
10,trf_6_3634a,0.4941308976444732,10.0,4.941308976444732,0
10,trf_6_3224a,0.14292035980011067,5.0,2.8584071960022133,0
10,trf_16_3904a,0.37636168502992634,10.0,3.7636168502992633,0
10,trf_11_3987a,0.41101982995571346,5.0,8.22039659911427,0
10,trf_16_3997a,0.6318832653209139,30.0,2.106277551069713,0
10,trf_6_3817a,0.12564913116918577,5.0,2.5129826233837154,0
10,trf_6_3818a,0.43029801486313995,10.0,4.302980148631399,0
10,trf_16_1142a,1.270831885710875,45.0,2.8240708571352777,0
10,trf_34_5260a,0.37125907554746496,10.0,3.7125907554746496,0
10,trf_6_5725a,0.7153061146693179,300.0,0.2384353715564393,0
10,trf_6_5472a,0.4386615517079499,15.0,2.924410344719666,0
10,trf_6_4925a,0.3622739943142129,112.5,0.32202132827930036,0
10,trf_6_3256a,1.701548076563479,15.0,11.343653843756526,0
10,trf_6_4998a,0.3595085131774932,112.5,0.3195631228244384,0
10,trf_16_5055a,0.8649791591454674,10.0,8.649791591454674,0
10,trf_6_724a,0.607546663247128,30.0,2.0251555441570934,0
10,trf_11_4785a,0.21653394841287193,10.0,2.1653394841287197,0
10,trf_16_5003a,0.07447517783762982,15.0,0.4965011855841988,0
10,trf_6_5157a,0.7122213475093504,300.0,0.23740711583645013,0
10,trf_6_5085a,1.0724062246573878,30.0,3.574687415524626,0
10,trf_6_5595a,5.585802020155004,30.0,18.619340067183348,0
10,trf_11_5652a,0.05833899912076378,15.0,0.3889266608050919,0
10,trf_16_5666a,0.10548516457427871,10.0,1.054851645742787,0
10,trf_6_5711a,0.5383691660594646,30.0,1.794563886864882,0
10,trf_6_5712a,2.4703920073566175,30.0,8.234640024522058,0
10,trf_6_5659a,0.317825076824664,30.0,1.0594169227488799,0
10,trf_6_1262a,0.4025584564351816,10.0,4.025584564351816,0
10,trf_16_6019a,0.05643782452807464,10.0,0.5643782452807463,0
10,trf_16_6122a,0.04494879328040384,10.0,0.4494879328040384,0
10,trf_6_6158a,2.391491625438902,45.0,5.314425834308671,0
10,trf_6_6197a,3.5845869086576,75.0,4.779449211543467,0
10,trf_6_6153a,3.3012368699316945,30.0,11.004122899772314,0
10,trf_6_1504a,0.4333842006704647,30.0,1.4446140022348823,0
10,trf_6_6249a,9.489498978821949,30.0,31.63166326273983,0
10,trf_16_6312a,0.3953522327116633,30.0,1.3178407757055444,0
10,trf_6_6386a,0.43817095014652135,150.0,0.29211396676434753,0
10,trf_6_4627a,0.36215025451299765,112.5,0.3219113373448868,0
10,trf_11_6443a,0.43777538094543356,150.0,0.29185025396362235,0
10,trf_12_6577a,0.13620133129725814,30.0,0.4540044376575272,0
10,trf_12_6578a,0.1799825396172868,45.0,0.3999611991495262,0
10,trf_11_6482a,0.17996931735299002,45.0,0.39993181633997776,0
10,trf_6_1647a,0.2375436829656518,10.0,2.375436829656518,0
10,trf_6_6496a,0.3588539368351572,112.5,0.3189812771868064,0
10,trf_6_727a,1.445383459197403,30.0,4.817944863991343,0
11,trf_6_1030a,0.5907441994495156,10.0,5.907441994495157,0
11,trf_6_878a,0.1127304908944607,10.0,1.127304908944607,0
11,trf_16_1585a,0.17012215847076437,15.0,1.1341477231384292,0
11,trf_16_3545a,0.044811594383126874,10.0,0.44811594383126874,0
11,trf_16_1143a,7.355457568337602,30.0,24.518191894458674,0
11,trf_16_6460a,0.8223243578264999,25.0,3.2892974313059993,0
11,trf_6_725a,0.04839700541813625,10.0,0.48397005418136246,0
11,trf_6_3820a,0.8206859285635798,15.0,5.471239523757199,0
11,trf_6_3538a,0.5518205415162791,10.0,5.518205415162791,0
11,trf_6_4910a,8.777706118815232,30.0,29.25902039605077,0
11,trf_6_1870a,0.26627374876432813,15.0,1.775158325095521,0
11,trf_6_127a,1.081226702454325,15.0,7.208178016362166,0
11,trf_6_1541a,6.217233083944596,15.0,41.44822055963064,0
11,trf_6_1503a,0.3127088973275229,10.0,3.127088973275229,0
11,trf_6_6272a,0.2435880833317322,15.0,1.6239205555448815,0
11,trf_6_128a,0.40344270772918556,15.0,2.6896180515279036,0
11,trf_6_1260a,0.04368429994647471,10.0,0.4368429994647471,0
11,trf_6_1350a,8.160266531424586,45.0,18.13392562538797,0
11,trf_6_808a,0.6239564789017967,15.0,4.159709859345312,0
11,trf_6_1475a,0.7447397418538766,15.0,4.964931612359178,0
11,trf_6_1138a,3.0440358368448943,10.0,30.440358368448944,0
11,trf_6_1146a,5.435848131709051,10.0,54.358481317090515,0
11,trf_16_2916a,0.5689052391094933,10.0,5.6890523910949335,0
11,trf_16_1140a,0.04466248580944979,10.0,0.44662485809449787,0
11,trf_16_5474a,0.49417379457597504,10.0,4.94173794575975,0
11,trf_16_3548a,0.7085685674682619,10.0,7.08568567468262,0
11,trf_16_1141a,0.6013823884088765,15.0,4.009215922725843,0
11,trf_6_810a,1.0206739507311764,30.0,3.402246502437255,0
11,trf_16_300a,0.5034772357634613,15.0,3.3565149050897416,0
11,trf_16_3130a,1.4451188384865872,30.0,4.817062794955291,0
11,trf_11_4955a,2.2153616333375026,15.0,14.769077555583351,0
11,trf_11_131a,0.9565185198133355,10.0,9.565185198133355,0
11,trf_6_1048a,0.23508500177411612,15.0,1.567233345160774,0
11,trf_6_129a,0.4581509331650087,10.0,4.5815093316500874,0
11,trf_34_1018a,0.2723885676599016,5.0,5.447771353198032,0
11,trf_16_5730a,0.38902428411876955,25.0,1.5560971364750782,0
11,trf_16_1144a,0.6341667981536887,15.0,4.227778654357925,0
11,trf_6_6273a,15.08857712475256,30.0,50.295257082508535,0
11,trf_6_1238a,0.6371878389013302,15.0,4.247918926008868,0
11,trf_6_731a,0.22779750106811342,15.0,1.518650007120756,0
11,trf_6_732a,0.8947246447826153,30.0,2.9824154826087175,0
11,trf_16_6082a,4.56617094698844,15.0,30.4411396465896,0
11,trf_16_537a,0.23162215935433395,5.0,4.632443187086679,0
11,trf_16_3996a,1.7459613016270998,15.0,11.639742010847332,0
11,trf_16_1095a,0.4580955285436415,15.0,3.053970190290943,0
11,trf_6_730a,0.2769459075444144,15.0,1.846306050296096,0
11,trf_34_1649a,0.15428679440508586,5.0,3.085735888101717,0
11,trf_34_5029a,3.6769700165438723,10.0,36.76970016543872,0
11,trf_34_1581a,0.623754348771839,10.0,6.23754348771839,0
11,trf_11_132a,0.39330614506850187,10.0,3.933061450685019,0
11,trf_16_3221a,1.222803454942647,25.0,4.891213819770588,0
11,trf_16_504a,1.2436091147608217,15.0,8.29072743173881,0
11,trf_6_735a,0.19009721198333981,10.0,1.9009721198333982,0
11,trf_6_4489a,12.235963886331007,25.0,48.94385554532402,0
11,trf_6_729a,1.069239494813806,15.0,7.128263298758707,0
11,trf_16_299a,1.5173635142037,45.0,3.3719189204526665,0
11,trf_16_1301a,0.46844366171204355,10.0,4.6844366171204355,0
11,trf_16_2139a,1.6744248403119837,25.0,6.697699361247935,0
11,trf_16_6081a,0.18731862404927596,10.0,1.8731862404927597,0
11,trf_6_1019a,4.465645564955141,25.0,17.862582259820563,0
11,trf_11_2597a,0.4640557631837741,10.0,4.6405576318377415,0
11,trf_11_130a,0.40107555090282765,15.0,2.673837006018851,0
11,trf_6_4704a,0.919992003038012,10.0,9.19992003038012,0
11,trf_6_733a,0.049729520550076046,10.0,0.4972952055007605,0
11,trf_11_305a,57.969356874587554,75.0,77.29247583278341,0
11,trf_16_539a,0.048793792964669847,10.0,0.48793792964669847,0
11,trf_6_1151a,0.6895270037188642,30.0,2.2984233457295473,0
11,trf_6_4764a,0.263460937856242,75.0,0.3512812504749893,0
11,trf_6_4765a,0.4390365775151335,150.0,0.2926910516767557,0
11,trf_16_538a,0.5220265711908076,30.0,1.7400885706360254,0
11,trf_11_133a,0.04858524606933302,10.0,0.4858524606933302,0
11,trf_6_723a,0.6270081715316711,15.0,4.180054476877808,0
11,trf_6_722a,0.2033611341930687,15.0,1.3557408946204579,0
11,trf_6_726a,0.07739687409213356,15.0,0.5159791606142237,0
11,trf_6_737a,0.5935618125158135,15.0,3.9570787501054236,0
11,trf_6_728a,1.089490602845635,30.0,3.6316353428187833,0
11,trf_6_125a,0.048901528259328454,10.0,0.48901528259328453,0
11,trf_6_3011a,0.24000025858057794,10.0,2.400002585805779,0
11,trf_6_3819a,1.3827094940645113,30.0,4.6090316468817045,0
11,trf_6_1344a,0.16370447258963577,10.0,1.6370447258963576,0
11,trf_6_122a,0.08906317392099529,10.0,0.890631739209953,0
11,trf_6_1212a,0.5130255406009465,25.0,2.052102162403786,0
11,trf_6_1213a,0.14390438646697684,10.0,1.4390438646697683,0
11,trf_6_1139a,10.180785613412347,15.0,67.87190408941565,0
11,trf_6_1145a,0.301691494353215,10.0,3.01691494353215,0
11,trf_16_302a,0.1318680384529268,10.0,1.318680384529268,0
11,trf_16_301a,0.4688357282366106,25.0,1.8753429129464425,0
11,trf_6_124a,3.2818079914612936,45.0,7.292906647691764,0
11,trf_16_6318a,1.2676582228293087,45.0,2.8170182729540194,0
11,trf_16_303a,0.5402173650605735,15.0,3.6014491004038236,0
11,trf_6_1256a,0.1933254738262604,10.0,1.933254738262604,0
11,trf_6_2090a,0.7230610471471625,15.0,4.820406980981082,0
11,trf_6_1445a,0.33447270095536563,10.0,3.3447270095536568,0
11,trf_6_4766a,0.3617003747267288,112.5,0.3215114442015367,0
11,trf_16_3549a,0.0,0.0,0.0,0
11,trf_11_4675a,0.4374239065838611,150.0,0.29161593772257405,0
11,trf_16_4173a,0.23576405212076718,10.0,2.3576405212076716,0
11,trf_6_4662a,0.7098700055470452,300.0,0.2366233351823484,0
11,trf_6_2860a,0.5037749524481081,10.0,5.037749524481081,0
11,trf_6_1178a,0.41100094870917736,15.0,2.740006324727849,0
11,trf_6_4249a,4.223346987971675,25.0,16.8933879518867,0
11,trf_6_2887a,0.37187062533906073,10.0,3.7187062533906072,0
11,trf_6_2064a,0.15804018859954688,5.0,3.1608037719909374,0
11,trf_6_4161a,0.15659814664373295,10.0,1.5659814664373295,0
11,trf_6_1960a,0.30618361150989476,10.0,3.0618361150989477,0
11,trf_6_6394a,0.5764786719221324,25.0,2.3059146876885297,0
11,trf_6_3613a,0.14297563518879378,10.0,1.4297563518879377,0
11,trf_6_738a,0.03422894170412828,5.0,0.6845788340825656,0
11,trf_16_2195a,1.8808377145511952,15.0,12.538918097007969,0
11,trf_16_4674a,0.6075592189933507,225.0,0.27002631955260037,0
11,trf_6_2417a,0.37279789574125527,10.0,3.727978957412553,0
11,trf_16_4687a,0.26849145246186834,75.0,0.3579886032824911,0
11,trf_16_2428a,0.21062470644569975,5.0,4.2124941289139946,0
11,trf_16_2658a,0.2175761671161501,15.0,1.450507780774334,0
11,trf_6_1177a,1.546490064473112,75.0,2.0619867526308164,0
11,trf_6_4661a,0.4407108419457972,150.0,0.29380722796386477,0
11,trf_6_3019a,0.2485871299135329,10.0,2.485871299135329,0
11,trf_6_3013a,0.5431870495068716,5.0,10.863740990137432,0
11,trf_16_3364a,0.34292260163346405,15.0,2.286150677556427,0
11,trf_6_3563a,0.5755227606635793,10.0,5.755227606635794,0
11,trf_16_3328a,0.2210998394375865,10.0,2.210998394375865,0
11,trf_6_3721a,0.029114158245075586,5.0,0.5822831649015117,0
11,trf_6_3434a,0.36458586068009813,5.0,7.291717213601963,0
11,trf_6_3010a,0.10731485647454395,10.0,1.0731485647454395,0
11,trf_6_3509a,0.9565590095617224,5.0,19.131180191234446,0
11,trf_16_6165a,0.0,0.0,0.0,0
11,trf_6_3142a,0.17363986688023217,10.0,1.7363986688023219,0
11,trf_16_3908a,0.0,0.0,0.0,0
11,trf_6_3604a,0.07629108048228189,10.0,0.7629108048228189,0
11,trf_6_3012a,0.14286474989143857,10.0,1.4286474989143856,0
11,trf_6_3507a,0.2300142765400327,10.0,2.300142765400327,0
11,trf_34_5142a,0.15335045880934198,10.0,1.5335045880934197,0
11,trf_6_3508a,0.04370673240467677,10.0,0.4370673240467677,0
11,trf_6_3634a,0.47344071520569186,10.0,4.734407152056919,0
11,trf_6_3224a,0.1376684533523564,5.0,2.7533690670471276,0
11,trf_16_3904a,0.36113945410976483,10.0,3.6113945410976482,0
11,trf_11_3987a,0.39345386785617337,5.0,7.869077357123468,0
11,trf_16_3997a,0.6089125049425348,30.0,2.029708349808449,0
11,trf_6_3817a,0.12117969580995115,5.0,2.423593916199023,0
11,trf_6_3818a,0.4123243273373608,10.0,4.123243273373609,0
11,trf_16_1142a,1.2208940170061777,45.0,2.713097815569284,0
11,trf_34_5260a,0.35625135168063427,10.0,3.562513516806342,0
11,trf_6_5725a,0.7144318013720525,300.0,0.23814393379068416,0
11,trf_6_5472a,0.42101444676376193,15.0,2.806762978425079,0
11,trf_6_4925a,0.3619417017825223,112.5,0.32172595714001984,0
11,trf_6_3256a,1.6267858493750356,15.0,10.84523899583357,0
11,trf_6_4998a,0.3590251675284857,112.5,0.31913348224754284,0
11,trf_16_5055a,0.8276416372539577,10.0,8.276416372539575,0
11,trf_6_724a,0.5852950320808594,30.0,1.9509834402695314,0
11,trf_11_4785a,0.20850163309512926,10.0,2.0850163309512926,0
11,trf_16_5003a,0.07368706088168972,15.0,0.49124707254459815,0
11,trf_6_5157a,0.7111377990212897,300.0,0.23704593300709656,0
11,trf_6_5085a,1.028940713898602,30.0,3.4298023796620067,0
11,trf_6_5595a,6.264698873609864,30.0,20.882329578699547,0
11,trf_11_5652a,0.058293291865306726,15.0,0.3886219457687115,0
11,trf_16_5666a,0.10268061154833091,10.0,1.0268061154833092,0
11,trf_6_5711a,0.5193256435830895,30.0,1.7310854786102985,0
11,trf_6_5712a,2.8981242717224105,30.0,9.6604142390747,0
11,trf_6_5659a,0.30913103364692607,30.0,1.0304367788230868,0
11,trf_6_1262a,0.3860730184471146,10.0,3.8607301844711457,0
11,trf_16_6019a,0.05591065343244522,10.0,0.5591065343244522,0
11,trf_16_6122a,0.04494925883724181,10.0,0.4494925883724181,0
11,trf_6_6158a,2.290338369648257,45.0,5.089640821440571,0
11,trf_6_6197a,3.4301515405217256,75.0,4.5735353873623,0
11,trf_6_6153a,3.084927179498759,30.0,10.283090598329197,0
11,trf_6_1504a,0.41951055120700853,30.0,1.3983685040233618,0
11,trf_6_6249a,10.721912998836995,30.0,35.73970999612332,0
11,trf_16_6312a,0.3832662995083047,30.0,1.2775543316943492,0
11,trf_6_6386a,0.43763576303474305,150.0,0.29175717535649537,0
11,trf_6_4627a,0.3618146608944177,112.5,0.32161303190614904,0
11,trf_11_6443a,0.43749675148092654,150.0,0.29166450098728436,0
11,trf_12_6577a,0.13611347140414892,30.0,0.45371157134716306,0
11,trf_12_6578a,0.17986643761960072,45.0,0.3997031947102238,0
11,trf_11_6482a,0.179853223884568,45.0,0.39967383085459557,0
11,trf_6_1647a,0.22852872308140001,10.0,2.285287230814,0
11,trf_6_6496a,0.3583287339994082,112.5,0.3185144302216961,0
11,trf_6_727a,1.3845222055887905,30.0,4.6150740186293016,0
12,trf_6_1030a,0.5971539068471111,10.0,5.971539068471111,0
12,trf_6_878a,0.11371369247956203,10.0,1.1371369247956202,0
12,trf_16_1585a,0.17149672163348498,15.0,1.1433114775565665,0
12,trf_16_3545a,0.044834673150413236,10.0,0.4483467315041324,0
12,trf_16_1143a,7.965360504395582,30.0,26.551201681318606,0
12,trf_16_6460a,0.829772653174257,25.0,3.3190906126970274,0
12,trf_6_725a,0.0485618710502111,10.0,0.48561871050211103,0
12,trf_6_3820a,0.8298911674115886,15.0,5.532607782743924,0
12,trf_6_3538a,0.5580839370809971,10.0,5.580839370809971,0
12,trf_6_4910a,8.880239228448044,30.0,29.600797428160146,0
12,trf_6_1870a,0.26895813759168463,15.0,1.7930542506112308,0
12,trf_6_127a,1.0937019967741601,15.0,7.291346645161068,0
12,trf_6_1541a,6.652824173562784,15.0,44.35216115708523,0
12,trf_6_1503a,0.31583710747878196,10.0,3.1583710747878198,0
12,trf_6_6272a,0.2460461374179249,15.0,1.6403075827861657,0
12,trf_6_128a,0.40780395688174964,15.0,2.718693045878331,0
12,trf_6_1260a,0.0438402776089733,10.0,0.438402776089733,0
12,trf_6_1350a,8.724267579907949,45.0,19.38726128868433,0
12,trf_6_808a,0.6305660975022153,15.0,4.203773983348102,0
12,trf_6_1475a,0.7113578286501446,15.0,4.742385524334297,0
12,trf_6_1138a,3.2919842042956136,10.0,32.919842042956134,0
12,trf_6_1146a,5.8312154888966745,10.0,58.312154888966745,0
12,trf_16_2916a,0.5742913560237652,10.0,5.742913560237652,0
12,trf_16_1140a,0.0447043064740188,10.0,0.447043064740188,0
12,trf_16_5474a,0.49879018512788953,10.0,4.987901851278895,0
12,trf_16_3548a,0.6531523051778928,10.0,6.531523051778928,0
12,trf_16_1141a,0.6066625525766824,15.0,4.044417017177883,0
12,trf_6_810a,1.0314140391019968,30.0,3.438046797006656,0
12,trf_16_300a,0.5088975384882726,15.0,3.3926502565884835,0
12,trf_16_3130a,1.460793252446705,30.0,4.869310841489017,0
12,trf_11_4955a,2.2412431406105595,15.0,14.94162093740373,0
12,trf_11_131a,0.9674080150777103,10.0,9.674080150777105,0
12,trf_6_1048a,0.237193137438043,15.0,1.5812875829202866,0
12,trf_6_129a,0.46326824220031965,10.0,4.632682422003197,0
12,trf_34_1018a,0.27540893013972484,5.0,5.508178602794496,0
12,trf_16_5730a,0.39295306950832654,25.0,1.5718122780333061,0
12,trf_16_1144a,0.6401895258244161,15.0,4.2679301721627745,0
12,trf_6_6273a,16.14658991530842,30.0,53.8219663843614,0
12,trf_6_1238a,0.6440635669205641,15.0,4.29375711280376,0
12,trf_6_731a,0.22977788045643172,15.0,1.5318525363762114,0
12,trf_6_732a,0.9038852274592521,30.0,3.012950758197507,0
12,trf_16_6082a,4.883483067069561,15.0,32.55655378046374,0
12,trf_16_537a,0.2339766410988348,5.0,4.679532821976696,0
12,trf_16_3996a,1.7652113912088758,15.0,11.768075941392507,0
12,trf_16_1095a,0.46289530737631623,15.0,3.085968715842108,0
12,trf_6_730a,0.2682587329073395,15.0,1.7883915527155965,0
12,trf_34_1649a,0.15590259273399923,5.0,3.1180518546799845,0
12,trf_34_5029a,3.932760688014689,10.0,39.32760688014689,0
12,trf_34_1581a,0.6308634375149393,10.0,6.308634375149394,0
12,trf_11_132a,0.3976502790118335,10.0,3.9765027901183343,0
12,trf_16_3221a,1.2359604597842788,25.0,4.943841839137115,0
12,trf_16_504a,1.1451397917339146,15.0,7.634265278226097,0
12,trf_6_735a,0.19187647881051104,10.0,1.9187647881051102,0
12,trf_6_4489a,13.13415134960395,25.0,52.5366053984158,0
12,trf_6_729a,1.080898553290734,15.0,7.2059903552715605,0
12,trf_16_299a,1.5333511278639396,45.0,3.4074469508087546,0
12,trf_16_1301a,0.47340716116126985,10.0,4.734071611612698,0
12,trf_16_2139a,1.693001656177576,25.0,6.772006624710304,0
12,trf_16_6081a,0.189117232686946,10.0,1.89117232686946,0
12,trf_6_1019a,4.860327778805947,25.0,19.441311115223787,0
12,trf_11_2597a,0.4691732948965465,10.0,4.691732948965465,0
12,trf_11_130a,0.4052269475096868,15.0,2.701512983397912,0
12,trf_6_4704a,0.8231445419558359,10.0,8.231445419558359,0
12,trf_6_733a,0.04994024199445584,10.0,0.4994024199445584,0
12,trf_11_305a,61.624249282119884,75.0,82.16566570949317,0
12,trf_16_539a,0.04894283636130223,10.0,0.4894283636130223,0
12,trf_6_1151a,0.6961116463095263,30.0,2.3203721543650877,0
12,trf_6_4764a,0.26420973106124196,75.0,0.3522796414149893,0
12,trf_6_4765a,0.44029592676858104,150.0,0.29353061784572065,0
12,trf_16_538a,0.5268555790319644,30.0,1.7561852634398816,0
12,trf_11_133a,0.048772736021522045,10.0,0.48772736021522045,0
12,trf_6_723a,0.6336708793694402,15.0,4.224472529129602,0
12,trf_6_722a,0.20510072400440918,15.0,1.3673381600293946,0
12,trf_6_726a,0.0776679859993268,15.0,0.5177865733288454,0
12,trf_6_737a,0.5996034165405899,15.0,3.9973561102705997,0
12,trf_6_728a,1.1010547321824828,30.0,3.670182440608276,0
12,trf_6_125a,0.04913960638094562,10.0,0.49139606380945616,0
12,trf_6_3011a,0.2424634325833533,10.0,2.4246343258335328,0
12,trf_6_3819a,1.3981169708373722,30.0,4.66038990279124,0
12,trf_6_1344a,0.16532204587681348,10.0,1.653220458768135,0
12,trf_6_122a,0.08973257698102943,10.0,0.8973257698102943,0
12,trf_6_1212a,0.5184661128040016,25.0,2.0738644512160063,0
12,trf_6_1213a,0.13284433701166698,10.0,1.3284433701166698,0
12,trf_6_1139a,10.859693808533402,15.0,72.39795872355602,0
12,trf_6_1145a,0.29198155607509513,10.0,2.9198155607509513,0
12,trf_16_302a,0.1330855983783237,10.0,1.3308559837832372,0
12,trf_16_301a,0.4736221961721361,25.0,1.8944887846885445,0
12,trf_6_124a,3.578998862610031,45.0,7.953330805800069,0
12,trf_16_6318a,1.2812423532045443,45.0,2.847205229343432,0
12,trf_16_303a,0.5460549897263399,15.0,3.6403665981755995,0
12,trf_6_1256a,0.19516975855173052,10.0,1.951697585517305,0
12,trf_6_2090a,0.7308010802904348,15.0,4.872007201936231,0
12,trf_6_1445a,0.3379776846152587,10.0,3.3797768461525868,0
12,trf_6_4766a,0.36265721104590287,112.5,0.32236196537413586,0
12,trf_16_3549a,0.0,0.0,0.0,0
12,trf_11_4675a,0.439238973989381,150.0,0.29282598265958737,0
12,trf_16_4173a,0.23780919743236803,10.0,2.3780919743236804,0
12,trf_6_4662a,0.7124334188833661,300.0,0.23747780629445533,0
12,trf_6_2860a,0.5092800393342755,10.0,5.092800393342754,0
12,trf_6_1178a,0.4151052053205424,15.0,2.767368035470283,0
12,trf_6_4249a,4.530591640446377,25.0,18.12236656178551,0
12,trf_6_2887a,0.37565845727317265,10.0,3.7565845727317266,0
12,trf_6_2064a,0.15956161338715633,5.0,3.1912322677431266,0
12,trf_6_4161a,0.15795935774638026,10.0,1.5795935774638026,0
12,trf_6_1960a,0.30919863504685763,10.0,3.0919863504685763,0
12,trf_6_6394a,0.5821929082897342,25.0,2.328771633158937,0
12,trf_6_3613a,0.1441857817913806,10.0,1.4418578179138062,0
12,trf_6_738a,0.034319836629418,5.0,0.6863967325883601,0
12,trf_16_2195a,1.9018204695602912,15.0,12.678803130401942,0
12,trf_16_4674a,0.6100607455313535,225.0,0.271138109125046,0
12,trf_6_2417a,0.3767191265473076,10.0,3.767191265473076,0
12,trf_16_4687a,0.26865973355687744,75.0,0.3582129780758366,0
12,trf_16_2428a,0.21252815360907795,5.0,4.250563072181559,0
12,trf_16_2658a,0.21954131348378159,15.0,1.4636087565585438,0
12,trf_6_1177a,1.5614158653945758,75.0,2.0818878205261013,0
12,trf_6_4661a,0.4418357934184902,150.0,0.29455719561232685,0
12,trf_6_3019a,0.25117619132269464,10.0,2.5117619132269464,0
12,trf_6_3013a,0.5487198088565217,5.0,10.974396177130433,0
12,trf_16_3364a,0.34633756296111656,15.0,2.3089170864074435,0
12,trf_6_3563a,0.5815780552818408,10.0,5.815780552818408,0
12,trf_16_3328a,0.22325217346104229,10.0,2.232521734610423,0
12,trf_6_3721a,0.029214578498148687,5.0,0.5842915699629738,0
12,trf_6_3434a,0.36865272709233005,5.0,7.373054541846601,0
12,trf_6_3010a,0.1080396715558718,10.0,1.080396715558718,0
12,trf_6_3509a,0.9668492923943219,5.0,19.33698584788644,0
12,trf_16_6165a,0.0,0.0,0.0,0
12,trf_6_3142a,0.17530041579131853,10.0,1.7530041579131854,0
12,trf_16_3908a,0.0,0.0,0.0,0
12,trf_6_3604a,0.07681950485828216,10.0,0.7681950485828216,0
12,trf_6_3012a,0.14400666720202154,10.0,1.4400666720202155,0
12,trf_6_3507a,0.2323838432945314,10.0,2.323838432945314,0
12,trf_34_5142a,0.15484216381749266,10.0,1.5484216381749267,0
12,trf_6_3508a,0.04384111898877342,10.0,0.4384111898877342,0
12,trf_6_3634a,0.4783016480213338,10.0,4.783016480213338,0
12,trf_6_3224a,0.13887575286528178,5.0,2.777515057305636,0
12,trf_16_3904a,0.36440785162478806,10.0,3.6440785162478804,0
12,trf_11_3987a,0.397849155722016,5.0,7.95698311444032,0
12,trf_16_3997a,0.6149392975485342,30.0,2.049797658495114,0
12,trf_6_3817a,0.1222899646636072,5.0,2.445799293272144,0
12,trf_6_3818a,0.41674846724237624,10.0,4.167484672423763,0
12,trf_16_1142a,1.2315206126343523,45.0,2.7367124725207828,0
12,trf_34_5260a,0.3601687592665517,10.0,3.6016875926655167,0
12,trf_6_5725a,0.716780748246948,300.0,0.238926916082316,0
12,trf_6_5472a,0.4253704427645179,15.0,2.8358029517634527,0
12,trf_6_4925a,0.3628742609462645,112.5,0.3225548986189018,0
12,trf_6_3256a,1.6456519378816596,15.0,10.971012919211065,0
12,trf_6_4998a,0.36021595854357735,112.5,0.32019196314984655,0
12,trf_16_5055a,0.835241766437663,10.0,8.35241766437663,0
12,trf_6_724a,0.591007757789707,30.0,1.9700258592990236,0
12,trf_11_4785a,0.21061060033857076,10.0,2.1061060033857073,0
12,trf_16_5003a,0.07403192889528941,15.0,0.4935461926352627,0
12,trf_6_5157a,0.7136291732905778,300.0,0.23787639109685926,0
12,trf_6_5085a,1.0394929417950316,30.0,3.4649764726501053,0
12,trf_6_5595a,6.701650955478741,30.0,22.33883651826247,0
12,trf_11_5652a,0.05851334432498157,15.0,0.3900889621665438,0
12,trf_16_5666a,0.10327582319933813,10.0,1.0327582319933812,0
12,trf_6_5711a,0.524274671781654,30.0,1.74758223927218,0
12,trf_6_5712a,3.1427297422958893,30.0,10.475765807652966,0
12,trf_6_5659a,0.31161597533904156,30.0,1.0387199177968052,0
12,trf_6_1262a,0.39015048310296946,10.0,3.901504831029695,0
12,trf_16_6019a,0.056027617074596206,10.0,0.560276170745962,0
12,trf_16_6122a,0.044958552309878316,10.0,0.44958552309878314,0
12,trf_6_6158a,2.3161941548346774,45.0,5.147098121854839,0
12,trf_6_6197a,3.4678811993618925,75.0,4.62384159914919,0
12,trf_6_6153a,2.935772557075866,30.0,9.785908523586219,0
12,trf_6_1504a,0.42304228419388856,30.0,1.4101409473129618,0
12,trf_6_6249a,11.496705133543086,30.0,38.32235044514362,0
12,trf_16_6312a,0.38654604419536176,30.0,1.2884868139845393,0
12,trf_6_6386a,0.4390067113828419,150.0,0.2926711409218946,0
12,trf_6_4627a,0.3627716312016389,112.5,0.3224636721792346,0
12,trf_11_6443a,0.43931929916232326,150.0,0.29287953277488216,0
12,trf_12_6577a,0.13667780833256823,30.0,0.45559269444189415,0
12,trf_12_6578a,0.18061217771332985,45.0,0.4013603949185108,0
12,trf_11_6482a,0.18059890919317884,45.0,0.40133090931817517,0
12,trf_6_1647a,0.23075248413852267,10.0,2.3075248413852267,0
12,trf_6_6496a,0.3595637165746043,112.5,0.3196121925107594,0
12,trf_6_727a,1.399376471301205,30.0,4.664588237670683,0
13,trf_6_1030a,0.5864826339539714,10.0,5.8648263395397136,0
13,trf_6_878a,0.11227812954139486,10.0,1.1227812954139487,0
13,trf_16_1585a,0.16955023068457042,15.0,1.1303348712304695,0
13,trf_16_3545a,0.04482296884319571,10.0,0.4482296884319571,0
13,trf_16_1143a,8.010927498751915,30.0,26.703091662506385,0
13,trf_16_6460a,0.8158441195457267,25.0,3.263376478182907,0
13,trf_6_725a,0.04847539170911038,10.0,0.4847539170911038,0
13,trf_6_3820a,0.8149368906129195,15.0,5.4329126040861295,0
13,trf_6_3538a,0.5481085036295609,10.0,5.4810850362956085,0
13,trf_6_4910a,8.712449269057462,30.0,29.041497563524874,0
13,trf_6_1870a,0.26477484720860367,15.0,1.7651656480573579,0
13,trf_6_127a,1.0737024997860032,15.0,7.158016665240021,0
13,trf_6_1541a,6.665897084531607,15.0,44.43931389687738,0
13,trf_6_1503a,0.3105943839290062,10.0,3.105943839290062,0
13,trf_6_6272a,0.2423109058739782,15.0,1.6154060391598546,0
13,trf_6_128a,0.4009613464904218,15.0,2.673075643269479,0
13,trf_6_1260a,0.04376452054420198,10.0,0.43764520544201985,0
13,trf_6_1350a,8.736517803828066,45.0,19.414484008506815,0
13,trf_6_808a,0.6197358913169805,15.0,4.13157260877987,0
13,trf_6_1475a,0.69497662420468,15.0,4.6331774946978665,0
13,trf_6_1138a,3.309937307317478,10.0,33.09937307317478,0
13,trf_6_1146a,5.848156034431836,10.0,58.48156034431836,0
13,trf_16_2916a,0.5644125009979102,10.0,5.644125009979102,0
13,trf_16_1140a,0.04468344737157296,10.0,0.4468344737157296,0
13,trf_16_5474a,0.49031550158068726,10.0,4.903155015806872,0
13,trf_16_3548a,0.6361044118553701,10.0,6.361044118553702,0
13,trf_16_1141a,0.5965840312744809,15.0,3.977226875163206,0
13,trf_6_810a,1.01384937813554,30.0,3.3794979271184666,0
13,trf_16_300a,0.5001420805410751,15.0,3.334280536940501,0
13,trf_16_3130a,1.4351255998759964,30.0,4.783751999586655,0
13,trf_11_4955a,2.1992447035109968,15.0,14.661631356739978,0
13,trf_11_131a,0.9496531380018529,10.0,9.496531380018528,0
13,trf_6_1048a,0.23393646991712658,15.0,1.559576466114177,0
13,trf_6_129a,0.4551185353250999,10.0,4.5511853532509985,0
13,trf_34_1018a,0.2706099534458866,5.0,5.412199068917732,0
13,trf_16_5730a,0.38673743667138966,25.0,1.5469497466855586,0
13,trf_16_1144a,0.6292939591625726,15.0,4.1952930610838175,0
13,trf_6_6273a,16.174094307562346,30.0,53.91364769187449,0
13,trf_6_1238a,0.6326860816477321,15.0,4.2179072109848805,0
13,trf_6_731a,0.22669581881425976,15.0,1.5113054587617318,0
13,trf_6_732a,0.8888240471496909,30.0,2.962746823832303,0
13,trf_16_6082a,4.890665335117334,15.0,32.604435567448895,0
13,trf_16_537a,0.23009306826489564,5.0,4.601861365297912,0
13,trf_16_3996a,1.7325750829726239,15.0,11.550500553150824,0
13,trf_16_1095a,0.4550195537833381,15.0,3.0334636918889206,0
13,trf_6_730a,0.2633615497527714,15.0,1.7557436650184757,0
13,trf_34_1649a,0.15339918817190834,5.0,3.067983763438167,0
13,trf_34_5029a,3.940039756086468,10.0,39.40039756086468,0
13,trf_34_1581a,0.6194765707492605,10.0,6.194765707492605,0
13,trf_11_132a,0.3907487078748207,10.0,3.9074870787482068,0
13,trf_16_3221a,1.213728589332054,25.0,4.854914357328216,0
13,trf_16_504a,1.1669684992076867,15.0,7.779789994717912,0
13,trf_6_735a,0.1890222834780869,10.0,1.8902228347808687,0
13,trf_6_4489a,13.1781068291161,25.0,52.7124273164644,0
13,trf_6_729a,1.0614414198036621,15.0,7.0762761320244145,0
13,trf_16_299a,1.5070997285264762,45.0,3.3491105078366137,0
13,trf_16_1301a,0.46519062260018396,10.0,4.65190622600184,0
13,trf_16_2139a,1.6620672359669393,25.0,6.648268943867757,0
13,trf_16_6081a,0.18625764607712156,10.0,1.8625764607712156,0
13,trf_6_1019a,4.898208584209927,25.0,19.592834336839708,0
13,trf_11_2597a,0.46089024925830274,10.0,4.608902492583027,0
13,trf_11_130a,0.3987512654288216,15.0,2.6583417695254776,0
13,trf_6_4704a,0.7980041023526715,10.0,7.980041023526715,0
13,trf_6_733a,0.049754092936317794,10.0,0.49754092936317795,0
13,trf_11_305a,61.63419252558003,75.0,82.17892336744005,0
13,trf_16_539a,0.04887299729532072,10.0,0.4887299729532072,0
13,trf_6_1151a,0.6851726019789368,30.0,2.2839086732631224,0
13,trf_6_4764a,0.263831612851084,75.0,0.3517754838014453,0
13,trf_6_4765a,0.43966040755191665,150.0,0.29310693836794444,0
13,trf_16_538a,0.5191513951762203,30.0,1.730504650587401,0
13,trf_11_133a,0.04868918529859272,10.0,0.4868918529859272,0
13,trf_6_723a,0.6227461663041064,15.0,4.151641108694043,0
13,trf_6_722a,0.20246768297520604,15.0,1.3497845531680401,0
13,trf_6_726a,0.07752614150694509,15.0,0.5168409433796339,0
13,trf_6_737a,0.5894796892621514,15.0,3.9298645950810096,0
13,trf_6_728a,1.0820920950254076,30.0,3.606973650084692,0
13,trf_6_125a,0.04896663997051958,10.0,0.48966639970519577,0
13,trf_6_3011a,0.2386260948127243,10.0,2.386260948127243,0
13,trf_6_3819a,1.373546464838909,30.0,4.578488216129697,0
13,trf_6_1344a,0.16289221844208904,10.0,1.6289221844208903,0
13,trf_6_122a,0.08885225225266431,10.0,0.8885225225266431,0
13,trf_6_1212a,0.5098083342377266,25.0,2.0392333369509066,0
13,trf_6_1213a,0.1298668960881441,10.0,1.298668960881441,0
13,trf_6_1139a,10.877410677511586,15.0,72.51607118341057,0
13,trf_6_1145a,0.2861177851204379,10.0,2.8611778512043786,0
13,trf_16_302a,0.13127858689993271,10.0,1.312785868999327,0
13,trf_16_301a,0.46601231880382477,25.0,1.864049275215299,0
13,trf_6_124a,3.6102784284139013,45.0,8.022840952030892,0
13,trf_16_6318a,1.2596248513883184,45.0,2.799166336418485,0
13,trf_16_303a,0.5366975438477232,15.0,3.577983625651488,0
13,trf_6_1256a,0.19223509536697053,10.0,1.9223509536697054,0
13,trf_6_2090a,0.718040661028028,15.0,4.786937740186853,0
13,trf_6_1445a,0.3322053290786925,10.0,3.3220532907869247,0
13,trf_6_4766a,0.3621763006261796,112.5,0.321934489445493,0
13,trf_16_3549a,0.0,0.0,0.0,0
13,trf_11_4675a,0.438428736240495,150.0,0.29228582416033,0
13,trf_16_4173a,0.23415351249438443,10.0,2.3415351249438445,0
13,trf_6_4662a,0.7110780074995906,300.0,0.23702600249986353,0
13,trf_6_2860a,0.5002209361495101,10.0,5.002209361495101,0
13,trf_6_1178a,0.4082292837498106,15.0,2.7215285583320705,0
13,trf_6_4249a,4.541956627121863,25.0,18.16782650848745,0
13,trf_6_2887a,0.3692812582673104,10.0,3.692812582673104,0
13,trf_6_2064a,0.15703618405009553,5.0,3.140723681001911,0
13,trf_6_4161a,0.15572482829775977,10.0,1.5572482829775978,0
13,trf_6_1960a,0.3040919816127512,10.0,3.040919816127512,0
13,trf_6_6394a,0.5724992497610097,25.0,2.289996999044039,0
13,trf_6_3613a,0.1422138583705403,10.0,1.422138583705403,0
13,trf_6_738a,0.03427512545502185,5.0,0.685502509100437,0
13,trf_16_2195a,1.8666300150554553,15.0,12.444200100369702,0
13,trf_16_4674a,0.6089425046497334,225.0,0.27064111317765926,0
13,trf_6_2417a,0.3702407540827069,10.0,3.702407540827069,0
13,trf_16_4687a,0.26857445174558225,75.0,0.35809926899410965,0
13,trf_16_2428a,0.20908695271161368,5.0,4.181739054232273,0
13,trf_16_2658a,0.2166486697585279,15.0,1.4443244650568525,0
13,trf_6_1177a,1.5363069948330685,75.0,2.0484093264440912,0
13,trf_6_4661a,0.4412897806105862,150.0,0.2941931870737241,0
13,trf_6_3019a,0.24708593524993752,10.0,2.4708593524993754,0
13,trf_6_3013a,0.538930369084705,5.0,10.778607381694101,0
13,trf_16_3364a,0.34100596558626073,15.0,2.273373103908405,0
13,trf_6_3563a,0.5713008821310245,10.0,5.713008821310245,0
13,trf_16_3328a,0.2197356279577712,10.0,2.197356279577712,0
13,trf_6_3721a,0.02916310443656428,5.0,0.5832620887312856,0
13,trf_6_3434a,0.3620587748979248,5.0,7.241175497958497,0
13,trf_6_3010a,0.10680414926956729,10.0,1.068041492695673,0
13,trf_6_3509a,0.9490716588783251,5.0,18.9814331775665,0
13,trf_16_6165a,0.0,0.0,0.0,0
13,trf_6_3142a,0.17266553399520693,10.0,1.7266553399520692,0
13,trf_16_3908a,0.0,0.0,0.0,0
13,trf_6_3604a,0.07609867172552204,10.0,0.7609867172552204,0
13,trf_6_3012a,0.14207050652545267,10.0,1.4207050652545266,0
13,trf_6_3507a,0.22865463292983762,10.0,2.286546329298376,0
13,trf_34_5142a,0.1526116735777762,10.0,1.5261167357777619,0
13,trf_6_3508a,0.043770179727049,10.0,0.43770179727049,0
13,trf_6_3634a,0.4699990131563746,10.0,4.699990131563746,0
13,trf_6_3224a,0.13677927441512058,5.0,2.7355854883024113,0
13,trf_16_3904a,0.35842262926678825,10.0,3.584226292667883,0
13,trf_11_3987a,0.3906905486768044,5.0,7.813810973536088,0
13,trf_16_3997a,0.6054657917716756,30.0,2.018219305905585,0
13,trf_6_3817a,0.12047263523121746,5.0,2.409452704624349,0
13,trf_6_3818a,0.4094592510631307,10.0,4.094592510631307,0
13,trf_16_1142a,1.2119255791402883,45.0,2.693167953645085,0
13,trf_34_5260a,0.35398181029574866,10.0,3.5398181029574864,0
13,trf_6_5725a,0.7155922157165175,300.0,0.23853073857217255,0
13,trf_6_5472a,0.41820849420626205,15.0,2.7880566280417467,0
13,trf_6_4925a,0.3624065611595473,112.5,0.32213916547515314,0
13,trf_6_3256a,1.6150898305388897,15.0,10.76726553692593,0
13,trf_6_4998a,0.35960250908697616,112.5,0.31964667474397884,0
13,trf_16_5055a,0.8207278087090116,10.0,8.207278087090117,0
13,trf_6_724a,0.5818965009768613,30.0,1.939655003256204,0
13,trf_11_4785a,0.20729843005982324,10.0,2.0729843005982325,0
13,trf_16_5003a,0.07365310713693793,15.0,0.4910207142462529,0
13,trf_6_5157a,0.7123256110185812,300.0,0.23744187033952704,0
13,trf_6_5085a,1.0219237842808033,30.0,3.4064126142693443,0
13,trf_6_5595a,6.712763471594568,30.0,22.37587823864856,0
13,trf_11_5652a,0.05841220553837704,15.0,0.38941470358918023,0
13,trf_16_5666a,0.10217615856175029,10.0,1.0217615856175029,0
13,trf_6_5711a,0.5164539909813933,30.0,1.7215133032713112,0
13,trf_6_5712a,3.163183919025983,30.0,10.543946396753277,0
13,trf_6_5659a,0.3079567230789336,30.0,1.026522410263112,0
13,trf_6_1262a,0.38345863576332173,10.0,3.834586357633217,0
13,trf_16_6019a,0.055818895096552225,10.0,0.5581889509655222,0
13,trf_16_6122a,0.04495499142478511,10.0,0.4495499142478511,0
13,trf_6_6158a,2.2747231895695967,45.0,5.05494042126577,0
13,trf_6_6197a,3.405383043004868,75.0,4.540510724006491,0
13,trf_6_6153a,2.9429135492789817,30.0,9.809711830929938,0
13,trf_6_1504a,0.417369583272727,30.0,1.3912319442424235,0
13,trf_6_6249a,11.525026561308268,30.0,38.416755204360896,0
13,trf_16_6312a,0.3815200968420796,30.0,1.2717336561402655,0
13,trf_6_6386a,0.4383062843905101,150.0,0.2922041895936734,0
13,trf_6_4627a,0.36229315059932427,112.5,0.32203835608828824,0
13,trf_11_6443a,0.43850810780125493,150.0,0.29233873853417,0
13,trf_12_6577a,0.1364261987430056,30.0,0.4547539958100187,0
13,trf_12_6578a,0.18027968953178997,45.0,0.4006215322928666,0
13,trf_11_6482a,0.18026644543760542,45.0,0.4005921009724565,0
13,trf_6_1647a,0.22709472573821132,10.0,2.270947257382113,0
13,trf_6_6496a,0.3589208346699571,112.5,0.3190407419288508,0
13,trf_6_727a,1.374749813856749,30.0,4.582499379522497,0
14,trf_6_1030a,0.5515725118381585,10.0,5.515725118381584,0
14,trf_6_878a,0.10799151902245191,10.0,1.079915190224519,0
14,trf_16_1585a,0.1638845824047186,15.0,1.0925638826981239,0
14,trf_16_3545a,0.04485600716649556,10.0,0.44856007166495554,0
14,trf_16_1143a,8.31674046394439,30.0,27.722468213147966,0
14,trf_16_6460a,0.766157425361421,25.0,3.064629701445684,0
14,trf_6_725a,0.048725569945105456,10.0,0.4872556994510545,0
14,trf_6_3820a,0.7660711077163289,15.0,5.10714071810886,0
14,trf_6_3538a,0.5155959560884379,10.0,5.155959560884378,0
14,trf_6_4910a,8.157592236163586,30.0,27.191974120545286,0
14,trf_6_1870a,0.25154179824445494,15.0,1.6769453216296994,0
14,trf_6_127a,1.0082161037796193,15.0,6.721440691864129,0
14,trf_6_1541a,6.808829305768512,15.0,45.39219537179008,0
14,trf_6_1503a,0.2931191584555131,10.0,2.931191584555131,0
14,trf_6_6272a,0.2305731053994861,15.0,1.537154035996574,0
14,trf_6_128a,0.37894129424567974,15.0,2.526275294971198,0
14,trf_6_1260a,0.04399175816497155,10.0,0.4399175816497155,0
14,trf_6_1350a,8.905204681969975,45.0,19.789343737711057,0
14,trf_6_808a,0.5846142200476223,15.0,3.8974281336508154,0
14,trf_6_1475a,0.638755888589873,15.0,4.258372590599153,0
14,trf_6_1138a,3.429587067508294,10.0,34.29587067508294,0
14,trf_6_1146a,5.9985293563408435,10.0,59.98529356340843,0
14,trf_16_2916a,0.5295285832075536,10.0,5.295285832075536,0
14,trf_16_1140a,0.0447433027836691,10.0,0.44743302783669103,0
14,trf_16_5474a,0.46037406968444444,10.0,4.6037406968444445,0
14,trf_16_3548a,0.5743388536865324,10.0,5.743388536865323,0
14,trf_16_1141a,0.5601395808080989,15.0,3.7342638720539925,0
14,trf_6_810a,0.9569868207945383,30.0,3.189956069315128,0
14,trf_16_300a,0.4715391936247038,15.0,3.143594624164692,0
14,trf_16_3130a,1.3508197801412543,30.0,4.502732600470847,0
14,trf_11_4955a,2.0610519984904423,15.0,13.740346656602949,0
14,trf_11_131a,0.8914386802847836,10.0,8.914386802847835,0
14,trf_6_1048a,0.22399951257183154,15.0,1.4933300838122103,0
14,trf_6_129a,0.4286222591667288,10.0,4.286222591667288,0
14,trf_34_1018a,0.25504113550368135,5.0,5.100822710073627,0
14,trf_16_5730a,0.36679739038154824,25.0,1.467189561526193,0
14,trf_16_1144a,0.5911641093472632,15.0,3.941094062315088,0
14,trf_6_6273a,16.505252487057447,30.0,55.017508290191486,0
14,trf_6_1238a,0.5953889923839866,15.0,3.969259949226577,0
14,trf_6_731a,0.2171849773003112,15.0,1.4478998486687413,0
14,trf_6_732a,0.839954669704137,30.0,2.79984889901379,0
14,trf_16_6082a,4.987311257665248,15.0,33.24874171776832,0
14,trf_16_537a,0.21732422604967686,5.0,4.3464845209935365,0
14,trf_16_3996a,1.62333127733742,15.0,10.8222085155828,0
14,trf_16_1095a,0.42926281797967697,15.0,2.861752119864513,0
14,trf_6_730a,0.24750066947688548,15.0,1.6500044631792365,0
14,trf_34_1649a,0.14542591291561802,5.0,2.9085182583123603,0
14,trf_34_5029a,4.02281747631061,10.0,40.228174763106104,0
14,trf_34_1581a,0.582295578275539,10.0,5.822955782755391,0
14,trf_11_132a,0.3683850927509854,10.0,3.683850927509854,0
14,trf_16_3221a,1.1395319665613948,25.0,4.558127866245579,0
14,trf_16_504a,1.0998908662513385,15.0,7.332605775008924,0
14,trf_6_735a,0.17995792364278557,10.0,1.7995792364278558,0
14,trf_6_4489a,13.535141484384052,25.0,54.14056593753621,0
14,trf_6_729a,0.9975360688778914,15.0,6.650240459185942,0
14,trf_16_299a,1.4207801214550122,45.0,3.157289158788916,0
14,trf_16_1301a,0.43807247594296367,10.0,4.380724759429636,0
14,trf_16_2139a,1.5589580730567079,25.0,6.235832292226831,0
14,trf_16_6081a,0.17704614955338055,10.0,1.7704614955338056,0
14,trf_6_1019a,5.116939169064553,25.0,20.46775667625821,0
14,trf_11_2597a,0.4339432640588814,10.0,4.3394326405888135,0
14,trf_11_130a,0.3781442303387362,15.0,2.5209615355915744,0
14,trf_6_4704a,0.7113064685463912,10.0,7.113064685463913,0
14,trf_6_733a,0.04957354802147934,10.0,0.4957354802147934,0
14,trf_11_305a,62.51564431650919,75.0,83.35419242201225,0
14,trf_16_539a,0.04908963395101719,10.0,0.4908963395101719,0
14,trf_6_1151a,0.6493331974508649,30.0,2.1644439915028832,0
14,trf_6_4764a,0.26492785823178305,75.0,0.35323714430904407,0
14,trf_6_4765a,0.4415021661712042,150.0,0.2943347774474695,0
14,trf_16_538a,0.49437764803207324,30.0,1.647925493440244,0
14,trf_11_133a,0.0489579239279844,10.0,0.48957923927984404,0
14,trf_6_723a,0.587479271806504,15.0,3.916528478710027,0
14,trf_6_722a,0.19460068956628448,15.0,1.2973379304418964,0
14,trf_6_726a,0.07793530697045067,15.0,0.5195687131363378,0
14,trf_6_737a,0.5560611154841224,15.0,3.707074103227483,0
14,trf_6_728a,1.0208685072429498,30.0,3.4028950241431657,0
14,trf_6_125a,0.04888521142146902,10.0,0.4888521142146902,0
14,trf_6_3011a,0.22643917512518702,10.0,2.2643917512518703,0
14,trf_6_3819a,1.293732415356955,30.0,4.312441384523183,0
14,trf_6_1344a,0.15531849191458622,10.0,1.553184919145862,0
14,trf_6_122a,0.08646541148759697,10.0,0.8646541148759697,0
14,trf_6_1212a,0.48197386184236485,25.0,1.9278954473694594,0
14,trf_6_1213a,0.12006567084761287,10.0,1.2006567084761286,0
14,trf_6_1139a,11.097386164774967,15.0,73.98257443183311,0
14,trf_6_1145a,0.2655774303178899,10.0,2.655774303178899,0
14,trf_16_302a,0.12574765139937139,10.0,1.2574765139937139,0
14,trf_16_301a,0.4416066701981129,25.0,1.7664266807924518,0
14,trf_6_124a,3.784920516618689,45.0,8.410934481374863,0
14,trf_16_6318a,1.1899963617442644,45.0,2.644436359431699,0
14,trf_16_303a,0.5064560250317109,15.0,3.376373500211406,0
14,trf_6_1256a,0.1829953947796925,10.0,1.829953947796925,0
14,trf_6_2090a,0.6765198139845453,15.0,4.510132093230301,0
14,trf_6_1445a,0.3135033861592177,10.0,3.1350338615921767,0
14,trf_6_4766a,0.3635781089790346,112.5,0.32318054131469737,0
14,trf_16_3549a,0.0,0.0,0.0,0
14,trf_11_4675a,0.4409535724554726,150.0,0.2939690483036484,0
14,trf_16_4173a,0.22143867244597146,10.0,2.2143867244597146,0
14,trf_6_4662a,0.7149702686381364,300.0,0.23832342287937883,0
14,trf_6_2860a,0.47063543683059417,10.0,4.7063543683059414,0
14,trf_6_1178a,0.38531701925633516,15.0,2.5687801283755674,0
14,trf_6_4249a,4.649687573425126,25.0,18.598750293700505,0
14,trf_6_2887a,0.3479532291390156,10.0,3.479532291390156,0
14,trf_6_2064a,0.14867827346318233,5.0,2.9735654692636464,0
14,trf_6_4161a,0.14842574547908194,10.0,1.4842574547908194,0
14,trf_6_1960a,0.2869991465001231,10.0,2.869991465001231,0
14,trf_6_6394a,0.5400142235346435,25.0,2.160056894138574,0
14,trf_6_3613a,0.13581088161136343,10.0,1.3581088161136343,0
14,trf_6_738a,0.034407181559832634,5.0,0.6881436311966527,0
14,trf_16_2195a,1.7488024456755924,15.0,11.658682971170615,0
14,trf_16_4674a,0.6124286316009876,225.0,0.2721905029337722,0
14,trf_6_2417a,0.3490120196053867,10.0,3.490120196053867,0
14,trf_16_4687a,0.2688236774166784,75.0,0.3584315698889045,0
14,trf_16_2428a,0.1970519312096473,5.0,3.9410386241929465,0
14,trf_16_2658a,0.20791024294573732,15.0,1.3860682863049154,0
14,trf_6_1177a,1.4527874773007112,75.0,1.9370499697342818,0
14,trf_6_4661a,0.44292114741730776,150.0,0.2952807649448719,0
14,trf_6_3019a,0.23400719989493288,10.0,2.3400719989493286,0
14,trf_6_3013a,0.5051696042606771,5.0,10.103392085213542,0
14,trf_16_3364a,0.3240963685895026,15.0,2.1606424572633505,0
14,trf_6_3563a,0.5367289329156442,10.0,5.367289329156441,0
14,trf_16_3328a,0.208299617051049,10.0,2.08299617051049,0
14,trf_6_3721a,0.02931064778698779,5.0,0.5862129557397557,0
14,trf_6_3434a,0.34055211373687466,5.0,6.811042274737493,0
14,trf_6_3010a,0.10266426006522725,10.0,1.0266426006522724,0
14,trf_6_3509a,0.8886872661589614,5.0,17.773745323179227,0
14,trf_16_6165a,0.0,0.0,0.0,0
14,trf_6_3142a,0.1643725170106163,10.0,1.643725170106163,0
14,trf_16_3908a,0.0,0.0,0.0,0
14,trf_6_3604a,0.07416905661651506,10.0,0.7416905661651506,0
14,trf_6_3012a,0.1356027037334787,10.0,1.3560270373347871,0
14,trf_6_3507a,0.21677143979294955,10.0,2.1677143979294953,0
14,trf_34_5142a,0.1456977620504171,10.0,1.456977620504171,0
14,trf_6_3508a,0.04397307028103354,10.0,0.4397307028103354,0
14,trf_6_3634a,0.4419886647000462,10.0,4.419886647000462,0
14,trf_6_3224a,0.1296493156735415,5.0,2.59298631347083,0
14,trf_16_3904a,0.3373129701516075,10.0,3.373129701516075,0
14,trf_11_3987a,0.3673152370009341,5.0,7.346304740018683,0
14,trf_16_3997a,0.5752507395930866,30.0,1.9175024653102886,0
14,trf_6_3817a,0.11452220357367776,5.0,2.2904440714735554,0
14,trf_6_3818a,0.38573753461931765,10.0,3.8573753461931766,0
14,trf_16_1142a,1.1425222650379536,45.0,2.5389383667510077,0
14,trf_34_5260a,0.3339845753788148,10.0,3.3398457537881483,0
14,trf_6_5725a,0.7190356653167964,300.0,0.23967855510559882,0
14,trf_6_5472a,0.394820030085407,15.0,2.632133533902713,0
14,trf_6_4925a,0.36377195788843697,112.5,0.3233528514563884,0
14,trf_6_3256a,1.5145918481525826,15.0,10.097278987683884,0
14,trf_6_4998a,0.36137888950248886,112.5,0.3212256795577679,0
14,trf_16_5055a,0.768218059242329,10.0,7.682180592423291,0
14,trf_6_724a,0.5532185649426199,30.0,1.8440618831420663,0
14,trf_11_4785a,0.1967939497965839,10.0,1.9679394979658391,0
14,trf_16_5003a,0.07291086341589337,15.0,0.4860724227726224,0
14,trf_6_5157a,0.7160855708596728,300.0,0.23869519028655758,0
14,trf_6_5085a,0.9641818492415803,30.0,3.2139394974719346,0
14,trf_6_5595a,6.848904074086848,30.0,22.829680246956162,0
14,trf_11_5652a,0.05872998824065669,15.0,0.39153325493771124,0
14,trf_16_5666a,0.09826623099550064,10.0,0.9826623099550064,0
14,trf_6_5711a,0.4920553518327249,30.0,1.6401845061090832,0
14,trf_6_5712a,3.2882859520615306,30.0,10.960953173538435,0
14,trf_6_5659a,0.29723401135199906,30.0,0.9907800378399969,0
14,trf_6_1262a,0.3617596587156766,10.0,3.617596587156766,0
14,trf_16_6019a,0.055088518355580124,10.0,0.5508851835558012,0
14,trf_16_6122a,0.044967136743260396,10.0,0.44967136743260394,0
14,trf_6_6158a,2.1395031408042664,45.0,4.75445142400948,0
14,trf_6_6197a,3.20177652923385,75.0,4.2690353723118,0
14,trf_6_6153a,2.7538110303833663,30.0,9.179370101277888,0
14,trf_6_1504a,0.39918106930288016,30.0,1.330603564342934,0
14,trf_6_6249a,11.79811502530814,30.0,39.32705008436047,0
14,trf_16_6312a,0.3658675593554469,30.0,1.219558531184823,0
14,trf_6_6386a,0.4403371809399018,150.0,0.2935581206266012,0
14,trf_6_4627a,0.3636893132252631,112.5,0.32327938953356716,0
14,trf_11_6443a,0.44103679765405757,150.0,0.2940245317693717,0
14,trf_12_6577a,0.13721057398369077,30.0,0.4573685799456359,0
14,trf_12_6578a,0.18131619810699548,45.0,0.40292488468221216,0
14,trf_11_6482a,0.18130287786667867,45.0,0.4028952841481748,0
14,trf_6_1647a,0.21515761741473774,10.0,2.1515761741473773,0
14,trf_6_6496a,0.3607766113043581,112.5,0.32069032115942947,0
14,trf_6_727a,1.2943377437727077,30.0,4.314459145909026,0
15,trf_6_1030a,0.5743193461742394,10.0,5.743193461742394,0
15,trf_6_878a,0.11099161534904578,10.0,1.1099161534904578,0
15,trf_16_1585a,0.16792989248981538,15.0,1.1195326165987691,0
15,trf_16_3545a,0.04487307999280902,10.0,0.4487307999280902,0
15,trf_16_1143a,7.897662472709567,30.0,26.325541575698555,0
15,trf_16_6460a,0.7962580479957955,25.0,3.1850321919831814,0
15,trf_6_725a,0.048855788498744016,10.0,0.4885578849874402,0
15,trf_6_3820a,0.7978496058520472,15.0,5.318997372346982,0
15,trf_6_3538a,0.5367346760206889,10.0,5.367346760206889,0
15,trf_6_4910a,8.51447640320066,30.0,28.381588010668867,0
15,trf_6_1870a,0.26037602275177163,15.0,1.7358401516784776,0
15,trf_6_127a,1.050638930943227,15.0,7.004259539621513,0
15,trf_6_1541a,6.557246477266952,15.0,43.714976515113015,0
15,trf_6_1503a,0.3043003724488585,10.0,3.043003724488585,0
15,trf_6_6272a,0.23843022079243675,15.0,1.5895348052829117,0
15,trf_6_128a,0.3934058979091134,15.0,2.622705986060756,0
15,trf_6_1260a,0.04410014568860445,10.0,0.44100145688604453,0
15,trf_6_1350a,8.590649479782948,45.0,19.09033217729544,0
15,trf_6_808a,0.6076479283619893,15.0,4.0509861890799295,0
15,trf_6_1475a,0.6686875323595491,15.0,4.457916882396995,0
15,trf_6_1138a,3.260772983802388,10.0,32.60772983802388,0
15,trf_6_1146a,5.757681439831866,10.0,57.57681439831866,0
15,trf_16_2916a,0.550829254325517,10.0,5.50829254325517,0
15,trf_16_1140a,0.044773429003100836,10.0,0.44773429003100834,0
15,trf_16_5474a,0.47864847984791103,10.0,4.78648479847911,0
15,trf_16_3548a,0.6034792252699895,10.0,6.034792252699896,0
15,trf_16_1141a,0.5819686781293932,15.0,3.879791187529288,0
15,trf_6_810a,0.9943323851198865,30.0,3.314441283732955,0
15,trf_16_300a,0.49012311300571876,15.0,3.2674874200381248,0
15,trf_16_3130a,1.4054048036922941,30.0,4.684682678974314,0
15,trf_11_4955a,2.150283154960114,15.0,14.335221033067427,0
15,trf_11_131a,0.9291830098325008,10.0,9.291830098325008,0
15,trf_6_1048a,0.23086434723008473,15.0,1.5390956482005649,0
15,trf_6_129a,0.4458884152669205,10.0,4.458884152669205,0
15,trf_34_1018a,0.2652041940053868,5.0,5.304083880107736,0
15,trf_16_5730a,0.37994624222867585,25.0,1.5197849689147034,0
15,trf_16_1144a,0.6146189893541639,15.0,4.097459929027759,0
15,trf_6_6273a,15.904341005003015,30.0,53.01447001667672,0
15,trf_6_1238a,0.6196223919906616,15.0,4.130815946604411,0
15,trf_6_731a,0.2236878403598659,15.0,1.4912522690657728,0
15,trf_6_732a,0.8719975156018285,30.0,2.906658385339428,0
15,trf_16_6082a,4.8091498962043495,15.0,32.060999308029,0
15,trf_16_537a,0.2255899679684978,5.0,4.511799359369956,0
15,trf_16_3996a,1.6930664272790295,15.0,11.28710951519353,0
15,trf_16_1095a,0.44601566614403776,15.0,2.9734377742935854,0
15,trf_6_730a,0.2564939501602044,15.0,1.709959667734696,0
15,trf_34_1649a,0.1507065050753602,5.0,3.014130101507204,0
15,trf_34_5029a,3.8760904743441564,10.0,38.760904743441564,0
15,trf_34_1581a,0.6064397054416081,10.0,6.064397054416081,0
15,trf_11_132a,0.383002907732091,10.0,3.83002907732091,0
15,trf_16_3221a,1.1870109378957676,25.0,4.7480437515830705,0
15,trf_16_504a,1.129422377674006,15.0,7.529482517826707,0
15,trf_6_735a,0.18600815918061106,10.0,1.8600815918061104,0
15,trf_6_4489a,12.975140449967805,25.0,51.90056179987122,0
15,trf_6_729a,1.039021052257178,15.0,6.926807015047853,0
15,trf_16_299a,1.4766202231687937,45.0,3.2813782737084303,0
15,trf_16_1301a,0.45557179781985013,10.0,4.555717978198501,0
15,trf_16_2139a,1.6248966131425757,25.0,6.499586452570303,0
15,trf_16_6081a,0.18309981835689984,10.0,1.8309981835689986,0
15,trf_6_1019a,4.825524164487781,25.0,19.302096657951125,0
15,trf_11_2597a,0.4515347522703913,10.0,4.515347522703913,0
15,trf_11_130a,0.3918197278402856,15.0,2.612131518935237,0
15,trf_6_4704a,0.7518006005204569,10.0,7.518006005204569,0
15,trf_6_733a,0.04992260053260281,10.0,0.49922600532602807,0
15,trf_11_305a,60.64593383618909,75.0,80.86124511491879,0
15,trf_16_539a,0.04918668011972087,10.0,0.49186680119720866,0
15,trf_6_1151a,0.6726317478592544,30.0,2.242105826197515,0
15,trf_6_4764a,0.26548175574625654,75.0,0.35397567432834204,0
15,trf_6_4765a,0.44243270967953574,150.0,0.2949551397863572,0
15,trf_16_538a,0.5106911261361872,30.0,1.7023037537872905,0
15,trf_11_133a,0.049069440545549375,10.0,0.49069440545549375,0
15,trf_6_723a,0.6107165671443637,15.0,4.071443780962425,0
15,trf_6_722a,0.20013326134828055,15.0,1.3342217423218703,0
15,trf_6_726a,0.0781482718343756,15.0,0.5209884788958373,0
15,trf_6_737a,0.577652410547344,15.0,3.851016070315626,0
15,trf_6_728a,1.0612029145855968,30.0,3.537343048618656,0
15,trf_6_125a,0.04918793348639545,10.0,0.49187933486395446,0
15,trf_6_3011a,0.23454251918131533,10.0,2.3454251918131535,0
15,trf_6_3819a,1.3458021030843426,30.0,4.486007010281142,0
15,trf_6_1344a,0.16042017803690184,10.0,1.6042017803690183,0
15,trf_6_122a,0.08827209365632607,10.0,0.8827209365632607,0
15,trf_6_1212a,0.5003157721933736,25.0,2.0012630887734946,0
15,trf_6_1213a,0.1248302064420464,10.0,1.2483020644204639,0
15,trf_6_1139a,10.711141182734565,15.0,71.40760788489709,0
15,trf_6_1145a,0.2766299335727474,10.0,2.766299335727474,0
15,trf_16_302a,0.12953328489197588,10.0,1.2953328489197589,0
15,trf_16_301a,0.45772186058582154,25.0,1.830887442343286,0
15,trf_6_124a,3.5586968877493845,45.0,7.908215306109744,0
15,trf_16_6318a,1.2357857885463062,45.0,2.746190641214014,0
15,trf_16_303a,0.5262990384935768,15.0,3.5086602566238456,0
15,trf_6_1256a,0.1892097884844254,10.0,1.892097884844254,0
15,trf_6_2090a,0.7036819139551362,15.0,4.691212759700908,0
15,trf_6_1445a,0.3257887636798478,10.0,3.257887636798478,0
15,trf_6_4766a,0.36428031488172063,112.5,0.32380472433930724,0
15,trf_16_3549a,0.0,0.0,0.0,0
15,trf_11_4675a,0.4420341211196894,150.0,0.294689414079793,0
15,trf_16_4173a,0.22929577573446674,10.0,2.2929577573446673,0
15,trf_6_4662a,0.7170190696309825,300.0,0.23900635654366084,0
15,trf_6_2860a,0.4899178341688677,10.0,4.8991783416886765,0
15,trf_6_1178a,0.39998056247828384,15.0,2.666537083188559,0
15,trf_6_4249a,4.466961153781799,25.0,17.867844615127197,0
15,trf_6_2887a,0.36156292392217787,10.0,3.6156292392217786,0
15,trf_6_2064a,0.15405689473602985,5.0,3.081137894720597,0
15,trf_6_4161a,0.15317594899653214,10.0,1.5317594899653213,0
15,trf_6_1960a,0.2979051008458592,10.0,2.9790510084585917,0
15,trf_6_6394a,0.5607211696533094,25.0,2.2428846786132377,0
15,trf_6_3613a,0.1399981948812972,10.0,1.399981948812972,0
15,trf_6_738a,0.03447142287357725,5.0,0.6894284574715449,0
15,trf_16_2195a,1.8238895512998774,15.0,12.159263675332516,0
15,trf_16_4674a,0.6139216997530541,225.0,0.27285408877913514,0
15,trf_6_2417a,0.36280624646175935,10.0,3.6280624646175936,0
15,trf_16_4687a,0.26894871497883327,75.0,0.35859828663844434,0
15,trf_16_2428a,0.20445818853926218,5.0,4.089163770785243,0
15,trf_16_2658a,0.21396190345105562,15.0,1.4264126896737042,0
15,trf_6_1177a,1.5063583256858588,75.0,2.008477767581145,0
15,trf_6_4661a,0.4436985281554088,150.0,0.29579901877027254,0
15,trf_6_3019a,0.24266313811331025,10.0,2.4266313811331024,0
15,trf_6_3013a,0.526190241622513,5.0,10.523804832450262,0
15,trf_16_3364a,0.33535491781587307,15.0,2.23569945210582,0
15,trf_6_3563a,0.5586867100793068,10.0,5.586867100793068,0
15,trf_16_3328a,0.21577363889574536,10.0,2.1577363889574537,0
15,trf_6_3721a,0.029386671314411028,5.0,0.5877334262882206,0
15,trf_6_3434a,0.3545603093323793,5.0,7.091206186647587,0
15,trf_6_3010a,0.10530139230176223,10.0,1.0530139230176223,0
15,trf_6_3509a,0.9267605131696346,5.0,18.535210263392692,0
15,trf_16_6165a,0.0,0.0,0.0,0
15,trf_6_3142a,0.16994829762136446,10.0,1.6994829762136447,0
15,trf_16_3908a,0.0,0.0,0.0,0
15,trf_6_3604a,0.0756573567199612,10.0,0.7565735671996119,0
15,trf_6_3012a,0.13973443002538,10.0,1.3973443002538,0
15,trf_6_3507a,0.22465854750094627,10.0,2.246585475009463,0
15,trf_34_5142a,0.15037610013481334,10.0,1.5037610013481335,0
15,trf_6_3508a,0.04408020323156142,10.0,0.4408020323156142,0
15,trf_6_3634a,0.4597411559947599,10.0,4.597411559947599,0
15,trf_6_3224a,0.13413840094495752,5.0,2.6827680188991505,0
15,trf_16_3904a,0.3502144492498285,10.0,3.5021444924982843,0
15,trf_11_3987a,0.38253166926845755,5.0,7.650633385369152,0
15,trf_16_3997a,0.5952742291338606,30.0,1.984247430446202,0
15,trf_6_3817a,0.1183845248932021,5.0,2.367690497864042,0
15,trf_6_3818a,0.4012501221722792,10.0,4.0125012217227916,0
15,trf_16_1142a,1.1847934886935778,45.0,2.632874419319062,0
15,trf_34_5260a,0.34707470459862466,10.0,3.470747045986246,0
15,trf_6_5725a,0.7207804219408952,300.0,0.24026014064696508,0
15,trf_6_5472a,0.41005918030179056,15.0,2.7337278686786037,0
15,trf_6_4925a,0.3644538193819229,112.5,0.32395895056170926,0
15,trf_6_3256a,1.5795054722320312,15.0,10.530036481546876,0
15,trf_6_4998a,0.36229059556550797,112.5,0.32203608494711816,0
15,trf_16_5055a,0.7996590316527556,10.0,7.9965903165275565,0
15,trf_6_724a,0.5725188052389026,30.0,1.9083960174630088,0
15,trf_11_4785a,0.2037960421992828,10.0,2.037960421992828,0
15,trf_16_5003a,0.07366090781355793,15.0,0.49107271875705283,0
15,trf_6_5157a,0.7180428177746878,300.0,0.23934760592489596,0
15,trf_6_5085a,1.0016219050801891,30.0,3.3387396836006302,0
15,trf_6_5595a,6.601227586650956,30.0,22.00409195550319,0
15,trf_11_5652a,0.05886861215978372,15.0,0.39245741439855814,0
15,trf_16_5666a,0.10063679839925004,10.0,1.0063679839925004,0
15,trf_6_5711a,0.5085986447662667,30.0,1.6953288158875557,0
15,trf_6_5712a,3.114917066412806,30.0,10.383056888042686,0
15,trf_6_5659a,0.3048888019586143,30.0,1.0162960065287143,0
15,trf_6_1262a,0.375996039575069,10.0,3.75996039575069,0
15,trf_16_6019a,0.055536436979370475,10.0,0.5553643697937047,0
15,trf_16_6122a,0.04497129806401545,10.0,0.4497129806401546,0
15,trf_6_6158a,2.22746460418886,45.0,4.949921342641911,0
15,trf_6_6197a,3.334909076012231,75.0,4.4465454346829745,0
15,trf_6_6153a,2.873013283919336,30.0,9.576710946397785,0
15,trf_6_1504a,0.41120175152879374,30.0,1.3706725050959792,0
15,trf_6_6249a,11.33797435012749,30.0,37.7932478337583,0
15,trf_16_6312a,0.3764445609640919,30.0,1.2548152032136397,0
15,trf_6_6386a,0.44137214172520617,150.0,0.2942480944834708,0
15,trf_6_4627a,0.364385452706811,112.5,0.323898180183832,0
15,trf_11_6443a,0.4421159196847548,150.0,0.29474394645650315,0
15,trf_12_6577a,0.13754577619054326,30.0,0.4584859206351442,0
15,trf_12_6578a,0.1817591493166653,45.0,0.4039092207037007,0
15,trf_11_6482a,0.181745796535273,45.0,0.4038795478561622,0
15,trf_6_1647a,0.22293889537564077,10.0,2.2293889537564078,0
15,trf_6_6496a,0.3617386519415036,112.5,0.32154546839244763,0
15,trf_6_727a,1.346797774839448,30.0,4.489325916131493,0
16,trf_6_1030a,0.8390170004180767,10.0,8.390170004180767,0
16,trf_6_878a,0.14493266898639842,10.0,1.4493266898639843,0
16,trf_16_1585a,0.21337720637161664,15.0,1.4225147091441108,0
16,trf_16_3545a,0.04487990521379191,10.0,0.44879905213791915,0
16,trf_16_1143a,4.531286968964008,30.0,15.104289896546694,0
16,trf_16_6460a,1.1570877633485146,25.0,4.628351053394058,0
16,trf_6_725a,0.0489130775217494,10.0,0.48913077521749404,0
16,trf_6_3820a,1.1671996335710042,15.0,7.781330890473361,0
16,trf_6_3538a,0.7822968814622813,10.0,7.822968814622813,0
16,trf_6_4910a,12.678739883591318,30.0,42.262466278637724,0
16,trf_6_1870a,0.36207633048533466,15.0,2.4138422032355646,0
16,trf_6_127a,1.5440934079358288,15.0,10.293956052905525,0
16,trf_6_1541a,4.703598534690626,15.0,31.357323564604176,0
16,trf_6_1503a,0.43530016239145025,10.0,4.353001623914503,0
16,trf_6_6272a,0.3287438206955266,15.0,2.1916254713035106,0
16,trf_6_128a,0.5607584783459454,15.0,3.738389855639636,0
16,trf_6_1260a,0.04409459510872059,10.0,0.44094595108720586,0
16,trf_6_1350a,6.318009601276504,45.0,14.04002133617001,0
16,trf_6_808a,0.8749845247424528,15.0,5.833230164949685,0
16,trf_6_1475a,0.857823075947691,15.0,5.7188205063179405,0
16,trf_6_1138a,1.9101315789779154,10.0,19.101315789779154,0
16,trf_6_1146a,3.9175096107070884,10.0,39.175096107070885,0
16,trf_16_2916a,0.8053122834649366,10.0,8.053122834649365,0
16,trf_16_1140a,0.04478103632046597,10.0,0.4478103632046597,0
16,trf_16_5474a,0.6970308725447931,10.0,6.970308725447931,0
16,trf_16_3548a,0.7088062892756908,10.0,7.088062892756907,0
16,trf_16_1141a,0.8449195636526239,15.0,5.632797091017492,0
16,trf_6_810a,1.4275278315506645,30.0,4.758426105168882,0
16,trf_16_300a,0.7062653590049692,15.0,4.708435726699794,0
16,trf_16_3130a,2.0414431726480147,30.0,6.804810575493382,0
16,trf_11_4955a,3.1897834814921526,15.0,21.265223209947685,0
16,trf_11_131a,1.3683993198070419,10.0,13.68399319807042,0
16,trf_6_1048a,0.30900139967385365,15.0,2.060009331159024,0
16,trf_6_129a,0.6462364240306203,10.0,6.462364240306203,0
16,trf_34_1018a,0.38312603099416653,5.0,7.662520619883331,0
16,trf_16_5730a,0.5321451617582507,25.0,2.1285806470330026,0
16,trf_16_1144a,0.8939661763886011,15.0,5.959774509257341,0
16,trf_6_6273a,11.530380059676869,30.0,38.434600198922894,0
16,trf_6_1238a,0.9018369064253822,15.0,6.012246042835881,0
16,trf_6_731a,0.2980116510266306,15.0,1.986744340177537,0
16,trf_6_732a,1.2440130494329016,30.0,4.146710164776339,0
16,trf_16_6082a,3.5214849080626047,15.0,23.476566053750698,0
16,trf_16_537a,0.3219641161001504,5.0,6.439282322003008,0
16,trf_16_3996a,2.5105547989021186,15.0,16.73703199268079,0
16,trf_16_1095a,0.6409496750672856,15.0,4.272997833781904,0
16,trf_6_730a,0.3154724768341179,15.0,2.103149845560786,0
16,trf_34_1649a,0.21166311964801598,5.0,4.233262392960319,0
16,trf_34_5029a,2.7965910015967994,10.0,27.965910015967996,0
16,trf_34_1581a,0.8872276112826968,10.0,8.872276112826968,0
16,trf_11_132a,0.5525351401172329,10.0,5.525351401172329,0
16,trf_16_3221a,1.7431941553184618,25.0,6.972776621273847,0
16,trf_16_504a,1.322870202506956,15.0,8.819134683379707,0
16,trf_6_735a,0.2557871464773455,10.0,2.557871464773455,0
16,trf_6_4489a,8.655236588653366,25.0,34.620946354613466,0
16,trf_6_729a,1.5224241256223605,15.0,10.149494170815736,0
16,trf_16_299a,2.127707106423423,45.0,4.7282380142742735,0
16,trf_16_1301a,0.6598149672595058,10.0,6.598149672595058,0
16,trf_16_2139a,2.3966681349524466,25.0,9.586672539809786,0
16,trf_16_6081a,0.25326767308452747,10.0,2.532676730845275,0
16,trf_6_1019a,2.440419751367525,25.0,9.7616790054701,0
16,trf_11_2597a,0.6557819622740222,10.0,6.5578196227402215,0
16,trf_11_130a,0.5495912056829045,15.0,3.6639413712193636,0
16,trf_6_4704a,0.8029259755322598,10.0,8.029259755322597,0
16,trf_6_733a,0.05284991239374717,10.0,0.5284991239374717,0
16,trf_11_305a,47.58565164521782,75.0,63.4475355269571,0
16,trf_16_539a,0.04914089298087343,10.0,0.4914089298087343,0
16,trf_6_1151a,0.9441113612227015,30.0,3.1470378707423383,0
16,trf_6_4764a,0.26563815120952844,75.0,0.3541842016127046,0
16,trf_6_4765a,0.4426957676059199,150.0,0.29513051173727994,0
16,trf_16_538a,0.6996879547423696,30.0,2.332293182474565,0
16,trf_11_133a,0.0489572646576314,10.0,0.489572646576314,0
16,trf_6_723a,0.8799669720719873,15.0,5.866446480479914,0
16,trf_6_722a,0.26268507517232687,15.0,1.751233834482179,0
16,trf_6_726a,0.07824135522222725,15.0,0.5216090348148483,0
16,trf_6_737a,0.8297557813321578,15.0,5.531705208881052,0
16,trf_6_728a,1.5285799944543481,30.0,5.095266648181161,0
16,trf_6_125a,0.05149093259578995,10.0,0.5149093259578994,0
16,trf_6_3011a,0.32794242280117997,10.0,3.2794242280118,0
16,trf_6_3819a,1.9501759031948398,30.0,6.5005863439828,0
16,trf_6_1344a,0.2189195551156616,10.0,2.189195551156616,0
16,trf_6_122a,0.10811823336880197,10.0,1.0811823336880197,0
16,trf_6_1212a,0.7125095131259291,25.0,2.8500380525037166,0
16,trf_6_1213a,0.13054323660662787,10.0,1.3054323660662788,0
16,trf_6_1139a,7.835531837842674,15.0,52.236878918951156,0
16,trf_6_1145a,0.3586200400246116,10.0,3.586200400246116,0
16,trf_16_302a,0.1727145767470069,10.0,1.7271457674700692,0
16,trf_16_301a,0.6440874845161891,25.0,2.576349938064757,0
16,trf_6_124a,1.691004876930057,45.0,3.7577886154001265,0
16,trf_16_6318a,1.7660630728868114,45.0,3.924584606415136,0
16,trf_16_303a,0.7562649143253679,15.0,5.041766095502453,0
16,trf_6_1256a,0.2606597324302693,10.0,2.606597324302693,0
16,trf_6_2090a,1.0192572082482347,15.0,6.795048054988231,0
16,trf_6_1445a,0.46831472791063816,10.0,4.6831472791063815,0
16,trf_6_4766a,0.36444252861195925,112.5,0.32394891432174155,0
16,trf_16_3549a,0.0,0.0,0.0,0
16,trf_11_4675a,0.4412027538970079,150.0,0.294135169264672,0
16,trf_16_4173a,0.3227525344417594,10.0,3.227525344417594,0
16,trf_6_4662a,0.7180398007022997,300.0,0.2393466002340999,0
16,trf_6_2860a,0.7141916417926317,10.0,7.141916417926318,0
16,trf_6_1178a,0.5717615324814428,15.0,3.8117435498762853,0
16,trf_6_4249a,3.1009442448534696,25.0,12.403776979413879,0
16,trf_6_2887a,0.5211662599071135,10.0,5.2116625990711345,0
16,trf_6_2064a,0.21693151501644123,5.0,4.338630300328825,0
16,trf_6_4161a,0.20851865474452794,10.0,2.0851865474452795,0
16,trf_6_1960a,0.42586425769407693,10.0,4.258642576940769,0
16,trf_6_6394a,0.8037488439934357,25.0,3.214995375973743,0
16,trf_6_3613a,0.18869795894662492,10.0,1.886979589466249,0
16,trf_6_738a,0.034475375645240135,5.0,0.6895075129048027,0
16,trf_16_2195a,2.704054495558888,15.0,18.027029970392583,0
16,trf_16_4674a,0.6127790207859303,225.0,0.2723462314604135,0
16,trf_6_2417a,0.5234637902270731,10.0,5.234637902270731,0
16,trf_16_4687a,0.268978745500795,75.0,0.35863832733439327,0
16,trf_16_2428a,0.2926862000768239,5.0,5.853724001536478,0
16,trf_16_2658a,0.28271567594584596,15.0,1.8847711729723065,0
16,trf_6_1177a,2.1337070721554134,75.0,2.8449427628738846,0
16,trf_6_4661a,0.44364480314211857,150.0,0.2957632020947457,0
16,trf_6_3019a,0.3426291639093835,10.0,3.426291639093835,0
16,trf_6_3013a,0.7752173240483002,5.0,15.504346480966003,0
16,trf_16_3364a,0.46516618985635744,15.0,3.1011079323757165,0
16,trf_6_3563a,0.8166054690171268,10.0,8.166054690171269,0
16,trf_16_3328a,0.30262962160860224,10.0,3.0262962160860223,0
16,trf_6_3721a,0.029415411217918894,5.0,0.5883082243583779,0
16,trf_6_3434a,0.517325769651997,5.0,10.34651539303994,0
16,trf_6_3010a,0.13634506483358316,10.0,1.3634506483358317,0
16,trf_6_3509a,1.375304356775576,5.0,27.506087135511518,0
16,trf_16_6165a,0.0,0.0,0.0,0
16,trf_6_3142a,0.2340614516555963,10.0,2.340614516555963,0
16,trf_16_3908a,0.0,0.0,0.0,0
16,trf_6_3604a,0.09190679962895856,10.0,0.9190679962895857,0
16,trf_6_3012a,0.1882565578933373,10.0,1.882565578933373,0
16,trf_6_3507a,0.31565858126528373,10.0,3.156585812652837,0
16,trf_34_5142a,0.20396367246252975,10.0,2.0396367246252973,0
16,trf_6_3508a,0.04413592962428509,10.0,0.441359296242851,0
16,trf_6_3634a,0.6685304513320666,10.0,6.685304513320666,0
16,trf_6_3224a,0.18713793011729266,5.0,3.742758602345853,0
16,trf_16_3904a,0.5043340463586109,10.0,5.043340463586109,0
16,trf_11_3987a,0.5594318846297509,5.0,11.18863769259502,0
16,trf_16_3997a,0.8265415798289751,30.0,2.7551385994299173,0
16,trf_6_3817a,0.1634033065359467,5.0,3.268066130718934,0
16,trf_6_3818a,0.5815133217957713,10.0,5.8151332179577135,0
16,trf_16_1142a,1.6905897806355994,45.0,3.756866179190221,0
16,trf_34_5260a,0.49885137000093666,10.0,4.988513700009366,0
16,trf_6_5725a,0.7213003089326462,300.0,0.24043343631088207,0
16,trf_6_5472a,0.5873656083927928,15.0,3.915770722618619,0
16,trf_6_4925a,0.3645990851517248,112.5,0.32408807569042203,0
16,trf_6_3256a,2.3354634422442655,15.0,15.569756281628436,0
16,trf_6_4998a,0.36262185079616543,112.5,0.32233053404103595,0
16,trf_16_5055a,1.1783013131604922,10.0,11.783013131604921,0
16,trf_6_724a,0.7943682077069227,30.0,2.6478940256897427,0
16,trf_11_4785a,0.28448149589766225,10.0,2.8448149589766225,0
16,trf_16_5003a,0.08110153192294461,15.0,0.5406768794862974,0
16,trf_6_5157a,0.7188997211609948,300.0,0.23963324038699824,0
16,trf_6_5085a,1.4381229375249764,30.0,4.793743125083255,0
16,trf_6_5595a,4.797947723452776,30.0,15.99315907817592,0
16,trf_11_5652a,0.0587766532011341,15.0,0.39184435467422735,0
16,trf_16_5666a,0.12914092748677333,10.0,1.2914092748677333,0
16,trf_6_5711a,0.6982241381931678,30.0,2.327413793977226,0
16,trf_6_5712a,1.721939671280089,30.0,5.739798904266963,0
16,trf_6_5659a,0.3909477647731597,30.0,1.3031592159105323,0
16,trf_6_1262a,0.5412017486567801,10.0,5.4120174865678,0
16,trf_16_6019a,0.060903935991071446,10.0,0.6090393599107145,0
16,trf_16_6122a,0.044961668161097625,10.0,0.44961668161097623,0
16,trf_6_6158a,3.2496467686069166,45.0,7.221437263570926,0
16,trf_6_6197a,4.882137569312874,75.0,6.509516759083833,0
16,trf_6_6153a,3.803592304300918,30.0,12.678641014336392,0
16,trf_6_1504a,0.5504092324424578,30.0,1.8346974414748591,0
16,trf_6_6249a,7.903344920743023,30.0,26.344483069143408,0
16,trf_16_6312a,0.49779924982144624,30.0,1.659330832738154,0
16,trf_6_6386a,0.44170962497347693,150.0,0.2944730833156513,0
16,trf_6_4627a,0.36452864974472765,112.5,0.32402546643975794,0
16,trf_11_6443a,0.44126622919570035,150.0,0.2941774861304669,0
16,trf_12_6577a,0.1372846883312166,30.0,0.457615627770722,0
16,trf_12_6578a,0.18141413612552842,45.0,0.4031425247233965,0
16,trf_11_6482a,0.18140080869017766,45.0,0.4031129082003948,0
16,trf_6_1647a,0.31348412351422883,10.0,3.1348412351422885,0
16,trf_6_6496a,0.36213958330085005,112.5,0.3219018518229778,0
16,trf_6_727a,1.9569807539702577,30.0,6.5232691799008595,0
17,trf_6_1030a,1.4412841630714244,10.0,14.412841630714244,0
17,trf_6_878a,0.22209775865427997,10.0,2.2209775865427996,0
17,trf_16_1585a,0.31694876837179625,15.0,2.1129917891453083,0
17,trf_16_3545a,0.044874983508797414,10.0,0.44874983508797417,0
17,trf_16_1143a,1.698802310143575,30.0,5.662674367145249,0
17,trf_16_6460a,1.9798935057408973,25.0,7.91957402296359,0
17,trf_6_725a,0.04887450290771612,10.0,0.48874502907716116,0
17,trf_6_3820a,2.002785016619829,15.0,13.351900110798859,0
17,trf_6_3538a,1.3367068621666385,10.0,13.367068621666386,0
17,trf_6_4910a,22.08946719272215,30.0,73.63155730907383,0
17,trf_6_1870a,0.5926457227312499,15.0,3.9509714848749993,0
17,trf_6_127a,2.6576927934114836,15.0,17.717951956076558,0
17,trf_6_1541a,1.5628937772876188,15.0,10.419291848584125,0
17,trf_6_1503a,0.7330297914919006,10.0,7.330297914919006,0
17,trf_6_6272a,0.5331175219779981,15.0,3.554116813186654,0
17,trf_6_128a,0.9386334716171919,15.0,6.257556477447946,0
17,trf_6_1260a,0.04395597219908243,10.0,0.4395597219908243,0
17,trf_6_1350a,2.5381443758244138,45.0,5.6403208351653635,0
17,trf_6_808a,1.4832929676837858,15.0,9.888619784558573,0
17,trf_6_1475a,1.2638024128222793,15.0,8.425349418815195,0
17,trf_6_1138a,0.5553733225165486,10.0,5.553733225165486,0
17,trf_6_1146a,0.6780095706140014,10.0,6.780095706140014,0
17,trf_16_2916a,1.3854262669569106,10.0,13.854262669569106,0
17,trf_16_1140a,0.04476311554755784,10.0,0.44763115547557836,0
17,trf_16_5474a,1.1949234362388546,10.0,11.949234362388546,0
17,trf_16_3548a,0.9138597957482273,10.0,9.138597957482272,0
17,trf_16_1141a,1.444927009179179,15.0,9.632846727861194,0
17,trf_6_810a,2.413219278644988,30.0,8.044064262149961,0
17,trf_16_300a,1.1956621148845612,15.0,7.971080765897074,0
17,trf_16_3130a,3.483883996253221,30.0,11.612946654177403,0
17,trf_11_4955a,5.537102951728045,15.0,36.91401967818697,0
17,trf_11_131a,2.361930270220517,10.0,23.61930270220517,0
17,trf_6_1048a,0.487262157936637,15.0,3.248414386244247,0
17,trf_6_129a,1.0983573860478524,10.0,10.983573860478524,0
17,trf_34_1018a,0.6498300502061252,5.0,12.996601004122505,0
17,trf_16_5730a,0.8779417399880743,25.0,3.5117669599522974,0
17,trf_16_1144a,1.5304563102790592,15.0,10.203042068527061,0
17,trf_6_6273a,4.231397405195776,30.0,14.104658017319252,0
17,trf_6_1238a,1.54326879741172,15.0,10.288458649411467,0
17,trf_6_731a,0.46762640445553955,15.0,3.1175093630369304,0
17,trf_6_732a,2.091125492131208,30.0,6.970418307104027,0
17,trf_16_6082a,1.3896904211094723,15.0,9.26460280739648,0
17,trf_16_537a,0.540871200413203,5.0,10.81742400826406,0
17,trf_16_3996a,4.366641846360027,15.0,29.11094564240018,0
17,trf_16_1095a,1.0835841833831974,15.0,7.223894555887982,0
17,trf_6_730a,0.4433008232375018,15.0,2.9553388215833456,0
17,trf_34_1649a,0.3497262294035687,5.0,6.994524588071374,0
17,trf_34_5029a,0.9712312715666935,10.0,9.712312715666936,0
17,trf_34_1581a,1.5225983078001346,10.0,15.225983078001345,0
17,trf_11_132a,0.9358283329411814,10.0,9.358283329411815,0
17,trf_16_3221a,3.0070694735391132,25.0,12.028277894156453,0
17,trf_16_504a,1.6945235267985117,15.0,11.296823511990079,0
17,trf_6_735a,0.4148420182516603,10.0,4.1484201825166025,0
17,trf_6_4489a,0.9674685684956411,25.0,3.8698742739825644,0
17,trf_6_729a,2.6220523793946438,15.0,17.48034919596429,0
17,trf_16_299a,3.605726786373074,45.0,8.012726191940164,0
17,trf_16_1301a,1.1234440950173472,10.0,11.234440950173472,0
17,trf_16_2139a,4.144444847181907,25.0,16.577779388727627,0
17,trf_16_6081a,0.41261632866219006,10.0,4.1261632866219005,0
17,trf_6_1019a,1.9821662459379845,25.0,7.928664983751938,0
17,trf_11_2597a,1.1184978509925034,10.0,11.184978509925035,0
17,trf_11_130a,0.9070668639025306,15.0,6.04711242601687,0
17,trf_6_4704a,0.8572274995189036,10.0,8.572274995189037,0
17,trf_6_733a,0.05945731418084752,10.0,0.5945731418084752,0
17,trf_11_305a,26.382872960693657,75.0,35.177163947591545,0
17,trf_16_539a,0.048927172169805876,10.0,0.48927172169805877,0
17,trf_6_1151a,1.5627702630344584,30.0,5.209234210114861,0
17,trf_6_4764a,0.2653297036647675,75.0,0.35377293821969,0
17,trf_6_4765a,0.44218092402770975,150.0,0.2947872826851399,0
17,trf_16_538a,1.129376259836992,30.0,3.7645875327899736,0
17,trf_11_133a,0.048586561991702505,10.0,0.4858656199170251,0
17,trf_6_723a,1.49289444910999,15.0,9.952629660733267,0
17,trf_6_722a,0.4054958937501339,15.0,2.703305958334226,0
17,trf_6_726a,0.0781804747911387,15.0,0.5212031652742579,0
17,trf_6_737a,1.4036338643547799,15.0,9.357559095698532,0
17,trf_6_728a,2.5925061305711723,30.0,8.641687101903907,0
17,trf_6_125a,0.05668165635636892,10.0,0.5668165635636891,0
17,trf_6_3011a,0.5394402674280001,10.0,5.394402674280001,0
17,trf_6_3819a,3.317021916630326,30.0,11.056739722101087,0
17,trf_6_1344a,0.3512995426676675,10.0,3.5129954266766754,0
17,trf_6_122a,0.15332052201884447,10.0,1.5332052201884445,0
17,trf_6_1212a,1.1933443498659189,25.0,4.7733773994636755,0
17,trf_6_1213a,0.1362768056413472,10.0,1.3627680564134719,0
17,trf_6_1139a,2.8327964686586324,15.0,18.885309791057548,0
17,trf_6_1145a,0.5384346384946345,10.0,5.384346384946345,0
17,trf_16_302a,0.2707134557939556,10.0,2.7071345579395563,0
17,trf_16_301a,1.0669128398284655,25.0,4.267651359313862,0
17,trf_6_124a,1.9478937682819661,45.0,4.328652818404369,0
17,trf_16_6318a,2.9685113178752407,45.0,6.596691817500536,0
17,trf_16_303a,1.2774668634146114,15.0,8.516445756097408,0
17,trf_6_1256a,0.42345858412967163,10.0,4.234585841296716,0
17,trf_6_2090a,1.7373691999222978,15.0,11.582461332815319,0
17,trf_6_1445a,0.7928475907191623,10.0,7.928475907191623,0
17,trf_6_4766a,0.36396988976080263,112.5,0.32352879089849124,0
17,trf_16_3549a,0.0,0.0,0.0,0
17,trf_11_4675a,0.4382598533552889,150.0,0.2921732355701926,0
17,trf_16_4173a,0.5358601112175486,10.0,5.358601112175487,0
17,trf_6_4662a,0.7177026184889029,300.0,0.23923420616296767,0
17,trf_6_2860a,1.2238461557203308,10.0,12.238461557203308,0
17,trf_6_1178a,0.9621687859817079,15.0,6.414458573211386,0
17,trf_6_4249a,0.7534386603842196,25.0,3.0137546415368788,0
17,trf_6_2887a,0.8837920345959899,10.0,8.837920345959898,0
17,trf_6_2064a,0.3598295662389816,5.0,7.196591324779632,0
17,trf_6_4161a,0.33466875778438265,10.0,3.3466875778438263,0
17,trf_6_1960a,0.716994938142813,10.0,7.16994938142813,0
17,trf_6_6394a,1.3565671564350843,25.0,5.426268625740337,0
17,trf_6_3613a,0.29975353253072756,10.0,2.997535325307276,0
17,trf_6_738a,0.034409460100101964,5.0,0.6881892020020393,0
17,trf_16_2195a,4.697831689153335,15.0,31.318877927688902,0
17,trf_16_4674a,0.6087178331130163,225.0,0.2705412591613406,0
17,trf_6_2417a,0.8887771749812492,10.0,8.887771749812492,0
17,trf_16_4687a,0.26889314549064813,75.0,0.3585241939875308,0
17,trf_16_2428a,0.49389582639413665,5.0,9.877916527882734,0
17,trf_16_2658a,0.4390770992633868,15.0,2.9271806617559117,0
17,trf_6_1177a,3.688359003674137,75.0,4.91781200489885,0
17,trf_6_4661a,0.4426258637033483,150.0,0.29508390913556554,0
17,trf_6_3019a,0.5691418196069444,10.0,5.691418196069444,0
17,trf_6_3013a,1.3419070140591478,5.0,26.838140281182955,0
17,trf_16_3364a,0.7599141882864319,15.0,5.066094588576212,0
17,trf_6_3563a,1.4021994731914045,10.0,14.021994731914045,0
17,trf_16_3328a,0.5002058565487983,10.0,5.002058565487983,0
17,trf_6_3721a,0.029388258295680297,5.0,0.587765165913606,0
17,trf_6_3434a,0.8858929672284733,5.0,17.71785934456947,0
17,trf_6_3010a,0.20744165463644337,10.0,2.0744165463644335,0
17,trf_6_3509a,2.393980866434803,5.0,47.87961732869606,0
17,trf_16_6165a,0.0,0.0,0.0,0
17,trf_6_3142a,0.3801717130194018,10.0,3.8017171301940182,0
17,trf_16_3908a,0.0,0.0,0.0,0
17,trf_6_3604a,0.12911158861133515,10.0,1.2911158861133516,0
17,trf_6_3012a,0.299055001966837,10.0,2.99055001966837,0
17,trf_6_3507a,0.5219478626419337,10.0,5.2194786264193365,0
17,trf_34_5142a,0.32554380586138715,10.0,3.2554380586138714,0
17,trf_6_3508a,0.04412578423309762,10.0,0.4412578423309762,0
17,trf_6_3634a,1.1432176949232336,10.0,11.432176949232336,0
17,trf_6_3224a,0.30804416538587037,5.0,6.160883307717407,0
17,trf_16_3904a,0.8558433316241835,10.0,8.558433316241835,0
17,trf_11_3987a,0.9603759288780845,5.0,19.207518577561693,0
17,trf_16_3997a,1.3514509464683915,30.0,4.504836488227971,0
17,trf_6_3817a,0.2658442394061803,5.0,5.316884788123606,0
17,trf_6_3818a,0.991852280592784,10.0,9.91852280592784,0
17,trf_16_1142a,2.8446783628320262,45.0,6.321507472960059,0
17,trf_34_5260a,0.8424707628504174,10.0,8.424707628504175,0
17,trf_6_5725a,0.7203865373432119,300.0,0.24012884578107063,0
17,trf_6_5472a,0.990623100767548,15.0,6.604154005116986,0
17,trf_6_4925a,0.36411392702413636,112.5,0.3236568240214545,0
17,trf_6_3256a,4.043050797764111,15.0,26.953671985094072,0
17,trf_6_4998a,0.36223666018474276,112.5,0.321988142386438,0
17,trf_16_5055a,2.041555892277841,10.0,20.41555892277841,0
17,trf_6_724a,1.2998940441731808,30.0,4.332980147243935,0
17,trf_11_4785a,0.4676156651960355,10.0,4.676156651960355,0
17,trf_16_5003a,0.09808979402555987,15.0,0.6539319601703991,0
17,trf_6_5157a,0.7183433842546344,300.0,0.23944779475154482,0
17,trf_6_5085a,2.431478942790702,30.0,8.104929809302341,0
17,trf_6_5595a,1.7750752830284393,30.0,5.9169176100947976,0
17,trf_11_5652a,0.05841849122441828,15.0,0.38945660816278854,0
17,trf_16_5666a,0.19452358440403847,10.0,1.9452358440403845,0
17,trf_6_5711a,1.1304608588616072,30.0,3.768202862872024,0
17,trf_6_5712a,0.9462882647999578,30.0,3.1542942159998595,0
17,trf_6_5659a,0.5875534275073562,30.0,1.9585114250245206,0
17,trf_6_1262a,0.9170811927614883,10.0,9.170811927614881,0
17,trf_16_6019a,0.0732953142382338,10.0,0.7329531423823379,0
17,trf_16_6122a,0.04493738753353424,10.0,0.44937387533534234,0
17,trf_6_6158a,5.561684579139367,45.0,12.359299064754149,0
17,trf_6_6197a,8.403497882657094,75.0,11.204663843542793,0
17,trf_6_6153a,5.945217906544499,30.0,19.817393021814997,0
17,trf_6_1504a,0.8677861643696411,30.0,2.892620547898803,0
17,trf_6_6249a,2.0357813009091816,30.0,6.785937669697272,0
17,trf_16_6312a,0.7740283161585227,30.0,2.580094387195076,0
17,trf_6_6386a,0.4412037651594429,150.0,0.29413584343962856,0
17,trf_6_4627a,0.36402877564775254,112.5,0.32358113390911336,0
17,trf_11_6443a,0.4382938314023541,150.0,0.29219588760156945,0
17,trf_12_6577a,0.13636567640889113,30.0,0.4545522546963038,0
17,trf_12_6578a,0.18019971260897852,45.0,0.40044380579773003,0
17,trf_11_6482a,0.18018647439022734,45.0,0.4004143875338385,0
17,trf_6_1647a,0.5195923902239594,10.0,5.195923902239594,0
17,trf_6_6496a,0.36183067410868713,112.5,0.3216272658743886,0
17,trf_6_727a,3.3456850749087024,30.0,11.152283583029007,0
18,trf_6_1030a,1.8465308458236644,10.0,18.465308458236642,0
18,trf_6_878a,0.27370479674206677,10.0,2.7370479674206676,0
18,trf_16_1585a,0.38632745896246784,15.0,2.575516393083119,0
18,trf_16_3545a,0.044873488424550266,10.0,0.4487348842455027,0
18,trf_16_1143a,7.038810458647412,30.0,23.46270152882471,0
18,trf_16_6460a,2.5331341341360467,25.0,10.132536536544187,0
18,trf_6_725a,0.048886636126569,10.0,0.48886636126569005,0
18,trf_6_3820a,2.559648640585333,15.0,17.064324270568886,0
18,trf_6_3538a,1.7044372650719366,10.0,17.044372650719367,0
18,trf_6_4910a,28.349735189455895,30.0,94.49911729818632,0
18,trf_6_1870a,0.7465406872969653,15.0,4.976937915313102,0
18,trf_6_127a,3.3960608866031174,15.0,22.64040591068745,0
18,trf_6_1541a,1.4601732317336649,15.0,9.734488211557766,0
18,trf_6_1503a,0.9324573790334406,10.0,9.324573790334407,0
18,trf_6_6272a,0.6689185649726972,15.0,4.459457099817981,0
18,trf_6_128a,1.1893704575141424,15.0,7.9291363834276165,0
18,trf_6_1260a,0.04387669241810441,10.0,0.43876692418104407,0
18,trf_6_1350a,1.2414775459319773,45.0,2.7588389909599496,0
18,trf_6_808a,1.892337381570547,15.0,12.615582543803647,0
18,trf_6_1475a,1.6117907578535131,15.0,10.74527171902342,0
18,trf_6_1138a,2.7368122153638192,10.0,27.368122153638193,0
18,trf_6_1146a,2.341494078406284,10.0,23.414940784062843,0
18,trf_16_2916a,1.7752808322820304,10.0,17.752808322820304,0
18,trf_16_1140a,0.044754026258578876,10.0,0.4475402625857887,0
18,trf_16_5474a,1.5295566865340422,10.0,15.295566865340422,0
18,trf_16_3548a,1.1664684958236355,10.0,11.664684958236355,0
18,trf_16_1141a,1.8484607243146596,15.0,12.323071495431064,0
18,trf_6_810a,3.076008874367559,30.0,10.25336291455853,0
18,trf_16_300a,1.5218111358850541,15.0,10.145407572567027,0
18,trf_16_3130a,4.447718302164775,30.0,14.825727673882584,0
18,trf_11_4955a,7.096050295435391,15.0,47.30700196956927,0
18,trf_11_131a,3.023933169893745,10.0,30.239331698937452,0
18,trf_6_1048a,0.6075342707277183,15.0,4.050228471518122,0
18,trf_6_129a,1.398360838487044,10.0,13.983608384870442,0
18,trf_34_1018a,0.8271838263997484,5.0,16.54367652799497,0
18,trf_16_5730a,1.1092154723705967,25.0,4.436861889482387,0
18,trf_16_1144a,1.9580240223137908,15.0,13.05349348209194,0
18,trf_6_6273a,2.786781417573737,30.0,9.289271391912456,0
18,trf_6_1238a,1.9738165860129322,15.0,13.158777240086215,0
18,trf_6_731a,0.5819804484524731,15.0,3.8798696563498205,0
18,trf_6_732a,2.6612501584132002,30.0,8.870833861377333,0
18,trf_16_6082a,0.7266873499196863,15.0,4.844582332797909,0
18,trf_16_537a,0.687459038488979,5.0,13.749180769779581,0
18,trf_16_3996a,5.609947103523424,15.0,37.399647356822825,0
18,trf_16_1095a,1.3800190740806584,15.0,9.200127160537724,0
18,trf_6_730a,0.5505063767518146,15.0,3.670042511678764,0
18,trf_34_1649a,0.4416110602776356,5.0,8.832221205552711,0
18,trf_34_5029a,0.801326922865308,10.0,8.01326922865308,0
18,trf_34_1581a,1.945256230274757,10.0,19.45256230274757,0
18,trf_11_132a,1.1906470076599738,10.0,11.906470076599737,0
18,trf_16_3221a,3.8544935396810978,25.0,15.417974158724391,0
18,trf_16_504a,1.9842093451216711,15.0,13.22806230081114,0
18,trf_6_735a,0.5219579064082702,10.0,5.219579064082702,0
18,trf_6_4489a,6.145697768050949,25.0,24.582791072203793,0
18,trf_6_729a,3.3614763454550936,15.0,22.409842303033955,0
18,trf_16_299a,4.594389115715002,45.0,10.209753590477781,0
18,trf_16_1301a,1.4336999361025635,10.0,14.336999361025637,0
18,trf_16_2139a,5.310125521581563,25.0,21.240502086326252,0
18,trf_16_6081a,0.5191113207200868,10.0,5.1911132072008686,0
18,trf_6_1019a,5.773885558766359,25.0,23.095542235065437,0
18,trf_11_2597a,1.4273894135014829,10.0,14.273894135014828,0
18,trf_11_130a,1.1453435173702113,15.0,7.635623449134743,0
18,trf_6_4704a,1.0923718463927088,10.0,10.923718463927088,0
18,trf_6_733a,0.06395126716469252,10.0,0.6395126716469252,0
18,trf_11_305a,4.358924949105093,75.0,5.811899932140124,0
18,trf_16_539a,0.048784657982596805,10.0,0.4878465798259681,0
18,trf_6_1151a,1.9790787328827164,30.0,6.5969291096090545,0
18,trf_6_4764a,0.26523071225189454,75.0,0.35364094966919274,0
18,trf_6_4765a,0.44201549848082855,150.0,0.29467699898721905,0
18,trf_16_538a,1.4170053350244263,30.0,4.723351116748088,0
18,trf_11_133a,0.04832394166617712,10.0,0.4832394166617712,0
18,trf_6_723a,1.9056415856995883,15.0,12.704277237997255,0
18,trf_6_722a,0.501923509520118,15.0,3.34615673013412,0
18,trf_6_726a,0.07820074197363484,15.0,0.5213382798242323,0
18,trf_6_737a,1.7894715599309943,15.0,11.929810399539962,0
18,trf_6_728a,3.308919497829958,30.0,11.029731659433194,0
18,trf_6_125a,0.06013723649210908,10.0,0.6013723649210908,0
18,trf_6_3011a,0.6803293250944097,10.0,6.803293250944097,0
18,trf_6_3819a,4.22603443944399,30.0,14.0867814648133,0
18,trf_6_1344a,0.43922561642031066,10.0,4.392256164203106,0
18,trf_6_122a,0.18355448946965935,10.0,1.8355448946965935,0
18,trf_6_1212a,1.5142616325231966,25.0,6.057046530092787,0
18,trf_6_1213a,0.1630052306586949,10.0,1.6300523065869492,0
18,trf_6_1139a,2.101453387394399,15.0,14.009689249295993,0
18,trf_6_1145a,0.68247417392631,10.0,6.824741739263101,0
18,trf_16_302a,0.33606515883919613,10.0,3.360651588391961,0
18,trf_16_301a,1.3495156441201694,25.0,5.398062576480678,0
18,trf_6_124a,4.884851244535426,45.0,10.855224987856502,0
18,trf_16_6318a,3.7714695036597057,45.0,8.381043341466013,0
18,trf_16_303a,1.6254716091167236,15.0,10.83647739411149,0
18,trf_6_1256a,0.5331060363216239,10.0,5.331060363216239,0
18,trf_6_2090a,2.220423061766501,15.0,14.802820411776674,0
18,trf_6_1445a,1.0114207757258529,10.0,10.11420775725853,0
18,trf_6_4766a,0.36378109801594993,112.5,0.32336097601417774,0
18,trf_16_3549a,0.0,0.0,0.0,0
18,trf_11_4675a,0.4361136620419697,150.0,0.2907424413613131,0
18,trf_16_4173a,0.6790280448883557,10.0,6.790280448883557,0
18,trf_6_4662a,0.7181105031668513,300.0,0.23937016772228376,0
18,trf_6_2860a,1.565889296918886,10.0,15.65889296918886,0
18,trf_6_1178a,1.2236672551518708,15.0,8.157781701012473,0
18,trf_6_4249a,1.4355017354855695,25.0,5.742006941942278,0
18,trf_6_2887a,1.1266279424814798,10.0,11.266279424814797,0
18,trf_6_2064a,0.4555255033627705,5.0,9.11051006725541,0
18,trf_6_4161a,0.4194228026808234,10.0,4.194228026808234,0
18,trf_6_1960a,0.9123470744458163,10.0,9.123470744458164,0
18,trf_6_6394a,1.7274434825779847,25.0,6.909773930311939,0
18,trf_6_3613a,0.37438633682143324,10.0,3.7438633682143325,0
18,trf_6_738a,0.03437445977451198,5.0,0.6874891954902396,0
18,trf_16_2195a,6.0280867908579525,15.0,40.18724527238635,0
18,trf_16_4674a,0.6057645303767287,225.0,0.26922868016743495,0
18,trf_6_2417a,1.1340281245887376,10.0,11.340281245887375,0
18,trf_16_4687a,0.268860664682868,75.0,0.358480886243824,0
18,trf_16_2428a,0.6291608729358958,5.0,12.583217458717916,0
18,trf_16_2658a,0.5436526021256386,15.0,3.624350680837591,0
18,trf_6_1177a,5.447622533502974,75.0,7.263496711337299,0
18,trf_6_4661a,0.4420096154159517,150.0,0.2946730769439678,0
18,trf_6_3019a,0.7202840761271179,10.0,7.202840761271179,0
18,trf_6_3013a,1.7222388315779238,5.0,34.444776631558476,0
18,trf_16_3364a,0.9569263755884054,15.0,6.37950917058937,0
18,trf_6_3563a,1.7941037863528018,10.0,17.941037863528017,0
18,trf_16_3328a,0.6327695842614717,10.0,6.327695842614717,0
18,trf_6_3721a,0.029386617222907307,5.0,0.5877323444581461,0
18,trf_6_3434a,1.1317564648766558,5.0,22.63512929753312,0
18,trf_6_3010a,0.2553622244004775,10.0,2.5536222440047753,0
18,trf_6_3509a,3.0764054146773594,5.0,61.52810829354719,0
18,trf_16_6165a,0.0,0.0,0.0,0
18,trf_6_3142a,0.47856337596169807,10.0,4.785633759616981,0
18,trf_16_3908a,0.0,0.0,0.0,0
18,trf_6_3604a,0.15430149327632717,10.0,1.5430149327632718,0
18,trf_6_3012a,0.3735909341890026,10.0,3.735909341890026,0
18,trf_6_3507a,0.6596623262082322,10.0,6.596623262082322,0
18,trf_34_5142a,0.4065302748878279,10.0,4.065302748878279,0
18,trf_6_3508a,0.044151782510881386,10.0,0.4415178251088139,0
18,trf_6_3634a,1.4614290553735174,10.0,14.614290553735174,0
18,trf_6_3224a,0.3893495982505115,5.0,7.78699196501023,0
18,trf_16_3904a,1.0921571713256917,10.0,10.921571713256917,0
18,trf_11_3987a,1.2282311479180168,5.0,24.56462295836034,0
18,trf_16_3997a,1.702134156723643,30.0,5.673780522412144,0
18,trf_6_3817a,0.33451256218019393,5.0,6.690251243603879,0
18,trf_6_3818a,1.267935148232025,10.0,12.679351482320248,0
18,trf_16_1142a,3.620778726316767,45.0,8.046174947370591,0
18,trf_34_5260a,1.071126847142278,10.0,10.71126847142278,0
18,trf_6_5725a,0.7201312593348278,300.0,0.24004375311160928,0
18,trf_6_5472a,1.2613748340981117,15.0,8.409165560654078,0
18,trf_6_4925a,0.36390903232184324,112.5,0.323474695397194,0
18,trf_6_3256a,5.178210047269265,15.0,34.52140031512843,0
18,trf_6_4998a,0.3622056990548016,112.5,0.3219606213820459,0
18,trf_16_5055a,2.6216621695383107,10.0,26.216621695383104,0
18,trf_6_724a,1.6406171057719465,30.0,5.468723685906488,0
18,trf_11_4785a,0.59008990057659,10.0,5.9008990057659005,0
18,trf_16_5003a,0.10960570266833167,15.0,0.7307046844555444,0
18,trf_6_5157a,0.7185319652719995,300.0,0.23951065509066646,0
18,trf_6_5085a,3.09915671995119,30.0,10.3305223998373,0
18,trf_6_5595a,1.2049077652223188,30.0,4.01635921740773,0
18,trf_11_5652a,0.05817284515403064,15.0,0.38781896769353763,0
18,trf_16_5666a,0.23858739000998924,10.0,2.3858739000998925,0
18,trf_6_5711a,1.421875190076601,30.0,4.739583966922003,0
18,trf_6_5712a,3.1367049597800927,30.0,10.455683199266977,0
18,trf_6_5659a,0.7202146467373856,30.0,2.4007154891246185,0
18,trf_6_1262a,1.1698578790621867,10.0,11.698578790621868,0
18,trf_16_6019a,0.08170067684048204,10.0,0.8170067684048204,0
18,trf_16_6122a,0.04491837294476789,10.0,0.4491837294476789,0
18,trf_6_6158a,7.099732208003466,45.0,15.777182684452148,0
18,trf_6_6197a,10.774145572881643,75.0,14.365527430508859,0
18,trf_6_6153a,8.418069919727804,30.0,28.06023306575935,0
18,trf_6_1504a,1.0810317592583374,30.0,3.6034391975277913,0
18,trf_6_6249a,3.5173996651783623,30.0,11.724665550594542,0
18,trf_16_6312a,0.9590059316763311,30.0,3.1966864389211036,0
18,trf_6_6386a,0.44109982223544386,150.0,0.2940665481569626,0
18,trf_6_4627a,0.36381170091326537,112.5,0.32338817858956925,0
18,trf_11_6443a,0.4361176604859878,150.0,0.29074510699065853,0
18,trf_12_6577a,0.13569447190907583,30.0,0.4523149063635861,0
18,trf_12_6578a,0.17931275291961,45.0,0.3984727842658,0
18,trf_11_6482a,0.17929957986062545,45.0,0.39844351080138984,0
18,trf_6_1647a,0.6580586859692731,10.0,6.5805868596927315,0
18,trf_6_6496a,0.361887553932478,112.5,0.32167782571775827,0
18,trf_6_727a,4.280096991377702,30.0,14.266989971259006,0
19,trf_6_1030a,1.4590468907716143,10.0,14.590468907716144,0
19,trf_6_878a,0.22405048993522392,10.0,2.2405048993522394,0
19,trf_16_1585a,0.31949774659062774,15.0,2.1299849772708517,0
19,trf_16_3545a,0.04489367385721123,10.0,0.4489367385721123,0
19,trf_16_1143a,6.413880611371556,30.0,21.379602037905183,0
19,trf_16_6460a,2.000410505887034,25.0,8.001642023548136,0
19,trf_6_725a,0.049090292795515605,10.0,0.4909029279551561,0
19,trf_6_3820a,2.0234240733057467,15.0,13.48949382203831,0
19,trf_6_3538a,1.3485967792504543,10.0,13.485967792504542,0
19,trf_6_4910a,22.3032855729203,30.0,74.34428524306766,0
19,trf_6_1870a,0.5983704355705589,15.0,3.9891362371370596,0
19,trf_6_127a,2.6816019676487155,15.0,17.877346450991435,0
19,trf_6_1541a,1.773476391115844,15.0,11.823175940772293,0
19,trf_6_1503a,0.7405262032740354,10.0,7.405262032740355,0
19,trf_6_6272a,0.5375508437334965,15.0,3.5836722915566432,0
19,trf_6_128a,0.9468865584090432,15.0,6.312577056060288,0
19,trf_6_1260a,0.04407173978313395,10.0,0.4407173978313395,0
19,trf_6_1350a,1.7783169164730386,45.0,3.951815369940086,0
19,trf_6_808a,1.5007017510649507,15.0,10.004678340433005,0
19,trf_6_1475a,1.3705887706583688,15.0,9.137258471055793,0
19,trf_6_1138a,2.5183187357627808,10.0,25.18318735762781,0
19,trf_6_1146a,2.423743246228886,10.0,24.23743246228886,0
19,trf_16_2916a,1.3996985602141288,10.0,13.996985602141288,0
19,trf_16_1140a,0.044794241215585305,10.0,0.447942412155853,0
19,trf_16_5474a,1.2071609952911915,10.0,12.071609952911915,0
19,trf_16_3548a,1.0637648185868505,10.0,10.637648185868503,0
19,trf_16_1141a,1.4594682041024687,15.0,9.729788027349791,0
19,trf_6_810a,2.44146844997603,30.0,8.138228166586767,0
19,trf_16_300a,1.2072146556063088,15.0,8.048097704042059,0
19,trf_16_3130a,3.51962958973698,30.0,11.7320986324566,0
19,trf_11_4955a,5.590030132975761,15.0,37.26686755317174,0
19,trf_11_131a,2.386211875703978,10.0,23.86211875703978,0
19,trf_6_1048a,0.4928340433267922,15.0,3.2855602888452813,0
19,trf_6_129a,1.1083238908107587,10.0,11.083238908107585,0
19,trf_34_1018a,0.6557011312481517,5.0,13.114022624963033,0
19,trf_16_5730a,0.8862530928890067,25.0,3.5450123715560267,0
19,trf_16_1144a,1.5462734976622856,15.0,10.308489984415237,0
19,trf_6_6273a,3.6547702284453667,30.0,12.182567428151224,0
19,trf_6_1238a,1.5610628419196553,15.0,10.407085612797703,0
19,trf_6_731a,0.4727043217835169,15.0,3.151362145223446,0
19,trf_6_732a,2.115627020078123,30.0,7.052090066927077,0
19,trf_16_6082a,1.0149734797589511,15.0,6.766489865059674,0
19,trf_16_537a,0.5465114167640882,5.0,10.930228335281765,0
19,trf_16_3996a,4.415543432224823,15.0,29.43695621483215,0
19,trf_16_1095a,1.0952105493706261,15.0,7.301403662470841,0
19,trf_6_730a,0.473965625347786,15.0,3.1597708356519068,0
19,trf_34_1649a,0.3527398457497745,5.0,7.0547969149954906,0
19,trf_34_5029a,0.9991746621990939,10.0,9.991746621990938,0
19,trf_34_1581a,1.53649386272442,10.0,15.3649386272442,0
19,trf_11_132a,0.9444815356836573,10.0,9.444815356836575,0
19,trf_16_3221a,3.040543939422761,25.0,12.162175757691044,0
19,trf_16_504a,1.7731142183530284,15.0,11.820761455686856,0
19,trf_6_735a,0.41949127577902356,10.0,4.194912757790236,0
19,trf_6_4489a,6.17721259325079,25.0,24.70885037300316,0
19,trf_6_729a,2.6537673497083403,15.0,17.691782331388936,0
19,trf_16_299a,3.6425709423439834,45.0,8.094602094097741,0
19,trf_16_1301a,1.1352888115396909,10.0,11.352888115396908,0
19,trf_16_2139a,4.186436930791828,25.0,16.745747723167312,0
19,trf_16_6081a,0.4164632506916571,10.0,4.164632506916571,0
19,trf_6_1019a,5.132629472190632,25.0,20.530517888762528,0
19,trf_11_2597a,1.1301488423616903,10.0,11.301488423616904,0
19,trf_11_130a,0.9154893271310427,15.0,6.103262180873617,0
19,trf_6_4704a,1.1112495922230585,10.0,11.112495922230584,0
19,trf_6_733a,0.059756351500742814,10.0,0.5975635150074281,0
19,trf_11_305a,2.1701450485925666,75.0,2.8935267314567557,0
19,trf_16_539a,0.048997147024398335,10.0,0.48997147024398335,0
19,trf_6_1151a,1.5800494906587566,30.0,5.266831635529188,0
19,trf_6_4764a,0.2660524398019366,75.0,0.3547365864025821,0
19,trf_6_4765a,0.44338885677761314,150.0,0.2955925711850754,0
19,trf_16_538a,1.1400681898661944,30.0,3.800227299553981,0
19,trf_11_133a,0.04861290211224054,10.0,0.48612902112240547,0
19,trf_6_723a,1.5112892790657135,15.0,10.075261860438092,0
19,trf_6_722a,0.4100312864184118,15.0,2.7335419094560787,0
19,trf_6_726a,0.0785261300453242,15.0,0.5235075336354947,0
19,trf_6_737a,1.419602064439403,15.0,9.464013762929353,0
19,trf_6_728a,2.6243980131775935,30.0,8.747993377258645,0
19,trf_6_125a,0.056749946959765596,10.0,0.567499469597656,0
19,trf_6_3011a,0.5444716232532577,10.0,5.444716232532577,0
19,trf_6_3819a,3.3478527365794815,30.0,11.159509121931604,0
19,trf_6_1344a,0.3541349707160273,10.0,3.541349707160273,0
19,trf_6_122a,0.15440815806977382,10.0,1.5440815806977382,0
19,trf_6_1212a,1.205321643438624,25.0,4.821286573754496,0
19,trf_6_1213a,0.16553954324886888,10.0,1.6553954324886888,0
19,trf_6_1139a,2.714738468721564,15.0,18.09825645814376,0
19,trf_6_1145a,0.5722551762359451,10.0,5.722551762359451,0
19,trf_16_302a,0.2729907852903989,10.0,2.729907852903989,0
19,trf_16_301a,1.0775777157634363,25.0,4.310310863053745,0
19,trf_6_124a,4.308634779447091,45.0,9.57474395432687,0
19,trf_16_6318a,2.997881976216539,45.0,6.6619599471478645,0
19,trf_16_303a,1.2904722268626219,15.0,8.603148179084146,0
19,trf_6_1256a,0.42832945918132265,10.0,4.283294591813227,0
19,trf_6_2090a,1.7581670106521923,15.0,11.72111340434795,0
19,trf_6_1445a,0.802536128251275,10.0,8.02536128251275,0
19,trf_6_4766a,0.3648632085818428,112.5,0.32432285207274913,0
19,trf_16_3549a,0.0,0.0,0.0,0
19,trf_11_4675a,0.438377635015115,150.0,0.29225175667674336,0
19,trf_16_4173a,0.5410967867234652,10.0,5.4109678672346515,0
19,trf_6_4662a,0.7211880388469152,300.0,0.24039601294897173,0
19,trf_6_2860a,1.238005314167374,10.0,12.380053141673738,0
19,trf_6_1178a,0.9719998736466106,15.0,6.4799991576440705,0
19,trf_6_4249a,1.5766489282577003,25.0,6.306595713030801,0
19,trf_6_2887a,0.8929105554045017,10.0,8.929105554045018,0
19,trf_6_2064a,0.3634342686785976,5.0,7.2686853735719525,0
19,trf_6_4161a,0.3379856574040478,10.0,3.3798565740404776,0
19,trf_6_1960a,0.7245562705119908,10.0,7.245562705119907,0
19,trf_6_6394a,1.3709141061739631,25.0,5.483656424695853,0
19,trf_6_3613a,0.3026820349992633,10.0,3.0268203499926334,0
19,trf_6_738a,0.03448132775477902,5.0,0.6896265550955805,0
19,trf_16_2195a,4.74603049476325,15.0,31.640203298421667,0
19,trf_16_4674a,0.6089118100673274,225.0,0.2706274711410344,0
19,trf_6_2417a,0.8987924093933162,10.0,8.987924093933163,0
19,trf_16_4687a,0.2690619152770341,75.0,0.3587492203693788,0
19,trf_16_2428a,0.49889249795827695,5.0,9.977849959165539,0
19,trf_16_2658a,0.4428897631540356,15.0,2.952598421026904,0
19,trf_6_1177a,4.611919530571755,75.0,6.14922604076234,0
19,trf_6_4661a,0.44338620521548416,150.0,0.2955908034769894,0
19,trf_6_3019a,0.574768977620865,10.0,5.7476897762086505,0
19,trf_6_3013a,1.3562578756609929,5.0,27.125157513219857,0
19,trf_16_3364a,0.7671268107960169,15.0,5.114178738640112,0
19,trf_6_3563a,1.416887475175211,10.0,14.16887475175211,0
19,trf_16_3328a,0.5054828297932834,10.0,5.0548282979328345,0
19,trf_6_3721a,0.02949297255693523,5.0,0.5898594511387045,0
19,trf_6_3434a,0.8950514605149815,5.0,17.901029210299633,0
19,trf_6_3010a,0.20925868692819213,10.0,2.0925868692819214,0
19,trf_6_3509a,2.42019605736173,5.0,48.4039211472346,0
19,trf_16_6165a,0.0,0.0,0.0,0
19,trf_6_3142a,0.384454419543486,10.0,3.8445441954348603,0
19,trf_16_3908a,0.0,0.0,0.0,0
19,trf_6_3604a,0.1303161338518211,10.0,1.3031613385182108,0
19,trf_6_3012a,0.3019113711413241,10.0,3.019113711413241,0
19,trf_6_3507a,0.527096431380166,10.0,5.27096431380166,0
19,trf_34_5142a,0.32816562201745075,10.0,3.281656220174508,0
19,trf_6_3508a,0.04430612749022331,10.0,0.443061274902233,0
19,trf_6_3634a,1.155290190617969,10.0,11.552901906179688,0
19,trf_6_3224a,0.3111294114960573,5.0,6.222588229921145,0
19,trf_16_3904a,0.8644930182539882,10.0,8.644930182539882,0
19,trf_11_3987a,0.9705760652455974,5.0,19.411521304911947,0
19,trf_16_3997a,1.364225461068683,30.0,4.547418203562277,0
19,trf_6_3817a,0.26843931946827615,5.0,5.368786389365523,0
19,trf_6_3818a,1.0036216628855918,10.0,10.036216628855918,0
19,trf_16_1142a,2.8730511464877995,45.0,6.384558103306221,0
19,trf_34_5260a,0.8499659199341849,10.0,8.499659199341849,0
19,trf_6_5725a,0.7227090741250202,300.0,0.24090302470834005,0
19,trf_6_5472a,1.0016519177201921,15.0,6.677679451467948,0
19,trf_6_4925a,0.36496935085201715,112.5,0.32441720075734853,0
19,trf_6_3256a,4.080898911479819,15.0,27.205992743198795,0
19,trf_6_4998a,0.3635991375750095,112.5,0.32319923340000845,0
19,trf_16_5055a,2.062447005192962,10.0,20.624470051929624,0
19,trf_6_724a,1.3153418371955223,30.0,4.384472790651741,0
19,trf_11_4785a,0.4723175799414125,10.0,4.723175799414125,0
19,trf_16_5003a,0.0986589415414898,15.0,0.6577262769432652,0
19,trf_6_5157a,0.7215207412859702,300.0,0.24050691376199007,0
19,trf_6_5085a,2.459140502897633,30.0,8.197135009658776,0
19,trf_6_5595a,1.5711363441250816,30.0,5.237121147083605,0
19,trf_11_5652a,0.058491551712488606,15.0,0.3899436780832574,0
19,trf_16_5666a,0.19607088564197625,10.0,1.9607088564197626,0
19,trf_6_5711a,1.1437672194584014,30.0,3.8125573981946714,0
19,trf_6_5712a,2.8346047375022643,30.0,9.44868245834088,0
19,trf_6_5659a,0.5935507555227978,30.0,1.978502518409326,0
19,trf_6_1262a,0.927964686939703,10.0,9.27964686939703,0
19,trf_16_6019a,0.07358138873114031,10.0,0.7358138873114031,0
19,trf_16_6122a,0.04493075846868831,10.0,0.44930758468688314,0
19,trf_6_6158a,5.61415720099143,45.0,12.475904891092068,0
19,trf_6_6197a,8.508363041430862,75.0,11.34448405524115,0
19,trf_6_6153a,7.237068776958858,30.0,24.12356258986286,0
19,trf_6_1504a,0.8762754848363332,30.0,2.920918282787777,0
19,trf_6_6249a,3.858542729455178,30.0,12.861809098183926,0
19,trf_16_6312a,0.7808849024029207,30.0,2.6029496746764025,0
19,trf_6_6386a,0.44267284166202964,150.0,0.2951152277746864,0
19,trf_6_4627a,0.3648821079259442,112.5,0.3243396514897282,0
19,trf_11_6443a,0.4383730554555496,150.0,0.2922487036370331,0
19,trf_12_6577a,0.1363974537396157,30.0,0.45465817913205236,0
19,trf_12_6578a,0.18024170459696656,45.0,0.40053712132659236,0
19,trf_11_6482a,0.18022846329334288,45.0,0.40050769620742865,0
19,trf_6_1647a,0.5252180945646784,10.0,5.252180945646783,0
19,trf_6_6496a,0.363350692159086,112.5,0.3229783930302986,0
19,trf_6_727a,3.38611752813883,30.0,11.287058427129434,0
20,trf_6_1030a,1.0301827044623817,10.0,10.301827044623817,0
20,trf_6_878a,0.16917865437353805,10.0,1.6917865437353803,0
20,trf_16_1585a,0.24582569775472507,15.0,1.6388379850315005,0
20,trf_16_3545a,0.044918662704477454,10.0,0.4491866270447745,0
20,trf_16_1143a,4.4983061049572175,30.0,14.994353683190726,0
20,trf_16_6460a,1.4129866167331186,25.0,5.651946466932475,0
20,trf_6_725a,0.049314298892591084,10.0,0.49314298892591085,0
20,trf_6_3820a,1.428980134819444,15.0,9.526534232129626,0
20,trf_6_3538a,0.9542771634999689,10.0,9.54277163499969,0
20,trf_6_4910a,15.607376303934178,30.0,52.02458767978059,0
20,trf_6_1870a,0.4343528122772071,15.0,2.895685415181381,0
20,trf_6_127a,1.8896034745696728,15.0,12.597356497131152,0
20,trf_6_1541a,1.2600328316589604,15.0,8.400218877726402,0
20,trf_6_1503a,0.5284159550197447,10.0,5.2841595501974465,0
20,trf_6_6272a,0.3921772053092217,15.0,2.6145147020614776,0
20,trf_6_128a,0.6781541859805942,15.0,4.521027906537295,0
20,trf_6_1260a,0.04430588591639621,10.0,0.4430588591639621,0
20,trf_6_1350a,1.29078946545366,45.0,2.8684210343414667,0
20,trf_6_808a,1.0675723908354406,15.0,7.117149272236271,0
20,trf_6_1475a,1.1155127640834641,15.0,7.436751760556428,0
20,trf_6_1138a,1.765260724264378,10.0,17.652607242643782,0
20,trf_6_1146a,1.6990898298299326,10.0,16.990898298299324,0
20,trf_16_2916a,0.9856432651262229,10.0,9.856432651262228,0
20,trf_16_1140a,0.04484398420591955,10.0,0.44843984205919546,0
20,trf_16_5474a,0.8517767293382618,10.0,8.517767293382617,0
20,trf_16_3548a,0.9677443700879211,10.0,9.677443700879213,0
20,trf_16_1141a,1.0309028740277064,15.0,6.872685826851376,0
20,trf_6_810a,1.7396704488476846,30.0,5.7989014961589485,0
20,trf_16_300a,0.8589375573641105,15.0,5.726250382427404,0
20,trf_16_3130a,2.492783728404635,30.0,8.309279094682116,0
20,trf_11_4955a,3.920395825907376,15.0,26.135972172715842,0
20,trf_11_131a,1.6793801592034907,10.0,16.793801592034907,0
20,trf_6_1048a,0.36606733283970966,15.0,2.4404488855980646,0
20,trf_6_129a,0.786792059304818,10.0,7.86792059304818,0
20,trf_34_1018a,0.4659477469499656,5.0,9.318954938999312,0
20,trf_16_5730a,0.6400638407193298,25.0,2.560255362877319,0
20,trf_16_1144a,1.0921222771080803,15.0,7.280815180720536,0
20,trf_6_6273a,2.584507988553814,30.0,8.615026628512712,0
20,trf_6_1238a,1.1043325815585427,15.0,7.362217210390285,0
20,trf_6_731a,0.3520279138622834,15.0,2.3468527590818895,0
20,trf_6_732a,1.512399578375578,30.0,5.041331927918593,0
20,trf_16_6082a,0.7244333394835419,15.0,4.829555596556946,0
20,trf_16_537a,0.3906328052671004,5.0,7.812656105342009,0
20,trf_16_3996a,3.0935749742839267,15.0,20.623833161892843,0
20,trf_16_1095a,0.7800883570580318,15.0,5.200589047053545,0
20,trf_6_730a,0.3925382030773522,15.0,2.6169213538490146,0
20,trf_34_1649a,0.25450035412189786,5.0,5.090007082437958,0
20,trf_34_5029a,0.7095659168558254,10.0,7.095659168558254,0
20,trf_34_1581a,1.084371149587808,10.0,10.843711495878079,0
20,trf_11_132a,0.6718240435142294,10.0,6.718240435142294,0
20,trf_16_3221a,2.1402507597344687,25.0,8.561003038937875,0
20,trf_16_504a,1.509306258604277,15.0,10.062041724028512,0
20,trf_6_735a,0.30627066471788916,10.0,3.0627066471788913,0
20,trf_6_4489a,4.32681760579557,25.0,17.30727042318228,0
20,trf_6_729a,1.8706615901137396,15.0,12.471077267424931,0
20,trf_16_299a,2.590145189480746,45.0,5.755878198846101,0
20,trf_16_1301a,0.8051657730513458,10.0,8.051657730513458,0
20,trf_16_2139a,2.9422068818007014,25.0,11.768827527202808,0
20,trf_16_6081a,0.3030162011662616,10.0,3.030162011662616,0
20,trf_6_1019a,3.6034308758138796,25.0,14.413723503255518,0
20,trf_11_2597a,0.8009036073299483,10.0,8.009036073299482,0
20,trf_11_130a,0.6611631321955895,15.0,4.407754214637263,0
20,trf_6_4704a,1.1620627241978125,10.0,11.620627241978125,0
20,trf_6_733a,0.055168046864948486,10.0,0.551680468649485,0
20,trf_11_305a,1.5858200719732813,75.0,2.114426762631042,0
20,trf_16_539a,0.049259093927599217,10.0,0.4925909392759921,0
20,trf_6_1151a,1.139320934543319,30.0,3.79773644847773,0
20,trf_6_4764a,0.26701323380978925,75.0,0.356017645079719,0
20,trf_6_4765a,0.4449968988109488,150.0,0.2966645992072992,0
20,trf_16_538a,0.8341388350388761,30.0,2.7804627834629203,0
20,trf_11_133a,0.04898090133589463,10.0,0.4898090133589463,0
20,trf_6_723a,1.0749311621969322,15.0,7.166207747979548,0
20,trf_6_722a,0.3085168401752219,15.0,2.0567789345014793,0
20,trf_6_726a,0.0788863153082419,15.0,0.5259087687216126,0
20,trf_6_737a,1.01078839982478,15.0,6.7385893321652,0
20,trf_6_728a,1.866962433934102,30.0,6.223208113113674,0
20,trf_6_125a,0.05309843145897874,10.0,0.5309843145897875,0
20,trf_6_3011a,0.39403490571137295,10.0,3.9403490571137296,0
20,trf_6_3819a,2.375453149699071,30.0,7.91817716566357,0
20,trf_6_1344a,0.25997544309923143,10.0,2.599754430992314,0
20,trf_6_122a,0.12228170844420468,10.0,1.2228170844420467,0
20,trf_6_1212a,0.863224728831957,25.0,3.452898915327828,0
20,trf_6_1213a,0.17189635379001417,10.0,1.7189635379001416,0
20,trf_6_1139a,1.9057667049909137,15.0,12.705111366606092,0
20,trf_6_1145a,0.45422207776156903,10.0,4.54222077761569,0
20,trf_16_302a,0.203276953806458,10.0,2.03276953806458,0
20,trf_16_301a,0.776696315432988,25.0,3.106785261731952,0
20,trf_6_124a,3.0584339628872304,45.0,6.796519917527179,0
20,trf_16_6318a,2.1421722438433566,45.0,4.760382764096348,0
20,trf_16_303a,0.9196165527683535,15.0,6.1307770184556905,0
20,trf_6_1256a,0.3124835433743328,10.0,3.124835433743328,0
20,trf_6_2090a,1.2468273275115522,15.0,8.312182183410348,0
20,trf_6_1445a,0.5714575850309965,10.0,5.714575850309965,0
20,trf_6_4766a,0.36613290646069124,112.5,0.32545147240950334,0
20,trf_16_3549a,0.0,0.0,0.0,0
20,trf_11_4675a,0.441384869592167,150.0,0.2942565797281113,0
20,trf_16_4173a,0.3890310849790976,10.0,3.890310849790976,0
20,trf_6_4662a,0.7245470339842813,300.0,0.24151567799476045,0
20,trf_6_2860a,0.8751463181023096,10.0,8.751463181023095,0
20,trf_6_1178a,0.6938666815224841,15.0,4.62577787681656,0
20,trf_6_4249a,1.1232539634743688,25.0,4.493015853897475,0
20,trf_6_2887a,0.6345671432796635,10.0,6.345671432796634,0
20,trf_6_2064a,0.26164546811561984,5.0,5.232909362312396,0
20,trf_6_4161a,0.248105340073538,10.0,2.4810534007353797,0
20,trf_6_1960a,0.5170954385187551,10.0,5.170954385187551,0
20,trf_6_6394a,0.9769813953908154,25.0,3.9079255815632616,0
20,trf_6_3613a,0.22355996556411428,10.0,2.235599655641143,0
20,trf_6_738a,0.034609440393032015,5.0,0.6921888078606403,0
20,trf_16_2195a,3.3265000310924973,15.0,22.17666687394998,0
20,trf_16_4674a,0.6130789135097866,225.0,0.2724795171154607,0
20,trf_6_2417a,0.6386417436967777,10.0,6.386417436967777,0
20,trf_16_4687a,0.26929429839683733,75.0,0.3590590645291164,0
20,trf_16_2428a,0.35530016912403906,5.0,7.106003382480782,0
20,trf_16_2658a,0.3316532282463319,15.0,2.211021521642213,0
20,trf_6_1177a,3.596011104596232,75.0,4.794681472794976,0
20,trf_6_4661a,0.44505823501235986,150.0,0.2967054900082399,0
20,trf_6_3019a,0.4136286942810983,10.0,4.136286942810982,0
20,trf_6_3013a,0.9521547191470866,5.0,19.04309438294173,0
20,trf_16_3364a,0.5573621832651902,15.0,3.715747888434601,0
20,trf_6_3563a,0.9997136928932301,10.0,9.997136928932301,0
20,trf_16_3328a,0.3647921605777792,10.0,3.6479216057777917,0
20,trf_6_3721a,0.029616335196894043,5.0,0.5923267039378809,0
20,trf_6_3434a,0.6328070231931087,5.0,12.656140463862174,0
20,trf_6_3010a,0.15853096985209278,10.0,1.5853096985209278,0
20,trf_6_3509a,1.6943434622280111,5.0,33.88686924456022,0
20,trf_16_6165a,0.0,0.0,0.0,0
20,trf_6_3142a,0.2804691659500036,10.0,2.804691659500036,0
20,trf_16_3908a,0.0,0.0,0.0,0
20,trf_6_3604a,0.10391443345359043,10.0,1.0391443345359044,0
20,trf_6_3012a,0.22290590294270374,10.0,2.229059029427037,0
20,trf_6_3507a,0.3803385848783291,10.0,3.803385848783291,0
20,trf_34_5142a,0.24164539129231594,10.0,2.416453912923159,0
20,trf_6_3508a,0.04447450390167825,10.0,0.44474503901678253,0
20,trf_6_3634a,0.8170100963904009,10.0,8.170100963904009,0
20,trf_6_3224a,0.2248956522651672,5.0,4.497913045303344,0
20,trf_16_3904a,0.6135863348904029,10.0,6.13586334890403,0
20,trf_11_3987a,0.6852436021711991,5.0,13.70487204342398,0
20,trf_16_3997a,0.990659944160327,30.0,3.3021998138677566,0
20,trf_6_3817a,0.19546508220578296,5.0,3.909301644115659,0
20,trf_6_3818a,0.7114037919831135,10.0,7.114037919831135,0
20,trf_16_1142a,2.0491233432258835,45.0,4.553607429390852,0
20,trf_34_5260a,0.6054467367074596,10.0,6.054467367074596,0
20,trf_6_5725a,0.7257114852549841,300.0,0.241903828418328,0
20,trf_6_5472a,0.7144856432082929,15.0,4.76323762138862,0
20,trf_6_4925a,0.366216401637947,112.5,0.3255256903448418,0
20,trf_6_3256a,2.8661224374568666,15.0,19.107482916379112,0
20,trf_6_4998a,0.3651758957019357,112.5,0.32460079617949844,0
20,trf_16_5055a,1.4459509631668759,10.0,14.45950963166876,0
20,trf_6_724a,0.9556241313487495,30.0,3.1854137711624984,0
20,trf_11_4785a,0.34201885947460003,10.0,3.4201885947460005,0
20,trf_16_5003a,0.08666963315547227,15.0,0.5777975543698151,0
20,trf_6_5157a,0.7248289338045388,300.0,0.24160964460151296,0
20,trf_6_5085a,1.7516135704995213,30.0,5.838711901665071,0
20,trf_6_5595a,1.1355240451657098,30.0,3.7850801505523664,0
20,trf_11_5652a,0.05889095343064559,15.0,0.39260635620430395,0
20,trf_16_5666a,0.14934124019287268,10.0,1.4934124019287267,0
20,trf_6_5711a,0.8362561380918752,30.0,2.7875204603062502,0
20,trf_6_5712a,2.0133047938407715,30.0,6.711015979469239,0
20,trf_6_5659a,0.45379830431271395,30.0,1.512661014375713,0
20,trf_6_1262a,0.6603514315430394,10.0,6.6035143154303935,0
20,trf_16_6019a,0.0647095630995435,10.0,0.647095630995435,0
20,trf_16_6122a,0.04494844034175361,10.0,0.4494844034175361,0
20,trf_6_6158a,3.969225353656611,45.0,8.82050078590358,0
20,trf_6_6197a,6.000899103475944,75.0,8.00119880463459,0
20,trf_6_6153a,5.859133522076076,30.0,19.530445073586918,0
20,trf_6_1504a,0.650233724273321,30.0,2.167445747577737,0
20,trf_6_6249a,2.7267117791297557,30.0,9.089039263765851,0
20,trf_16_6312a,0.5842738293836486,30.0,1.9475794312788286,0
20,trf_6_6386a,0.44447555573306186,150.0,0.29631703715537455,0
20,trf_6_4627a,0.36614775718494535,112.5,0.32546467305328475,0
20,trf_11_6443a,0.44138149380277375,150.0,0.2942543292018492,0
20,trf_12_6577a,0.13733250210205228,30.0,0.45777500700684093,0
20,trf_12_6578a,0.181477319383749,45.0,0.40328293196388665,0
20,trf_11_6482a,0.1814639873067388,45.0,0.4032533051260862,0
20,trf_6_1647a,0.3784241972878365,10.0,3.7842419728783647,0
20,trf_6_6496a,0.3649823471395606,112.5,0.3244287530129428,0
20,trf_6_727a,2.3971855342851467,30.0,7.990618447617155,0
21,trf_6_1030a,0.7594578324865919,10.0,7.594578324865919,0
21,trf_6_878a,0.1345305137527753,10.0,1.345305137527753,0
21,trf_16_1585a,0.19939800351188366,15.0,1.3293200234125577,0
21,trf_16_3545a,0.04493101400430453,10.0,0.44931014004304526,0
21,trf_16_1143a,3.2934666471759844,30.0,10.978222157253281,0
21,trf_16_6460a,1.0436773033537068,25.0,4.174709213414827,0
21,trf_6_725a,0.049428917902987285,10.0,0.4942891790298728,0
21,trf_6_3820a,1.052429786423333,15.0,7.016198576155554,0
21,trf_6_3538a,0.7042561326183538,10.0,7.042561326183538,0
21,trf_6_4910a,11.365249541218049,30.0,37.8841651373935,0
21,trf_6_1870a,0.3306008678546189,15.0,2.2040057856974595,0
21,trf_6_127a,1.3872835585903187,15.0,9.24855705726879,0
21,trf_6_1541a,0.9348403803166959,15.0,6.232269202111307,0
21,trf_6_1503a,0.394573511311057,10.0,3.9457351131105702,0
21,trf_6_6272a,0.30012346284027663,15.0,2.0008230856018443,0
21,trf_6_128a,0.5077490862074784,15.0,3.384993908049856,0
21,trf_6_1260a,0.04442946656797847,10.0,0.4442946656797847,0
21,trf_6_1350a,0.9833163115424907,45.0,2.1851473589833126,0
21,trf_6_808a,0.7942278135348907,15.0,5.294852090232605,0
21,trf_6_1475a,1.0010785549218246,15.0,6.6738570328121645,0
21,trf_6_1138a,1.2905845047497342,10.0,12.905845047497342,0
21,trf_6_1146a,1.2425162226121644,10.0,12.425162226121644,0
21,trf_16_2916a,0.725250265370384,10.0,7.25250265370384,0
21,trf_16_1140a,0.044869192065096146,10.0,0.4486919206509614,0
21,trf_16_5474a,0.6283088519681749,10.0,6.283088519681749,0
21,trf_16_3548a,0.9772644863522056,10.0,9.772644863522057,0
21,trf_16_1141a,0.761702452334333,15.0,5.078016348895553,0
21,trf_6_810a,1.296760720257154,30.0,4.322535734190513,0
21,trf_16_300a,0.6385319796293696,15.0,4.256879864195797,0
21,trf_16_3130a,1.8436423964019566,30.0,6.145474654673189,0
21,trf_11_4955a,2.8617597748294523,15.0,19.078398498863017,0
21,trf_11_131a,1.231633337425314,10.0,12.316333374253139,0
21,trf_6_1048a,0.2861886941952153,15.0,1.9079246279681021,0
21,trf_6_129a,0.5828425731630285,10.0,5.8284257316302845,0
21,trf_34_1018a,0.34579614857530216,5.0,6.915922971506044,0
21,trf_16_5730a,0.484652360562395,25.0,1.93860944224958,0
21,trf_16_1144a,0.8063513559465346,15.0,5.375675706310231,0
21,trf_6_6273a,1.9089718505307582,30.0,6.363239501769194,0
21,trf_6_1238a,0.8158976901170903,15.0,5.4393179341139355,0
21,trf_6_731a,0.2760289481503429,15.0,1.8401929876689527,0
21,trf_6_732a,1.1319301619578475,30.0,3.7731005398594917,0
21,trf_16_6082a,0.5407832822007134,15.0,3.605221881338089,0
21,trf_16_537a,0.29219937880054503,5.0,5.843987576010901,0
21,trf_16_3996a,2.2584614580721794,15.0,15.056409720481195,0
21,trf_16_1095a,0.5810091602711689,15.0,3.8733944018077926,0
21,trf_6_730a,0.35398489848468667,15.0,2.3598993232312444,0
21,trf_34_1649a,0.19235198147622184,5.0,3.847039629524437,0
21,trf_34_5029a,0.5262867066173935,10.0,5.262867066173935,0
21,trf_34_1581a,0.7982114716406401,10.0,7.982114716406402,0
21,trf_11_132a,0.4990857095706569,10.0,4.990857095706569,0
21,trf_16_3221a,1.5718942744758575,25.0,6.28757709790343,0
21,trf_16_504a,1.385623613235278,15.0,9.237490754901852,0
21,trf_6_735a,0.2349113804117054,10.0,2.349113804117054,0
21,trf_6_4489a,3.157770779694063,25.0,12.631083118776251,0
21,trf_6_729a,1.3763235765628696,15.0,9.17549051041913,0
21,trf_16_299a,1.9253634221162874,45.0,4.278585382480639,0
21,trf_16_1301a,0.5966052507424,10.0,5.966052507424,0
21,trf_16_2139a,2.1550120041714202,25.0,8.620048016685681,0
21,trf_16_6081a,0.23137131627895555,10.0,2.3137131627895555,0
21,trf_6_1019a,2.6352003753198856,25.0,10.540801501279542,0
21,trf_11_2597a,0.5925419091009224,10.0,5.925419091009224,0
21,trf_11_130a,0.50025387286103,15.0,3.3350258190735333,0
21,trf_6_4704a,1.315354305642356,10.0,13.153543056423562,0
21,trf_6_733a,0.0522741914925085,10.0,0.5227419149250849,0
21,trf_11_305a,1.2166187742589045,75.0,1.6221583656785394,0
21,trf_16_539a,0.04940200543182773,10.0,0.49402005431827734,0
21,trf_6_1151a,0.8616215436523386,30.0,2.872071812174462,0
21,trf_6_4764a,0.2675041029962454,75.0,0.35667213732832714,0
21,trf_6_4765a,0.4458177254429652,150.0,0.2972118169619768,0
21,trf_16_538a,0.6410993352578149,30.0,2.136997784192716,0
21,trf_11_133a,0.04918624833259574,10.0,0.4918624833259574,0
21,trf_6_723a,0.7995412599315992,15.0,5.330275066210661,0
21,trf_6_722a,0.24458674352303128,15.0,1.6305782901535417,0
21,trf_6_726a,0.07907030665817633,15.0,0.5271353777211755,0
21,trf_6_737a,0.7529820190397574,15.0,5.0198801269317155,0
21,trf_6_728a,1.3889354185271054,30.0,4.629784728423685,0
21,trf_6_125a,0.05078403115917468,10.0,0.5078403115917468,0
21,trf_6_3011a,0.29880292260396457,10.0,2.9880292260396457,0
21,trf_6_3819a,1.7595836890216319,30.0,5.86527896340544,0
21,trf_6_1344a,0.20034813246277244,10.0,2.0034813246277245,0
21,trf_6_122a,0.10202397488514744,10.0,1.0202397488514745,0
21,trf_6_1212a,0.6467649673350999,25.0,2.5870598693403997,0
21,trf_6_1213a,0.1899756870168671,10.0,1.899756870168671,0
21,trf_6_1139a,1.3961041355770143,15.0,9.307360903846762,0
21,trf_6_1145a,0.3940839669591586,10.0,3.940839669591586,0
21,trf_16_302a,0.1592120340319794,10.0,1.5921203403197939,0
21,trf_16_301a,0.5864914902015954,25.0,2.3459659608063816,0
21,trf_6_124a,2.266670497122511,45.0,5.037045549161135,0
21,trf_16_6318a,1.6010881471608325,45.0,3.5579736603574057,0
21,trf_16_303a,0.6850019173904959,15.0,4.566679449269972,0
21,trf_6_1256a,0.23943050863473062,10.0,2.3943050863473063,0
21,trf_6_2090a,0.9241134650022382,15.0,6.160756433348255,0
21,trf_6_1445a,0.4256676778861424,10.0,4.256676778861424,0
21,trf_6_4766a,0.36678665357741885,112.5,0.32603258095770565,0
21,trf_16_3549a,0.0,0.0,0.0,0
21,trf_11_4675a,0.4430290423795507,150.0,0.29535269491970045,0
21,trf_16_4173a,0.2933914387069079,10.0,2.9339143870690796,0
21,trf_6_4662a,0.7262539080114526,300.0,0.24208463600381752,0
21,trf_6_2860a,0.6459444453001953,10.0,6.459444453001953,0
21,trf_6_1178a,0.5183603682601736,15.0,3.4557357884011575,0
21,trf_6_4249a,0.8358367608189238,25.0,3.343347043275695,0
21,trf_6_2887a,0.47151776435465054,10.0,4.715177643546506,0
21,trf_6_2064a,0.19741092237655672,5.0,3.948218447531134,0
21,trf_6_4161a,0.19149971250640202,10.0,1.9149971250640203,0
21,trf_6_1960a,0.3862859940996738,10.0,3.8628599409967377,0
21,trf_6_6394a,0.7285597322598931,25.0,2.9142389290395725,0
21,trf_6_3613a,0.17374319467599927,10.0,1.7374319467599928,0
21,trf_6_738a,0.03467639374722784,5.0,0.6935278749445568,0
21,trf_16_2195a,2.4285816427122704,15.0,16.19054428474847,0
21,trf_16_4674a,0.6153584464944094,225.0,0.2734926428864042,0
21,trf_6_2417a,0.47443020024547067,10.0,4.744302002454707,0
21,trf_16_4687a,0.26941463838086094,75.0,0.3592195178411479,0
21,trf_16_2428a,0.26500816385069625,5.0,5.300163277013925,0
21,trf_16_2658a,0.2614449073625511,15.0,1.742966049083674,0
21,trf_6_1177a,2.955279867149354,75.0,3.940373156199139,0
21,trf_6_4661a,0.44594323200270286,150.0,0.29729548800180194,0
21,trf_6_3019a,0.31166133190959977,10.0,3.1166133190959977,0
21,trf_6_3013a,0.697536812663998,5.0,13.950736253279961,0
21,trf_16_3364a,0.4248478363700773,15.0,2.8323189091338485,0
21,trf_6_3563a,0.7362924988178756,10.0,7.362924988178756,0
21,trf_16_3328a,0.27602994725108804,10.0,2.7602994725108805,0
21,trf_6_3721a,0.029678876502957065,5.0,0.5935775300591413,0
21,trf_6_3434a,0.4667977720269863,5.0,9.335955440539726,0
21,trf_6_3010a,0.12671129686691593,10.0,1.2671129686691593,0
21,trf_6_3509a,1.2360897291431252,5.0,24.721794582862504,0
21,trf_16_6165a,0.0,0.0,0.0,0
21,trf_6_3142a,0.21491553465233978,10.0,2.149155346523398,0
21,trf_16_3908a,0.0,0.0,0.0,0
21,trf_6_3604a,0.0873372143592552,10.0,0.8733721435925521,0
21,trf_6_3012a,0.17323515483448104,10.0,1.7323515483448104,0
21,trf_6_3507a,0.2875004479670837,10.0,2.875004479670837,0
21,trf_34_5142a,0.1869683526753954,10.0,1.869683526753954,0
21,trf_6_3508a,0.04455932649697597,10.0,0.4455932649697597,0
21,trf_6_3634a,0.6036306839730612,10.0,6.036306839730612,0
21,trf_6_3224a,0.17065562829558742,5.0,3.4131125659117485,0
21,trf_16_3904a,0.45585243046867296,10.0,4.558524304686729,0
21,trf_11_3987a,0.5047291998734539,5.0,10.094583997469076,0
21,trf_16_3997a,0.7546192710632956,30.0,2.5153975702109856,0
21,trf_6_3817a,0.14945157721690353,5.0,2.9890315443380704,0
21,trf_6_3818a,0.5270468322748854,10.0,5.270468322748854,0
21,trf_16_1142a,1.5313396016250622,45.0,3.402976892500138,0
21,trf_34_5260a,0.45073334018305516,10.0,4.507333401830552,0
21,trf_6_5725a,0.7272431387600813,300.0,0.24241437958669376,0
21,trf_6_5472a,0.5332543268179054,15.0,3.5550288454527026,0
21,trf_6_4925a,0.36685974778522246,112.5,0.3260975535868644,0
21,trf_6_3256a,2.0963235858521703,15.0,13.975490572347802,0
21,trf_6_4998a,0.3659831659776474,112.5,0.32531836975790884,0
21,trf_16_5055a,1.0584613137863608,10.0,10.584613137863608,0
21,trf_6_724a,0.7287642591077071,30.0,2.429214197025691,0
21,trf_11_4785a,0.25966111061985464,10.0,2.5966111061985466,0
21,trf_16_5003a,0.07914639120726874,15.0,0.5276426080484583,0
21,trf_6_5157a,0.7265186208114186,300.0,0.24217287360380618,0
21,trf_6_5085a,1.305310840076015,30.0,4.3510361335867165,0
21,trf_6_5595a,0.8598924717477171,30.0,2.8663082391590566,0
21,trf_11_5652a,0.05911130574120805,15.0,0.39407537160805367,0
21,trf_16_5666a,0.12007880689938655,10.0,1.2007880689938655,0
21,trf_6_5711a,0.6423626304051967,30.0,2.1412087680173224,0
21,trf_6_5712a,1.49496549619775,30.0,4.983218320659167,0
21,trf_6_5659a,0.36585425779890546,30.0,1.219514192663018,0
21,trf_6_1262a,0.4914352320017071,10.0,4.914352320017071,0
21,trf_16_6019a,0.059183612283617695,10.0,0.5918361228361769,0
21,trf_16_6122a,0.04495826954224229,10.0,0.44958269542242285,0
21,trf_6_6158a,2.927504631332683,45.0,6.505565847405962,0
21,trf_6_6197a,4.418156795877624,75.0,5.890875727836832,0
21,trf_6_6153a,5.120980086190073,30.0,17.069933620633574,0
21,trf_6_1504a,0.5078588046128404,30.0,1.6928626820428012,0
21,trf_6_6249a,2.0123031058975163,30.0,6.707677019658388,0
21,trf_16_6312a,0.46029960252925367,30.0,1.5343320084308456,0
21,trf_6_6386a,0.44539875220769254,150.0,0.296932501471795,0
21,trf_6_4627a,0.36679966351191684,112.5,0.32604414534392606,0
21,trf_11_6443a,0.4430261536835727,150.0,0.2953507691223818,0
21,trf_12_6577a,0.13784381644187013,30.0,0.45947938813956707,0
21,trf_12_6578a,0.18215299305430238,45.0,0.40478442900956085,0
21,trf_11_6482a,0.1821396113395079,45.0,0.4047546918655731,0
21,trf_6_1647a,0.2858530162554988,10.0,2.858530162554988,0
21,trf_6_6496a,0.3658156457535977,112.5,0.32516946289208687,0
21,trf_6_727a,1.7731164983805772,30.0,5.910388327935257,0
22,trf_6_1030a,0.684496488886431,10.0,6.844964888864309,0
22,trf_6_878a,0.12492101657944053,10.0,1.2492101657944052,0
22,trf_16_1585a,0.18652951334483944,15.0,1.2435300889655962,0
22,trf_16_3545a,0.04492960907404485,10.0,0.4492960907404485,0
22,trf_16_1143a,2.9612860455395973,30.0,9.870953485131992,0
22,trf_16_6460a,0.9418800219794758,25.0,3.7675200879179034,0
22,trf_6_725a,0.04942472081885181,10.0,0.4942472081885181,0
22,trf_6_3820a,0.947981323897882,15.0,6.319875492652547,0
22,trf_6_3538a,0.6348783349168908,10.0,6.348783349168908,0
22,trf_6_4910a,10.188833817075839,30.0,33.9627793902528,0
22,trf_6_1870a,0.30182704181958814,15.0,2.0121802787972545,0
22,trf_6_127a,1.2478874099757953,15.0,8.319249399838634,0
22,trf_6_1541a,0.8446377017949802,15.0,5.630918011966535,0
22,trf_6_1503a,0.3575497943008879,10.0,3.575497943008879,0
22,trf_6_6272a,0.2745823948554232,15.0,1.8305492990361545,0
22,trf_6_128a,0.4604515297664683,15.0,3.069676865109789,0
22,trf_6_1260a,0.04443218162113496,10.0,0.4443218162113496,0
22,trf_6_1350a,0.8981738272027331,45.0,1.9959418382282959,0
22,trf_6_808a,0.7185378216568016,15.0,4.790252144378678,0
22,trf_6_1475a,0.9455158655201332,15.0,6.3034391034675545,0
22,trf_6_1138a,1.1593995050712371,10.0,11.59399505071237,0
22,trf_6_1146a,1.1163998055220188,10.0,11.163998055220187,0
22,trf_16_2916a,0.6534404931884327,10.0,6.5344049318843265,0
22,trf_16_1140a,0.044867538686489565,10.0,0.44867538686489566,0
22,trf_16_5474a,0.5666880221857347,10.0,5.666880221857347,0
22,trf_16_3548a,0.9443877855756123,10.0,9.443877855756124,0
22,trf_16_1141a,0.6875609040169016,15.0,4.583739360112677,0
22,trf_6_810a,1.1741126293360118,30.0,3.913708764453373,0
22,trf_16_300a,0.5774369384854836,15.0,3.849579589903224,0
22,trf_16_3130a,1.663805161008491,30.0,5.546017203361637,0
22,trf_11_4955a,2.568054079765328,15.0,17.120360531768856,0
22,trf_11_131a,1.1074503608214767,10.0,11.074503608214767,0
22,trf_6_1048a,0.2640644037323755,15.0,1.7604293582158368,0
22,trf_6_129a,0.5262346392204605,10.0,5.262346392204606,0
22,trf_34_1018a,0.3124707886718082,5.0,6.249415773436164,0
22,trf_16_5730a,0.44160980591017784,25.0,1.7664392236407114,0
22,trf_16_1144a,0.7275024478937427,15.0,4.850016319291618,0
22,trf_6_6273a,1.7219203147289257,30.0,5.739734382429753,0
22,trf_6_1238a,0.7360279426720439,15.0,4.906852951146959,0
22,trf_6_731a,0.2549931219601711,15.0,1.6999541464011405,0
22,trf_6_732a,1.0266170799639618,30.0,3.422056933213206,0
22,trf_16_6082a,0.4899173108693771,15.0,3.2661154057958472,0
22,trf_16_537a,0.2649487528991368,5.0,5.2989750579827355,0
22,trf_16_3996a,2.027279272237802,15.0,13.515195148252015,0
22,trf_16_1095a,0.525868912839155,15.0,3.505792752261034,0
22,trf_6_730a,0.33668682700748565,15.0,2.244578846716571,0
22,trf_34_1649a,0.175117432486745,5.0,3.5023486497348997,0
22,trf_34_5029a,0.4754664282958265,10.0,4.754664282958265,0
22,trf_34_1581a,0.7188694102782418,10.0,7.188694102782418,0
22,trf_11_132a,0.45116710766052726,10.0,4.511671076605273,0
22,trf_16_3221a,1.4146015343043479,25.0,5.6584061372173915,0
22,trf_16_504a,1.2976657059120233,15.0,8.651104706080156,0
22,trf_6_735a,0.21516156143682805,10.0,2.1516156143682803,0
22,trf_6_4489a,2.8341007534795426,25.0,11.33640301391817,0
22,trf_6_729a,1.2394579271432111,15.0,8.263052847621408,0
22,trf_16_299a,1.7412802356999109,45.0,3.8695116348886907,0
22,trf_16_1301a,0.5388536542969558,10.0,5.3885365429695575,0
22,trf_16_2139a,1.9369306082356024,25.0,7.7477224329424095,0
22,trf_16_6081a,0.21153191681298908,10.0,2.115319168129891,0
22,trf_6_1019a,2.3667262472206616,25.0,9.466904988882646,0
22,trf_11_2597a,0.5347687455168255,10.0,5.347687455168255,0
22,trf_11_130a,0.45563081551933055,15.0,3.03753877012887,0
22,trf_6_4704a,1.2953944813677758,10.0,12.95394481367776,0
22,trf_6_733a,0.05144843631444842,10.0,0.5144843631444842,0
22,trf_11_305a,1.1142549480160058,75.0,1.485673264021341,0
22,trf_16_539a,0.04941203805264868,10.0,0.49412038052648677,0
22,trf_6_1151a,0.7848248476374312,30.0,2.6160828254581037,0
22,trf_6_4764a,0.2674832196174944,75.0,0.3566442928233259,0
22,trf_6_4765a,0.4457814995863264,150.0,0.2971876663908843,0
22,trf_16_538a,0.5876658560373518,30.0,1.9588861867911727,0
22,trf_11_133a,0.04920722212865328,10.0,0.4920722212865328,0
22,trf_6_723a,0.7232730447327762,15.0,4.821820298218508,0
22,trf_6_722a,0.226878090726894,15.0,1.51252060484596,0
22,trf_6_726a,0.07906225184197196,15.0,0.5270816789464797,0
22,trf_6_737a,0.6816589740156177,15.0,4.544393160104118,0
22,trf_6_728a,1.2565482810664768,30.0,4.188494270221589,0
22,trf_6_125a,0.05011343680538537,10.0,0.5011343680538537,0
22,trf_6_3011a,0.27238553401231824,10.0,2.7238553401231824,0
22,trf_6_3819a,1.5887594266524268,30.0,5.29586475550809,0
22,trf_6_1344a,0.18380169423821055,10.0,1.8380169423821056,0
22,trf_6_122a,0.0963981162357937,10.0,0.963981162357937,0
22,trf_6_1212a,0.5867399089673787,25.0,2.346959635869515,0
22,trf_6_1213a,0.18770518874882364,10.0,1.8770518874882363,0
22,trf_6_1139a,1.2553393161387356,15.0,8.368928774258238,0
22,trf_6_1145a,0.3702815748207418,10.0,3.702815748207418,0
22,trf_16_302a,0.1469922614948225,10.0,1.469922614948225,0
22,trf_16_301a,0.5337753757588336,25.0,2.1351015030353344,0
22,trf_6_124a,2.047062821314471,45.0,4.549028491809936,0
22,trf_16_6318a,1.451102950751101,45.0,3.224673223891336,0
22,trf_16_303a,0.6199560978527194,15.0,4.133040652351463,0
22,trf_6_1256a,0.2192011377453541,10.0,2.192011377453541,0
22,trf_6_2090a,0.8347564228339307,15.0,5.565042818892872,0
22,trf_6_1445a,0.38530176703600244,10.0,3.8530176703600247,0
22,trf_6_4766a,0.36676799904391394,112.5,0.32601599915014573,0
22,trf_16_3549a,0.0,0.0,0.0,0
22,trf_11_4675a,0.44314106775791307,150.0,0.2954273785052754,0
22,trf_16_4173a,0.2670125671164891,10.0,2.6701256711648904,0
22,trf_6_4662a,0.726163148174366,300.0,0.24205438272478869,0
22,trf_6_2860a,0.5824625449428977,10.0,5.824625449428977,0
22,trf_6_1178a,0.4698107907311986,15.0,3.1320719382079907,0
22,trf_6_4249a,0.7560802203993823,25.0,3.0243208815975295,0
22,trf_6_2887a,0.4264118770251965,10.0,4.264118770251965,0
22,trf_6_2064a,0.17964025992355828,5.0,3.592805198471166,0
22,trf_6_4161a,0.17585449775758233,10.0,1.758544977575823,0
22,trf_6_1960a,0.3501180637155711,10.0,3.5011806371557106,0
22,trf_6_6394a,0.6598685941036132,25.0,2.639474376414453,0
22,trf_6_3613a,0.15997547319116798,10.0,1.5997547319116798,0
22,trf_6_738a,0.03467639589860431,5.0,0.6935279179720861,0
22,trf_16_2195a,2.1798787919006766,15.0,14.532525279337843,0
22,trf_16_4674a,0.6155158191417427,225.0,0.27356258628521896,0
22,trf_6_2417a,0.4289717760309158,10.0,4.289717760309157,0
22,trf_16_4687a,0.2694126806640936,75.0,0.35921690755212476,0
22,trf_16_2428a,0.2401056922261533,5.0,4.802113844523066,0
22,trf_16_2658a,0.24198203809583446,15.0,1.613213587305563,0
22,trf_6_1177a,2.7777686041737377,75.0,3.7036914722316503,0
22,trf_6_4661a,0.4459603950102244,150.0,0.29730693000681624,0
22,trf_6_3019a,0.2833820110224286,10.0,2.833820110224286,0
22,trf_6_3013a,0.6272028372682018,5.0,12.544056745364035,0
22,trf_16_3364a,0.3881267293312842,15.0,2.587511528875228,0
22,trf_6_3563a,0.6634079170504555,10.0,6.634079170504556,0
22,trf_16_3328a,0.2514625192477178,10.0,2.514625192477178,0
22,trf_6_3721a,0.02967475231716515,5.0,0.5934950463433031,0
22,trf_6_3434a,0.4207634831810429,5.0,8.415269663620858,0
22,trf_6_3010a,0.11794441431145364,10.0,1.1794441431145364,0
22,trf_6_3509a,1.1093314265404262,5.0,22.186628530808523,0
22,trf_16_6165a,0.0,0.0,0.0,0
22,trf_6_3142a,0.19676408928991365,10.0,1.9676408928991365,0
22,trf_16_3908a,0.0,0.0,0.0,0
22,trf_6_3604a,0.08274030419435198,10.0,0.8274030419435198,0
22,trf_6_3012a,0.15952722657560475,10.0,1.5952722657560474,0
22,trf_6_3507a,0.2617556414517727,10.0,2.6175564145177272,0
22,trf_34_5142a,0.17180761021917207,10.0,1.7180761021917206,0
22,trf_6_3508a,0.044553292274798234,10.0,0.44553292274798234,0
22,trf_6_3634a,0.5446281552026766,10.0,5.4462815520267664,0
22,trf_6_3224a,0.15568545598485073,5.0,3.1137091196970146,0
22,trf_16_3904a,0.4123634989818311,10.0,4.123634989818312,0
22,trf_11_3987a,0.45468848818138125,5.0,9.093769763627625,0
22,trf_16_3997a,0.6892149455864726,30.0,2.2973831519549086,0
22,trf_6_3817a,0.1367257876178948,5.0,2.734515752357896,0
22,trf_6_3818a,0.4760064889430935,10.0,4.760064889430935,0
22,trf_16_1142a,1.3886352371479571,45.0,3.085856082551016,0
22,trf_34_5260a,0.4078356367418096,10.0,4.078356367418096,0
22,trf_6_5725a,0.7271738252113804,300.0,0.24239127507046013,0
22,trf_6_5472a,0.4830865774179808,15.0,3.220577182786539,0
22,trf_6_4925a,0.3668436546551697,112.5,0.32608324858237303,0
22,trf_6_3256a,1.8827826916747423,15.0,12.55188461116495,0
22,trf_6_4998a,0.36595170991833176,112.5,0.3252904088162949,0
22,trf_16_5055a,0.9517035136055759,10.0,9.517035136055759,0
22,trf_6_724a,0.6659341104096596,30.0,2.2197803680321986,0
22,trf_11_4785a,0.2368301134473312,10.0,2.3683011344733123,0
22,trf_16_5003a,0.07704196980267233,15.0,0.5136131320178156,0
22,trf_6_5157a,0.7264442790938137,300.0,0.24214809303127122,0
22,trf_6_5085a,1.1818092189079834,30.0,3.9393640630266114,0
22,trf_6_5595a,0.7834480333631804,30.0,2.6114934445439344,0
22,trf_11_5652a,0.05912884320093311,15.0,0.39419228800622075,0
22,trf_16_5666a,0.11203787769694953,10.0,1.1203787769694953,0
22,trf_6_5711a,0.5886609005505392,30.0,1.9622030018351309,0
22,trf_6_5712a,1.3514160399071078,30.0,4.504720133023693,0
22,trf_6_5659a,0.34149574199480615,30.0,1.138319139982687,0
22,trf_6_1262a,0.44465875203831123,10.0,4.446587520383113,0
22,trf_16_6019a,0.05766846828691422,10.0,0.5766846828691422,0
22,trf_16_6122a,0.044959504856379166,10.0,0.4495950485637916,0
22,trf_6_6158a,2.6385914653319658,45.0,5.86353658962659,0
22,trf_6_6197a,3.9798609171006185,75.0,5.306481222800825,0
22,trf_6_6153a,4.843274851059776,30.0,16.144249503532585,0
22,trf_6_1504a,0.46849097962677166,30.0,1.5616365987559055,0
22,trf_6_6249a,1.8146168064600618,30.0,6.048722688200206,0
22,trf_16_6312a,0.4259782022593317,30.0,1.419927340864439,0
22,trf_6_6386a,0.44536345093899776,150.0,0.2969089672926652,0
22,trf_6_4627a,0.36678150001857907,112.5,0.3260280000165147,0
22,trf_11_6443a,0.4431379233318664,150.0,0.29542528222124426,0
22,trf_12_6577a,0.13787880102547573,30.0,0.45959600341825246,0
22,trf_12_6578a,0.18219922324985013,45.0,0.40488716277744474,0
22,trf_11_6482a,0.18218583813881203,45.0,0.404857418086249,0
22,trf_6_1647a,0.26024101945407613,10.0,2.602410194540761,0
22,trf_6_6496a,0.3657790948989351,112.5,0.3251369732434979,0
22,trf_6_727a,1.6003387517075611,30.0,5.334462505691871,0
23,trf_6_1030a,0.6471114108236726,10.0,6.471114108236726,0
23,trf_6_878a,0.12015471234223861,10.0,1.2015471234223862,0
23,trf_16_1585a,0.1801591979588656,15.0,1.2010613197257707,0
23,trf_16_3545a,0.04493295891069891,10.0,0.44932958910698906,0
23,trf_16_1143a,2.794726052374373,30.0,9.315753507914577,0
23,trf_16_6460a,0.8908481277260826,25.0,3.5633925109043303,0
23,trf_6_725a,0.04945319156672604,10.0,0.4945319156672604,0
23,trf_6_3820a,0.8958597426440597,15.0,5.972398284293731,0
23,trf_6_3538a,0.600265192715139,10.0,6.00265192715139,0
23,trf_6_4910a,9.601224221589318,30.0,32.00408073863106,0
23,trf_6_1870a,0.28750129795669366,15.0,1.9166753197112911,0
23,trf_6_127a,1.1783174406430488,15.0,7.855449604286991,0
23,trf_6_1541a,0.7996527833127886,15.0,5.3310185554185905,0
23,trf_6_1503a,0.3390631890871212,10.0,3.3906318908712114,0
23,trf_6_6272a,0.26187159645398517,15.0,1.7458106430265679,0
23,trf_6_128a,0.4368697960369669,15.0,2.912465306913113,0
23,trf_6_1260a,0.044460801329488556,10.0,0.4446080132948856,0
23,trf_6_1350a,0.8558021831717266,45.0,1.9017826292705036,0
23,trf_6_808a,0.6808115410369548,15.0,4.538743606913032,0
23,trf_6_1475a,0.9104222145010695,15.0,6.06948143000713,0
23,trf_6_1138a,1.0937985495327998,10.0,10.937985495327997,0
23,trf_6_1146a,1.0532929944111495,10.0,10.532929944111496,0
23,trf_16_2916a,0.6174642881166986,10.0,6.174642881166987,0
23,trf_16_1140a,0.044874001381082544,10.0,0.44874001381082546,0
23,trf_16_5474a,0.5358160901570865,10.0,5.358160901570865,0
23,trf_16_3548a,0.9167718970417091,10.0,9.167718970417091,0
23,trf_16_1141a,0.6503653153014017,15.0,4.335768768676011,0
23,trf_6_810a,1.1129871087894467,30.0,3.7099570292981556,0
23,trf_16_300a,0.5469576849929674,15.0,3.6463845666197825,0
23,trf_16_3130a,1.574069948783814,30.0,5.24689982927938,0
23,trf_11_4955a,2.421426634906131,15.0,16.14284423270754,0
23,trf_11_131a,1.0454692957130303,10.0,10.454692957130302,0
23,trf_6_1048a,0.2530812598991596,15.0,1.6872083993277305,0
23,trf_6_129a,0.4979881082700915,10.0,4.979881082700915,0
23,trf_34_1018a,0.29585060916906003,5.0,5.917012183381201,0
23,trf_16_5730a,0.42017034885783866,25.0,1.6806813954313546,0
23,trf_16_1144a,0.6880194886356977,15.0,4.586796590904652,0
23,trf_6_6273a,1.6286498234875055,30.0,5.428832744958352,0
23,trf_6_1238a,0.6961873439534304,15.0,4.641248959689536,0
23,trf_6_731a,0.24454371114055634,15.0,1.630291407603709,0
23,trf_6_732a,0.9741276927441502,30.0,3.2470923091471677,0
23,trf_16_6082a,0.46453596192986624,15.0,3.096906412865775,0
23,trf_16_537a,0.2513520704312691,5.0,5.027041408625382,0
23,trf_16_3996a,1.911790828422734,15.0,12.745272189484893,0
23,trf_16_1095a,0.498363716933489,15.0,3.3224247795565933,0
23,trf_6_730a,0.32609012477453064,15.0,2.1739341651635375,0
23,trf_34_1649a,0.1665340395502127,5.0,3.330680791004254,0
23,trf_34_5029a,0.4501261824285033,10.0,4.501261824285033,0
23,trf_34_1581a,0.6792907265339376,10.0,6.792907265339376,0
23,trf_11_132a,0.42727155206748163,10.0,4.272715520674817,0
23,trf_16_3221a,1.3360491120010816,25.0,5.344196448004326,0
23,trf_16_504a,1.1521657686185571,15.0,7.6811051241237145,0
23,trf_6_735a,0.20533217617943703,10.0,2.05332176179437,0
23,trf_6_4489a,2.6724735484084867,25.0,10.689894193633947,0
23,trf_6_729a,1.1711817725735207,15.0,7.807878483823472,0
23,trf_16_299a,1.649430937690018,45.0,3.665402083755595,0
23,trf_16_1301a,0.5100299802158236,10.0,5.1002998021582355,0
23,trf_16_2139a,1.8279921452554388,25.0,7.311968581021755,0
23,trf_16_6081a,0.2016466026660765,10.0,2.016466026660765,0
23,trf_6_1019a,2.2327468450005097,25.0,8.930987380002039,0
23,trf_11_2597a,0.5059528701137825,10.0,5.059528701137825,0
23,trf_11_130a,0.43340761440499675,15.0,2.8893840960333117,0
23,trf_6_4704a,1.26640784269231,10.0,12.664078426923101,0
23,trf_6_733a,0.051061779448013205,10.0,0.510617794480132,0
23,trf_11_305a,1.0633528400968515,75.0,1.417803786795802,0
23,trf_16_539a,0.04944246001711288,10.0,0.49442460017112877,0
23,trf_6_1151a,0.7465288371837451,30.0,2.4884294572791505,0
23,trf_6_4764a,0.26760618749437626,75.0,0.35680824999250166,0
23,trf_6_4765a,0.44598755122889383,150.0,0.2973250341525959,0
23,trf_16_538a,0.5610477768896459,30.0,1.8701592562988196,0
23,trf_11_133a,0.04924865779178114,10.0,0.4924865779178115,0
23,trf_6_723a,0.6852702344877528,15.0,4.568468229918352,0
23,trf_6_722a,0.21809888017550805,15.0,1.453992534503387,0
23,trf_6_726a,0.07910835477745552,15.0,0.5273890318497034,0
23,trf_6_737a,0.6460710860714535,15.0,4.30714057380969,0
23,trf_6_728a,1.190581906704395,30.0,3.9686063556813167,0
23,trf_6_125a,0.04980726794851573,10.0,0.49807267948515727,0
23,trf_6_3011a,0.25922895076260755,10.0,2.5922895076260755,0
23,trf_6_3819a,1.503563285397557,30.0,5.011877617991856,0
23,trf_6_1344a,0.17557121415228538,10.0,1.7557121415228536,0
23,trf_6_122a,0.09362390305151948,10.0,0.9362390305151947,0
23,trf_6_1212a,0.5568238959646105,25.0,2.227295583858442,0
23,trf_6_1213a,0.18438726528017688,10.0,1.8438726528017688,0
23,trf_6_1139a,1.1848906144922111,15.0,7.899270763281407,0
23,trf_6_1145a,0.35613859265195635,10.0,3.5613859265195638,0
23,trf_16_302a,0.140922420858458,10.0,1.4092242085845799,0
23,trf_16_301a,0.507510462503201,25.0,2.030041850012804,0
23,trf_6_124a,1.937540329610772,45.0,4.305645176912827,0
23,trf_16_6318a,1.3763567635126872,45.0,3.0585705855837495,0
23,trf_16_303a,0.5875294655404968,15.0,3.916863103603312,0
23,trf_6_1256a,0.20913787257963343,10.0,2.0913787257963343,0
23,trf_6_2090a,0.7902086270389331,15.0,5.268057513592888,0
23,trf_6_1445a,0.36518384304447216,10.0,3.651838430444722,0
23,trf_6_4766a,0.3669287796851085,112.5,0.326158915275652,0
23,trf_16_3549a,0.0,0.0,0.0,0
23,trf_11_4675a,0.4434938950806778,150.0,0.29566259672045186,0
23,trf_16_4173a,0.2538111599978863,10.0,2.538111599978863,0
23,trf_6_4662a,0.7265961659171735,300.0,0.24219872197239117,0
23,trf_6_2860a,0.5508036863078741,10.0,5.5080368630787415,0
23,trf_6_1178a,0.44556946005573406,15.0,2.970463067038227,0
23,trf_6_4249a,0.7163089545570172,25.0,2.8652358182280686,0
23,trf_6_2887a,0.4038840225298984,10.0,4.038840225298984,0
23,trf_6_2064a,0.17077086306490924,5.0,3.4154172612981846,0
23,trf_6_4161a,0.16805513298922775,10.0,1.6805513298922776,0
23,trf_6_1960a,0.33205559007664553,10.0,3.3205559007664553,0
23,trf_6_6394a,0.6255601489116211,25.0,2.5022405956464846,0
23,trf_6_3613a,0.1531150093692025,10.0,1.531150093692025,0
23,trf_6_738a,0.03469237494632677,5.0,0.6938474989265354,0
23,trf_16_2195a,2.055613187594844,15.0,13.704087917298958,0
23,trf_16_4674a,0.6160043221235901,225.0,0.2737796987215956,0
23,trf_6_2417a,0.4062981169624521,10.0,4.062981169624521,0
23,trf_16_4687a,0.2694417747163182,75.0,0.3592556996217576,0
23,trf_16_2428a,0.22763837090707081,5.0,4.552767418141416,0
23,trf_16_2658a,0.2323238128631078,15.0,1.5488254190873854,0
23,trf_6_1177a,2.689395472360482,75.0,3.5858606298139764,0
23,trf_6_4661a,0.44616451270510377,150.0,0.29744300847006916,0
23,trf_6_3019a,0.2692922544145684,10.0,2.692922544145684,0
23,trf_6_3013a,0.5920098726826943,5.0,11.840197453653888,0
23,trf_16_3364a,0.36984676716528414,15.0,2.4656451144352274,0
23,trf_6_3563a,0.626989061447606,10.0,6.2698906144760596,0
23,trf_16_3328a,0.23921465564805505,10.0,2.3921465564805504,0
23,trf_6_3721a,0.029690779672082564,5.0,0.5938155934416514,0
23,trf_6_3434a,0.397798254813177,5.0,7.95596509626354,0
23,trf_6_3010a,0.11357006409688561,10.0,1.1357006409688561,0
23,trf_6_3509a,1.0459500178934564,5.0,20.91900035786913,0
23,trf_16_6165a,0.0,0.0,0.0,0
23,trf_6_3142a,0.18773505669612903,10.0,1.8773505669612902,0
23,trf_16_3908a,0.0,0.0,0.0,0
23,trf_6_3604a,0.08047647692101267,10.0,0.8047647692101269,0
23,trf_6_3012a,0.15268567744388564,10.0,1.5268567744388564,0
23,trf_6_3507a,0.24893213359017968,10.0,2.4893213359017965,0
23,trf_34_5142a,0.16427123362601198,10.0,1.6427123362601197,0
23,trf_6_3508a,0.04457513440933534,10.0,0.4457513440933534,0
23,trf_6_3634a,0.5151452849058586,10.0,5.151452849058587,0
23,trf_6_3224a,0.14820438895851304,5.0,2.964087779170261,0
23,trf_16_3904a,0.3905794088269076,10.0,3.905794088269076,0
23,trf_11_3987a,0.4297253403845478,5.0,8.594506807690957,0
23,trf_16_3997a,0.6566444676792685,30.0,2.188814892264228,0
23,trf_6_3817a,0.13037971691184919,5.0,2.6075943382369835,0
23,trf_6_3818a,0.4505620755145715,10.0,4.505620755145715,0
23,trf_16_1142a,1.3171392377119908,45.0,2.926976083804424,0
23,trf_34_5260a,0.3864513059346754,10.0,3.8645130593467543,0
23,trf_6_5725a,0.7275587903971334,300.0,0.2425195967990445,0
23,trf_6_5472a,0.458070006759816,15.0,3.0538000450654397,0
23,trf_6_4925a,0.36700114199906103,112.5,0.3262232373324987,0
23,trf_6_3256a,1.7761427257805782,15.0,11.840951505203854,0
23,trf_6_4998a,0.36615288642189026,112.5,0.3254692323750136,0
23,trf_16_5055a,0.8981348180432759,10.0,8.981348180432759,0
23,trf_6_724a,0.6346796974796068,30.0,2.1155989915986897,0
23,trf_11_4785a,0.22546282612253776,10.0,2.2546282612253776,0
23,trf_16_5003a,0.07602246369706972,15.0,0.5068164246471315,0
23,trf_6_5157a,0.7268677945739885,300.0,0.24228926485799618,0
23,trf_6_5085a,1.120201746379967,30.0,3.7340058212665563,0
23,trf_6_5595a,0.7453776305448028,30.0,2.4845921018160095,0
23,trf_11_5652a,0.059174402823450156,15.0,0.39449601882300106,0
23,trf_16_5666a,0.10801254072224777,10.0,1.0801254072224777,0
23,trf_6_5711a,0.5619629247897534,30.0,1.873209749299178,0
23,trf_6_5712a,1.2798815839837654,30.0,4.266271946612552,0
23,trf_6_5659a,0.329434584733433,30.0,1.0981152824447766,0
23,trf_6_1262a,0.4213432417066192,10.0,4.213432417066192,0
23,trf_16_6019a,0.056911110643267655,10.0,0.5691111064326766,0
23,trf_16_6122a,0.044961483635334504,10.0,0.44961483635334504,0
23,trf_6_6158a,2.494467436354106,45.0,5.543260969675791,0
23,trf_6_6197a,3.761341497757224,75.0,5.015121997009632,0
23,trf_6_6153a,4.680717713477359,30.0,15.602392378257864,0
23,trf_6_1504a,0.44888783919694986,30.0,1.4962927973231663,0
23,trf_6_6249a,1.715899706702195,30.0,5.719665689007317,0
23,trf_16_6312a,0.4089171412232156,30.0,1.3630571374107185,0
23,trf_6_6386a,0.4455933764814194,150.0,0.29706225098761296,0
23,trf_6_4627a,0.3669416854294513,112.5,0.3261703870484012,0
23,trf_11_6443a,0.44349094954027385,150.0,0.29566063302684925,0
23,trf_12_6577a,0.13798847753938626,30.0,0.4599615917979542,0
23,trf_12_6578a,0.18234415470773435,45.0,0.4052092326838541,0
23,trf_11_6482a,0.18233075894936168,45.0,0.4051794643319148,0
23,trf_6_1647a,0.2474711299204795,10.0,2.4747112992047953,0
23,trf_6_6496a,0.3659879994284579,112.5,0.3253226661586292,0
23,trf_6_727a,1.5141848815852632,30.0,5.047282938617544,0
