line,maxCurrentA,normAmps,maxLoadingPct,meanLoadingPct,overloadHours
rbt_1607347,93.11814003287708,124.95,74.52432175500367,25.728406795097243,0
sbt_7584,93.11815014324057,163.8,56.84868751113588,19.626158055797973,0
sbt_22840,93.11814551302417,163.8,56.848684684385944,19.62615797974519,0
rbt_630758,31.216442707015,76.65,40.72595265103065,17.430615731899834,0
rbt_637576,24.790262861516428,61.95,40.01656636241554,14.612005755037766,0
rbt_632607,44.940582402636565,124.95,35.96685266317452,16.929742593620553,0
rbt_606147,25.457870616306284,76.65,33.213138442669646,12.358055255683828,0
rbt_1130761,27.905187034323532,90.3,30.902754190834475,14.54302250970872,0
rbt_637918,17.777147492100507,61.95,28.695960439226,11.278653266832357,0
rbt_605836,23.688425953115257,90.3,26.23302984841114,12.354954833406723,0
rbt_637360,16.192775275585028,61.95,26.138458879071873,12.28036246844097,0
rbt_1607350,22.032810001233067,90.3,24.399568107677815,8.766681418727753,0
rbt_626476,13.993904881753076,61.95,22.5890312861228,10.628014146245667,0
rbt_606126,13.575506865048139,61.95,21.91365111387916,7.79205882626989,0
rbt_1633671,13.228821701289858,61.95,21.35403018771567,10.055602944500839,0
rbt_3405844,18.966866461180523,90.3,21.004281795327266,7.240425593793186,0
rbt_606143,14.885089113296617,76.65,19.419555268488736,6.866134398486373,0
rbt_1627323,13.772989922677313,76.65,17.96867569820915,8.453735056018461,0
sbt_34378,22.611772723238435,128.1,17.651657082933987,8.661008400374373,0
sbt_34379,22.541181035306796,128.1,17.596550378849958,8.536673842389085,0
rbt_635862,10.7882673837306,61.95,17.41447519569104,5.97468868540222,0
rbt_3435739,13.327731792285334,76.65,17.387777941663842,8.201435462791133,0
rbt_637397,10.741173414529142,61.95,17.338455874946153,8.149196674364097,0
rbt_605816,10.231699874053762,61.95,16.516061136487103,6.214276639624134,0
sbt_24791,25.457891923111344,163.8,15.542058561118036,5.782936751522975,0
sbt_3174,25.457883045125744,163.8,15.542053141102407,5.782938368458459,0
rbt_609688,11.216330845555653,76.65,14.633177880698828,5.328201930549918,0
smt_29422,23.64743962803181,163.8,14.43677632968975,8.791891402546808,0
smt_19119,23.646535957806908,163.8,14.436224638465756,8.792374176863051,0
smt_17184,23.645392579575816,163.8,14.43552660535764,8.79190806767657,0
rbt_1638954,7.865133818591944,61.95,12.695938367380055,5.96771744010109,0
rbt_1607265,11.051139477008416,90.3,12.23824969768374,5.7594795298233725,0
rbt_606139,9.340419501523531,76.65,12.185804959587124,4.3623190289241895,0
rbt_623004,7.277481033232147,61.95,11.747346300616861,4.576251780907733,0
sbt_11363,18.116126280034628,163.8,11.059906153867294,4.122598317893723,0
sbt_9361,23.68842601371701,216.3,10.951653265703657,5.157893735970505,0
rbt_606121,6.3829558700809885,61.95,10.30339930602258,4.841120060050716,0
rbt_1605991,6.104655639200555,61.95,9.854165680711144,4.632846885975444,0
rbt_1607280,6.055836904311456,61.95,9.775362234562479,4.594039577211677,0
sbt_34393,12.184880880202604,128.1,9.51200693224247,6.253482331022114,0
rbt_635543,5.820729144508901,61.95,9.395850112201614,3.7317094393192742,0
rbt_606114,8.279912630181288,90.3,9.169338460887362,4.309993457209566,0
rbt_627337,8.060102572138264,90.3,8.925916469699075,4.19730378550599,0
rbt_1621994,7.906333326843109,90.3,8.755629376348958,4.114608658313698,0
rbt_626678,7.725646337150053,90.3,8.555533042248122,4.0235286377215855,0
rbt_606150,5.257380379292484,61.95,8.486489716372049,3.9868328488481097,0
rbt_1607272,7.5683047924336435,90.3,8.381289914101488,3.9435468290459905,0
rbt_623007,5.17073210816568,61.95,8.346621643528135,3.9216697224868593,0
sbt_22748,17.902086890010818,216.3,8.276508039764593,3.8943584967164853,0
sbt_7427,17.90207868306836,216.3,8.276504245523975,3.894354576685197,0
sbt_34383,10.590299150648582,128.1,8.2672124517163,4.8699717024954525,0
sbt_34392,10.590296011622556,128.1,8.267210001266632,5.182933357844932,0
sbt_34384,10.576627986045338,128.1,8.256540192072864,3.9882133247343603,0
smt_34713,23.632725268486507,286.65,8.244453259545267,5.021016780169506,0
smt_34700,23.632576741788977,286.65,8.244401444894114,5.020982636385002,0
smt_34701,23.63222491170166,286.65,8.244278706332343,5.020901776694136,0
smt_34715,23.631924047649704,286.65,8.24417374765383,5.020832652845239,0
smt_34702,23.631626053931004,286.65,8.24406979031258,5.020764208920021,0
smt_34703,23.631217870079837,286.65,8.243927392318103,5.020670489303933,0
smt_34704,23.630727169625516,286.65,8.243756207788424,5.0205578743584205,0
smt_34716,23.630420481486222,286.65,8.243649217333411,5.020487517945937,0
smt_34705,23.630112130886566,286.65,8.243541646916647,5.020416801916206,0
smt_34717,23.62974470575305,286.65,8.243413467906176,5.0203325664352,0
smt_34706,23.62937269190012,286.65,8.243283688086558,5.020247310475114,0
smt_34707,23.62893467778695,286.65,8.243130883581703,5.020146969663553,0
smt_34708,23.628526579689737,286.65,8.242988515503136,5.0200535216468465,0
smt_34709,23.627999933239998,286.65,8.24280479094366,5.019932984369185,0
smt_34718,23.6277065547091,286.65,8.242702443645248,5.019865864336498,0
smt_34710,23.62741965407335,286.65,8.242602356209089,5.01980024545957,0
smt_34719,23.627119588284025,286.65,8.242497676010476,5.019731635682308,0
smt_34711,23.62682049239172,286.65,8.242393334167703,5.019663268247975,0
smt_34720,23.626479470569063,286.65,8.242274366150031,5.019585342389816,0
smt_34712,23.626164863137383,286.65,8.24216461299054,5.01951347603269,0
smt_34721,23.625939118035742,286.65,8.242085860120616,5.0194619224757195,0
smt_34714,23.625929832654105,286.65,8.242082620845668,5.019459802747374,0
rbt_1630759,6.258704591687819,76.65,8.165302794113266,3.8407986720081397,0
rbt_606122,5.054199528394389,61.95,8.15851417012815,3.8347202575811927,0
rbt_1229546,7.33666768300116,90.3,8.124770413068836,3.8209149493017787,0
rbt_1638606,5.004860470102071,61.95,8.078870815338291,3.7986307573457885,0
rbt_605905,7.160225566797276,90.3,7.929374935545157,3.7275097518725038,0
rbt_1607283,7.089038466357929,90.3,7.850540937273454,3.6931050940286347,0
smt_31417,25.249107284164303,327.6,7.707297705788858,4.716958648306053,0
smt_31416,25.249060854534843,327.6,7.707283533130294,4.716949306600481,0
smt_31411,25.24904316358104,327.6,7.707278132961244,4.716945746808864,0
smt_31412,25.249023141968475,327.6,7.707272021357898,4.716941718426173,0
smt_31413,25.248904422257507,327.6,7.707235782129886,4.716917833647522,0
smt_31414,25.248815206828418,327.6,7.707208549092923,4.716899886384397,0
smt_31415,25.248589144165674,327.6,7.7071395433961145,4.716854416229624,0
smt_4387,25.248217387348912,327.6,7.707026064514319,4.716779661269079,0
smt_4863,25.24778844646633,327.6,7.706895130178977,4.716693438461715,0
smt_4693,25.247428592943653,327.6,7.706785284781334,4.7166211287501065,0
smt_4591,25.247099735076112,327.6,7.706684900816883,4.716555067814816,0
smt_17964,25.247075106169362,327.6,7.706677382835581,4.708202487346376,0
smt_4627,25.246750742169976,327.6,7.706578370625755,4.716484983539773,0
smt_6826,25.246627631253542,327.6,7.7065407909809345,4.708111720887448,0
smt_4527,25.246471598776687,327.6,7.706493162019745,4.716428942179613,0
smt_7012,25.2461111037841,327.6,7.706383120813216,4.708006992797639,0
smt_23134,25.246017811660426,327.6,7.706354643363989,4.716337869053953,0
smt_22791,25.24564824841854,327.6,7.7062418340715935,4.707913188029209,0
smt_18545,25.245610948520582,327.6,7.706230448266356,4.716256244981717,0
smt_10381,25.245179895975852,327.6,7.706098869345497,4.716169800722253,0
smt_7020,25.245107939744223,327.6,7.706076904683829,4.707803735201325,0
smt_18806,25.24496213980317,327.6,7.706032399207316,4.716126144094089,0
smt_24122,25.24489127119552,327.6,7.706010766543199,4.716111938119891,0
smt_6842,25.24469219702952,327.6,7.705949999093259,4.707719552268332,0
smt_6830,25.244061505042435,327.6,7.705757480171684,4.707591904437475,0
smt_29390,25.243359219428477,327.6,7.705543107273649,4.707363436307829,0
smt_31407,25.243302961516463,327.6,7.7055259345288345,4.707438475718657,0
smt_31408,25.242838422937947,327.6,7.705384133985942,4.715487638223965,0
smt_17776,25.242748968057494,327.6,7.705356827856377,4.7072387840364085,0
smt_10747,25.242127982879726,327.6,7.705167271941307,4.707112008415889,0
smt_18202,25.24158872365175,327.6,7.705002662897359,4.7070019739719475,0
smt_17794,25.241088320034134,327.6,7.7048499145403335,4.706899914987804,0
smt_29420,25.240779128210857,327.6,7.7047555336418965,4.706836876934841,0
smt_22739,25.240598436774537,327.6,7.704700377525804,4.706800045538939,0
smt_17795,25.240002656178465,327.6,7.704518515316991,4.706678645979683,0
smt_29389,25.239338001542393,327.6,7.7043156292864445,4.706543288066957,0
smt_19163,25.23876529016298,327.6,7.704140808963059,4.706426718619607,0
smt_17961,25.238400278982628,327.6,7.704029389188835,4.70635245534909,0
smt_29388,25.23797930645964,327.6,7.703900887197691,4.706266836418029,0
smt_17962,25.237461915285685,327.6,7.703742953383909,4.706161651380533,0
rbt_1107340,6.787553313604619,90.3,7.51667033621774,3.5371663576784513,0
rbt_605822,6.786912988930325,90.3,7.515961228051301,3.536983063358179,0
rbt_1626486,6.7849945418515345,90.3,7.513836701939685,3.5308964197496002,0
rbt_1607287,6.780386001488848,90.3,7.508733113498171,3.531868145477216,0
rbt_606132,4.5343959628808355,61.95,7.319444653560671,3.43904047099575,0
rbt_623433,6.566355853579954,90.3,7.271711908726417,3.42134040074167,0
smt_6447,23.704324173286018,327.6,7.235752189647745,4.408805775906067,0
smt_6627,23.703945081385513,327.6,7.235636471729399,4.4087309797105965,0
smt_24630,23.70334071778448,327.6,7.235451989555703,4.408611795922082,0
smt_24629,23.702967809443972,327.6,7.235338159170931,4.408538292748835,0
smt_24628,23.70247063697848,327.6,7.235186397124077,4.408440339367222,0
smt_24627,23.702101521847588,327.6,7.235073724617701,4.408367647912988,0
smt_6957,23.70175622783769,327.6,7.234968323515778,4.408299672246572,0
smt_6431,23.70132650678338,327.6,7.234837151032777,4.4082151093129545,0
smt_24626,23.700968895893446,327.6,7.234727990199465,4.4081447647122465,0
smt_12228,23.70058007774199,327.6,7.234609303340045,4.408068310422762,0
rbt_626698,6.521565995405516,90.3,7.2221107368831845,3.3943992726038297,0
smt_6510,23.65453796102217,327.6,7.22055493315695,4.397352798117725,0
smt_19223,23.65401344153363,327.6,7.2203948234229625,4.397248477140491,0
smt_22843,23.65356698557692,327.6,7.2202585426058965,4.3971597256145305,0
smt_6737,23.65317757900194,327.6,7.220139676130017,4.397082347649068,0
smt_24665,23.65267014553851,327.6,7.219984781910411,4.396981562503647,0
smt_24635,23.65214592393949,327.6,7.219824763107292,4.3968774971800135,0
smt_24637,23.651603498464603,327.6,7.219659187565506,4.396769876195521,0
smt_24636,23.65107305794538,327.6,7.219497270435096,4.396664690185918,0
smt_19174,23.650590110225004,327.6,7.219349850496032,4.396568971071917,0
smt_6686,23.650020382616503,327.6,7.219175940969628,4.396456112548013,0
smt_19173,23.6490623340885,327.6,7.21888349636401,4.396266477583567,0
smt_19172,23.648738602072427,327.6,7.218784677067284,4.396202440078057,0
smt_6544,23.64838535476931,327.6,7.218676848220179,4.396132588159682,0
smt_6535,23.64786322957904,327.6,7.21851746934647,4.396029387787865,0
smt_24634,23.646721853447158,327.6,7.218169063933809,4.395803979651833,0
smt_24633,23.646314556379977,327.6,7.218044736379723,4.395723606188182,0
smt_24511,23.64602352062591,327.6,7.217955897626956,4.39608260597649,0
smt_24632,23.64587641962054,327.6,7.217910995000164,4.395637184189508,0
smt_1873,23.645445202026234,327.6,7.217779365697874,4.395552164604728,0
smt_29446,23.64537879703038,327.6,7.217759095552618,4.395951226342754,0
smt_24631,23.64505881149042,327.6,7.217661419868869,4.395476014928622,0
smt_32671,23.64495359646383,327.6,7.217629302949886,4.395864626238529,0
smt_6527,23.644657388027206,327.6,7.21753888523419,4.395396934284318,0
smt_6389,23.644484243498447,327.6,7.217486032813933,4.3957690761461965,0
smt_24510,23.644469829539435,327.6,7.217481632948545,4.395766142183707,0
smt_24509,23.643970822393857,327.6,7.217329310865035,4.39566460512571,0
smt_24508,23.64353341423594,327.6,7.217195791891312,4.395575643364842,0
smt_6426,23.64313910091637,327.6,7.2170754276301485,4.395495479424786,0
smt_6420,23.642737084582215,327.6,7.216952712021432,4.3954137817151775,0
smt_6140,23.642302670244057,327.6,7.216820106912104,4.395325536669407,0
smt_6653,23.64188831460268,327.6,7.216693624726092,4.39524140169439,0
smt_6650,23.641480039353574,327.6,7.2165689985816766,4.3951585351538265,0
smt_29445,23.641079549721905,327.6,7.21644674899936,4.395077281473072,0
smt_24507,23.640667556702848,327.6,7.216320988004532,4.394993727614863,0
smt_24506,23.640256968225707,327.6,7.216195655746552,4.394910492643104,0
smt_24505,23.639833268110657,327.6,7.216066321157098,4.3948246352450235,0
smt_24459,23.639469720909343,327.6,7.215955348262924,4.394750995917324,0
smt_24458,23.639031829020936,327.6,7.215821681630322,4.394662332818991,0
smt_24457,23.638591199981402,327.6,7.215687179481502,4.394573154509275,0
smt_24456,23.63818602754864,327.6,7.215563500472723,4.394491186736034,0
smt_24455,23.63777008094888,327.6,7.215436532646177,4.394407073724304,0
smt_24454,23.637371031430302,327.6,7.215314722658822,4.39432641040682,0
smt_19165,23.63693041680042,327.6,7.215180224908553,4.394237382454224,0
smt_17113,23.63646972019124,327.6,7.215039597127973,4.3941443386779255,0
smt_6993,23.63545898870591,327.6,7.214731071033549,4.393940357904291,0
smt_24453,23.63484570553345,327.6,7.2145438661579515,4.393816688472833,0
smt_24452,23.634371028781253,327.6,7.214398970934448,4.3937210211996405,0
smt_24451,23.633955007918196,327.6,7.214271980439009,4.39363721284518,0
smt_24450,23.633562027077584,327.6,7.214152022917456,4.393558077926623,0
smt_6394,23.633132103169654,327.6,7.2140207885133245,4.393471539381649,0
smt_24668,23.625919109585162,327.6,7.21181902001989,4.392025184743403,0
smt_29393,23.625750784165444,327.6,7.211767638634139,4.3919915566946015,0
smt_19218,23.624336079487332,327.6,7.211335799599307,4.39170915214787,0
smt_6502,23.623843788723928,327.6,7.211185527693506,4.391610974939939,0
smt_24667,23.623586523615558,327.6,7.211106997440646,4.391559688162187,0
smt_6683,23.62289481435383,327.6,7.21089585297736,4.3914218591763605,0
smt_19220,23.622333553217768,327.6,7.210724527844251,4.391310093761734,0
smt_22844,23.621943217217652,327.6,7.210605377661065,4.391232402451693,0
smt_6687,23.621514308199853,327.6,7.210474453052458,4.39114706897315,0
smt_24666,23.62119275510232,327.6,7.2103762988712825,4.391083118761321,0
rbt_1607252,5.494989258290657,76.65,7.168935757717751,3.3713404523086665,0
rbt_637356,4.294852901136419,61.95,6.932773044610846,3.2588745256178258,0
rbt_631391,6.181697329169746,90.3,6.845733476378458,5.18456029021184,0
rbt_605855,5.09697449644097,76.65,6.649673185180652,3.1278077699766147,0
rbt_1607255,5.953294246417023,90.3,6.592795400240337,3.099117933058294,0
rbt_636933,4.956286918863479,76.65,6.466127748028022,3.042508422126717,0
rbt_605910,3.893415711508869,61.95,6.284771124308102,2.9523034872190337,0
rbt_627343,5.637202912463187,90.3,6.24274962620508,2.933448596984549,0
sbt_28279,13.228833889946252,216.3,6.115965737376908,2.8800027610945764,0
sbt_20214,13.228826448973692,216.3,6.115962297260144,2.8800030490280055,0
rbt_1607304,3.787461415937938,61.95,6.113739170198446,2.8712837273385117,0
rbt_1607305,5.3506493665462,90.3,5.925414580892802,2.7857743072134933,0
rbt_1607285,3.634832760255052,61.95,5.867365230435919,2.754958722362874,0
rbt_606103,4.416401920360357,76.65,5.761776804123101,2.7084107706558505,0
rbt_3405846,4.401975766979749,76.65,5.74295599084116,2.700562911486101,0
rbt_606109,3.5062056076728974,61.95,5.659734637082966,2.6589224470978587,0
rbt_605825,5.109044693715494,90.3,5.657856803671643,2.660458736736215,0
sbt_4580,9.189787711785693,163.8,5.610371008416173,2.6398549619289704,0
rbt_1631852,5.057484803175516,90.3,5.600758364535455,2.6325502423362126,0
rbt_605993,5.028181391529727,90.3,5.568307188847981,2.616896375332279,0
rbt_621999,4.991463926504201,90.3,5.527645544301441,2.5982591270347917,0
rbt_630753,4.98825329844021,90.3,5.524090031495249,2.597811038710101,0
sbt_6049,9.014136963641466,163.8,5.503136119439233,2.5896307926725703,0
rbt_607384,3.302269256388931,61.95,5.330539558335643,2.5045416895151646,0
rbt_1607278,4.079230345498305,76.65,5.321892166338298,2.5006513126414283,0
smt_6110,17.413202756983345,327.6,5.315385456954623,3.0477918664035104,0
rbt_1628760,4.790529331945717,90.3,5.3051266134504065,2.492677508336396,0
rbt_3433894,4.763268325018618,90.3,5.274937237008437,2.4799990392790487,0
rbt_1607357,4.018383869899125,76.65,5.24250994115998,2.4639661812416995,0
smt_24515,16.882366223542,327.6,5.153347443083638,3.0133670823775436,0
smt_6552,16.881978752950765,327.6,5.153229167567388,3.013276849373419,0
smt_6549,16.881466799400837,327.6,5.153072893589998,3.0131576862366924,0
smt_23959,16.88101976122072,327.6,5.152936435049059,3.013053687990783,0
smt_22744,16.88048347124218,327.6,5.1527727323694075,3.0129289941350326,0
smt_19175,16.88003744520459,327.6,5.152636582785283,3.012825344007006,0
smt_19177,16.8795295820819,327.6,5.152481557412057,3.012707386146333,0
smt_19176,16.878995834830224,327.6,5.152318630900556,3.0125834879112463,0
smt_19164,16.878763438119222,327.6,5.152247691733583,3.0125295648103374,0
smt_32311,16.87836355315972,327.6,5.1521256267276305,3.0124368119120635,0
smt_39119,16.8778839121875,327.6,5.15197921617445,3.012325613662412,0
smt_32312,16.8778613916336,327.6,5.151972341768498,3.012320394410832,0
smt_32310,16.877843029798957,327.6,5.151966736812867,3.0123161384131643,0
smt_32309,16.877399199584115,327.6,5.151831257504308,3.012213300374493,0
smt_32314,16.877196284082256,327.6,5.151769317485426,3.012166301117496,0
smt_32313,16.877180877613036,327.6,5.151764614655993,3.0121627323324205,0
smt_6802,16.87700419259426,327.6,5.151710681500079,3.066649506079402,0
smt_24514,16.876449971057696,327.6,5.1515415052068665,3.066521916808622,0
smt_24513,16.87587440307501,327.6,5.1513658129044595,3.066389494007597,0
smt_19166,16.875422771614904,327.6,5.151227952263401,3.066285643284901,0
smt_6414,16.874981918297255,327.6,5.151093381653618,3.0661843198525838,0
smt_18852,16.8745357432491,327.6,5.150957186583974,3.0660818224788806,0
smt_6403,16.874040683615373,327.6,5.150806069479661,3.0659681530740275,0
smt_1832,16.87361032127809,327.6,5.150674701244838,3.0658693881765586,0
smt_1831,16.873191050541944,327.6,5.150546718724646,3.0657732130742255,0
smt_1829,16.872367912743435,327.6,5.150295455660389,3.0655845236214403,0
smt_1828,16.871772068863972,327.6,5.150113574134301,3.0654480425433888,0
smt_6350,16.785060631383338,327.6,5.123644881374645,2.9974425416264237,0
smt_24517,16.782881851107444,327.6,5.122979808030355,2.9971606992426243,0
smt_24520,16.782214129701966,327.6,5.122775985867511,2.9970050976566274,0
smt_19116,16.781898840230124,327.6,5.1226797436599885,2.9969316645927164,0
rbt_605806,4.389447536529529,90.3,4.860960727053742,2.2843914985865763,0
rbt_622714,4.323018450235164,90.3,4.787395847436506,2.2511718962118983,0
sbt_25907,10.231724298358209,216.3,4.730339481441613,1.7798167692471882,0
sbt_21361,10.23171758412565,216.3,4.730336377311905,1.779816870181702,0
sbt_20771,10.231712222566172,216.3,4.730333898551166,1.7798190206630045,0
rbt_1607258,3.613901238193023,76.65,4.71480918224791,2.217234187161219,0
smt_6066,7.703032801752998,163.8,4.7027062281764325,2.6991947507303813,0
smt_6062,7.702625904691586,163.8,4.70245781727203,2.6991204284433254,0
smt_6719,7.702176506134908,163.8,4.70218345917882,2.6990392329515225,0
smt_6176,7.701669754494578,163.8,4.701874086993026,2.698944003465462,0
smt_6144,7.701196353891053,163.8,4.701585075635563,2.698858109021915,0
smt_6227,7.700694372280702,163.8,4.701278615555983,2.698765481818343,0
smt_19063,7.700209253941715,163.8,4.700982450513867,2.6986769947181823,0
smt_6092,7.6997283230981655,163.8,4.700688841940272,2.698587034070836,0
smt_29474,7.699311588303242,163.8,4.700434425093554,2.698514251494668,0
smt_29473,7.698844989599951,163.8,4.700149566300336,2.698430678802033,0
smt_19115,7.698378102286643,163.8,4.699864531310526,2.6983428240937184,0
smt_24512,7.698009920687475,163.8,4.699639756219459,2.6982608627742994,0
rbt_627328,4.219885343746829,90.3,4.673184212344219,2.1994692362882007,0
smt_37840,7.598870994992184,163.8,4.63911538155811,2.672822048308405,0
smt_6474,7.5985387435366905,163.8,4.638912541841691,2.6727611787027468,0
smt_19061,7.598127100220218,163.8,4.638661233345676,2.6726818680536213,0
smt_29476,7.597724869934283,163.8,4.638415671510551,2.672608663147789,0
smt_6594,7.5972336348275915,163.8,4.638115772178017,2.672515550617813,0
smt_29475,7.596738229694477,163.8,4.637813327041805,2.6724191606594343,0
smt_19011,7.596311124848345,163.8,4.637552579272493,2.6723414982727416,0
smt_19014,7.595821445010041,163.8,4.6372536294322595,2.6722497501024822,0
sbt_5830,7.581756185218046,163.8,4.628666779742396,2.1778684469409,0
rbt_621168,3.511402518477495,76.65,4.581086129781467,2.1532645063297213,0
rbt_605815,4.12055793738029,90.3,4.563187084585039,2.1459403023564905,0
rbt_1107330,4.120074920633353,90.3,4.562652182318221,2.1473266945600895,0
rbt_621171,2.8191127859006517,61.95,4.550625965941326,2.1379393052616775,0
rbt_3422597,4.102072384075592,90.3,4.542715818466879,2.1365101205984933,0
rbt_606127,2.798266255110942,61.95,4.516975391623797,2.122165976645653,0
rbt_635966,2.7827467537086843,61.95,4.491923734800136,2.1106285124340443,0
rbt_1124041,4.047499298055317,90.3,4.482280507259487,2.108092903123939,0
rbt_605921,3.3351939309968888,76.65,4.3511988662712175,2.045365640264119,0
sbt_14007,7.089038181878075,163.8,4.327862137898703,2.03594237067832,0
rbt_627336,3.8712720253763684,90.3,4.287122951690331,2.014400457619718,0
rbt_1627321,3.856674343392524,90.3,4.27095719091088,2.0076107501337845,0
rbt_1607355,3.840605666454365,90.3,4.2531624213226635,1.9991246406125518,0
rbt_605902,2.63432781486426,61.95,4.2523451410238255,1.9982598071988245,0
sbt_35173,5.3506489689183825,128.1,4.176931279405451,1.963742223652306,0
rbt_1607358,3.1979504277374997,76.65,4.172146676761252,1.9612498479394311,0
sbt_21952,9.014136104006393,216.3,4.167423071662688,1.9610791431084384,0
sbt_20840,6.786912965807714,163.8,4.1434145090401175,1.9498752219059015,0
sbt_6273,6.7803856964441485,163.8,4.1394296071087595,1.9470553224085727,0
rbt_3405838,3.6839984967615886,90.3,4.079732554553255,1.9198144180191716,0
rbt_622273,2.344702769120017,57.75,4.060091375099597,1.9111581287005712,0
rbt_1107341,2.5118232012928274,61.95,4.054597580779382,1.9074417154358034,0
smt_6536,11.579616680478725,286.65,4.039636030168752,2.3886725805305464,0
smt_6703,11.579034411447577,286.65,4.039432901255042,2.3885396360414357,0
smt_6514,11.578463380735728,286.65,4.039233692913215,2.388409425610282,0
smt_6984,11.578376212260345,286.65,4.039203283537535,2.3883895634859678,0
smt_5854,11.577489263549626,286.65,4.038893864835035,2.388187685445419,0
smt_5855,11.576824667707864,286.65,4.038662015596674,2.3880366811704343,0
rbt_638617,2.5018692301567818,61.95,4.0385298307615525,1.8997957390299558,0
smt_5657,11.57627990383876,286.65,4.038471970639721,2.387913073201856,0
smt_21743,11.575705536788725,286.65,4.038271598391322,2.387782913360422,0
smt_22741,11.575116967221874,286.65,4.038066271488531,2.3876497110693418,0
smt_6098,11.574649330023066,286.65,4.037903132748323,2.3875440048654046,0
smt_19120,11.574106993835697,286.65,4.037713934706331,2.3874215546533315,0
smt_22740,11.573570169297712,286.65,4.037526659444519,2.3873004984614776,0
smt_22738,11.559129647014135,286.65,4.0324889750616215,2.3817631286836374,0
smt_6754,11.55864059931747,286.65,4.032318367108834,2.3816516207005685,0
smt_6567,11.558143422025585,286.65,4.032144923085848,2.3815383843491307,0
smt_6746,11.557649152743645,286.65,4.03197249354392,2.3814259357268677,0
smt_6812,11.557163376766363,286.65,4.03180302695495,2.3813155413260234,0
rbt_605828,3.63960406902148,90.3,4.030569290167752,1.8968247237056814,0
rbt_1607292,3.5699745476418223,90.3,3.953460185649859,1.858864612530314,0
sbt_4118,11.21633835911646,286.65,3.912903666184009,1.4247577719732636,0
rbt_1626490,3.531321182298356,90.3,3.910654686930627,2.961904644958923,0
rbt_1635060,2.4226179669598102,61.95,3.9106020451328654,1.8389074019562497,0
sbt_37156,6.382955656896539,163.8,3.896798325333662,1.830936301537097,0
rbt_605867,3.511318836858222,90.3,3.888503695302572,1.8285069241733354,0
sbt_4615,6.297183393521686,163.8,3.844434306179295,1.8099094497732644,0
sbt_3373,6.297182193651914,163.8,3.844433573658067,1.8099086546436352,0
sbt_20793,6.297181092011656,163.8,3.844432901106017,1.8099079307798271,0
sbt_4010,6.2971793837272525,163.8,3.8444318581973453,1.8099068194010852,0
sbt_28804,6.297177831942422,163.8,3.8444309108317594,1.8099058209199559,0
rbt_605812,3.429058711546298,90.3,3.7974072110147263,1.7871994778331732,0
rbt_632613,3.425895727836435,90.3,3.7939044605054653,1.784503070599044,0
rbt_622713,3.408501852894428,90.3,3.7746421405253914,1.7737408142929347,0
rbt_606120,2.3273917866444624,61.95,3.756887468352643,1.7646897678395181,0
sbt_26269,8.060102206147228,216.3,3.7263533084360736,1.7522722799360346,0
rbt_1132019,3.3189159227536877,90.3,3.6754329155633307,1.7281720935204874,0
rbt_605863,3.3028222749015574,90.3,3.6576104926927546,1.72027343676233,0
rbt_634166,2.7755394007857648,76.65,3.6210559697139786,1.7016094346896111,0
rbt_1138614,2.2283927413690843,61.95,3.5970827140743893,1.691332769238442,0
smt_7052,5.857594319946635,163.8,3.576064908392329,1.9364210033536022,0
rbt_605803,3.2076089505595586,90.3,3.5521693804646275,1.6698443858450025,0
rbt_605834,3.184750357574719,90.3,3.526855324003011,1.6604060673789773,0
smt_29484,5.761309551211386,163.8,3.517282998297549,1.7426070075764741,0
smt_22951,5.7612960842032965,163.8,3.517274776680889,1.7425987295688306,0
rbt_605904,2.1787020334933342,61.95,3.516871724767287,1.651331671910877,0
smt_19381,5.7599618208228565,163.8,3.5164602080725618,1.7417797369232126,0
smt_18804,5.759267189045086,163.8,3.51603613494816,1.7413542755467468,0
smt_19380,5.758471155443963,163.8,3.515550155948695,1.7408674800962534,0
smt_5349,5.757833368056487,163.8,3.5151607863592713,1.7404780554735362,0
smt_18803,5.75718557146923,163.8,3.514765306147271,1.7400830671387986,0
smt_13454,5.756524110237254,163.8,3.514361483661327,1.7396803185206278,0
smt_19377,5.755737823121548,163.8,3.5138814548971595,1.7392023206342995,0
smt_37837,7.599429677497637,216.3,3.513374793110327,2.0241611559859827,0
smt_29411,5.754749303915359,163.8,3.5132779633182896,1.7386025500197837,0
smt_37841,7.5990822088258065,216.3,3.5132141510983845,2.0241061841952797,0
smt_8954,5.75414195108129,163.8,3.5129071740423012,1.7382346949297165,0
smt_5584,5.75343395769482,163.8,3.5124749436476312,1.73780651015275,0
rbt_605810,2.6873961065191234,76.65,3.506061456645954,1.6478701463107743,0
rbt_605864,3.1578871634764623,90.3,3.497106493329415,1.6448018568605853,0
rbt_609682,2.6621631076247065,76.65,3.473141692921991,1.6339362709455572,0
rbt_622703,2.1361760134626255,61.95,3.4482260104320024,2.6121079725684595,0
rbt_605835,3.1124338776588334,90.3,3.4467706286365822,1.6226864485214518,0
sbt_14006,5.634778319135343,163.8,3.4400356038677304,1.6177102677474913,0
sbt_27416,7.336667555319144,216.3,3.391894385260815,1.5951391898541762,0
sbt_15213,7.336667504611088,216.3,3.391894361817424,1.5951391789039064,0
rbt_606128,2.5858287145713583,76.65,3.3735534436677863,1.5854237577871333,0
sbt_37537,7.277512160568215,216.3,3.364545612837825,1.3106752265158494,0
sbt_37545,7.277503516125445,216.3,3.3645416163316892,1.3106758161199557,0
sbt_37546,7.277486798338441,216.3,3.364533887350181,1.3106747299491397,0
sbt_37539,7.2697052164098155,216.3,3.3609362997733774,1.8288502412743923,0
sbt_37538,7.269699688083514,216.3,3.360933743912859,1.8288507649260195,0
rbt_1607257,3.0188558786147204,90.3,3.343140507878982,1.5714977763398454,0
rbt_607385,3.0129183500029546,90.3,3.3365651716533273,1.5693384538486772,0
rbt_3405845,3.003207588094887,90.3,3.3258112824971064,1.5655737369573661,0
rbt_633056,2.999237051184879,90.3,3.3214142316554582,1.5616126451077312,0
rbt_606141,2.9959600893340177,90.3,3.3177852595061106,1.561853999330263,0
rbt_623015,2.9879880624341935,90.3,3.308956879772086,2.5063167498295296,0
sbt_34389,4.219884091495113,128.1,3.2942108442584805,2.534877311562689,0
smt_25186,5.382862386460212,163.8,3.286240773174732,1.7951638842521689,0
smt_37855,7.048558298142887,216.3,3.258695468397081,1.750272172536253,0
smt_37854,7.048197634028859,216.3,3.258528725857077,1.7502579388122388,0
smt_37853,7.047865748539975,216.3,3.2583752882755315,1.7502489794374663,0
smt_37852,7.0475250973768935,216.3,3.258217798140034,1.7502368444410379,0
smt_37851,7.047204250651098,216.3,3.2580694640088295,1.75022916826722,0
smt_37850,7.046870531126048,216.3,3.257915178514123,1.7502197873683365,0
smt_37849,7.046538181311927,216.3,3.2577615262653383,1.7502121955045338,0
smt_37848,7.046193967787881,216.3,3.257602389176089,1.7502030678549518,0
smt_37847,7.045851056893407,216.3,3.2574438543196518,1.7501827362737197,0
smt_37846,7.045610047340521,216.3,3.2573324305781415,1.7501868560033504,0
smt_37845,7.045281086468692,216.3,3.2571803451080408,1.7501814678673393,0
smt_38000,7.044930453943591,216.3,3.257018240380763,1.7501671124547513,0
smt_38002,7.0446335148742305,216.3,3.2568809592576193,1.7501266304424565,0
smt_38001,7.044625814885877,216.3,3.2568773993924536,1.7501270709899523,0
smt_37843,7.044614124649837,216.3,3.2568719947525833,1.7501630843783387,0
smt_37842,7.044290744786393,216.3,3.256722489499025,1.7501377699120375,0
smt_37838,7.0441236217168335,216.3,3.2566452250193403,1.7501460892666172,0
rbt_605982,2.9272571815971316,90.3,3.2417023052016964,1.525186052673047,0
rbt_1606000,2.925965208484799,90.3,3.240271548709633,1.5234164897037765,0
rbt_1629639,2.913126678073127,90.3,3.2260539070577265,1.515711038096857,0
sbt_3952,5.267200995766922,163.8,3.215629423545129,1.5133113108344032,0
sbt_4120,5.267199579555624,163.8,3.2156285589472673,1.5133103930196619,0
sbt_20855,5.267198198816737,163.8,3.2156277160053337,1.513309505180269,0
sbt_20854,5.267196887331428,163.8,3.215626915342752,1.513308668003404,0
rbt_635963,1.9909132420776627,61.95,3.2137421179623287,1.5095364582670516,0
rbt_626481,2.863468496187061,90.3,3.171061457571496,1.4905626518497055,0
rbt_1607306,2.4146909229276483,76.65,3.150281699840376,1.4812619347174427,0
rbt_605901,2.8355551263872525,90.3,3.140149641624865,1.475513030686823,0
rbt_605820,2.40299835139555,76.65,3.1350272033862363,1.4745338846403915,0
rbt_3405847,2.8294623922382303,90.3,3.13340242772783,1.4748832924502355,0
sbt_34000,6.735971785567965,216.3,3.1141802059953605,1.4637889115650127,0
rbt_1607289,2.3869272675620246,76.65,3.114060362116144,1.4633988059752518,0
sbt_20828,5.054198266048849,163.8,3.085591127013949,1.4503100828168336,0
rbt_1609690,2.7446433600997677,90.3,3.0394721595789234,1.4281636776066273,0
smt_15243,4.9550214943608575,163.8,3.0250436473509508,1.7734891147178298,0
smt_26472,4.95458608620963,163.8,3.024777830408809,1.7734254763508799,0
smt_14780,4.954092701482036,163.8,3.0244766187314016,1.7733499526381014,0
smt_14754,4.953600492277514,163.8,3.0241761247115466,1.773275338932444,0
smt_14729,4.953110856341285,163.8,3.023877201673556,1.7780134458509942,0
smt_21229,4.952613922965353,163.8,3.023573823544172,1.7779390665521595,0
smt_26474,4.952145758220785,163.8,3.0232880086817975,1.7778678613556302,0
smt_22453,4.95173292536448,163.8,3.023035973970989,1.7778143960950634,0
smt_14544,4.951237149269727,163.8,3.0227333023624703,1.7777443580505459,0
smt_14113,4.950742117472394,163.8,3.022431085147981,1.7776786233169826,0
smt_22508,4.950199156636933,163.8,3.0220996072264548,1.77759944789502,0
smt_14452,4.949720597304301,163.8,3.021807446461722,1.7775289792058009,0
smt_6512,8.661533347056551,286.65,3.021640797856812,1.8036879128844303,0
smt_30311,4.94931909895854,163.8,3.02156233147652,1.7774816707388865,0
smt_6425,8.661146506832967,286.65,3.0215058457467183,1.803611472763415,0
smt_6930,8.660553926409918,286.65,3.0212991196266943,1.8034934990041762,0
smt_26478,4.94882407643076,163.8,3.021260119921098,1.7774096551263547,0
sbt_34382,3.864348588501318,128.1,3.016665564794159,1.417642945303764,0
rbt_1625170,2.7223176906106494,90.3,3.0147482731014947,1.4166501731086845,0
smt_37856,6.5050836666015135,216.3,3.00743581442511,1.64493345589037,0
rbt_605821,3.8491976647769457,128.1,3.004838145805578,1.4118236292360862,0
sbt_35105,3.840605303616573,128.1,2.998130603916138,1.409218716511675,0
rbt_605988,2.687096816201584,90.3,2.9757439825045227,1.4004802327666417,0
smt_22686,8.473568307233826,286.65,2.956067785534215,1.8504388688071718,0
smt_6239,8.473113511638575,286.65,2.9559091266836126,1.8503454905522672,0
smt_23961,8.472669599808937,286.65,2.9557542647161825,1.850254534404027,0
smt_29407,8.472218048986422,286.65,2.9555967378288583,1.8501620529756162,0
smt_6278,8.471813632583714,286.65,2.9554556541370016,1.8500795939506072,0
smt_6630,8.47134212374277,286.65,2.9552911647454287,1.8499834521369831,0
smt_19070,8.470868385305975,286.65,2.955125897542639,1.849887022454466,0
smt_6639,8.470394943512655,286.65,2.954960733826149,1.8497907417690378,0
smt_19117,8.469953026432753,286.65,2.9548065677421085,1.8497010223534678,0
smt_21514,8.465414219790791,286.65,2.953223171041616,1.844274822063767,0
smt_5615,8.464956412393084,286.65,2.9530634615011633,1.8441789687880286,0
smt_18742,8.464599889087042,286.65,2.9529390856748794,1.8441045844569095,0
smt_6270,8.464039969425956,286.65,2.9527437535063514,1.8439876998447742,0
smt_5967,8.463604488355456,286.65,2.9525918326724074,1.8438970792835692,0
smt_5772,8.463090790084834,286.65,2.9524126251822205,1.8437902935471129,0
smt_6158,8.462582748704058,286.65,2.9522353911404355,1.8436848124306817,0
smt_6263,8.46214277772282,286.65,2.9520819039674935,1.8435938018431435,0
smt_6384,8.461597160290324,286.65,2.9518915612385577,1.8434809866516388,0
smt_22684,8.461063310047841,286.65,2.9517053235820137,1.843370698351204,0
smt_22685,8.46062774332163,286.65,2.9515533728664334,1.8432810110235005,0
smt_29447,8.460171095151647,286.65,2.951394067731257,1.843187160174792,0
smt_19065,8.459681908826648,286.65,2.9512234114169362,1.8430868657358577,0
smt_24385,8.45912917934835,286.65,2.9510305875975407,1.8429736324328998,0
smt_29448,8.457442242871391,286.65,2.950442087169507,1.8305968158560588,0
smt_6824,8.456995921421393,286.65,2.9502863845879626,1.8305009420508018,0
smt_6855,8.456517357248662,286.65,2.950119433891039,1.830398306426768,0
smt_19062,8.455958497591736,286.65,2.949924471512903,1.8302786657036172,0
smt_7054,8.455514299217576,286.65,2.9497695095822696,1.830183737628435,0
smt_6446,8.455060456505345,286.65,2.9496111831520477,1.8300869006382294,0
smt_39006,8.454595476051821,286.65,2.9494489712373353,1.8299878469215658,0
smt_39008,8.454175322010927,286.65,2.9493023973524957,1.8298984815246966,0
smt_39007,8.45415761299238,286.65,2.9492962194287045,1.82989471778025,0
smt_6122,8.45375440393711,286.65,2.949155556929046,1.8298090866982504,0
smt_18741,8.453245589056314,286.65,2.948978053045985,1.8297012115785343,0
smt_5938,8.452774194894944,286.65,2.94881360366124,1.82960149375216,0
smt_5946,8.452229867552397,286.65,2.9486237109898474,1.829486542796051,0
smt_856,4.829730703537475,163.8,2.9485535430631713,1.7365393989494244,0
smt_15622,4.829186819221133,163.8,2.9482215013560027,1.7364442179683024,0
smt_23196,4.828884589060644,163.8,2.948036989658513,1.7364025070512046,0
smt_15581,4.8285606160184775,163.8,2.947839203918484,1.7363584406977608,0
smt_15568,4.828209967057562,163.8,2.947625132513774,1.7363083824751542,0
rbt_605804,1.8217374484885813,61.95,2.9406577053891545,1.3819938133801,0
sbt_6048,4.76240880693241,163.8,2.9074534840857207,1.3682459258263944,0
rbt_605829,2.619128542909362,90.3,2.9004745768652955,1.3635747786396262,0
sbt_15045,6.258701907329515,216.3,2.8935283898888184,1.3610584436711655,0
smt_23147,4.720448684040688,163.8,2.8818368034436435,1.7086960215299662,0
smt_16038,4.720138490753684,163.8,2.8816474302525545,1.7086953820698783,0
smt_37925,6.219443639700272,216.3,2.8753784742026225,1.5802658555190376,0
smt_37924,6.219281913278082,216.3,2.8753037047055394,1.5802879742909217,0
smt_37923,6.21893585849838,216.3,2.875143716365409,1.5802848974453438,0
smt_37864,6.218594790484722,216.3,2.8749860335111976,1.5802597238379874,0
smt_37863,6.218433227560995,216.3,2.874911339602864,1.580258742807317,0
smt_37862,6.218271849887254,216.3,2.8748367313394607,1.5802714232795012,0
smt_37861,6.218005325189403,216.3,2.8747135114144258,1.5802774335724095,0
smt_37860,6.217682718250076,216.3,2.874564363499804,1.5802784641080854,0
smt_37859,6.217342591057807,216.3,2.8744071156069375,1.5802660619293334,0
smt_37858,6.217089205858994,216.3,2.8742899703462754,1.5802782078399542,0
smt_37831,6.216738901887206,216.3,2.8741280175160453,1.58025339260675,0
rbt_1607316,2.590113117834508,90.3,2.868342323183287,2.1735180596302794,0
rbt_1107342,1.776684699570756,61.95,2.8679333326404453,1.3484795451961504,0
smt_37898,6.20090131828277,216.3,2.866805972391479,1.5722943506040952,0
smt_37897,6.200514300542859,216.3,2.866627046020739,1.572272244954772,0
smt_37896,6.200178080509235,216.3,2.8664716044887815,1.572260041927015,0
smt_37895,6.199817492002361,216.3,2.8663048969035416,1.5722441018173001,0
smt_37894,6.199462721901152,216.3,2.866140879288558,1.5722273534602633,0
smt_37893,6.199127220313945,216.3,2.865985769909359,1.5722150783139426,0
smt_37892,6.198777059866872,216.3,2.8658238834335976,1.5721997536495158,0
smt_37891,6.198439369145901,216.3,2.865667761972215,1.5721886395065585,0
smt_37890,6.198080331853394,216.3,2.8655017715457207,1.5721877742982775,0
smt_37889,6.197595283369582,216.3,2.8652775235180683,1.572144698861105,0
smt_37888,6.197351566600027,216.3,2.865164848173845,1.5721346404612697,0
smt_37887,6.197118266427306,216.3,2.8650569886395307,1.57213949990001,0
smt_37886,6.196757281615394,216.3,2.864890097834209,1.572125353863086,0
smt_37885,6.196409519949853,216.3,2.8647293203651656,1.5721137224376742,0
smt_37884,6.196058259569636,216.3,2.8645669253673764,1.5721020175911715,0
smt_37883,6.195705874568468,216.3,2.8644040104338733,1.572091582419208,0
smt_37882,6.195342959334629,216.3,2.8642362271542434,1.572078694825939,0
smt_37881,6.194992112051889,216.3,2.8640740231400317,1.5720683493237602,0
smt_37880,6.194636089071287,216.3,2.863909426292782,1.5720552593163746,0
smt_37879,6.194301449211586,216.3,2.8637547153081764,1.572049174612965,0
smt_37878,6.193932532298625,216.3,2.8635841573271494,1.5720362396673746,0
smt_37877,6.193585563804056,216.3,2.8634237465575847,1.572028048924335,0
smt_37876,6.193225927049506,216.3,2.863257478987289,1.5720185992004276,0
smt_37875,6.192864698805841,216.3,2.8630904756383915,1.572009410878741,0
smt_37874,6.192502089854543,216.3,2.8629228339595665,1.5719991809719203,0
smt_37873,6.192149952868337,216.3,2.8627600336885513,1.57198782231979,0
smt_37945,6.191823101741237,216.3,2.8626089235974277,1.571969472277371,0
smt_37944,6.191590126283605,216.3,2.86250121418567,1.5719687297439853,0
smt_37943,6.191317368946965,216.3,2.8623751127817685,1.571968247204616,0
smt_37942,6.190996620014821,216.3,2.8622268238626076,1.5719611147159418,0
smt_37941,6.190678616562881,216.3,2.862079804236191,1.5719542623984886,0
smt_37940,6.190363599085145,216.3,2.8619341650879075,1.5719488420924357,0
smt_37939,6.190041982537585,216.3,2.8617854750520504,1.5719435748097927,0
smt_37938,6.189713619550775,216.3,2.86163366599666,1.5719381061260085,0
smt_37937,6.189381468838794,216.3,2.8614801057969452,1.5719317127859034,0
smt_37936,6.18905505531345,216.3,2.8613291980182383,1.571926384061129,0
smt_37935,6.1887285309236075,216.3,2.861178238984562,1.5719175417393891,0
smt_37934,6.188433211086094,216.3,2.8610417064660627,1.5719164884133099,0
smt_37933,6.188110517297476,216.3,2.860892518399203,1.5719121965914467,0
smt_37932,6.187786039752737,216.3,2.8607425056646956,1.5719079392324398,0
smt_13546,4.666693793367116,163.8,2.849019409870034,1.691063765259534,0
smt_21225,4.666403156449674,163.8,2.848841975854502,1.6910304133668899,0
smt_13930,4.665880389165176,163.8,2.848522826108166,1.6909451087548595,0
smt_21226,4.665361545780015,163.8,2.848206071904771,1.69085384867071,0
smt_13280,4.664964692138787,163.8,2.8479637925145216,1.6907894895943443,0
smt_14437,4.664586972283499,163.8,2.84773319431227,1.6907302145817802,0
smt_13955,4.664206210320368,163.8,2.8475007389013234,1.6906711797202334,0
smt_26469,4.663820544489859,163.8,2.8472652896763484,1.6906083144740738,0
smt_20808,4.663483558540236,163.8,2.847059559548373,1.6905578624412874,0
smt_23095,4.663130754840294,163.8,2.846844172674172,1.6904921525212773,0
smt_20807,4.662952865973155,163.8,2.8467355714121823,1.6904792179130086,0
smt_13717,4.662577880981877,163.8,2.846506642846079,1.6904177934744027,0
smt_37986,6.12139480965978,216.3,2.8300484556910677,1.5932877758292463,0
smt_37987,6.121144963787342,216.3,2.8299329467347856,1.5932703810782496,0
smt_37993,6.120825787052825,216.3,2.8297853846753696,1.5932329904232263,0
smt_37920,6.120666220532586,216.3,2.829711613745994,1.5932335241566984,0
smt_37919,6.120278933000344,216.3,2.8295325626446344,1.5932002064974284,0
smt_37918,6.119898799511729,216.3,2.8293568190068097,1.5931672048045853,0
smt_37917,6.119535195723649,216.3,2.829188717394197,1.5931376335711744,0
smt_37916,6.119160601789294,216.3,2.82901553480781,1.593106413940985,0
smt_37915,6.118791139716651,216.3,2.8288447247880955,1.5930700476051118,0
smt_37914,6.118516704626752,216.3,2.8287178477238797,1.593053357373084,0
smt_37913,6.118157439444612,216.3,2.8285517519392567,1.5930257560850738,0
smt_37912,6.1177794177295555,216.3,2.8283769846183797,1.5929949239456567,0
smt_40685,6.117413342388916,216.3,2.8282077403554857,1.5929647366606465,0
smt_37911,6.1170666229175525,216.3,2.828047444714541,1.592915778996401,0
smt_37910,6.1170463004374955,216.3,2.8280380492082733,1.5929379619223332,0
smt_37909,6.11667423597271,216.3,2.82786603604841,1.592908796873744,0
smt_37908,6.116309544143099,216.3,2.827697431411511,1.592882140299408,0
smt_40683,6.115928244277685,216.3,2.8275211485333727,1.592851526663173,0
smt_37906,6.115573862029718,216.3,2.82735731023103,1.5928259811243743,0
smt_37905,6.115206696576533,216.3,2.8271875619863764,1.5927970981040585,0
smt_37904,6.114864916986349,216.3,2.827029550155501,1.5927722049648623,0
smt_37903,6.114522151877375,216.3,2.82687108269874,1.5927414867856722,0
smt_14797,4.629083134260711,163.8,2.826058079524243,1.6734879406266014,0
smt_23041,4.628701114999379,163.8,2.8258248565319772,1.6734251337075206,0
smt_14823,4.628314060729015,163.8,2.825588559663623,1.673362068264657,0
smt_13752,4.627921489213743,163.8,2.8253488945138847,1.6732739580094886,0
sbt_22669,6.10465513482234,216.3,2.8223093549802774,1.326883085017257,0
rbt_3405987,1.7479328223126176,61.95,2.8215219084949434,1.3282931988479032,0
smt_23225,4.616274559350677,163.8,2.8182384367220243,1.6667491865841197,0
smt_21220,4.6158407215040915,163.8,2.817973578451826,1.6666738203778975,0
smt_14845,4.615387597205254,163.8,2.8176969457907535,1.6665957002737972,0
smt_26425,4.614918603826655,163.8,2.8174106250467976,1.6665146018163641,0
smt_20810,4.614452694034107,163.8,2.8171261868340087,1.6664307039000459,0
smt_26429,4.614060436755504,163.8,2.8168867135259483,1.6663641884666995,0
smt_26430,4.613671477386623,163.8,2.8166492535937864,1.6662988765655864,0
rbt_1132012,2.537529732268912,90.3,2.8101104454805226,1.3207351185308644,0
smt_21222,4.601518966985683,163.8,2.8092301385748977,1.6604830121167093,0
smt_14301,4.601200718471754,163.8,2.809035847662853,1.6604274207166572,0
smt_23277,4.600798719628782,163.8,2.8087904271237982,1.6603512827850013,0
smt_26427,4.600420678782401,163.8,2.8085596329562885,1.6602824475622115,0
smt_20812,4.600022342828547,163.8,2.8083164486132763,1.660209469888417,0
smt_15154,4.599623219650992,163.8,2.8080727836697137,1.6601357104883485,0
smt_14674,4.599246902971604,163.8,2.8078430421072063,1.6600719263768198,0
rbt_1607268,2.1515025764076054,76.65,2.806917907902942,1.3190858197914392,0
smt_37963,6.06897891225157,216.3,2.8058154934126533,1.5703606223909896,0
smt_37983,6.068503725279834,216.3,2.8055958045676532,1.5703160719999565,0
smt_37984,6.068020827692713,216.3,2.805372550944389,1.5702703799632423,0
smt_37985,6.067545838724562,216.3,2.8051529536405737,1.5702258972721586,0
smt_37947,6.067078649390867,216.3,2.804936962270396,1.5701806938031568,0
smt_37948,6.066651358018154,216.3,2.8047394165594794,1.5701425764035013,0
sbt_35588,6.055833513099994,216.3,2.7997381012944955,1.3157670246930684,0
rbt_605823,2.5259582400325953,90.3,2.7972959468799505,1.315463875140228,0
sbt_21281,4.534394575906188,163.8,2.7682506568413845,1.3006618874146418,0
rbt_605989,2.4680802640062973,90.3,2.7332007353336625,1.284580263659864,0
rbt_1121173,2.4636950335918573,90.3,2.728344444730739,1.283325926741689,0
rbt_605807,2.4573055838743767,90.3,2.7212686421643153,1.2802966893199055,0
smt_29426,5.8583163528813715,216.3,2.7084217997602273,1.4667415549502412,0
rbt_606130,2.0699549278475926,76.65,2.7005282816015557,1.2689390173292208,0
sbt_3491,4.416398676538108,163.8,2.696214088240603,1.2673953235435473,0
rbt_637399,1.6604793971344882,61.95,2.6803541519523617,1.2595439654740177,0
sbt_21191,4.381019889193664,163.8,2.6746153169680484,1.2575196116151943,0
sbt_26310,4.323018042729909,163.8,2.6392051542917634,1.2410304059657629,0
rbt_637705,2.3693836313656624,90.3,2.6239021388324058,1.9876289096161985,0
rbt_1105833,2.3620818363590086,90.3,2.6158159871085367,1.2296133427991616,0
rbt_1607276,2.352629971907462,90.3,2.6053488060990717,1.2242163565639468,0
smt_37960,5.621400027088285,216.3,2.5988904424818697,1.4917503890956123,0
smt_37962,5.62099064714404,216.3,2.5987011775977993,1.4917124787871903,0
smt_37981,5.602734259743163,216.3,2.590260869044458,1.467626730049058,0
smt_37951,5.602351141480976,216.3,2.590083745483576,1.4675878663218906,0
smt_37952,5.601967409880355,216.3,2.589906338363548,1.4675538514364377,0
smt_37953,5.60149510269309,216.3,2.589687980902954,1.4675059264906036,0
smt_37954,5.601040174011545,216.3,2.5894776578879077,1.4695455024614923,0
smt_37955,5.60054656955362,216.3,2.5892494542550253,1.4694951187075702,0
smt_37956,5.600149742976353,216.3,2.589065993054255,1.46946418901544,0
smt_37957,5.599680448780695,216.3,2.588849028562503,1.4694226832766903,0
smt_37958,5.599213893713979,216.3,2.5886333304271747,1.4693826600202062,0
smt_37959,5.59873850979872,216.3,2.588413550531077,1.4693412616135795,0
rbt_1607319,2.315685624914961,90.3,2.5644359079899903,1.8216205473139657,0
rbt_622709,2.3129275481440947,90.3,2.561381559406528,1.2042233111633234,0
rbt_1607328,2.3106576733534108,90.3,2.558867855319392,1.2032400740771587,0
rbt_607366,2.309543239661473,90.3,2.557633709481144,1.2019316913886948,0
smt_37979,5.482186887538367,216.3,2.5345293053806595,1.4558106464200078,0
smt_37980,5.481779952391135,216.3,2.5343411707772234,1.4557514750177092,0
sbt_21953,4.1200752157647464,163.8,2.515308434532812,1.1837826947836776,0
sbt_21849,4.120075149396301,163.8,2.5153083940148355,1.1837826754947482,0
sbt_21968,4.120075068984609,163.8,2.5153083449234486,1.1837826521725905,0
smt_6074,7.176799863901611,286.65,2.5036803990586467,1.4815547371149205,0
smt_6082,7.176330517406575,286.65,2.5035166640176434,1.481473935364879,0
smt_6649,7.175867968149553,286.65,2.5033553002440443,1.4813944705185607,0
smt_29408,7.1754157231373314,286.65,2.5031975311834405,1.4813171916527252,0
smt_6422,7.17496251976738,286.65,2.5030394277925625,1.4812399970593606,0
smt_22683,7.174506990899562,286.65,2.502880513134332,1.4811625626263354,0
smt_22793,7.155835353569831,286.65,2.4963667725692766,1.4678144214173185,0
smt_22790,7.155360821289241,286.65,2.496201228428132,1.46772879497383,0
smt_29449,7.154923498603821,286.65,2.496048665133027,1.4683960386185655,0
smt_6370,7.154902736023428,286.65,2.4960414219513094,1.4676465946713542,0
smt_6401,7.15446620636267,286.65,2.495889135308799,1.4683159657457654,0
smt_29409,7.15444227012064,286.65,2.4958807849714426,1.467564454314031,0
smt_21348,7.154006324433133,286.65,2.495728702052375,1.468242971710547,0
smt_5650,7.153959859011333,286.65,2.4957124922418745,1.4674782506131516,0
smt_6094,7.153483607647325,286.65,2.4955463483856013,1.4673919309470191,0
smt_29477,7.1531179061348755,286.65,2.495418770673252,1.4673281193708565,0
smt_29450,7.152670982289967,286.65,2.4952628579417295,1.467249584704807,0
smt_6231,7.152179625501302,286.65,2.495091444444899,1.4671623444786386,0
smt_6340,7.151719165920999,286.65,2.494930809670678,1.4670814478418015,0
smt_25183,5.38223098222285,216.3,2.488317606205663,1.359152988408508,0
smt_25117,5.381586275063839,216.3,2.4880195446434756,1.358855632717894,0
smt_25116,5.380923576827345,216.3,2.4877131654310425,1.3585502879422844,0
smt_25115,5.38040510205799,216.3,2.487473463734623,1.3583116145787948,0
smt_25114,5.37995007902909,216.3,2.4872630971008274,1.3581023093591342,0
smt_25113,5.379419086866424,216.3,2.487017608352484,1.3578582475357128,0
smt_25112,5.378858211445727,216.3,2.4867583039508676,1.3576006711968454,0
smt_25111,5.378490766064083,216.3,2.486588426289451,1.357432049034724,0
smt_25110,5.378225370841549,216.3,2.486465728544405,1.3573103188747464,0
smt_25109,5.377525404737753,216.3,2.486142119619858,1.3569895074659841,0
smt_25108,5.3769925068423685,216.3,2.4858957498115433,1.3567455067100997,0
smt_25107,5.37627464905929,216.3,2.48556386919061,1.3564171454688794,0
smt_25106,5.375647912670344,216.3,2.4852741158901264,1.3561307738626123,0
smt_25105,5.375006811249355,216.3,2.4849777213358086,1.3558381375502415,0
smt_29427,5.374365427110658,216.3,2.4846811960752,1.3555456758368551,0
smt_6407,5.373095979472243,216.3,2.4840943039631265,1.3549677260131203,0
smt_22794,5.3724641860568685,216.3,2.4838022126938823,1.354680532716529,0
smt_6477,5.371766952246581,216.3,2.4834798669655944,1.3543639390603677,0
smt_6641,5.370861194533231,216.3,2.4830611162890572,1.3539532062543975,0
smt_6157,5.370225244375726,216.3,2.482767103271256,1.3536651925704126,0
smt_6694,5.369507032683433,216.3,2.4824350590307134,1.3533402920720692,0
smt_6581,7.0877790346140666,286.65,2.4726248158430377,1.4413801718352222,0
smt_6701,7.0873156664426755,286.65,2.4724631663850256,1.4413015094759594,0
smt_21959,7.086806815901424,286.65,2.472285650061547,1.4412134516449215,0
rbt_1633892,2.232295003230365,90.3,2.4720874897346237,1.161906230809002,0
sbt_21137,4.047496728749357,163.8,2.470999223900706,1.162152169774737,0
smt_19219,7.0775467466955515,286.65,2.4690552055452826,1.4306099197555582,0
smt_5952,7.0770567319296696,286.65,2.4688842602231538,1.430518150325591,0
smt_29478,7.076545727162453,286.65,2.4687059923818087,1.4304219309439923,0
smt_22841,7.076095477188216,286.65,2.4685489193051513,1.4303382325097693,0
smt_6660,7.075609116136543,286.65,2.468379248608597,1.430247491593277,0
rbt_1134165,2.226584165430663,90.3,2.465763195382794,1.1603038922502444,0
rbt_1131858,2.225299660265539,90.3,2.4643407090426788,1.1592961747484045,0
smt_22845,7.03615618940478,286.65,2.454615799548153,1.407249533344549,0
smt_18913,7.035588215126047,286.65,2.454417657465916,1.4071422169885048,0
smt_5786,7.035037735552831,286.65,2.4542256185427638,1.4070380133199383,0
smt_29479,7.034563835443935,286.65,2.4540602949394508,1.4069492151515053,0
smt_19224,7.034076809746353,286.65,2.453890392376192,1.4068583109477721,0
rbt_1607353,2.2061197549977107,90.3,2.443100503873434,1.1482449464140954,0
sbt_34390,3.9873623037888106,163.8,2.4342871207501897,1.8440296113430106,0
smt_37973,5.100639430422238,216.3,2.358131960435616,1.3813492849525926,0
smt_37991,5.100463090884807,216.3,2.358050434990664,1.3813354907207416,0
smt_37974,5.100214546029427,216.3,2.357935527521695,1.381320272503246,0
smt_37990,5.0997908407397565,216.3,2.3577396397317414,1.381276704542185,0
smt_37975,5.0993990056767275,216.3,2.357558486212079,1.3812402306519653,0
smt_37976,5.098975008645046,216.3,2.3573624635437103,1.381198940839529,0
smt_37977,5.098556901334862,216.3,2.357169163816395,1.38115784083719,0
smt_37978,5.098159027969347,216.3,2.3569852186635907,1.3811227589780826,0
smt_37970,5.055602922952527,216.3,2.337310643990997,1.3708514796226288,0
smt_37971,5.055046017674075,216.3,2.3370531750689203,1.3707818120439133,0
smt_37972,5.05475814885878,216.3,2.3369200873133518,1.3707607634711438,0
smt_37989,5.0543472806441425,216.3,2.336730134370847,1.370755891108271,0
sbt_20633,3.8179080265109118,163.8,2.3308351810200927,1.5383104846943076,0
sbt_4619,4.991463739237063,216.3,2.3076577620143612,1.084710032960449,0
smt_37964,4.948416299786119,216.3,2.2877560331882196,1.3459478961872158,0
smt_37965,4.946962577546086,216.3,2.2870839470855686,1.34580564172341,0
smt_37994,4.946772797660964,216.3,2.2869962078876394,1.34577688632709,0
smt_37995,4.946768308264915,216.3,2.286994132346239,1.3457765883085522,0
smt_37996,4.946762902931627,216.3,2.286991633347955,1.345794722324528,0
smt_37966,4.946434132761984,216.3,2.2868396360434504,1.3457680988468448,0
smt_37967,4.946032214234415,216.3,2.2866538207278846,1.3457313749766595,0
smt_37968,4.945620109057399,216.3,2.2864632959118807,1.3456931149981262,0
smt_37969,4.945215649166738,216.3,2.286276305671169,1.3456508295361054,0
rbt_606110,1.3873091652240477,61.95,2.239401396648987,1.0521627725609364,0
rbt_1607284,2.014618249331269,90.3,2.231027961607164,1.0488484849682307,0
rbt_1607302,1.365522311901621,61.95,2.2042329489937385,1.0356073798378915,0
rbt_607382,1.9695707945296932,90.3,2.181141522181277,1.0254534844141474,0
rbt_1607273,1.6707568047811023,76.65,2.179721858814223,1.0242326615270787,0
sbt_26614,3.5313209054981654,162.75,2.169782430413619,1.6433791789921852,0
sbt_26512,3.531319317918083,162.75,2.1697814549419863,1.6433781914239607,0
sbt_16246,3.531318739182928,162.75,2.1697810993443487,1.643377832011522,0
sbt_5828,3.5313159991525658,163.8,2.1558705733532144,1.6328416715290148,0
sbt_3790,3.506204966047577,163.8,2.140540272312318,1.0056177103711497,0
rbt_1137150,1.318143747160831,61.95,2.1277542327051346,1.0002824920169673,0
rbt_3405843,1.9159298670066713,90.3,2.1217385016685175,0.997728951654739,0
rbt_1607288,1.6104236464583708,76.65,2.1010093234942864,0.9875080774949819,0
rbt_605817,1.6020574048897496,76.65,2.0900944616956942,0.9824381669578218,0
smt_13591,3.4035837943489238,163.8,2.077889984340002,1.0304556170632913,0
sbt_30492,2.585826350862015,124.95,2.0694888762401082,0.9725689532954602,0
rbt_607387,1.859233879269648,90.3,2.058952247253209,0.9675990414032013,0
sbt_21147,2.6342923309559203,128.1,2.056434294266917,0.966343550836472,0
sbt_17923,2.6342868502160797,128.1,2.056430015781483,0.9663392325566393,0
rbt_626695,1.8511874036037677,90.3,2.050041421488115,1.5529575819266859,0
rbt_623432,1.8510882584403892,90.3,2.049931626179833,0.9638724899137011,0
sbt_3473,3.3351916077497976,163.8,2.036136512667764,0.9571247848003179,0
sbt_26790,4.392881435865242,216.3,2.030920682323274,0.9549382235399174,0
smt_18691,5.798940519867189,286.65,2.023003844363227,1.063190806091099,0
smt_18692,5.798239684685645,286.65,2.022759352759688,1.063010697012099,0
smt_22142,5.797615021227949,286.65,2.02254143423267,1.062850602952955,0
smt_29410,5.797048178287142,286.65,2.022343686826144,1.062705687254129,0
smt_4821,5.7965074358296915,286.65,2.0221550447687746,1.0625677640400522,0
smt_18693,5.795848981157612,286.65,2.021925337923465,1.0624002396963803,0
smt_5832,5.795242267866284,286.65,2.0217136814464625,1.062246291667365,0
smt_18694,5.794607029134748,286.65,2.0214920736559385,1.0620855306193313,0
smt_5643,5.794047233744237,286.65,2.0212967848401315,1.061944223619595,0
smt_29483,5.793490920576839,286.65,2.0211027108239454,1.0618041321073723,0
smt_6014,5.7929399859786175,286.65,2.020910513161911,1.0616657265036644,0
smt_18695,5.792304498375812,286.65,2.0206888185507808,1.0615064903622946,0
smt_29482,5.79173954246658,286.65,2.0204917294493563,1.0613652982114699,0
smt_6195,5.79114747233681,286.65,2.020285181348966,1.0612177052286966,0
smt_6105,5.79055334565894,286.65,2.0200779158063633,1.06106998693075,0
smt_19334,5.752152742545619,286.65,2.006681577723921,1.0414718133988985,0
smt_19331,5.751532768343938,286.65,2.0064652950789945,1.0412819119788705,0
smt_22269,5.750923914461225,286.65,2.006252891840651,1.0410957376961154,0
sbt_34896,4.294852528232361,216.3,1.9855998743561538,0.9333668002321126,0
sbt_34381,3.207608616858638,163.8,1.9582470188392171,0.9205550301807314,0
smt_29480,5.532056758602222,286.65,1.929899444828963,1.0632041463633632,0
smt_19271,5.530887456068963,286.65,1.9294915248801547,1.0629527356016852,0
smt_5537,5.530423231864664,286.65,1.92932957678865,1.0628533740774027,0
rbt_605808,1.7359616394235589,90.3,1.9224381388965217,0.9032590059930387,0
smt_19274,5.509886259632549,286.65,1.9221651001683409,1.0502791106916944,0
smt_4942,5.5093409300459335,286.65,1.9219748578565965,1.0501605929317241,0
smt_18740,5.508808829501271,286.65,1.9217892305952458,1.0500452924295367,0
smt_5191,5.508279182907516,286.65,1.9216044594130528,1.0499308602175659,0
smt_5198,5.507754536539627,286.65,1.9214214325971142,1.0498178402446972,0
smt_5549,5.507176310024086,286.65,1.9212197139452596,1.0496936617242258,0
smt_19273,5.5065849109304965,286.65,1.9210133999408674,1.049567071776511,0
smt_5414,5.506088452751658,286.65,1.9208402067858565,1.0494611309792143,0
smt_5522,5.505536443354376,286.65,1.920647634172118,1.049343687248937,0
rbt_1607326,1.732785606649441,90.3,1.9189209375962801,0.90221391391185,0
smt_40861,5.479592008800537,286.65,1.9115967238097116,1.0333268520268253,0
smt_40860,5.47923576405755,286.65,1.9114724451622365,1.033249079980705,0
smt_40859,5.4788612675533015,286.65,1.9113417992511084,1.0331674890938096,0
smt_40858,5.478481571425167,286.65,1.9112093394122336,1.0330849390576147,0
smt_40375,3.1304569388970656,163.8,1.9111458723425307,0.951256952502438,0
smt_40857,5.478015557871605,286.65,1.9110467670928328,1.0329838622895853,0
smt_40856,5.477545860945136,286.65,1.9108829098011988,1.032882254355544,0
smt_40374,3.1299051866078034,163.8,1.9108090272330909,0.9509292300979842,0
smt_40855,5.477087460637175,286.65,1.9107229934195624,1.0327833500505175,0
smt_40854,5.47665396013357,286.65,1.9105717635212176,1.0326900547740132,0
smt_40358,3.129356304682504,163.8,1.9104739344826032,0.9506039563682566,0
smt_40853,5.476185930757162,286.65,1.9104084879669154,1.0325895873254343,0
smt_40852,5.475715141536726,286.65,1.9102442496203476,1.032488799288541,0
smt_22899,5.475492804587932,286.65,1.9101666857100759,1.0251851466016404,0
smt_5757,5.475459590575011,286.65,1.9101550987528384,1.025426795532376,0
smt_40357,3.1287784228137903,163.8,1.910121137248956,0.9502623031238304,0
smt_5956,5.4749321719298125,286.65,1.909971104807191,1.0250460463876916,0
smt_6028,5.474875732175833,286.65,1.9099514153761845,1.0252828699428007,0
smt_40356,3.1282917217224346,163.8,1.9098240059355522,0.949975202604633,0
smt_22898,5.474282670443618,286.65,1.909744521347852,1.0251370682365206,0
smt_16985,5.473800332946648,286.65,1.9095762542984993,1.0250187801971193,0
smt_40355,3.127735901815052,163.8,1.9094846775427665,0.9496480550009698,0
smt_6106,5.473244884621103,286.65,1.9093824819888725,1.024882888685114,0
smt_6021,5.472694691555305,286.65,1.9091905430159797,1.0247486279690787,0
smt_40354,3.1271711321851443,163.8,1.9091398853389157,0.9493164365725404,0
smt_6212,5.4721597339917345,286.65,1.9090039190621786,1.0246184153724087,0
smt_6044,5.471603915319054,286.65,1.9088100175541793,1.0244834709682846,0
smt_40353,3.1265998057532847,163.8,1.9087910902034704,0.9489817901579013,0
smt_6029,5.471062010916396,286.65,1.9086209701435188,1.0243522451806903,0
smt_40352,3.1261228587206222,163.8,1.9084999137488536,0.9487030617846823,0
smt_19276,5.470520535182347,286.65,1.908432072277114,1.0242214598483657,0
smt_40351,3.1256708773533712,163.8,1.9082239788482118,0.9484394607876062,0
smt_22896,5.469902316129529,286.65,1.908216401929018,1.0240725510098265,0
smt_6693,5.46948508210206,286.65,1.908070846712737,1.0239723020924325,0
smt_41231,5.469468166931559,286.65,1.9080649457287842,1.0239682425120888,0
smt_40350,3.12511853810573,163.8,1.9078867754003235,0.9481180435284284,0
smt_41232,5.468878993152975,286.65,1.907859408042203,1.023827036754058,0
smt_40349,3.1245984508163542,163.8,1.9075692617926459,0.947816115624693,0
smt_40373,3.124065762820571,163.8,1.907244055446014,0.9475076017779757,0
smt_40348,3.1240421860753544,163.8,1.9072296618286657,0.9474939643671171,0
smt_40347,3.1234768163318494,163.8,1.9068845032550974,0.9471673693372522,0
smt_40346,3.1229147163124553,163.8,1.9065413408500949,0.946843496808688,0
smt_40366,3.122447926971282,163.8,1.9062563656723333,0.9414592265424034,0
smt_40380,3.122404509857025,163.8,1.906229859497573,0.9414324781300842,0
smt_40345,3.1223440968304343,163.8,1.9061929773079573,0.9465155705530566,0
smt_40367,3.1220205036297792,163.8,1.9059954234614036,0.9411960915399255,0
smt_40344,3.1217821973506563,163.8,1.9058499373325128,0.9461935024178375,0
smt_40368,3.1215233648322998,163.8,1.9056919199220388,0.9408905723713236,0
smt_40369,3.121181950453335,163.8,1.905483486235247,0.9406810888098939,0
smt_40865,5.4607526518454605,286.65,1.9050244729968464,1.0219209673215486,0
smt_40864,5.460295308929502,286.65,1.9048649254943317,1.0218160366485602,0
smt_40863,5.4598314272075665,286.65,1.904703096880365,1.0217098658153754,0
smt_40862,5.459367766129486,286.65,1.9045413452396605,1.021604007804082,0
smt_40362,3.118576231724581,163.8,1.90389269336055,0.9390913543697442,0
smt_40378,3.1182438329142825,163.8,1.9036897636839332,0.9388897261632124,0
smt_40361,3.117704620202491,163.8,1.9033605739941946,0.9385632169170083,0
smt_40360,3.1171403859092273,163.8,1.9030161086136916,0.9382223142929361,0
smt_40359,3.116607494210422,163.8,1.9026907779062403,0.9379010642324449,0
smt_40377,3.1159484926854186,163.8,1.902288457072905,0.937504757306197,0
smt_40376,3.1153951022861577,163.8,1.9019506118963108,0.9371727938969251,0
rbt_3422706,1.691174936033916,90.3,1.8728404607241598,0.8802849084813515,0
sbt_13153,3.01885567270328,163.8,1.8430132311985834,0.8663383899792043,0
rbt_624033,1.6536781685212985,90.3,1.831315801241748,0.860390735883572,0
rbt_609686,1.6529713484978712,90.3,1.8305330548149183,0.860135251564239,0
sbt_20625,2.9959599471792093,163.8,1.8290353767882839,0.8610219844946286,0
sbt_2989,2.9959581764624765,163.8,1.8290342957646377,0.8610208409369648,0
sbt_20223,2.995956352747061,163.8,1.8290331823852628,0.8610196694841726,0
sbt_2988,2.9959525256648996,163.8,1.829030845949267,0.8610172312626992,0
smt_20940,2.957964550117823,163.8,1.8058391636860947,0.9576724646691622,0
rbt_605827,1.6275976118046047,90.3,1.802433678631899,0.8482523849060916,0
rbt_605819,1.3732028941912384,76.65,1.7915236714823721,0.8426408690005802,0
smt_37931,6.187461491959789,346.5,1.7857031722827674,0.9812388773930515,0
smt_37930,6.187270141827142,346.5,1.7856479485792616,0.9812361481478465,0
smt_37929,6.187095711633388,346.5,1.785597607975004,0.98123612288838,0
smt_37928,6.1869054365653735,346.5,1.7855426945354615,0.9812349722918303,0
smt_37927,6.1867131838244145,346.5,1.7854872103389363,0.9812336032562295,0
smt_37926,6.186522367132841,346.5,1.7854321405866784,0.9812322456411607,0
smt_14697,2.9176116278494537,163.8,1.7812036800057713,0.9375101626914311,0
smt_23226,2.9171254652230934,163.8,1.7809068774255759,0.9373241084137108,0
smt_13409,2.916578609908285,163.8,1.7805730219220297,0.9381746265784896,0
smt_14609,2.9165525189415265,163.8,1.780557093370895,0.9371060304688282,0
smt_14836,2.916005488885077,163.8,1.7802231311874706,0.9368990246339353,0
smt_26426,2.915560279351066,163.8,1.779951330495156,0.9367314258925945,0
smt_20986,2.9151408250676756,163.8,1.7796952533990693,0.9365742463942851,0
smt_26428,2.9146696879988325,163.8,1.779407623930911,0.9363985419158248,0
smt_13764,2.9141802281399545,163.8,1.7791088083882505,0.9362169528448762,0
smt_13981,2.913696332771656,163.8,1.7788133899704857,0.9360383842167872,0
smt_24388,2.913209375123541,163.8,1.7785161020290237,0.9358596508647387,0
smt_13297,2.9126317574336817,163.8,1.7781634660767285,0.9356489052963454,0
smt_20985,2.912099423761862,163.8,1.7778384760450925,0.9354559040439309,0
smt_20984,2.9115832589867456,163.8,1.777523357134765,0.9352698921461416,0
smt_14307,2.911138570357136,163.8,1.777251874454906,0.9351105337876486,0
smt_13856,2.910761093272358,163.8,1.777021424464199,0.9349759153836729,0
smt_21224,2.910352885787965,163.8,1.7767722135457658,0.9348310171243299,0
smt_13665,2.9097957288933896,163.8,1.7764320689214832,0.9346343932962468,0
smt_20983,2.909207974000518,163.8,1.7760732442005605,0.9344284142485543,0
smt_26433,2.908729897759443,163.8,1.7757813783635181,0.9342619723736826,0
smt_13987,2.908272929337314,163.8,1.775502398862829,0.9341038078044535,0
smt_13425,2.90826496139714,163.8,1.7754975344304882,0.9341010582765702,0
smt_27285,3.822718708141346,216.3,1.7673225650214266,0.9356427688159693,0
smt_18507,3.822385923764385,216.3,1.7671687118651802,0.9354878659309284,0
rbt_624028,1.5893288555059324,90.3,1.760054103550313,0.8273710077573004,0
rbt_605884,1.0775200911424276,61.95,1.7393383230709083,0.8174885755523523,0
rbt_605813,1.3295862947165502,76.65,1.734620084431246,0.8151180085044877,0
rbt_605809,1.5548070802692886,90.3,1.7218240091575732,0.8091443881636695,0
rbt_1107333,1.54847986573033,90.3,1.714817127054629,0.8066134288288006,0
rbt_605801,1.5424755241933479,90.3,1.708167800878569,0.8028029782768374,0
sbt_20870,3.6839986766115302,216.3,1.7031894020395424,0.8014758945449056,0
sbt_20871,3.6839984552876346,216.3,1.7031892997168907,0.8014758466499557,0
rbt_631859,1.5373124378743963,90.3,1.7024500973138388,0.8001841607194001,0
smt_21162,2.7874516349285523,163.8,1.7017409248648057,0.7564959560913312,0
smt_20814,2.7871100134659343,163.8,1.7015323647533176,0.7567164782286535,0
smt_20813,2.786647282164093,163.8,1.7012498670110454,0.7568418163915723,0
smt_13919,2.786316695867158,163.8,1.7010480438749438,0.7570858885929154,0
smt_21164,2.7858229527193528,163.8,1.7007466133817781,0.7572928940596286,0
smt_13284,2.785353226000401,163.8,1.7004598449330894,0.7574894592143157,0
smt_26393,2.784910188911717,163.8,1.7001893705199735,0.7576321488619749,0
smt_14041,2.7845652725402967,163.8,1.69997879886465,0.7578025688972275,0
smt_26394,2.7842011069366515,163.8,1.6997564755413013,0.7580211785080385,0
smt_21165,2.7837559899047553,163.8,1.6994847313215842,0.7582524993110572,0
smt_13787,2.783273815456398,163.8,1.6991903635264944,0.7584768903099747,0
smt_14513,2.782797461086062,163.8,1.6988995488925895,0.7586105793695559,0
smt_13847,2.7824705765116793,163.8,1.698699985660366,0.7588098996746422,0
smt_39969,2.7820764465999104,163.8,1.6984593691086143,0.7589311860288709,0
smt_26396,2.781790859188643,163.8,1.6982850178196844,0.7589002910961274,0
smt_21217,2.7817745941728553,163.8,1.6982750880176163,0.7591149427754694,0
smt_857,2.781432447327611,163.8,1.6980662071597135,0.7592556178516308,0
smt_13441,2.781132803163495,163.8,1.697883274214588,0.7593975298187989,0
smt_21221,2.7808423751620754,163.8,1.6977059677424147,0.7596278833687107,0
smt_13371,2.7804180745100733,163.8,1.6974469319353318,0.7598427793425095,0
rbt_607377,1.530625597489264,90.3,1.6950449584598717,0.7965874858225438,0
rbt_3432407,1.5152057351682668,90.3,1.6779686989681803,0.7891807787644165,0
sbt_22826,3.609087394368634,216.3,1.6685563543081987,0.7845253980048345,0
sbt_7560,3.609077086168671,216.3,1.6685515886124227,0.7845205152827748,0
rbt_622270,1.5036328358503803,90.3,1.6651526421377412,0.782520453437144,0
smt_14872,2.7271213708284616,163.8,1.6649092618000374,0.7339498235230771,0
smt_36207,2.7267312333277705,163.8,1.6646710826176865,0.7341365643871671,0
smt_21153,2.726198195981668,163.8,1.664345662992471,0.7342581623574485,0
smt_14732,2.72575114576525,163.8,1.6640727385624234,0.7343993603478111,0
smt_14298,2.7252981868711204,163.8,1.663796206881026,0.7345345337692674,0
smt_26385,2.724858432479131,163.8,1.663527736556246,0.7346685171400584,0
smt_14274,2.724428628155952,163.8,1.6632653407545495,0.7348142979688138,0
smt_14261,2.723981173531117,163.8,1.6629921694329162,0.7350140234037345,0
smt_20862,2.7234219803149005,163.8,1.6626507816330283,0.7350783586298965,0
smt_14608,2.723099047846997,163.8,1.6624536311642228,0.7353486780333421,0
smt_20817,2.7224491200487395,163.8,1.6620568498466053,0.7354410081015906,0
smt_14630,2.722045141322163,163.8,1.6618102205874008,0.7355657195336556,0
smt_14349,2.721663001485145,163.8,1.661576923983605,0.7357530587920568,0
smt_15189,2.721167654427192,163.8,1.6612745143023147,0.7358735404103944,0
smt_14255,2.7207684047233744,163.8,1.661030772114392,0.7359955298662274,0
smt_20816,2.7204001961962554,163.8,1.6608059805837943,0.736194195203086,0
smt_15035,2.719896170312488,163.8,1.6604982724740462,0.7364757057033445,0
smt_20997,2.719193534375,163.8,1.6600693128052502,0.7366020727814347,0
smt_26388,2.718729009199295,163.8,1.6597857199018893,0.7367832676657539,0
smt_15288,2.718239279435866,163.8,1.6594867395823356,0.736963437938264,0
smt_15145,2.7177470330309217,163.8,1.6591862228516003,0.7371963463169754,0
smt_21157,2.7171591084380786,163.8,1.6588272945287414,0.7373532606746361,0
smt_20815,2.7166875620558697,163.8,1.6585394151745234,0.7378974805688733,0
smt_14288,2.71554351118651,163.8,1.6578409714203355,0.7379664488416587,0
sbt_6286,3.5753278392469445,216.3,1.6529486080660862,0.7771862344797066,0
sbt_25782,3.5699742431035024,216.3,1.6504735289429042,0.7760307016744307,0
rbt_609687,1.4682400551701709,90.3,1.625957979147476,0.763944715187033,0
sbt_4378,2.6621609954793675,163.8,1.6252509129910668,0.7645970333441126,0
sbt_4106,2.6621577106775733,163.8,1.6252489076175662,0.764594934404842,0
sbt_4104,2.6621489802014735,163.8,1.6252435776565772,0.7645893587046334,0
sbt_4103,2.6621411069239005,163.8,1.625238771015812,0.7645843341075386,0
sbt_37542,3.511324252037958,216.3,1.623358415181673,0.7633597806348127,0
sbt_37540,3.511300165829716,216.3,1.6233472796253887,0.7633484541172484,0
smt_15028,2.6421979886657545,163.8,1.613063485143928,0.7095653119962896,0
sbt_15930,3.425895227457841,216.3,1.5838627958658535,0.7449864783606847,0
sbt_27518,3.425893321785625,216.3,1.5838619148338533,0.7449855656378904,0
sbt_15929,3.425891378554739,216.3,1.583861016437697,0.7449846405345024,0
sbt_7807,2.5900976782115435,163.8,1.581256213804361,1.3430096982987825,0
sbt_7598,2.590091973735572,163.8,1.5812527312182978,1.3430053534440936,0
sbt_13972,3.40850175877575,216.3,1.5758214326286408,0.7404936940096247,0
rbt_627344,1.4123845805172703,90.3,1.564102525489779,0.7350093268665551,0
rbt_1607308,1.1944380707850257,76.65,1.5583014622113838,0.7326598460919848,0
rbt_609685,1.3990357360756076,90.3,1.549319752021714,0.7281302327680054,0
smt_14225,2.5365384953037915,163.8,1.5485582999412646,0.6850323633582388,0
smt_14193,2.536068969352089,163.8,1.5482716540611043,0.685142804077203,0
smt_20865,2.5356601214227394,163.8,1.5480220521506345,0.6852830560296911,0
smt_13747,2.535215137100487,163.8,1.547750388950236,0.6854018750703442,0
smt_14970,2.534804337038159,163.8,1.5474995952613912,0.6855348628084205,0
sbt_4577,2.5259507780716524,163.8,1.5420944921072357,0.7251869093496982,0
sbt_4338,3.302821585049983,216.3,1.5269632848127521,0.7181720782722724,0
rbt_1607303,1.3669195801510954,90.3,1.5137536878749671,0.7117887592679505,0
sbt_29862,2.46369893477077,163.8,1.504089703767259,0.7074768799559256,0
sbt_29861,2.4636989006413574,163.8,1.5040896829312316,0.7074768702284798,0
rbt_622720,1.3544879702504518,90.3,1.499986678018219,0.7052694965198,0
rbt_1607271,1.3408834245886705,90.3,1.4849207359785943,0.698033478644115,0
rbt_1607297,1.137038605384535,76.65,1.4834163149178536,0.6972137279132723,0
sbt_4773,2.4226177576822687,163.8,1.479009620074645,0.6954840561631985,0
sbt_4774,2.42261775475543,163.8,1.479009618287808,0.6954840551488698,0
sbt_12815,2.422617734720411,163.8,1.4790096060564168,0.6954840491466667,0
sbt_12816,2.4226177196596574,163.8,1.4790095968618178,0.6954840447106317,0
smt_23009,2.413075046006812,163.8,1.4731837887709476,0.6448823137943048,0
smt_20868,2.4125383145720645,163.8,1.4728561139023593,0.6449846037885268,0
smt_26355,2.412096397115956,163.8,1.4725863230256142,0.645120277679049,0
smt_21107,2.4116217561955176,163.8,1.472296554453918,0.6453257985714308,0
smt_13866,2.4109851489954757,163.8,1.471907905369643,0.6454480715223206,0
smt_20867,2.410472376848989,163.8,1.4715948576611653,0.6455538272613521,0
smt_13702,2.410046998086876,163.8,1.4713351636672014,0.6456737097808153,0
smt_36206,2.409627440670542,163.8,1.4710790236083893,0.6458324502263428,0
smt_20866,2.4091299238707387,163.8,1.4707752892983752,0.645950398070965,0
smt_21108,2.4086936326337725,163.8,1.4705089332318513,0.6461002402298684,0
rbt_635550,0.910308202569312,61.95,1.4694240558019565,0.6901834667893846,0
smt_21054,2.405291362880502,163.8,1.468431845470392,0.6351758195214818,0
smt_21100,2.404722463530234,163.8,1.4680845320697398,0.6352697996437043,0
smt_14786,2.4041899898618944,163.8,1.467759456570143,0.6353741701041578,0
smt_14761,2.4036548354997067,163.8,1.4674327445053152,0.635482892413933,0
smt_26346,2.4031121496442736,163.8,1.4671014344592634,0.6355935457360211,0
sbt_4093,2.402996039335126,163.8,1.4670305490446436,0.6900047644041108,0
smt_14748,2.4025657248776766,163.8,1.4667678418056633,0.635684058438786,0
smt_14721,2.402072240099542,163.8,1.4664665690473395,0.6357896732393932,0
smt_20871,2.4015716616586604,163.8,1.4661609656035777,0.6358579489260451,0
smt_21055,2.4011628039490103,163.8,1.4659113577222282,0.6380653849475274,0
smt_15181,2.40072711948987,163.8,1.4656453720939375,0.6381453490179273,0
smt_21056,2.400318162560193,163.8,1.465395703638701,0.6382317030327531,0
smt_14549,2.3999091408711504,163.8,1.465145995647833,0.6383379092527454,0
smt_14536,2.3994543025570807,163.8,1.4648683165794143,0.638504107006862,0
smt_26347,2.398835478491374,163.8,1.4644905241095079,0.6385965810679305,0
smt_21053,2.3983240253995244,163.8,1.464178281684691,0.6387195409841433,0
smt_20870,2.3977933511336555,163.8,1.4638543047214012,0.6387958584486557,0
smt_14369,2.3973697623032426,163.8,1.463595703481833,0.6389228956043745,0
smt_26348,2.3968772711957955,163.8,1.4632950373600704,0.6390196923293993,0
smt_21052,2.39642926381986,163.8,1.463021528583553,0.639144152458186,0
rbt_627346,1.1212302430838217,76.65,1.4627922284198587,0.6872897190199471,0
smt_14864,2.3959393360933903,163.8,1.462722427407442,0.6392647638894678,0
smt_26351,2.3954439390631332,163.8,1.46241998721803,0.6394301946572986,0
smt_14054,2.3948464465136863,163.8,1.4620552176518231,0.6395812302100427,0
smt_13932,2.3942441366159137,163.8,1.4616875070915223,0.6397344090692946,0
smt_21104,2.393640774197749,163.8,1.4613191539668797,0.6399177140188425,0
smt_13891,2.392974905399784,163.8,1.4609126406592088,0.6400157314633735,0
smt_20869,2.392481919141589,163.8,1.4606116722476123,0.6401365371936848,0
smt_27620,2.392012178221036,163.8,1.4603248951288375,0.6403077054999183,0
sbt_20634,2.369383074657324,163.8,1.4465098135881098,1.0957437983392044,0
sbt_12492,2.3447014050637205,163.8,1.4314416392330405,0.6738048633640328,0
sbt_11694,2.344690840300089,163.8,1.4314351894383937,0.6737979951259399,0
rbt_605909,1.0942824617962572,76.65,1.4276353056702638,0.6707453691231223,0
sbt_34388,3.0827504373698678,216.3,1.4252198046092777,0.6697914051000087,0
sbt_7816,2.315685458156729,163.8,1.413727385932069,1.0042266085739058,0
sbt_7815,2.3156854353687155,163.8,1.4137273720199728,1.004226595306892,0
sbt_7599,2.310657509259009,163.8,1.4106578200604452,0.6633244761494349,0
rbt_622258,1.2587789149021977,90.3,1.3939965835018802,0.6551432628131721,0
sbt_37544,3.0129178169703517,216.3,1.3929347281416327,0.6551604476328559,0
sbt_34385,2.27695980334559,163.8,1.3900853500278325,0.653359875021256,0
rbt_1620360,1.2361801759657227,90.3,1.368970294535684,0.6432773748522643,0
sbt_14624,2.9259647643443008,216.3,1.3527345188831716,0.6359891939430008,0
rbt_606111,0.8222526086975844,61.95,1.327284275540895,0.6234194677537399,0
sbt_21224,2.1515004239477906,163.8,1.3134923223124484,0.6172631888027951,0
sbt_4772,2.151490173546948,163.8,1.3134860644364759,0.6172568599376723,0
smt_40370,3.1206766116458873,240.45,1.2978484556647483,0.6406024379247968,0
smt_40371,3.120301150752066,240.45,1.2976923064055172,0.6404460217191642,0
smt_40372,3.1199263343368178,240.45,1.2975364251764683,0.6402901004401158,0
smt_40365,3.119603934210781,240.45,1.297402343194336,0.6401561656668898,0
smt_40364,3.119266751716194,240.45,1.2972621134190867,0.6400162702094917,0
smt_40363,3.118936019113741,240.45,1.2971245660693453,0.639879230573559,0
rbt_605911,0.7819557453892341,61.95,1.2622368771416208,0.5928739686646837,0
sbt_35533,3.5674105773834106,286.65,1.244517905942233,0.5851253412854185,0
sbt_35536,3.5674040791126616,286.65,1.2445156389717988,0.5851230451287165,0
sbt_35532,3.5673926442029984,286.65,1.2445116498178959,0.5851190079553976,0
sbt_35531,3.567381469958476,286.65,1.24450775159898,0.5851150669050036,0
sbt_35530,3.567375347587484,286.65,1.2445056157639922,0.5851129093096543,0
sbt_3418,2.687393132965031,216.3,1.2424378793180912,0.5839525864659347,0
sbt_3417,2.6873874978922436,216.3,1.2424352741064464,0.5839499389026058,0
rbt_1607279,0.7627073068899225,61.95,1.2311659513961621,0.5785101207319353,0
smt_41342,2.0155975065399314,163.8,1.2305235082661363,0.6458879212010894,0
smt_31098,2.0149598957834876,163.8,1.2301342465100655,0.6455101423453942,0
smt_29421,2.014935533561047,163.8,1.2301193733583924,0.6454957336495825,0
sbt_20697,2.634327282564554,216.3,1.217904430219396,0.5723168802222333,0
sbt_3836,2.634318744140677,216.3,1.217900482728006,0.5723128869152762,0
sbt_3835,2.6343115342089845,216.3,1.2178971494262525,0.5723095168624718,0
sbt_20696,2.6343030811478005,216.3,1.2178932413998154,0.5723055679991091,0
smt_40634,1.994796908599548,163.8,1.2178247305247545,0.6015074292391492,0
smt_40623,1.9947280121511681,163.8,1.2177826692009572,0.6014649123296402,0
rbt_1124340,0.7428613117457742,61.95,1.1991304467244135,0.5632034023195716,0
smt_22679,1.9584548234902308,163.8,1.1956378653786512,0.5922174579380077,0
sbt_21702,1.9584087206898921,163.8,1.1956097195908986,0.562037567150377,0
smt_29391,1.9575109372403887,163.8,1.1950616222468795,0.5916455507422994,0
smt_22680,1.9564095239645185,163.8,1.1943892087695471,0.5909822917774933,0
smt_6839,1.9556006063032105,163.8,1.193895364043474,0.5904980243331598,0
smt_7016,1.9550420731512639,163.8,1.1935543792132257,0.5901650822318919,0
rbt_1620373,0.7278374523869394,61.95,1.1748788577674565,0.5519540918253238,0
sbt_11080,1.9159296838985924,163.8,1.1696762416963322,0.5500299480598566,0
sbt_24835,1.9159285090983826,163.8,1.169675524480087,0.5500292108429973,0
sbt_18181,1.9159259319443014,163.8,1.169673951125947,0.5500275990198182,0
rbt_605915,0.7209939552616534,61.95,1.1638320504627173,0.881365763507004,0
smt_14909,1.8787486300300953,163.8,1.1469771856105588,0.49237556835924634,0
smt_14778,1.8782608407399795,163.8,1.1466793899511474,0.49257888464823885,0
smt_14517,1.8777293625661158,163.8,1.1463549222015357,0.49281459646198233,0
smt_20875,1.8771312299878584,163.8,1.1459897618973494,0.49289363168562383,0
smt_15080,1.8768021133753316,163.8,1.145788836004476,0.49318192293430013,0
smt_17100,1.8761836157895178,163.8,1.1454112428507432,0.49342014763890285,0
smt_26350,1.8755741342949301,163.8,1.1450391540262088,0.4935984046463117,0
smt_26349,1.875080256128822,163.8,1.1447376411042869,0.493728459719198,0
smt_14563,1.874709338167177,163.8,1.1445111954622569,0.49393326895830447,0
smt_21103,1.8742477517539309,163.8,1.1442293966751715,0.4941182487040188,0
smt_14960,1.8737988852547631,163.8,1.1439553634033963,0.4942634341512164,0
smt_21101,1.8734256134004972,163.8,1.1437274807084843,0.49456540299968504,0
smt_6625,1.8414936768199557,163.8,1.1242330139315968,0.6562458346759509,0
sbt_22687,2.4146893643617857,216.3,1.1163612410364243,0.5249124698954949,0
sbt_22686,2.4146829092009434,216.3,1.1163582566809724,0.5249094058532159,0
sbt_22685,2.414677053566543,216.3,1.116355549499095,0.5249066276113784,0
smt_26354,1.78898006616337,163.8,1.0921734225661597,0.4777632862644671,0
smt_14503,1.7886434837000467,163.8,1.091967938766817,0.47795780811544253,0
sbt_27354,1.776689316688996,163.8,1.0846699125085446,0.510004696975126,0
sbt_22586,1.7766862257577705,163.8,1.0846680254931442,0.5100028075457049,0
rbt_1107345,0.9782142534546913,90.3,1.08329374690442,0.5092963060912289,0
rbt_622777,0.975504765947982,90.3,1.0802932070298805,0.5074694435568069,0
sbt_11308,1.7479387194332698,163.8,1.0671176553316664,0.5023705092522791,0
sbt_24981,1.7479330198693606,163.8,1.0671141757444202,0.5023672836261552,0
smt_14740,1.746957222298198,163.8,1.0665184507315006,0.46754525413419795,0
smt_26384,1.746202675388872,163.8,1.0660577993827056,0.4677180419816349,0
smt_20876,1.745532037835541,163.8,1.0656483747469725,0.4678582835938289,0
smt_14620,1.7449743686757662,163.8,1.0653079173844726,0.46801228831185365,0
smt_14181,1.7444387835671202,163.8,1.0649809423486691,0.4681406920043322,0
rbt_606117,0.6595853786796341,61.95,1.0647060188533237,0.5000792265246187,0
smt_14159,1.7439717615904944,163.8,1.064695825146822,0.46824263210391814,0
smt_15188,1.7435899510748716,163.8,1.0644627295939386,0.4683576130236342,0
smt_14607,1.7432157745686419,163.8,1.0642342946084504,0.4685108925653951,0
smt_26356,1.7427697120824337,163.8,1.063961973188299,0.4686855513545891,0
smt_14146,1.7422603947356554,163.8,1.0636510346371522,0.4688489483339848,0
smt_21111,1.7417580879769954,163.8,1.0633443760543317,0.4690257238462681,0
smt_14066,1.7412378727976336,163.8,1.0630267843697396,0.4692112046555092,0
smt_21110,1.7407012540077795,163.8,1.0626991782709276,0.46935754747107233,0
smt_21109,1.7402419811777743,163.8,1.062418791927823,0.4694624416727256,0
smt_27622,1.739892395194179,163.8,1.0622053694714158,0.4695948253271843,0
smt_29471,1.6989526415858884,163.8,1.0372116248998098,0.5627148575661164,0
smt_6146,1.698702853618662,163.8,1.0370591291933222,0.5625617946318687,0
smt_6091,1.6978155216025794,163.8,1.036517412455787,0.5620193617521109,0
smt_29429,1.6973936985130436,163.8,1.0362598892021022,0.5617622151542913,0
smt_5878,1.6968941542941587,163.8,1.035954917151501,0.5614582928832667,0
smt_29428,1.6962280408831,163.8,1.035548254507387,0.5610540577649277,0
smt_6456,1.6955774157948376,163.8,1.035151047493796,0.5606603674504342,0
rbt_609684,0.9338577291562559,90.3,1.034172457537382,0.48588205988942906,0
sbt_17593,2.1787005011730955,216.3,1.0072586690582965,0.4729535049812578,0
sbt_28453,2.1786944896379246,216.3,1.0072558898002424,0.4729507132906064,0
smt_5845,1.6333685320367735,163.8,0.997172485980936,0.612854437707059,0
smt_5640,1.6330055553164013,163.8,0.9969508884715514,0.612830069434019,0
smt_5451,1.6326239722057927,163.8,0.996717931749568,0.6127979015761794,0
smt_29434,1.632269213821027,163.8,0.9965013515390885,0.6127724701163624,0
smt_19269,1.6319255546708453,163.8,0.9962915474180983,0.6127443560905792,0
smt_19270,1.6316178543017235,163.8,0.9961036961548982,0.6126674899419472,0
rbt_1635694,0.8954266857718306,90.3,0.9916131625380183,0.46580221172792036,0
smt_22795,1.5965889247808136,163.8,0.9747185132972,0.5963148670749084,0
smt_29435,1.5962653040766623,163.8,0.974520942659745,0.5963166724182568,0
smt_5831,1.5957790174824895,163.8,0.9742240643971242,0.5962385662467364,0
smt_40622,1.5947385229248283,163.8,0.9735888418344494,0.5921744947856683,0
smt_40624,1.5944134526277536,163.8,0.9733903862196297,0.592119734299691,0
smt_40625,1.5940221628139564,163.8,0.9731515035494239,0.5920430008108464,0
smt_40626,1.5936726721762333,163.8,0.9729381393017297,0.5919796185477394,0
smt_40627,1.5933248221177807,163.8,0.9727257766286816,0.5919195983509394,0
smt_40628,1.5929637257883467,163.8,0.9725053270991126,0.5918536642402519,0
smt_40629,1.5926344584782535,163.8,0.972304309205283,0.5918055858660394,0
smt_14040,1.5925917063305768,163.8,0.9722782089930261,0.4015006492237267,0
smt_40630,1.59224167309736,163.8,0.9720645134904518,0.5917410519018597,0
smt_40631,1.5918506250506104,163.8,0.971825778419176,0.5916794073909105,0
smt_14247,1.5918154742040096,163.8,0.9718043188058667,0.4014066818878624,0
smt_40632,1.5914553332527261,163.8,0.9715844525352417,0.5916214362714899,0
smt_20926,1.591061425967144,163.8,0.9713439718969133,0.4013109762558546,0
smt_40633,1.591037071725467,163.8,0.9713291036175011,0.5915541434868609,0
smt_22737,1.5906573351863413,163.8,0.9710972742285354,0.591511480198864,0
smt_36561,1.5903663661963352,163.8,0.9709196374825001,0.4012030378328461,0
smt_29541,1.5901885035670165,163.8,0.9708110522387157,0.5914423935287069,0
smt_36563,1.5898219555801743,163.8,0.9705872744689709,0.40101830078829087,0
smt_36562,1.5898103290541843,163.8,0.970580176467756,0.4010179275488488,0
smt_14427,1.5897975302160254,163.8,0.9705723627692462,0.4011274845662256,0
smt_29487,1.589752407567029,163.8,0.9705448153644867,0.5913763264862201,0
smt_6341,1.5893760061036066,163.8,0.970315022041274,0.5913274291238703,0
smt_36560,1.58933435232799,163.8,0.9702895923858302,0.40563500800669083,0
smt_19123,1.5890070195222739,163.8,0.9700897555081036,0.5912914027579926,0
smt_6039,1.5885784557571825,163.8,0.969828117067877,0.5912419237518934,0
smt_6031,1.5881483908264025,163.8,0.9695655621650808,0.591189929001703,0
smt_22788,1.5877474829608014,163.8,0.9693208076683769,0.5911410725348062,0
smt_18746,1.5873895023400104,163.8,0.9691022602808366,0.5910988794160527,0
smt_6200,1.5870711069913361,163.8,0.9689078797260904,0.5910754660462259,0
smt_6371,1.5867133156306732,163.8,0.9686894478819739,0.5910423114109473,0
smt_19167,1.586360971035713,163.8,0.968474341291644,0.590951538017728,0
smt_29437,1.5863519176064647,163.8,0.9684688141675607,0.5910068319103278,0
smt_29436,1.5860287923780743,163.8,0.9682715460183603,0.5909749488833517,0
smt_24040,1.585739587414002,163.8,0.9680949862112342,0.590957693261361,0
smt_6493,1.5854265865904273,163.8,0.9679038990173549,0.5909498015961595,0
smt_26389,1.573191370449482,163.8,0.9604342920937007,0.39681724147330283,0
smt_27623,1.5725990067790336,163.8,0.9600726537112537,0.3966988407708511,0
smt_26387,1.5721121151267876,163.8,0.9597754060603099,0.3966287466627765,0
smt_16855,1.5715946402569132,163.8,0.9594594873363328,0.396593645645406,0
smt_14588,1.5708763179522305,163.8,0.9590209511307879,0.39649514762597243,0
smt_14587,1.5701262404940042,163.8,0.9585630283846178,0.3963835840895749,0
smt_16817,1.5694029484308647,163.8,0.9581214581385009,0.39625127749743955,0
smt_16842,1.5688318477496745,163.8,0.9577728008239771,0.3962437737174942,0
smt_21154,1.5679760634301914,163.8,0.9572503439744757,0.3960962834672781,0
smt_13545,1.5673013805688187,163.8,0.9568384496757134,0.39598924786065903,0
sbt_5871,1.5484794658529548,163.8,0.9453476592508882,0.44467125352475084,0
sbt_5870,1.5484784574584665,163.8,0.9453470436254373,0.4446705788270471,0
rbt_605824,0.8321586235740546,90.3,0.921548863315675,0.433197249509917,0
sbt_13081,1.5036326499038142,163.8,0.9179686507349292,0.4313893387096406,0
sbt_26027,1.503632603973757,163.8,0.9179686226946013,0.4313893257650338,0
rbt_606101,0.5629504103759735,61.95,0.9087173694527417,0.4268365046059193,0
smt_14735,1.44827915052251,163.8,0.8841753055692979,0.36621891258312117,0
smt_26392,1.4474990556672698,163.8,0.8836990571839253,0.36605695618088635,0
smt_20927,1.4468946873885837,163.8,0.8833300899808203,0.3704118981606723,0
smt_14163,1.4464254581574525,163.8,0.88304362524875,0.3703455764772045,0
smt_15289,1.4459278735604568,163.8,0.8827398495485084,0.37176125975651425,0
smt_23120,1.4454550409830138,163.8,0.8824511849713149,0.3717366078276199,0
sbt_27797,1.8754690263360034,216.3,0.8670684356615826,0.5186606670425097,0
sbt_2986,1.8754690263201872,216.3,0.8670684356542705,0.5186606666558807,0
sbt_24630,2.4680798150931134,286.65,0.8610081336449027,0.4046661508282034,0
sbt_24513,2.468078313044534,286.65,0.8610076096440029,0.4046656185677315,0
sbt_34391,1.8592359164390433,216.3,0.8595635304849945,0.40395005223023284,0
sbt_34386,1.8592345923281928,216.3,0.8595629183209398,0.40394944031997565,0
smt_15261,1.4023802282636748,163.8,0.8561539855089589,0.37920043533818243,0
sbt_20597,1.851086163349778,216.3,0.855795729704012,0.4023923769525821,0
sbt_3662,1.8510844236289163,216.3,0.8557949253947834,0.4023915538827207,0
smt_14230,1.4015449651884333,163.8,0.8556440568915953,0.3787186935403963,0
smt_14292,1.4006538811603741,163.8,0.8551000495484579,0.3782063176682746,0
smt_21218,1.3998586010812784,163.8,0.854614530574651,0.37775040461101467,0
rbt_1629422,0.5260038139187972,61.95,0.849077988569487,0.39878872258552617,0
sbt_20827,1.3873079928586987,163.8,0.8469523765926121,0.3979326339501979,0
sbt_4069,1.3872977534501958,163.8,0.8469461254274699,0.3979263265678939,0
sbt_3791,1.3872863330061707,163.8,0.8469391532394203,0.3979192950721602,0
sbt_6296,1.3669300000425282,163.8,0.8345115995375629,0.3924026882878555,0
sbt_6298,1.366929965603662,163.8,0.8345115785126141,0.39240267857849837,0
sbt_22096,1.3669299264682007,163.8,0.8345115546203911,0.39240266751869357,0
sbt_7545,1.3669192614129486,163.8,0.8345050435976488,0.39239615083157897,0
rbt_622257,0.7515307788659262,90.3,0.8322599987441044,0.3909911278469909,0
sbt_13749,1.3544926476111023,163.8,0.8269185882851662,0.3888052710651164,0
sbt_13750,1.3544926294163493,163.8,0.8269185771772584,0.3888052659832975,0
rbt_632016,0.7396483712838914,90.3,0.8191011863608986,0.3849813532461667,0
sbt_7399,1.7187533994201616,216.3,0.794615533712511,0.3736389580156838,0
sbt_7151,1.7187457401145367,216.3,0.794611992655819,0.3736353576098974,0
rbt_628757,0.7145461183842245,90.3,0.7913024566824193,0.5990965122940397,0
smt_23173,1.2726647976322896,163.8,0.7769626359171486,0.33131949087037754,0
smt_27624,1.272107914083206,163.8,0.7766226581704553,0.33121897101733627,0
smt_14065,1.2715017990940503,163.8,0.7762526245995423,0.3311195922855466,0
smt_26390,1.2708079020589866,163.8,0.7758290000360113,0.3309809673315522,0
smt_14907,1.2701595372824996,163.8,0.7754331729441389,0.33085678453447626,0
smt_21161,1.2695451756370302,163.8,0.7750581047845116,0.3307632707616975,0
smt_26391,1.2688611308709423,163.8,0.7746404950372053,0.3306302869263488,0
rbt_1632402,0.5924277339946405,76.65,0.7728998486557606,0.3636818494492222,0
smt_7087,1.2404968492597657,163.8,0.7573240837971706,0.382136858594774,0
smt_6854,1.2398524246801654,163.8,0.7569306621979032,0.3818168912630497,0
smt_6819,1.239205751466716,163.8,0.7565358678062979,0.38149830060666257,0
smt_19017,1.238652089709234,163.8,0.7561978569653443,0.38122754784433494,0
smt_6924,1.2380926092331688,163.8,0.7558562937931432,0.3809558651207388,0
smt_6990,1.2375393877375254,163.8,0.755518551732311,0.38068914138091214,0
smt_19064,1.2370350137070212,163.8,0.7552106310787674,0.380447656064765,0
smt_14935,1.2142446447049033,163.8,0.7412970968894403,0.33468087449354433,0
smt_26344,1.2138059535244918,163.8,0.7410292756559779,0.3349155059378619,0
smt_27621,1.2128377061416802,163.8,0.7404381600376557,0.3348529501487804,0
smt_14558,1.2123444522462046,163.8,0.740137028233336,0.3349064737938268,0
smt_14529,1.2118655449267162,163.8,0.7398446550224153,0.33490791960957017,0
smt_14815,1.2115432052278414,163.8,0.7396478664394636,0.3348396707983798,0
rbt_606148,0.5658610610684305,76.65,0.7382401318570521,0.3468123225274649,0
smt_30287,1.1915106488477236,163.8,0.7274179785395137,0.3610878121920238,0
smt_29532,1.19071386355461,163.8,0.7269315406316299,0.36063949091213693,0
smt_5961,1.1901584929586868,163.8,0.7265924865437647,0.360331156829885,0
smt_29425,1.1895676692854726,163.8,0.7262317883305693,0.3600061565654431,0
rbt_606102,0.655469842128622,90.3,0.7258802238412204,0.5495013060624702,0
smt_6182,1.18896660378232,163.8,0.7258648374739438,0.359677762163685,0
smt_33340,1.1887474158160596,163.8,0.7257310230867274,0.3609451680561447,0
smt_30303,1.1887354338233385,163.8,0.7257237080728561,0.3609379174984268,0
smt_30302,1.1883704182642827,163.8,0.7255008658512103,0.36071727730845143,0
smt_19813,1.188359341382125,163.8,0.7254941034078907,0.35934806446097367,0
smt_29531,1.1877790293071453,163.8,0.7251398225318346,0.3590360376508697,0
smt_30301,1.1877242397209382,163.8,0.7251063734560061,0.360327984686873,0
smt_5738,1.1872005716091094,163.8,0.724786673754035,0.35872712562432985,0
smt_30300,1.1870618985871046,163.8,0.7247020137894411,0.3599307041530499,0
smt_5931,1.1866367195958256,163.8,0.7244424417556933,0.35842855760383463,0
smt_30299,1.1865851166269528,163.8,0.7244109381116928,0.3596458361877022,0
smt_6347,1.186542270144668,163.8,0.7243847803081,0.35868434193724075,0
smt_6151,1.1860544708931768,163.8,0.724086978567263,0.35812234107510266,0
smt_29530,1.1859737481939665,163.8,0.7240376973101138,0.3584000053061647,0
smt_30298,1.1857646091047427,163.8,0.7239100177684631,0.3591578121930072,0
smt_19013,1.185419916664588,163.8,0.7236995828233138,0.3581250347953799,0
smt_30297,1.1849651284229936,163.8,0.7234219343241719,0.3586850330684035,0
smt_6313,1.184957412386942,163.8,0.7234172236794517,0.3578969552032121,0
smt_30296,1.1844370528689667,163.8,0.723099543876048,0.3583742593707653,0
smt_7060,1.1844122288650667,163.8,0.7230843888065119,0.3576299372720478,0
smt_30295,1.1838733930940508,163.8,0.7227554292393472,0.358043888097141,0
smt_7053,1.183832035905,163.8,0.7227301806501831,0.35734798310320753,0
smt_30294,1.1834210606370665,163.8,0.722479279998209,0.3577797838757242,0
smt_30293,1.182848709040525,163.8,0.7221298589990995,0.35744691718259874,0
smt_30292,1.1823466340968027,163.8,0.72182334193944,0.35715614473981155,0
smt_30291,1.181623301698659,163.8,0.7213817470687783,0.35673927179663006,0
smt_30290,1.1808314568353122,163.8,0.7208983252962833,0.35628571874378645,0
smt_30289,1.1803648559994917,163.8,0.7206134652011549,0.3560198542773001,0
smt_32757,1.179914597196162,163.8,0.7203385819268388,0.3557642958551049,0
smt_30288,1.1792619194425906,163.8,0.7199401217598234,0.3553956045425806,0
rbt_1627342,0.647008524030464,90.3,0.7165099933892183,0.33677340821078183,0
rbt_1132015,0.6423449943857041,90.3,0.7113455087327842,0.3346115899876259,0
rbt_605970,0.6398132799890976,90.3,0.7085418383046486,0.333034207473358,0
rbt_1626487,0.6395590599004884,90.3,0.7082603099673184,0.3329298709706692,0
smt_37839,1.1496393302067718,163.8,0.7018555129467471,0.3497800717521962,0
rbt_1633896,0.6175288345808622,90.3,0.6838636041870013,0.32148053367087687,0
rbt_605898,0.411694657401775,61.95,0.6645595761126312,0.3121408140849175,0
rbt_609683,0.5681761452821471,90.3,0.6292094632138949,0.29582302723677006,0
rbt_629428,0.5550256195854284,90.3,0.614646311833254,0.2888324485878054,0
sbt_13219,1.2587786535871899,216.3,0.5819596179321266,0.27350628798446547,0
sbt_25939,1.2587776217564088,216.3,0.5819591408952421,0.2735058037615153,0
sbt_13090,1.2587609191452884,216.3,0.5819514189298605,0.27349800796924323,0
sbt_13089,1.2587477045967852,216.3,0.5819453095685553,0.2734918534004354,0
sbt_25895,1.2587366401554927,216.3,0.5819401942466448,0.2734867027210488,0
sbt_35529,1.6529686805311932,286.65,0.5766505077729611,0.27095742009172624,0
rbt_626699,0.5177491883580121,90.3,0.5733656570963589,0.26934396543644995,0
sbt_2987,1.23617993247673,216.3,0.5715117579642764,0.26855257043745157,0
sbt_20222,1.2361799071737458,216.3,0.5715117462661793,0.2685525617884903,0
rbt_605896,0.4241003574838256,76.65,0.5532946607747234,0.23882945673647263,0
sbt_7324,1.1944348403074039,216.3,0.5522121314412408,0.25963035587597033,0
sbt_7561,1.1944276994030867,216.3,0.5522088300522823,0.2596269714849954,0
rbt_1607298,0.33251452283578514,61.95,0.536746606676005,0.25214819898404167,0
sbt_6276,1.1370376535396642,216.3,0.5256762152286936,0.24707043643755877,0
sbt_31020,1.121230028936827,216.3,0.5183680207752321,0.2435540238436099,0
sbt_31021,1.121226502767662,216.3,0.5183663905537041,0.24355237925384499,0
smt_15065,0.8283331623412644,163.8,0.5056979013072431,0.26978362733257255,0
smt_14504,0.8277936329929831,163.8,0.5053685183107345,0.26989639882250566,0
smt_26423,0.8275617985810853,163.8,0.5052269832607358,0.2665822483052088,0
smt_26424,0.8274749881263024,163.8,0.505173985425093,0.26693713835116567,0
smt_14910,0.8272731597318597,163.8,0.5050507690670694,0.2700153149173153,0
smt_14896,0.8267593435245258,163.8,0.504737083958807,0.27014525434706954,0
smt_14518,0.8262351250426693,163.8,0.5044170482555979,0.2702366198003073,0
smt_14364,0.8258058460616815,163.8,0.5041549731756297,0.27035676472624687,0
smt_20872,0.825361002447508,163.8,0.5038833958775994,0.27048580617149925,0
smt_21046,0.8248993111366022,163.8,0.5036015330504287,0.27062164361145385,0
rbt_1607299,0.45383169166576065,90.3,0.5025821613131347,0.236214145187749,0
smt_15269,0.7975105627442737,163.8,0.48688068543606444,0.23121586001590308,0
smt_14937,0.7971203542083959,163.8,0.4866424628866885,0.23099185995169116,0
smt_3613,0.7962526756504213,163.8,0.4861127445973268,0.2304973739350539,0
smt_27096,0.7926502808588805,163.8,0.4839134803778269,0.1675815335857975,0
smt_22848,0.7924947793659448,163.8,0.4838185466214559,0.16753974764878812,0
smt_13721,0.7885554958828596,163.8,0.4814136116500974,0.24091167733684915,0
smt_26395,0.7879810898513491,163.8,0.481062936417185,0.2405696290295798,0
smt_14689,0.7873948665963281,163.8,0.48070504676210496,0.240223731115344,0
smt_21166,0.7867429561070004,163.8,0.48030705501037874,0.2398429461552534,0
smt_23174,0.7861383125939698,163.8,0.4799379197765383,0.23949350703105302,0
smt_21216,0.7852726543721718,163.8,0.47940943490364574,0.23899966636726802,0
sbt_20845,1.3732000597820153,286.65,0.4790511284779401,0.2253205383913209,0
sbt_20853,1.373192377605182,286.65,0.47904844849299916,0.22531779426591478,0
smt_17936,0.778879652637308,163.8,0.47550650344157996,0.16733753264617313,0
smt_6738,0.7788453089475724,163.8,0.4754855365980295,0.16737577424647973,0
smt_22787,0.7785409985592621,163.8,0.4752997549201844,0.1675456224375963,0
smt_6330,0.7769672753024649,163.8,0.4743389959111507,0.16725729945716225,0
smt_6485,0.7753061315230702,163.8,0.47332486661970086,0.16687558348338713,0
smt_38843,0.7740899805217306,163.8,0.4725824056909222,0.16657730812932106,0
smt_38842,0.7733727629690129,163.8,0.4721445439371263,0.16645611149308742,0
smt_14595,0.7719589742845657,163.8,0.4712814250821524,0.25907341683845825,0
smt_14583,0.7712733280574936,163.8,0.4708628376419374,0.25912135221255983,0
smt_14582,0.7707063783760253,163.8,0.47051671451527793,0.2591981631609691,0
smt_14542,0.7701542188910862,163.8,0.47017962081262893,0.2592741197535097,0
smt_14388,0.7696274611047589,163.8,0.46985803486249017,0.2594755288763559,0
smt_14296,0.7688084961011664,163.8,0.46935805622781823,0.2594643485831566,0
smt_14253,0.768387819143673,163.8,0.46910123268844506,0.2594949476941704,0
sbt_6264,0.7627063477633202,163.8,0.46563269094219795,0.21879490155518064,0
sbt_22076,0.762695672975209,163.8,0.465626173977539,0.21878830483527464,0
sbt_6252,0.7626843376736439,163.8,0.4656192537690133,0.21878130248353966,0
sbt_6494,0.76267168717365,163.8,0.46561153063104394,0.21877349076649158,0
smt_14662,0.7418665112224102,163.8,0.4529099580112394,0.25364083647619357,0
smt_2121,0.7407055442593172,163.8,0.4522011869715001,0.25353360520480706,0
smt_13728,0.7401371148887662,163.8,0.4518541604937522,0.2535995216251499,0
smt_14450,0.7395402210965525,163.8,0.45148975646920175,0.25371316597198285,0
smt_15187,0.738807648510483,163.8,0.4510425204581702,0.2536951114099982,0
sbt_3230,0.7209933816704356,163.8,0.4401668996767006,0.3333366990981359,0
sbt_20357,0.7209915242274223,163.8,0.440165765706607,0.33333555799276304,0
smt_40621,0.6997383934307059,163.8,0.42719071638016226,0.26136551129668995,0
smt_40620,0.6984797472880134,163.8,0.4264223121416443,0.2605947862321351,0
smt_40619,0.6972571298324715,163.8,0.4256759034386272,0.25984680264680243,0
smt_40618,0.6960364473011917,163.8,0.42493067600805356,0.25910404551143434,0
smt_40617,0.6949156005872529,163.8,0.42424639840491624,0.25842835989777946,0
smt_5751,0.6939361783336718,163.8,0.4236484605211671,0.24629147410330265,0
smt_40616,0.6937964069643241,163.8,0.4235631300148498,0.2577542967460595,0
smt_40615,0.6927219051987793,163.8,0.4229071460310008,0.25710774880666465,0
smt_5939,0.6926732760171234,163.8,0.42287745788591163,0.24548997794175811,0
smt_40614,0.6916051280867386,163.8,0.4222253529223068,0.25643639468972806,0
smt_5953,0.6913437551443987,163.8,0.42206578458143995,0.24464704704940943,0
smt_40613,0.6906354774876693,163.8,0.4216333806396027,0.25585401685907155,0
smt_29438,0.6899330568788878,163.8,0.4212045524291134,0.24375362149177213,0
smt_40612,0.6898026993349553,163.8,0.42112496906895924,0.2553542451358231,0
smt_40611,0.6889806640111072,163.8,0.420623116001897,0.2548612874767238,0
smt_29439,0.6886538295533974,163.8,0.42042358336593244,0.24294434869679601,0
smt_40610,0.6881699457935236,163.8,0.42012817203511815,0.25437547815569855,0
smt_6284,0.6873546488812464,163.8,0.41963043277243367,0.24212334190151732,0
smt_40609,0.6872382651158977,163.8,0.4195593804126359,0.25381763367030635,0
smt_40608,0.6862736910470857,163.8,0.4189705073547531,0.2532406077671417,0
smt_19113,0.6861028618483616,163.8,0.41886621602464075,0.24134142993342275,0
smt_40607,0.6850705266021312,163.8,0.4182359747265758,0.25252159678570235,0
smt_5966,0.6849263433248032,163.8,0.4181479507477431,0.2406105590628692,0
smt_40606,0.6837300035203694,163.8,0.41741758456677003,0.2517214909733501,0
smt_14678,0.6826362070978335,163.8,0.4167498211830485,0.19457662540187462,0
smt_40605,0.6824100144907135,163.8,0.416611730458311,0.25093468211167136,0
smt_14636,0.6821787756950136,163.8,0.4164705590323648,0.1946174238004196,0
smt_40604,0.681451432351162,163.8,0.41602651547689984,0.2503639576914985,0
smt_40603,0.6805246545659408,163.8,0.41546071707322396,0.2498127057413427,0
smt_40602,0.6795991298148256,163.8,0.4148956836476346,0.24926273360465978,0
smt_18749,0.6785704884634242,163.8,0.41426769747461795,0.23639255347304058,0
smt_6379,0.6785366561089874,163.8,0.4142470428015796,0.23637074225656526,0
smt_22735,0.6776757428592368,163.8,0.41372145473701877,0.23581597315394112,0
smt_29543,0.6768448780208683,163.8,0.4132142112459513,0.23528099810379902,0
smt_29544,0.6758345744368167,163.8,0.41259742029109686,0.23463106856152796,0
smt_6123,0.674607108258101,163.8,0.4118480514396221,0.23384231772282016,0
smt_22682,0.6734330851204535,163.8,0.41113130959734645,0.23308883491221624,0
smt_6112,0.6723931336663729,163.8,0.4104964185997392,0.23242217510492535,0
smt_29545,0.6714009848662275,163.8,0.40989071115154296,0.23178685561402038,0
smt_19016,0.6702651728962242,163.8,0.40919729725044207,0.23106039696155534,0
smt_19015,0.6691761777605788,163.8,0.40853246505529844,0.23036476021230376,0
smt_6053,0.6680795738782599,163.8,0.4078629877156653,0.2296651539537935,0
smt_5649,0.6669621212044737,163.8,0.4071807821761133,0.22281694137400374,0
smt_19012,0.665644006661187,163.8,0.40637607244272705,0.22195829705672346,0
smt_6634,0.6645120507292568,163.8,0.4056850126552239,0.22122198004934004,0
smt_6638,0.66337936104916,163.8,0.40499350491401703,0.22048619633104402,0
smt_19010,0.6624385745029243,163.8,0.4044191541531894,0.2198768878439933,0
smt_19009,0.661234314260342,163.8,0.4036839525398913,0.21910160721629277,0
smt_29546,0.6601442180978434,163.8,0.4030184481671815,0.2184009284598568,0
smt_6565,0.6592096985980453,163.8,0.4024479234420301,0.21780110793639587,0
smt_6745,0.6583961707890009,163.8,0.4019512642179492,0.21727960644081154,0
smt_6601,0.6569917700878087,163.8,0.4010938767324839,0.21638081892378458,0
smt_6690,0.655767737980945,163.8,0.4003466043839713,0.21559904224518364,0
sbt_20691,0.6554697100743143,163.8,0.40016465816502705,0.3029301264531987,0
sbt_3828,0.6554678666251114,163.8,0.4001635327381632,0.30292899969966763,0
sbt_20690,0.6554665875815564,163.8,0.400162751881292,0.3029282182436512,0
sbt_3802,0.6554640702364007,163.8,0.40016121504053764,0.30292668098777287,0
smt_6717,0.6547989615199761,163.8,0.3997551657631111,0.21498136858277295,0
smt_6528,0.653702271787468,163.8,0.3990856360118851,0.21428331655396624,0
smt_24102,0.6525631260495071,163.8,0.39839018684341093,0.21355959985153353,0
smt_24103,0.6514920578662575,163.8,0.39773629906364927,0.21288043218943112,0
smt_7041,0.650585700453655,163.8,0.39718296730992364,0.21230671685243763,0
smt_5651,0.649701209526542,163.8,0.3966429850589389,0.2117477558457481,0
smt_18849,0.648357947122223,163.8,0.3958229225410397,0.2109006414355328,0
smt_29440,0.647272028336818,163.8,0.39515996845959583,0.21021742283875586,0
smt_29441,0.6461716837558882,163.8,0.39448820742117713,0.20952663558415927,0
sbt_28835,0.6423444510815249,163.8,0.39215167953695046,0.18446502019163966,0
sbt_22971,0.6395577029622762,163.8,0.3904503681088377,0.18353742008711857,0
sbt_7601,0.6395576479831473,163.8,0.39045033454404593,0.18353739865618626,0
sbt_7600,0.6395575712369341,163.8,0.390450287690436,0.18353736891221983,0
sbt_14630,0.8321584931070253,216.3,0.38472422242580917,0.1808492757583032,0
sbt_14629,0.8321575499982163,216.3,0.3847237864069424,0.18084883196155646,0
sbt_26794,0.8321556916579735,216.3,0.38472292725750046,0.18084795837895296,0
smt_39158,0.628757748080257,163.8,0.3838569890599859,0.1927967988093913,0
smt_39157,0.6283210712459217,163.8,0.38359039758603275,0.19253739225314012,0
smt_39156,0.6278552014997344,163.8,0.3833059838215716,0.19226312285246927,0
smt_39155,0.6273660121930762,163.8,0.38300733345120647,0.19197794538442378,0
smt_39154,0.6268904271573476,163.8,0.38271698849654917,0.1917035375166346,0
smt_39153,0.6264309351407576,163.8,0.38243646833990086,0.1914411385717579,0
smt_39152,0.6259680749198832,163.8,0.38215389189248056,0.19117958706954766,0
smt_39151,0.6255076574560946,163.8,0.3818728067497525,0.19092224019569218,0
smt_39150,0.6250065375237502,163.8,0.38156687272512224,0.19064542229832593,0
smt_39149,0.6245087769566664,163.8,0.3812629895950344,0.19037392788296922,0
smt_39148,0.6240179273267887,163.8,0.3809633255963301,0.19010967290491484,0
smt_39147,0.623456997873729,163.8,0.3806208778227893,0.18981201900970526,0
smt_39146,0.6229740514174894,163.8,0.38032603871641596,0.1895595415600965,0
smt_39604,0.6224641016049417,163.8,0.3800147140445309,0.1892968582965676,0
smt_39145,0.6219977634088177,163.8,0.37973001429109754,0.18906024285491665,0
smt_39144,0.6219747176696571,163.8,0.3797159448532704,0.18904864029484222,0
rbt_637912,0.23454104325025862,61.95,0.378597325666277,0.1779828520154719,0
sbt_5607,0.617528543969343,163.8,0.37700155309483696,0.1772262664413978,0
sbt_27826,0.6175273737216602,163.8,0.37700083865791223,0.1772255353977431,0
sbt_12635,0.5629498716920411,163.8,0.3436812403492314,0.16143142465966062,0
sbt_25351,0.5629401196436623,163.8,0.34367528671774256,0.16142544624169194,0
sbt_12020,0.5629313541479929,163.8,0.343669935377285,0.1614200741778691,0
sbt_3750,0.5629218273372671,163.8,0.3436641192535208,0.16141423720044298,0
smt_37829,0.5457211785178123,163.8,0.33316311264823706,0.16967828696877255,0
smt_37834,0.5450460875166387,163.8,0.3327509691798771,0.16952411120191102,0
smt_37835,0.5445822351908831,163.8,0.3324677870518212,0.16942893798045958,0
smt_37921,0.5440829866983388,163.8,0.33216299554233136,0.1693203642078032,0
smt_37857,0.5440807526893339,163.8,0.33216163167847,0.16932447671167358,0
sbt_15442,0.7145458261434954,216.3,0.3303494341856197,0.2501081172092469,0
sbt_35534,0.9338571649460192,286.65,0.32578306818280806,0.15306155168287586,0
sbt_34001,0.6470066250095857,216.3,0.29912465326379367,0.1405938321900171,0
sbt_14107,0.6395589666571829,216.3,0.29568144551880854,0.13899009647132873,0
smt_6402,0.4787699759251097,163.8,0.29228936259164207,0.14041705961909193,0
smt_6977,0.4782591230101609,163.8,0.2919774865751898,0.14024718469521688,0
smt_7259,0.47750310250258393,163.8,0.29151593559376304,0.14000804880204884,0
smt_6768,0.4764851414835799,163.8,0.2908944697701953,0.1397123722460389,0
smt_7102,0.4758723724984495,163.8,0.2905203739306773,0.13954993685688638,0
smt_6808,0.4751556910250707,163.8,0.2900828394536451,0.13937354029204005,0
smt_6803,0.4745242682114361,163.8,0.2896973554404372,0.13922248287154648,0
rbt_1637704,0.17496635891600312,61.95,0.28243157210008574,0.1326633038819742,0
smt_14092,0.46121449951591975,163.8,0.2815717335262025,0.1566740548030867,0
smt_14186,0.46067543615912315,163.8,0.2812426350177797,0.15665667423686827,0
smt_13980,0.46021054768812686,163.8,0.28095882032242175,0.15670432754707955,0
smt_6301,0.4588080411137751,163.8,0.2801025892025489,0.1438198700924024,0
smt_14330,0.4584021841484234,163.8,0.27985481327742573,0.1329982213667363,0
smt_6120,0.45785786123048994,163.8,0.2795225038037179,0.1435286915715283,0
smt_37830,0.45592018284286706,163.8,0.2783395499651203,0.14301569522512134,0
smt_15072,0.455563661101581,163.8,0.2781218932244084,0.13138285036689648,0
smt_20991,0.45516303449931794,163.8,0.27787731043914404,0.1311629188342277,0
smt_14716,0.45469862294424945,163.8,0.2775937869012512,0.130910647246454,0
sbt_28762,0.453831383270808,163.8,0.27706433655116486,0.13022042419735022,0
smt_14715,0.45359774937150704,163.8,0.27692170291300794,0.13032456363935543,0
smt_20989,0.45220997507435357,163.8,0.27607446585735873,0.13005912367378789,0
rbt_605865,0.21149427612879854,76.65,0.2759220823598154,0.12976998534654352,0
smt_15262,0.4518869234550944,163.8,0.27587724264657776,0.1299623587705074,0
smt_14616,0.4517525666085622,163.8,0.2757952177097449,0.12938237366323693,0
smt_14746,0.4516371909074244,163.8,0.27572478077376333,0.12989345726242055,0
smt_13726,0.451475534668201,163.8,0.27562608954102624,0.1292725386330588,0
smt_23197,0.45133388939328484,163.8,0.27553961501421537,0.12981636908982444,0
smt_20990,0.45120139610676563,163.8,0.27545872778190816,0.12916811814902837,0
smt_26473,0.4510072623071578,163.8,0.2753402089787288,0.1297413439179835,0
smt_14832,0.45087871258973194,163.8,0.2752617292977606,0.12905087928546247,0
smt_14373,0.450621679296966,163.8,0.275104810315608,0.12896206924146572,0
smt_27626,0.45036354780976284,163.8,0.2749472208850811,0.12887713827579778,0
smt_26475,0.4484477046284901,163.8,0.2737775974532906,0.12957514839940296,0
smt_13751,0.4476634375689442,163.8,0.2732988019346424,0.1291319647801568,0
smt_13530,0.44691656625228443,163.8,0.2728428365398562,0.12871416272759714,0
smt_37961,0.44628472401941727,163.8,0.27245709647095073,0.12836404741036414,0
smt_37998,0.4454963332093924,163.8,0.27197578340011747,0.12793167050669194,0
rbt_1632306,0.24427267192818217,90.3,0.27051237201349076,0.12709373429017623,0
smt_39769,0.4423311745491961,163.8,0.2700434521057363,0.13135246741682877,0
smt_39779,0.44164456109451,163.8,0.26962427417247253,0.13120399712383332,0
smt_39770,0.4416217729504607,163.8,0.2696103619966182,0.13135838894516885,0
smt_39771,0.4410706157689593,163.8,0.2692738802008298,0.1314120886748622,0
smt_39772,0.4404752204516932,163.8,0.26891039099614966,0.1314593577521554,0
smt_39773,0.4398884891840942,163.8,0.2685521911990807,0.13153307783921264,0
smt_39774,0.4392442835552295,163.8,0.26815890326937086,0.1315163746377167,0
smt_39775,0.4388584622132177,163.8,0.2679233591045285,0.13165274251859313,0
smt_38722,0.4384262787586408,163.8,0.267659510841661,0.1109645625422258,0
smt_39776,0.438194753353853,163.8,0.26751816444069165,0.13170621878123914,0
smt_38723,0.43776098292042065,163.8,0.2672533473262641,0.1104265262721749,0
smt_39777,0.4376171587611229,163.8,0.2671655425892081,0.13177853793428176,0
smt_39778,0.43705722930942753,163.8,0.2668237053171108,0.13179551156642236,0
smt_38724,0.4369210921606859,163.8,0.26674059350469226,0.1097508163653698,0
smt_38725,0.4360217284278154,163.8,0.26619153139671264,0.10903200836416777,0
smt_38726,0.43517449716946366,163.8,0.26567429619625377,0.10835978527648689,0
smt_38727,0.4340278387754964,163.8,0.2649742605467011,0.10745838709162851,0
smt_13761,0.4337920880423281,163.8,0.26483033458017585,0.15192378757835756,0
smt_38728,0.4334703802196628,163.8,0.26463393175803585,0.10702397278053709,0
smt_38729,0.4327773202966903,163.8,0.2642108182519477,0.10648765597014097,0
smt_38730,0.4321610177854647,163.8,0.26383456519259135,0.10601447413168652,0
smt_38731,0.4312892828652223,163.8,0.26330237049158867,0.10535164191673307,0
smt_38732,0.43039355803239765,163.8,0.2627555299343087,0.1046791127720524,0
smt_38733,0.42960495515150865,163.8,0.26227408739408337,0.10409481532424449,0
smt_38734,0.42880121562527046,163.8,0.2617834039226315,0.10350746286579804,0
smt_38735,0.4279745842190529,163.8,0.2612787449444767,0.10291268448112194,0
smt_38736,0.42718719159770085,163.8,0.2607980412684376,0.10235563164234764,0
smt_38737,0.42642683968630785,163.8,0.2603338459623369,0.10182720296990026,0
smt_38738,0.4257349782507638,163.8,0.2599114641335554,0.10135508625780972,0
smt_3147,0.4255681743515266,163.8,0.2598096302512372,0.12351709836283205,0
smt_3146,0.4254149849071568,163.8,0.25971610800192724,0.12342693850609367,0
smt_3112,0.42510437512408683,163.8,0.25952648053973554,0.12324502333922943,0
smt_38739,0.4248652873030713,163.8,0.2593805172790423,0.10077430909473384,0
smt_3111,0.42449826725309536,163.8,0.259156451314466,0.12289357300081592,0
smt_38740,0.4240408634735067,163.8,0.25887720602778186,0.10023784133523904,0
smt_14644,0.42385759716296234,163.8,0.25876532183331036,0.12252732628980721,0
smt_38741,0.4233712028490908,163.8,0.25846837780774773,0.09981294870492176,0
smt_14834,0.42313571380176834,163.8,0.25832461160059117,0.12210846795982833,0
smt_38742,0.42257173249716107,163.8,0.2579803006698175,0.09931940097556209,0
smt_18751,0.4206737908433498,163.8,0.2568216061314712,0.1157216080524232,0
smt_22631,0.4206580154826248,163.8,0.2568119752641177,0.11571118550589687,0
smt_6225,0.419761230146049,163.8,0.25626448726865014,0.11512116558744256,0
smt_6306,0.418888920601544,163.8,0.25573194175918434,0.11455199982279192,0
smt_6311,0.4179273791726891,163.8,0.2551449201298468,0.1139303440532643,0
smt_19807,0.4169682817286529,163.8,0.25455939055473314,0.11331659903208234,0
smt_3430,0.416655557693211,163.8,0.2543684723401776,0.13454107275374946,0
smt_6992,0.4166351863345697,163.8,0.2543560356132904,0.13464042187656633,0
smt_29551,0.4160851127170658,163.8,0.25402021533398395,0.11275735430370294,0
smt_6608,0.4159284932807017,163.8,0.25392459907246745,0.13467263039509822,0
smt_29552,0.41538721196635636,163.8,0.25359414649960704,0.11231964298098729,0
smt_6429,0.4147152635194782,163.8,0.253183921562563,0.13452732115447577,0
smt_6620,0.4139815773223299,163.8,0.25273600569128807,0.1344773331481131,0
smt_38743,0.4088823287081757,163.8,0.24962291129925254,0.09158138910125618,0
smt_38744,0.40821247687396484,163.8,0.24921396634552187,0.09147794662097565,0
smt_38745,0.4075539279204881,163.8,0.24881192180737977,0.09140526260012886,0
smt_38746,0.4069026075945351,163.8,0.248414290350754,0.09137635980548577,0
smt_38749,0.4061991248341057,163.8,0.2479848136960352,0.09134288595594063,0
smt_38747,0.4055882123588317,163.8,0.247611851256918,0.09131048120451908,0
smt_38748,0.40514647659308256,163.8,0.24734217130224817,0.0913901110807141,0
smt_6042,0.3904411462871359,163.8,0.23836455817285462,0.12355213519075135,0
smt_32843,0.36810586560741987,163.8,0.2247288556821855,0.12064582104189543,0
smt_32842,0.3676472074669752,163.8,0.22444884460743297,0.12067167217272244,0
smt_36326,0.36085210306487253,163.8,0.2203004292215339,0.08056224005377383,0
smt_36327,0.3602864644783986,163.8,0.21995510651916886,0.08049375638378996,0
smt_36328,0.359736219973694,163.8,0.21961918191312207,0.080462892492452,0
smt_36329,0.3591854902853046,163.8,0.21928296110213957,0.0804088390315401,0
smt_36330,0.35880593722319093,163.8,0.21905124372600177,0.08046312791194092,0
smt_24232,0.3523003335642956,163.8,0.21507956872057116,0.0864203942624615,0
smt_37982,0.35103878548714074,163.8,0.21430939284929226,0.08474172782417465,0
smt_21273,0.3507818122223273,163.8,0.2141525105142413,0.08455436283000323,0
smt_37350,0.350464989111726,163.8,0.2139590898117985,0.08433297145506925,0
smt_37351,0.35045645688304305,163.8,0.21395388088097864,0.08432780768674564,0
smt_37349,0.3504492717000115,163.8,0.21394949432235133,0.08432517826961482,0
smt_14333,0.35013643965393304,163.8,0.2137585101672363,0.08412352569148367,0
smt_13481,0.3498429677732795,163.8,0.21357934540493254,0.08394907348863967,0
smt_20988,0.3495383430853093,163.8,0.21339337184695314,0.08378357160505084,0
smt_21156,0.3491789025009519,163.8,0.21317393315076427,0.08490979228333267,0
smt_15268,0.3479673604181522,163.8,0.21243428596956787,0.08433454064938223,0
smt_14171,0.3467612320247191,163.8,0.21169794384903484,0.0838163367615956,0
smt_14621,0.34563059053483747,163.8,0.2110076865292048,0.08338191409530869,0
smt_14661,0.3450959770461235,163.8,0.21068130466796306,0.08320476432051675,0
smt_21159,0.3441971903713565,163.8,0.210132594854308,0.08292864271085448,0
sbt_22703,0.45383141415163397,216.3,0.20981572545151822,0.09861353184578096,0
smt_21160,0.34349180607268665,163.8,0.2097019573093325,0.08274831911321341,0
rbt_628766,0.16028273325392944,76.65,0.20910989335150612,0.09825754878755123,0
smt_37950,0.4507121916429601,216.3,0.208373643847878,0.0982000150627979,0
rbt_1607349,0.18766318211489774,90.3,0.2078219071039842,0.09769151164162716,0
smt_31409,0.33226255238299784,163.8,0.20284649107631122,0.0968557676511785,0
smt_31410,0.33222037694857176,163.8,0.202820742947846,0.09683369185235158,0
smt_27028,0.39468444936556357,216.3,0.18247085037705202,0.086949231080368,0
smt_39765,0.5962898452717675,327.6,0.1820176572868643,0.1051636828538579,0
smt_39766,0.5949187817506816,327.6,0.18159913972853528,0.10473218659286725,0
smt_39767,0.5939596429533308,327.6,0.18130636231786654,0.10443059550944477,0
smt_27649,0.29671658808047247,163.8,0.1811456581687866,0.0684359476680987,0
smt_39768,0.5926887201952868,327.6,0.18091841275802406,0.1040313127133967,0
smt_27648,0.2961862168679245,163.8,0.18082186621973412,0.06844448324211834,0
smt_17394,0.2922891176271498,163.8,0.17844268475405972,0.08565907613638916,0
smt_17266,0.2914201780884954,163.8,0.17791219663522306,0.08515278027961147,0
smt_17265,0.2908239012606538,163.8,0.17754816926779843,0.08481436204958302,0
smt_17267,0.2896115161676511,163.8,0.1768080074283584,0.08415095816698646,0
smt_20993,0.28899479689325375,163.8,0.17643149993483134,0.0838272530478386,0
smt_13773,0.28840232921513814,163.8,0.17606979805563988,0.0835257403692976,0
smt_13650,0.2878129492033881,163.8,0.17570998119864964,0.08323556940857187,0
smt_13985,0.2869902550755887,163.8,0.17520772593137282,0.0828479637249041,0
smt_13442,0.2862035499745196,163.8,0.17472744198688617,0.08249778868814825,0
smt_14905,0.28551076650065915,163.8,0.17430449725314964,0.08220735486649727,0
smt_14795,0.2844176394942831,163.8,0.17363714254840237,0.08178645698008782,0
smt_26470,0.28394001166982813,163.8,0.1733455504699805,0.08161810763135792,0
smt_14264,0.2830780153891824,163.8,0.17281930121439706,0.08134132692389735,0
smt_15055,0.28250890197936734,163.8,0.1724718571302609,0.08117980153822614,0
smt_15155,0.2820217195712034,163.8,0.17217443197265164,0.0810570989073756,0
smt_37988,0.28186119590262776,163.8,0.1720764321749864,0.08246364928655649,0
smt_14675,0.2814709557842746,163.8,0.17183819034448997,0.0809340561606501,0
smt_37997,0.2814403233829081,163.8,0.17181948924475463,0.0823916425941908,0
smt_14617,0.2809897286030774,163.8,0.1715444008565796,0.08087269462708867,0
smt_14481,0.28004985585266423,163.8,0.17097060796865945,0.08070742579350323,0
smt_20996,0.27971721088335555,163.8,0.17076752801181658,0.0806451239377693,0
smt_14831,0.27970092955462356,163.8,0.17075758825068593,0.08064491679993614,0
smt_20928,0.2766628637180846,163.8,0.16890284720273782,0.11599927852336699,0
smt_14185,0.2763094856458815,163.8,0.1686871096739203,0.11528373831038559,0
smt_26353,0.27587674338159107,163.8,0.1684229202573816,0.11438671925368478,0
smt_14130,0.27550099503497355,163.8,0.168193525662377,0.1135875733598707,0
smt_13313,0.2752019772470561,163.8,0.16801097512030286,0.11293690541495295,0
smt_20929,0.2749690647704938,163.8,0.16786878191116839,0.11242032438173787,0
smt_41343,0.2746584530935862,163.8,0.16767915329278768,0.11171706704962127,0
smt_20931,0.2743522220098772,163.8,0.16749219902922904,0.11100632341502749,0
smt_20309,0.27407709145109854,163.8,0.1673242316551273,0.11035164308989527,0
smt_21102,0.27376927365852555,163.8,0.16713630870483853,0.10959929077455126,0
smt_20932,0.27349156511755934,163.8,0.16696676747103745,0.10890063660979722,0
smt_14573,0.27319658514686707,163.8,0.16678668201884433,0.10813550302270143,0
smt_20933,0.2729422647321157,163.8,0.16663141925037586,0.10745459036329051,0
smt_14602,0.2726401695271625,163.8,0.16644698994332266,0.10661688606934742,0
smt_37765,0.27244445964012814,163.8,0.16632750893780718,0.08016424513419577,0
smt_26345,0.27240178649369023,163.8,0.16630145695585483,0.10593080217282212,0
smt_21047,0.2721410768271122,163.8,0.16614229354524554,0.10515147230512205,0
smt_14712,0.2720233959561294,163.8,0.16607044930166628,0.10478858354770575,0
smt_37764,0.27190370383198303,163.8,0.16599737718680282,0.07985031818099599,0
smt_37763,0.2712923164614264,163.8,0.1656241248238256,0.07950304370404822,0
smt_37762,0.2707221143716951,163.8,0.16527601609993592,0.07918694022182009,0
smt_37766,0.270244518436205,163.8,0.1649844434897466,0.07892829740591804,0
smt_15284,0.26000708448531445,163.8,0.15873448381276828,0.07600580244700114,0
smt_21155,0.25976530261939007,163.8,0.15858687583601347,0.0758633397178425,0
smt_19259,0.25936888733261954,163.8,0.15834486406142828,0.07563251511241906,0
smt_6169,0.25347170359342847,163.8,0.15474462978841785,0.08315922309310948,0
smt_5803,0.2525505490335804,163.8,0.15418226436726518,0.07614237036816847,0
smt_4152,0.2514106228533561,163.8,0.15348633873831263,0.0758325617037198,0
smt_19215,0.25100553817320437,163.8,0.15323903429377556,0.07577921061819708,0
smt_31609,0.36009738262353364,240.45,0.1497597765121787,0.07375406472362546,0
smt_31608,0.36001467298713363,240.45,0.14972537865965216,0.07375612513633788,0
smt_31592,0.3600114735588509,240.45,0.1497240480594098,0.07376119259869042,0
smt_40592,0.3515649090972186,240.45,0.14621123272914063,0.050828771098806895,0
smt_40591,0.3515368785694425,240.45,0.14619957520043356,0.05084850014839176,0
smt_6233,0.2392792970960877,163.8,0.1460801569573185,0.08749791994423155,0
smt_40593,0.3512271684494341,240.45,0.1460707708253001,0.05079506734013481,0
smt_18688,0.41666862710020014,286.65,0.14535797212635626,0.07242443995923595,0
smt_18689,0.4165209351023794,286.65,0.14530644866645018,0.07263785343089015,0
smt_19335,0.41641314137599533,286.65,0.14526884401744125,0.07290941867803309,0
smt_18690,0.4162844818239611,286.65,0.14522396016883346,0.07322482973434985,0
smt_5658,0.23718341131685375,163.8,0.1448006174095566,0.10094226296461754,0
smt_23912,0.23675385747567915,163.8,0.14453837452727664,0.08590203809306717,0
smt_29547,0.23672041337418678,163.8,0.14451795688289792,0.08588096488477188,0
smt_6108,0.23546227790634255,163.8,0.14374986441168652,0.0850894202002468,0
smt_19806,0.23420073892074056,163.8,0.1429796940908062,0.0842982647392092,0
smt_6731,0.2330048329012076,163.8,0.14224959273577997,0.08355078308915441,0
smt_14826,0.2328395275252463,163.8,0.14214867370283657,0.06754630438843157,0
smt_14726,0.23214664935783286,163.8,0.1417256711586281,0.06714471518919535,0
smt_6244,0.23188292539474073,163.8,0.14156466751815674,0.08285193570817224,0
smt_5933,0.23149765570021916,163.8,0.14132946013444392,0.06677888512653567,0
smt_19805,0.23042468063404853,163.8,0.14067440820149482,0.0819472897574151,0
smt_6478,0.22901355392322573,163.8,0.13981291448304378,0.0810761885844639,0
smt_14023,0.2283417919383062,163.8,0.1394028033811393,0.06713738052720868,0
smt_29549,0.22792769075553637,163.8,0.1391499943562493,0.052574409325695265,0
smt_29548,0.22776283855851906,163.8,0.13904935198932786,0.08030795489372221,0
smt_20873,0.22751172483702323,163.8,0.13889604690904958,0.06669768556118237,0
smt_13778,0.22690492944540913,163.8,0.1385255979520202,0.06639040681265078,0
smt_7344,0.22667397751565602,163.8,0.13838460165790964,0.051736554986560664,0
smt_6590,0.2265009728766615,163.8,0.13827898222018403,0.07953682610563628,0
smt_13282,0.22630824893727294,163.8,0.13816132413752927,0.06610093302222807,0
smt_7058,0.22576701796084442,163.8,0.1378309022959978,0.05117579249164066,0
smt_6672,0.2253691328260208,163.8,0.13758799317827888,0.07884878651537965,0
smt_13691,0.22535622194706326,163.8,0.13758011107879317,0.06566760252669566,0
smt_6161,0.2245961853260392,163.8,0.1371161082576552,0.050523054416413755,0
smt_14091,0.2243125527854656,163.8,0.13694295041847715,0.06523764443389997,0
smt_6679,0.22423193381898346,163.8,0.13689373249022188,0.07816119746505526,0
smt_14412,0.22358167568548334,163.8,0.13649674950273707,0.06496817342598427,0
smt_7070,0.2231537235397914,163.8,0.1362354844565271,0.07751294490369862,0
smt_24104,0.22297073507587467,163.8,0.13612376988759137,0.04979493433881672,0
smt_31605,0.327054609457912,240.45,0.13601772071445706,0.06534000049152076,0
smt_6068,0.2227565980641498,163.8,0.13599303911120256,0.06673832617870576,0
smt_31604,0.3269948387389604,240.45,0.1359928628567105,0.06553171523880093,0
smt_31603,0.32688368896090064,240.45,0.13594663712243737,0.0656960094301615,0
smt_5830,0.22197856723736983,163.8,0.1355180508164651,0.06646678700039217,0
smt_28124,0.22148178274748126,163.8,0.13521476358210088,0.04942171442744939,0
smt_5639,0.22117882496349187,163.8,0.13502980767001943,0.06622438167116836,0
smt_37922,0.29129826043897283,216.3,0.13467325956494353,0.05335810856767168,0
smt_37899,0.2912865787920668,216.3,0.13466785889600869,0.05346295362249051,0
smt_37900,0.29072208711240133,216.3,0.13440688262246941,0.053464738265773776,0
smt_6349,0.21990023264069217,163.8,0.13424922627636884,0.049102466719833614,0
smt_37901,0.2901531915675021,216.3,0.134143870350209,0.053461024968489625,0
smt_37902,0.2896631729743994,216.3,0.1339173245374015,0.0534795757876751,0
smt_6831,0.21592548761036484,163.8,0.13182264200876972,0.055802727799627534,0
smt_4929,0.37227550282626354,286.65,0.12987109814277467,0.06390899876544356,0
smt_18685,0.3721133551130197,286.65,0.12981453169824514,0.0641935654335275,0
smt_19328,0.37195247317067204,286.65,0.12975840682737555,0.06451338190532237,0
smt_5142,0.3717839522562995,286.65,0.1296996170438861,0.06482909638612035,0
smt_18686,0.371629237198132,286.65,0.1296456435367633,0.06510922713337451,0
smt_19330,0.3715014463628242,286.65,0.1296010627464937,0.06538789022832907,0
smt_22900,0.3713832894865495,286.65,0.12955984283500768,0.06567244728115233,0
smt_5577,0.37127128708136975,286.65,0.12952076995687067,0.06599717088906686,0
smt_4928,0.36000959520979925,286.65,0.1255920443780915,0.06195606041986928,0
smt_27825,0.1967306117943403,163.8,0.12010415860460334,0.057470516511000956,0
smt_16964,0.19645970920954603,163.8,0.11993877241120024,0.057313162100566716,0
smt_6492,0.19590085190999276,163.8,0.11959758968864026,0.05837328252164456,0
smt_2915,0.1952634241195919,163.8,0.11920843963345049,0.0574254255809449,0
smt_16963,0.1952255129550085,163.8,0.11918529484432752,0.05662306070652307,0
smt_29534,0.19508270181159312,163.8,0.11909810855408615,0.0580683082174805,0
smt_6464,0.19477449598166624,163.8,0.11890994870675593,0.057303828242190935,0
smt_6526,0.19402844967156452,163.8,0.1184544869789771,0.056942801048601575,0
smt_6700,0.1935137843354325,163.8,0.11814028347706503,0.056707971520261635,0
smt_21045,0.19277457555593708,163.8,0.11768899606589564,0.08688584488597335,0
smt_20934,0.1925234025923546,163.8,0.11753565481828727,0.0863176662239211,0
smt_20935,0.19225726715451005,163.8,0.11737317897100735,0.08569177744001528,0
smt_14187,0.19201145844708273,163.8,0.11722311260505659,0.08508827196902459,0
smt_14724,0.19179807908120716,163.8,0.11709284437192134,0.08454270576618199,0
smt_14853,0.19178919864405908,163.8,0.11708742285962091,0.08451941388102695,0
smt_21048,0.19154349321904005,163.8,0.11693741954764349,0.08385615968553373,0
smt_39709,0.19131953823617595,163.8,0.1168006948938803,0.08321509626947066,0
smt_39710,0.19106769654790032,163.8,0.11664694538943852,0.08244124406099057,0
smt_39711,0.19084106143663096,163.8,0.1165085845156477,0.08168135215096146,0
smt_39708,0.19063978369992238,163.8,0.11638570433450694,0.08093615383993913,0
smt_14565,0.19046300887166492,163.8,0.11627778319393463,0.08020217673934574,0
smt_21051,0.1903338491635463,163.8,0.1161989311132761,0.0795952489019132,0
smt_14804,0.1902237254755058,163.8,0.11613170053449683,0.07900429453423823,0
smt_14134,0.19013199664124414,163.8,0.11607570002517957,0.07842788090877453,0
smt_14196,0.19006629278653042,163.8,0.1160355877817646,0.07793309993290279,0
smt_21050,0.1900224727256279,163.8,0.11600883560783143,0.07753353119982002,0
smt_21049,0.18995336895402523,163.8,0.11596664771308011,0.07657445503116493,0
smt_5525,0.18791088754555002,163.8,0.11471971156626984,0.09819316088291792,0
smt_18796,0.18788114313444654,163.8,0.11470155258513218,0.09816577207363963,0
sbt_36538,0.18766303080642766,163.8,0.11456839487571896,0.05385548316141179,0
sbt_33400,0.1876615970954305,163.8,0.11456751959427992,0.05385459479683189,0
sbt_33399,0.18765932193813364,163.8,0.11456613060936119,0.053853185606606506,0
smt_5394,0.18685861100333884,163.8,0.11407729609483445,0.09721970488072519,0
smt_19804,0.14107852824283404,123.9,0.11386483312577403,0.05574265958566268,0
smt_18797,0.1857835540176875,163.8,0.11342097314877136,0.09621498916777661,0
smt_6171,0.14027884213550743,123.9,0.1132194044677219,0.05549471465667082,0
smt_5220,0.18482668864707655,163.8,0.11283680625584647,0.09531153288902965,0
smt_6245,0.13955848835267853,123.9,0.11263800512726274,0.05538577994505836,0
smt_5880,0.18396533545273927,163.8,0.11231094960484692,0.0944904003030121,0
smt_5886,0.18281189409174498,163.8,0.11160677294978325,0.09337840183322922,0
smt_5813,0.18174492849427348,163.8,0.11095538980114375,0.09233622089461936,0
smt_5629,0.18090958194426918,163.8,0.11044541022238653,0.09151052519107182,0
smt_37215,0.18080836053245755,163.8,0.11038361448867981,0.05327304741173098,0
smt_31600,0.3613188090162857,327.6,0.11029267674489796,0.052689368685589356,0
smt_31599,0.3611298631407326,327.6,0.11023500095870957,0.05289731517785897,0
smt_31598,0.360944081286749,327.6,0.11017829099107111,0.0531016165788279,0
smt_31597,0.3607701968282409,327.6,0.11012521270703324,0.05327223434747247,0
smt_31596,0.3606307824879336,327.6,0.11008265643709816,0.053420720161693226,0
smt_31595,0.36051439604462454,327.6,0.11004712943975108,0.05360519913503418,0
smt_31594,0.3603770426077905,327.6,0.11000520226123031,0.05379241049293143,0
smt_31593,0.3602433570796472,327.6,0.10996439471295703,0.05400819708741219,0
smt_5847,0.17980297010673277,163.8,0.10976982301998336,0.09040250692398001,0
smt_29412,0.17899064778054122,163.8,0.10927389974392016,0.08957810919617286,0
smt_5905,0.17821206514392307,163.8,0.1087985745689396,0.0887785221779271,0
sbt_34894,0.2345404820200509,216.3,0.10843295516414743,0.050975407312158834,0
sbt_34893,0.23453946468371747,216.3,0.10843248482834834,0.050974929020953456,0
smt_6293,0.17744364496171813,163.8,0.10832945357858248,0.0879797005781011,0
smt_29485,0.17669249189147374,163.8,0.10787087417061887,0.08718889263499037,0
smt_31002,0.176436785261131,163.8,0.10771476511668558,0.04442249049540659,0
smt_28365,0.17608694635835526,163.8,0.10750118825296412,0.08654374300769897,0
rbt_605908,0.09706184057995762,90.3,0.10748819554812583,0.050499260648409434,0
smt_31003,0.17601574882304385,163.8,0.10745772211419038,0.044248417588292566,0
smt_31004,0.17568399683603197,163.8,0.10725518732358484,0.04412163747187959,0
smt_28366,0.17544151187482546,163.8,0.10710715010673102,0.08584808959843448,0
smt_31005,0.17499263464524673,163.8,0.10683311028403339,0.04389845748197164,0
smt_28367,0.17468669416424568,163.8,0.10664633343360543,0.08502332313934484,0
smt_28414,0.1739413832759542,163.8,0.10619132068129071,0.08419612975058223,0
smt_28415,0.17315831104982263,163.8,0.10571325460917132,0.08331206920364088,0
smt_28416,0.17248751581575772,163.8,0.10530373370925379,0.0825414479798321,0
smt_28417,0.1716209442197845,163.8,0.10477469122086965,0.0815258004876118,0
smt_31633,0.3333441344712584,327.6,0.1017533988007504,0.04385346403246345,0
smt_31632,0.3330553246237545,327.6,0.10166523950664057,0.044022332045757194,0
smt_31631,0.3326530142103399,327.6,0.10154243413014039,0.044138593185655106,0
smt_31630,0.33236070595523565,327.6,0.10145320694604262,0.04425713878758222,0
smt_31629,0.3320886944245578,327.6,0.10137017534327161,0.04439534118799949,0
smt_31628,0.33179144274091793,327.6,0.10127943917610438,0.04456514594284488,0
smt_31627,0.33144556471638514,327.6,0.10117385980353635,0.04473106374774139,0
smt_31626,0.3311171391764633,327.6,0.10107360780722321,0.04488037728696248,0
smt_31625,0.3308329050450613,327.6,0.1009868452518502,0.04488588779761416,0
smt_31624,0.3307985260567302,327.6,0.10097635105516795,0.04505566851312522,0
smt_31623,0.3305196702794564,327.6,0.1008912302440343,0.045211628963211355,0
smt_31622,0.3302532814611423,327.6,0.10080991497592864,0.04536680898484239,0
smt_31621,0.32999975097680223,327.6,0.10073252471819358,0.04553058218761522,0
smt_31620,0.32974506963368205,327.6,0.1006547831604646,0.04570834099363911,0
smt_31619,0.329481588780624,327.6,0.10057435554964103,0.04586823681502725,0
smt_31618,0.32925219236624514,327.6,0.10050433222412855,0.04596050885863318,0
smt_31617,0.32911938430672166,327.6,0.10046379252341932,0.04618010726173493,0
smt_31616,0.32883866963920266,327.6,0.10037810428547089,0.04632414071908327,0
smt_31615,0.3286519605710816,327.6,0.10032111128543393,0.04651945013830914,0
smt_31614,0.3284189573344238,327.6,0.10024998697631983,0.046711560559444254,0
smt_31613,0.32819777926007526,327.6,0.10018247230161026,0.046889525721426385,0
smt_31612,0.3280016514935297,327.6,0.10012260424100419,0.04710570473222852,0
smt_31611,0.32777758479210317,327.6,0.10005420781199731,0.047269555006064494,0
smt_31610,0.32761246622306567,327.6,0.10000380531839612,0.04744962159436483,0
smt_31607,0.3274414802236423,327.6,0.09995161178987857,0.04764567468196024,0
smt_31606,0.32726393869741666,327.6,0.09989741718480362,0.04789101727165077,0
smt_31602,0.3267898034913783,327.6,0.09975268726843049,0.048432541846283594,0
smt_31601,0.3266333129353993,327.6,0.09970491847844912,0.0486296113259648,0
smt_6143,0.15582416143406688,163.8,0.09513074568624351,0.04688543752901078,0
smt_6033,0.15531786119860297,163.8,0.09482164908339619,0.046691198281906016,0
smt_19272,0.1548447281828543,163.8,0.09453280108843364,0.04652658998575777,0
smt_6472,0.11707024495437288,123.9,0.09448768761450595,0.04590835356328968,0
smt_6299,0.15443906201580726,163.8,0.09428514164579196,0.04640084534304755,0
smt_6532,0.14978252407512455,163.8,0.09144232239018592,0.04432510177133269,0
smt_6573,0.14925008225009348,163.8,0.0911172663309484,0.044021153907291034,0
smt_6688,0.14795714520381725,163.8,0.0903279274748579,0.0433342837042375,0
rbt_605873,0.0812329009781661,90.3,0.0899589158119226,0.04228036563980817,0
smt_5626,0.14589752679023155,163.8,0.08907052917596553,0.04243368648041238,0
smt_5822,0.14459207064413962,163.8,0.08827354740179463,0.0420312365539744,0
smt_40151,0.2120569630878043,240.45,0.08819170849981466,0.08776852549399589,0
smt_40150,0.21118953753178984,240.45,0.08783095759275934,0.08740950486665411,0
smt_40149,0.21041149286356814,240.45,0.08750737902414979,0.08708747826877937,0
smt_40148,0.20960592552823748,240.45,0.08717235413942087,0.08675406035910428,0
smt_14431,0.14229752198101184,163.8,0.08687272404213177,0.04702581544906692,0
smt_40147,0.2088306076294844,240.45,0.08684990959845473,0.0864331623541434,0
smt_15274,0.141989926245864,163.8,0.08668493665803663,0.04705758664387805,0
smt_28420,0.14098622643086095,163.8,0.08607217730821792,0.0735481297860175,0
smt_28421,0.14011942820060863,163.8,0.08554299645946803,0.07274423559950248,0
smt_28422,0.1392239084012365,163.8,0.08499628107523595,0.07190364364696956,0
smt_8778,0.13869830480758247,163.8,0.08467539976042884,0.04113799018288831,0
smt_28423,0.13858848463768705,163.8,0.08460835447966242,0.07130055093554187,0
smt_3295,0.138140402371911,163.8,0.08433479998285165,0.0557799844434479,0
smt_17541,0.1381306122995428,163.8,0.084328823137694,0.05575854173749884,0
smt_28424,0.13796899408859825,163.8,0.08423015512124435,0.07070691720584983,0
smt_17542,0.1377782268315223,163.8,0.08411369159433595,0.05495892554939616,0
smt_28425,0.13756955082049807,163.8,0.08398629476220883,0.07032102339907,0
smt_17534,0.137397420169861,163.8,0.08388120889490903,0.05401995835983489,0
smt_16494,0.13701252531353925,163.8,0.08364623035014605,0.05295564769177352,0
smt_28426,0.13700515126838547,163.8,0.08364172849107782,0.06977137456969514,0
smt_28427,0.13658391777739912,163.8,0.08338456518766735,0.06935763624553044,0
smt_6385,0.136437554221677,163.8,0.08329521014754394,0.04006804465644226,0
smt_17712,0.13601598193311845,163.8,0.08303784000800882,0.04005308056759251,0
smt_6264,0.13598869632350444,163.8,0.08302118212668158,0.039949894180126684,0
smt_6086,0.1356299307905288,163.8,0.08280215554977337,0.03989051640849494,0
smt_28428,0.1356230324040588,163.8,0.08279794408062197,0.06840180892556466,0
smt_19121,0.13529547454237323,163.8,0.08259796980608866,0.03986512225924344,0
smt_18748,0.13497491832878566,163.8,0.08240227004199369,0.039810610403189325,0
smt_28429,0.13493226477492148,163.8,0.08237623002131958,0.0677035078654586,0
smt_13112,0.13472461073853267,163.8,0.0822494571053313,0.03932998431481446,0
smt_28430,0.13422163788418043,163.8,0.08194239187068401,0.06697443825778576,0
smt_13111,0.13411930788382284,163.8,0.08187991934299318,0.03902102236380148,0
smt_28431,0.13373107202732679,163.8,0.08164290111558412,0.06646429596903279,0
smt_13110,0.13337874808764885,163.8,0.08142780713531675,0.038674439682852994,0
smt_40134,0.19526599915702364,240.45,0.08120856691911983,0.08081887699018886,0
smt_31664,0.2656635395313384,327.6,0.08109387653581758,0.038398285245468754,0
smt_12980,0.1327564047564491,163.8,0.08104786615167832,0.03841409945071652,0
smt_28432,0.13263315376642884,163.8,0.08097262134702615,0.0653001011333687,0
smt_31663,0.2652076747236606,327.6,0.08095472366412106,0.038313359856479504,0
smt_40133,0.19450877469609487,240.45,0.08089364720153665,0.08050546770440882,0
smt_31662,0.26473406199859195,327.6,0.08081015323522342,0.03823007427369213,0
smt_13078,0.13223497088574654,163.8,0.08072953045527871,0.03822102316892144,0
smt_31661,0.26428708471245516,327.6,0.08067371328219021,0.0381563485337384,0
smt_28465,0.1321270697195989,163.8,0.08066365672747185,0.06475190434056637,0
smt_40132,0.19373711407639627,240.45,0.08057272367494125,0.08018608343795541,0
smt_31660,0.26376813311361125,327.6,0.08051530314823298,0.03807760047647841,0
smt_31659,0.26331934371893084,327.6,0.08037831004851367,0.03801558335707053,0
smt_27950,0.13163070753295167,163.8,0.0803606273094943,0.06420634645328414,0
smt_31658,0.26289545456897107,327.6,0.08024891775609617,0.03796212223102686,0
smt_31657,0.2625444464865918,327.6,0.08014177243180458,0.037921875550367266,0
smt_31656,0.26225166115293647,327.6,0.08005239961933347,0.03789241211774411,0
smt_31655,0.26192522184321787,327.6,0.07995275392039618,0.037860019629057405,0
smt_31654,0.2617368405481244,327.6,0.07989525047256545,0.0378434628208715,0
smt_31653,0.2615836180756209,327.6,0.07984847926606255,0.03784008797270663,0
smt_31649,0.26114739969936923,327.6,0.07971532347355592,0.037811471656396936,0
smt_31648,0.26077085159813673,327.6,0.07960038205071328,0.037792959026666136,0
smt_31647,0.2604237757995282,327.6,0.07949443705724303,0.03778377311748176,0
smt_31646,0.2600575173131232,327.6,0.0793826365424674,0.037785744567733225,0
smt_29533,0.12985461713776428,163.8,0.07927632303892812,0.0379512507407466,0
smt_31645,0.2596069598212754,327.6,0.07924510373054805,0.037781746244212926,0
smt_41331,0.19033646266166937,240.45,0.0791584373722892,0.03843070105655612,0
smt_31644,0.2592322611145278,327.6,0.07913072683593644,0.03778711080941039,0
smt_31643,0.2588965971095492,327.6,0.07902826529595519,0.03780050265750804,0
smt_40189,0.25859749598778253,327.6,0.0789369645872352,0.07855814123377698,0
smt_31642,0.25856991759468617,327.6,0.07892854627432422,0.037814349777988886,0
smt_31641,0.2582860410926545,327.6,0.07884189288542567,0.03781550695426635,0
smt_31640,0.2581357340824399,327.6,0.0787960116246764,0.03785370025053663,0
smt_31639,0.2578305700838312,327.6,0.07870286022094969,0.03788243539646457,0
smt_31638,0.25754701339429886,327.6,0.07861630445491419,0.03792141026910598,0
smt_21114,0.12866329702470997,163.8,0.0785490213826068,0.043152787773582606,0
smt_40188,0.25726227718333167,327.6,0.07852938863960063,0.07815252016678924,0
smt_31637,0.2572483347191782,327.6,0.07852513269816183,0.03796926614521853,0
smt_16769,0.12860984131362244,163.8,0.07851638663835313,0.037254274190734515,0
smt_31636,0.256935138546987,327.6,0.07842952947099725,0.038021434757571936,0
smt_14487,0.1283329094433655,163.8,0.07834731956249419,0.04337427690245621,0
smt_31635,0.25663159345647274,327.6,0.07833687223946054,0.03807174093681756,0
smt_31634,0.25636617679631646,327.6,0.07825585372292931,0.03810474450563042,0
smt_14971,0.1280719964407315,163.8,0.0781880320150986,0.04364818439763499,0
smt_16079,0.12779601036595714,163.8,0.07801954234795919,0.04387089171300404,0
smt_40187,0.2555266193133114,327.6,0.07799957854496685,0.07762525109922658,0
smt_40190,0.255454211421257,327.6,0.0779774760138147,0.0776032543377533,0
smt_40191,0.2554061499967245,327.6,0.0779628052493054,0.07758865437477659,0
smt_17533,0.12759348231839934,163.8,0.07789589885128165,0.03674641866204744,0
smt_14915,0.12758840048058323,163.8,0.07789279638619244,0.04385829080456428,0
smt_14886,0.12758631678917268,163.8,0.0778915242913142,0.044241317657051256,0
smt_40186,0.25412854120233214,327.6,0.07757281477482666,0.07720053439748524,0
smt_6506,0.14681938288168014,190.05,0.07725302966676145,0.03689055622223582,0
smt_40185,0.25290885771344884,327.6,0.07720050601753627,0.07683001133387292,0
smt_40184,0.2514539850198187,327.6,0.07675640568370534,0.07638804102060681,0
smt_40183,0.25006077723201015,327.6,0.07633112858119967,0.07596480365521467,0
smt_40182,0.24863634238694338,327.6,0.07589631940993387,0.07553207994462482,0
smt_14873,0.1242381635827291,163.8,0.07584747471473083,0.04064135414142935,0
smt_26352,0.12371861681033959,163.8,0.07553029109300341,0.04047776865027569,0
smt_40181,0.2472267019313556,327.6,0.07546602623057252,0.07510385055068715,0
smt_14768,0.12336105302967013,163.8,0.0753119981866118,0.040393159227106436,0
smt_40180,0.24582268528899143,327.6,0.07503744972191435,0.074677329635965,0
smt_14299,0.12271753774859376,163.8,0.0749191317146482,0.040294289505192725,0
smt_40179,0.24444433069306462,327.6,0.07461670656076454,0.07425860446977949,0
smt_14265,0.12218418167040086,163.8,0.07459351750329722,0.04026713909015873,0
smt_13722,0.12172312672000499,163.8,0.07431204317460621,0.04027274832312946,0
smt_40178,0.24339525259174571,327.6,0.07429647515010553,0.07393990899409501,0
smt_40177,0.2419675200678381,327.6,0.07386065936136693,0.07350618352032823,0
smt_40176,0.2414418050620269,327.6,0.0737001846953684,0.07334647853005036,0
smt_40175,0.24022346880273743,327.6,0.07332828718032278,0.07297636470813254,0
smt_40174,0.23864347710658398,327.6,0.07284599423277899,0.07249638496153578,0
smt_215,0.11889576072621649,163.8,0.07258593450928968,0.03512270130453489,0
smt_40173,0.23735810982605396,327.6,0.07245363547803844,0.07210590808022223,0
smt_214,0.11836243833637046,163.8,0.07226034086469502,0.03482014052007338,0
smt_40172,0.23596698061772445,327.6,0.07202899286255324,0.07168330213924744,0
smt_40171,0.2349592625264095,327.6,0.0717213866075731,0.07137717124077782,0
smt_40143,0.2052018082197959,286.65,0.07158618811086548,0.07124268077299928,0
smt_40170,0.2335773416250721,327.6,0.07129955483060808,0.0709573626795351,0
smt_40142,0.20413970914594182,286.65,0.07121566689200831,0.07087393655489135,0
smt_40157,0.20407508659955814,286.65,0.07119312283256869,0.07085150039997413,0
smt_40158,0.20404637185551616,286.65,0.07118310547898699,0.07084153102250369,0
smt_40169,0.2322397582907179,327.6,0.07089125710949876,0.0705510232479988,0
smt_40141,0.20280401136816856,286.65,0.07074969871556552,0.07041020300869238,0
smt_40168,0.23087112689433265,327.6,0.070473481957977,0.07013525185580934,0
smt_40140,0.20200545413978402,286.65,0.0704711160438807,0.0701329564938112,0
smt_30228,0.11500473303557396,163.8,0.07021045972867763,0.034003440319063064,0
smt_40139,0.20117139159025893,286.65,0.07018014707492026,0.06984338316454837,0
smt_40167,0.22945464150849573,327.6,0.07004109936156767,0.06970494302869244,0
smt_40166,0.22830795762768524,327.6,0.06969107375692467,0.06935659623114802,0
smt_40138,0.19975388850023174,286.65,0.06968564050243563,0.06935124843060843,0
smt_39049,0.11369984724947348,163.8,0.06941382615962971,0.03409433403720073,0
smt_40165,0.22688642619156194,327.6,0.06925715085212512,0.06892475455735456,0
smt_40137,0.19839195865079798,286.65,0.06921052107127089,0.0688784078593947,0
smt_40164,0.22617236023418225,327.6,0.06903918200066612,0.06870783109469097,0
smt_40163,0.22538037636871996,327.6,0.06879742868398045,0.06846723725706344,0
smt_40136,0.1970140731964097,286.65,0.06872983540778292,0.06840002772653885,0
smt_40162,0.22445462339094824,327.6,0.06851484230492925,0.06818600623209022,0
smt_40135,0.19628487065692277,286.65,0.06847544763890556,0.06814686007529859,0
smt_40161,0.22306389426452128,327.6,0.06809032181456694,0.06776352184392617,0
smt_40160,0.22168915000596998,327.6,0.06767068071000304,0.06734589344191355,0
smt_14515,0.1106420921390717,163.8,0.06754706479796806,0.032755111925848644,0
rbt_633672,0.06097763569280001,90.3,0.0675278357616833,0.03172715840422074,0
smt_40131,0.19286845000717212,286.65,0.06728360370039146,0.06696073258872988,0
smt_14514,0.11018290076574097,163.8,0.06726672818421305,0.03249303530464639,0
smt_40159,0.2203441408644542,327.6,0.06726011625899089,0.06693729813385549,0
smt_40156,0.21897386476316627,327.6,0.06684183906079556,0.06652102708149593,0
smt_40130,0.19147856730563842,286.65,0.06679873270735687,0.06647818722885807,0
smt_14458,0.10941131201238093,163.8,0.06679567277923133,0.03208066748651353,0
smt_14457,0.10884728999068857,163.8,0.06645133699065237,0.03180521446680436,0
smt_40155,0.2175795121199766,327.6,0.06641621249083533,0.0660974418705702,0
smt_40129,0.18997606580086177,286.65,0.066274573801103,0.06595654242203518,0
smt_40128,0.1892900597634718,286.65,0.06603525545559805,0.06571837190182049,0
smt_40851,0.10815979058624157,163.8,0.06603161818451865,0.03207441592230479,0
smt_40154,0.2158329111828731,327.6,0.06588306202163403,0.06556692826835925,0
smt_40127,0.1878813654691753,286.65,0.06554382189749706,0.06522929537895272,0
smt_40153,0.2146025153278373,327.6,0.06550748331130565,0.06519315092868237,0
smt_40126,0.18683029328261672,286.65,0.06517714749088321,0.06486437964489268,0
smt_40152,0.21333610599404262,327.6,0.06512091147559299,0.06480843323192925,0
smt_40125,0.18560221535442528,286.65,0.06474872330522424,0.06443801035274428,0
smt_16495,0.10586498887359433,163.8,0.06463064033796967,0.04571952663465356,0
smt_40124,0.18465547245943287,286.65,0.06441844495357854,0.064109316138883,0
smt_16794,0.10525101504070913,163.8,0.06425580893816187,0.044695956856374626,0
smt_40123,0.18385024700783642,286.65,0.06413753602226982,0.0638297545324794,0
smt_40122,0.18252639611512175,286.65,0.0636757007204332,0.06337013432149595,0
smt_28874,0.10402075032808655,163.8,0.06350473158002842,0.03097393647540195,0
smt_40146,0.2079963340704324,327.6,0.06349094446594394,0.06318628411927572,0
smt_40145,0.20701662106008414,327.6,0.06319188677047745,0.06288866082178676,0
smt_40121,0.1811301974550724,286.65,0.06318862635795305,0.06288539612725545,0
smt_40144,0.20604150236228885,327.6,0.06289423149032015,0.06259243321089268,0
smt_40120,0.17977886531826517,286.65,0.06271720401823311,0.0624162349282431,0
smt_40119,0.1784377455299755,286.65,0.06224934433280151,0.061950619214365225,0
smt_40118,0.1770317570495379,286.65,0.06175885471813638,0.06146248213319599,0
smt_26827,0.10103582307708976,163.8,0.06168243167099497,0.03316113652070661,0
smt_40117,0.17567742963322447,286.65,0.06128638745272091,0.06099228094466102,0
smt_40116,0.17430868562887972,286.65,0.06080889085256575,0.060517074537974606,0
smt_40115,0.17343068331331601,286.65,0.060502593167038564,0.060212245964409335,0
smt_6458,0.09874641118727691,163.8,0.060284744314576866,0.04420455049199385,0
smt_40114,0.17192507330199291,286.65,0.059977349834987946,0.059689521844710706,0
smt_6542,0.09793071308396957,163.8,0.059786760124523546,0.0430072404322609,0
smt_40113,0.17046942829948128,286.65,0.059469537170584785,0.059184144788253575,0
smt_6548,0.09733337553654385,163.8,0.05942208518714521,0.042077135792339765,0
sbt_3829,0.0970611758854082,163.8,0.059255907133948835,0.027838927023163183,0
smt_40110,0.16967316713421723,286.65,0.059191755497721,0.058907695236477785,0
smt_6358,0.09693003505707468,163.8,0.05917584557818967,0.04141717950037931,0
smt_40111,0.16961416495620318,286.65,0.05917117214589331,0.05888721068878045,0
smt_40112,0.16958070389194188,286.65,0.059159499002945024,0.058875593516143666,0
smt_2192,0.09605509894223947,163.8,0.058641696545933736,0.028562338532255444,0
smt_40109,0.16805835335671426,286.65,0.05862841561371508,0.058347057359080017,0
smt_30140,0.09566259662337942,163.8,0.05840207364064677,0.028793065368951293,0
smt_40108,0.16657713613139125,286.65,0.058111681887804384,0.05783280202666823,0
smt_30139,0.09512381589477831,163.8,0.058073147676909825,0.028495652968365346,0
smt_5338,0.09474205338217154,163.8,0.057840081429897154,0.04013849650305227,0
smt_16523,0.0947396840525593,163.8,0.057838634952722394,0.041290150204715846,0
smt_30138,0.09460199425079925,163.8,0.05775457524468819,0.02822706124954397,0
smt_5556,0.09444801171916666,163.8,0.05766056881512005,0.03962062826058924,0
smt_40107,0.16516473437505633,286.65,0.057618954953796035,0.05734243836940584,0
smt_17176,0.09431264343386624,163.8,0.05757792639430173,0.040606678928702365,0
smt_19378,0.0940701177781072,163.8,0.05742986433339878,0.038921941020817995,0
smt_2495,0.09400345675049042,163.8,0.057389167735342125,0.027946876190101735,0
smt_17177,0.09380272385571055,163.8,0.05726662018053146,0.0397474493267263,0
smt_22864,0.09372878911611031,163.8,0.05722148297686831,0.03825131452684744,0
smt_20864,0.09352740519025983,163.8,0.05709853796719158,0.027516091506164377,0
smt_40106,0.16365164807743884,286.65,0.05709110346326142,0.056817118638417756,0
smt_1307,0.09345406016553671,163.8,0.057053760784820946,0.03912679741150515,0
smt_30137,0.09342627073697474,163.8,0.05703679532171839,0.02771038266351253,0
smt_19376,0.09340916593276505,163.8,0.05702635282830589,0.03757956715079901,0
smt_1308,0.09314552474922902,163.8,0.05686539972480403,0.038549804987634544,0
smt_4911,0.09309404962446315,163.8,0.05683397412970888,0.0368620937324364,0
smt_18750,0.09296885686197616,163.8,0.056757543871780315,0.03820544759070915,0
smt_30136,0.0928832963286487,163.8,0.056705309113949144,0.027526174423098,0
smt_22949,0.0928367399040964,163.8,0.05667688638833723,0.03622010477453417,0
smt_6259,0.09275799034992557,163.8,0.05662880973743929,0.027967048443393733,0
smt_40105,0.16222113393852874,286.65,0.05659205788889892,0.056320466616315686,0
smt_5633,0.09266926433399843,163.8,0.05657464245054849,0.029647871858938527,0
smt_29486,0.09262022172815067,163.8,0.05654470190973789,0.03562388084410534,0
smt_1390,0.09260409994116253,163.8,0.056534859548939276,0.03745487408168046,0
smt_8702,0.09247627659557979,163.8,0.056456823318424776,0.026935425886071052,0
smt_29385,0.0924589941291168,163.8,0.05644627236209816,0.030068466899671107,0
smt_29413,0.09241923264488844,163.8,0.05642199795170234,0.03500181264233319,0
smt_30135,0.09236591141306529,163.8,0.056389445307121665,0.027400778386317146,0
smt_18798,0.09228517293367852,163.8,0.056340154416165154,0.03453010245055436,0
smt_29432,0.06978209256198259,123.9,0.0563213015028108,0.027520538198890578,0
smt_5893,0.09223725728554101,163.8,0.056310901883724666,0.030320868662914825,0
smt_5404,0.09214600466599296,163.8,0.0562551921037808,0.03395917597075886,0
smt_5251,0.092137528713439,163.8,0.05625001752957204,0.030698095602740023,0
smt_1391,0.09211564083718857,163.8,0.05623665496775858,0.0363355178173888,0
smt_5196,0.09205193920799545,163.8,0.0561977650842463,0.03348784943659242,0
smt_22901,0.09203182425382887,163.8,0.05618548489244742,0.03110492408434827,0
smt_29414,0.09197161776819726,163.8,0.056148728796213215,0.03296165631134354,0
smt_5319,0.09195721868744561,163.8,0.05613993814862369,0.031551222325671126,0
smt_19333,0.09192122907309029,163.8,0.05611796646708808,0.03244525230999017,0
smt_29415,0.09191382030733014,163.8,0.05611344341106846,0.032009977100525756,0
smt_40104,0.16084024064491642,286.65,0.056110322918163764,0.055841042171550975,0
smt_8486,0.09189533985841898,163.8,0.056102161085725875,0.026651824311401343,0
smt_26186,0.09189244400946175,163.8,0.05610039316816957,0.02733497447288868,0
smt_29540,0.09185233792890667,163.8,0.05607590838150589,0.02747950133112564,0
smt_1611,0.09181682485252368,163.8,0.05605422762669333,0.0355511393480153,0
smt_14226,0.09166751046522777,163.8,0.05596307110209265,0.03410740859108992,0
smt_1632,0.09164952536127088,163.8,0.05595209118514705,0.035059298375406826,0
smt_30141,0.09152347973804657,163.8,0.055875140255217684,0.027269006238559292,0
smt_1633,0.09152106107113504,163.8,0.0558736636575916,0.03464337715532341,0
smt_1634,0.09142015237671954,163.8,0.0558120588380461,0.034283538427539055,0
smt_14227,0.09132198064599524,163.8,0.055752124936505026,0.03346495985275341,0
smt_1635,0.09127964843111921,163.8,0.05572628109347937,0.033706477324443,0
smt_1636,0.09118424520313992,163.8,0.05566803736455428,0.03322472027301255,0
smt_37833,0.09115661763262371,163.8,0.05565117071588749,0.027150036495819662,0
smt_13383,0.09113280348262753,163.8,0.05563663216277627,0.03241383855947997,0
smt_1484,0.09111889534939863,163.8,0.055628141238949096,0.03116383390085754,0
smt_40103,0.15943933735658894,286.65,0.05562160731086306,0.05535467055634976,0
smt_863,0.09109631787646763,163.8,0.05561435767794116,0.03262226467459851,0
smt_864,0.09106401159778248,163.8,0.05559463467508087,0.03223653712891429,0
smt_14072,0.09097010504265803,163.8,0.055537304665847394,0.03197205080097578,0
smt_23069,0.09084658359198565,163.8,0.055461894744801975,0.03159444869612419,0
smt_19021,0.09073322266376013,163.8,0.055392687828913385,0.02741951027004709,0
smt_40102,0.15805340942496235,286.65,0.05513811596893855,0.054873498183433615,0
smt_40101,0.15669536310179144,286.65,0.054664351335004864,0.05440200580869828,0
smt_40100,0.15532732854237397,286.65,0.05418710223002755,0.0539270457058216,0
smt_14821,0.0886828299810759,163.8,0.05414092184436868,0.03716303422837756,0
smt_14837,0.08867597983025159,163.8,0.05413673982310841,0.03715610595102682,0
smt_14638,0.08825097829355223,163.8,0.053877276125489766,0.0366979433368037,0
smt_31369,0.08806330931896876,163.8,0.05376270410193453,0.03072696277569705,0
smt_14963,0.08805287773372053,163.8,0.05375633561277199,0.0479721082764605,0
smt_14668,0.08802616858055302,163.8,0.05374002965845727,0.03644865587550886,0
smt_40099,0.15385489316808643,286.65,0.05367343211864171,0.05341583931791066,0
smt_15144,0.0878398188511557,163.8,0.05362626303489358,0.036236764123684144,0
smt_20937,0.08771305381438131,163.8,0.05354887290255269,0.036088805488320795,0
smt_14259,0.0875938247978345,163.8,0.05347608351516146,0.03594553241328426,0
smt_14879,0.08739990068780117,163.8,0.05335769272759533,0.03569647676809567,0
smt_14911,0.08734405482117982,163.8,0.05332359879192907,0.03561618615283492,0
smt_20938,0.08730113513598904,163.8,0.053297396297917604,0.03554589223713304,0
smt_15190,0.08729964887096486,163.8,0.053296488932212976,0.03545492271722665,0
smt_14223,0.08729181960157333,163.8,0.05329170915846967,0.047209250859157344,0
smt_20939,0.08728124083959292,163.8,0.05328525081782229,0.03546361243029808,0
smt_14219,0.08727801281786128,163.8,0.053283280108584415,0.03549568046041275,0
smt_40098,0.1523954015290435,286.65,0.0531642775262667,0.05290912672972247,0
smt_14266,0.08656800272566693,163.8,0.05284981851383817,0.046469572065405,0
smt_13372,0.08629784941308945,163.8,0.05268488975158085,0.025442886304875203,0
smt_40097,0.15099639762225125,286.65,0.052676224532444194,0.052423414550141774,0
smt_6896,0.08600940483517579,163.8,0.052508794160668976,0.025685781389256437,0
smt_14300,0.08567637627570913,163.8,0.05230548002180045,0.04553719816370979,0
smt_40096,0.14957264012124977,286.65,0.05217953606183491,0.051929108343540586,0
smt_6593,0.08524555937329398,163.8,0.05204246603986201,0.025266374711538628,0
smt_14769,0.08484338726123922,163.8,0.05179693971992626,0.04464219223909544,0
smt_29424,0.08467033218347411,163.8,0.051691289489300435,0.024983206995671994,0
smt_40095,0.1480759116709689,286.65,0.051657391128892,0.051409467753523536,0
smt_32891,0.08422375454002433,163.8,0.05141865356533842,0.025975296368804645,0
smt_6742,0.08394940311778809,163.8,0.05125116185457147,0.02467859378917299,0
smt_31368,0.08379457944082157,163.8,0.05115664190526347,0.02756902964502242,0
smt_40094,0.14662863550753888,286.65,0.05115249799669942,0.05090699621218705,0
smt_32890,0.08376466970247777,163.8,0.05113838199174467,0.02572861318930247,0
smt_32889,0.08329851237161089,163.8,0.050853792656661095,0.025496067103319083,0
smt_6451,0.08327401925874132,163.8,0.05083883959630117,0.02446810707016718,0
smt_40093,0.14521909370818623,286.65,0.050660768780110325,0.05041762541248762,0
smt_36916,0.0827657200043555,163.8,0.050528522591181624,0.025256597780168838,0
smt_6081,0.08265690812631553,163.8,0.05046209287320849,0.02443468532380243,0
smt_32888,0.08238687506756125,163.8,0.05029723752598366,0.025106547634256585,0
smt_40092,0.14376341477590113,286.65,0.05015294427905151,0.049912236570163415,0
smt_18743,0.0821129793376697,163.8,0.05013002401567136,0.02456804484593299,0
smt_6075,0.08185392947608255,163.8,0.04997187391702231,0.024518471749901224,0
smt_31650,0.08163198692283571,163.8,0.04983637785276905,0.029442162946654082,0
smt_8006,0.08162884251583742,163.8,0.049834458190376935,0.02443997562791429,0
smt_39669,0.08161012827544895,163.8,0.049823033135194705,0.029591434388055945,0
smt_6714,0.08160156484695023,163.8,0.049817805156868275,0.024284423644047485,0
smt_40091,0.14229844464942626,286.65,0.04964187847529262,0.04940362196770349,0
sbt_20803,0.08123252350105534,163.8,0.049592505189899466,0.023308173393709424,0
sbt_20802,0.08123112056086118,163.8,0.04959164869405444,0.023307306418678186,0
sbt_3972,0.08122964519821113,163.8,0.049590747984255876,0.023306394931666894,0
sbt_3970,0.08122761994031216,163.8,0.04958951156307213,0.023305144121381932,0
sbt_4564,0.0812258693440557,163.8,0.04958844282298883,0.023304063320886956,0
sbt_21105,0.08122471964055077,163.8,0.049587740928297167,0.023303352953975693,0
smt_9866,0.08121027042283471,163.8,0.04957891967206027,0.02443805898643298,0
smt_8005,0.0810835197731586,163.8,0.049501538323051646,0.024135310132869205,0
smt_6646,0.08097134312908683,163.8,0.04943305441336192,0.023964894668446604,0
smt_31651,0.08095849108351444,163.8,0.049425208231693794,0.029635755884151054,0
smt_40866,0.08090570545702233,163.8,0.04939298257449471,0.024306840890420834,0
smt_40849,0.08090093731976661,163.8,0.04939007162378914,0.02429746428711591,0
smt_19280,0.08087121310098742,163.8,0.049371924970077787,0.024229715380404398,0
smt_5279,0.08082158046218994,163.8,0.04934162421379117,0.023856034941331882,0
smt_19324,0.08080523503933529,163.8,0.049331645323159506,0.024061001848094826,0
smt_5375,0.08077306114777287,163.8,0.049312003142718476,0.023940081607385005,0
smt_6760,0.08066858079955708,163.8,0.049248217826347425,0.036593102327616596,0
smt_29442,0.08065018886613744,163.8,0.04923698953976644,0.0365679063495812,0
smt_40090,0.1408744360540753,286.65,0.049145102408538394,0.04890922854304113,0
smt_7936,0.08039237702432547,163.8,0.04907959525294595,0.023787328100836447,0
smt_31652,0.0802943572602655,163.8,0.049019754127146216,0.02969171445078801,0
smt_19217,0.0801827000550612,163.8,0.04895158733520219,0.03591531920534521,0
smt_40089,0.13944962557980434,286.65,0.048648046600315485,0.04841455672011858,0
smt_19222,0.07965935478261808,163.8,0.04863208472687307,0.03515323865123273,0
smt_7079,0.0791288527390808,163.8,0.04830821290542173,0.03433935000107185,0
smt_40088,0.13805966314750076,286.65,0.04816314779260449,0.047931983574320165,0
smt_6369,0.07859529852479578,163.8,0.04798247773186556,0.033467405678090284,0
smt_6372,0.07819597385320476,163.8,0.04773868977607128,0.032769417544553675,0
smt_40087,0.13665684749284593,286.65,0.04767376504198358,0.047444948019516035,0
smt_22846,0.07789266650080759,163.8,0.04755352045226348,0.03220555758278415,0
smt_22847,0.07755425648337715,163.8,0.04734692093002268,0.031531544110615775,0
smt_6222,0.07726041336677135,163.8,0.04716752952794343,0.030894686710946334,0
smt_40086,0.13520214113700238,286.65,0.047166279831502664,0.0469398968074873,0
smt_6258,0.07699193350380004,163.8,0.04700362240769233,0.03025300475768744,0
smt_6040,0.07676538173221394,163.8,0.04686531241282902,0.02964491731245861,0
smt_6415,0.07675411988659578,163.8,0.04685843704920377,0.024903703972378014,0
smt_6475,0.07664490079398378,163.8,0.046791758726485826,0.022995661436749446,0
smt_29467,0.07656579292051763,163.8,0.04674346332143933,0.02521797531787498,0
smt_6322,0.07654719155868919,163.8,0.04673210717868693,0.028963587260586038,0
smt_19279,0.07641071157401938,163.8,0.04664878606472489,0.02557309594289484,0
smt_40085,0.13371388312393506,286.65,0.046647089874039795,0.04642319694545901,0
smt_29443,0.07639538406455347,163.8,0.0466394286108385,0.02838656156401229,0
smt_29423,0.07629403779779512,163.8,0.04657755665311057,0.0259621995106496,0
smt_19275,0.07628371669817206,163.8,0.04657125561548966,0.027842555660652985,0
smt_6268,0.0762162713442503,163.8,0.04653008018574499,0.02637681899035214,0
smt_6209,0.07621004377863223,163.8,0.04652627825313323,0.027325556607630284,0
smt_6142,0.07617685464773741,163.8,0.04650601626845995,0.026830285610211335,0
smt_32217,0.07613751451234448,163.8,0.04648199909178539,0.03167798091883133,0
smt_40084,0.13225199289254,286.65,0.046137098514753186,0.0459156516088717,0
smt_32218,0.07537085247963135,163.8,0.04601395145276639,0.030957093006433446,0
smt_6167,0.07531552503699715,163.8,0.04598017401526078,0.02231654111366747,0
smt_40083,0.1307955937886113,286.65,0.04562902277642118,0.04541001270259643,0
smt_32219,0.07459379226546979,163.8,0.045539555717625024,0.03021422783243662,0
smt_6109,0.07421841872309465,163.8,0.04531038994083922,0.021939641633173093,0
smt_40082,0.12943548363805074,286.65,0.04515453816084101,0.04493780377449408,0
smt_32220,0.07370060418258663,163.8,0.04499426384773298,0.029343611100011432,0
smt_6038,0.07340441830532403,163.8,0.044813442188842506,0.021921668321986776,0
smt_40081,0.12825769405055734,286.65,0.04474365743958045,0.044528893717757374,0
rbt_625625,0.040331152467763996,90.3,0.044663513253337755,0.020982504139406416,0
smt_32221,0.07271300365295155,163.8,0.04439133312146004,0.028357615882905026,0
smt_6219,0.07264259949699418,163.8,0.04434835134126629,0.022302152730345387,0
smt_40080,0.12706874699100681,286.65,0.04432888435060416,0.0441161099492424,0
smt_32222,0.07199156392934242,163.8,0.04395089372975727,0.027619888266632895,0
smt_40079,0.12570234497247104,286.65,0.04385220476974396,0.04364171658444437,0
smt_6218,0.07177300664635668,163.8,0.043817464375065125,0.02220625395832651,0
smt_32223,0.07122579663780916,163.8,0.04348339233077482,0.02681861465509287,0
smt_40078,0.12436858378106802,286.65,0.04338691218596478,0.04317865559693381,0
smt_37832,0.07068255206581214,163.8,0.0431517411879195,0.02129357531053556,0
smt_40077,0.12328448056361761,286.65,0.043008714656765264,0.042802271943416105,0
smt_37836,0.07029588016419602,163.8,0.042915677755919424,0.02107908958526969,0
smt_40076,0.12185038458523995,286.65,0.04250841953087038,0.04230437630060557,0
smt_14696,0.06959117991359971,163.8,0.042485457822710446,0.021754513402987685,0
smt_26482,0.06946898637403263,163.8,0.042410858592205516,0.03193706366885169,0
smt_14695,0.06930044284520388,163.8,0.042307962664959634,0.02166428412821716,0
smt_26516,0.06915549351090132,163.8,0.04221947100787626,0.03124666015066715,0
smt_13499,0.06892386599230044,163.8,0.04207806226636168,0.030673643676216222,0
smt_14577,0.06887285891572517,163.8,0.04204692241497263,0.021583250372673987,0
smt_40075,0.12042009538735157,286.65,0.042009452428868506,0.041807802297647655,0
smt_32224,0.06880200255258967,163.8,0.04200366456202055,0.02262476665046466,0
smt_13593,0.06877469603047129,163.8,0.041986993913596636,0.030261537334167365,0
smt_32225,0.06851753620371592,163.8,0.04182999768236625,0.022252436355799324,0
smt_14652,0.06844633672506854,163.8,0.0417865303571847,0.02154818444155823,0
smt_13653,0.06842513838602722,163.8,0.04177358875825837,0.029017872742480615,0
smt_40073,0.11934853111561675,286.65,0.04163562920482008,0.04143577196709975,0
smt_14552,0.06815131517988203,163.8,0.041606419523737496,0.021595280961949136,0
smt_9123,0.06814364219665954,163.8,0.04160173516279581,0.020670371762007256,0
smt_1830,0.06814043151383505,163.8,0.04159977503897133,0.02399947426477754,0
smt_13336,0.06804403674586829,163.8,0.04154092597427856,0.028331312283981933,0
smt_9037,0.06794212629049842,163.8,0.041478709579058866,0.020565187481177378,0
smt_14930,0.06780713357922345,163.8,0.041396296446412365,0.021664921148808622,0
smt_8980,0.06774964107108224,163.8,0.041361197235092934,0.020490724094278056,0
smt_13298,0.06771008248079818,163.8,0.04133704669157398,0.027676836993169543,0
smt_40072,0.11836980873996712,286.65,0.04129419457176596,0.041095974903373765,0
smt_14496,0.06753972208791656,163.8,0.04123304156771462,0.021801346180593983,0
smt_8737,0.067539088646714,163.8,0.041232654851473746,0.020483295690099733,0
smt_13300,0.067376300773781,163.8,0.04113327275566605,0.02695035424455226,0
smt_8798,0.06737113677596855,163.8,0.041130120131848934,0.020459786240250254,0
smt_14461,0.06728166095136832,163.8,0.041075495086305445,0.022037135512218555,0
smt_6907,0.06722830875621894,163.8,0.0410429235385952,0.02033372705836028,0
smt_13394,0.06713283154175072,163.8,0.04098463464087345,0.026349492502290486,0
smt_14820,0.06701488645309521,163.8,0.04091262909224371,0.02232506286367678,0
smt_13431,0.06692233324379816,163.8,0.040856125301464076,0.025747846359028628,0
smt_14332,0.0668116568544254,163.8,0.040788557298184,0.022651461688396383,0
smt_7029,0.06678316243849644,163.8,0.040771161439863514,0.020090717974503142,0
smt_19168,0.13349763087572247,327.6,0.04075019257500686,0.019654558491495878,0
smt_13433,0.06673660850162093,163.8,0.04074274023297981,0.02509302775376958,0
smt_40071,0.11671052913796205,286.65,0.04071534245175722,0.04051989896630195,0
smt_14347,0.06667130146207897,163.8,0.04070287024546945,0.02300019376567147,0
smt_16689,0.06663681993576837,163.8,0.04068181925260584,0.024629038895426707,0
smt_13447,0.06663193965215376,163.8,0.040678839836479706,0.024602114003656198,0
smt_13261,0.06658549975638495,163.8,0.04065048825176126,0.023481961002784532,0
smt_13753,0.06658277874404836,163.8,0.04064882707206859,0.0242857992219525,0
smt_13737,0.06654604298823981,163.8,0.040626399870720274,0.023910701529851117,0
smt_29469,0.06624842724842205,163.8,0.04044470527986693,0.019826460496315573,0
smt_27625,0.06615865674054217,163.8,0.04038990033000132,0.0213258510225828,0
smt_40070,0.11534803961877918,286.65,0.040240027775607604,0.04004686395694527,0
smt_19278,0.06568948491854114,163.8,0.04010347064624001,0.0195907760301221,0
smt_6611,0.0651752665800508,163.8,0.03978954003666104,0.01942713331018677,0
smt_40069,0.11385247961262797,286.65,0.039718290463152964,0.03952762891553472,0
smt_29468,0.06469311237747527,163.8,0.03949518460163325,0.019356838389321635,0
smt_40068,0.1125539312512343,286.65,0.03926528213892702,0.03907679325167144,0
smt_19323,0.06425245138289395,163.8,0.039226160795417554,0.01936471767745959,0
smt_6409,0.06386288462507494,163.8,0.0389883300519383,0.01943873104577461,0
smt_40067,0.1110566939471479,286.65,0.03874295968852186,0.038556975885554054,0
smt_40074,0.11025147234736052,286.65,0.03846205210094559,0.03827741555673816,0
smt_40066,0.10958873160076907,286.65,0.03823085002643261,0.03804732233693456,0
smt_40065,0.10828552993932546,286.65,0.03777621836362305,0.03759487106609668,0
smt_40064,0.10696071202418155,286.65,0.037314045708767334,0.03713491499131141,0
smt_40063,0.10569566886417207,286.65,0.03687272592505567,0.036695711793887476,0
smt_40062,0.10437341122630524,286.65,0.036411446442108926,0.03623664462581438,0
smt_15275,0.05953099712573107,163.8,0.0363437100889689,0.01877276467882247,0
smt_26431,0.05942989763518102,163.8,0.0362819887882668,0.01858366113619601,0
smt_15229,0.059345702348206096,163.8,0.03623058751416733,0.01840615221571073,0
smt_26432,0.05931106463729785,163.8,0.03620944117051151,0.01831685647667745,0
smt_15067,0.059305987032900034,163.8,0.03620634128992676,0.018237944936778116,0
smt_40061,0.10343607470173301,286.65,0.03608444957325415,0.03591121597176634,0
smt_40060,0.10208907319023162,286.65,0.035614538004615955,0.03544355806870999,0
smt_40059,0.1011086427499335,286.65,0.03527250750041287,0.03510316793854956,0
smt_40058,0.09972912619198429,286.65,0.03479125281422791,0.03462422129202006,0
smt_21163,0.056944446338751016,163.8,0.03476461925442675,0.01770094386151924,0
smt_14449,0.05640319891621095,163.8,0.034434187372534154,0.017419995726820268,0
smt_40057,0.0984780255897045,286.65,0.03435479699623391,0.03418985869151063,0
smt_40056,0.09729973008659117,286.65,0.03394373978251916,0.03378077287170086,0
smt_16982,0.054933503577120006,163.8,0.03353693747076923,0.01678160485373287,0
smt_40055,0.09600817553402238,286.65,0.0334931713008974,0.03333236530616706,0
smt_14543,0.06302566380846107,190.05,0.03316267498472037,0.01618377755398462,0
smt_40054,0.09464880505509053,286.65,0.03301894472530631,0.03286041305414151,0
smt_17172,0.05394377939964947,163.8,0.032932710256196256,0.01629027654937313,0
smt_14519,0.06226601509926991,190.05,0.032762965061441676,0.015838239373047156,0
smt_17171,0.053417999376590655,163.8,0.03261172123112982,0.016100176778719635,0
smt_40053,0.09328500370754757,286.65,0.03254317240800543,0.03238692244932996,0
smt_14387,0.06168283964699828,190.05,0.03245611136385071,0.015609892259956811,0
smt_16772,0.05291642561950405,163.8,0.03230551014621737,0.016008135450584753,0
smt_4162,0.06983645328520527,216.3,0.03228684849061732,0.015957225277369237,0
smt_14828,0.06119710194288197,190.05,0.032200527199622186,0.015451147466002879,0
smt_16735,0.05254802229093418,163.8,0.032080599689215,0.016033666009472425,0
smt_40052,0.09193473438795818,286.65,0.03207212084003425,0.03191812996046878,0
smt_14254,0.06066661381004297,190.05,0.03192139637466086,0.015328660581215252,0
smt_1261,0.05215378404154491,163.8,0.03183991699728016,0.016124034326160084,0
smt_16748,0.051824026541392024,163.8,0.03163859984211967,0.016317850983336137,0
smt_40051,0.09059918484291789,286.65,0.03160620437569088,0.031454447923088956,0
smt_16747,0.051523461414020054,163.8,0.03145510464836389,0.016560243396724978,0
smt_21158,0.05130616104866202,163.8,0.031322442642650807,0.017181095605509778,0
smt_32230,0.051222604173416404,163.8,0.03127143111930183,0.015357243627967816,0
smt_6332,0.0511998970907428,163.8,0.03125756843146691,0.015429169996711588,0
smt_38720,0.051159707792078665,163.8,0.03123303284009686,0.01604677867415629,0
smt_40050,0.08941807016402302,286.65,0.03119416367138428,0.031044383279321675,0
smt_27961,0.05071400780697298,163.8,0.030960932727089732,0.020850424413674417,0
smt_27960,0.050527788369239934,163.8,0.030847245646666622,0.020777609947404144,0
smt_40049,0.08804320046391664,286.65,0.030714530076370712,0.03056704991732985,0
smt_38719,0.05029949048344754,163.8,0.03070786964801437,0.015629238387822462,0
smt_15981,0.0502986149646842,163.8,0.030707335143274846,0.015450535902490382,0
smt_27959,0.05025992886607175,163.8,0.03068371725645406,0.02068857411927465,0
smt_27958,0.049930144844726757,163.8,0.030482383910089592,0.02064690942349845,0
smt_38718,0.04989812139589587,163.8,0.030462833575028,0.01548441451908905,0
smt_40379,0.04985557367519436,163.8,0.03043685816556432,0.01531881236275903,0
smt_27957,0.04958169211758594,163.8,0.03026965330743952,0.020681334484286325,0
smt_40048,0.08667528506698778,286.65,0.03023732254212028,0.03009213095509518,0
smt_38721,0.049464624352786014,163.8,0.030198183365559225,0.015373752109814504,0
smt_27956,0.049296235502298676,163.8,0.03009538186953521,0.020798453022710592,0
smt_27951,0.04927235505868898,163.8,0.030080802844132466,0.02203722418147022,0
smt_27952,0.049128709520977185,163.8,0.029993107155663726,0.0216771043236557,0
smt_27955,0.049118621760234876,163.8,0.029986948571571963,0.020915226515842295,0
smt_27954,0.049052325774750945,163.8,0.029946474831960283,0.021139858747545617,0
smt_27953,0.04904545524899231,163.8,0.029942280371790173,0.021363766125229233,0
smt_40047,0.08526168331828853,286.65,0.02974417698178564,0.029601350425835227,0
smt_40046,0.08440922264409532,286.65,0.029446789689201235,0.02930538929309073,0
smt_34422,0.04818393943412458,163.8,0.029416324440857494,0.0144202564651737,0
smt_37992,0.0479855878301279,163.8,0.029295230665523746,0.014783895677828904,0
smt_6950,0.04784040241118264,163.8,0.02920659487862188,0.014322661305545182,0
rbt_622722,0.0263423838784148,90.3,0.029172075169894573,0.01371588811893773,0
smt_34421,0.0477413350639815,163.8,0.029146114202674912,0.014179027143606339,0
smt_40045,0.0829455333508081,286.65,0.028936170713695485,0.028797219079613207,0
smt_6670,0.04733059029260964,163.8,0.02889535426899245,0.0142533082948156,0
smt_26067,0.047263671582007914,163.8,0.028854500355316184,0.017002057752009966,0
smt_6937,0.04723648109089138,163.8,0.028837900543889728,0.014000798364579662,0
smt_34420,0.04720374610471647,163.8,0.02881791581484522,0.013927698891520299,0
smt_40044,0.08210801655798139,286.65,0.028643996706081077,0.02850644623950983,0
smt_30849,0.04667925738229591,163.8,0.02849771512960678,0.013912776804530078,0
smt_37999,0.04657610877962532,163.8,0.028434742844704104,0.0141713534702525,0
sbt_6793,0.06097383556782593,216.3,0.028189475528352256,0.01324355181827277,0
sbt_14323,0.06097149793617906,216.3,0.028188394792500716,0.013242465579576519,0
smt_40043,0.08078092162761347,286.65,0.028181029697405713,0.028045699454882233,0
smt_6655,0.04612645848801118,163.8,0.02816023106716189,0.013682404594850359,0
smt_6515,0.034526045619570706,123.9,0.02786605780433471,0.013997030049263953,0
smt_40040,0.07939331677425551,286.65,0.0276969533487722,0.027563944552031122,0
smt_24362,0.04492850314836314,163.8,0.027428878600954297,0.013909748372571628,0
smt_40039,0.07773502134353238,286.65,0.027118444564288295,0.026988210030428252,0
smt_6230,0.03352851213975479,123.9,0.027060946036928803,0.013801148659524046,0
smt_40038,0.07629929313494939,286.65,0.026617580022658082,0.026489747391888908,0
smt_40037,0.07492506867509953,286.65,0.026138171524541964,0.02601263792612403,0
smt_40036,0.07370004692978603,286.65,0.025710813511176014,0.02558732926888452,0
smt_28419,0.04148316149249082,163.8,0.025325495416661063,0.012955932990691102,0
smt_40035,0.0724869327049463,286.65,0.025287609525535076,0.025166154716667558,0
smt_28418,0.041200294344655886,163.8,0.025152804850217265,0.012808174695603079,0
smt_40034,0.07135398784943539,286.65,0.024892373224990542,0.024772813777630503,0
smt_40033,0.07049763247690516,286.65,0.0245936272377133,0.02447550041868546,0
smt_39005,0.03992446557613214,163.8,0.024373910608139277,0.012582555812174432,0
smt_40032,0.06967299972266947,286.65,0.0243059479234849,0.024189200612664167,0
smt_36333,0.03946910524886325,163.8,0.024095912850343862,0.012347020131787005,0
smt_40031,0.06842566332252771,286.65,0.023870805275607088,0.02375614461016203,0
smt_36332,0.03873462659792934,163.8,0.023647513185549047,0.011996601822773715,0
smt_30850,0.05114937952163534,216.3,0.02364742465170381,0.01188303986000349,0
rbt_605990,0.01457833657601301,61.95,0.02353242385151414,0.01672893983193931,0
smt_40030,0.06710960448873593,286.65,0.0234116882919016,0.023299229245647424,0
smt_18745,0.05059201724026904,216.3,0.023389744447650962,0.011663362878579345,0
smt_36331,0.03826902602114596,163.8,0.023363263749173357,0.011864128505070516,0
smt_40029,0.06606192395206974,286.65,0.02304619708776199,0.022935490623241444,0
smt_40020,0.05512307307330635,240.45,0.0229249628086115,0.022814799123562473,0
smt_40042,0.054363551562211725,240.45,0.022609087778004463,0.02250043856826811,0
smt_40028,0.06468818727364262,286.65,0.022566958755849513,0.022458550351036378,0
smt_40019,0.053593679091866256,240.45,0.022288907919262323,0.022181793833538018,0
smt_40027,0.06333042944078772,286.65,0.022093294763923854,0.02198715762144148,0
smt_37946,0.04751081698434254,216.3,0.02196524132424528,0.012308686281536854,0
smt_37872,0.04749762961485594,216.3,0.02195914452836613,0.012298898098393346,0
smt_40018,0.05274373906141239,240.45,0.02193542901285606,0.021830009698829617,0
smt_37865,0.04726865068169215,216.3,0.021853282793200254,0.012128781992092089,0
smt_37866,0.04691764349221188,216.3,0.02169100485076832,0.01186775973270051,0
smt_40026,0.061984617435444624,286.65,0.02162379816342042,0.021519912295078037,0
smt_37867,0.04650281030369799,216.3,0.021499218818168277,0.01156048381171756,0
smt_40017,0.05128637037595743,240.45,0.02132932849904655,0.021226945067193654,0
smt_37868,0.04612185051349906,216.3,0.021323093163892307,0.01128252842408571,0
smt_40025,0.06106150606115203,286.65,0.021301763844811455,0.021199422160956844,0
smt_37869,0.04579801590009455,216.3,0.021173377669946626,0.011053804032477065,0
smt_37870,0.04552171649523686,216.3,0.0210456386940531,0.010869950816721388,0
smt_37871,0.04532293061019124,216.3,0.02095373583457755,0.010750016719053039,0
smt_40024,0.05959997692361214,286.65,0.020791898455821432,0.020692001556664796,0
smt_14719,0.033600840762942445,163.8,0.02051333379911016,0.010670168357189043,0
smt_40023,0.05822365498885223,286.65,0.02031175823786926,0.020214163591645736,0
smt_26343,0.032733571410547765,163.8,0.01998386533000474,0.010338060969063931,0
smt_40022,0.05684241735204764,286.65,0.019829903140431763,0.019734618870672207,0
smt_14143,0.03214937550398302,163.8,0.019627213372395008,0.01053141493553326,0
smt_40021,0.055716420622679334,286.65,0.019437090745745452,0.01934368986837066,0
smt_28610,0.030975491970293458,163.8,0.018910556758420915,0.009915830242940125,0
smt_1485,0.03054954447500168,163.8,0.018650515552504077,0.018557363326777255,0
smt_28611,0.030474605276138208,163.8,0.018604765125847498,0.009679768892800481,0
smt_28612,0.02994613102481918,163.8,0.018282131272783383,0.009588130617989939,0
smt_28613,0.029576061982535977,163.8,0.018056203896542108,0.009688756798827814,0
smt_17114,0.029339979377286565,163.8,0.01791207532190877,0.009096176823262346,0
smt_28614,0.0292962451888641,163.8,0.017885375573177105,0.009925649707390577,0
smt_28615,0.02911023027862027,163.8,0.01777181335691103,0.009921254734427433,0
smt_40016,0.05064662024930737,286.65,0.01766845290399699,0.01758364118416356,0
smt_1530,0.028832762139192974,163.8,0.0176024188883962,0.017514501505276104,0
smt_40041,0.05024355116372775,286.65,0.017527839233813975,0.017443701928014498,0
smt_15592,0.028325212390496138,163.8,0.017292559456957346,0.009154711877507413,0
smt_17110,0.028160666576883448,163.8,0.01719210413729148,0.009110572773051353,0
smt_40015,0.049082102246124686,286.65,0.01712265907766429,0.01704046503530451,0
rbt_628753,0.01525713285415529,90.3,0.016896049672375738,0.00793694090505643,0
rbt_628768,0.015227720995204145,90.3,0.01686347840000459,0.00792701193767409,0
smt_16519,0.02762215162901103,163.8,0.016863340432851665,0.012392157464789581,0
smt_17109,0.027480240037295097,163.8,0.016776703319471974,0.008862878020285138,0
smt_13867,0.027338362710376783,163.8,0.01669008712477215,0.016599087061990488,0
smt_15591,0.027276971155016632,163.8,0.016652607542745196,0.008915846355017873,0
smt_16531,0.027275273856759496,163.8,0.016651571341123012,0.01187331601427092,0
smt_40014,0.04764689534477314,286.65,0.016621976397967256,0.01654218369756016,0
smt_1531,0.02714782376186423,163.8,0.01657376298038109,0.016490983349524518,0
smt_16991,0.026905920721257734,163.8,0.01642608102640887,0.008945462950068567,0
smt_29346,0.026896051916272735,163.8,0.01642005611494062,0.009137899345332946,0
smt_15569,0.026653829064506838,163.8,0.01627217891606034,0.009436316925241972,0
smt_19895,0.02658737233550233,163.8,0.016231607042431213,0.010545006750605386,0
smt_29538,0.02657888161874126,163.8,0.016226423454664993,0.010006436288285044,0
smt_40013,0.04633587278910754,286.65,0.01616461635761645,0.01608701715247293,0
smt_13878,0.025801967859898658,163.8,0.01575211713058526,0.015666238858212347,0
smt_40012,0.04489044860463768,286.65,0.015660369302158618,0.015585188449410528,0
smt_15281,0.02562677406768066,163.8,0.015645161213480255,0.008387344749485175,0
smt_14692,0.02541540214563486,163.8,0.015516118526028605,0.008376605341101531,0
smt_41221,0.025352284098311622,163.8,0.015477584919604164,0.007954866131659702,0
smt_1532,0.025058450314012708,163.8,0.015298199214903972,0.015221790533991328,0
smt_40011,0.04352666670381895,286.65,0.015184603768993181,0.015111704657103986,0
smt_19329,0.024414972595373532,163.8,0.014905355674831216,0.01469442526465319,0
rbt_1605996,0.01345618435263277,90.3,0.014901643801365194,0.007010799467541448,0
smt_6362,0.024289373269606267,163.8,0.014828677209771835,0.014751681914557837,0
smt_40867,0.024284426269128974,163.8,0.014825657062960301,0.01474923114772292,0
smt_20809,0.02428184371696453,163.8,0.014824080413287257,0.007571945866199268,0
smt_13583,0.024233869479429033,163.8,0.014794792111983535,0.014714141210202002,0
smt_40010,0.042025554328510274,286.65,0.014660929470961198,0.01459054184065782,0
smt_6240,0.02373629136862386,163.8,0.014491020371565235,0.008016264374750493,0
smt_14878,0.023672914393187486,163.8,0.014452328689369649,0.014088803607165022,0
smt_29701,0.023638207215096376,163.8,0.014431139935956272,0.007287604132753788,0
smt_6121,0.023502171739338665,163.8,0.01434809019495645,0.007671359847079932,0
smt_19810,0.023388558254139147,163.8,0.01427872909288104,0.007717867328120075,0
smt_6354,0.023375740258048967,163.8,0.014270903698442592,0.0074554384676874495,0
smt_5645,0.02333504721786579,163.8,0.014246060572567637,0.013921911204857326,0
smt_40009,0.04061917946881262,286.65,0.014170305064996556,0.014102270437662517,0
smt_19809,0.023111852217065548,163.8,0.014109799888318404,0.007453747340048447,0
smt_40868,0.02291953927425689,163.8,0.013992392719326549,0.013920262278143388,0
smt_6732,0.02272409242454228,163.8,0.01387307229825536,0.013801039989105231,0
smt_13592,0.022559866935333628,163.8,0.013772812536833715,0.013697741940700099,0
smt_40008,0.039177088040344976,286.65,0.013667220666438159,0.013601598779937343,0
smt_14321,0.02235327439218158,163.8,0.01364668766311452,0.01324563462643181,0
smt_1533,0.022338692478963786,163.8,0.013637785396192786,0.013569669858208617,0
smt_29416,0.022134067676087166,163.8,0.013512861829113043,0.013044269211220762,0
smt_40007,0.03843816244361244,286.65,0.013409440936198308,0.013345055236042085,0
smt_39852,0.03175589701038477,240.45,0.013206860890157941,0.013143515423264716,0
smt_40006,0.03777334791370124,286.65,0.013177515406838038,0.013114241981946245,0
smt_40884,0.021423883962213973,163.8,0.013079294238225868,0.013011871044734053,0
smt_40869,0.02134788134433551,163.8,0.013032894593611422,0.012965710351596361,0
smt_39851,0.03101006969317552,240.45,0.012896681095103151,0.012834823360321412,0
smt_6728,0.021003613055816578,163.8,0.012822718593294613,0.012756141400862066,0
smt_14413,0.02096728302860111,163.8,0.012800539089500067,0.012355242776986144,0
smt_40005,0.03663902844843359,286.65,0.012781799563381683,0.012720423910705434,0
smt_29050,0.02086596180021525,163.8,0.012738682417713827,0.007023810712368053,0
smt_6494,0.02083685158083464,163.8,0.01272091061101016,0.012067947524091465,0
smt_13652,0.020684279987382335,163.8,0.012627765560062476,0.012558947058184187,0
smt_1534,0.020651957261170324,163.8,0.012608032515976997,0.01254506019686346,0
smt_40004,0.03578448660515779,286.65,0.012483686239371286,0.012423809255299977,0
smt_40870,0.01994093738158376,163.8,0.01217395444541133,0.012111198033557743,0
smt_14053,0.019702589740000984,163.8,0.012028443064713665,0.011962896843713667,0
smt_29433,0.019624414407803915,163.8,0.011980716976681266,0.011119370925323497,0
smt_40003,0.03400324177496208,286.65,0.011862285635779549,0.01180538918789732,0
smt_6261,0.019289683373359796,163.8,0.01177636347579963,0.011715220760833082,0
smt_16563,0.019221350212070883,163.8,0.011734646039115313,0.00655537261091397,0
smt_13606,0.018784963173921095,163.8,0.011468231485910313,0.01094027246326446,0
smt_1535,0.01865767743670871,163.8,0.011390523465634132,0.011333632138989344,0
smt_40002,0.0324889708588527,286.65,0.011334020882209212,0.011279658275827957,0
smt_6648,0.018507631273951157,163.8,0.011298920191667373,0.010202011385471506,0
smt_40871,0.018488190653815597,163.8,0.011287051681206103,0.011228867224217993,0
smt_16527,0.01848141009440912,163.8,0.011282912145548912,0.006553957067845468,0
smt_13979,0.018410946997619103,163.8,0.011239894381940844,0.011178653472823971,0
smt_16489,0.01824471590366748,163.8,0.011138410197599194,0.007209100116936128,0
smt_16490,0.018215812559139382,163.8,0.01112076468811928,0.007037149990105092,0
smt_32229,0.018208946373324836,163.8,0.01111657287748769,0.006302680050275076,0
smt_31428,0.017911843683377282,163.8,0.010935191503893334,0.006184325825621523,0
smt_32228,0.01781133691294134,163.8,0.010873832059182747,0.006174276029653689,0
smt_6065,0.017728745102041577,163.8,0.01082340970820609,0.010767216471613878,0
smt_32227,0.01751156738888882,163.8,0.010690822581739205,0.0062824569372544456,0
smt_26697,0.017510211558394707,163.8,0.010689994846394813,0.010625317376988838,0
smt_31427,0.01750000285879861,163.8,0.01068376242905898,0.006065482244466785,0
smt_19332,0.017388025017947104,163.8,0.010615399888856595,0.009219429228057118,0
smt_14095,0.017360037229652427,163.8,0.010598313327016134,0.010004919203193768,0
smt_32226,0.017301297812655703,163.8,0.010562452877079184,0.006531345999060429,0
smt_31423,0.017298383171261474,163.8,0.010560673486728615,0.007362303830110862,0
smt_40872,0.01728965742928021,163.8,0.010555346415921981,0.010500933945203579,0
smt_31429,0.01728382022795299,163.8,0.010551782800948102,0.007336440654860436,0
smt_31430,0.01727594999592833,163.8,0.010546978019492266,0.007322310268793927,0
smt_39850,0.030120552265070488,286.65,0.010507780312252045,0.010457380787772273,0
smt_26386,0.0171961129748813,163.8,0.010498237469402502,0.010441045674485583,0
smt_31426,0.017181355527284885,163.8,0.01048922803863546,0.006250258125269265,0
smt_13777,0.01710202183798642,163.8,0.010440794772885481,0.010392078403116942,0
smt_31424,0.017064718415663142,163.8,0.010418021010783358,0.006877960438029785,0
smt_31425,0.016970133381864042,163.8,0.010360276789904787,0.006409380045373582,0
smt_39853,0.02956500781625475,286.65,0.010313974469302198,0.010264504511644425,0
smt_2032,0.016720031799126782,163.8,0.01020758962095652,0.01015660659475025,0
smt_22902,0.01641532718293281,163.8,0.010021567266747747,0.008282990099318483,0
smt_39848,0.028344239392847092,286.65,0.009888100259147773,0.009840672839108885,0
smt_40192,0.028281599786417595,286.65,0.009866247963166788,0.009818925553905325,0
smt_40193,0.028240448863339467,286.65,0.00985189215536001,0.009804637886093408,0
smt_19800,0.016024992820527738,163.8,0.009783267900200083,0.009732477166573337,0
smt_13968,0.01601647205633491,163.8,0.00977806596845843,0.009724805813223531,0
smt_26698,0.015977897210585647,163.8,0.009754516001578539,0.009702144916550255,0
smt_40873,0.015854448438606672,163.8,0.009679150450919823,0.009629254744455815,0
smt_40800,0.01571552083538246,163.8,0.009594335064336056,0.008559018473184197,0
smt_6890,0.015587784177930244,163.8,0.00951635175697817,0.00737551482037968,0
smt_22948,0.015362447167353988,163.8,0.009378783374452984,0.005016320347763936,0
smt_39847,0.026881090485863412,286.65,0.009377669801452439,0.009332690179524972,0
sbt_26028,0.015254050694541664,163.8,0.009312607261624946,0.004373608403807283,0
smt_17884,0.015234805221162185,163.8,0.009300857888377402,0.009288079103244893,0
smt_14316,0.015028266876953876,163.8,0.009174766103146444,0.009131956986349417,0
smt_22947,0.015028263431504806,163.8,0.009174763999697683,0.006641147156912106,0
smt_13315,0.015009984667341708,163.8,0.009163604803016916,0.0074144973992131035,0
smt_14336,0.014826805893332727,163.8,0.009051774049653679,0.007794964419491895,0
smt_19430,0.014813781620832318,163.8,0.009043822723340852,0.004991008855389113,0
smt_7039,0.01470235679763194,163.8,0.008975797800752099,0.00482829107417015,0
smt_18800,0.014612518154080722,163.8,0.008920951254017534,0.005918478306783514,0
smt_13637,0.014578933955234028,163.8,0.008900448080118454,0.007198744749937063,0
smt_26699,0.014540312735907855,163.8,0.008876869802141548,0.008759728027114938,0
smt_39846,0.02540490961650692,286.65,0.008862693046051603,0.00882018353048252,0
smt_18801,0.014496476017792364,163.8,0.008850107458969697,0.005334779060702368,0
smt_13931,0.014489494986598595,163.8,0.008845845535163975,0.008797674330026517,0
smt_6455,0.01446853998126591,163.8,0.00883305249161533,0.008787197357654148,0
smt_40874,0.014400509566879792,163.8,0.008791519882099995,0.008746199904127517,0
smt_19008,0.014390830906279857,163.8,0.008785611053894905,0.008741730269973253,0
smt_13605,0.014381743919469328,163.8,0.008780063442899467,0.0073342131042074986,0
smt_7105,0.014326854768307307,163.8,0.008746553582605192,0.004722592744624051,0
smt_39845,0.02490565052478031,286.65,0.008688522771596133,0.008646848728967644,0
smt_29470,0.014077126977250956,163.8,0.008594094613706322,0.005847727185543241,0
smt_19325,0.014009065985192987,163.8,0.008552543336503654,0.004899004326716708,0
smt_22897,0.013848742658549257,163.8,0.00845466584771017,0.005267136645444401,0
smt_26434,0.013804620180722137,163.8,0.008427729048059912,0.004598418062067685,0
smt_39844,0.02408670259173615,286.65,0.008402826649829463,0.008362522932411017,0
smt_39841,0.020123749099417002,240.45,0.008369203202086506,0.008329060837753378,0
smt_22521,0.013624175693739329,163.8,0.008317567578595439,0.008274749727730393,0
smt_13942,0.01356879910832239,163.8,0.008283760139390958,0.007441689808348158,0
sbt_4716,0.013456055842236267,163.8,0.008214930306615546,0.0038648467513725825,0
sbt_18049,0.013453638891430817,163.8,0.00821345475667327,0.0038633217386043438,0
sbt_6095,0.013451559635428958,163.8,0.008212185369614747,0.0038620119143483807,0
smt_26696,0.013426080363821116,163.8,0.00819663025874305,0.008012199298708292,0
smt_39840,0.019210934805249335,240.45,0.00798957571438941,0.007951254241602994,0
smt_28241,0.013059857158981131,163.8,0.007973050768608748,0.007763280858085683,0
smt_39843,0.022800124435951346,286.65,0.007953994221507533,0.007915843312230131,0
smt_40875,0.013020808553395581,163.8,0.007949211571059572,0.007908233690577708,0
smt_14025,0.01282072315282689,163.8,0.007827059311860127,0.007784448957097337,0
smt_6602,0.01275190755228056,163.8,0.007785047345714627,0.0077446360762949374,0
smt_39839,0.018356276651824075,240.45,0.007634134602546923,0.0075975180052156345,0
smt_39842,0.02151218568527947,286.65,0.007504687139466064,0.007468691363714375,0
smt_13516,0.012200310854708732,163.8,0.007448297225096905,0.007413543743999277,0
smt_1723,0.012143491285252658,163.8,0.00741360884325559,0.007376580693540753,0
smt_13299,0.012082058079096009,163.8,0.007376103833391947,0.006384258386405971,0
smt_17885,0.012018477068354115,163.8,0.007337287587517774,0.0073272066240277905,0
smt_39838,0.017525084929835965,240.45,0.007288452871630678,0.007253494363447092,0
smt_19802,0.011845624638913593,163.8,0.007231761073817821,0.007194532781981892,0
smt_28242,0.011669586988627688,163.8,0.007124289980847184,0.006798264882349032,0
smt_40876,0.011602115563741872,163.8,0.007083098634763047,0.007046585540326111,0
sbt_28873,0.01522723277628312,216.3,0.007039867210486879,0.003309105995272415,0
sbt_20344,0.015226109451540511,216.3,0.007039347874036298,0.003308579164180082,0
sbt_20343,0.015225933425344375,216.3,0.007039266493455559,0.0033085410672052014,0
sbt_3208,0.015225727357130759,216.3,0.007039171223823744,0.0033084964682633506,0
sbt_18132,0.015225550587497841,216.3,0.007039089499536681,0.0033084582103031696,0
sbt_4147,0.015225350464776983,216.3,0.007038996978630135,0.003308414898056498,0
rbt_1607291,0.0053845768440837416,76.65,0.007024888250598488,0.0033018170646427446,0
smt_14073,0.01141317568536631,163.8,0.006967750723666856,0.0069298300347323165,0
smt_18111,0.010903020826182162,163.8,0.00665630087068508,0.0066217534160494555,0
smt_13314,0.010808543067719998,163.8,0.006598622141465199,0.005432979766710183,0
smt_28244,0.010424026883898768,163.8,0.006363874776494974,0.005892750441716848,0
smt_40877,0.010344157762471657,163.8,0.006315114629103576,0.006282560495383459,0
smt_6183,0.010320792465303655,163.8,0.0063008501009179825,0.006268413980732434,0
smt_14548,0.010257950120737342,163.8,0.006262484811194958,0.006233264290240927,0
smt_1724,0.010158188014344732,163.8,0.006201579984337443,0.0061706054459778475,0
smt_17886,0.009944092967132214,163.8,0.006070874827309044,0.006062533831744695,0
smt_13415,0.009644225159348381,163.8,0.005887805347587534,0.004498392733690767,0
smt_14211,0.009619637909858087,163.8,0.0058727948167631785,0.005840848325194248,0
smt_39837,0.01661516134386784,286.65,0.005796323510855693,0.00576852191771707,0
smt_6595,0.009408814974049442,163.8,0.005744087285744469,0.005714279365803561,0
smt_28245,0.009160237162016293,163.8,0.005592330379741326,0.004893610312649193,0
smt_19801,0.00908304669071941,163.8,0.005545205549889749,0.0055166593872380465,0
smt_40878,0.008934829544392784,163.8,0.005454718891570686,0.005426600068746638,0
smt_21044,0.00884104100715021,163.8,0.005397460932326135,0.003785726596849301,0
smt_39836,0.015313278468586407,286.65,0.005342151916478775,0.005316528796119901,0
smt_13446,0.008331036975538721,163.8,0.005086103159669548,0.0032746873836117,0
smt_1725,0.008322616667528298,163.8,0.005080962556488582,0.0050555850800797835,0
smt_28246,0.008309433847601837,163.8,0.005072914436875358,0.004081173186013354,0
smt_17887,0.008054284396343791,163.8,0.004917145541113425,0.004910389703228319,0
smt_6419,0.007969454439478064,163.8,0.004865356800658158,0.004840115274258551,0
smt_39835,0.01392297110087732,286.65,0.0048571327754674066,0.0048338360039898425,0
smt_14545,0.007923336578214339,163.8,0.0048372018182016715,0.004810903027121222,0
smt_6298,0.007525004207758094,163.8,0.004594019662855979,0.004570370108676017,0
smt_39834,0.012919861451222793,286.65,0.0045071904591741825,0.004485572199874274,0
smt_40879,0.007311982162328746,163.8,0.004463969574071273,0.004440958075084631,0
smt_16595,0.007274632120201358,163.8,0.004441167350550279,0.00442044502545677,0
smt_36129,0.007232589949698168,163.8,0.0044155005797913115,0.0040001998676119244,0
smt_36130,0.007213621058579582,163.8,0.004403920060182895,0.003985402585988726,0
smt_36125,0.007204897042257319,163.8,0.0043985940428921365,0.003978586218069803,0
smt_5676,0.007045358749569663,163.8,0.004301195817808096,0.0042802258686772425,0
smt_36126,0.007009571554514891,163.8,0.004279347713379054,0.003823889470329302,0
smt_1726,0.006686971277100813,163.8,0.0040824000470700925,0.0040620100075315566,0
smt_31665,0.013327993380538217,327.6,0.0040683740477833385,0.0040461197806816755,0
smt_29529,0.006541284318048331,163.8,0.003993458069626576,0.003972748766332409,0
smt_39833,0.01140405891297462,286.65,0.003978391387746249,0.003959309524489951,0
smt_36127,0.006481036463352509,163.8,0.003956676717553424,0.0033765083537036365,0
smt_37701,0.00646123085386198,163.8,0.00394458538086812,0.003939165968816174,0
smt_37700,0.006410631267431434,163.8,0.003913694302461192,0.003908317142796777,0
smt_36128,0.006128152972861579,163.8,0.003741241131173125,0.002919979464802288,0
smt_15148,0.00605388188825372,163.8,0.0036958985886774848,0.003675818016537753,0
smt_39832,0.010289568264697147,286.65,0.003589592975648752,0.0035723759874850512,0
smt_40880,0.005867748411935666,163.8,0.0035822639877507115,0.0035637976931380717,0
smt_31666,0.011684848892101281,327.6,0.003566803691117607,0.0035472929496805634,0
smt_6390,0.0056507572718869055,163.8,0.00344979076427772,0.0034320315761354157,0
smt_6027,0.005508299440369885,163.8,0.0033628201711659858,0.003346425161008071,0
smt_31370,0.005286568184936839,163.8,0.003227453104357044,0.0032100107314638753,0
smt_6897,0.005229924100898361,163.8,0.0031928718564703056,0.0031763261095781176,0
smt_31667,0.010222327617458641,327.6,0.0031203686255978753,0.0031032998361251087,0
smt_1727,0.0051017784826556355,163.8,0.0031146388783001434,0.0030990824435982007,0
smt_39831,0.00878753956194653,286.65,0.003065599009923785,0.003050895340227408,0
smt_39830,0.007368153817954373,240.45,0.0030643184936387496,0.003049621056741464,0
smt_6640,0.00475031592545269,163.8,0.0029000707725596398,0.0028889648817757257,0
smt_31371,0.004660689906419199,163.8,0.0028453540332229544,0.0028299766659228474,0
smt_2249,0.004646576975569403,163.8,0.002836738080323201,0.002821411964458677,0
smt_14360,0.0044477217315271635,163.8,0.0027153368324341655,0.0027005865683107713,0
smt_31668,0.008794194565688014,327.6,0.0026844305756068415,0.002669746324875479,0
smt_40881,0.00439473902099636,163.8,0.002682990855309133,0.00266916028785061,0
smt_351,0.004393826220868144,163.8,0.002682433590273592,0.0026712621013558514,0
smt_15979,0.004165178458524435,163.8,0.002542843991773159,0.0025304466725902816,0
smt_6901,0.004121786061854958,163.8,0.002516352907115359,0.0025033282808713834,0
sbt_22089,0.0053817308927174195,216.3,0.002488086404400101,0.001168724752514127,0
sbt_6287,0.0053744196974381845,216.3,0.0024847062863791883,0.0011653221941291597,0
sbt_28637,0.005366948089534528,216.3,0.0024812520062572944,0.0011618930187210492,0
smt_6087,0.003942088716658228,163.8,0.0024066475681674164,0.0023942583648892822,0
smt_17889,0.0038887236281321446,163.8,0.0023740681490428232,0.0023708063267948525,0
smt_39829,0.006555157175312013,286.65,0.002286815689974538,0.002275847473177123,0
smt_2946,0.0037366309590208474,163.8,0.002281215481697709,0.0022711379217104574,0
smt_31669,0.007316862506374905,327.6,0.002233474513545453,0.002221256933463582,0
smt_15980,0.003537980320652866,163.8,0.0021599391456977204,0.002149408629267747,0
smt_36787,0.0034142655415925704,163.8,0.002084411197553462,0.002083926505287819,0
smt_17087,0.003390930157994334,163.8,0.0020701649316204724,0.002060505620921558,0
smt_1748,0.003305649086548228,163.8,0.0020181007854384782,0.0020080211543539385,0
smt_166,0.0032012822360716923,163.8,0.0019543847595065275,0.0019462453116651356,0
smt_39828,0.005398834826393744,286.65,0.0018834239757173363,0.0018743905864502203,0
smt_6238,0.006093707318749515,327.6,0.0018601060191543086,0.001852959967144358,0
smt_14370,0.003020639782314992,163.8,0.0018441024312057337,0.0018340574086980592,0
smt_31670,0.005889240192280829,327.6,0.0017976923663860893,0.0017878584575138714,0
smt_40882,0.0029355214480070294,163.8,0.0017921376361459275,0.0017828994349924022,0
smt_1749,0.002561120776309431,163.8,0.0015635657975027048,0.001555756375038338,0
smt_39827,0.00420085072664264,286.65,0.0014654982475641517,0.001458469469287008,0
smt_14164,0.002349095190774179,163.8,0.0014341240480916842,0.0014263260637919024,0
smt_31671,0.0044437426623189676,327.6,0.001356453804126669,0.001349033433136291,0
smt_2947,0.002154151942342244,163.8,0.0013151110759110159,0.0013093014012912014,0
smt_11048,0.0020567651672113592,163.8,0.0012556563902389251,0.0012488724237975338,0
smt_3764,0.0020432923145503584,163.8,0.0012474312054641993,0.0012422359944581562,0
smt_6273,0.002032270618220341,163.8,0.0012407024531259712,0.00123431543224643,0
smt_17890,0.0019215673124775216,163.8,0.0011731180173855443,0.0011715062320617074,0
smt_39826,0.002994534286470994,286.65,0.001044665720031744,0.0010396554588568486,0
smt_40883,0.0014555309656373464,163.8,0.000888602543124143,0.0008840220431180745,0
smt_31672,0.0027297785612552896,327.6,0.0008332657390889163,0.0008287071292941872,0
smt_14117,0.001251478113147228,163.8,0.0007640281521045348,0.0007604323034900163,0
smt_14613,0.0011245802590857167,163.8,0.0006865569347287647,0.0006828238029810151,0
smt_40698,0.0010558604079733695,163.8,0.0006446034236711657,0.0006419187866583015,0
smt_39825,0.0016103482871203817,286.65,0.0005617820642317746,0.0005590879551446488,0
smt_21275,0.0008512578676685435,163.8,0.0005196934479050937,0.0005175291102473607,0
smt_31687,0.0013562917402067485,327.6,0.0004140084677065776,0.00041174319305801386,0
smt_32676,0.0013104976722238878,327.6,0.0004000298144761562,0.0003978413391795888,0
sbt_22680,0.00012785017636060626,163.8,7.805261072076083e-05,7.764441435102503e-05,0
sbt_7826,0.00012241763628148924,163.8,7.473604168589086e-05,7.440101602253715e-05,0
sbt_4579,0.00012210529741215066,163.8,7.454535861547659e-05,7.398065584772024e-05,0
sbt_4119,0.00011600033049109748,163.8,7.081827258308758e-05,7.040034718165052e-05,0
sbt_11345,0.00011311789065876193,163.8,6.905854130571546e-05,6.82959166021329e-05,0
sbt_36865,0.00011007196731058674,163.8,6.719900324211645e-05,6.682793917024545e-05,0
sbt_12998,0.00010361103864017684,163.8,6.32546023444303e-05,6.27754301309195e-05,0
sbt_7593,9.912361643451193e-05,163.8,6.0515028348297884e-05,6.024375251358072e-05,0
sbt_5542,9.90792957398739e-05,163.8,6.048797053716355e-05,6.041290355329338e-05,0
sbt_7505,9.818897339712449e-05,163.8,5.99444282033727e-05,5.9630933251200484e-05,0
smt_40885,9.654347500162171e-05,163.8,5.893985042834047e-05,5.863585429536937e-05,0
sbt_3664,9.186173283195374e-05,163.8,5.608164397555173e-05,5.574174261571042e-05,0
sbt_20856,9.159935538451408e-05,163.8,5.592146238370823e-05,5.559144878379473e-05,0
sbt_24982,8.658190429747908e-05,163.8,5.285830543191641e-05,5.228973406006137e-05,0
sbt_21141,8.545456164844565e-05,163.8,5.217006205643812e-05,5.188198581517232e-05,0
smt_24098,8.514380312874695e-05,163.8,5.19803437904438e-05,5.172197495989779e-05,0
sbt_4094,8.391322744058525e-05,163.8,5.122907658155388e-05,5.0841001571864556e-05,0
sbt_7385,7.976820899708907e-05,163.8,4.8698540291263166e-05,4.8429856304335064e-05,0
sbt_20076,7.960634793821788e-05,163.8,4.859972401600602e-05,4.8279648418766186e-05,0
sbt_37541,0.00010424634116415017,216.3,4.819525712628302e-05,4.7878950741556485e-05,0
sbt_7793,7.759272024907226e-05,163.8,4.737040308246169e-05,4.7158051772691926e-05,0
sbt_18437,7.74910686834526e-05,163.8,4.7308344739592547e-05,4.691484159295473e-05,0
sbt_22728,6.724807880855669e-05,163.8,4.1054993167617026e-05,4.082848153622264e-05,0
sbt_25935,8.87344349254096e-05,216.3,4.1023779438469534e-05,4.080744693484164e-05,0
sbt_26470,8.85537541684721e-05,216.3,4.0940246957222424e-05,4.0912555427670746e-05,0
sbt_4578,6.540086273699757e-05,163.8,3.9927266628203646e-05,3.96375753418835e-05,0
sbt_3953,6.492476790709188e-05,163.8,3.9636610443890035e-05,3.940269986519482e-05,0
sbt_20598,6.394550907190002e-05,163.8,3.903877232716728e-05,3.8802164941656984e-05,0
sbt_13506,6.385281680885708e-05,163.8,3.898218364399089e-05,3.874520230602584e-05,0
sbt_24966,6.350510255670764e-05,163.8,3.876990388077389e-05,3.837007377514183e-05,0
sbt_13751,6.154078204119193e-05,163.8,3.757068500683268e-05,3.733944686067278e-05,0
sbt_4624,6.042790670615023e-05,163.8,3.689127393537865e-05,3.6687564874585275e-05,0
sbt_21667,6.0010928356201385e-05,163.8,3.663670839816934e-05,3.659124134729588e-05,0
sbt_7351,7.752082641768692e-05,216.3,3.5839494414094735e-05,3.566944381145772e-05,0
sbt_6046,5.8673576765002144e-05,163.8,3.582025443528824e-05,3.5575083193515e-05,0
sbt_21106,5.8424058819349844e-05,163.8,3.566792357713665e-05,3.5498498771270106e-05,0
sbt_4359,5.649799029392042e-05,163.8,3.449205756649598e-05,3.4230770269731295e-05,0
sbt_31047,5.6349843983343694e-05,163.8,3.440161415344548e-05,3.421888365191186e-05,0
sbt_25580,7.414484737293002e-05,216.3,3.42787089102774e-05,3.4207847195342864e-05,0
sbt_22794,5.60169737229641e-05,163.8,3.419839665626624e-05,3.401954721426732e-05,0
sbt_9360,5.4937240701324906e-05,163.8,3.3539218987377845e-05,3.326024501223754e-05,0
sbt_4105,5.425767000566323e-05,163.8,3.3124340662798064e-05,3.282146402047182e-05,0
sbt_4087,9.364871450887026e-05,286.65,3.2670055645864385e-05,3.246326946671669e-05,0
sbt_36991,4.1741394607769453e-05,128.1,3.2585007500210346e-05,3.23559819618638e-05,0
sbt_14093,7.02523054976079e-05,216.3,3.247910563920846e-05,3.245713707738099e-05,0
sbt_5340,5.298031142556842e-05,163.8,3.234451246982199e-05,3.230437191836523e-05,0
sbt_22959,5.2650683379421206e-05,163.8,3.214327434641099e-05,3.199918273412137e-05,0
smt_40699,5.106716282477958e-05,163.8,3.117653408106202e-05,3.1045869375172064e-05,0
sbt_21855,5.0739343226380704e-05,163.8,3.0976400016105434e-05,3.0786720102068916e-05,0
sbt_13265,6.692362577119292e-05,216.3,3.0940187596483085e-05,3.0777029154011894e-05,0
sbt_7386,4.775564859400577e-05,163.8,2.9154852621493142e-05,2.899399701786632e-05,0
sbt_4032,4.7044050162811336e-05,163.8,2.8720421344817664e-05,2.8519683177067102e-05,0
sbt_22849,4.443559819450315e-05,163.8,2.7127959825704e-05,2.6951680294196847e-05,0
sbt_2727,4.415880802585759e-05,163.8,2.6958979258765316e-05,2.6781428727615973e-05,0
sbt_4576,4.3588446032575725e-05,163.8,2.6610772913660392e-05,2.641769952250767e-05,0
sbt_28854,5.737006446615949e-05,216.3,2.652337700700855e-05,2.6110031035751696e-05,0
sbt_31061,4.342333161941565e-05,163.8,2.6509970463623714e-05,2.6388781951480446e-05,0
sbt_3472,4.2738361727010334e-05,163.8,2.6091795926135734e-05,2.5931821806626893e-05,0
sbt_35527,7.448913823945891e-05,286.65,2.598609392620231e-05,2.587606073557276e-05,0
sbt_15177,4.2250550584739574e-05,163.8,2.5793986925970434e-05,2.559496544795383e-05,0
sbt_20626,4.121923898270248e-05,163.8,2.516437056331043e-05,2.5011853553238585e-05,0
sbt_21951,4.089356608449808e-05,163.8,2.4965547060133134e-05,2.479467057023686e-05,0
sbt_29015,5.249727412189379e-05,216.3,2.427058442990929e-05,2.403605603552179e-05,0
sbt_11321,3.954161329829268e-05,163.8,2.4140179058786735e-05,2.3891223983115237e-05,0
sbt_5863,5.1508301473337494e-05,216.3,2.3813361753739015e-05,2.3637722321594662e-05,0
sbt_22095,3.870763964065174e-05,163.8,2.3631037631655514e-05,2.3504931475630105e-05,0
sbt_4429,5.063568253767778e-05,216.3,2.340993182509375e-05,2.3309978301558378e-05,0
sbt_21969,3.784849002653419e-05,163.8,2.3106526267725387e-05,2.2936099846191382e-05,0
sbt_12631,4.9606819906456984e-05,216.3,2.29342671782048e-05,2.288685683277347e-05,0
sbt_31048,3.741379095790544e-05,163.8,2.2841142220943488e-05,2.2719817139662738e-05,0
sbt_36992,2.914692734852933e-05,128.1,2.2753261005877698e-05,2.259334005608794e-05,0
sbt_3899,6.411830394180903e-05,286.65,2.2368150686136064e-05,2.2226570563538504e-05,0
sbt_22706,4.8354684942152046e-05,216.3,2.2355379076353232e-05,2.2249307925847933e-05,0
sbt_24012,3.642392061282614e-05,163.8,2.2236825770956126e-05,2.209607728882643e-05,0
sbt_21142,3.616888240074452e-05,163.8,2.2081124786779313e-05,2.1959195703123264e-05,0
sbt_17733,4.73698031034361e-05,216.3,2.1900047666868286e-05,2.1813355533014947e-05,0
sbt_5543,3.51671651345979e-05,163.8,2.1469575784247803e-05,2.144293144641318e-05,0
sbt_4086,3.4793643585530135e-05,163.8,2.1241540650506795e-05,2.1116186311113756e-05,0
sbt_7794,3.4463546845650914e-05,163.8,2.1040016389286272e-05,2.094569835085702e-05,0
sbt_26496,4.426842142513207e-05,216.3,2.046621425110128e-05,2.0452371426967474e-05,0
sbt_12437,4.42134143782447e-05,216.3,2.0440783346391446e-05,2.0398527681129593e-05,0
sbt_3971,3.324423568632266e-05,163.8,2.0295626182126165e-05,2.0199225841678394e-05,0
sbt_37305,2.596353518301763e-05,128.1,2.026817734817926e-05,2.0170315578986705e-05,0
sbt_13256,3.24327574460352e-05,163.8,1.980021822102271e-05,1.97488980950641e-05,0
sbt_26034,4.276851317888151e-05,216.3,1.9772775394767226e-05,1.9668506748845836e-05,0
sbt_13752,3.2265085044891604e-05,163.8,1.969785411776044e-05,1.957661882338373e-05,0
sbt_11826,4.1819083960871344e-05,216.3,1.9333834471045465e-05,1.9256942763590952e-05,0
smt_39824,5.526446511813263e-05,286.65,1.9279422682062666e-05,1.9187299303864504e-05,0
sbt_25906,4.1247321689624706e-05,216.3,1.90694968514215e-05,1.8931611667596824e-05,0
sbt_21030,3.0015810632126454e-05,163.8,1.8324670715583916e-05,1.823279506431527e-05,0
sbt_11346,2.9033166558716558e-05,163.8,1.7724765908862366e-05,1.7448277955684595e-05,0
sbt_22747,3.792483078109385e-05,216.3,1.753344002824496e-05,1.741175629723572e-05,0
sbt_21666,2.8449207715362507e-05,163.8,1.7368258678487488e-05,1.7346704198363246e-05,0
sbt_27937,3.6903365545489713e-05,216.3,1.706119535159025e-05,1.6957502880384684e-05,0
sbt_4102,2.778043690799641e-05,163.8,1.69599736923055e-05,1.6831497157728595e-05,0
sbt_5820,3.645073371428402e-05,216.3,1.685193421834675e-05,1.682677249588958e-05,0
sbt_7384,2.754856307968758e-05,163.8,1.6818414578563845e-05,1.6715429230325648e-05,0
sbt_35526,4.798557591882474e-05,286.65,1.674012765352337e-05,1.6669244551336358e-05,0
sbt_3228,2.7235862894792074e-05,163.8,1.6627510924781485e-05,1.652556413558015e-05,0
sbt_10155,2.7038331023986953e-05,163.8,1.650691759706163e-05,1.636961576564903e-05,0
sbt_25976,3.542108363381388e-05,216.3,1.6375905517250983e-05,1.6120699651949262e-05,0
sbt_3837,2.6287017675685366e-05,163.8,1.6048240339246253e-05,1.5987432787966683e-05,0
sbt_15559,2.5336357982937265e-05,163.8,1.5467862016445217e-05,1.534851457521024e-05,0
sbt_25581,3.320177933213728e-05,216.3,1.5349874864603456e-05,1.5318143758484732e-05,0
sbt_4617,4.3870062061247314e-05,286.65,1.530439981205209e-05,1.520515960589582e-05,0
smt_21219,2.3975502984507438e-05,163.8,1.4637059209101e-05,1.4567056130086207e-05,0
rbt_639280,8.795787955288141e-06,61.95,1.4198204931861406e-05,1.4010904830967193e-05,0
sbt_4618,4.0151360742965775e-05,286.65,1.4007102997720487e-05,1.3916274609194996e-05,0
sbt_31062,2.2620890903550382e-05,163.8,1.3810067706685215e-05,1.3746936288815764e-05,0
sbt_4031,2.245618011785735e-05,163.8,1.3709511671463581e-05,1.3610043156030505e-05,0
rbt_1139390,8.392171988899698e-06,61.95,1.3546686019208553e-05,1.3481279099870036e-05,0
sbt_12632,2.89162585414042e-05,216.3,1.3368589247066203e-05,1.3340953427213057e-05,0
sbt_7506,2.1893893186419864e-05,163.8,1.3366235156544484e-05,1.3296332939806849e-05,0
sbt_7808,2.1845730891541807e-05,163.8,1.3336832046118318e-05,1.3250168292202917e-05,0
rbt_1607318,7.83901582980202e-06,61.95,1.2653778579180015e-05,1.2566083994661778e-05,0
sbt_2726,2.067944093057818e-05,163.8,1.262481131292929e-05,1.2462218276448643e-05,0
sbt_5544,2.0486033603163638e-05,163.8,1.250673602146742e-05,1.2479840922230369e-05,0
sbt_7295,2.0432762546656295e-05,163.8,1.2474214008947678e-05,1.2403102976972149e-05,0
sbt_15418,2.6938283850983132e-05,216.3,1.2454130305586284e-05,1.2400954859279137e-05,0
sbt_20835,2.03864146323712e-05,163.8,1.2445918578981195e-05,1.2372470311077446e-05,0
sbt_5864,2.675723296842343e-05,216.3,1.237042670754666e-05,1.2279186332091204e-05,0
sbt_11322,2.0111882554139058e-05,163.8,1.2278316577618471e-05,1.2151691829177645e-05,0
sbt_37306,1.547293257064532e-05,128.1,1.2078792014555285e-05,1.2020472024908598e-05,0
sbt_20804,1.9705934646734995e-05,163.8,1.2030485132316846e-05,1.1946399393522773e-05,0
rbt_639277,7.317987245884487e-06,61.95,1.1812731631774798e-05,1.1740766040021656e-05,0
sbt_12493,1.8809305412932167e-05,163.8,1.1483092437687525e-05,1.1299627089831154e-05,0
sbt_6297,1.864410727839886e-05,163.8,1.138223887570138e-05,1.132149773614536e-05,0
rbt_623427,7.028922399924391e-06,61.95,1.1346121710935255e-05,1.116930174515469e-05,0
sbt_18140,2.4461906409885244e-05,216.3,1.1309249380437006e-05,1.1199966910378647e-05,0
sbt_20489,1.8478155291893627e-05,163.8,1.1280925086626145e-05,1.1212906241058393e-05,0
sbt_17734,2.423087027006202e-05,216.3,1.1202436555738335e-05,1.115809155880604e-05,0
sbt_3663,2.4094613853471733e-05,216.3,1.1139442373311017e-05,1.106787200893692e-05,0
sbt_36993,1.3992934816194455e-05,128.1,1.092344638266546e-05,1.0849702968880464e-05,0
sbt_34094,1.3886347817648702e-05,128.1,1.084024029480773e-05,1.0830291233350535e-05,0
sbt_22795,2.2633708087094626e-05,216.3,1.0464035176650313e-05,1.039766027644766e-05,0
rbt_606123,8.011933163989841e-06,76.65,1.0452619913881071e-05,1.0285815779073592e-05,0
sbt_6047,1.6706406068604742e-05,163.8,1.0199271104154298e-05,1.0129462125086335e-05,0
sbt_2728,1.6535635280765676e-05,163.8,1.0095015433922878e-05,1.0028530062746713e-05,0
sbt_7795,1.6457232798864928e-05,163.8,1.0047150670857708e-05,1.0002111791348046e-05,0
sbt_34003,2.157801661301682e-05,216.3,9.975966996309209e-06,9.947003940983417e-06,0
sbt_35525,2.8507270016904462e-05,286.65,9.944974713729099e-06,9.900752269932784e-06,0
sbt_13255,1.627683894928815e-05,163.8,9.93702011556053e-06,9.909891920106187e-06,0
sbt_37308,1.2350755612166194e-05,128.1,9.641495403720682e-06,9.594942864354824e-06,0
smt_31688,3.149449871221554e-05,327.6,9.613705345609139e-06,9.560905477216828e-06,0
sbt_13730,2.0639571014280768e-05,216.3,9.542104028793696e-06,9.522378440162843e-06,0
sbt_3725,1.5493608872471697e-05,163.8,9.458857675501646e-06,9.401529148000768e-06,0
sbt_5829,1.5257005499951284e-05,163.8,9.31441117213143e-06,9.300417116161673e-06,0
sbt_4329,2.0036535885931976e-05,216.3,9.26330831527137e-06,9.20191398679617e-06,0
sbt_13266,1.9968195498980793e-05,216.3,9.231713129440958e-06,9.183030978883804e-06,0
sbt_4625,1.5001196397359327e-05,163.8,9.158239558827427e-06,9.107668654125097e-06,0
sbt_31049,1.4977031258713278e-05,163.8,9.143486726931183e-06,9.094919936833009e-06,0
sbt_25781,1.9194140505099468e-05,216.3,8.8738513662041e-06,8.831747101347613e-06,0
sbt_3470,1.4187511054858419e-05,163.8,8.661484160475225e-06,8.609259861467227e-06,0
sbt_6076,1.3777331698430482e-05,163.8,8.411069412961222e-06,8.349032241749573e-06,0
sbt_25244,1.8171649687982577e-05,216.3,8.401132541831981e-06,8.36772082729612e-06,0
sbt_35524,2.2484637235882097e-05,286.65,7.843934148223303e-06,7.810720565991411e-06,0
sbt_16683,1.6814328590620698e-05,216.3,7.773614697466805e-06,7.726368819553223e-06,0
sbt_7387,1.2704826237471838e-05,163.8,7.75630417428073e-06,7.71351086020046e-06,0
sbt_7428,1.606613211425198e-05,216.3,7.427707866043449e-06,7.376158909813997e-06,0
rbt_1107334,6.455974450853428e-06,90.3,7.149473367501027e-06,7.105694530472248e-06,0
sbt_35535,1.527631649287367e-05,216.3,7.062559636095085e-06,7.033664885439225e-06,0
sbt_34898,1.5032523205956236e-05,216.3,6.949848916299692e-06,6.841540911952278e-06,0
rbt_1239552,4.196238326774933e-06,61.95,6.773588905205702e-06,6.740883313581997e-06,0
sbt_13030,1.450825069276013e-05,216.3,6.70746680201578e-06,6.658967343478055e-06,0
sbt_12633,1.312773914995052e-05,216.3,6.069227531183782e-06,6.0566817412700905e-06,0
rbt_622267,5.0745764799508195e-06,90.3,5.6196860243087705e-06,5.585099414673697e-06,0
sbt_4011,8.388081976606633e-06,163.8,5.120929167647517e-06,5.088515872501394e-06,0
rbt_625624,4.595863144994608e-06,90.3,5.0895494407470745e-06,5.053313973188216e-06,0
rbt_1607290,4.575013192988426e-06,90.3,5.066459792899697e-06,5.043297242912641e-06,0
sbt_14094,1.0562646841262475e-05,216.3,4.883331872983114e-06,4.880028866855054e-06,0
sbt_17981,1.0541787075349726e-05,216.3,4.873687968261547e-06,4.861986035622111e-06,0
rbt_605859,4.156086891399592e-06,90.3,4.602532548615274e-06,4.5806875302177445e-06,0
rbt_605914,4.1356658839100955e-06,90.3,4.5799179223810585e-06,4.576819734114242e-06,0
rbt_699990,2.789211416708522e-06,61.95,4.502359026163877e-06,4.4877192335166325e-06,0
sbt_22709,6.736393693533462e-06,163.8,4.1125724624746405e-06,4.0858497783497414e-06,0
rbt_625156,3.461762858495152e-06,90.3,3.83362442801235e-06,3.812455258181094e-06,0
rbt_1607277,3.2378069618500546e-06,90.3,3.5856112534330613e-06,3.5802238759738214e-06,0
rbt_1607282,2.5405289251007477e-06,90.3,2.813431810742799e-06,2.7973917683123026e-06,0
rbt_606124,2.4337196412829756e-06,90.3,2.6951491044108255e-06,2.6812197182020186e-06,0
rbt_607367,2.3100959672346684e-06,90.3,2.5582458108911056e-06,2.5451995391025354e-06,0
rbt_639387,1.8375360436748159e-06,90.3,2.034923636406219e-06,2.015577299120638e-06,0
rbt_605985,1.1515214830532718e-06,61.95,1.858791740198986e-06,1.8468944535001585e-06,0
rbt_3425629,1.2070931449496457e-06,90.3,1.3367587430228633e-06,1.330001750634823e-06,0
rbt_639553,1.151154107879946e-06,90.3,1.2748107506976147e-06,1.2658503178418223e-06,0
rbt_1626672,0.0,90.3,0.0,0.0,0
rbt_1628763,0.0,90.3,0.0,0.0,0
rbt_1636598,0.0,61.95,0.0,0.0,0
smt_2716,0.0,163.8,0.0,0.0,0
sbt_27288,0.0,216.3,0.0,0.0,0
smt_29539,0.0,163.8,0.0,0.0,0
smt_31094,0.0,163.8,0.0,0.0,0
smt_31095,0.0,163.8,0.0,0.0,0
smt_18744,0.0,163.8,0.0,0.0,0
smt_31093,0.0,163.8,0.0,0.0,0
smt_4735,0.0,163.8,0.0,0.0,0
sbt_15527,0.0,216.3,0.0,0.0,0
sbt_15526,0.0,216.3,0.0,0.0,0
smt_4734,0.0,163.8,0.0,0.0,0
smt_37255,0.0,163.8,0.0,0.0,0
smt_5057,0.0,163.8,0.0,0.0,0
rbt_1624026,0.0,90.3,0.0,0.0,0
rbt_1607368,0.0,76.65,0.0,0.0,0
rbt_1623434,0.0,90.3,0.0,0.0,0
