hour,node,bus,phase,voltagePu,baseKvLN,voltageLevel,violationPu,hasViolation
0,60651.1,60651,1,0.9958404878873258,13.336791218280357,MV,0.0,0
0,60721.1,60721,1,0.9958115641257743,13.336791218280357,MV,0.0,0
0,164151.1,164151,1,0.996082816268901,13.336791218280357,MV,0.0,0
0,302191.1,302191,1,0.9930615478981399,13.336791218280357,MV,0.0,0
0,320841.1,320841,1,0.9946636662930942,13.336791218280357,MV,0.0,0
0,337711.1,337711,1,0.9930869188776811,13.336791218280357,MV,0.0,0
0,358691.1,358691,1,0.9989923638893901,13.336791218280357,MV,0.0,0
0,et6_1177.1,et6_1177,1,0.995522090135382,0.2193931022920578,LV,0.0,0
0,461501.1,461501,1,0.9959224287695755,13.336791218280357,MV,0.0,0
0,686891.1,686891,1,0.9952348672213186,13.336791218280357,MV,0.0,0
0,703601.1,703601,1,0.996170718718354,13.336791218280357,MV,0.0,0
0,713791.1,713791,1,0.9951185376535521,13.336791218280357,MV,0.0,0
0,725731.1,725731,1,0.9948256137714716,13.336791218280357,MV,0.0,0
0,809501.1,809501,1,0.9953860806680584,13.336791218280357,MV,0.0,0
0,811221.1,811221,1,0.9960983834509587,13.336791218280357,MV,0.0,0
0,815111.1,815111,1,0.993059020784119,13.336791218280357,MV,0.0,0
0,822371.1,822371,1,0.9949272869199334,13.336791218280357,MV,0.0,0
0,820611.1,820611,1,0.9956821344099682,13.336791218280357,MV,0.0,0
0,822641.1,822641,1,0.994972307706344,13.336791218280357,MV,0.0,0
0,618431.1,618431,1,0.9958407165348115,13.336791218280357,MV,0.0,0
0,bt10401.1,bt10401,1,0.986793475866157,0.2193931022920578,LV,0.0,0
0,bt197792.1,bt197792,1,0.9858922339017863,0.2193931022920578,LV,0.0,0
0,bt800551.1,bt800551,1,0.9860240467059659,0.2193931022920578,LV,0.0,0
0,bt295341.1,bt295341,1,0.9848238810145253,0.2193931022920578,LV,0.0,0
0,bt800541.1,bt800541,1,0.9853925575999162,0.2193931022920578,LV,0.0,0
0,bt295361.1,bt295361,1,0.9842834807905085,0.2193931022920578,LV,0.0,0
0,bt474991.1,bt474991,1,0.9838579267632461,0.2193931022920578,LV,0.0,0
0,uc626695.1,uc626695,1,0.9805239084354496,0.2193931022920578,LV,0.0,0
0,uc1627323.1,uc1627323,1,0.9927283911319688,0.2193931022920578,LV,0.0,0
0,uc1627342.1,uc1627342,1,0.9993210351984998,0.2193931022920578,LV,0.0,0
0,uc627343.1,uc627343,1,0.9966829205516019,0.2193931022920578,LV,0.0,0
0,uc627344.1,uc627344,1,0.9974776047305267,0.2193931022920578,LV,0.0,0
0,uc1626672.1,uc1626672,1,0.0,0.1270170592217177,LV,0.95,1
0,uc1626490.1,uc1626490,1,0.9928067218853536,0.2193931022920578,LV,0.0,0
0,uc3422706.1,uc3422706,1,0.9958566062147962,0.2193931022920578,LV,0.0,0
0,uc3425629.1,uc3425629,1,0.9959067930428078,0.2193931022920578,LV,0.0,0
0,uc3422597.1,uc3422597,1,0.993820546226574,0.2193931022920578,LV,0.0,0
0,uc3405843.1,uc3405843,1,0.9941779981236611,0.2193931022920578,LV,0.0,0
0,uc3405844.1,uc3405844,1,0.9940282863374353,0.2193931022920578,LV,0.0,0
0,uc3405845.1,uc3405845,1,0.9939916386563966,0.2193931022920578,LV,0.0,0
0,uc3405846.1,uc3405846,1,0.9943544411079164,0.2193931022920578,LV,0.0,0
0,uc1626486.1,uc1626486,1,0.9994066653542157,0.2193931022920578,LV,0.0,0
0,uc1626487.1,uc1626487,1,0.9941615465314211,0.2193931022920578,LV,0.0,0
0,uc626481.1,uc626481,1,0.9954539370749025,0.2193931022920578,LV,0.0,0
0,uc626678.1,uc626678,1,0.9926029937939517,0.2193931022920578,LV,0.0,0
0,uc626698.1,uc626698,1,0.9968616339583126,0.2193931022920578,LV,0.0,0
0,uc626476.1,uc626476,1,0.9904389481918554,0.2193931022920578,LV,0.0,0
0,uc1627321.1,uc1627321,1,0.9990831890439159,0.2193931022920578,LV,0.0,0
0,uc1607319.1,uc1607319,1,0.9932061436925742,0.2193931022920578,LV,0.0,0
0,uc1607308.1,uc1607308,1,0.9943143697468546,0.2193931022920578,LV,0.0,0
0,uc1624026.1,uc1624026,1,0.0,0.1270170592217177,LV,0.95,1
0,uc1625170.1,uc1625170,1,0.9973825917865093,0.2193931022920578,LV,0.0,0
0,uc1621994.1,uc1621994,1,0.9990980850359102,0.2193931022920578,LV,0.0,0
0,uc1620360.1,uc1620360,1,0.998813866518177,0.2193931022920578,LV,0.0,0
0,uc1620373.1,uc1620373,1,0.993297890819804,0.2193931022920578,LV,0.0,0
0,uc1607302.1,uc1607302,1,0.9931431537150506,0.2193931022920578,LV,0.0,0
0,uc1607304.1,uc1607304,1,0.9921016249828656,0.2193931022920578,LV,0.0,0
0,uc1607305.1,uc1607305,1,0.9917253022959338,0.2193931022920578,LV,0.0,0
0,uc1607306.1,uc1607306,1,0.9938725726126789,0.2193931022920578,LV,0.0,0
0,uc1607297.1,uc1607297,1,0.9964410250316942,0.2193931022920578,LV,0.0,0
0,uc1607298.1,uc1607298,1,0.9938885291034344,0.2193931022920578,LV,0.0,0
0,uc1607289.1,uc1607289,1,0.9971660763941901,0.2193931022920578,LV,0.0,0
0,uc1607290.1,uc1607290,1,0.9972347000546677,0.2193931022920578,LV,0.0,0
0,uc1607291.1,uc1607291,1,0.996522588643459,0.2193931022920578,LV,0.0,0
0,uc1607280.1,uc1607280,1,0.9921202969738546,0.2193931022920578,LV,0.0,0
0,uc1607283.1,uc1607283,1,0.9895633639000836,0.2193931022920578,LV,0.0,0
0,uc1607285.1,uc1607285,1,0.9910078368605798,0.2193931022920578,LV,0.0,0
0,uc1607287.1,uc1607287,1,0.993334534167574,0.2193931022920578,LV,0.0,0
0,uc1607288.1,uc1607288,1,0.9939420989062691,0.2193931022920578,LV,0.0,0
0,uc1607279.1,uc1607279,1,0.9929965829752346,0.2193931022920578,LV,0.0,0
0,uc1607357.1,uc1607357,1,0.9965673831925734,0.2193931022920578,LV,0.0,0
0,uc1607358.1,uc1607358,1,0.9960787081881985,0.2193931022920578,LV,0.0,0
0,uc1607368.1,uc1607368,1,0.0,0.1270170592217177,LV,0.95,1
0,uc1607277.1,uc1607277,1,0.9972483728653737,0.2193931022920578,LV,0.0,0
0,uc1607278.1,uc1607278,1,1.0011714361401207,0.2193931022920578,LV,0.0,0
0,uc1607272.1,uc1607272,1,0.9931843347389996,0.2193931022920578,LV,0.0,0
0,uc1607273.1,uc1607273,1,1.001138665179673,0.2193931022920578,LV,0.0,0
0,uc1607353.1,uc1607353,1,0.9965026075928428,0.2193931022920578,LV,0.0,0
0,uc1607347.1,uc1607347,1,0.9925141961845312,0.2193931022920578,LV,0.0,0
0,uc1607349.1,uc1607349,1,0.996617053626309,0.2193931022920578,LV,0.0,0
0,uc1107342.1,uc1107342,1,0.9912599658529256,0.2193931022920578,LV,0.0,0
0,uc1107340.1,uc1107340,1,0.9899408406803681,0.2193931022920578,LV,0.0,0
0,uc1105833.1,uc1105833,1,0.9950127514330642,0.2193931022920578,LV,0.0,0
0,uc1107330.1,uc1107330,1,0.9894504848680683,0.2193931022920578,LV,0.0,0
0,uc1607265.1,uc1607265,1,0.9907140367078617,0.2193931022920578,LV,0.0,0
0,uc1607268.1,uc1607268,1,0.9988982740814331,0.2193931022920578,LV,0.0,0
0,uc1607252.1,uc1607252,1,0.9942535190490009,0.2193931022920578,LV,0.0,0
0,uc1605991.1,uc1605991,1,0.9954997048613139,0.2193931022920578,LV,0.0,0
0,uc1605996.1,uc1605996,1,0.9934845328749138,0.2193931022920578,LV,0.0,0
0,uc1607257.1,uc1607257,1,0.9957266087987097,0.2193931022920578,LV,0.0,0
0,uc1607258.1,uc1607258,1,0.9942604574849516,0.2193931022920578,LV,0.0,0
0,uc1124340.1,uc1124340,1,0.9916861545299868,0.2193931022920578,LV,0.0,0
0,uc605816.1,uc605816,1,0.9898458804930645,0.2193931022920578,LV,0.0,0
0,uc605813.1,uc605813,1,0.9951855603871416,0.2193931022920578,LV,0.0,0
0,uc609684.1,uc609684,1,0.9979023195152431,0.2193931022920578,LV,0.0,0
0,uc609686.1,uc609686,1,0.9982042311695911,0.2193931022920578,LV,0.0,0
0,uc609688.1,uc609688,1,0.9939099931690749,0.2193931022920578,LV,0.0,0
0,uc621168.1,uc621168,1,0.9959790307324771,0.2193931022920578,LV,0.0,0
0,uc621171.1,uc621171,1,0.9933372489895886,0.2193931022920578,LV,0.0,0
0,uc605808.1,uc605808,1,0.9984408433815943,0.2193931022920578,LV,0.0,0
0,uc605809.1,uc605809,1,0.9858586630128539,0.2193931022920578,LV,0.0,0
0,uc605810.1,uc605810,1,0.9970341161942132,0.2193931022920578,LV,0.0,0
0,uc605970.1,uc605970,1,0.9955645198830644,0.2193931022920578,LV,0.0,0
0,uc605803.1,uc605803,1,0.9958268719332691,0.2193931022920578,LV,0.0,0
0,uc605804.1,uc605804,1,0.9971244214621684,0.2193931022920578,LV,0.0,0
0,uc605806.1,uc605806,1,0.9945589120450107,0.2193931022920578,LV,0.0,0
0,uc607384.1,uc607384,1,0.993190171883315,0.2193931022920578,LV,0.0,0
0,uc607387.1,uc607387,1,0.9949503829143417,0.2193931022920578,LV,0.0,0
0,uc609682.1,uc609682,1,0.9915094062106918,0.2193931022920578,LV,0.0,0
0,uc624033.1,uc624033,1,0.9994668024234037,0.2193931022920578,LV,0.0,0
0,uc625156.1,uc625156,1,0.9958499484471842,0.2193931022920578,LV,0.0,0
0,uc625624.1,uc625624,1,0.9911927635822092,0.2193931022920578,LV,0.0,0
0,uc625625.1,uc625625,1,0.9980975533154572,0.2193931022920578,LV,0.0,0
0,uc607366.1,uc607366,1,0.9858312836733152,0.2193931022920578,LV,0.0,0
0,uc607367.1,uc607367,1,0.996892939176617,0.2193931022920578,LV,0.0,0
0,uc606114.1,uc606114,1,0.995257048902602,0.2193931022920578,LV,0.0,0
0,uc606117.1,uc606117,1,0.9947381933616833,0.2193931022920578,LV,0.0,0
0,uc606120.1,uc606120,1,0.9944123626030279,0.2193931022920578,LV,0.0,0
0,uc623015.1,uc623015,1,0.9844940109834244,0.2193931022920578,LV,0.0,0
0,uc623432.1,uc623432,1,0.994066304977509,0.2193931022920578,LV,0.0,0
0,uc624028.1,uc624028,1,0.9949905662538813,0.2193931022920578,LV,0.0,0
0,uc605873.1,uc605873,1,0.9962441320824212,0.2193931022920578,LV,0.0,0
0,uc623007.1,uc623007,1,0.9952552470312229,0.2193931022920578,LV,0.0,0
0,uc606147.1,uc606147,1,0.995414099188943,0.2193931022920578,LV,0.0,0
0,uc606148.1,uc606148,1,0.9996757418402074,0.2193931022920578,LV,0.0,0
0,uc606150.1,uc606150,1,0.9978649545931118,0.2193931022920578,LV,0.0,0
0,uc606109.1,uc606109,1,0.9935691371022656,0.2193931022920578,LV,0.0,0
0,uc606110.1,uc606110,1,0.9930529064158348,0.2193931022920578,LV,0.0,0
0,uc606111.1,uc606111,1,0.9946700537565849,0.2193931022920578,LV,0.0,0
0,uc622777.1,uc622777,1,1.0006097349523375,0.2193931022920578,LV,0.0,0
0,uc623004.1,uc623004,1,0.9902663832931891,0.2193931022920578,LV,0.0,0
0,uc606103.1,uc606103,1,0.9955984914286733,0.2193931022920578,LV,0.0,0
0,uc606139.1,uc606139,1,0.9965711473392472,0.2193931022920578,LV,0.0,0
0,uc606141.1,uc606141,1,0.9943147975091553,0.2193931022920578,LV,0.0,0
0,uc606143.1,uc606143,1,0.9970284937391569,0.2193931022920578,LV,0.0,0
0,uc605921.1,uc605921,1,0.995510032664347,0.2193931022920578,LV,0.0,0
0,uc622713.1,uc622713,1,0.994820616673641,0.2193931022920578,LV,0.0,0
0,uc622714.1,uc622714,1,0.9951927331064159,0.2193931022920578,LV,0.0,0
0,uc605993.1,uc605993,1,0.9963759341190215,0.2193931022920578,LV,0.0,0
0,uc606101.1,uc606101,1,0.9935160330679865,0.2193931022920578,LV,0.0,0
0,uc606102.1,uc606102,1,0.9924011374866131,0.2193931022920578,LV,0.0,0
0,uc622273.1,uc622273,1,0.9961564519703621,0.2193931022920578,LV,0.0,0
0,uc622703.1,uc622703,1,0.9805962935676582,0.2193931022920578,LV,0.0,0
0,uc605989.1,uc605989,1,0.9974295554965139,0.2193931022920578,LV,0.0,0
0,uc606130.1,uc606130,1,0.9973104895178764,0.2193931022920578,LV,0.0,0
0,uc606132.1,uc606132,1,0.9932569515502121,0.2193931022920578,LV,0.0,0
0,uc605914.1,uc605914,1,1.0020898717018953,0.2193931022920578,LV,0.0,0
0,uc622257.1,uc622257,1,0.9975966247384342,0.2193931022920578,LV,0.0,0
0,uc605909.1,uc605909,1,0.9978659820898033,0.2193931022920578,LV,0.0,0
0,uc605910.1,uc605910,1,0.9944820214538022,0.2193931022920578,LV,0.0,0
0,uc605911.1,uc605911,1,0.9950496021877098,0.2193931022920578,LV,0.0,0
0,uc606128.1,uc606128,1,0.9966216337291387,0.2193931022920578,LV,0.0,0
0,uc605823.1,uc605823,1,0.9905237980990886,0.2193931022920578,LV,0.0,0
0,uc605824.1,uc605824,1,0.9953927899382253,0.2193931022920578,LV,0.0,0
0,uc605904.1,uc605904,1,0.9948597586681098,0.2193931022920578,LV,0.0,0
0,uc621999.1,uc621999,1,0.9964819789630439,0.2193931022920578,LV,0.0,0
0,uc639553.1,uc639553,1,0.9935200235247839,0.2193931022920578,LV,0.0,0
0,uc1239552.1,uc1239552,1,0.9936371764966139,0.2193931022920578,LV,0.0,0
0,uc605817.1,uc605817,1,0.9957164779299924,0.2193931022920578,LV,0.0,0
0,uc605819.1,uc605819,1,0.9940156722051655,0.2193931022920578,LV,0.0,0
0,uc605820.1,uc605820,1,0.9939793572053696,0.2193931022920578,LV,0.0,0
0,uc605821.1,uc605821,1,0.9910962605979278,0.2193931022920578,LV,0.0,0
0,uc639280.1,uc639280,1,0.9934615324057094,0.2193931022920578,LV,0.0,0
0,uc605898.1,uc605898,1,0.9951487062123199,0.2193931022920578,LV,0.0,0
0,uc605901.1,uc605901,1,0.997476035866041,0.2193931022920578,LV,0.0,0
0,uc605902.1,uc605902,1,0.9931418895257151,0.2193931022920578,LV,0.0,0
0,uc605985.1,uc605985,1,0.9919370829040878,0.2193931022920578,LV,0.0,0
0,uc606126.1,uc606126,1,0.9945048445032321,0.2193931022920578,LV,0.0,0
0,uc606127.1,uc606127,1,0.993574497030139,0.2193931022920578,LV,0.0,0
0,uc605896.1,uc605896,1,0.9873110856120373,0.2193931022920578,LV,0.0,0
0,uc606121.1,uc606121,1,0.9931514845982324,0.2193931022920578,LV,0.0,0
0,uc606122.1,uc606122,1,0.991115415934687,0.2193931022920578,LV,0.0,0
0,uc606123.1,uc606123,1,0.9933565215092728,0.2193931022920578,LV,0.0,0
0,uc606124.1,uc606124,1,0.9975802780925845,0.2193931022920578,LV,0.0,0
0,uc605825.1,uc605825,1,0.9932458460115567,0.2193931022920578,LV,0.0,0
0,uc623427.1,uc623427,1,0.9933565344649768,0.2193931022920578,LV,0.0,0
0,uc609687.1,uc609687,1,0.998511376755269,0.2193931022920578,LV,0.0,0
0,uc639277.1,uc639277,1,0.9911927635885416,0.2193931022920578,LV,0.0,0
0,uc1139390.1,uc1139390,1,0.9936006636141437,0.2193931022920578,LV,0.0,0
0,uc605863.1,uc605863,1,0.9908905076054437,0.2193931022920578,LV,0.0,0
0,uc605865.1,uc605865,1,0.9911194375562936,0.2193931022920578,LV,0.0,0
0,uc1138614.1,uc1138614,1,0.9934371702759196,0.2193931022920578,LV,0.0,0
0,uc605855.1,uc605855,1,0.9926654060697673,0.2193931022920578,LV,0.0,0
0,uc605828.1,uc605828,1,0.9908436715584261,0.2193931022920578,LV,0.0,0
0,uc605829.1,uc605829,1,0.9946098783487229,0.2193931022920578,LV,0.0,0
0,uc605834.1,uc605834,1,0.9886275352975745,0.2193931022920578,LV,0.0,0
0,uc605835.1,uc605835,1,0.9886821651402933,0.2193931022920578,LV,0.0,0
0,uc605827.1,uc605827,1,0.9907962564346686,0.2193931022920578,LV,0.0,0
0,uc627337.1,uc627337,1,0.9948503624862192,0.2193931022920578,LV,0.0,0
0,uc637912.1,uc637912,1,0.9946714362826955,0.2193931022920578,LV,0.0,0
0,uc637576.1,uc637576,1,0.9932737211163816,0.2193931022920578,LV,0.0,0
0,uc637356.1,uc637356,1,0.9961229836602263,0.2193931022920578,LV,0.0,0
0,uc637918.1,uc637918,1,0.9929360378629359,0.2193931022920578,LV,0.0,0
0,uc637360.1,uc637360,1,0.993326060762687,0.2193931022920578,LV,0.0,0
0,uc637399.1,uc637399,1,0.9852730305135058,0.2193931022920578,LV,0.0,0
0,uc637397.1,uc637397,1,0.990768807735818,0.2193931022920578,LV,0.0,0
0,uc1137150.1,uc1137150,1,0.9945757855367547,0.2193931022920578,LV,0.0,0
0,uc1636598.1,uc1636598,1,0.0,0.1270170592217177,LV,0.95,1
0,uc636933.1,uc636933,1,0.9963871625536889,0.2193931022920578,LV,0.0,0
0,uc635963.1,uc635963,1,0.9944899150845935,0.2193931022920578,LV,0.0,0
0,uc635543.1,uc635543,1,0.9935760080117685,0.2193931022920578,LV,0.0,0
0,uc635966.1,uc635966,1,0.9935696290535088,0.2193931022920578,LV,0.0,0
0,uc635550.1,uc635550,1,0.9949832054758956,0.2193931022920578,LV,0.0,0
0,uc635862.1,uc635862,1,0.9924377012982414,0.2193931022920578,LV,0.0,0
0,uc1635694.1,uc1635694,1,1.0017896709903795,0.2193931022920578,LV,0.0,0
0,uc3435739.1,uc3435739,1,0.9931338302603623,0.2193931022920578,LV,0.0,0
0,uc1635060.1,uc1635060,1,0.9974698648459649,0.2193931022920578,LV,0.0,0
0,uc1607271.1,uc1607271,1,0.998418639551379,0.2193931022920578,LV,0.0,0
0,uc605884.1,uc605884,1,0.9960218719957141,0.2193931022920578,LV,0.0,0
0,uc1609690.1,uc1609690,1,0.9995550383816468,0.2193931022920578,LV,0.0,0
0,uc1134165.1,uc1134165,1,0.9900301416658202,0.2193931022920578,LV,0.0,0
0,uc634166.1,uc634166,1,0.997207149836144,0.2193931022920578,LV,0.0,0
0,uc1633896.1,uc1633896,1,0.998340365964645,0.2193931022920578,LV,0.0,0
0,uc3433894.1,uc3433894,1,0.9946751418058,0.2193931022920578,LV,0.0,0
0,uc1633892.1,uc1633892,1,0.9993716456933168,0.2193931022920578,LV,0.0,0
0,uc633672.1,uc633672,1,0.9985365472012068,0.2193931022920578,LV,0.0,0
0,uc1633671.1,uc1633671,1,0.9926023439470592,0.2193931022920578,LV,0.0,0
0,uc1632306.1,uc1632306,1,0.9982813187156863,0.2193931022920578,LV,0.0,0
0,uc632607.1,uc632607,1,0.9786760817434155,0.2193931022920578,LV,0.0,0
0,uc632613.1,uc632613,1,0.994311660759062,0.2193931022920578,LV,0.0,0
0,uc3432407.1,uc3432407,1,0.9937978449171235,0.2193931022920578,LV,0.0,0
0,uc1632402.1,uc1632402,1,0.9913136181029096,0.2193931022920578,LV,0.0,0
0,uc1132019.1,uc1132019,1,0.9934382333772233,0.2193931022920578,LV,0.0,0
0,uc632016.1,uc632016,1,0.996871275971312,0.2193931022920578,LV,0.0,0
0,uc1132015.1,uc1132015,1,0.9914079844931,0.2193931022920578,LV,0.0,0
0,uc1132012.1,uc1132012,1,0.9959730285647699,0.2193931022920578,LV,0.0,0
0,uc631859.1,uc631859,1,0.9967865554302111,0.2193931022920578,LV,0.0,0
0,uc1631852.1,uc1631852,1,0.9963240466336716,0.2193931022920578,LV,0.0,0
0,uc1130761.1,uc1130761,1,0.9886386762438196,0.2193931022920578,LV,0.0,0
0,uc1630759.1,uc1630759,1,0.9906084700016995,0.2193931022920578,LV,0.0,0
0,uc630758.1,uc630758,1,0.993940269091862,0.2193931022920578,LV,0.0,0
0,uc629428.1,uc629428,1,0.9967478357959421,0.2193931022920578,LV,0.0,0
0,uc1629639.1,uc1629639,1,0.9999391289423611,0.2193931022920578,LV,0.0,0
0,uc1229546.1,uc1229546,1,0.9935863307673234,0.2193931022920578,LV,0.0,0
0,uc628768.1,uc628768,1,0.9952911923946928,0.2193931022920578,LV,0.0,0
0,uc628757.1,uc628757,1,0.9991731376945674,0.2193931022920578,LV,0.0,0
0,uc628766.1,uc628766,1,0.997318803802703,0.2193931022920578,LV,0.0,0
0,uc628753.1,uc628753,1,1.0001352115221802,0.2193931022920578,LV,0.0,0
0,uc627346.1,uc627346,1,0.9974216794968005,0.2193931022920578,LV,0.0,0
0,uc1628760.1,uc1628760,1,1.0000046844500885,0.2193931022920578,LV,0.0,0
0,uc1629422.1,uc1629422,1,0.9940755265764935,0.2193931022920578,LV,0.0,0
0,uc626699.1,uc626699,1,0.998185817873293,0.2193931022920578,LV,0.0,0
0,60651.2,60651,2,0.9964441049327439,13.336791218280357,MV,0.0,0
0,60721.2,60721,2,0.9964151760825097,13.336791218280357,MV,0.0,0
0,164151.2,164151,2,0.9966864862725847,13.336791218280357,MV,0.0,0
0,302191.2,302191,2,0.9941631876849215,13.336791218280357,MV,0.0,0
0,320841.2,320841,2,0.9953882891465357,13.336791218280357,MV,0.0,0
0,337711.2,337711,2,0.9941885698637869,13.336791218280357,MV,0.0,0
0,358691.2,358691,2,0.9992522269673755,13.336791218280357,MV,0.0,0
0,et6_1177.2,et6_1177,2,0.9953314207570277,0.2193931022920578,LV,0.0,0
0,461501.2,461501,2,0.9966116329048352,13.336791218280357,MV,0.0,0
0,686891.2,686891,2,0.995937578579279,13.336791218280357,MV,0.0,0
0,703601.2,703601,2,0.9967680420822382,13.336791218280357,MV,0.0,0
0,713791.2,713791,2,0.9958423654538296,13.336791218280357,MV,0.0,0
0,725731.2,725731,2,0.9955502766267864,13.336791218280357,MV,0.0,0
0,809501.2,809501,2,0.9960858080314989,13.336791218280357,MV,0.0,0
0,811221.2,811221,2,0.9967010113615286,13.336791218280357,MV,0.0,0
0,815111.2,815111,2,0.9941606599111207,13.336791218280357,MV,0.0,0
0,822371.2,822371,2,0.9956519803072907,13.336791218280357,MV,0.0,0
0,820611.2,820611,2,0.996319078655046,13.336791218280357,MV,0.0,0
0,822641.2,822641,2,0.9957052346116826,13.336791218280357,MV,0.0,0
0,618431.2,618431,2,0.9964443336236047,13.336791218280357,MV,0.0,0
0,bt10401.2,bt10401,2,0.9880128717438786,0.2193931022920578,LV,0.0,0
0,bt197792.2,bt197792,2,0.987701196177986,0.2193931022920578,LV,0.0,0
0,bt800551.2,bt800551,2,0.9877011961999361,0.2193931022920578,LV,0.0,0
0,bt295341.2,bt295341,2,0.9871167391131838,0.2193931022920578,LV,0.0,0
0,bt800541.2,bt800541,2,0.9874041525079637,0.2193931022920578,LV,0.0,0
0,bt295361.2,bt295361,2,0.9866538465429222,0.2193931022920578,LV,0.0,0
0,bt474991.2,bt474991,2,0.9865169304180958,0.2193931022920578,LV,0.0,0
0,uc1627323.2,uc1627323,2,0.9877972805221927,0.2193931022920578,LV,0.0,0
0,uc3405987.2,uc3405987,2,0.9901976811009255,0.2193931022920578,LV,0.0,0
0,uc3405846.2,uc3405846,2,0.9920370146926978,0.2193931022920578,LV,0.0,0
0,uc3405847.2,uc3405847,2,0.9907740116607185,0.2193931022920578,LV,0.0,0
0,uc3405838.2,uc3405838,2,0.9893357801522735,0.2193931022920578,LV,0.0,0
0,uc1607326.2,uc1607326,2,0.989213509926603,0.2193931022920578,LV,0.0,0
0,uc1607316.2,uc1607316,2,0.9869969510447982,0.2193931022920578,LV,0.0,0
0,uc1607308.2,uc1607308,2,0.9930645277816316,0.2193931022920578,LV,0.0,0
0,uc1623434.2,uc1623434,2,0.0,0.1270170592217177,LV,0.95,1
0,uc1620373.2,uc1620373,2,0.9930732085417601,0.2193931022920578,LV,0.0,0
0,uc1607302.2,uc1607302,2,0.9929266387743446,0.2193931022920578,LV,0.0,0
0,uc1607304.2,uc1607304,2,0.9928412684372119,0.2193931022920578,LV,0.0,0
0,uc1607306.2,uc1607306,2,0.9926228389745089,0.2193931022920578,LV,0.0,0
0,uc1607299.2,uc1607299,2,0.9932649979185797,0.2193931022920578,LV,0.0,0
0,uc1607297.2,uc1607297,2,0.9952500364286908,0.2193931022920578,LV,0.0,0
0,uc1607298.2,uc1607298,2,0.9934071486182965,0.2193931022920578,LV,0.0,0
0,uc1607289.2,uc1607289,2,0.9966651821432341,0.2193931022920578,LV,0.0,0
0,uc1607291.2,uc1607291,2,0.994893850069713,0.2193931022920578,LV,0.0,0
0,uc1607292.2,uc1607292,2,0.9944730142493292,0.2193931022920578,LV,0.0,0
0,uc1607280.2,uc1607280,2,0.9919239454138365,0.2193931022920578,LV,0.0,0
0,uc1607284.2,uc1607284,2,0.9921048039358316,0.2193931022920578,LV,0.0,0
0,uc1607285.2,uc1607285,2,0.9920169886381873,0.2193931022920578,LV,0.0,0
0,uc1607288.2,uc1607288,2,0.9922353618437871,0.2193931022920578,LV,0.0,0
0,uc1607279.2,uc1607279,2,0.9928002465566915,0.2193931022920578,LV,0.0,0
0,uc1607355.2,uc1607355,2,0.9934467886852663,0.2193931022920578,LV,0.0,0
0,uc1607357.2,uc1607357,2,0.9961952542731315,0.2193931022920578,LV,0.0,0
0,uc1607358.2,uc1607358,2,0.9944201264759411,0.2193931022920578,LV,0.0,0
0,uc1607368.2,uc1607368,2,0.0,0.1270170592217177,LV,0.95,1
0,uc1607276.2,uc1607276,2,0.9988413406521194,0.2193931022920578,LV,0.0,0
0,uc1607278.2,uc1607278,2,0.9997233088324982,0.2193931022920578,LV,0.0,0
0,uc1607273.2,uc1607273,2,0.9986444280948602,0.2193931022920578,LV,0.0,0
0,uc1607328.2,uc1607328,2,0.988833475061565,0.2193931022920578,LV,0.0,0
0,uc1607347.2,uc1607347,2,0.9922894656329221,0.2193931022920578,LV,0.0,0
0,uc1607350.2,uc1607350,2,0.9942300222163872,0.2193931022920578,LV,0.0,0
0,uc1107341.2,uc1107341,2,0.9902258202101987,0.2193931022920578,LV,0.0,0
0,uc1107333.2,uc1107333,2,0.9915693862899774,0.2193931022920578,LV,0.0,0
0,uc1607268.2,uc1607268,2,0.9985462662759279,0.2193931022920578,LV,0.0,0
0,uc1607252.2,uc1607252,2,0.9916558134712014,0.2193931022920578,LV,0.0,0
0,uc1606000.2,uc1606000,2,0.9919155890080079,0.2193931022920578,LV,0.0,0
0,uc1607255.2,uc1607255,2,0.9930528869575791,0.2193931022920578,LV,0.0,0
0,uc1607258.2,uc1607258,2,0.9916627703834054,0.2193931022920578,LV,0.0,0
0,uc1124041.2,uc1124041,2,0.9923005335008077,0.2193931022920578,LV,0.0,0
0,uc1124340.2,uc1124340,2,0.9917097086315343,0.2193931022920578,LV,0.0,0
0,uc1121173.2,uc1121173,2,0.9916464344499089,0.2193931022920578,LV,0.0,0
0,uc1107345.2,uc1107345,2,0.9916929915861562,0.2193931022920578,LV,0.0,0
0,uc605816.2,uc605816,2,0.9895797136557211,0.2193931022920578,LV,0.0,0
0,uc605812.2,uc605812,2,0.9865467147344271,0.2193931022920578,LV,0.0,0
0,uc605813.2,uc605813,2,0.9951735087346246,0.2193931022920578,LV,0.0,0
0,uc609685.2,uc609685,2,0.9971277627958026,0.2193931022920578,LV,0.0,0
0,uc609688.2,uc609688,2,0.9929603531254274,0.2193931022920578,LV,0.0,0
0,uc621168.2,uc621168,2,0.9941362577346836,0.2193931022920578,LV,0.0,0
0,uc621171.2,uc621171,2,0.9931079673555913,0.2193931022920578,LV,0.0,0
0,uc605810.2,uc605810,2,0.9960935903788085,0.2193931022920578,LV,0.0,0
0,uc605807.2,uc605807,2,0.9879951594651145,0.2193931022920578,LV,0.0,0
0,uc605801.2,uc605801,2,0.9919284835335113,0.2193931022920578,LV,0.0,0
0,uc607384.2,uc607384,2,0.9929671708368942,0.2193931022920578,LV,0.0,0
0,uc607385.2,uc607385,2,0.9901718640679024,0.2193931022920578,LV,0.0,0
0,uc609682.2,uc609682,2,0.9887444066328447,0.2193931022920578,LV,0.0,0
0,uc609683.2,uc609683,2,0.9959206439484276,0.2193931022920578,LV,0.0,0
0,uc607377.2,uc607377,2,0.9973583920607234,0.2193931022920578,LV,0.0,0
0,uc607382.2,uc607382,2,0.9950200745968656,0.2193931022920578,LV,0.0,0
0,uc606117.2,uc606117,2,0.9945091019401678,0.2193931022920578,LV,0.0,0
0,uc606120.2,uc606120,2,0.9941832246921354,0.2193931022920578,LV,0.0,0
0,uc623433.2,uc623433,2,0.9878235194725025,0.2193931022920578,LV,0.0,0
0,uc623007.2,uc623007,2,0.9950645417024068,0.2193931022920578,LV,0.0,0
0,uc606147.2,uc606147,2,0.9926445734379798,0.2193931022920578,LV,0.0,0
0,uc606148.2,uc606148,2,0.9998971970250727,0.2193931022920578,LV,0.0,0
0,uc606150.2,uc606150,2,0.9977929458426672,0.2193931022920578,LV,0.0,0
0,uc606109.2,uc606109,2,0.9933398753109361,0.2193931022920578,LV,0.0,0
0,uc606110.2,uc606110,2,0.9928236733428502,0.2193931022920578,LV,0.0,0
0,uc606111.2,uc606111,2,0.9944409451692572,0.2193931022920578,LV,0.0,0
0,uc622720.2,uc622720,2,0.9940565056675518,0.2193931022920578,LV,0.0,0
0,uc623004.2,uc623004,2,0.9890734833478935,0.2193931022920578,LV,0.0,0
0,uc606103.2,uc606103,2,0.9940342243758563,0.2193931022920578,LV,0.0,0
0,uc606139.2,uc606139,2,0.99273503946674,0.2193931022920578,LV,0.0,0
0,uc606143.2,uc606143,2,0.994566049733593,0.2193931022920578,LV,0.0,0
0,uc605921.2,uc605921,2,0.9948021401135867,0.2193931022920578,LV,0.0,0
0,uc605915.2,uc605915,2,0.9935603221705522,0.2193931022920578,LV,0.0,0
0,uc606101.2,uc606101,2,0.9944839647295644,0.2193931022920578,LV,0.0,0
0,uc622273.2,uc622273,2,0.9936934747427635,0.2193931022920578,LV,0.0,0
0,uc605990.2,uc605990,2,0.987116660347209,0.2193931022920578,LV,0.0,0
0,uc606130.2,uc606130,2,0.9961533735587056,0.2193931022920578,LV,0.0,0
0,uc606132.2,uc606132,2,0.9930371830671731,0.2193931022920578,LV,0.0,0
0,uc622258.2,uc622258,2,0.9963464178895577,0.2193931022920578,LV,0.0,0
0,uc622270.2,uc622270,2,0.998646937845818,0.2193931022920578,LV,0.0,0
0,uc605905.2,uc605905,2,0.9925761095858716,0.2193931022920578,LV,0.0,0
0,uc605909.2,uc605909,2,0.9973286805601903,0.2193931022920578,LV,0.0,0
0,uc605910.2,uc605910,2,0.9942505373769471,0.2193931022920578,LV,0.0,0
0,uc605911.2,uc605911,2,0.994818241079064,0.2193931022920578,LV,0.0,0
0,uc606128.2,uc606128,2,0.995289089221731,0.2193931022920578,LV,0.0,0
0,uc605904.2,uc605904,2,0.992638435838136,0.2193931022920578,LV,0.0,0
0,uc1239552.2,uc1239552,2,0.993412666338861,0.2193931022920578,LV,0.0,0
0,uc605817.2,uc605817,2,0.9951689523056433,0.2193931022920578,LV,0.0,0
0,uc605819.2,uc605819,2,0.9930661389346314,0.2193931022920578,LV,0.0,0
0,uc605820.2,uc605820,2,0.989309522507559,0.2193931022920578,LV,0.0,0
0,uc605821.2,uc605821,2,0.9901536117135238,0.2193931022920578,LV,0.0,0
0,uc605822.2,uc605822,2,0.9891985361485782,0.2193931022920578,LV,0.0,0
0,uc639280.2,uc639280,2,0.9932768483294284,0.2193931022920578,LV,0.0,0
0,uc605898.2,uc605898,2,0.9958843185543652,0.2193931022920578,LV,0.0,0
0,uc605902.2,uc605902,2,0.9929204091666368,0.2193931022920578,LV,0.0,0
0,uc605982.2,uc605982,2,0.9879073644683047,0.2193931022920578,LV,0.0,0
0,uc605988.2,uc605988,2,0.9865892711791405,0.2193931022920578,LV,0.0,0
0,uc606126.2,uc606126,2,0.9942872616038329,0.2193931022920578,LV,0.0,0
0,uc606127.2,uc606127,2,0.9933567232233232,0.2193931022920578,LV,0.0,0
0,uc605896.2,uc605896,2,0.9884477871782864,0.2193931022920578,LV,0.0,0
0,uc606121.2,uc606121,2,0.9929215902083841,0.2193931022920578,LV,0.0,0
0,uc606122.2,uc606122,2,0.9908848319374456,0.2193931022920578,LV,0.0,0
0,uc606123.2,uc606123,2,0.9931365278491683,0.2193931022920578,LV,0.0,0
0,uc622709.2,uc622709,2,0.9942649959324258,0.2193931022920578,LV,0.0,0
0,uc639277.2,uc639277,2,0.9902500769240951,0.2193931022920578,LV,0.0,0
0,uc1139390.2,uc1139390,2,0.9933761617048685,0.2193931022920578,LV,0.0,0
0,uc605864.2,uc605864,2,0.9902139537974782,0.2193931022920578,LV,0.0,0
0,uc605865.2,uc605865,2,0.9899297696497666,0.2193931022920578,LV,0.0,0
0,uc638617.2,uc638617,2,0.9896231268131555,0.2193931022920578,LV,0.0,0
0,uc605855.2,uc605855,2,0.9899009664884592,0.2193931022920578,LV,0.0,0
0,uc1638606.2,uc1638606,2,0.9971354516479624,0.2193931022920578,LV,0.0,0
0,uc1638954.2,uc1638954,2,0.9984137833922118,0.2193931022920578,LV,0.0,0
0,uc605836.2,uc605836,2,0.9814698185327767,0.2193931022920578,LV,0.0,0
0,uc1607303.2,uc1607303,2,0.9941221699130467,0.2193931022920578,LV,0.0,0
0,uc637705.2,uc637705,2,0.9908754142010624,0.2193931022920578,LV,0.0,0
0,uc1637704.2,uc1637704,2,1.0022379668426602,0.2193931022920578,LV,0.0,0
0,uc637576.2,uc637576,2,0.9930537365593823,0.2193931022920578,LV,0.0,0
0,uc637918.2,uc637918,2,0.9927513942606122,0.2193931022920578,LV,0.0,0
0,uc637360.2,uc637360,2,0.9930967531133059,0.2193931022920578,LV,0.0,0
0,uc637397.2,uc637397,2,0.9905019992962831,0.2193931022920578,LV,0.0,0
0,uc636933.2,uc636933,2,0.9925503961677725,0.2193931022920578,LV,0.0,0
0,uc605908.2,uc605908,2,0.9979233232759613,0.2193931022920578,LV,0.0,0
0,uc635963.2,uc635963,2,0.9942607925123604,0.2193931022920578,LV,0.0,0
0,uc635543.2,uc635543,2,0.99334671939938,0.2193931022920578,LV,0.0,0
0,uc635966.2,uc635966,2,0.9933403411071556,0.2193931022920578,LV,0.0,0
0,uc627328.2,uc627328,2,0.9863648109744511,0.2193931022920578,LV,0.0,0
0,uc635550.2,uc635550,2,0.9947664019666437,0.2193931022920578,LV,0.0,0
0,uc635862.2,uc635862,2,0.9921715581182085,0.2193931022920578,LV,0.0,0
0,uc3435739.2,uc3435739,2,0.9900577085597497,0.2193931022920578,LV,0.0,0
0,uc634166.2,uc634166,2,0.9962345926263398,0.2193931022920578,LV,0.0,0
0,uc1633671.2,uc1633671,2,0.9946682921403148,0.2193931022920578,LV,0.0,0
0,uc633056.2,uc633056,2,0.9958290783145889,0.2193931022920578,LV,0.0,0
0,uc632607.2,uc632607,2,0.9784039862515479,0.2193931022920578,LV,0.0,0
0,uc1632402.2,uc1632402,2,0.9929632709484698,0.2193931022920578,LV,0.0,0
0,uc1131858.2,uc1131858,2,0.9903057430266458,0.2193931022920578,LV,0.0,0
0,uc631391.2,uc631391,2,0.9815547764400536,0.2193931022920578,LV,0.0,0
0,uc1630759.2,uc1630759,2,0.9922195257016309,0.2193931022920578,LV,0.0,0
0,uc630758.2,uc630758,2,0.9900529287551426,0.2193931022920578,LV,0.0,0
0,uc630753.2,uc630753,2,0.9900659281637668,0.2193931022920578,LV,0.0,0
0,uc628766.2,uc628766,2,0.9961616966453186,0.2193931022920578,LV,0.0,0
0,uc627346.2,uc627346,2,0.9968702514329196,0.2193931022920578,LV,0.0,0
0,uc1629422.2,uc1629422,2,0.9924567697253175,0.2193931022920578,LV,0.0,0
0,60651.3,60651,3,0.9964357060307163,13.336791218280357,MV,0.0,0
0,60721.3,60721,3,0.9964067760093185,13.336791218280357,MV,0.0,0
0,164151.3,164151,3,0.9966781043500119,13.336791218280357,MV,0.0,0
0,302191.3,302191,3,0.9941497077747518,13.336791218280357,MV,0.0,0
0,320841.3,320841,3,0.9953629113487662,13.336791218280357,MV,0.0,0
0,337711.3,337711,3,0.9941750948378145,13.336791218280357,MV,0.0,0
0,358691.3,358691,3,0.9991864231042792,13.336791218280357,MV,0.0,0
0,et6_1177.3,et6_1177,3,0.9944038886127622,0.2193931022920578,LV,0.0,0
0,461501.3,461501,3,0.9965788838298076,13.336791218280357,MV,0.0,0
0,686891.3,686891,3,0.9959163101334296,13.336791218280357,MV,0.0,0
0,703601.3,703601,3,0.996760223252491,13.336791218280357,MV,0.0,0
0,713791.3,713791,3,0.9958174058441225,13.336791218280357,MV,0.0,0
0,725731.3,725731,3,0.9955248891612513,13.336791218280357,MV,0.0,0
0,809501.3,809501,3,0.9960662698283929,13.336791218280357,MV,0.0,0
0,811221.3,811221,3,0.9966927244637327,13.336791218280357,MV,0.0,0
0,815111.3,815111,3,0.9941471794480061,13.336791218280357,MV,0.0,0
0,822371.3,822371,3,0.9956266260467934,13.336791218280357,MV,0.0,0
0,820611.3,820611,3,0.9963068589148416,13.336791218280357,MV,0.0,0
0,822641.3,822641,3,0.9956762328095098,13.336791218280357,MV,0.0,0
0,618431.3,618431,3,0.9964359347355666,13.336791218280357,MV,0.0,0
0,bt10401.3,bt10401,3,0.9911096562542198,0.2193931022920578,LV,0.0,0
0,bt197792.3,bt197792,3,0.990738190762184,0.2193931022920578,LV,0.0,0
0,bt800551.3,bt800551,3,0.9908028156718524,0.2193931022920578,LV,0.0,0
0,bt295341.3,bt295341,3,0.9906497962892761,0.2193931022920578,LV,0.0,0
0,bt800541.3,bt800541,3,0.990686790889371,0.2193931022920578,LV,0.0,0
0,bt295361.3,bt295361,3,0.9906497969729217,0.2193931022920578,LV,0.0,0
0,bt474991.3,bt474991,3,0.9906497974407762,0.2193931022920578,LV,0.0,0
0,uc627336.3,uc627336,3,0.9951128761987778,0.2193931022920578,LV,0.0,0
0,uc1620373.3,uc1620373,3,0.9939835261065638,0.2193931022920578,LV,0.0,0
0,uc1607302.3,uc1607302,3,0.993804969117596,0.2193931022920578,LV,0.0,0
0,uc1607304.3,uc1607304,3,0.9937503140170612,0.2193931022920578,LV,0.0,0
0,uc1607298.3,uc1607298,3,0.9945438329832708,0.2193931022920578,LV,0.0,0
0,uc1607280.3,uc1607280,3,0.9927005859303826,0.2193931022920578,LV,0.0,0
0,uc1607285.3,uc1607285,3,0.9936012094336666,0.2193931022920578,LV,0.0,0
0,uc1607279.3,uc1607279,3,0.9935772425709196,0.2193931022920578,LV,0.0,0
0,uc1607347.3,uc1607347,3,0.9931994408448301,0.2193931022920578,LV,0.0,0
0,uc1124340.3,uc1124340,3,0.9934828721585264,0.2193931022920578,LV,0.0,0
0,uc605816.3,uc605816,3,0.990657461546692,0.2193931022920578,LV,0.0,0
0,uc605815.3,uc605815,3,0.9919861176639093,0.2193931022920578,LV,0.0,0
0,uc621171.3,uc621171,3,0.9936421860452068,0.2193931022920578,LV,0.0,0
0,uc607384.3,uc607384,3,0.9935043912267691,0.2193931022920578,LV,0.0,0
0,uc606117.3,uc606117,3,0.9950438600006597,0.2193931022920578,LV,0.0,0
0,uc606120.3,uc606120,3,0.9947178650959744,0.2193931022920578,LV,0.0,0
0,uc623007.3,uc623007,3,0.9941369488175699,0.2193931022920578,LV,0.0,0
0,uc605867.3,uc605867,3,0.9919692978687789,0.2193931022920578,LV,0.0,0
0,uc606150.3,uc606150,3,0.9979187924848288,0.2193931022920578,LV,0.0,0
0,uc606109.3,uc606109,3,0.9938741884625524,0.2193931022920578,LV,0.0,0
0,uc606110.3,uc606110,3,0.9933578343305478,0.2193931022920578,LV,0.0,0
0,uc606111.3,uc606111,3,0.9949756740672058,0.2193931022920578,LV,0.0,0
0,uc622722.3,uc622722,3,0.9923320297765658,0.2193931022920578,LV,0.0,0
0,uc623004.3,uc623004,3,0.9914690712623319,0.2193931022920578,LV,0.0,0
0,uc606101.3,uc606101,3,0.9950089098347197,0.2193931022920578,LV,0.0,0
0,uc606132.3,uc606132,3,0.9935799116092329,0.2193931022920578,LV,0.0,0
0,uc605910.3,uc605910,3,0.9947814222678112,0.2193931022920578,LV,0.0,0
0,uc605911.3,uc605911,3,0.9953493589173941,0.2193931022920578,LV,0.0,0
0,uc605904.3,uc605904,3,0.99513601499752,0.2193931022920578,LV,0.0,0
0,uc1239552.3,uc1239552,3,0.9943232226468532,0.2193931022920578,LV,0.0,0
0,uc605821.3,uc605821,3,0.9926005011734542,0.2193931022920578,LV,0.0,0
0,uc639280.3,uc639280,3,0.9939369414981483,0.2193931022920578,LV,0.0,0
0,uc605898.3,uc605898,3,0.9952638680068022,0.2193931022920578,LV,0.0,0
0,uc605902.3,uc605902,3,0.9934010462876806,0.2193931022920578,LV,0.0,0
0,uc606126.3,uc606126,3,0.9948308665625585,0.2193931022920578,LV,0.0,0
0,uc606127.3,uc606127,3,0.9938999425336619,0.2193931022920578,LV,0.0,0
0,uc606121.3,uc606121,3,0.993455081894219,0.2193931022920578,LV,0.0,0
0,uc606122.3,uc606122,3,0.9914169931621425,0.2193931022920578,LV,0.0,0
0,uc639277.3,uc639277,3,0.9926970381267638,0.2193931022920578,LV,0.0,0
0,uc1139390.3,uc1139390,3,0.9942866845519444,0.2193931022920578,LV,0.0,0
0,uc637576.3,uc637576,3,0.9935950234038405,0.2193931022920578,LV,0.0,0
0,uc637918.3,uc637918,3,0.9934113124932015,0.2193931022920578,LV,0.0,0
0,uc637360.3,uc637360,3,0.9936308470702189,0.2193931022920578,LV,0.0,0
0,uc637397.3,uc637397,3,0.9915763909700701,0.2193931022920578,LV,0.0,0
0,uc635963.3,uc635963,3,0.9947954661840478,0.2193931022920578,LV,0.0,0
0,uc635543.3,uc635543,3,0.9938810238507488,0.2193931022920578,LV,0.0,0
0,uc635966.3,uc635966,3,0.9938746438235916,0.2193931022920578,LV,0.0,0
0,uc635550.3,uc635550,3,0.9953110848515706,0.2193931022920578,LV,0.0,0
0,uc635862.3,uc635862,3,0.9921032997395853,0.2193931022920578,LV,0.0,0
0,uc1633671.3,uc1633671,3,0.9947509547303767,0.2193931022920578,LV,0.0,0
0,uc632607.3,uc632607,3,0.9794753172484123,0.2193931022920578,LV,0.0,0
0,uc1629422.3,uc1629422,3,0.9948047346465513,0.2193931022920578,LV,0.0,0
1,60651.1,60651,1,0.9960404634640689,13.336791218280357,MV,0.0,0
1,60721.1,60721,1,0.9960126431086062,13.336791218280357,MV,0.0,0
1,164151.1,164151,1,0.9962733782201126,13.336791218280357,MV,0.0,0
1,302191.1,302191,1,0.9933870702658424,13.336791218280357,MV,0.0,0
1,320841.1,320841,1,0.9949213898698787,13.336791218280357,MV,0.0,0
1,337711.1,337711,1,0.9934113410298272,13.336791218280357,MV,0.0,0
1,358691.1,358691,1,0.9990418784906904,13.336791218280357,MV,0.0,0
1,et6_1177.1,et6_1177,1,0.9957321150691322,0.2193931022920578,LV,0.0,0
1,461501.1,461501,1,0.9961185358427764,13.336791218280357,MV,0.0,0
1,686891.1,686891,1,0.9954650913292841,13.336791218280357,MV,0.0,0
1,703601.1,703601,1,0.9963573021157185,13.336791218280357,MV,0.0,0
1,713791.1,713791,1,0.9953566969980653,13.336791218280357,MV,0.0,0
1,725731.1,725731,1,0.9950772252402803,13.336791218280357,MV,0.0,0
1,809501.1,809501,1,0.9956105106762663,13.336791218280357,MV,0.0,0
1,811221.1,811221,1,0.9962882258614367,13.336791218280357,MV,0.0,0
1,815111.1,815111,1,0.9933847427529088,13.336791218280357,MV,0.0,0
1,822371.1,822371,1,0.9951742619461111,13.336791218280357,MV,0.0,0
1,820611.1,820611,1,0.9958906506751583,13.336791218280357,MV,0.0,0
1,822641.1,822641,1,0.9952171120701689,13.336791218280357,MV,0.0,0
1,618431.1,618431,1,0.996040683944627,13.336791218280357,MV,0.0,0
1,bt10401.1,bt10401,1,0.9873918319612918,0.2193931022920578,LV,0.0,0
1,bt197792.1,bt197792,1,0.9865304587845799,0.2193931022920578,LV,0.0,0
1,bt800551.1,bt800551,1,0.986656797688977,0.2193931022920578,LV,0.0,0
1,bt295341.1,bt295341,1,0.9855110483361182,0.2193931022920578,LV,0.0,0
1,bt800541.1,bt800541,1,0.9860538591879501,0.2193931022920578,LV,0.0,0
1,bt295361.1,bt295361,1,0.9849945037672884,0.2193931022920578,LV,0.0,0
1,bt474991.1,bt474991,1,0.984587735075641,0.2193931022920578,LV,0.0,0
1,uc626695.1,uc626695,1,0.9814114696636109,0.2193931022920578,LV,0.0,0
1,uc1627323.1,uc1627323,1,0.9931758642219202,0.2193931022920578,LV,0.0,0
1,uc1627342.1,uc1627342,1,0.9994624410549423,0.2193931022920578,LV,0.0,0
1,uc627343.1,uc627343,1,0.9969659352161534,0.2193931022920578,LV,0.0,0
1,uc627344.1,uc627344,1,0.9977202502361078,0.2193931022920578,LV,0.0,0
1,uc1626672.1,uc1626672,1,0.0,0.1270170592217177,LV,0.95,1
1,uc1626490.1,uc1626490,1,0.9932725845242132,0.2193931022920578,LV,0.0,0
1,uc3422706.1,uc3422706,1,0.9961795900746123,0.2193931022920578,LV,0.0,0
1,uc3425629.1,uc3425629,1,0.9962276920115904,0.2193931022920578,LV,0.0,0
1,uc3422597.1,uc3422597,1,0.9942295002652167,0.2193931022920578,LV,0.0,0
1,uc3405843.1,uc3405843,1,0.9945691895751767,0.2193931022920578,LV,0.0,0
1,uc3405844.1,uc3405844,1,0.9944269521731095,0.2193931022920578,LV,0.0,0
1,uc3405845.1,uc3405845,1,0.9943918269300845,0.2193931022920578,LV,0.0,0
1,uc3405846.1,uc3405846,1,0.9947398410603103,0.2193931022920578,LV,0.0,0
1,uc1626486.1,uc1626486,1,0.9995519713090623,0.2193931022920578,LV,0.0,0
1,uc1626487.1,uc1626487,1,0.9947131278387964,0.2193931022920578,LV,0.0,0
1,uc626481.1,uc626481,1,0.9957970844362424,0.2193931022920578,LV,0.0,0
1,uc626678.1,uc626678,1,0.9930597235812282,0.2193931022920578,LV,0.0,0
1,uc626698.1,uc626698,1,0.997129496948932,0.2193931022920578,LV,0.0,0
1,uc626476.1,uc626476,1,0.9909724046432036,0.2193931022920578,LV,0.0,0
1,uc1627321.1,uc1627321,1,0.9992344787202421,0.2193931022920578,LV,0.0,0
1,uc1607319.1,uc1607319,1,0.9941870578106288,0.2193931022920578,LV,0.0,0
1,uc1607308.1,uc1607308,1,0.9946991671292779,0.2193931022920578,LV,0.0,0
1,uc1624026.1,uc1624026,1,0.0,0.1270170592217177,LV,0.95,1
1,uc1625170.1,uc1625170,1,0.9976361346117927,0.2193931022920578,LV,0.0,0
1,uc1621994.1,uc1621994,1,0.9992566363650333,0.2193931022920578,LV,0.0,0
1,uc1620360.1,uc1620360,1,0.998993886452049,0.2193931022920578,LV,0.0,0
1,uc1620373.1,uc1620373,1,0.9936088462920415,0.2193931022920578,LV,0.0,0
1,uc1607302.1,uc1607302,1,0.9934599520569058,0.2193931022920578,LV,0.0,0
1,uc1607304.1,uc1607304,1,0.9924638621738365,0.2193931022920578,LV,0.0,0
1,uc1607305.1,uc1607305,1,0.9921031716688975,0.2193931022920578,LV,0.0,0
1,uc1607306.1,uc1607306,1,0.9942756960838404,0.2193931022920578,LV,0.0,0
1,uc1607297.1,uc1607297,1,0.9967380882505972,0.2193931022920578,LV,0.0,0
1,uc1607298.1,uc1607298,1,0.9941743633821287,0.2193931022920578,LV,0.0,0
1,uc1607289.1,uc1607289,1,0.99743111657511,0.2193931022920578,LV,0.0,0
1,uc1607290.1,uc1607290,1,0.9974968903523598,0.2193931022920578,LV,0.0,0
1,uc1607291.1,uc1607291,1,0.9968162677844292,0.2193931022920578,LV,0.0,0
1,uc1607280.1,uc1607280,1,0.992479380812338,0.2193931022920578,LV,0.0,0
1,uc1607283.1,uc1607283,1,0.9900285852434082,0.2193931022920578,LV,0.0,0
1,uc1607285.1,uc1607285,1,0.9914131236009058,0.2193931022920578,LV,0.0,0
1,uc1607287.1,uc1607287,1,0.993759182753301,0.2193931022920578,LV,0.0,0
1,uc1607288.1,uc1607288,1,0.9942263609659815,0.2193931022920578,LV,0.0,0
1,uc1607279.1,uc1607279,1,0.9933193080113181,0.2193931022920578,LV,0.0,0
1,uc1607357.1,uc1607357,1,0.9968547455898524,0.2193931022920578,LV,0.0,0
1,uc1607358.1,uc1607358,1,0.996386986571307,0.2193931022920578,LV,0.0,0
1,uc1607368.1,uc1607368,1,0.0,0.1270170592217177,LV,0.95,1
1,uc1607277.1,uc1607277,1,0.9975039684305278,0.2193931022920578,LV,0.0,0
1,uc1607278.1,uc1607278,1,1.0012365512142418,0.2193931022920578,LV,0.0,0
1,uc1607272.1,uc1607272,1,0.9934708976947683,0.2193931022920578,LV,0.0,0
1,uc1607273.1,uc1607273,1,1.0012105900712374,0.2193931022920578,LV,0.0,0
1,uc1607353.1,uc1607353,1,0.9967930174037374,0.2193931022920578,LV,0.0,0
1,uc1607347.1,uc1607347,1,0.9928600374858066,0.2193931022920578,LV,0.0,0
1,uc1607349.1,uc1607349,1,0.9969034989503983,0.2193931022920578,LV,0.0,0
1,uc1107342.1,uc1107342,1,0.9916567898203555,0.2193931022920578,LV,0.0,0
1,uc1107340.1,uc1107340,1,0.9905070398402381,0.2193931022920578,LV,0.0,0
1,uc1105833.1,uc1105833,1,0.9953721413535201,0.2193931022920578,LV,0.0,0
1,uc1107330.1,uc1107330,1,0.9900370460801461,0.2193931022920578,LV,0.0,0
1,uc1607265.1,uc1607265,1,0.9912456270488049,0.2193931022920578,LV,0.0,0
1,uc1607268.1,uc1607268,1,0.999068651679543,0.2193931022920578,LV,0.0,0
1,uc1607252.1,uc1607252,1,0.9946372761090739,0.2193931022920578,LV,0.0,0
1,uc1605991.1,uc1605991,1,0.9958344742282699,0.2193931022920578,LV,0.0,0
1,uc1605996.1,uc1605996,1,0.9937586242871522,0.2193931022920578,LV,0.0,0
1,uc1607257.1,uc1607257,1,0.9960457522880299,0.2193931022920578,LV,0.0,0
1,uc1607258.1,uc1607258,1,0.9946439266806428,0.2193931022920578,LV,0.0,0
1,uc1124340.1,uc1124340,1,0.9920652877602643,0.2193931022920578,LV,0.0,0
1,uc605816.1,uc605816,1,0.9903017474163816,0.2193931022920578,LV,0.0,0
1,uc605813.1,uc605813,1,0.9954095471623461,0.2193931022920578,LV,0.0,0
1,uc609684.1,uc609684,1,0.9981288374255528,0.2193931022920578,LV,0.0,0
1,uc609686.1,uc609686,1,0.998418217142225,0.2193931022920578,LV,0.0,0
1,uc609688.1,uc609688,1,0.9943140870410255,0.2193931022920578,LV,0.0,0
1,uc621168.1,uc621168,1,0.9962940743417233,0.2193931022920578,LV,0.0,0
1,uc621171.1,uc621171,1,0.9936456733237228,0.2193931022920578,LV,0.0,0
1,uc605808.1,uc605808,1,0.9986436335636708,0.2193931022920578,LV,0.0,0
1,uc605809.1,uc605809,1,0.9864982831143573,0.2193931022920578,LV,0.0,0
1,uc605810.1,uc605810,1,0.9972971787594553,0.2193931022920578,LV,0.0,0
1,uc605970.1,uc605970,1,0.9958991226956035,0.2193931022920578,LV,0.0,0
1,uc605803.1,uc605803,1,0.996144276543091,0.2193931022920578,LV,0.0,0
1,uc605804.1,uc605804,1,0.9973830208580124,0.2193931022920578,LV,0.0,0
1,uc605806.1,uc605806,1,0.9948095789906013,0.2193931022920578,LV,0.0,0
1,uc607384.1,uc607384,1,0.9935045451211458,0.2193931022920578,LV,0.0,0
1,uc607387.1,uc607387,1,0.9951841366414688,0.2193931022920578,LV,0.0,0
1,uc609682.1,uc609682,1,0.9920124712083083,0.2193931022920578,LV,0.0,0
1,uc624033.1,uc624033,1,0.9996162376540824,0.2193931022920578,LV,0.0,0
1,uc625156.1,uc625156,1,0.9961663943797074,0.2193931022920578,LV,0.0,0
1,uc625624.1,uc625624,1,0.9915939607556468,0.2193931022920578,LV,0.0,0
1,uc625625.1,uc625625,1,0.9983159655029888,0.2193931022920578,LV,0.0,0
1,uc607366.1,uc607366,1,0.9864720416812455,0.2193931022920578,LV,0.0,0
1,uc607367.1,uc607367,1,0.9971611466608952,0.2193931022920578,LV,0.0,0
1,uc606114.1,uc606114,1,0.9956004898633406,0.2193931022920578,LV,0.0,0
1,uc606117.1,uc606117,1,0.9949886970412295,0.2193931022920578,LV,0.0,0
1,uc606120.1,uc606120,1,0.9946775215063857,0.2193931022920578,LV,0.0,0
1,uc623015.1,uc623015,1,0.9851968281051855,0.2193931022920578,LV,0.0,0
1,uc623432.1,uc623432,1,0.9944624288313276,0.2193931022920578,LV,0.0,0
1,uc624028.1,uc624028,1,0.9953488132282419,0.2193931022920578,LV,0.0,0
1,uc605873.1,uc605873,1,0.9965515094183198,0.2193931022920578,LV,0.0,0
1,uc623007.1,uc623007,1,0.995476357877028,0.2193931022920578,LV,0.0,0
1,uc606147.1,uc606147,1,0.9957336230505369,0.2193931022920578,LV,0.0,0
1,uc606148.1,uc606148,1,0.9998187338271892,0.2193931022920578,LV,0.0,0
1,uc606150.1,uc606150,1,0.9979600152550416,0.2193931022920578,LV,0.0,0
1,uc606109.1,uc606109,1,0.9938693695186646,0.2193931022920578,LV,0.0,0
1,uc606110.1,uc606110,1,0.9933745670156913,0.2193931022920578,LV,0.0,0
1,uc606111.1,uc606111,1,0.9949235069197777,0.2193931022920578,LV,0.0,0
1,uc622777.1,uc622777,1,1.000710266544468,0.2193931022920578,LV,0.0,0
1,uc623004.1,uc623004,1,0.9907068017919543,0.2193931022920578,LV,0.0,0
1,uc606103.1,uc606103,1,0.9959282795002877,0.2193931022920578,LV,0.0,0
1,uc606139.1,uc606139,1,0.996847486921454,0.2193931022920578,LV,0.0,0
1,uc606141.1,uc606141,1,0.9946805509403842,0.2193931022920578,LV,0.0,0
1,uc606143.1,uc606143,1,0.9972816394178582,0.2193931022920578,LV,0.0,0
1,uc605921.1,uc605921,1,0.9958521568057602,0.2193931022920578,LV,0.0,0
1,uc622713.1,uc622713,1,0.9950609260056407,0.2193931022920578,LV,0.0,0
1,uc622714.1,uc622714,1,0.9955203861833472,0.2193931022920578,LV,0.0,0
1,uc605993.1,uc605993,1,0.996671083421887,0.2193931022920578,LV,0.0,0
1,uc606101.1,uc606101,1,0.993822810866819,0.2193931022920578,LV,0.0,0
1,uc606102.1,uc606102,1,0.9927630824435311,0.2193931022920578,LV,0.0,0
1,uc622273.1,uc622273,1,0.9964457874117011,0.2193931022920578,LV,0.0,0
1,uc622703.1,uc622703,1,0.9814804198718644,0.2193931022920578,LV,0.0,0
1,uc605989.1,uc605989,1,0.997674292470684,0.2193931022920578,LV,0.0,0
1,uc606130.1,uc606130,1,0.9975695087742605,0.2193931022920578,LV,0.0,0
1,uc606132.1,uc606132,1,0.9935705924206986,0.2193931022920578,LV,0.0,0
1,uc605914.1,uc605914,1,1.0021199230417592,0.2193931022920578,LV,0.0,0
1,uc622257.1,uc622257,1,0.9978417332680678,0.2193931022920578,LV,0.0,0
1,uc605909.1,uc605909,1,0.9980979152703203,0.2193931022920578,LV,0.0,0
1,uc605910.1,uc605910,1,0.994742190296468,0.2193931022920578,LV,0.0,0
1,uc605911.1,uc605911,1,0.9952850833004898,0.2193931022920578,LV,0.0,0
1,uc606128.1,uc606128,1,0.9969101485657711,0.2193931022920578,LV,0.0,0
1,uc605823.1,uc605823,1,0.9909527653364386,0.2193931022920578,LV,0.0,0
1,uc605824.1,uc605824,1,0.9957376315078063,0.2193931022920578,LV,0.0,0
1,uc605904.1,uc605904,1,0.9951010921779154,0.2193931022920578,LV,0.0,0
1,uc621999.1,uc621999,1,0.9967672001327913,0.2193931022920578,LV,0.0,0
1,uc639553.1,uc639553,1,0.9938237810803174,0.2193931022920578,LV,0.0,0
1,uc1239552.1,uc1239552,1,0.9939382634222587,0.2193931022920578,LV,0.0,0
1,uc605817.1,uc605817,1,0.9960485077581402,0.2193931022920578,LV,0.0,0
1,uc605819.1,uc605819,1,0.9944153777308621,0.2193931022920578,LV,0.0,0
1,uc605820.1,uc605820,1,0.9943836516093721,0.2193931022920578,LV,0.0,0
1,uc605821.1,uc605821,1,0.9915014653900948,0.2193931022920578,LV,0.0,0
1,uc639280.1,uc639280,1,0.9937604615482416,0.2193931022920578,LV,0.0,0
1,uc605898.1,uc605898,1,0.9953753968522053,0.2193931022920578,LV,0.0,0
1,uc605901.1,uc605901,1,0.9977215464024983,0.2193931022920578,LV,0.0,0
1,uc605902.1,uc605902,1,0.993451885014546,0.2193931022920578,LV,0.0,0
1,uc605985.1,uc605985,1,0.9923082002554899,0.2193931022920578,LV,0.0,0
1,uc606126.1,uc606126,1,0.9947674491555091,0.2193931022920578,LV,0.0,0
1,uc606127.1,uc606127,1,0.9938738066356667,0.2193931022920578,LV,0.0,0
1,uc605896.1,uc605896,1,0.9878863680821889,0.2193931022920578,LV,0.0,0
1,uc606121.1,uc606121,1,0.9934678222709981,0.2193931022920578,LV,0.0,0
1,uc606122.1,uc606122,1,0.9915146558796464,0.2193931022920578,LV,0.0,0
1,uc606123.1,uc606123,1,0.993666107860863,0.2193931022920578,LV,0.0,0
1,uc606124.1,uc606124,1,0.997829326723084,0.2193931022920578,LV,0.0,0
1,uc605825.1,uc605825,1,0.9936781405757109,0.2193931022920578,LV,0.0,0
1,uc623427.1,uc623427,1,0.9936661208206069,0.2193931022920578,LV,0.0,0
1,uc609687.1,uc609687,1,0.9987112303958229,0.2193931022920578,LV,0.0,0
1,uc639277.1,uc639277,1,0.9915939607619934,0.2193931022920578,LV,0.0,0
1,uc1139390.1,uc1139390,1,0.9939017394758387,0.2193931022920578,LV,0.0,0
1,uc605863.1,uc605863,1,0.9913050358032105,0.2193931022920578,LV,0.0,0
1,uc605865.1,uc605865,1,0.991524466384861,0.2193931022920578,LV,0.0,0
1,uc1138614.1,uc1138614,1,0.9938594955613044,0.2193931022920578,LV,0.0,0
1,uc605855.1,uc605855,1,0.9931205267150536,0.2193931022920578,LV,0.0,0
1,uc605828.1,uc605828,1,0.9913742591123367,0.2193931022920578,LV,0.0,0
1,uc605829.1,uc605829,1,0.994984501280068,0.2193931022920578,LV,0.0,0
1,uc605834.1,uc605834,1,0.9892490223716086,0.2193931022920578,LV,0.0,0
1,uc605835.1,uc605835,1,0.9893013828367189,0.2193931022920578,LV,0.0,0
1,uc605827.1,uc605827,1,0.9913288136742673,0.2193931022920578,LV,0.0,0
1,uc627337.1,uc627337,1,0.9952031562639456,0.2193931022920578,LV,0.0,0
1,uc637912.1,uc637912,1,0.9950435004850495,0.2193931022920578,LV,0.0,0
1,uc637576.1,uc637576,1,0.9935867471554126,0.2193931022920578,LV,0.0,0
1,uc637356.1,uc637356,1,0.9964287902370551,0.2193931022920578,LV,0.0,0
1,uc637918.1,uc637918,1,0.9932567969410385,0.2193931022920578,LV,0.0,0
1,uc637360.1,uc637360,1,0.9936378759736587,0.2193931022920578,LV,0.0,0
1,uc637399.1,uc637399,1,0.9859393002234761,0.2193931022920578,LV,0.0,0
1,uc637397.1,uc637397,1,0.9911882611747895,0.2193931022920578,LV,0.0,0
1,uc1137150.1,uc1137150,1,0.9949509568371928,0.2193931022920578,LV,0.0,0
1,uc1636598.1,uc1636598,1,0.0,0.1270170592217177,LV,0.95,1
1,uc636933.1,uc636933,1,0.9966711323092174,0.2193931022920578,LV,0.0,0
1,uc635963.1,uc635963,1,0.9947519815857417,0.2193931022920578,LV,0.0,0
1,uc635543.1,uc635543,1,0.9938761425332872,0.2193931022920578,LV,0.0,0
1,uc635966.1,uc635966,1,0.9938700285744685,0.2193931022920578,LV,0.0,0
1,uc635550.1,uc635550,1,0.9952253606634626,0.2193931022920578,LV,0.0,0
1,uc635862.1,uc635862,1,0.9927874794030437,0.2193931022920578,LV,0.0,0
1,uc1635694.1,uc1635694,1,1.001831519229061,0.2193931022920578,LV,0.0,0
1,uc3435739.1,uc3435739,1,0.9935712681464041,0.2193931022920578,LV,0.0,0
1,uc1635060.1,uc1635060,1,0.9976995340139702,0.2193931022920578,LV,0.0,0
1,uc1607271.1,uc1607271,1,0.9986089272497973,0.2193931022920578,LV,0.0,0
1,uc605884.1,uc605884,1,0.9963415171547839,0.2193931022920578,LV,0.0,0
1,uc1609690.1,uc1609690,1,0.9996953452494778,0.2193931022920578,LV,0.0,0
1,uc1134165.1,uc1134165,1,0.9905926313085974,0.2193931022920578,LV,0.0,0
1,uc634166.1,uc634166,1,0.9974679966438175,0.2193931022920578,LV,0.0,0
1,uc1633896.1,uc1633896,1,0.9985339015249288,0.2193931022920578,LV,0.0,0
1,uc3433894.1,uc3433894,1,0.9950470232529313,0.2193931022920578,LV,0.0,0
1,uc1633892.1,uc1633892,1,0.9995109503856541,0.2193931022920578,LV,0.0,0
1,uc633672.1,uc633672,1,0.9987353560530063,0.2193931022920578,LV,0.0,0
1,uc1633671.1,uc1633671,1,0.9929130207618495,0.2193931022920578,LV,0.0,0
1,uc1632306.1,uc1632306,1,0.998497582243248,0.2193931022920578,LV,0.0,0
1,uc632607.1,uc632607,1,0.9795958464767082,0.2193931022920578,LV,0.0,0
1,uc632613.1,uc632613,1,0.9946758471108187,0.2193931022920578,LV,0.0,0
1,uc3432407.1,uc3432407,1,0.9942077420299698,0.2193931022920578,LV,0.0,0
1,uc1632402.1,uc1632402,1,0.9918203018041055,0.2193931022920578,LV,0.0,0
1,uc1132019.1,uc1132019,1,0.9938605144980055,0.2193931022920578,LV,0.0,0
1,uc632016.1,uc632016,1,0.9971403834341763,0.2193931022920578,LV,0.0,0
1,uc1132015.1,uc1132015,1,0.9919133665000367,0.2193931022920578,LV,0.0,0
1,uc1132012.1,uc1132012,1,0.9962916187868095,0.2193931022920578,LV,0.0,0
1,uc631859.1,uc631859,1,0.9970591825920175,0.2193931022920578,LV,0.0,0
1,uc1631852.1,uc1631852,1,0.9966215206801581,0.2193931022920578,LV,0.0,0
1,uc1130761.1,uc1130761,1,0.9892599833071674,0.2193931022920578,LV,0.0,0
1,uc1630759.1,uc1630759,1,0.9911444139296978,0.2193931022920578,LV,0.0,0
1,uc630758.1,uc630758,1,0.9943375270062585,0.2193931022920578,LV,0.0,0
1,uc629428.1,uc629428,1,0.9970270145021634,0.2193931022920578,LV,0.0,0
1,uc1629639.1,uc1629639,1,1.00006737314501,0.2193931022920578,LV,0.0,0
1,uc1229546.1,uc1229546,1,0.9939977662031949,0.2193931022920578,LV,0.0,0
1,uc628768.1,uc628768,1,0.9956367298587165,0.2193931022920578,LV,0.0,0
1,uc628757.1,uc628757,1,0.9993393819629821,0.2193931022920578,LV,0.0,0
1,uc628766.1,uc628766,1,0.9975774778372406,0.2193931022920578,LV,0.0,0
1,uc628753.1,uc628753,1,1.0002592302009772,0.2193931022920578,LV,0.0,0
1,uc627346.1,uc627346,1,0.9976763082249234,0.2193931022920578,LV,0.0,0
1,uc1628760.1,uc1628760,1,1.0001251531210116,0.2193931022920578,LV,0.0,0
1,uc1629422.1,uc1629422,1,0.9943542572616095,0.2193931022920578,LV,0.0,0
1,uc626699.1,uc626699,1,0.9984064786423147,0.2193931022920578,LV,0.0,0
1,60651.2,60651,2,0.9966156653534534,13.336791218280357,MV,0.0,0
1,60721.2,60721,2,0.9965878403356,13.336791218280357,MV,0.0,0
1,164151.2,164151,2,0.996848628727203,13.336791218280357,MV,0.0,0
1,302191.2,302191,2,0.9944418955042784,13.336791218280357,MV,0.0,0
1,320841.2,320841,2,0.9956125274103163,13.336791218280357,MV,0.0,0
1,337711.2,337711,2,0.9944661765382183,13.336791218280357,MV,0.0,0
1,358691.2,358691,2,0.9992896084865939,13.336791218280357,MV,0.0,0
1,et6_1177.2,et6_1177,2,0.9955472328857512,0.2193931022920578,LV,0.0,0
1,461501.2,461501,2,0.9967755047356729,13.336791218280357,MV,0.0,0
1,686891.2,686891,2,0.9961351935798716,13.336791218280357,MV,0.0,0
1,703601.2,703601,2,0.9969264780464584,13.336791218280357,MV,0.0,0
1,713791.2,713791,2,0.9960470804707345,13.336791218280357,MV,0.0,0
1,725731.2,725731,2,0.9957683994429599,13.336791218280357,MV,0.0,0
1,809501.2,809501,2,0.9962777275134256,13.336791218280357,MV,0.0,0
1,811221.2,811221,2,0.9968624788402444,13.336791218280357,MV,0.0,0
1,815111.2,815111,2,0.9944395674587064,13.336791218280357,MV,0.0,0
1,822371.2,822371,2,0.9958654641301534,13.336791218280357,MV,0.0,0
1,820611.2,820611,2,0.9964977678596613,13.336791218280357,MV,0.0,0
1,822641.2,822641,2,0.9959163835368643,13.336791218280357,MV,0.0,0
1,618431.2,618431,2,0.9966158858739087,13.336791218280357,MV,0.0,0
1,bt10401.2,bt10401,2,0.9885223286804702,0.2193931022920578,LV,0.0,0
1,bt197792.2,bt197792,2,0.9882226919864381,0.2193931022920578,LV,0.0,0
1,bt800551.2,bt800551,2,0.9882226920084825,0.2193931022920578,LV,0.0,0
1,bt295341.2,bt295341,2,0.9876608096748815,0.2193931022920578,LV,0.0,0
1,bt800541.2,bt800541,2,0.9879371217840446,0.2193931022920578,LV,0.0,0
1,bt295361.2,bt295361,2,0.9872155786968265,0.2193931022920578,LV,0.0,0
1,bt474991.2,bt474991,2,0.9870843414622439,0.2193931022920578,LV,0.0,0
1,uc1627323.2,uc1627323,2,0.9884481388454807,0.2193931022920578,LV,0.0,0
1,uc3405987.2,uc3405987,2,0.9907568620106291,0.2193931022920578,LV,0.0,0
1,uc3405846.2,uc3405846,2,0.9925193180394973,0.2193931022920578,LV,0.0,0
1,uc3405847.2,uc3405847,2,0.9913092857936897,0.2193931022920578,LV,0.0,0
1,uc3405838.2,uc3405838,2,0.9899308446784232,0.2193931022920578,LV,0.0,0
1,uc1607326.2,uc1607326,2,0.9899156793414632,0.2193931022920578,LV,0.0,0
1,uc1607316.2,uc1607316,2,0.9878047585802535,0.2193931022920578,LV,0.0,0
1,uc1607308.2,uc1607308,2,0.9935024275288854,0.2193931022920578,LV,0.0,0
1,uc1623434.2,uc1623434,2,0.0,0.1270170592217177,LV,0.95,1
1,uc1620373.2,uc1620373,2,0.9933922311514154,0.2193931022920578,LV,0.0,0
1,uc1607302.2,uc1607302,2,0.9932509289249911,0.2193931022920578,LV,0.0,0
1,uc1607304.2,uc1607304,2,0.9931717242458411,0.2193931022920578,LV,0.0,0
1,uc1607306.2,uc1607306,2,0.9930790555275024,0.2193931022920578,LV,0.0,0
1,uc1607299.2,uc1607299,2,0.9935752334033289,0.2193931022920578,LV,0.0,0
1,uc1607297.2,uc1607297,2,0.9955974086962276,0.2193931022920578,LV,0.0,0
1,uc1607298.2,uc1607298,2,0.993711482723838,0.2193931022920578,LV,0.0,0
1,uc1607289.2,uc1607289,2,0.9969518249700436,0.2193931022920578,LV,0.0,0
1,uc1607291.2,uc1607291,2,0.9952559952268712,0.2193931022920578,LV,0.0,0
1,uc1607292.2,uc1607292,2,0.9948526249530762,0.2193931022920578,LV,0.0,0
1,uc1607280.2,uc1607280,2,0.9922890391445092,0.2193931022920578,LV,0.0,0
1,uc1607284.2,uc1607284,2,0.9924631130022974,0.2193931022920578,LV,0.0,0
1,uc1607285.2,uc1607285,2,0.9923789440855567,0.2193931022920578,LV,0.0,0
1,uc1607288.2,uc1607288,2,0.9925886736872042,0.2193931022920578,LV,0.0,0
1,uc1607279.2,uc1607279,2,0.9931289795536978,0.2193931022920578,LV,0.0,0
1,uc1607355.2,uc1607355,2,0.9937469253091507,0.2193931022920578,LV,0.0,0
1,uc1607357.2,uc1607357,2,0.9964988788880522,0.2193931022920578,LV,0.0,0
1,uc1607358.2,uc1607358,2,0.9947986793971261,0.2193931022920578,LV,0.0,0
1,uc1607368.2,uc1607368,2,0.0,0.1270170592217177,LV,0.95,1
1,uc1607276.2,uc1607276,2,0.9990143032177276,0.2193931022920578,LV,0.0,0
1,uc1607278.2,uc1607278,2,0.9998497773026461,0.2193931022920578,LV,0.0,0
1,uc1607273.2,uc1607273,2,0.9988210196952115,0.2193931022920578,LV,0.0,0
1,uc1607328.2,uc1607328,2,0.9895514061269219,0.2193931022920578,LV,0.0,0
1,uc1607347.2,uc1607347,2,0.9926433773941298,0.2193931022920578,LV,0.0,0
1,uc1607350.2,uc1607350,2,0.9946167141833192,0.2193931022920578,LV,0.0,0
1,uc1107341.2,uc1107341,2,0.9907828164055025,0.2193931022920578,LV,0.0,0
1,uc1107333.2,uc1107333,2,0.9920706060997502,0.2193931022920578,LV,0.0,0
1,uc1607268.2,uc1607268,2,0.9987325659587,0.2193931022920578,LV,0.0,0
1,uc1607252.2,uc1607252,2,0.9921476706724056,0.2193931022920578,LV,0.0,0
1,uc1606000.2,uc1606000,2,0.9922821683496871,0.2193931022920578,LV,0.0,0
1,uc1607255.2,uc1607255,2,0.9933678051578363,0.2193931022920578,LV,0.0,0
1,uc1607258.2,uc1607258,2,0.992154338203847,0.2193931022920578,LV,0.0,0
1,uc1124041.2,uc1124041,2,0.9927738327685823,0.2193931022920578,LV,0.0,0
1,uc1124340.2,uc1124340,2,0.992087177939059,0.2193931022920578,LV,0.0,0
1,uc1121173.2,uc1121173,2,0.9921444614757453,0.2193931022920578,LV,0.0,0
1,uc1107345.2,uc1107345,2,0.9920711556850231,0.2193931022920578,LV,0.0,0
1,uc605816.2,uc605816,2,0.9900454470734505,0.2193931022920578,LV,0.0,0
1,uc605812.2,uc605812,2,0.9871128916259685,0.2193931022920578,LV,0.0,0
1,uc605813.2,uc605813,2,0.995395883823362,0.2193931022920578,LV,0.0,0
1,uc609685.2,uc609685,2,0.9973872763995779,0.2193931022920578,LV,0.0,0
1,uc609688.2,uc609688,2,0.9934044313851331,0.2193931022920578,LV,0.0,0
1,uc621168.2,uc621168,2,0.9945288559351168,0.2193931022920578,LV,0.0,0
1,uc621171.2,uc621171,2,0.9934233329259947,0.2193931022920578,LV,0.0,0
1,uc605810.2,uc605810,2,0.9963967798491076,0.2193931022920578,LV,0.0,0
1,uc605807.2,uc605807,2,0.9885053518480751,0.2193931022920578,LV,0.0,0
1,uc605801.2,uc605801,2,0.9924338951120895,0.2193931022920578,LV,0.0,0
1,uc607384.2,uc607384,2,0.9932883146935599,0.2193931022920578,LV,0.0,0
1,uc607385.2,uc607385,2,0.990614903495568,0.2193931022920578,LV,0.0,0
1,uc609682.2,uc609682,2,0.9893621863668198,0.2193931022920578,LV,0.0,0
1,uc609683.2,uc609683,2,0.9962302150382342,0.2193931022920578,LV,0.0,0
1,uc607377.2,uc607377,2,0.9976077154893885,0.2193931022920578,LV,0.0,0
1,uc607382.2,uc607382,2,0.9953672410365972,0.2193931022920578,LV,0.0,0
1,uc606117.2,uc606117,2,0.994766528094436,0.2193931022920578,LV,0.0,0
1,uc606120.2,uc606120,2,0.9944553103195964,0.2193931022920578,LV,0.0,0
1,uc623433.2,uc623433,2,0.9883408388827267,0.2193931022920578,LV,0.0,0
1,uc623007.2,uc623007,2,0.9952914394500237,0.2193931022920578,LV,0.0,0
1,uc606147.2,uc606147,2,0.9930794139569284,0.2193931022920578,LV,0.0,0
1,uc606148.2,uc606148,2,1.0000308892690708,0.2193931022920578,LV,0.0,0
1,uc606150.2,uc606150,2,0.9978904800439745,0.2193931022920578,LV,0.0,0
1,uc606109.2,uc606109,2,0.9936470464941486,0.2193931022920578,LV,0.0,0
1,uc606110.2,uc606110,2,0.9931522710883245,0.2193931022920578,LV,0.0,0
1,uc606111.2,uc606111,2,0.994701322374696,0.2193931022920578,LV,0.0,0
1,uc622720.2,uc622720,2,0.9944552945916468,0.2193931022920578,LV,0.0,0
1,uc623004.2,uc623004,2,0.9895620520099341,0.2193931022920578,LV,0.0,0
1,uc606103.2,uc606103,2,0.9944297418097442,0.2193931022920578,LV,0.0,0
1,uc606139.2,uc606139,2,0.993170970722606,0.2193931022920578,LV,0.0,0
1,uc606143.2,uc606143,2,0.9949224224735813,0.2193931022920578,LV,0.0,0
1,uc605921.2,uc605921,2,0.9951743565247686,0.2193931022920578,LV,0.0,0
1,uc605915.2,uc605915,2,0.9940002698013355,0.2193931022920578,LV,0.0,0
1,uc606101.2,uc606101,2,0.9947413692882757,0.2193931022920578,LV,0.0,0
1,uc622273.2,uc622273,2,0.9940860800494883,0.2193931022920578,LV,0.0,0
1,uc605990.2,uc605990,2,0.9876607592808146,0.2193931022920578,LV,0.0,0
1,uc606130.2,uc606130,2,0.9964617968918101,0.2193931022920578,LV,0.0,0
1,uc606132.2,uc606132,2,0.9933573236367997,0.2193931022920578,LV,0.0,0
1,uc622258.2,uc622258,2,0.9966449873344728,0.2193931022920578,LV,0.0,0
1,uc622270.2,uc622270,2,0.99883437256812,0.2193931022920578,LV,0.0,0
1,uc605905.2,uc605905,2,0.992909607156687,0.2193931022920578,LV,0.0,0
1,uc605909.2,uc605909,2,0.9975847622564694,0.2193931022920578,LV,0.0,0
1,uc605910.2,uc605910,2,0.9945177639884117,0.2193931022920578,LV,0.0,0
1,uc605911.2,uc605911,2,0.9950607687048157,0.2193931022920578,LV,0.0,0
1,uc606128.2,uc606128,2,0.9956344901523234,0.2193931022920578,LV,0.0,0
1,uc605904.2,uc605904,2,0.9929693161041544,0.2193931022920578,LV,0.0,0
1,uc1239552.2,uc1239552,2,0.993721805524328,0.2193931022920578,LV,0.0,0
1,uc605817.2,uc605817,2,0.9955248532681124,0.2193931022920578,LV,0.0,0
1,uc605819.2,uc605819,2,0.9935058199432547,0.2193931022920578,LV,0.0,0
1,uc605820.2,uc605820,2,0.9899080220967944,0.2193931022920578,LV,0.0,0
1,uc605821.2,uc605821,2,0.9905970467760975,0.2193931022920578,LV,0.0,0
1,uc605822.2,uc605822,2,0.9898016111257977,0.2193931022920578,LV,0.0,0
1,uc639280.2,uc639280,2,0.9935810853959248,0.2193931022920578,LV,0.0,0
1,uc605898.2,uc605898,2,0.9960784297716141,0.2193931022920578,LV,0.0,0
1,uc605902.2,uc605902,2,0.9932373196036179,0.2193931022920578,LV,0.0,0
1,uc605982.2,uc605982,2,0.9884212023241294,0.2193931022920578,LV,0.0,0
1,uc605988.2,uc605988,2,0.9871536824484094,0.2193931022920578,LV,0.0,0
1,uc606126.2,uc606126,2,0.9945562593040344,0.2193931022920578,LV,0.0,0
1,uc606127.2,uc606127,2,0.9936624439604628,0.2193931022920578,LV,0.0,0
1,uc605896.2,uc605896,2,0.9889398885611366,0.2193931022920578,LV,0.0,0
1,uc606121.2,uc606121,2,0.9932448998371679,0.2193931022920578,LV,0.0,0
1,uc606122.2,uc606122,2,0.991291087852114,0.2193931022920578,LV,0.0,0
1,uc606123.2,uc606123,2,0.9934526287599821,0.2193931022920578,LV,0.0,0
1,uc622709.2,uc622709,2,0.994658099868021,0.2193931022920578,LV,0.0,0
1,uc639277.2,uc639277,2,0.9906895074653885,0.2193931022920578,LV,0.0,0
1,uc1139390.2,uc1139390,2,0.9936852895304921,0.2193931022920578,LV,0.0,0
1,uc605864.2,uc605864,2,0.9906552526262603,0.2193931022920578,LV,0.0,0
1,uc605865.2,uc605865,2,0.9903828343378106,0.2193931022920578,LV,0.0,0
1,uc638617.2,uc638617,2,0.9900889181734966,0.2193931022920578,LV,0.0,0
1,uc605855.2,uc605855,2,0.9904707571632697,0.2193931022920578,LV,0.0,0
1,uc1638606.2,uc1638606,2,0.9973698395042833,0.2193931022920578,LV,0.0,0
1,uc1638954.2,uc1638954,2,0.99859995575667,0.2193931022920578,LV,0.0,0
1,uc605836.2,uc605836,2,0.9823964016176099,0.2193931022920578,LV,0.0,0
1,uc1607303.2,uc1607303,2,0.9945162858156452,0.2193931022920578,LV,0.0,0
1,uc637705.2,uc637705,2,0.9914309377574457,0.2193931022920578,LV,0.0,0
1,uc1637704.2,uc1637704,2,1.0022606738843312,0.2193931022920578,LV,0.0,0
1,uc637576.2,uc637576,2,0.993373276573627,0.2193931022920578,LV,0.0,0
1,uc637918.2,uc637918,2,0.9930774584914688,0.2193931022920578,LV,0.0,0
1,uc637360.2,uc637360,2,0.9934155156031748,0.2193931022920578,LV,0.0,0
1,uc637397.2,uc637397,2,0.9909313591207655,0.2193931022920578,LV,0.0,0
1,uc636933.2,uc636933,2,0.9929940115613677,0.2193931022920578,LV,0.0,0
1,uc605908.2,uc605908,2,0.9981563661266765,0.2193931022920578,LV,0.0,0
1,uc635963.2,uc635963,2,0.9945297842445089,0.2193931022920578,LV,0.0,0
1,uc635543.2,uc635543,2,0.9936537949292022,0.2193931022920578,LV,0.0,0
1,uc635966.2,uc635966,2,0.9936476815895338,0.2193931022920578,LV,0.0,0
1,uc627328.2,uc627328,2,0.9869385323897497,0.2193931022920578,LV,0.0,0
1,uc635550.2,uc635550,2,0.995014889468103,0.2193931022920578,LV,0.0,0
1,uc635862.2,uc635862,2,0.9925311708215337,0.2193931022920578,LV,0.0,0
1,uc3435739.2,uc3435739,2,0.9906227834586413,0.2193931022920578,LV,0.0,0
1,uc634166.2,uc634166,2,0.996536883986127,0.2193931022920578,LV,0.0,0
1,uc1633671.2,uc1633671,2,0.9948931441498888,0.2193931022920578,LV,0.0,0
1,uc633056.2,uc633056,2,0.9961424530417814,0.2193931022920578,LV,0.0,0
1,uc632607.2,uc632607,2,0.9793340898738869,0.2193931022920578,LV,0.0,0
1,uc1632402.2,uc1632402,2,0.9934022233440081,0.2193931022920578,LV,0.0,0
1,uc1131858.2,uc1131858,2,0.9908594191247715,0.2193931022920578,LV,0.0,0
1,uc631391.2,uc631391,2,0.9825755757041843,0.2193931022920578,LV,0.0,0
1,uc1630759.2,uc1630759,2,0.9926893521113406,0.2193931022920578,LV,0.0,0
1,uc630758.2,uc630758,2,0.9906107322022533,0.2193931022920578,LV,0.0,0
1,uc630753.2,uc630753,2,0.990513008587615,0.2193931022920578,LV,0.0,0
1,uc628766.2,uc628766,2,0.9964697740202193,0.2193931022920578,LV,0.0,0
1,uc627346.2,uc627346,2,0.9971496024877696,0.2193931022920578,LV,0.0,0
1,uc1629422.2,uc1629422,2,0.9928008860317816,0.2193931022920578,LV,0.0,0
1,60651.3,60651,3,0.9966089855644747,13.336791218280357,MV,0.0,0
1,60721.3,60721,3,0.9965811594177275,13.336791218280357,MV,0.0,0
1,164151.3,164151,3,0.9968419649162533,13.336791218280357,MV,0.0,0
1,302191.3,302191,3,0.99443060784803,13.336791218280357,MV,0.0,0
1,320841.3,320841,3,0.9955899009802467,13.336791218280357,MV,0.0,0
1,337711.3,337711,3,0.9944548935638551,13.336791218280357,MV,0.0,0
1,358691.3,358691,3,0.9992264948983178,13.336791218280357,MV,0.0,0
1,et6_1177.3,et6_1177,3,0.9945894782893631,0.2193931022920578,LV,0.0,0
1,461501.3,461501,3,0.99674585942086,13.336791218280357,MV,0.0,0
1,686891.3,686891,3,0.9961164173197182,13.336791218280357,MV,0.0,0
1,703601.3,703601,3,0.9969203384071017,13.336791218280357,MV,0.0,0
1,713791.3,713791,3,0.9960248267498581,13.336791218280357,MV,0.0,0
1,725731.3,725731,3,0.9957457638638817,13.336791218280357,MV,0.0,0
1,809501.3,809501,3,0.9962606139661031,13.336791218280357,MV,0.0,0
1,811221.3,811221,3,0.9968559036602427,13.336791218280357,MV,0.0,0
1,815111.3,815111,3,0.9944282792777567,13.336791218280357,MV,0.0,0
1,822371.3,822371,3,0.9958428599733212,13.336791218280357,MV,0.0,0
1,820611.3,820611,3,0.9964875116731174,13.336791218280357,MV,0.0,0
1,822641.3,822641,3,0.9958902035882912,13.336791218280357,MV,0.0,0
1,618431.3,618431,3,0.9966092060983448,13.336791218280357,MV,0.0,0
1,bt10401.3,bt10401,3,0.991280060463846,0.2193931022920578,LV,0.0,0
1,bt197792.3,bt197792,3,0.9909085954901492,0.2193931022920578,LV,0.0,0
1,bt800551.3,bt800551,3,0.9909732203644489,0.2193931022920578,LV,0.0,0
1,bt295341.3,bt295341,3,0.9908202017628518,0.2193931022920578,LV,0.0,0
1,bt800541.3,bt800541,3,0.9908571961069764,0.2193931022920578,LV,0.0,0
1,bt295361.3,bt295361,3,0.9908202024477607,0.2193931022920578,LV,0.0,0
1,bt474991.3,bt474991,3,0.9908202029164885,0.2193931022920578,LV,0.0,0
1,uc627336.3,uc627336,3,0.9953390288287011,0.2193931022920578,LV,0.0,0
1,uc1620373.3,uc1620373,3,0.994267341041964,0.2193931022920578,LV,0.0,0
1,uc1607302.3,uc1607302,3,0.9940953397849234,0.2193931022920578,LV,0.0,0
1,uc1607304.3,uc1607304,3,0.9940456275434847,0.2193931022920578,LV,0.0,0
1,uc1607298.3,uc1607298,3,0.9948033238043082,0.2193931022920578,LV,0.0,0
1,uc1607280.3,uc1607280,3,0.993035759451463,0.2193931022920578,LV,0.0,0
1,uc1607285.3,uc1607285,3,0.9938998767638273,0.2193931022920578,LV,0.0,0
1,uc1607279.3,uc1607279,3,0.9938760275347375,0.2193931022920578,LV,0.0,0
1,uc1607347.3,uc1607347,3,0.9935181742397897,0.2193931022920578,LV,0.0,0
1,uc1124340.3,uc1124340,3,0.9937901166617564,0.2193931022920578,LV,0.0,0
1,uc605816.3,uc605816,3,0.9910838570583703,0.2193931022920578,LV,0.0,0
1,uc605815.3,uc605815,3,0.9923585949088554,0.2193931022920578,LV,0.0,0
1,uc621171.3,uc621171,3,0.9939359823753223,0.2193931022920578,LV,0.0,0
1,uc607384.3,uc607384,3,0.9938038845000847,0.2193931022920578,LV,0.0,0
1,uc606117.3,uc606117,3,0.9952796760321312,0.2193931022920578,LV,0.0,0
1,uc606120.3,uc606120,3,0.9949683501009582,0.2193931022920578,LV,0.0,0
1,uc623007.3,uc623007,3,0.9943336310020148,0.2193931022920578,LV,0.0,0
1,uc605867.3,uc605867,3,0.992343506510529,0.2193931022920578,LV,0.0,0
1,uc606150.3,uc606150,3,0.9980109839236865,0.2193931022920578,LV,0.0,0
1,uc606109.3,uc606109,3,0.9941597838848227,0.2193931022920578,LV,0.0,0
1,uc606110.3,uc606110,3,0.9936648683997579,0.2193931022920578,LV,0.0,0
1,uc606111.3,uc606111,3,0.9952144433818454,0.2193931022920578,LV,0.0,0
1,uc622722.3,uc622722,3,0.9926911836715814,0.2193931022920578,LV,0.0,0
1,uc623004.3,uc623004,3,0.9918640365136746,0.2193931022920578,LV,0.0,0
1,uc606101.3,uc606101,3,0.9952447531383768,0.2193931022920578,LV,0.0,0
1,uc606132.3,uc606132,3,0.9938785397969357,0.2193931022920578,LV,0.0,0
1,uc605910.3,uc605910,3,0.9950271386694542,0.2193931022920578,LV,0.0,0
1,uc605911.3,uc605911,3,0.995570358287188,0.2193931022920578,LV,0.0,0
1,uc605904.3,uc605904,3,0.9953638719172997,0.2193931022920578,LV,0.0,0
1,uc1239552.3,uc1239552,3,0.9945971395407589,0.2193931022920578,LV,0.0,0
1,uc605821.3,uc605821,3,0.9929473325661835,0.2193931022920578,LV,0.0,0
1,uc639280.3,uc639280,3,0.9942153268661733,0.2193931022920578,LV,0.0,0
1,uc605898.3,uc605898,3,0.9954837476332962,0.2193931022920578,LV,0.0,0
1,uc605902.3,uc605902,3,0.9936983643735162,0.2193931022920578,LV,0.0,0
1,uc606126.3,uc606126,3,0.995078331146786,0.2193931022920578,LV,0.0,0
1,uc606127.3,uc606127,3,0.9941841580204587,0.2193931022920578,LV,0.0,0
1,uc606121.3,uc606121,3,0.9937568382163611,0.2193931022920578,LV,0.0,0
1,uc606122.3,uc606122,3,0.9918017615411268,0.2193931022920578,LV,0.0,0
1,uc639277.3,uc639277,3,0.9930398593722671,0.2193931022920578,LV,0.0,0
1,uc1139390.3,uc1139390,3,0.9945605913803083,0.2193931022920578,LV,0.0,0
1,uc637576.3,uc637576,3,0.9938930545568646,0.2193931022920578,LV,0.0,0
1,uc637918.3,uc637918,3,0.9937115389495049,0.2193931022920578,LV,0.0,0
1,uc637360.3,uc637360,3,0.993928042692038,0.2193931022920578,LV,0.0,0
1,uc637397.3,uc637397,3,0.9919665091815894,0.2193931022920578,LV,0.0,0
1,uc635963.3,uc635963,3,0.9950428548596567,0.2193931022920578,LV,0.0,0
1,uc635543.3,uc635543,3,0.9941665242335985,0.2193931022920578,LV,0.0,0
1,uc635966.3,uc635966,3,0.9941604092989543,0.2193931022920578,LV,0.0,0
1,uc635550.3,uc635550,3,0.9955380313134163,0.2193931022920578,LV,0.0,0
1,uc635862.3,uc635862,3,0.9924709095542869,0.2193931022920578,LV,0.0,0
1,uc1633671.3,uc1633671,3,0.9949722265462083,0.2193931022920578,LV,0.0,0
1,uc632607.3,uc632607,3,0.9803665905299997,0.2193931022920578,LV,0.0,0
1,uc1629422.3,uc1629422,3,0.9950539850139873,0.2193931022920578,LV,0.0,0
2,60651.1,60651,1,0.996159048077369,13.336791218280357,MV,0.0,0
2,60721.1,60721,1,0.9961315242912027,13.336791218280357,MV,0.0,0
2,164151.1,164151,1,0.9963894334270722,13.336791218280357,MV,0.0,0
2,302191.1,302191,1,0.9936183817022618,13.336791218280357,MV,0.0,0
2,320841.1,320841,1,0.9950701823858534,13.336791218280357,MV,0.0,0
2,337711.1,337711,1,0.9936423252528884,13.336791218280357,MV,0.0,0
2,358691.1,358691,1,0.9990742908805325,13.336791218280357,MV,0.0,0
2,et6_1177.1,et6_1177,1,0.9958809459508965,0.2193931022920578,LV,0.0,0
2,461501.1,461501,1,0.9962483572798055,13.336791218280357,MV,0.0,0
2,686891.1,686891,1,0.9956009572014501,13.336791218280357,MV,0.0,0
2,703601.1,703601,1,0.9964716973931599,13.336791218280357,MV,0.0,0
2,713791.1,713791,1,0.9954984144369358,13.336791218280357,MV,0.0,0
2,725731.1,725731,1,0.9952248828057566,13.336791218280357,MV,0.0,0
2,809501.1,809501,1,0.9957447148647623,13.336791218280357,MV,0.0,0
2,811221.1,811221,1,0.9964039908254133,13.336791218280357,MV,0.0,0
2,815111.1,815111,1,0.993616108072744,13.336791218280357,MV,0.0,0
2,822371.1,822371,1,0.9953195438254658,13.336791218280357,MV,0.0,0
2,820611.1,820611,1,0.9960145908134495,13.336791218280357,MV,0.0,0
2,822641.1,822641,1,0.9953626147511039,13.336791218280357,MV,0.0,0
2,618431.1,618431,1,0.9961592663638862,13.336791218280357,MV,0.0,0
2,bt10401.1,bt10401,1,0.9879864530606489,0.2193931022920578,LV,0.0,0
2,bt197792.1,bt197792,1,0.9871720330920819,0.2193931022920578,LV,0.0,0
2,bt800551.1,bt800551,1,0.9872914218583929,0.2193931022920578,LV,0.0,0
2,bt295341.1,bt295341,1,0.9862078874748548,0.2193931022920578,LV,0.0,0
2,bt800541.1,bt800541,1,0.9867212385494548,0.2193931022920578,LV,0.0,0
2,bt295361.1,bt295361,1,0.9857185159769132,0.2193931022920578,LV,0.0,0
2,bt474991.1,bt474991,1,0.9853331449968867,0.2193931022920578,LV,0.0,0
2,uc626695.1,uc626695,1,0.98233660364031,0.2193931022920578,LV,0.0,0
2,uc1627323.1,uc1627323,1,0.993603270650169,0.2193931022920578,LV,0.0,0
2,uc1627342.1,uc1627342,1,0.9996332002896816,0.2193931022920578,LV,0.0,0
2,uc627343.1,uc627343,1,0.9971601552931162,0.2193931022920578,LV,0.0,0
2,uc627344.1,uc627344,1,0.9979055802140433,0.2193931022920578,LV,0.0,0
2,uc1626672.1,uc1626672,1,0.0,0.1270170592217177,LV,0.95,1
2,uc1626490.1,uc1626490,1,0.9937938723739788,0.2193931022920578,LV,0.0,0
2,uc3422706.1,uc3422706,1,0.9964171803557971,0.2193931022920578,LV,0.0,0
2,uc3425629.1,uc3425629,1,0.9964626357935363,0.2193931022920578,LV,0.0,0
2,uc3422597.1,uc3422597,1,0.9945764003054082,0.2193931022920578,LV,0.0,0
2,uc3405843.1,uc3405843,1,0.9948934649557727,0.2193931022920578,LV,0.0,0
2,uc3405844.1,uc3405844,1,0.9947607593505366,0.2193931022920578,LV,0.0,0
2,uc3405845.1,uc3405845,1,0.9947275666717875,0.2193931022920578,LV,0.0,0
2,uc3405846.1,uc3405846,1,0.9950567842309829,0.2193931022920578,LV,0.0,0
2,uc1626486.1,uc1626486,1,0.9996922313849808,0.2193931022920578,LV,0.0,0
2,uc1626487.1,uc1626487,1,0.9950731205492556,0.2193931022920578,LV,0.0,0
2,uc626481.1,uc626481,1,0.9960649494173424,0.2193931022920578,LV,0.0,0
2,uc626678.1,uc626678,1,0.9934669605333893,0.2193931022920578,LV,0.0,0
2,uc626698.1,uc626698,1,0.9973550506990136,0.2193931022920578,LV,0.0,0
2,uc626476.1,uc626476,1,0.9915342551388818,0.2193931022920578,LV,0.0,0
2,uc1627321.1,uc1627321,1,0.9994177824185431,0.2193931022920578,LV,0.0,0
2,uc1607319.1,uc1607319,1,0.9946887294900997,0.2193931022920578,LV,0.0,0
2,uc1607308.1,uc1607308,1,0.9950182080555362,0.2193931022920578,LV,0.0,0
2,uc1624026.1,uc1624026,1,0.0,0.1270170592217177,LV,0.95,1
2,uc1625170.1,uc1625170,1,0.9978178522590727,0.2193931022920578,LV,0.0,0
2,uc1621994.1,uc1621994,1,0.9994119880710005,0.2193931022920578,LV,0.0,0
2,uc1620360.1,uc1620360,1,0.9991509669874628,0.2193931022920578,LV,0.0,0
2,uc1620373.1,uc1620373,1,0.9938341331926303,0.2193931022920578,LV,0.0,0
2,uc1607302.1,uc1607302,1,0.9936993944218875,0.2193931022920578,LV,0.0,0
2,uc1607304.1,uc1607304,1,0.9927551060389673,0.2193931022920578,LV,0.0,0
2,uc1607305.1,uc1607305,1,0.9924142596582026,0.2193931022920578,LV,0.0,0
2,uc1607306.1,uc1607306,1,0.9946180135039993,0.2193931022920578,LV,0.0,0
2,uc1607297.1,uc1607297,1,0.9969532218473653,0.2193931022920578,LV,0.0,0
2,uc1607298.1,uc1607298,1,0.9943756792148013,0.2193931022920578,LV,0.0,0
2,uc1607289.1,uc1607289,1,0.997608176687429,0.2193931022920578,LV,0.0,0
2,uc1607290.1,uc1607290,1,0.997670332899735,0.2193931022920578,LV,0.0,0
2,uc1607291.1,uc1607291,1,0.997027104123961,0.2193931022920578,LV,0.0,0
2,uc1607280.1,uc1607280,1,0.9927896449100176,0.2193931022920578,LV,0.0,0
2,uc1607283.1,uc1607283,1,0.9904657239548144,0.2193931022920578,LV,0.0,0
2,uc1607285.1,uc1607285,1,0.9917741536043403,0.2193931022920578,LV,0.0,0
2,uc1607287.1,uc1607287,1,0.9941396745440104,0.2193931022920578,LV,0.0,0
2,uc1607288.1,uc1607288,1,0.9944303918341874,0.2193931022920578,LV,0.0,0
2,uc1607279.1,uc1607279,1,0.9935834016300297,0.2193931022920578,LV,0.0,0
2,uc1607357.1,uc1607357,1,0.997083454523891,0.2193931022920578,LV,0.0,0
2,uc1607358.1,uc1607358,1,0.9966338332938018,0.2193931022920578,LV,0.0,0
2,uc1607368.1,uc1607368,1,0.0,0.1270170592217177,LV,0.95,1
2,uc1607277.1,uc1607277,1,0.9977858039886044,0.2193931022920578,LV,0.0,0
2,uc1607278.1,uc1607278,1,1.0013104811529772,0.2193931022920578,LV,0.0,0
2,uc1607272.1,uc1607272,1,0.9938058792130571,0.2193931022920578,LV,0.0,0
2,uc1607273.1,uc1607273,1,1.0012727192756044,0.2193931022920578,LV,0.0,0
2,uc1607353.1,uc1607353,1,0.9970173573443777,0.2193931022920578,LV,0.0,0
2,uc1607347.1,uc1607347,1,0.9931210146289932,0.2193931022920578,LV,0.0,0
2,uc1607349.1,uc1607349,1,0.9971227826968461,0.2193931022920578,LV,0.0,0
2,uc1107342.1,uc1107342,1,0.9919917592164972,0.2193931022920578,LV,0.0,0
2,uc1107340.1,uc1107340,1,0.9910569206552775,0.2193931022920578,LV,0.0,0
2,uc1105833.1,uc1105833,1,0.9956606983293766,0.2193931022920578,LV,0.0,0
2,uc1107330.1,uc1107330,1,0.9906127786666142,0.2193931022920578,LV,0.0,0
2,uc1607265.1,uc1607265,1,0.9917759607599106,0.2193931022920578,LV,0.0,0
2,uc1607268.1,uc1607268,1,0.9992264753202418,0.2193931022920578,LV,0.0,0
2,uc1607252.1,uc1607252,1,0.9949862488617247,0.2193931022920578,LV,0.0,0
2,uc1605991.1,uc1605991,1,0.9961083966026513,0.2193931022920578,LV,0.0,0
2,uc1605996.1,uc1605996,1,0.9940777762826127,0.2193931022920578,LV,0.0,0
2,uc1607257.1,uc1607257,1,0.9963116752667748,0.2193931022920578,LV,0.0,0
2,uc1607258.1,uc1607258,1,0.9949925339907575,0.2193931022920578,LV,0.0,0
2,uc1124340.1,uc1124340,1,0.9923777940661462,0.2193931022920578,LV,0.0,0
2,uc605816.1,uc605816,1,0.990711738656371,0.2193931022920578,LV,0.0,0
2,uc605813.1,uc605813,1,0.9955761105175335,0.2193931022920578,LV,0.0,0
2,uc609684.1,uc609684,1,0.9983005793864219,0.2193931022920578,LV,0.0,0
2,uc609686.1,uc609686,1,0.9985740421064538,0.2193931022920578,LV,0.0,0
2,uc609688.1,uc609688,1,0.9946543394926693,0.2193931022920578,LV,0.0,0
2,uc621168.1,uc621168,1,0.9965284859057973,0.2193931022920578,LV,0.0,0
2,uc621171.1,uc621171,1,0.9938662007509813,0.2193931022920578,LV,0.0,0
2,uc605808.1,uc605808,1,0.9987852444607,0.2193931022920578,LV,0.0,0
2,uc605809.1,uc605809,1,0.9871416285693402,0.2193931022920578,LV,0.0,0
2,uc605810.1,uc605810,1,0.9975084422056064,0.2193931022920578,LV,0.0,0
2,uc605970.1,uc605970,1,0.996154461856523,0.2193931022920578,LV,0.0,0
2,uc605803.1,uc605803,1,0.9964201806787282,0.2193931022920578,LV,0.0,0
2,uc605804.1,uc605804,1,0.997588631994683,0.2193931022920578,LV,0.0,0
2,uc605806.1,uc605806,1,0.9950047503351332,0.2193931022920578,LV,0.0,0
2,uc607384.1,uc607384,1,0.9937396466181634,0.2193931022920578,LV,0.0,0
2,uc607387.1,uc607387,1,0.995363099254742,0.2193931022920578,LV,0.0,0
2,uc609682.1,uc609682,1,0.992478509163187,0.2193931022920578,LV,0.0,0
2,uc624033.1,uc624033,1,0.9997238588016579,0.2193931022920578,LV,0.0,0
2,uc625156.1,uc625156,1,0.9964410816264648,0.2193931022920578,LV,0.0,0
2,uc625624.1,uc625624,1,0.9919344984955073,0.2193931022920578,LV,0.0,0
2,uc625625.1,uc625625,1,0.9984774150714179,0.2193931022920578,LV,0.0,0
2,uc607366.1,uc607366,1,0.9871168316421959,0.2193931022920578,LV,0.0,0
2,uc607367.1,uc607367,1,0.9973789580973987,0.2193931022920578,LV,0.0,0
2,uc606114.1,uc606114,1,0.9958729443568791,0.2193931022920578,LV,0.0,0
2,uc606117.1,uc606117,1,0.9951355704141489,0.2193931022920578,LV,0.0,0
2,uc606120.1,uc606120,1,0.9948435496088803,0.2193931022920578,LV,0.0,0
2,uc623015.1,uc623015,1,0.9859114871249582,0.2193931022920578,LV,0.0,0
2,uc623432.1,uc623432,1,0.9947925512385773,0.2193931022920578,LV,0.0,0
2,uc624028.1,uc624028,1,0.9956342305426764,0.2193931022920578,LV,0.0,0
2,uc605873.1,uc605873,1,0.9967692333821855,0.2193931022920578,LV,0.0,0
2,uc623007.1,uc623007,1,0.9956392601583951,0.2193931022920578,LV,0.0,0
2,uc606147.1,uc606147,1,0.9960582765871754,0.2193931022920578,LV,0.0,0
2,uc606148.1,uc606148,1,0.9999301197069189,0.2193931022920578,LV,0.0,0
2,uc606150.1,uc606150,1,0.9980446122514377,0.2193931022920578,LV,0.0,0
2,uc606109.1,uc606109,1,0.9940799628677505,0.2193931022920578,LV,0.0,0
2,uc606110.1,uc606110,1,0.9936123706757538,0.2193931022920578,LV,0.0,0
2,uc606111.1,uc606111,1,0.9950746216366624,0.2193931022920578,LV,0.0,0
2,uc622777.1,uc622777,1,1.0007716352977627,0.2193931022920578,LV,0.0,0
2,uc623004.1,uc623004,1,0.9910971016192104,0.2193931022920578,LV,0.0,0
2,uc606103.1,uc606103,1,0.9961883794776834,0.2193931022920578,LV,0.0,0
2,uc606139.1,uc606139,1,0.9970946121845436,0.2193931022920578,LV,0.0,0
2,uc606141.1,uc606141,1,0.9950586195529096,0.2193931022920578,LV,0.0,0
2,uc606143.1,uc606143,1,0.9975167321829668,0.2193931022920578,LV,0.0,0
2,uc605921.1,uc605921,1,0.9961186870958207,0.2193931022920578,LV,0.0,0
2,uc622713.1,uc622713,1,0.9952349587001729,0.2193931022920578,LV,0.0,0
2,uc622714.1,uc622714,1,0.9958501673791665,0.2193931022920578,LV,0.0,0
2,uc605993.1,uc605993,1,0.9968936180684129,0.2193931022920578,LV,0.0,0
2,uc606101.1,uc606101,1,0.9940449861686091,0.2193931022920578,LV,0.0,0
2,uc606102.1,uc606102,1,0.9930459065853942,0.2193931022920578,LV,0.0,0
2,uc622273.1,uc622273,1,0.9967268269558576,0.2193931022920578,LV,0.0,0
2,uc622703.1,uc622703,1,0.982401641891936,0.2193931022920578,LV,0.0,0
2,uc605989.1,uc605989,1,0.9978691926627595,0.2193931022920578,LV,0.0,0
2,uc606130.1,uc606130,1,0.9977341988354895,0.2193931022920578,LV,0.0,0
2,uc606132.1,uc606132,1,0.9938047120021848,0.2193931022920578,LV,0.0,0
2,uc605914.1,uc605914,1,1.0021334803932298,0.2193931022920578,LV,0.0,0
2,uc622257.1,uc622257,1,0.9979877228434193,0.2193931022920578,LV,0.0,0
2,uc605909.1,uc605909,1,0.9982391288074931,0.2193931022920578,LV,0.0,0
2,uc605910.1,uc605910,1,0.9949168130601613,0.2193931022920578,LV,0.0,0
2,uc605911.1,uc605911,1,0.9954283088420692,0.2193931022920578,LV,0.0,0
2,uc606128.1,uc606128,1,0.9971118788384806,0.2193931022920578,LV,0.0,0
2,uc605823.1,uc605823,1,0.991328563875043,0.2193931022920578,LV,0.0,0
2,uc605824.1,uc605824,1,0.9960076484960618,0.2193931022920578,LV,0.0,0
2,uc605904.1,uc605904,1,0.9952645218483448,0.2193931022920578,LV,0.0,0
2,uc621999.1,uc621999,1,0.9970066278012045,0.2193931022920578,LV,0.0,0
2,uc639553.1,uc639553,1,0.9940383984255223,0.2193931022920578,LV,0.0,0
2,uc1239552.1,uc1239552,1,0.9941420178535143,0.2193931022920578,LV,0.0,0
2,uc605817.1,uc605817,1,0.9963022428814633,0.2193931022920578,LV,0.0,0
2,uc605819.1,uc605819,1,0.9947500598863105,0.2193931022920578,LV,0.0,0
2,uc605820.1,uc605820,1,0.9947291959338702,0.2193931022920578,LV,0.0,0
2,uc605821.1,uc605821,1,0.991847090940168,0.2193931022920578,LV,0.0,0
2,uc639280.1,uc639280,1,0.9940079646697839,0.2193931022920578,LV,0.0,0
2,uc605898.1,uc605898,1,0.9955321360681935,0.2193931022920578,LV,0.0,0
2,uc605901.1,uc605901,1,0.9978946787054649,0.2193931022920578,LV,0.0,0
2,uc605902.1,uc605902,1,0.9937084328648572,0.2193931022920578,LV,0.0,0
2,uc605985.1,uc605985,1,0.9926104798580911,0.2193931022920578,LV,0.0,0
2,uc606126.1,uc606126,1,0.9949366976544616,0.2193931022920578,LV,0.0,0
2,uc606127.1,uc606127,1,0.9940897549070776,0.2193931022920578,LV,0.0,0
2,uc605896.1,uc605896,1,0.9884534209546473,0.2193931022920578,LV,0.0,0
2,uc606121.1,uc606121,1,0.9937079953424511,0.2193931022920578,LV,0.0,0
2,uc606122.1,uc606122,1,0.9918621745258477,0.2193931022920578,LV,0.0,0
2,uc606123.1,uc606123,1,0.993895133728009,0.2193931022920578,LV,0.0,0
2,uc606124.1,uc606124,1,0.9979798295984486,0.2193931022920578,LV,0.0,0
2,uc605825.1,uc605825,1,0.9940594199102605,0.2193931022920578,LV,0.0,0
2,uc623427.1,uc623427,1,0.9938951466907427,0.2193931022920578,LV,0.0,0
2,uc609687.1,uc609687,1,0.9988491095894483,0.2193931022920578,LV,0.0,0
2,uc639277.1,uc639277,1,0.9919344985018702,0.2193931022920578,LV,0.0,0
2,uc1139390.1,uc1139390,1,0.9941054864197924,0.2193931022920578,LV,0.0,0
2,uc605863.1,uc605863,1,0.991662452662124,0.2193931022920578,LV,0.0,0
2,uc605865.1,uc605865,1,0.9918698196885167,0.2193931022920578,LV,0.0,0
2,uc1138614.1,uc1138614,1,0.9942281722343204,0.2193931022920578,LV,0.0,0
2,uc605855.1,uc605855,1,0.993525675989567,0.2193931022920578,LV,0.0,0
2,uc605828.1,uc605828,1,0.9918752208324291,0.2193931022920578,LV,0.0,0
2,uc605829.1,uc605829,1,0.9952873103378223,0.2193931022920578,LV,0.0,0
2,uc605834.1,uc605834,1,0.9898655659226104,0.2193931022920578,LV,0.0,0
2,uc605835.1,uc605835,1,0.9899150452039271,0.2193931022920578,LV,0.0,0
2,uc605827.1,uc605827,1,0.9918322759009213,0.2193931022920578,LV,0.0,0
2,uc627337.1,uc627337,1,0.995528443150646,0.2193931022920578,LV,0.0,0
2,uc637912.1,uc637912,1,0.9953430624202314,0.2193931022920578,LV,0.0,0
2,uc637576.1,uc637576,1,0.99382013913004,0.2193931022920578,LV,0.0,0
2,uc637356.1,uc637356,1,0.9966809205847129,0.2193931022920578,LV,0.0,0
2,uc637918.1,uc637918,1,0.9935320093737016,0.2193931022920578,LV,0.0,0
2,uc637360.1,uc637360,1,0.9938627211747472,0.2193931022920578,LV,0.0,0
2,uc637399.1,uc637399,1,0.9866129863837504,0.2193931022920578,LV,0.0,0
2,uc637397.1,uc637397,1,0.9915520000193797,0.2193931022920578,LV,0.0,0
2,uc1137150.1,uc1137150,1,0.9952544843366232,0.2193931022920578,LV,0.0,0
2,uc1636598.1,uc1636598,1,0.0,0.1270170592217177,LV,0.95,1
2,uc636933.1,uc636933,1,0.9969279442010447,0.2193931022920578,LV,0.0,0
2,uc635963.1,uc635963,1,0.9949135480913074,0.2193931022920578,LV,0.0,0
2,uc635543.1,uc635543,1,0.9940861310194323,0.2193931022920578,LV,0.0,0
2,uc635966.1,uc635966,1,0.9940803534334731,0.2193931022920578,LV,0.0,0
2,uc635550.1,uc635550,1,0.9953686183804796,0.2193931022920578,LV,0.0,0
2,uc635862.1,uc635862,1,0.9930625927785596,0.2193931022920578,LV,0.0,0
2,uc1635694.1,uc1635694,1,1.0018676484771327,0.2193931022920578,LV,0.0,0
2,uc3435739.1,uc3435739,1,0.9939543304364625,0.2193931022920578,LV,0.0,0
2,uc1635060.1,uc1635060,1,0.997932630777063,0.2193931022920578,LV,0.0,0
2,uc1607271.1,uc1607271,1,0.9987920276359582,0.2193931022920578,LV,0.0,0
2,uc605884.1,uc605884,1,0.9965794926383483,0.2193931022920578,LV,0.0,0
2,uc1609690.1,uc1609690,1,0.9998187711304782,0.2193931022920578,LV,0.0,0
2,uc1134165.1,uc1134165,1,0.9911378030638468,0.2193931022920578,LV,0.0,0
2,uc634166.1,uc634166,1,0.9976476321983586,0.2193931022920578,LV,0.0,0
2,uc1633896.1,uc1633896,1,0.9987211257484975,0.2193931022920578,LV,0.0,0
2,uc3433894.1,uc3433894,1,0.9953467847487029,0.2193931022920578,LV,0.0,0
2,uc1633892.1,uc1633892,1,0.9996790424531771,0.2193931022920578,LV,0.0,0
2,uc633672.1,uc633672,1,0.9988719094741837,0.2193931022920578,LV,0.0,0
2,uc1633671.1,uc1633671,1,0.9932786198711252,0.2193931022920578,LV,0.0,0
2,uc1632306.1,uc1632306,1,0.9986341926132805,0.2193931022920578,LV,0.0,0
2,uc632607.1,uc632607,1,0.9805958400897702,0.2193931022920578,LV,0.0,0
2,uc632613.1,uc632613,1,0.9950520218330533,0.2193931022920578,LV,0.0,0
2,uc3432407.1,uc3432407,1,0.9945558391886241,0.2193931022920578,LV,0.0,0
2,uc1632402.1,uc1632402,1,0.9923190176554308,0.2193931022920578,LV,0.0,0
2,uc1132019.1,uc1132019,1,0.9942291351099853,0.2193931022920578,LV,0.0,0
2,uc632016.1,uc632016,1,0.9973593372336166,0.2193931022920578,LV,0.0,0
2,uc1132015.1,uc1132015,1,0.9923859982051333,0.2193931022920578,LV,0.0,0
2,uc1132012.1,uc1132012,1,0.9965283552602756,0.2193931022920578,LV,0.0,0
2,uc631859.1,uc631859,1,0.9972826040219969,0.2193931022920578,LV,0.0,0
2,uc1631852.1,uc1631852,1,0.996863064359662,0.2193931022920578,LV,0.0,0
2,uc1130761.1,uc1130761,1,0.9898765493609857,0.2193931022920578,LV,0.0,0
2,uc1630759.1,uc1630759,1,0.9916802833407034,0.2193931022920578,LV,0.0,0
2,uc630758.1,uc630758,1,0.9946927602774127,0.2193931022920578,LV,0.0,0
2,uc629428.1,uc629428,1,0.9972543818826799,0.2193931022920578,LV,0.0,0
2,uc1629639.1,uc1629639,1,1.0001728107682688,0.2193931022920578,LV,0.0,0
2,uc1229546.1,uc1229546,1,0.9943818898453268,0.2193931022920578,LV,0.0,0
2,uc628768.1,uc628768,1,0.9959029585449835,0.2193931022920578,LV,0.0,0
2,uc628757.1,uc628757,1,0.9994777692026697,0.2193931022920578,LV,0.0,0
2,uc628766.1,uc628766,1,0.9977417296765801,0.2193931022920578,LV,0.0,0
2,uc628753.1,uc628753,1,1.0003302953566222,0.2193931022920578,LV,0.0,0
2,uc627346.1,uc627346,1,0.9978349734206713,0.2193931022920578,LV,0.0,0
2,uc1628760.1,uc1628760,1,1.000233873633031,0.2193931022920578,LV,0.0,0
2,uc1629422.1,uc1629422,1,0.9945512597052942,0.2193931022920578,LV,0.0,0
2,uc626699.1,uc626699,1,0.9985214026306592,0.2193931022920578,LV,0.0,0
2,60651.2,60651,2,0.9966984384502688,13.336791218280357,MV,0.0,0
2,60721.2,60721,2,0.9966709103400575,13.336791218280357,MV,0.0,0
2,164151.2,164151,2,0.996928869085342,13.336791218280357,MV,0.0,0
2,302191.2,302191,2,0.9946140952118464,13.336791218280357,MV,0.0,0
2,320841.2,320841,2,0.995719248374931,13.336791218280357,MV,0.0,0
2,337711.2,337711,2,0.9946380484043802,13.336791218280357,MV,0.0,0
2,358691.2,358691,2,0.9993067659425506,13.336791218280357,MV,0.0,0
2,et6_1177.2,et6_1177,2,0.9957017913116597,0.2193931022920578,LV,0.0,0
2,461501.2,461501,2,0.9968647645210105,13.336791218280357,MV,0.0,0
2,686891.2,686891,2,0.99623005733468,13.336791218280357,MV,0.0,0
2,703601.2,703601,2,0.997005395853819,13.336791218280357,MV,0.0,0
2,713791.2,713791,2,0.9961467857034884,13.336791218280357,MV,0.0,0
2,725731.2,725731,2,0.9958739829005284,13.336791218280357,MV,0.0,0
2,809501.2,809501,2,0.9963710561850581,13.336791218280357,MV,0.0,0
2,811221.2,811221,2,0.9969424842472755,13.336791218280357,MV,0.0,0
2,815111.2,815111,2,0.9946118210885285,13.336791218280357,MV,0.0,0
2,822371.2,822371,2,0.9959686699430691,13.336791218280357,MV,0.0,0
2,820611.2,820611,2,0.9965841466885395,13.336791218280357,MV,0.0,0
2,822641.2,822641,2,0.9960196050404282,13.336791218280357,MV,0.0,0
2,618431.2,618431,2,0.9966986567738555,13.336791218280357,MV,0.0,0
2,bt10401.2,bt10401,2,0.9890400230566158,0.2193931022920578,LV,0.0,0
2,bt197792.2,bt197792,2,0.9887555232101404,0.2193931022920578,LV,0.0,0
2,bt800551.2,bt800551,2,0.988755523232295,0.2193931022920578,LV,0.0,0
2,bt295341.2,bt295341,2,0.9882220249098618,0.2193931022920578,LV,0.0,0
2,bt800541.2,bt800541,2,0.9884843789801033,0.2193931022920578,LV,0.0,0
2,bt295361.2,bt295361,2,0.9877992202965472,0.2193931022920578,LV,0.0,0
2,bt474991.2,bt474991,2,0.9876751939124758,0.2193931022920578,LV,0.0,0
2,uc1627323.2,uc1627323,2,0.9891347114612705,0.2193931022920578,LV,0.0,0
2,uc3405987.2,uc3405987,2,0.9912951082265337,0.2193931022920578,LV,0.0,0
2,uc3405846.2,uc3405846,2,0.9929597757189526,0.2193931022920578,LV,0.0,0
2,uc3405847.2,uc3405847,2,0.9918171710392643,0.2193931022920578,LV,0.0,0
2,uc3405838.2,uc3405838,2,0.9905145932442742,0.2193931022920578,LV,0.0,0
2,uc1607326.2,uc1607326,2,0.9905252199667797,0.2193931022920578,LV,0.0,0
2,uc1607316.2,uc1607316,2,0.9885339780368195,0.2193931022920578,LV,0.0,0
2,uc1607308.2,uc1607308,2,0.993889143694466,0.2193931022920578,LV,0.0,0
2,uc1623434.2,uc1623434,2,0.0,0.1270170592217177,LV,0.95,1
2,uc1620373.2,uc1620373,2,0.9936232744168352,0.2193931022920578,LV,0.0,0
2,uc1607302.2,uc1607302,2,0.9934957211244002,0.2193931022920578,LV,0.0,0
2,uc1607304.2,uc1607304,2,0.9934180262376009,0.2193931022920578,LV,0.0,0
2,uc1607306.2,uc1607306,2,0.9934890371137268,0.2193931022920578,LV,0.0,0
2,uc1607299.2,uc1607299,2,0.9938034616400261,0.2193931022920578,LV,0.0,0
2,uc1607297.2,uc1607297,2,0.9958766099857183,0.2193931022920578,LV,0.0,0
2,uc1607298.2,uc1607298,2,0.9939322169611704,0.2193931022920578,LV,0.0,0
2,uc1607289.2,uc1607289,2,0.997156397819317,0.2193931022920578,LV,0.0,0
2,uc1607291.2,uc1607291,2,0.9955539604307676,0.2193931022920578,LV,0.0,0
2,uc1607292.2,uc1607292,2,0.9951727681561024,0.2193931022920578,LV,0.0,0
2,uc1607280.2,uc1607280,2,0.9926037065810354,0.2193931022920578,LV,0.0,0
2,uc1607284.2,uc1607284,2,0.9927606801607097,0.2193931022920578,LV,0.0,0
2,uc1607285.2,uc1607285,2,0.9926811401901425,0.2193931022920578,LV,0.0,0
2,uc1607288.2,uc1607288,2,0.9928765832911545,0.2193931022920578,LV,0.0,0
2,uc1607279.2,uc1607279,2,0.9933974728096342,0.2193931022920578,LV,0.0,0
2,uc1607355.2,uc1607355,2,0.9939831876383631,0.2193931022920578,LV,0.0,0
2,uc1607357.2,uc1607357,2,0.9967483157072227,0.2193931022920578,LV,0.0,0
2,uc1607358.2,uc1607358,2,0.9951350309337681,0.2193931022920578,LV,0.0,0
2,uc1607368.2,uc1607368,2,0.0,0.1270170592217177,LV,0.95,1
2,uc1607276.2,uc1607276,2,0.9992110865199083,0.2193931022920578,LV,0.0,0
2,uc1607278.2,uc1607278,2,1.000001607582145,0.2193931022920578,LV,0.0,0
2,uc1607273.2,uc1607273,2,0.9990160453795792,0.2193931022920578,LV,0.0,0
2,uc1607328.2,uc1607328,2,0.9901809671182151,0.2193931022920578,LV,0.0,0
2,uc1607347.2,uc1607347,2,0.9929101164013168,0.2193931022920578,LV,0.0,0
2,uc1607350.2,uc1607350,2,0.9949635710306867,0.2193931022920578,LV,0.0,0
2,uc1107341.2,uc1107341,2,0.9913177724152695,0.2193931022920578,LV,0.0,0
2,uc1107333.2,uc1107333,2,0.9925345862447063,0.2193931022920578,LV,0.0,0
2,uc1607268.2,uc1607268,2,0.9989106324527993,0.2193931022920578,LV,0.0,0
2,uc1607252.2,uc1607252,2,0.992634371305206,0.2193931022920578,LV,0.0,0
2,uc1606000.2,uc1606000,2,0.992586928819153,0.2193931022920578,LV,0.0,0
2,uc1607255.2,uc1607255,2,0.9936283055047915,0.2193931022920578,LV,0.0,0
2,uc1607258.2,uc1607258,2,0.992640671562452,0.2193931022920578,LV,0.0,0
2,uc1124041.2,uc1124041,2,0.9932073950991471,0.2193931022920578,LV,0.0,0
2,uc1124340.2,uc1124340,2,0.9923926712163272,0.2193931022920578,LV,0.0,0
2,uc1121173.2,uc1121173,2,0.9926043853691291,0.2193931022920578,LV,0.0,0
2,uc1107345.2,uc1107345,2,0.9923775308365775,0.2193931022920578,LV,0.0,0
2,uc605816.2,uc605816,2,0.9904631255072832,0.2193931022920578,LV,0.0,0
2,uc605812.2,uc605812,2,0.9877021765734053,0.2193931022920578,LV,0.0,0
2,uc605813.2,uc605813,2,0.9955587702196959,0.2193931022920578,LV,0.0,0
2,uc609685.2,uc609685,2,0.9976010295582893,0.2193931022920578,LV,0.0,0
2,uc609688.2,uc609688,2,0.9937956416498923,0.2193931022920578,LV,0.0,0
2,uc621168.2,uc621168,2,0.9948620849546537,0.2193931022920578,LV,0.0,0
2,uc621171.2,uc621171,2,0.9936514453454471,0.2193931022920578,LV,0.0,0
2,uc605810.2,uc605810,2,0.9966591191828937,0.2193931022920578,LV,0.0,0
2,uc605807.2,uc605807,2,0.98902397985349,0.2193931022920578,LV,0.0,0
2,uc605801.2,uc605801,2,0.9929220651226661,0.2193931022920578,LV,0.0,0
2,uc607384.2,uc607384,2,0.9935307866864025,0.2193931022920578,LV,0.0,0
2,uc607385.2,uc607385,2,0.9910037770471126,0.2193931022920578,LV,0.0,0
2,uc609682.2,uc609682,2,0.9899744739014997,0.2193931022920578,LV,0.0,0
2,uc609683.2,uc609683,2,0.9965075472093087,0.2193931022920578,LV,0.0,0
2,uc607377.2,uc607377,2,0.9978085088772025,0.2193931022920578,LV,0.0,0
2,uc607382.2,uc607382,2,0.9956854920259441,0.2193931022920578,LV,0.0,0
2,uc606117.2,uc606117,2,0.9949209631926518,0.2193931022920578,LV,0.0,0
2,uc606120.2,uc606120,2,0.9946289054176248,0.2193931022920578,LV,0.0,0
2,uc623433.2,uc623433,2,0.9888685144635518,0.2193931022920578,LV,0.0,0
2,uc623007.2,uc623007,2,0.9954600692956996,0.2193931022920578,LV,0.0,0
2,uc606147.2,uc606147,2,0.9935507811472608,0.2193931022920578,LV,0.0,0
2,uc606148.2,uc606148,2,1.000132390921721,0.2193931022920578,LV,0.0,0
2,uc606150.2,uc606150,2,0.997977809845588,0.2193931022920578,LV,0.0,0
2,uc606109.2,uc606109,2,0.9938652217448393,0.2193931022920578,LV,0.0,0
2,uc606110.2,uc606110,2,0.9933976549961099,0.2193931022920578,LV,0.0,0
2,uc606111.2,uc606111,2,0.9948600007363801,0.2193931022920578,LV,0.0,0
2,uc622720.2,uc622720,2,0.9947923141695618,0.2193931022920578,LV,0.0,0
2,uc623004.2,uc623004,2,0.9900087618183095,0.2193931022920578,LV,0.0,0
2,uc606103.2,uc606103,2,0.9947735800654717,0.2193931022920578,LV,0.0,0
2,uc606139.2,uc606139,2,0.9936212250430483,0.2193931022920578,LV,0.0,0
2,uc606143.2,uc606143,2,0.995288850232367,0.2193931022920578,LV,0.0,0
2,uc605921.2,uc605921,2,0.995479226893913,0.2193931022920578,LV,0.0,0
2,uc605915.2,uc605915,2,0.9943733477170613,0.2193931022920578,LV,0.0,0
2,uc606101.2,uc606101,2,0.9949069102630291,0.2193931022920578,LV,0.0,0
2,uc622273.2,uc622273,2,0.9944985064896741,0.2193931022920578,LV,0.0,0
2,uc605990.2,uc605990,2,0.9882219845479856,0.2193931022920578,LV,0.0,0
2,uc606130.2,uc606130,2,0.9966894202213108,0.2193931022920578,LV,0.0,0
2,uc606132.2,uc606132,2,0.9935984709085146,0.2193931022920578,LV,0.0,0
2,uc622258.2,uc622258,2,0.9968589773668729,0.2193931022920578,LV,0.0,0
2,uc622270.2,uc622270,2,0.9989860191077794,0.2193931022920578,LV,0.0,0
2,uc605905.2,uc605905,2,0.9931889935206488,0.2193931022920578,LV,0.0,0
2,uc605909.2,uc605909,2,0.9977567244447875,0.2193931022920578,LV,0.0,0
2,uc605910.2,uc605910,2,0.9947001184106441,0.2193931022920578,LV,0.0,0
2,uc605911.2,uc605911,2,0.9952117121044425,0.2193931022920578,LV,0.0,0
2,uc606128.2,uc606128,2,0.9959086929447842,0.2193931022920578,LV,0.0,0
2,uc605904.2,uc605904,2,0.9932453914556537,0.2193931022920578,LV,0.0,0
2,uc1239552.2,uc1239552,2,0.9939312974580823,0.2193931022920578,LV,0.0,0
2,uc605817.2,uc605817,2,0.9958089999909969,0.2193931022920578,LV,0.0,0
2,uc605819.2,uc605819,2,0.9938914491680102,0.2193931022920578,LV,0.0,0
2,uc605820.2,uc605820,2,0.990500805045249,0.2193931022920578,LV,0.0,0
2,uc605821.2,uc605821,2,0.9909864492393842,0.2193931022920578,LV,0.0,0
2,uc605822.2,uc605822,2,0.9904002086911021,0.2193931022920578,LV,0.0,0
2,uc639280.2,uc639280,2,0.9938329055972405,0.2193931022920578,LV,0.0,0
2,uc605898.2,uc605898,2,0.9961925194283512,0.2193931022920578,LV,0.0,0
2,uc605902.2,uc605902,2,0.9935014285452822,0.2193931022920578,LV,0.0,0
2,uc605982.2,uc605982,2,0.9889444581605833,0.2193931022920578,LV,0.0,0
2,uc605988.2,uc605988,2,0.9877407256384086,0.2193931022920578,LV,0.0,0
2,uc606126.2,uc606126,2,0.9947324000940205,0.2193931022920578,LV,0.0,0
2,uc606127.2,uc606127,2,0.9938853067558565,0.2193931022920578,LV,0.0,0
2,uc605896.2,uc605896,2,0.989435118719836,0.2193931022920578,LV,0.0,0
2,uc606121.2,uc606121,2,0.9934926967922524,0.2193931022920578,LV,0.0,0
2,uc606122.2,uc606122,2,0.9916462865888753,0.2193931022920578,LV,0.0,0
2,uc606123.2,uc606123,2,0.993688700101656,0.2193931022920578,LV,0.0,0
2,uc622709.2,uc622709,2,0.9949896130390173,0.2193931022920578,LV,0.0,0
2,uc639277.2,uc639277,2,0.991073825592873,0.2193931022920578,LV,0.0,0
2,uc1139390.2,uc1139390,2,0.9938947737661091,0.2193931022920578,LV,0.0,0
2,uc605864.2,uc605864,2,0.9910419133834311,0.2193931022920578,LV,0.0,0
2,uc605865.2,uc605865,2,0.990784447248503,0.2193931022920578,LV,0.0,0
2,uc638617.2,uc638617,2,0.9905066912822471,0.2193931022920578,LV,0.0,0
2,uc605855.2,uc605855,2,0.9910221014486885,0.2193931022920578,LV,0.0,0
2,uc1638606.2,uc1638606,2,0.9976585710688936,0.2193931022920578,LV,0.0,0
2,uc1638954.2,uc1638954,2,0.9988071419284839,0.2193931022920578,LV,0.0,0
2,uc605836.2,uc605836,2,0.9834014253122677,0.2193931022920578,LV,0.0,0
2,uc1607303.2,uc1607303,2,0.9948473412238921,0.2193931022920578,LV,0.0,0
2,uc637705.2,uc637705,2,0.9919759692293848,0.2193931022920578,LV,0.0,0
2,uc1637704.2,uc1637704,2,1.002281322428116,0.2193931022920578,LV,0.0,0
2,uc637576.2,uc637576,2,0.9936137133684273,0.2193931022920578,LV,0.0,0
2,uc637918.2,uc637918,2,0.9933569852847746,0.2193931022920578,LV,0.0,0
2,uc637360.2,uc637360,2,0.9936479530206823,0.2193931022920578,LV,0.0,0
2,uc637397.2,uc637397,2,0.9913028335722415,0.2193931022920578,LV,0.0,0
2,uc636933.2,uc636933,2,0.9934540176954995,0.2193931022920578,LV,0.0,0
2,uc605908.2,uc605908,2,0.9982987665024486,0.2193931022920578,LV,0.0,0
2,uc635963.2,uc635963,2,0.9946989159111495,0.2193931022920578,LV,0.0,0
2,uc635543.2,uc635543,2,0.9938713679931078,0.2193931022920578,LV,0.0,0
2,uc635966.2,uc635966,2,0.9938655909736647,0.2193931022920578,LV,0.0,0
2,uc627328.2,uc627328,2,0.9875373971232284,0.2193931022920578,LV,0.0,0
2,uc635550.2,uc635550,2,0.9951649625087543,0.2193931022920578,LV,0.0,0
2,uc635862.2,uc635862,2,0.9928139270994359,0.2193931022920578,LV,0.0,0
2,uc3435739.2,uc3435739,2,0.9911684917484404,0.2193931022920578,LV,0.0,0
2,uc634166.2,uc634166,2,0.9967692996135269,0.2193931022920578,LV,0.0,0
2,uc1633671.2,uc1633671,2,0.9951494317332202,0.2193931022920578,LV,0.0,0
2,uc633056.2,uc633056,2,0.996424613291974,0.2193931022920578,LV,0.0,0
2,uc632607.2,uc632607,2,0.9803423635803105,0.2193931022920578,LV,0.0,0
2,uc1632402.2,uc1632402,2,0.9938150551101874,0.2193931022920578,LV,0.0,0
2,uc1131858.2,uc1131858,2,0.9913901606440608,0.2193931022920578,LV,0.0,0
2,uc631391.2,uc631391,2,0.9836121005065207,0.2193931022920578,LV,0.0,0
2,uc1630759.2,uc1630759,2,0.9931413848119931,0.2193931022920578,LV,0.0,0
2,uc630758.2,uc630758,2,0.9911705267052727,0.2193931022920578,LV,0.0,0
2,uc630753.2,uc630753,2,0.990907037411981,0.2193931022920578,LV,0.0,0
2,uc628766.2,uc628766,2,0.9966969582393543,0.2193931022920578,LV,0.0,0
2,uc627346.2,uc627346,2,0.9973397551760019,0.2193931022920578,LV,0.0,0
2,uc1629422.2,uc1629422,2,0.9930771232020016,0.2193931022920578,LV,0.0,0
2,60651.3,60651,3,0.9966949860724907,13.336791218280357,MV,0.0,0
2,60721.3,60721,3,0.996667456833169,13.336791218280357,MV,0.0,0
2,164151.3,164151,3,0.9969254321854656,13.336791218280357,MV,0.0,0
2,302191.3,302191,3,0.9946099028086941,13.336791218280357,MV,0.0,0
2,320841.3,320841,3,0.9957011158192508,13.336791218280357,MV,0.0,0
2,337711.3,337711,3,0.9946338604408566,13.336791218280357,MV,0.0,0
2,358691.3,358691,3,0.999247323955509,13.336791218280357,MV,0.0,0
2,et6_1177.3,et6_1177,3,0.9947074447406118,0.2193931022920578,LV,0.0,0
2,461501.3,461501,3,0.9968405025278074,13.336791218280357,MV,0.0,0
2,686891.3,686891,3,0.9962154596473103,13.336791218280357,MV,0.0,0
2,703601.3,703601,3,0.9970024356823466,13.336791218280357,MV,0.0,0
2,713791.3,713791,3,0.9961289681580574,13.336791218280357,MV,0.0,0
2,725731.3,725731,3,0.9958558421949613,13.336791218280357,MV,0.0,0
2,809501.3,809501,3,0.996358035672592,13.336791218280357,MV,0.0,0
2,811221.3,811221,3,0.9969391281970419,13.336791218280357,MV,0.0,0
2,815111.3,815111,3,0.9946076282035995,13.336791218280357,MV,0.0,0
2,822371.3,822371,3,0.9959505588150819,13.336791218280357,MV,0.0,0
2,820611.3,820611,3,0.9965774187252092,13.336791218280357,MV,0.0,0
2,822641.3,822641,3,0.995998007627534,13.336791218280357,MV,0.0,0
2,618431.3,618431,3,0.9966952044092408,13.336791218280357,MV,0.0,0
2,bt10401.3,bt10401,3,0.9913755934508675,0.2193931022920578,LV,0.0,0
2,bt197792.3,bt197792,3,0.9910041305788979,0.2193931022920578,LV,0.0,0
2,bt800551.3,bt800551,3,0.9910687551258462,0.2193931022920578,LV,0.0,0
2,bt295341.3,bt295341,3,0.9909157379249901,0.2193931022920578,LV,0.0,0
2,bt800541.3,bt800541,3,0.9909527318665179,0.2193931022920578,LV,0.0,0
2,bt295361.3,bt295361,3,0.9909157386112915,0.2193931022920578,LV,0.0,0
2,bt474991.3,bt474991,3,0.9909157390809878,0.2193931022920578,LV,0.0,0
2,uc627336.3,uc627336,3,0.9954950459138081,0.2193931022920578,LV,0.0,0
2,uc1620373.3,uc1620373,3,0.9944581962623465,0.2193931022920578,LV,0.0,0
2,uc1607302.3,uc1607302,3,0.9943012265150231,0.2193931022920578,LV,0.0,0
2,uc1607304.3,uc1607304,3,0.9942518194708613,0.2193931022920578,LV,0.0,0
2,uc1607298.3,uc1607298,3,0.9949711908144053,0.2193931022920578,LV,0.0,0
2,uc1607280.3,uc1607280,3,0.9933155977533785,0.2193931022920578,LV,0.0,0
2,uc1607285.3,uc1607285,3,0.9941252819580257,0.2193931022920578,LV,0.0,0
2,uc1607279.3,uc1607279,3,0.9941096598496141,0.2193931022920578,LV,0.0,0
2,uc1607347.3,uc1607347,3,0.9937447545253248,0.2193931022920578,LV,0.0,0
2,uc1124340.3,uc1124340,3,0.9940112996149143,0.2193931022920578,LV,0.0,0
2,uc605816.3,uc605816,3,0.9914564591620033,0.2193931022920578,LV,0.0,0
2,uc605815.3,uc605815,3,0.9926626909180853,0.2193931022920578,LV,0.0,0
2,uc621171.3,uc621171,3,0.9941379655764004,0.2193931022920578,LV,0.0,0
2,uc607384.3,uc607384,3,0.9940201255820872,0.2193931022920578,LV,0.0,0
2,uc606117.3,uc606117,3,0.9954079341227056,0.2193931022920578,LV,0.0,0
2,uc606120.3,uc606120,3,0.9951157794273625,0.2193931022920578,LV,0.0,0
2,uc623007.3,uc623007,3,0.9944656768363813,0.2193931022920578,LV,0.0,0
2,uc605867.3,uc605867,3,0.9926497628023987,0.2193931022920578,LV,0.0,0
2,uc606150.3,uc606150,3,0.9980918871008638,0.2193931022920578,LV,0.0,0
2,uc606109.3,uc606109,3,0.9943518224094585,0.2193931022920578,LV,0.0,0
2,uc606110.3,uc606110,3,0.9938841297399222,0.2193931022920578,LV,0.0,0
2,uc606111.3,uc606111,3,0.9953469474855187,0.2193931022920578,LV,0.0,0
2,uc622722.3,uc622722,3,0.9929783240551878,0.2193931022920578,LV,0.0,0
2,uc623004.3,uc623004,3,0.9921966571207066,0.2193931022920578,LV,0.0,0
2,uc606101.3,uc606101,3,0.9953841782959594,0.2193931022920578,LV,0.0,0
2,uc606132.3,uc606132,3,0.9940936310152397,0.2193931022920578,LV,0.0,0
2,uc605910.3,uc605910,3,0.9951834459952229,0.2193931022920578,LV,0.0,0
2,uc605911.3,uc605911,3,0.9956952335425996,0.2193931022920578,LV,0.0,0
2,uc605904.3,uc605904,3,0.9955101881071302,0.2193931022920578,LV,0.0,0
2,uc1239552.3,uc1239552,3,0.9947664236123477,0.2193931022920578,LV,0.0,0
2,uc605821.3,uc605821,3,0.9932188127730455,0.2193931022920578,LV,0.0,0
2,uc639280.3,uc639280,3,0.9944367555601079,0.2193931022920578,LV,0.0,0
2,uc605898.3,uc605898,3,0.9956318023507619,0.2193931022920578,LV,0.0,0
2,uc605902.3,uc605902,3,0.9939387827764424,0.2193931022920578,LV,0.0,0
2,uc606126.3,uc606126,3,0.9952283929158232,0.2193931022920578,LV,0.0,0
2,uc606127.3,uc606127,3,0.9943809743711587,0.2193931022920578,LV,0.0,0
2,uc606121.3,uc606121,3,0.9939785284536,0.2193931022920578,LV,0.0,0
2,uc606122.3,uc606122,3,0.9921309323284051,0.2193931022920578,LV,0.0,0
2,uc639277.3,uc639277,3,0.9933062487116469,0.2193931022920578,LV,0.0,0
2,uc1139390.3,uc1139390,3,0.9947298692312664,0.2193931022920578,LV,0.0,0
2,uc637576.3,uc637576,3,0.9941074395367289,0.2193931022920578,LV,0.0,0
2,uc637918.3,uc637918,3,0.9939606903414722,0.2193931022920578,LV,0.0,0
2,uc637360.3,uc637360,3,0.9941343536016635,0.2193931022920578,LV,0.0,0
2,uc637397.3,uc637397,3,0.9922930346284315,0.2193931022920578,LV,0.0,0
2,uc635963.3,uc635963,3,0.9951858177523378,0.2193931022920578,LV,0.0,0
2,uc635543.3,uc635543,3,0.9943579611291893,0.2193931022920578,LV,0.0,0
2,uc635966.3,uc635966,3,0.9943521826789067,0.2193931022920578,LV,0.0,0
2,uc635550.3,uc635550,3,0.9956620165128994,0.2193931022920578,LV,0.0,0
2,uc635862.3,uc635862,3,0.9927688268467706,0.2193931022920578,LV,0.0,0
2,uc1633671.3,uc1633671,3,0.9952242113742886,0.2193931022920578,LV,0.0,0
2,uc632607.3,uc632607,3,0.9813303481700195,0.2193931022920578,LV,0.0,0
2,uc1629422.3,uc1629422,3,0.9952134891398785,0.2193931022920578,LV,0.0,0
3,60651.1,60651,1,0.9961633030561831,13.336791218280357,MV,0.0,0
3,60721.1,60721,1,0.9961347028350689,13.336791218280357,MV,0.0,0
3,164151.1,164151,1,0.9964028745766232,13.336791218280357,MV,0.0,0
3,302191.1,302191,1,0.9937456500438405,13.336791218280357,MV,0.0,0
3,320841.1,320841,1,0.995063042489758,13.336791218280357,MV,0.0,0
3,337711.1,337711,1,0.993770570408947,13.336791218280357,MV,0.0,0
3,358691.1,358691,1,0.9990846710632268,13.336791218280357,MV,0.0,0
3,et6_1177.1,et6_1177,1,0.9959595618551018,0.2193931022920578,LV,0.0,0
3,461501.1,461501,1,0.9962945140565824,13.336791218280357,MV,0.0,0
3,686891.1,686891,1,0.9956036915242698,13.336791218280357,MV,0.0,0
3,703601.1,703601,1,0.9964872136956341,13.336791218280357,MV,0.0,0
3,713791.1,713791,1,0.9955047850802283,13.336791218280357,MV,0.0,0
3,725731.1,725731,1,0.9952252648653984,13.336791218280357,MV,0.0,0
3,809501.1,809501,1,0.9957527814445266,13.336791218280357,MV,0.0,0
3,811221.1,811221,1,0.9964178377603736,13.336791218280357,MV,0.0,0
3,815111.1,815111,1,0.9937431823703876,13.336791218280357,MV,0.0,0
3,822371.1,822371,1,0.9953209822774755,13.336791218280357,MV,0.0,0
3,820611.1,820611,1,0.9960198746421165,13.336791218280357,MV,0.0,0
3,822641.1,822641,1,0.9953686390080612,13.336791218280357,MV,0.0,0
3,618431.1,618431,1,0.9961635293132415,13.336791218280357,MV,0.0,0
3,bt10401.1,bt10401,1,0.9887051957853636,0.2193931022920578,LV,0.0,0
3,bt197792.1,bt197792,1,0.9879606334246835,0.2193931022920578,LV,0.0,0
3,bt800551.1,bt800551,1,0.9880685458459747,0.2193931022920578,LV,0.0,0
3,bt295341.1,bt295341,1,0.9870733559744351,0.2193931022920578,LV,0.0,0
3,bt800541.1,bt800541,1,0.9875451367360231,0.2193931022920578,LV,0.0,0
3,bt295361.1,bt295361,1,0.9866223275910839,0.2193931022920578,LV,0.0,0
3,bt474991.1,bt474991,1,0.9862671503783187,0.2193931022920578,LV,0.0,0
3,uc626695.1,uc626695,1,0.9835242785657936,0.2193931022920578,LV,0.0,0
3,uc1627323.1,uc1627323,1,0.9941111340060452,0.2193931022920578,LV,0.0,0
3,uc1627342.1,uc1627342,1,0.9999027462907735,0.2193931022920578,LV,0.0,0
3,uc627343.1,uc627343,1,0.9972478972908612,0.2193931022920578,LV,0.0,0
3,uc627344.1,uc627344,1,0.998038437746177,0.2193931022920578,LV,0.0,0
3,uc1626672.1,uc1626672,1,0.0,0.1270170592217177,LV,0.95,1
3,uc1626490.1,uc1626490,1,0.9945169591176065,0.2193931022920578,LV,0.0,0
3,uc3422706.1,uc3422706,1,0.9965695433378605,0.2193931022920578,LV,0.0,0
3,uc3425629.1,uc3425629,1,0.9966106290995024,0.2193931022920578,LV,0.0,0
3,uc3422597.1,uc3422597,1,0.9949094295432362,0.2193931022920578,LV,0.0,0
3,uc3405843.1,uc3405843,1,0.9951890990736907,0.2193931022920578,LV,0.0,0
3,uc3405844.1,uc3405844,1,0.9950721873929995,0.2193931022920578,LV,0.0,0
3,uc3405845.1,uc3405845,1,0.9950421855673287,0.2193931022920578,LV,0.0,0
3,uc3405846.1,uc3405846,1,0.9953402927822422,0.2193931022920578,LV,0.0,0
3,uc1626486.1,uc1626486,1,0.999861632555969,0.2193931022920578,LV,0.0,0
3,uc1626487.1,uc1626487,1,0.9953478614972803,0.2193931022920578,LV,0.0,0
3,uc626481.1,uc626481,1,0.9962689982716934,0.2193931022920578,LV,0.0,0
3,uc626678.1,uc626678,1,0.9938983719411993,0.2193931022920578,LV,0.0,0
3,uc626698.1,uc626698,1,0.9975656796394615,0.2193931022920578,LV,0.0,0
3,uc626476.1,uc626476,1,0.9922986255671801,0.2193931022920578,LV,0.0,0
3,uc1627321.1,uc1627321,1,0.999708039341662,0.2193931022920578,LV,0.0,0
3,uc1607319.1,uc1607319,1,0.9950266397217696,0.2193931022920578,LV,0.0,0
3,uc1607308.1,uc1607308,1,0.9953054028672293,0.2193931022920578,LV,0.0,0
3,uc1624026.1,uc1624026,1,0.0,0.1270170592217177,LV,0.95,1
3,uc1625170.1,uc1625170,1,0.99791887611843,0.2193931022920578,LV,0.0,0
3,uc1621994.1,uc1621994,1,0.9996038811659037,0.2193931022920578,LV,0.0,0
3,uc1620360.1,uc1620360,1,0.9993062295927576,0.2193931022920578,LV,0.0,0
3,uc1620373.1,uc1620373,1,0.9939665114650775,0.2193931022920578,LV,0.0,0
3,uc1607302.1,uc1607302,1,0.9938645870217873,0.2193931022920578,LV,0.0,0
3,uc1607304.1,uc1607304,1,0.992997598809744,0.2193931022920578,LV,0.0,0
3,uc1607305.1,uc1607305,1,0.9926895186225739,0.2193931022920578,LV,0.0,0
3,uc1607306.1,uc1607306,1,0.9949436597457256,0.2193931022920578,LV,0.0,0
3,uc1607297.1,uc1607297,1,0.9970793082409479,0.2193931022920578,LV,0.0,0
3,uc1607298.1,uc1607298,1,0.9944795734205186,0.2193931022920578,LV,0.0,0
3,uc1607289.1,uc1607289,1,0.997678118506838,0.2193931022920578,LV,0.0,0
3,uc1607290.1,uc1607290,1,0.9977343014928797,0.2193931022920578,LV,0.0,0
3,uc1607291.1,uc1607291,1,0.9971460929354008,0.2193931022920578,LV,0.0,0
3,uc1607280.1,uc1607280,1,0.9930957787551619,0.2193931022920578,LV,0.0,0
3,uc1607283.1,uc1607283,1,0.9909703457373057,0.2193931022920578,LV,0.0,0
3,uc1607285.1,uc1607285,1,0.9921530734677255,0.2193931022920578,LV,0.0,0
3,uc1607287.1,uc1607287,1,0.9945456793704104,0.2193931022920578,LV,0.0,0
3,uc1607288.1,uc1607288,1,0.9945453549343907,0.2193931022920578,LV,0.0,0
3,uc1607279.1,uc1607279,1,0.9938132760196227,0.2193931022920578,LV,0.0,0
3,uc1607357.1,uc1607357,1,0.9972678221967687,0.2193931022920578,LV,0.0,0
3,uc1607358.1,uc1607358,1,0.9968367357450527,0.2193931022920578,LV,0.0,0
3,uc1607368.1,uc1607368,1,0.0,0.1270170592217177,LV,0.95,1
3,uc1607277.1,uc1607277,1,0.9981709637676505,0.2193931022920578,LV,0.0,0
3,uc1607278.1,uc1607278,1,1.0014201676760486,0.2193931022920578,LV,0.0,0
3,uc1607272.1,uc1607272,1,0.9943181653354173,0.2193931022920578,LV,0.0,0
3,uc1607273.1,uc1607273,1,1.0013338857388794,0.2193931022920578,LV,0.0,0
3,uc1607353.1,uc1607353,1,0.9971850165076406,0.2193931022920578,LV,0.0,0
3,uc1607347.1,uc1607347,1,0.9933001317088144,0.2193931022920578,LV,0.0,0
3,uc1607349.1,uc1607349,1,0.9972820446382002,0.2193931022920578,LV,0.0,0
3,uc1107342.1,uc1107342,1,0.9923063259855016,0.2193931022920578,LV,0.0,0
3,uc1107340.1,uc1107340,1,0.9917262080249502,0.2193931022920578,LV,0.0,0
3,uc1105833.1,uc1105833,1,0.9958990220982944,0.2193931022920578,LV,0.0,0
3,uc1107330.1,uc1107330,1,0.9913247497264919,0.2193931022920578,LV,0.0,0
3,uc1607265.1,uc1607265,1,0.9924486491903297,0.2193931022920578,LV,0.0,0
3,uc1607268.1,uc1607268,1,0.9994048117363756,0.2193931022920578,LV,0.0,0
3,uc1607252.1,uc1607252,1,0.9953661267590339,0.2193931022920578,LV,0.0,0
3,uc1605991.1,uc1605991,1,0.9963461901620494,0.2193931022920578,LV,0.0,0
3,uc1605996.1,uc1605996,1,0.9945639270778256,0.2193931022920578,LV,0.0,0
3,uc1607257.1,uc1607257,1,0.9965535105673173,0.2193931022920578,LV,0.0,0
3,uc1607258.1,uc1607258,1,0.9953718083879611,0.2193931022920578,LV,0.0,0
3,uc1124340.1,uc1124340,1,0.9926552624578749,0.2193931022920578,LV,0.0,0
3,uc605816.1,uc605816,1,0.9911502673845243,0.2193931022920578,LV,0.0,0
3,uc605813.1,uc605813,1,0.9956840191288773,0.2193931022920578,LV,0.0,0
3,uc609684.1,uc609684,1,0.9984202318269972,0.2193931022920578,LV,0.0,0
3,uc609686.1,uc609686,1,0.9986674004686438,0.2193931022920578,LV,0.0,0
3,uc609688.1,uc609688,1,0.9949749203844369,0.2193931022920578,LV,0.0,0
3,uc621168.1,uc621168,1,0.996680915266503,0.2193931022920578,LV,0.0,0
3,uc621171.1,uc621171,1,0.9939875145045284,0.2193931022920578,LV,0.0,0
3,uc605808.1,uc605808,1,0.9988551343195141,0.2193931022920578,LV,0.0,0
3,uc605809.1,uc605809,1,0.9879331528796165,0.2193931022920578,LV,0.0,0
3,uc605810.1,uc605810,1,0.9976841540789765,0.2193931022920578,LV,0.0,0
3,uc605970.1,uc605970,1,0.9963366208251664,0.2193931022920578,LV,0.0,0
3,uc605803.1,uc605803,1,0.9966935171097383,0.2193931022920578,LV,0.0,0
3,uc605804.1,uc605804,1,0.9977550200536422,0.2193931022920578,LV,0.0,0
3,uc605806.1,uc605806,1,0.9951524775978846,0.2193931022920578,LV,0.0,0
3,uc607384.1,uc607384,1,0.9938949824989565,0.2193931022920578,LV,0.0,0
3,uc607387.1,uc607387,1,0.9954914830827748,0.2193931022920578,LV,0.0,0
3,uc609682.1,uc609682,1,0.9930069440633423,0.2193931022920578,LV,0.0,0
3,uc624033.1,uc624033,1,0.9997860404689809,0.2193931022920578,LV,0.0,0
3,uc625156.1,uc625156,1,0.9967124088534085,0.2193931022920578,LV,0.0,0
3,uc625624.1,uc625624,1,0.9922582642365743,0.2193931022920578,LV,0.0,0
3,uc625625.1,uc625625,1,0.9985800686904939,0.2193931022920578,LV,0.0,0
3,uc607366.1,uc607366,1,0.9879107406739309,0.2193931022920578,LV,0.0,0
3,uc607367.1,uc607367,1,0.9975654963931828,0.2193931022920578,LV,0.0,0
3,uc606114.1,uc606114,1,0.9960905996074643,0.2193931022920578,LV,0.0,0
3,uc606117.1,uc606117,1,0.995135103016098,0.2193931022920578,LV,0.0,0
3,uc606120.1,uc606120,1,0.9948754882955797,0.2193931022920578,LV,0.0,0
3,uc623015.1,uc623015,1,0.9868020980314337,0.2193931022920578,LV,0.0,0
3,uc623432.1,uc623432,1,0.9950963940690456,0.2193931022920578,LV,0.0,0
3,uc624028.1,uc624028,1,0.9958661471848413,0.2193931022920578,LV,0.0,0
3,uc605873.1,uc605873,1,0.9968887173621327,0.2193931022920578,LV,0.0,0
3,uc623007.1,uc623007,1,0.9957411094934506,0.2193931022920578,LV,0.0,0
3,uc606147.1,uc606147,1,0.9964803800772206,0.2193931022920578,LV,0.0,0
3,uc606148.1,uc606148,1,1.0000126673884238,0.2193931022920578,LV,0.0,0
3,uc606150.1,uc606150,1,0.9981330748208322,0.2193931022920578,LV,0.0,0
3,uc606109.1,uc606109,1,0.9941855364818626,0.2193931022920578,LV,0.0,0
3,uc606110.1,uc606110,1,0.9937628864657906,0.2193931022920578,LV,0.0,0
3,uc606111.1,uc606111,1,0.995081861460973,0.2193931022920578,LV,0.0,0
3,uc622777.1,uc622777,1,1.0007797311927398,0.2193931022920578,LV,0.0,0
3,uc623004.1,uc623004,1,0.9915029996585842,0.2193931022920578,LV,0.0,0
3,uc606103.1,uc606103,1,0.9963931324266722,0.2193931022920578,LV,0.0,0
3,uc606139.1,uc606139,1,0.9973566541570889,0.2193931022920578,LV,0.0,0
3,uc606141.1,uc606141,1,0.9955614771696487,0.2193931022920578,LV,0.0,0
3,uc606143.1,uc606143,1,0.9977834646831422,0.2193931022920578,LV,0.0,0
3,uc605921.1,uc605921,1,0.9963204778724942,0.2193931022920578,LV,0.0,0
3,uc622713.1,uc622713,1,0.9953362809084492,0.2193931022920578,LV,0.0,0
3,uc622714.1,uc622714,1,0.996273436054224,0.2193931022920578,LV,0.0,0
3,uc605993.1,uc605993,1,0.9970454634867656,0.2193931022920578,LV,0.0,0
3,uc606101.1,uc606101,1,0.9941693734567094,0.2193931022920578,LV,0.0,0
3,uc606102.1,uc606102,1,0.9932508246107979,0.2193931022920578,LV,0.0,0
3,uc622273.1,uc622273,1,0.9970694408364997,0.2193931022920578,LV,0.0,0
3,uc622703.1,uc622703,1,0.983583797913768,0.2193931022920578,LV,0.0,0
3,uc605989.1,uc605989,1,0.9980271278500938,0.2193931022920578,LV,0.0,0
3,uc606130.1,uc606130,1,0.9977731466011102,0.2193931022920578,LV,0.0,0
3,uc606132.1,uc606132,1,0.9939583637132549,0.2193931022920578,LV,0.0,0
3,uc605914.1,uc605914,1,1.002121273843262,0.2193931022920578,LV,0.0,0
3,uc622257.1,uc622257,1,0.9979956885637876,0.2193931022920578,LV,0.0,0
3,uc605909.1,uc605909,1,0.9982547461672875,0.2193931022920578,LV,0.0,0
3,uc605910.1,uc605910,1,0.9949841166262962,0.2193931022920578,LV,0.0,0
3,uc605911.1,uc605911,1,0.9954436966929239,0.2193931022920578,LV,0.0,0
3,uc606128.1,uc606128,1,0.9972113384351934,0.2193931022920578,LV,0.0,0
3,uc605823.1,uc605823,1,0.991710562957556,0.2193931022920578,LV,0.0,0
3,uc605824.1,uc605824,1,0.9962152614462063,0.2193931022920578,LV,0.0,0
3,uc605904.1,uc605904,1,0.9953314202931419,0.2193931022920578,LV,0.0,0
3,uc621999.1,uc621999,1,0.9972288815362995,0.2193931022920578,LV,0.0,0
3,uc639553.1,uc639553,1,0.9941499665102744,0.2193931022920578,LV,0.0,0
3,uc1239552.1,uc1239552,1,0.9942260722078151,0.2193931022920578,LV,0.0,0
3,uc605817.1,uc605817,1,0.9964829512219036,0.2193931022920578,LV,0.0,0
3,uc605819.1,uc605819,1,0.9950614436242067,0.2193931022920578,LV,0.0,0
3,uc605820.1,uc605820,1,0.9950615595872311,0.2193931022920578,LV,0.0,0
3,uc605821.1,uc605821,1,0.9921792582069382,0.2193931022920578,LV,0.0,0
3,uc639280.1,uc639280,1,0.994229555197838,0.2193931022920578,LV,0.0,0
3,uc605898.1,uc605898,1,0.99560489528574,0.2193931022920578,LV,0.0,0
3,uc605901.1,uc605901,1,0.9979843455162023,0.2193931022920578,LV,0.0,0
3,uc605902.1,uc605902,1,0.9939375559442755,0.2193931022920578,LV,0.0,0
3,uc605985.1,uc605985,1,0.9928709750488675,0.2193931022920578,LV,0.0,0
3,uc606126.1,uc606126,1,0.9949831221315754,0.2193931022920578,LV,0.0,0
3,uc606127.1,uc606127,1,0.9942134244475153,0.2193931022920578,LV,0.0,0
3,uc605896.1,uc605896,1,0.9891311182741056,0.2193931022920578,LV,0.0,0
3,uc606121.1,uc606121,1,0.9938753656493138,0.2193931022920578,LV,0.0,0
3,uc606122.1,uc606122,1,0.9922097777133576,0.2193931022920578,LV,0.0,0
3,uc606123.1,uc606123,1,0.9940404353706466,0.2193931022920578,LV,0.0,0
3,uc606124.1,uc606124,1,0.9979935611109524,0.2193931022920578,LV,0.0,0
3,uc605825.1,uc605825,1,0.9944510764531039,0.2193931022920578,LV,0.0,0
3,uc623427.1,uc623427,1,0.9940404483352804,0.2193931022920578,LV,0.0,0
3,uc609687.1,uc609687,1,0.9989128323811504,0.2193931022920578,LV,0.0,0
3,uc639277.1,uc639277,1,0.9922582642429632,0.2193931022920578,LV,0.0,0
3,uc1139390.1,uc1139390,1,0.9941895376853738,0.2193931022920578,LV,0.0,0
3,uc605863.1,uc605863,1,0.9920140311347311,0.2193931022920578,LV,0.0,0
3,uc605865.1,uc605865,1,0.992201472567474,0.2193931022920578,LV,0.0,0
3,uc1138614.1,uc1138614,1,0.9945991080377855,0.2193931022920578,LV,0.0,0
3,uc605855.1,uc605855,1,0.9939535351818463,0.2193931022920578,LV,0.0,0
3,uc605828.1,uc605828,1,0.9924613505536031,0.2193931022920578,LV,0.0,0
3,uc605829.1,uc605829,1,0.9955460270917981,0.2193931022920578,LV,0.0,0
3,uc605834.1,uc605834,1,0.9906427923087093,0.2193931022920578,LV,0.0,0
3,uc605835.1,uc605835,1,0.9906875148476979,0.2193931022920578,LV,0.0,0
3,uc605827.1,uc605827,1,0.992422534039498,0.2193931022920578,LV,0.0,0
3,uc627337.1,uc627337,1,0.9958925810450987,0.2193931022920578,LV,0.0,0
3,uc637912.1,uc637912,1,0.9955964190333692,0.2193931022920578,LV,0.0,0
3,uc637576.1,uc637576,1,0.9939726498033675,0.2193931022920578,LV,0.0,0
3,uc637356.1,uc637356,1,0.9969039727374384,0.2193931022920578,LV,0.0,0
3,uc637918.1,uc637918,1,0.9937993513335297,0.2193931022920578,LV,0.0,0
3,uc637360.1,uc637360,1,0.9939911768244233,0.2193931022920578,LV,0.0,0
3,uc637399.1,uc637399,1,0.9874472961184956,0.2193931022920578,LV,0.0,0
3,uc637397.1,uc637397,1,0.9919141114318124,0.2193931022920578,LV,0.0,0
3,uc1137150.1,uc1137150,1,0.9955144000043695,0.2193931022920578,LV,0.0,0
3,uc1636598.1,uc1636598,1,0.0,0.1270170592217177,LV,0.95,1
3,uc636933.1,uc636933,1,0.9972059838520544,0.2193931022920578,LV,0.0,0
3,uc635963.1,uc635963,1,0.9949373607636778,0.2193931022920578,LV,0.0,0
3,uc635543.1,uc635543,1,0.9941900209326378,0.2193931022920578,LV,0.0,0
3,uc635966.1,uc635966,1,0.9941847987431051,0.2193931022920578,LV,0.0,0
3,uc635550.1,uc635550,1,0.9953720857562026,0.2193931022920578,LV,0.0,0
3,uc635862.1,uc635862,1,0.9932781309253931,0.2193931022920578,LV,0.0,0
3,uc1635694.1,uc1635694,1,1.0019032015301532,0.2193931022920578,LV,0.0,0
3,uc3435739.1,uc3435739,1,0.9943470804309072,0.2193931022920578,LV,0.0,0
3,uc1635060.1,uc1635060,1,0.9982352727069859,0.2193931022920578,LV,0.0,0
3,uc1607271.1,uc1607271,1,0.9990121056425477,0.2193931022920578,LV,0.0,0
3,uc605884.1,uc605884,1,0.9967341148392929,0.2193931022920578,LV,0.0,0
3,uc1609690.1,uc1609690,1,0.9999456108182527,0.2193931022920578,LV,0.0,0
3,uc1134165.1,uc1134165,1,0.9917993154930458,0.2193931022920578,LV,0.0,0
3,uc634166.1,uc634166,1,0.9977295698733347,0.2193931022920578,LV,0.0,0
3,uc1633896.1,uc1633896,1,0.9989480147753212,0.2193931022920578,LV,0.0,0
3,uc3433894.1,uc3433894,1,0.9956019352691275,0.2193931022920578,LV,0.0,0
3,uc1633892.1,uc1633892,1,0.9999441841329546,0.2193931022920578,LV,0.0,0
3,uc633672.1,uc633672,1,0.9989334437757941,0.2193931022920578,LV,0.0,0
3,uc1633671.1,uc1633671,1,0.9938414820494088,0.2193931022920578,LV,0.0,0
3,uc1632306.1,uc1632306,1,0.9986638882662408,0.2193931022920578,LV,0.0,0
3,uc632607.1,uc632607,1,0.9820098896034304,0.2193931022920578,LV,0.0,0
3,uc632613.1,uc632613,1,0.99555192402785,0.2193931022920578,LV,0.0,0
3,uc3432407.1,uc3432407,1,0.9948908449923703,0.2193931022920578,LV,0.0,0
3,uc1632402.1,uc1632402,1,0.9929395035171652,0.2193931022920578,LV,0.0,0
3,uc1132019.1,uc1132019,1,0.9945999783507483,0.2193931022920578,LV,0.0,0
3,uc632016.1,uc632016,1,0.9975477616905107,0.2193931022920578,LV,0.0,0
3,uc1132015.1,uc1132015,1,0.9929276714760293,0.2193931022920578,LV,0.0,0
3,uc1132012.1,uc1132012,1,0.9966811048100478,0.2193931022920578,LV,0.0,0
3,uc631859.1,uc631859,1,0.9974784049834501,0.2193931022920578,LV,0.0,0
3,uc1631852.1,uc1631852,1,0.9970686228068545,0.2193931022920578,LV,0.0,0
3,uc1130761.1,uc1130761,1,0.9906541508496257,0.2193931022920578,LV,0.0,0
3,uc1630759.1,uc1630759,1,0.9923621304601339,0.2193931022920578,LV,0.0,0
3,uc630758.1,uc630758,1,0.9950680182226579,0.2193931022920578,LV,0.0,0
3,uc629428.1,uc629428,1,0.9974475573817358,0.2193931022920578,LV,0.0,0
3,uc1629639.1,uc1629639,1,1.0002657044312133,0.2193931022920578,LV,0.0,0
3,uc1229546.1,uc1229546,1,0.99481983042749,0.2193931022920578,LV,0.0,0
3,uc628768.1,uc628768,1,0.9961025546973631,0.2193931022920578,LV,0.0,0
3,uc628757.1,uc628757,1,0.9995996469894297,0.2193931022920578,LV,0.0,0
3,uc628766.1,uc628766,1,0.9977799538261415,0.2193931022920578,LV,0.0,0
3,uc628753.1,uc628753,1,1.0003260785602892,0.2193931022920578,LV,0.0,0
3,uc627346.1,uc627346,1,0.9978632696224334,0.2193931022920578,LV,0.0,0
3,uc1628760.1,uc1628760,1,1.0003511827347842,0.2193931022920578,LV,0.0,0
3,uc1629422.1,uc1629422,1,0.994654608567997,0.2193931022920578,LV,0.0,0
3,uc626699.1,uc626699,1,0.9984780347494988,0.2193931022920578,LV,0.0,0
3,60651.2,60651,2,0.9966447930103627,13.336791218280357,MV,0.0,0
3,60721.2,60721,2,0.9966161887800347,13.336791218280357,MV,0.0,0
3,164151.2,164151,2,0.9968844069478495,13.336791218280357,MV,0.0,0
3,302191.2,302191,2,0.9946451066380637,13.336791218280357,MV,0.0,0
3,320841.2,320841,2,0.9956442566062856,13.336791218280357,MV,0.0,0
3,337711.2,337711,2,0.9946700362707445,13.336791218280357,MV,0.0,0
3,358691.2,358691,2,0.9992924555287226,13.336791218280357,MV,0.0,0
3,et6_1177.2,et6_1177,2,0.9957892875105325,0.2193931022920578,LV,0.0,0
3,461501.2,461501,2,0.9968453064586646,13.336791218280357,MV,0.0,0
3,686891.2,686891,2,0.996166608737521,13.336791218280357,MV,0.0,0
3,703601.2,703601,2,0.9969635481170023,13.336791218280357,MV,0.0,0
3,713791.2,713791,2,0.9960854127764199,13.336791218280357,MV,0.0,0
3,725731.2,725731,2,0.9958065108865432,13.336791218280357,MV,0.0,0
3,809501.2,809501,2,0.9963131506748999,13.336791218280357,MV,0.0,0
3,811221.2,811221,2,0.996898516305025,13.336791218280357,MV,0.0,0
3,815111.2,815111,2,0.994642638390061,13.336791218280357,MV,0.0,0
3,822371.2,822371,2,0.9959022526883119,13.336791218280357,MV,0.0,0
3,820611.2,820611,2,0.9965287324783102,13.336791218280357,MV,0.0,0
3,822641.2,822641,2,0.9959574409945013,13.336791218280357,MV,0.0,0
3,618431.2,618431,2,0.996645019301743,13.336791218280357,MV,0.0,0
3,bt10401.2,bt10401,2,0.9897171006043455,0.2193931022920578,LV,0.0,0
3,bt197792.2,bt197792,2,0.9894575384242146,0.2193931022920578,LV,0.0,0
3,bt800551.2,bt800551,2,0.9894575384465323,0.2193931022920578,LV,0.0,0
3,bt295341.2,bt295341,2,0.988970802418314,0.2193931022920578,LV,0.0,0
3,bt800541.2,bt800541,2,0.9892101607691973,0.2193931022920578,LV,0.0,0
3,bt295361.2,bt295361,2,0.988585039077855,0.2193931022920578,LV,0.0,0
3,bt474991.2,bt474991,2,0.9884729227249431,0.2193931022920578,LV,0.0,0
3,uc1627323.2,uc1627323,2,0.9900720286270178,0.2193931022920578,LV,0.0,0
3,uc3405987.2,uc3405987,2,0.9919449635510834,0.2193931022920578,LV,0.0,0
3,uc3405846.2,uc3405846,2,0.9934479301043554,0.2193931022920578,LV,0.0,0
3,uc3405847.2,uc3405847,2,0.992416876444075,0.2193931022920578,LV,0.0,0
3,uc3405838.2,uc3405838,2,0.9912393132942725,0.2193931022920578,LV,0.0,0
3,uc1607326.2,uc1607326,2,0.991200085029625,0.2193931022920578,LV,0.0,0
3,uc1607316.2,uc1607316,2,0.9893763214475647,0.2193931022920578,LV,0.0,0
3,uc1607308.2,uc1607308,2,0.994288456208239,0.2193931022920578,LV,0.0,0
3,uc1623434.2,uc1623434,2,0.0,0.1270170592217177,LV,0.95,1
3,uc1620373.2,uc1620373,2,0.9937632256232423,0.2193931022920578,LV,0.0,0
3,uc1607302.2,uc1607302,2,0.9936679725857536,0.2193931022920578,LV,0.0,0
3,uc1607304.2,uc1607304,2,0.9935842245806634,0.2193931022920578,LV,0.0,0
3,uc1607306.2,uc1607306,2,0.9939267843516661,0.2193931022920578,LV,0.0,0
3,uc1607299.2,uc1607299,2,0.9939500946422629,0.2193931022920578,LV,0.0,0
3,uc1607297.2,uc1607297,2,0.9961087534370561,0.2193931022920578,LV,0.0,0
3,uc1607298.2,uc1607298,2,0.9940664725319083,0.2193931022920578,LV,0.0,0
3,uc1607289.2,uc1607289,2,0.9972718848477847,0.2193931022920578,LV,0.0,0
3,uc1607291.2,uc1607291,2,0.9958171019191882,0.2193931022920578,LV,0.0,0
3,uc1607292.2,uc1607292,2,0.9954725391673355,0.2193931022920578,LV,0.0,0
3,uc1607280.2,uc1607280,2,0.9929157928384424,0.2193931022920578,LV,0.0,0
3,uc1607284.2,uc1607284,2,0.9930330460442919,0.2193931022920578,LV,0.0,0
3,uc1607285.2,uc1607285,2,0.9929611495061864,0.2193931022920578,LV,0.0,0
3,uc1607288.2,uc1607288,2,0.9931285233141168,0.2193931022920578,LV,0.0,0
3,uc1607279.2,uc1607279,2,0.993633294021212,0.2193931022920578,LV,0.0,0
3,uc1607355.2,uc1607355,2,0.9941712980451146,0.2193931022920578,LV,0.0,0
3,uc1607357.2,uc1607357,2,0.9969670203680634,0.2193931022920578,LV,0.0,0
3,uc1607358.2,uc1607358,2,0.995486137315086,0.2193931022920578,LV,0.0,0
3,uc1607368.2,uc1607368,2,0.0,0.1270170592217177,LV,0.95,1
3,uc1607276.2,uc1607276,2,0.9994973357031617,0.2193931022920578,LV,0.0,0
3,uc1607278.2,uc1607278,2,1.0002399686082757,0.2193931022920578,LV,0.0,0
3,uc1607273.2,uc1607273,2,0.999296669205156,0.2193931022920578,LV,0.0,0
3,uc1607328.2,uc1607328,2,0.9908889031846774,0.2193931022920578,LV,0.0,0
3,uc1607347.2,uc1607347,2,0.9930968149917102,0.2193931022920578,LV,0.0,0
3,uc1607350.2,uc1607350,2,0.9953338525417035,0.2193931022920578,LV,0.0,0
3,uc1107341.2,uc1107341,2,0.9919606137760665,0.2193931022920578,LV,0.0,0
3,uc1107333.2,uc1107333,2,0.9930599888529773,0.2193931022920578,LV,0.0,0
3,uc1607268.2,uc1607268,2,0.9991224346418807,0.2193931022920578,LV,0.0,0
3,uc1607252.2,uc1607252,2,0.9932423951667769,0.2193931022920578,LV,0.0,0
3,uc1606000.2,uc1606000,2,0.9928667042672077,0.2193931022920578,LV,0.0,0
3,uc1607255.2,uc1607255,2,0.9938638418095579,0.2193931022920578,LV,0.0,0
3,uc1607258.2,uc1607258,2,0.993248089128034,0.2193931022920578,LV,0.0,0
3,uc1124041.2,uc1124041,2,0.9936856532667211,0.2193931022920578,LV,0.0,0
3,uc1124340.2,uc1124340,2,0.9926564008579686,0.2193931022920578,LV,0.0,0
3,uc1121173.2,uc1121173,2,0.9931230857801913,0.2193931022920578,LV,0.0,0
3,uc1107345.2,uc1107345,2,0.9926427164308749,0.2193931022920578,LV,0.0,0
3,uc605816.2,uc605816,2,0.9909122755782674,0.2193931022920578,LV,0.0,0
3,uc605812.2,uc605812,2,0.9884973158103891,0.2193931022920578,LV,0.0,0
3,uc605813.2,uc605813,2,0.995660013699953,0.2193931022920578,LV,0.0,0
3,uc609685.2,uc609685,2,0.997790205397473,0.2193931022920578,LV,0.0,0
3,uc609688.2,uc609688,2,0.9942006415266146,0.2193931022920578,LV,0.0,0
3,uc621168.2,uc621168,2,0.9951781830421786,0.2193931022920578,LV,0.0,0
3,uc621171.2,uc621171,2,0.9937847541157426,0.2193931022920578,LV,0.0,0
3,uc605810.2,uc605810,2,0.9969193587314424,0.2193931022920578,LV,0.0,0
3,uc605807.2,uc605807,2,0.9897025990703492,0.2193931022920578,LV,0.0,0
3,uc605801.2,uc605801,2,0.9934903788617007,0.2193931022920578,LV,0.0,0
3,uc607384.2,uc607384,2,0.993697767566201,0.2193931022920578,LV,0.0,0
3,uc607385.2,uc607385,2,0.9914053725061664,0.2193931022920578,LV,0.0,0
3,uc609682.2,uc609682,2,0.9907453052159313,0.2193931022920578,LV,0.0,0
3,uc609683.2,uc609683,2,0.9968017567058407,0.2193931022920578,LV,0.0,0
3,uc607377.2,uc607377,2,0.9979762572800392,0.2193931022920578,LV,0.0,0
3,uc607382.2,uc607382,2,0.9960380709526343,0.2193931022920578,LV,0.0,0
3,uc606117.2,uc606117,2,0.9949324566127262,0.2193931022920578,LV,0.0,0
3,uc606120.2,uc606120,2,0.9946728126631665,0.2193931022920578,LV,0.0,0
3,uc623433.2,uc623433,2,0.9895620735205792,0.2193931022920578,LV,0.0,0
3,uc623007.2,uc623007,2,0.9955707994909428,0.2193931022920578,LV,0.0,0
3,uc606147.2,uc606147,2,0.9942156712838026,0.2193931022920578,LV,0.0,0
3,uc606148.2,uc606148,2,1.0002026296458713,0.2193931022920578,LV,0.0,0
3,uc606150.2,uc606150,2,0.9980706060781124,0.2193931022920578,LV,0.0,0
3,uc606109.2,uc606109,2,0.993982785852077,0.2193931022920578,LV,0.0,0
3,uc606110.2,uc606110,2,0.9935601585925882,0.2193931022920578,LV,0.0,0
3,uc606111.2,uc606111,2,0.9948792042135954,0.2193931022920578,LV,0.0,0
3,uc622720.2,uc622720,2,0.9951096180651918,0.2193931022920578,LV,0.0,0
3,uc623004.2,uc623004,2,0.9905059103584543,0.2193931022920578,LV,0.0,0
3,uc606103.2,uc606103,2,0.9951170159779946,0.2193931022920578,LV,0.0,0
3,uc606139.2,uc606139,2,0.9942194945894273,0.2193931022920578,LV,0.0,0
3,uc606143.2,uc606143,2,0.9957728879695721,0.2193931022920578,LV,0.0,0
3,uc605921.2,uc605921,2,0.9957445159641839,0.2193931022920578,LV,0.0,0
3,uc605915.2,uc605915,2,0.9947140392528679,0.2193931022920578,LV,0.0,0
3,uc606101.2,uc606101,2,0.9949525362996039,0.2193931022920578,LV,0.0,0
3,uc622273.2,uc622273,2,0.9950585051195808,0.2193931022920578,LV,0.0,0
3,uc605990.2,uc605990,2,0.9889707676223185,0.2193931022920578,LV,0.0,0
3,uc606130.2,uc606130,2,0.9968325700288795,0.2193931022920578,LV,0.0,0
3,uc606132.2,uc606132,2,0.9937632041725619,0.2193931022920578,LV,0.0,0
3,uc622258.2,uc622258,2,0.996979396605025,0.2193931022920578,LV,0.0,0
3,uc622270.2,uc622270,2,0.999114959327775,0.2193931022920578,LV,0.0,0
3,uc605905.2,uc605905,2,0.9934470920075563,0.2193931022920578,LV,0.0,0
3,uc605909.2,uc605909,2,0.997823235114885,0.2193931022920578,LV,0.0,0
3,uc605910.2,uc605910,2,0.9947796582454105,0.2193931022920578,LV,0.0,0
3,uc605911.2,uc605911,2,0.9952393158238303,0.2193931022920578,LV,0.0,0
3,uc606128.2,uc606128,2,0.9961281669265276,0.2193931022920578,LV,0.0,0
3,uc605904.2,uc605904,2,0.9934980401050386,0.2193931022920578,LV,0.0,0
3,uc1239552.2,uc1239552,2,0.994022896136994,0.2193931022920578,LV,0.0,0
3,uc605817.2,uc605817,2,0.9960400713607414,0.2193931022920578,LV,0.0,0
3,uc605819.2,uc605819,2,0.9942872355188197,0.2193931022920578,LV,0.0,0
3,uc605820.2,uc605820,2,0.9912423482446489,0.2193931022920578,LV,0.0,0
3,uc605821.2,uc605821,2,0.9913889514737574,0.2193931022920578,LV,0.0,0
3,uc605822.2,uc605822,2,0.9911513633382245,0.2193931022920578,LV,0.0,0
3,uc639280.2,uc639280,2,0.9940607025485758,0.2193931022920578,LV,0.0,0
3,uc605898.2,uc605898,2,0.9961942529522185,0.2193931022920578,LV,0.0,0
3,uc605902.2,uc605902,2,0.9937425255943823,0.2193931022920578,LV,0.0,0
3,uc605982.2,uc605982,2,0.9896307191227125,0.2193931022920578,LV,0.0,0
3,uc605988.2,uc605988,2,0.9885321624369211,0.2193931022920578,LV,0.0,0
3,uc606126.2,uc606126,2,0.9947896851038345,0.2193931022920578,LV,0.0,0
3,uc606127.2,uc606127,2,0.994019869768478,0.2193931022920578,LV,0.0,0
3,uc605896.2,uc605896,2,0.9900745929485948,0.2193931022920578,LV,0.0,0
3,uc606121.2,uc606121,2,0.9936721254585726,0.2193931022920578,LV,0.0,0
3,uc606122.2,uc606122,2,0.9920060375486996,0.2193931022920578,LV,0.0,0
3,uc606123.2,uc606123,2,0.9938451100215724,0.2193931022920578,LV,0.0,0
3,uc622709.2,uc622709,2,0.9952990567549973,0.2193931022920578,LV,0.0,0
3,uc639277.2,uc639277,2,0.991467931577789,0.2193931022920578,LV,0.0,0
3,uc1139390.2,uc1139390,2,0.9939863690790721,0.2193931022920578,LV,0.0,0
3,uc605864.2,uc605864,2,0.9914398505485206,0.2193931022920578,LV,0.0,0
3,uc605865.2,uc605865,2,0.9912070957939119,0.2193931022920578,LV,0.0,0
3,uc638617.2,uc638617,2,0.9909560291498462,0.2193931022920578,LV,0.0,0
3,uc605855.2,uc605855,2,0.991692272963313,0.2193931022920578,LV,0.0,0
3,uc1638606.2,uc1638606,2,0.9981227683844804,0.2193931022920578,LV,0.0,0
3,uc1638954.2,uc1638954,2,0.999107844191626,0.2193931022920578,LV,0.0,0
3,uc605836.2,uc605836,2,0.9848215172427759,0.2193931022920578,LV,0.0,0
3,uc1607303.2,uc1607303,2,0.9951571156306215,0.2193931022920578,LV,0.0,0
3,uc637705.2,uc637705,2,0.9926240591202057,0.2193931022920578,LV,0.0,0
3,uc1637704.2,uc1637704,2,1.0023037904599095,0.2193931022920578,LV,0.0,0
3,uc637576.2,uc637576,2,0.9937773313053192,0.2193931022920578,LV,0.0,0
3,uc637918.2,uc637918,2,0.9936305294923321,0.2193931022920578,LV,0.0,0
3,uc637360.2,uc637360,2,0.9937884144887063,0.2193931022920578,LV,0.0,0
3,uc637397.2,uc637397,2,0.9916756462738974,0.2193931022920578,LV,0.0,0
3,uc636933.2,uc636933,2,0.9940683844288375,0.2193931022920578,LV,0.0,0
3,uc605908.2,uc605908,2,0.9983164656823313,0.2193931022920578,LV,0.0,0
3,uc635963.2,uc635963,2,0.9947346944435674,0.2193931022920578,LV,0.0,0
3,uc635543.2,uc635543,2,0.9939872524141604,0.2193931022920578,LV,0.0,0
3,uc635966.2,uc635966,2,0.9939820307098292,0.2193931022920578,LV,0.0,0
3,uc627328.2,uc627328,2,0.9883483593342803,0.2193931022920578,LV,0.0,0
3,uc635550.2,uc635550,2,0.995179164560809,0.2193931022920578,LV,0.0,0
3,uc635862.2,uc635862,2,0.9930400192666085,0.2193931022920578,LV,0.0,0
3,uc3435739.2,uc3435739,2,0.9918306333242489,0.2193931022920578,LV,0.0,0
3,uc634166.2,uc634166,2,0.9969386128480192,0.2193931022920578,LV,0.0,0
3,uc1633671.2,uc1633671,2,0.9955315631749388,0.2193931022920578,LV,0.0,0
3,uc633056.2,uc633056,2,0.9967267945270742,0.2193931022920578,LV,0.0,0
3,uc632607.2,uc632607,2,0.9817679342772201,0.2193931022920578,LV,0.0,0
3,uc1632402.2,uc1632402,2,0.9942938752124915,0.2193931022920578,LV,0.0,0
3,uc1131858.2,uc1131858,2,0.9920260434984646,0.2193931022920578,LV,0.0,0
3,uc631391.2,uc631391,2,0.984885992702164,0.2193931022920578,LV,0.0,0
3,uc1630759.2,uc1630759,2,0.9936849434199851,0.2193931022920578,LV,0.0,0
3,uc630758.2,uc630758,2,0.9918846843426351,0.2193931022920578,LV,0.0,0
3,uc630753.2,uc630753,2,0.9913171767101263,0.2193931022920578,LV,0.0,0
3,uc628766.2,uc628766,2,0.9968393830771093,0.2193931022920578,LV,0.0,0
3,uc627346.2,uc627346,2,0.9974201784072799,0.2193931022920578,LV,0.0,0
3,uc1629422.2,uc1629422,2,0.9933097904997995,0.2193931022920578,LV,0.0,0
3,60651.3,60651,3,0.9966468248247449,13.336791218280357,MV,0.0,0
3,60721.3,60721,3,0.9966182194117859,13.336791218280357,MV,0.0,0
3,164151.3,164151,3,0.9968864542301543,13.336791218280357,MV,0.0,0
3,302191.3,302191,3,0.994654214792161,13.336791218280357,MV,0.0,0
3,320841.3,320841,3,0.9956336111997651,13.336791218280357,MV,0.0,0
3,337711.3,337711,3,0.9946791484459887,13.336791218280357,MV,0.0,0
3,358691.3,358691,3,0.9992390842412594,13.336791218280357,MV,0.0,0
3,et6_1177.3,et6_1177,3,0.9947359615543443,0.2193931022920578,LV,0.0,0
3,461501.3,461501,3,0.9968301645213543,13.336791218280357,MV,0.0,0
3,686891.3,686891,3,0.9961590039806545,13.336791218280357,MV,0.0,0
3,703601.3,703601,3,0.9969659974871857,13.336791218280357,MV,0.0,0
3,713791.3,713791,3,0.9960749854848353,13.336791218280357,MV,0.0,0
3,725731.3,725731,3,0.995795859311263,13.336791218280357,MV,0.0,0
3,809501.3,809501,3,0.9963069820190043,13.336791218280357,MV,0.0,0
3,811221.3,811221,3,0.9969006322095303,13.336791218280357,MV,0.0,0
3,815111.3,815111,3,0.9946517461416915,13.336791218280357,MV,0.0,0
3,822371.3,822371,3,0.9958916281144237,13.336791218280357,MV,0.0,0
3,820611.3,820611,3,0.9965279658782638,13.336791218280357,MV,0.0,0
3,822641.3,822641,3,0.9959434736354777,13.336791218280357,MV,0.0,0
3,618431.3,618431,3,0.9966470511293464,13.336791218280357,MV,0.0,0
3,bt10401.3,bt10401,3,0.9913626729536368,0.2193931022920578,LV,0.0,0
3,bt197792.3,bt197792,3,0.99099121479258,0.2193931022920578,LV,0.0,0
3,bt800551.3,bt800551,3,0.9910558385406677,0.2193931022920578,LV,0.0,0
3,bt295341.3,bt295341,3,0.9909028239197252,0.2193931022920578,LV,0.0,0
3,bt800541.3,bt800541,3,0.9909398171597147,0.2193931022920578,LV,0.0,0
3,bt295361.3,bt295361,3,0.9909028246079544,0.2193931022920578,LV,0.0,0
3,bt474991.3,bt474991,3,0.99090282507901,0.2193931022920578,LV,0.0,0
3,uc627336.3,uc627336,3,0.9955672114850663,0.2193931022920578,LV,0.0,0
3,uc1620373.3,uc1620373,3,0.9945344546876517,0.2193931022920578,LV,0.0,0
3,uc1607302.3,uc1607302,3,0.994411730925575,0.2193931022920578,LV,0.0,0
3,uc1607304.3,uc1607304,3,0.9943544442709609,0.2193931022920578,LV,0.0,0
3,uc1607298.3,uc1607298,3,0.9950205802709273,0.2193931022920578,LV,0.0,0
3,uc1607280.3,uc1607280,3,0.993572177953595,0.2193931022920578,LV,0.0,0
3,uc1607285.3,uc1607285,3,0.9942806197056312,0.2193931022920578,LV,0.0,0
3,uc1607279.3,uc1607279,3,0.9942899267747336,0.2193931022920578,LV,0.0,0
3,uc1607347.3,uc1607347,3,0.9938677997492222,0.2193931022920578,LV,0.0,0
3,uc1124340.3,uc1124340,3,0.9941385590056997,0.2193931022920578,LV,0.0,0
3,uc605816.3,uc605816,3,0.991833948789961,0.2193931022920578,LV,0.0,0
3,uc605815.3,uc605815,3,0.9929269817887301,0.2193931022920578,LV,0.0,0
3,uc621171.3,uc621171,3,0.9942294131675332,0.2193931022920578,LV,0.0,0
3,uc607384.3,uc607384,3,0.9941450785387494,0.2193931022920578,LV,0.0,0
3,uc606117.3,uc606117,3,0.9953774936785732,0.2193931022920578,LV,0.0,0
3,uc606120.3,uc606120,3,0.9951177700260906,0.2193931022920578,LV,0.0,0
3,uc623007.3,uc623007,3,0.994517439397227,0.2193931022920578,LV,0.0,0
3,uc605867.3,uc605867,3,0.9929175670513533,0.2193931022920578,LV,0.0,0
3,uc606150.3,uc606150,3,0.998174387057273,0.2193931022920578,LV,0.0,0
3,uc606109.3,uc606109,3,0.994427514029846,0.2193931022920578,LV,0.0,0
3,uc606110.3,uc606110,3,0.9940047823134708,0.2193931022920578,LV,0.0,0
3,uc606111.3,uc606111,3,0.9953242214603812,0.2193931022920578,LV,0.0,0
3,uc622722.3,uc622722,3,0.9932145574854641,0.2193931022920578,LV,0.0,0
3,uc623004.3,uc623004,3,0.9925080134284552,0.2193931022920578,LV,0.0,0
3,uc606101.3,uc606101,3,0.9953879661812116,0.2193931022920578,LV,0.0,0
3,uc606132.3,uc606132,3,0.994216624053044,0.2193931022920578,LV,0.0,0
3,uc605910.3,uc605910,3,0.9952212691842443,0.2193931022920578,LV,0.0,0
3,uc605911.3,uc605911,3,0.995681088647971,0.2193931022920578,LV,0.0,0
3,uc605904.3,uc605904,3,0.9955495112757683,0.2193931022920578,LV,0.0,0
3,uc1239552.3,uc1239552,3,0.9947942944771202,0.2193931022920578,LV,0.0,0
3,uc605821.3,uc605821,3,0.9934291639778003,0.2193931022920578,LV,0.0,0
3,uc639280.3,uc639280,3,0.994616026583103,0.2193931022920578,LV,0.0,0
3,uc605898.3,uc605898,3,0.9956908211657854,0.2193931022920578,LV,0.0,0
3,uc605902.3,uc605902,3,0.9941418869417853,0.2193931022920578,LV,0.0,0
3,uc606126.3,uc606126,3,0.9952439048403862,0.2193931022920578,LV,0.0,0
3,uc606127.3,uc606127,3,0.9944738140082547,0.2193931022920578,LV,0.0,0
3,uc606121.3,uc606121,3,0.9941161353683065,0.2193931022920578,LV,0.0,0
3,uc606122.3,uc606122,3,0.9924489839807024,0.2193931022920578,LV,0.0,0
3,uc639277.3,uc639277,3,0.9935081937309763,0.2193931022920578,LV,0.0,0
3,uc1139390.3,uc1139390,3,0.9947577390718766,0.2193931022920578,LV,0.0,0
3,uc637576.3,uc637576,3,0.9942293240728772,0.2193931022920578,LV,0.0,0
3,uc637918.3,uc637918,3,0.9941857330457115,0.2193931022920578,LV,0.0,0
3,uc637360.3,uc637360,3,0.9942329579178041,0.2193931022920578,LV,0.0,0
3,uc637397.3,uc637397,3,0.9925944029902428,0.2193931022920578,LV,0.0,0
3,uc635963.3,uc635963,3,0.9951796748673368,0.2193931022920578,LV,0.0,0
3,uc635543.3,uc635543,3,0.9944319737355335,0.2193931022920578,LV,0.0,0
3,uc635966.3,uc635966,3,0.9944267508488951,0.2193931022920578,LV,0.0,0
3,uc635550.3,uc635550,3,0.9956344327804141,0.2193931022920578,LV,0.0,0
3,uc635862.3,uc635862,3,0.9930229157771898,0.2193931022920578,LV,0.0,0
3,uc1633671.3,uc1633671,3,0.9955994012641161,0.2193931022920578,LV,0.0,0
3,uc632607.3,uc632607,3,0.9826850990902505,0.2193931022920578,LV,0.0,0
3,uc1629422.3,uc1629422,3,0.9952555793286374,0.2193931022920578,LV,0.0,0
4,60651.1,60651,1,0.9961685353502392,13.336791218280357,MV,0.0,0
4,60721.1,60721,1,0.9961401201331637,13.336791218280357,MV,0.0,0
4,164151.1,164151,1,0.996406528142878,13.336791218280357,MV,0.0,0
4,302191.1,302191,1,0.9937363984302496,13.336791218280357,MV,0.0,0
4,320841.1,320841,1,0.9950716977746074,13.336791218280357,MV,0.0,0
4,337711.1,337711,1,0.9937611462864249,13.336791218280357,MV,0.0,0
4,358691.1,358691,1,0.9990846089354602,13.336791218280357,MV,0.0,0
4,et6_1177.1,et6_1177,1,0.9959571928242134,0.2193931022920578,LV,0.0,0
4,461501.1,461501,1,0.9962934781410625,13.336791218280357,MV,0.0,0
4,686891.1,686891,1,0.9956100224493047,13.336791218280357,MV,0.0,0
4,703601.1,703601,1,0.996490456170322,13.336791218280357,MV,0.0,0
4,713791.1,713791,1,0.9955108496479543,13.336791218280357,MV,0.0,0
4,725731.1,725731,1,0.9952327009928357,13.336791218280357,MV,0.0,0
4,809501.1,809501,1,0.9957581807663263,13.336791218280357,MV,0.0,0
4,811221.1,811221,1,0.9964214126582807,13.336791218280357,MV,0.0,0
4,815111.1,815111,1,0.9937339641377066,13.336791218280357,MV,0.0,0
4,822371.1,822371,1,0.995328073011442,13.336791218280357,MV,0.0,0
4,820611.1,820611,1,0.996025218804342,13.336791218280357,MV,0.0,0
4,822641.1,822641,1,0.9953750500436342,13.336791218280357,MV,0.0,0
4,618431.1,618431,1,0.9961687602375192,13.336791218280357,MV,0.0,0
4,bt10401.1,bt10401,1,0.9884951416127089,0.2193931022920578,LV,0.0,0
4,bt197792.1,bt197792,1,0.9877315548102583,0.2193931022920578,LV,0.0,0
4,bt800551.1,bt800551,1,0.9878406427418974,0.2193931022920578,LV,0.0,0
4,bt295341.1,bt295341,1,0.9868141485175744,0.2193931022920578,LV,0.0,0
4,bt800541.1,bt800541,1,0.9873011313931588,0.2193931022920578,LV,0.0,0
4,bt295361.1,bt295361,1,0.9863491023109494,0.2193931022920578,LV,0.0,0
4,bt474991.1,bt474991,1,0.9859828865796366,0.2193931022920578,LV,0.0,0
4,uc626695.1,uc626695,1,0.983147232559484,0.2193931022920578,LV,0.0,0
4,uc1627323.1,uc1627323,1,0.994062462052369,0.2193931022920578,LV,0.0,0
4,uc1627342.1,uc1627342,1,0.9998756678971595,0.2193931022920578,LV,0.0,0
4,uc627343.1,uc627343,1,0.9972483280818842,0.2193931022920578,LV,0.0,0
4,uc627344.1,uc627344,1,0.9980282569754784,0.2193931022920578,LV,0.0,0
4,uc1626672.1,uc1626672,1,0.0,0.1270170592217177,LV,0.95,1
4,uc1626490.1,uc1626490,1,0.9942584332987371,0.2193931022920578,LV,0.0,0
4,uc3422706.1,uc3422706,1,0.996558554434197,0.2193931022920578,LV,0.0,0
4,uc3425629.1,uc3425629,1,0.9966000886153328,0.2193931022920578,LV,0.0,0
4,uc3422597.1,uc3422597,1,0.9948798965557949,0.2193931022920578,LV,0.0,0
4,uc3405843.1,uc3405843,1,0.9951634042528489,0.2193931022920578,LV,0.0,0
4,uc3405844.1,uc3405844,1,0.9950448697460603,0.2193931022920578,LV,0.0,0
4,uc3405845.1,uc3405845,1,0.9950145405068033,0.2193931022920578,LV,0.0,0
4,uc3405846.1,uc3405846,1,0.9953158433789786,0.2193931022920578,LV,0.0,0
4,uc1626486.1,uc1626486,1,0.9998466444470347,0.2193931022920578,LV,0.0,0
4,uc1626487.1,uc1626487,1,0.9951153024990913,0.2193931022920578,LV,0.0,0
4,uc626481.1,uc626481,1,0.9962578009812564,0.2193931022920578,LV,0.0,0
4,uc626678.1,uc626678,1,0.9938566726080068,0.2193931022920578,LV,0.0,0
4,uc626698.1,uc626698,1,0.997547904236506,0.2193931022920578,LV,0.0,0
4,uc626476.1,uc626476,1,0.9922246014816298,0.2193931022920578,LV,0.0,0
4,uc1627321.1,uc1627321,1,0.9996788353286025,0.2193931022920578,LV,0.0,0
4,uc1607319.1,uc1607319,1,0.9943114190103912,0.2193931022920578,LV,0.0,0
4,uc1607308.1,uc1607308,1,0.9952834892690825,0.2193931022920578,LV,0.0,0
4,uc1624026.1,uc1624026,1,0.0,0.1270170592217177,LV,0.95,1
4,uc1625170.1,uc1625170,1,0.9979167720908049,0.2193931022920578,LV,0.0,0
4,uc1621994.1,uc1621994,1,0.9995866694637627,0.2193931022920578,LV,0.0,0
4,uc1620360.1,uc1620360,1,0.999276847691464,0.2193931022920578,LV,0.0,0
4,uc1620373.1,uc1620373,1,0.9939604967325056,0.2193931022920578,LV,0.0,0
4,uc1607302.1,uc1607302,1,0.9938549445767485,0.2193931022920578,LV,0.0,0
4,uc1607304.1,uc1607304,1,0.992980227727291,0.2193931022920578,LV,0.0,0
4,uc1607305.1,uc1607305,1,0.9926687849738125,0.2193931022920578,LV,0.0,0
4,uc1607306.1,uc1607306,1,0.9949177994477089,0.2193931022920578,LV,0.0,0
4,uc1607297.1,uc1607297,1,0.9970736573663141,0.2193931022920578,LV,0.0,0
4,uc1607298.1,uc1607298,1,0.9944761806019351,0.2193931022920578,LV,0.0,0
4,uc1607289.1,uc1607289,1,0.9976762042108697,0.2193931022920578,LV,0.0,0
4,uc1607290.1,uc1607290,1,0.9977330002476549,0.2193931022920578,LV,0.0,0
4,uc1607291.1,uc1607291,1,0.9971411705740123,0.2193931022920578,LV,0.0,0
4,uc1607280.1,uc1607280,1,0.9930710587341779,0.2193931022920578,LV,0.0,0
4,uc1607283.1,uc1607283,1,0.9909255409841726,0.2193931022920578,LV,0.0,0
4,uc1607285.1,uc1607285,1,0.9921211658850163,0.2193931022920578,LV,0.0,0
4,uc1607287.1,uc1607287,1,0.9945073111144448,0.2193931022920578,LV,0.0,0
4,uc1607288.1,uc1607288,1,0.994540661468446,0.2193931022920578,LV,0.0,0
4,uc1607279.1,uc1607279,1,0.9937963832595788,0.2193931022920578,LV,0.0,0
4,uc1607357.1,uc1607357,1,0.9972569090938396,0.2193931022920578,LV,0.0,0
4,uc1607358.1,uc1607358,1,0.9968225677315418,0.2193931022920578,LV,0.0,0
4,uc1607368.1,uc1607368,1,0.0,0.1270170592217177,LV,0.95,1
4,uc1607277.1,uc1607277,1,0.9980361074095261,0.2193931022920578,LV,0.0,0
4,uc1607278.1,uc1607278,1,1.001409498094344,0.2193931022920578,LV,0.0,0
4,uc1607272.1,uc1607272,1,0.9942671327455265,0.2193931022920578,LV,0.0,0
4,uc1607273.1,uc1607273,1,1.0013294521509057,0.2193931022920578,LV,0.0,0
4,uc1607353.1,uc1607353,1,0.9971712399313416,0.2193931022920578,LV,0.0,0
4,uc1607347.1,uc1607347,1,0.9932899005595132,0.2193931022920578,LV,0.0,0
4,uc1607349.1,uc1607349,1,0.997269131858081,0.2193931022920578,LV,0.0,0
4,uc1107342.1,uc1107342,1,0.992281297015173,0.2193931022920578,LV,0.0,0
4,uc1107340.1,uc1107340,1,0.9916648031218808,0.2193931022920578,LV,0.0,0
4,uc1105833.1,uc1105833,1,0.9958844331112928,0.2193931022920578,LV,0.0,0
4,uc1107330.1,uc1107330,1,0.991258970169716,0.2193931022920578,LV,0.0,0
4,uc1607265.1,uc1607265,1,0.9923830482594415,0.2193931022920578,LV,0.0,0
4,uc1607268.1,uc1607268,1,0.999389610400498,0.2193931022920578,LV,0.0,0
4,uc1607252.1,uc1607252,1,0.9953352818768502,0.2193931022920578,LV,0.0,0
4,uc1605991.1,uc1605991,1,0.9963307366402593,0.2193931022920578,LV,0.0,0
4,uc1605996.1,uc1605996,1,0.9945155764625356,0.2193931022920578,LV,0.0,0
4,uc1607257.1,uc1607257,1,0.996535125866115,0.2193931022920578,LV,0.0,0
4,uc1607258.1,uc1607258,1,0.9953410254512637,0.2193931022920578,LV,0.0,0
4,uc1124340.1,uc1124340,1,0.992634040738816,0.2193931022920578,LV,0.0,0
4,uc605816.1,uc605816,1,0.9911124552828383,0.2193931022920578,LV,0.0,0
4,uc605813.1,uc605813,1,0.9956786431212843,0.2193931022920578,LV,0.0,0
4,uc609684.1,uc609684,1,0.9984124023000833,0.2193931022920578,LV,0.0,0
4,uc609686.1,uc609686,1,0.9986622702971117,0.2193931022920578,LV,0.0,0
4,uc609688.1,uc609688,1,0.9949445999718568,0.2193931022920578,LV,0.0,0
4,uc621168.1,uc621168,1,0.996672310779255,0.2193931022920578,LV,0.0,0
4,uc621171.1,uc621171,1,0.9939845716281686,0.2193931022920578,LV,0.0,0
4,uc605808.1,uc605808,1,0.9988524127224202,0.2193931022920578,LV,0.0,0
4,uc605809.1,uc605809,1,0.9877037745807078,0.2193931022920578,LV,0.0,0
4,uc605810.1,uc605810,1,0.997669643272188,0.2193931022920578,LV,0.0,0
4,uc605970.1,uc605970,1,0.9963251060201127,0.2193931022920578,LV,0.0,0
4,uc605803.1,uc605803,1,0.9966548211031351,0.2193931022920578,LV,0.0,0
4,uc605804.1,uc605804,1,0.9977414111241029,0.2193931022920578,LV,0.0,0
4,uc605806.1,uc605806,1,0.9951430806613467,0.2193931022920578,LV,0.0,0
4,uc607384.1,uc607384,1,0.9938880629275254,0.2193931022920578,LV,0.0,0
4,uc607387.1,uc607387,1,0.9954840053915563,0.2193931022920578,LV,0.0,0
4,uc609682.1,uc609682,1,0.9929552929946763,0.2193931022920578,LV,0.0,0
4,uc624033.1,uc624033,1,0.9997839536810988,0.2193931022920578,LV,0.0,0
4,uc625156.1,uc625156,1,0.9966739190269264,0.2193931022920578,LV,0.0,0
4,uc625624.1,uc625624,1,0.9922322302132024,0.2193931022920578,LV,0.0,0
4,uc625625.1,uc625625,1,0.998573984102886,0.2193931022920578,LV,0.0,0
4,uc607366.1,uc607366,1,0.9876811179637918,0.2193931022920578,LV,0.0,0
4,uc607367.1,uc607367,1,0.997549819241209,0.2193931022920578,LV,0.0,0
4,uc606114.1,uc606114,1,0.9960772579875661,0.2193931022920578,LV,0.0,0
4,uc606117.1,uc606117,1,0.9951446654155868,0.2193931022920578,LV,0.0,0
4,uc606120.1,uc606120,1,0.9948816879583631,0.2193931022920578,LV,0.0,0
4,uc623015.1,uc623015,1,0.9865336945652777,0.2193931022920578,LV,0.0,0
4,uc623432.1,uc623432,1,0.9950677878732138,0.2193931022920578,LV,0.0,0
4,uc624028.1,uc624028,1,0.9958495636403811,0.2193931022920578,LV,0.0,0
4,uc605873.1,uc605873,1,0.9968810872571143,0.2193931022920578,LV,0.0,0
4,uc623007.1,uc623007,1,0.9957363557866975,0.2193931022920578,LV,0.0,0
4,uc606147.1,uc606147,1,0.9964412978004146,0.2193931022920578,LV,0.0,0
4,uc606148.1,uc606148,1,0.9999950044199084,0.2193931022920578,LV,0.0,0
4,uc606150.1,uc606150,1,0.9981259343210279,0.2193931022920578,LV,0.0,0
4,uc606109.1,uc606109,1,0.994184177261285,0.2193931022920578,LV,0.0,0
4,uc606110.1,uc606110,1,0.9937569138263429,0.2193931022920578,LV,0.0,0
4,uc606111.1,uc606111,1,0.9950905994717321,0.2193931022920578,LV,0.0,0
4,uc622777.1,uc622777,1,1.0007823873886426,0.2193931022920578,LV,0.0,0
4,uc623004.1,uc623004,1,0.9914685199239803,0.2193931022920578,LV,0.0,0
4,uc606103.1,uc606103,1,0.9963786970942555,0.2193931022920578,LV,0.0,0
4,uc606139.1,uc606139,1,0.9973351413551667,0.2193931022920578,LV,0.0,0
4,uc606141.1,uc606141,1,0.9955143788852169,0.2193931022920578,LV,0.0,0
4,uc606143.1,uc606143,1,0.9977605944226994,0.2193931022920578,LV,0.0,0
4,uc605921.1,uc605921,1,0.9963094981536564,0.2193931022920578,LV,0.0,0
4,uc622713.1,uc622713,1,0.9953330019811758,0.2193931022920578,LV,0.0,0
4,uc622714.1,uc622714,1,0.996234490972026,0.2193931022920578,LV,0.0,0
4,uc605993.1,uc605993,1,0.9970361458826834,0.2193931022920578,LV,0.0,0
4,uc606101.1,uc606101,1,0.9941414355816143,0.2193931022920578,LV,0.0,0
4,uc606102.1,uc606102,1,0.9931842064929279,0.2193931022920578,LV,0.0,0
4,uc622273.1,uc622273,1,0.9970387814456708,0.2193931022920578,LV,0.0,0
4,uc622703.1,uc622703,1,0.9832087690093155,0.2193931022920578,LV,0.0,0
4,uc605989.1,uc605989,1,0.9980153678134268,0.2193931022920578,LV,0.0,0
4,uc606130.1,uc606130,1,0.9977793727160983,0.2193931022920578,LV,0.0,0
4,uc606132.1,uc606132,1,0.9939516189841553,0.2193931022920578,LV,0.0,0
4,uc605914.1,uc605914,1,1.0021239429190387,0.2193931022920578,LV,0.0,0
4,uc622257.1,uc622257,1,0.9980043129189425,0.2193931022920578,LV,0.0,0
4,uc605909.1,uc605909,1,0.9982615454011785,0.2193931022920578,LV,0.0,0
4,uc605910.1,uc605910,1,0.9949856867859783,0.2193931022920578,LV,0.0,0
4,uc605911.1,uc605911,1,0.9954505978028402,0.2193931022920578,LV,0.0,0
4,uc606128.1,uc606128,1,0.9972101829974102,0.2193931022920578,LV,0.0,0
4,uc605823.1,uc605823,1,0.9916785529063744,0.2193931022920578,LV,0.0,0
4,uc605824.1,uc605824,1,0.9962037625131342,0.2193931022920578,LV,0.0,0
4,uc605904.1,uc605904,1,0.99533234197251,0.2193931022920578,LV,0.0,0
4,uc621999.1,uc621999,1,0.9972095236410038,0.2193931022920578,LV,0.0,0
4,uc639553.1,uc639553,1,0.9941480237657949,0.2193931022920578,LV,0.0,0
4,uc1239552.1,uc1239552,1,0.9942256229962594,0.2193931022920578,LV,0.0,0
4,uc605817.1,uc605817,1,0.9964742144629087,0.2193931022920578,LV,0.0,0
4,uc605819.1,uc605819,1,0.9950320669259711,0.2193931022920578,LV,0.0,0
4,uc605820.1,uc605820,1,0.9950372565463534,0.2193931022920578,LV,0.0,0
4,uc605821.1,uc605821,1,0.9921523619505506,0.2193931022920578,LV,0.0,0
4,uc639280.1,uc639280,1,0.9942129477041737,0.2193931022920578,LV,0.0,0
4,uc605898.1,uc605898,1,0.9956045484719491,0.2193931022920578,LV,0.0,0
4,uc605901.1,uc605901,1,0.9979808702543495,0.2193931022920578,LV,0.0,0
4,uc605902.1,uc605902,1,0.9939214968487912,0.2193931022920578,LV,0.0,0
4,uc605985.1,uc605985,1,0.9928514186577788,0.2193931022920578,LV,0.0,0
4,uc606126.1,uc606126,1,0.9949873872087294,0.2193931022920578,LV,0.0,0
4,uc606127.1,uc606127,1,0.994209756569178,0.2193931022920578,LV,0.0,0
4,uc605896.1,uc605896,1,0.9889333976696577,0.2193931022920578,LV,0.0,0
4,uc606121.1,uc606121,1,0.9938670480150785,0.2193931022920578,LV,0.0,0
4,uc606122.1,uc606122,1,0.9921828216182393,0.2193931022920578,LV,0.0,0
4,uc606123.1,uc606123,1,0.9940345459612882,0.2193931022920578,LV,0.0,0
4,uc606124.1,uc606124,1,0.9979991961505196,0.2193931022920578,LV,0.0,0
4,uc605825.1,uc605825,1,0.9944206742099265,0.2193931022920578,LV,0.0,0
4,uc623427.1,uc623427,1,0.9940345589258452,0.2193931022920578,LV,0.0,0
4,uc609687.1,uc609687,1,0.9989107439329358,0.2193931022920578,LV,0.0,0
4,uc639277.1,uc639277,1,0.9922322302195885,0.2193931022920578,LV,0.0,0
4,uc1139390.1,uc1139390,1,0.994189088490325,0.2193931022920578,LV,0.0,0
4,uc605863.1,uc605863,1,0.9919851264805529,0.2193931022920578,LV,0.0,0
4,uc605865.1,uc605865,1,0.9921746128632202,0.2193931022920578,LV,0.0,0
4,uc1138614.1,uc1138614,1,0.994570952538872,0.2193931022920578,LV,0.0,0
4,uc605855.1,uc605855,1,0.9939122045806021,0.2193931022920578,LV,0.0,0
4,uc605828.1,uc605828,1,0.9924037956095405,0.2193931022920578,LV,0.0,0
4,uc605829.1,uc605829,1,0.9955220562513163,0.2193931022920578,LV,0.0,0
4,uc605834.1,uc605834,1,0.9905656599283271,0.2193931022920578,LV,0.0,0
4,uc605835.1,uc605835,1,0.9906108698610278,0.2193931022920578,LV,0.0,0
4,uc605827.1,uc605827,1,0.9923645557800675,0.2193931022920578,LV,0.0,0
4,uc627337.1,uc627337,1,0.9958586358796031,0.2193931022920578,LV,0.0,0
4,uc637912.1,uc637912,1,0.9955729981734845,0.2193931022920578,LV,0.0,0
4,uc637576.1,uc637576,1,0.9939660204433295,0.2193931022920578,LV,0.0,0
4,uc637356.1,uc637356,1,0.9968890887852239,0.2193931022920578,LV,0.0,0
4,uc637918.1,uc637918,1,0.9937780481572587,0.2193931022920578,LV,0.0,0
4,uc637360.1,uc637360,1,0.9939875006940119,0.2193931022920578,LV,0.0,0
4,uc637399.1,uc637399,1,0.98720222381814,0.2193931022920578,LV,0.0,0
4,uc637397.1,uc637397,1,0.99188414254344,0.2193931022920578,LV,0.0,0
4,uc1137150.1,uc1137150,1,0.9954903107912128,0.2193931022920578,LV,0.0,0
4,uc1636598.1,uc1636598,1,0.0,0.1270170592217177,LV,0.95,1
4,uc636933.1,uc636933,1,0.997182828816927,0.2193931022920578,LV,0.0,0
4,uc635963.1,uc635963,1,0.9949444304148409,0.2193931022920578,LV,0.0,0
4,uc635543.1,uc635543,1,0.9941888673167488,0.2193931022920578,LV,0.0,0
4,uc635966.1,uc635966,1,0.9941835881198656,0.2193931022920578,LV,0.0,0
4,uc635550.1,uc635550,1,0.9953807613942195,0.2193931022920578,LV,0.0,0
4,uc635862.1,uc635862,1,0.9932632104126803,0.2193931022920578,LV,0.0,0
4,uc1635694.1,uc1635694,1,1.0018999633933716,0.2193931022920578,LV,0.0,0
4,uc3435739.1,uc3435739,1,0.9943114186122799,0.2193931022920578,LV,0.0,0
4,uc1635060.1,uc1635060,1,0.998207315042462,0.2193931022920578,LV,0.0,0
4,uc1607271.1,uc1607271,1,0.9989926209783243,0.2193931022920578,LV,0.0,0
4,uc605884.1,uc605884,1,0.9967279933820282,0.2193931022920578,LV,0.0,0
4,uc1609690.1,uc1609690,1,0.9999355094454934,0.2193931022920578,LV,0.0,0
4,uc1134165.1,uc1134165,1,0.9917387079819323,0.2193931022920578,LV,0.0,0
4,uc634166.1,uc634166,1,0.9977274326906416,0.2193931022920578,LV,0.0,0
4,uc1633896.1,uc1633896,1,0.9989278309753982,0.2193931022920578,LV,0.0,0
4,uc3433894.1,uc3433894,1,0.9955803943710739,0.2193931022920578,LV,0.0,0
4,uc1633892.1,uc1633892,1,0.9999175578422711,0.2193931022920578,LV,0.0,0
4,uc633672.1,uc633672,1,0.9989315799342372,0.2193931022920578,LV,0.0,0
4,uc1633671.1,uc1633671,1,0.9937852562314166,0.2193931022920578,LV,0.0,0
4,uc1632306.1,uc1632306,1,0.9986689653351624,0.2193931022920578,LV,0.0,0
4,uc632607.1,uc632607,1,0.9818719221838601,0.2193931022920578,LV,0.0,0
4,uc632613.1,uc632613,1,0.9955051139527216,0.2193931022920578,LV,0.0,0
4,uc3432407.1,uc3432407,1,0.9948611091815661,0.2193931022920578,LV,0.0,0
4,uc1632402.1,uc1632402,1,0.9928792557935014,0.2193931022920578,LV,0.0,0
4,uc1132019.1,uc1132019,1,0.9945718323507621,0.2193931022920578,LV,0.0,0
4,uc632016.1,uc632016,1,0.9975318909601936,0.2193931022920578,LV,0.0,0
4,uc1132015.1,uc1132015,1,0.9928793596430482,0.2193931022920578,LV,0.0,0
4,uc1132012.1,uc1132012,1,0.9966753568268159,0.2193931022920578,LV,0.0,0
4,uc631859.1,uc631859,1,0.9974617772018377,0.2193931022920578,LV,0.0,0
4,uc1631852.1,uc1631852,1,0.9970555348918881,0.2193931022920578,LV,0.0,0
4,uc1130761.1,uc1130761,1,0.9905769218016299,0.2193931022920578,LV,0.0,0
4,uc1630759.1,uc1630759,1,0.9922955864822071,0.2193931022920578,LV,0.0,0
4,uc630758.1,uc630758,1,0.995035645053542,0.2193931022920578,LV,0.0,0
4,uc629428.1,uc629428,1,0.9974170867641988,0.2193931022920578,LV,0.0,0
4,uc1629639.1,uc1629639,1,1.0002581880837333,0.2193931022920578,LV,0.0,0
4,uc1229546.1,uc1229546,1,0.994783025780531,0.2193931022920578,LV,0.0,0
4,uc628768.1,uc628768,1,0.9960867216341601,0.2193931022920578,LV,0.0,0
4,uc628757.1,uc628757,1,0.9995698002997507,0.2193931022920578,LV,0.0,0
4,uc628766.1,uc628766,1,0.9977862542198418,0.2193931022920578,LV,0.0,0
4,uc628753.1,uc628753,1,1.000331022676825,0.2193931022920578,LV,0.0,0
4,uc627346.1,uc627346,1,0.9978694204156052,0.2193931022920578,LV,0.0,0
4,uc1628760.1,uc1628760,1,1.000341542271003,0.2193931022920578,LV,0.0,0
4,uc1629422.1,uc1629422,1,0.9946511072376083,0.2193931022920578,LV,0.0,0
4,uc626699.1,uc626699,1,0.998491929597433,0.2193931022920578,LV,0.0,0
4,60651.2,60651,2,0.996657725850394,13.336791218280357,MV,0.0,0
4,60721.2,60721,2,0.9966293065828062,13.336791218280357,MV,0.0,0
4,164151.2,164151,2,0.9968957614410809,13.336791218280357,MV,0.0,0
4,302191.2,302191,2,0.9946477773305376,13.336791218280357,MV,0.0,0
4,320841.2,320841,2,0.9956622615671297,13.336791218280357,MV,0.0,0
4,337711.2,337711,2,0.9946725345061005,13.336791218280357,MV,0.0,0
4,358691.2,358691,2,0.9992956528846728,13.336791218280357,MV,0.0,0
4,et6_1177.2,et6_1177,2,0.9957842368923945,0.2193931022920578,LV,0.0,0
4,461501.2,461501,2,0.9968529728305093,13.336791218280357,MV,0.0,0
4,686891.2,686891,2,0.996181952476997,13.336791218280357,MV,0.0,0
4,703601.2,703601,2,0.9969744065045628,13.336791218280357,MV,0.0,0
4,713791.2,713791,2,0.9961008210838449,13.336791218280357,MV,0.0,0
4,725731.2,725731,2,0.9958232969981212,13.336791218280357,MV,0.0,0
4,809501.2,809501,2,0.9963275412241551,13.336791218280357,MV,0.0,0
4,811221.2,811221,2,0.99690977819151,13.336791218280357,MV,0.0,0
4,815111.2,815111,2,0.9946453424705903,13.336791218280357,MV,0.0,0
4,822371.2,822371,2,0.9959186936136303,13.336791218280357,MV,0.0,0
4,820611.2,820611,2,0.9965422106405875,13.336791218280357,MV,0.0,0
4,822641.2,822641,2,0.9959732442911191,13.336791218280357,MV,0.0,0
4,618431.2,618431,2,0.9966579507723569,13.336791218280357,MV,0.0,0
4,bt10401.2,bt10401,2,0.9896483843790335,0.2193931022920578,LV,0.0,0
4,bt197792.2,bt197792,2,0.9893860913151018,0.2193931022920578,LV,0.0,0
4,bt800551.2,bt800551,2,0.98938609133738,0.2193931022920578,LV,0.0,0
4,bt295341.2,bt295341,2,0.9888942344428462,0.2193931022920578,LV,0.0,0
4,bt800541.2,bt800541,2,0.9891361110197039,0.2193931022920578,LV,0.0,0
4,bt295361.2,bt295361,2,0.9885046773715191,0.2193931022920578,LV,0.0,0
4,bt474991.2,bt474991,2,0.9883913410877881,0.2193931022920578,LV,0.0,0
4,uc1627323.2,uc1627323,2,0.9899792052905197,0.2193931022920578,LV,0.0,0
4,uc3405987.2,uc3405987,2,0.991882882479496,0.2193931022920578,LV,0.0,0
4,uc3405846.2,uc3405846,2,0.9934024541277339,0.2193931022920578,LV,0.0,0
4,uc3405847.2,uc3405847,2,0.9923599421810084,0.2193931022920578,LV,0.0,0
4,uc3405838.2,uc3405838,2,0.9911695524478462,0.2193931022920578,LV,0.0,0
4,uc1607326.2,uc1607326,2,0.9909485481825214,0.2193931022920578,LV,0.0,0
4,uc1607316.2,uc1607316,2,0.9890608420052308,0.2193931022920578,LV,0.0,0
4,uc1607308.2,uc1607308,2,0.9942550202923055,0.2193931022920578,LV,0.0,0
4,uc1623434.2,uc1623434,2,0.0,0.1270170592217177,LV,0.95,1
4,uc1620373.2,uc1620373,2,0.9937510922864204,0.2193931022920578,LV,0.0,0
4,uc1607302.2,uc1607302,2,0.9936526722611416,0.2193931022920578,LV,0.0,0
4,uc1607304.2,uc1607304,2,0.9935693485481455,0.2193931022920578,LV,0.0,0
4,uc1607306.2,uc1607306,2,0.9938894033632794,0.2193931022920578,LV,0.0,0
4,uc1607299.2,uc1607299,2,0.9939374647640605,0.2193931022920578,LV,0.0,0
4,uc1607297.2,uc1607297,2,0.996092207212612,0.2193931022920578,LV,0.0,0
4,uc1607298.2,uc1607298,2,0.994055112960465,0.2193931022920578,LV,0.0,0
4,uc1607289.2,uc1607289,2,0.9972652927524861,0.2193931022920578,LV,0.0,0
4,uc1607291.2,uc1607291,2,0.9957973738947522,0.2193931022920578,LV,0.0,0
4,uc1607292.2,uc1607292,2,0.9954490516350212,0.2193931022920578,LV,0.0,0
4,uc1607280.2,uc1607280,2,0.9928867036096992,0.2193931022920578,LV,0.0,0
4,uc1607284.2,uc1607284,2,0.9930077662848251,0.2193931022920578,LV,0.0,0
4,uc1607285.2,uc1607285,2,0.9929350855390703,0.2193931022920578,LV,0.0,0
4,uc1607288.2,uc1607288,2,0.9931052366920323,0.2193931022920578,LV,0.0,0
4,uc1607279.2,uc1607279,2,0.993612031088154,0.2193931022920578,LV,0.0,0
4,uc1607355.2,uc1607355,2,0.9941550600812934,0.2193931022920578,LV,0.0,0
4,uc1607357.2,uc1607357,2,0.9969525779741593,0.2193931022920578,LV,0.0,0
4,uc1607358.2,uc1607358,2,0.9954567410176715,0.2193931022920578,LV,0.0,0
4,uc1607368.2,uc1607368,2,0.0,0.1270170592217177,LV,0.95,1
4,uc1607276.2,uc1607276,2,0.9994372235077206,0.2193931022920578,LV,0.0,0
4,uc1607278.2,uc1607278,2,1.0002160877160935,0.2193931022920578,LV,0.0,0
4,uc1607273.2,uc1607273,2,0.999269706510315,0.2193931022920578,LV,0.0,0
4,uc1607328.2,uc1607328,2,0.9906339784941056,0.2193931022920578,LV,0.0,0
4,uc1607347.2,uc1607347,2,0.9930804660705652,0.2193931022920578,LV,0.0,0
4,uc1607350.2,uc1607350,2,0.9952992733495953,0.2193931022920578,LV,0.0,0
4,uc1107341.2,uc1107341,2,0.9918972052478172,0.2193931022920578,LV,0.0,0
4,uc1107333.2,uc1107333,2,0.9930086401027104,0.2193931022920578,LV,0.0,0
4,uc1607268.2,uc1607268,2,0.9991037962041006,0.2193931022920578,LV,0.0,0
4,uc1607252.2,uc1607252,2,0.9931880931171788,0.2193931022920578,LV,0.0,0
4,uc1606000.2,uc1606000,2,0.992840560708274,0.2193931022920578,LV,0.0,0
4,uc1607255.2,uc1607255,2,0.993842904622512,0.2193931022920578,LV,0.0,0
4,uc1607258.2,uc1607258,2,0.9931938492978234,0.2193931022920578,LV,0.0,0
4,uc1124041.2,uc1124041,2,0.9936464139656778,0.2193931022920578,LV,0.0,0
4,uc1124340.2,uc1124340,2,0.9926308132403444,0.2193931022920578,LV,0.0,0
4,uc1121173.2,uc1121173,2,0.9930724248901538,0.2193931022920578,LV,0.0,0
4,uc1107345.2,uc1107345,2,0.9926169793730183,0.2193931022920578,LV,0.0,0
4,uc605816.2,uc605816,2,0.9908676619732832,0.2193931022920578,LV,0.0,0
4,uc605812.2,uc605812,2,0.9884160000013914,0.2193931022920578,LV,0.0,0
4,uc605813.2,uc605813,2,0.9956535523568841,0.2193931022920578,LV,0.0,0
4,uc609685.2,uc609685,2,0.9977752351249312,0.2193931022920578,LV,0.0,0
4,uc609688.2,uc609688,2,0.994161649986063,0.2193931022920578,LV,0.0,0
4,uc621168.2,uc621168,2,0.995152761581957,0.2193931022920578,LV,0.0,0
4,uc621171.2,uc621171,2,0.9937790675067544,0.2193931022920578,LV,0.0,0
4,uc605810.2,uc605810,2,0.9968961662673601,0.2193931022920578,LV,0.0,0
4,uc605807.2,uc605807,2,0.9896337247953066,0.2193931022920578,LV,0.0,0
4,uc605801.2,uc605801,2,0.9933344743384552,0.2193931022920578,LV,0.0,0
4,uc607384.2,uc607384,2,0.9936881488671723,0.2193931022920578,LV,0.0,0
4,uc607385.2,uc607385,2,0.991365634779117,0.2193931022920578,LV,0.0,0
4,uc609682.2,uc609682,2,0.9906687463483541,0.2193931022920578,LV,0.0,0
4,uc609683.2,uc609683,2,0.9967760046149985,0.2193931022920578,LV,0.0,0
4,uc607377.2,uc607377,2,0.9979634876078943,0.2193931022920578,LV,0.0,0
4,uc607382.2,uc607382,2,0.9960053334805838,0.2193931022920578,LV,0.0,0
4,uc606117.2,uc606117,2,0.9949392782054846,0.2193931022920578,LV,0.0,0
4,uc606120.2,uc606120,2,0.9946762708372979,0.2193931022920578,LV,0.0,0
4,uc623433.2,uc623433,2,0.9894916676953579,0.2193931022920578,LV,0.0,0
4,uc623007.2,uc623007,2,0.9955633643504562,0.2193931022920578,LV,0.0,0
4,uc606147.2,uc606147,2,0.9941516390553311,0.2193931022920578,LV,0.0,0
4,uc606148.2,uc606148,2,1.0001924516188392,0.2193931022920578,LV,0.0,0
4,uc606150.2,uc606150,2,0.9980625112175968,0.2193931022920578,LV,0.0,0
4,uc606109.2,uc606109,2,0.9939786832322649,0.2193931022920578,LV,0.0,0
4,uc606110.2,uc606110,2,0.9935514432039135,0.2193931022920578,LV,0.0,0
4,uc606111.2,uc606111,2,0.9948852011402524,0.2193931022920578,LV,0.0,0
4,uc622720.2,uc622720,2,0.9950842643936025,0.2193931022920578,LV,0.0,0
4,uc623004.2,uc623004,2,0.990456368222639,0.2193931022920578,LV,0.0,0
4,uc606103.2,uc606103,2,0.9950883312674492,0.2193931022920578,LV,0.0,0
4,uc606139.2,uc606139,2,0.9941634265339967,0.2193931022920578,LV,0.0,0
4,uc606143.2,uc606143,2,0.9957276878468315,0.2193931022920578,LV,0.0,0
4,uc605921.2,uc605921,2,0.9957270106412246,0.2193931022920578,LV,0.0,0
4,uc605915.2,uc605915,2,0.9946309234962178,0.2193931022920578,LV,0.0,0
4,uc606101.2,uc606101,2,0.9949551020358969,0.2193931022920578,LV,0.0,0
4,uc622273.2,uc622273,2,0.9950055080616262,0.2193931022920578,LV,0.0,0
4,uc605990.2,uc605990,2,0.9888941684010628,0.2193931022920578,LV,0.0,0
4,uc606130.2,uc606130,2,0.9968280884395015,0.2193931022920578,LV,0.0,0
4,uc606132.2,uc606132,2,0.9937538182431538,0.2193931022920578,LV,0.0,0
4,uc622258.2,uc622258,2,0.9969764720152131,0.2193931022920578,LV,0.0,0
4,uc622270.2,uc622270,2,0.9991062318878577,0.2193931022920578,LV,0.0,0
4,uc605905.2,uc605905,2,0.9934268891442146,0.2193931022920578,LV,0.0,0
4,uc605909.2,uc605909,2,0.9978248059567223,0.2193931022920578,LV,0.0,0
4,uc605910.2,uc605910,2,0.9947784551604787,0.2193931022920578,LV,0.0,0
4,uc605911.2,uc605911,2,0.9952434456558474,0.2193931022920578,LV,0.0,0
4,uc606128.2,uc606128,2,0.9961146789745178,0.2193931022920578,LV,0.0,0
4,uc605904.2,uc605904,2,0.9934783958126311,0.2193931022920578,LV,0.0,0
4,uc1239552.2,uc1239552,2,0.9940163303265759,0.2193931022920578,LV,0.0,0
4,uc605817.2,uc605817,2,0.9960261590753886,0.2193931022920578,LV,0.0,0
4,uc605819.2,uc605819,2,0.9942491892945602,0.2193931022920578,LV,0.0,0
4,uc605820.2,uc605820,2,0.991175997749935,0.2193931022920578,LV,0.0,0
4,uc605821.2,uc605821,2,0.991349120557348,0.2193931022920578,LV,0.0,0
4,uc605822.2,uc605822,2,0.9910840274637892,0.2193931022920578,LV,0.0,0
4,uc639280.2,uc639280,2,0.9940407108255038,0.2193931022920578,LV,0.0,0
4,uc605898.2,uc605898,2,0.9961997305066893,0.2193931022920578,LV,0.0,0
4,uc605902.2,uc605902,2,0.9937237587363692,0.2193931022920578,LV,0.0,0
4,uc605982.2,uc605982,2,0.9895610614439112,0.2193931022920578,LV,0.0,0
4,uc605988.2,uc605988,2,0.9884512256276414,0.2193931022920578,LV,0.0,0
4,uc606126.2,uc606126,2,0.9947913309944498,0.2193931022920578,LV,0.0,0
4,uc606127.2,uc606127,2,0.9940135796692088,0.2193931022920578,LV,0.0,0
4,uc605896.2,uc605896,2,0.9900097988043033,0.2193931022920578,LV,0.0,0
4,uc606121.2,uc606121,2,0.9936610576921121,0.2193931022920578,LV,0.0,0
4,uc606122.2,uc606122,2,0.9919763234485995,0.2193931022920578,LV,0.0,0
4,uc606123.2,uc606123,2,0.9938365763324422,0.2193931022920578,LV,0.0,0
4,uc622709.2,uc622709,2,0.9952770934689371,0.2193931022920578,LV,0.0,0
4,uc639277.2,uc639277,2,0.991428962088616,0.2193931022920578,LV,0.0,0
4,uc1139390.2,uc1139390,2,0.9939798035099259,0.2193931022920578,LV,0.0,0
4,uc605864.2,uc605864,2,0.9914004883097665,0.2193931022920578,LV,0.0,0
4,uc605865.2,uc605865,2,0.9911651978521295,0.2193931022920578,LV,0.0,0
4,uc638617.2,uc638617,2,0.990911392580288,0.2193931022920578,LV,0.0,0
4,uc605855.2,uc605855,2,0.9916260428332031,0.2193931022920578,LV,0.0,0
4,uc1638606.2,uc1638606,2,0.9980757097500561,0.2193931022920578,LV,0.0,0
4,uc1638954.2,uc1638954,2,0.999078820509342,0.2193931022920578,LV,0.0,0
4,uc605836.2,uc605836,2,0.9846802533917014,0.2193931022920578,LV,0.0,0
4,uc1607303.2,uc1607303,2,0.9951284957876404,0.2193931022920578,LV,0.0,0
4,uc637705.2,uc637705,2,0.9924380973107901,0.2193931022920578,LV,0.0,0
4,uc1637704.2,uc1637704,2,1.0023015356161205,0.2193931022920578,LV,0.0,0
4,uc637576.2,uc637576,2,0.9937680578364705,0.2193931022920578,LV,0.0,0
4,uc637918.2,uc637918,2,0.9936058432285053,0.2193931022920578,LV,0.0,0
4,uc637360.2,uc637360,2,0.9937819933597813,0.2193931022920578,LV,0.0,0
4,uc637397.2,uc637397,2,0.9916388649806538,0.2193931022920578,LV,0.0,0
4,uc636933.2,uc636933,2,0.9940106643909935,0.2193931022920578,LV,0.0,0
4,uc605908.2,uc605908,2,0.9983209672206824,0.2193931022920578,LV,0.0,0
4,uc635963.2,uc635963,2,0.994739022856889,0.2193931022920578,LV,0.0,0
4,uc635543.2,uc635543,2,0.9939833549296074,0.2193931022920578,LV,0.0,0
4,uc635966.2,uc635966,2,0.9939780762313771,0.2193931022920578,LV,0.0,0
4,uc627328.2,uc627328,2,0.9882654233792134,0.2193931022920578,LV,0.0,0
4,uc635550.2,uc635550,2,0.9951852337127508,0.2193931022920578,LV,0.0,0
4,uc635862.2,uc635862,2,0.993018297983761,0.2193931022920578,LV,0.0,0
4,uc3435739.2,uc3435739,2,0.9917672931355114,0.2193931022920578,LV,0.0,0
4,uc634166.2,uc634166,2,0.9969275000434796,0.2193931022920578,LV,0.0,0
4,uc1633671.2,uc1633671,2,0.995493495560357,0.2193931022920578,LV,0.0,0
4,uc633056.2,uc633056,2,0.9967002243147971,0.2193931022920578,LV,0.0,0
4,uc632607.2,uc632607,2,0.9816231044145054,0.2193931022920578,LV,0.0,0
4,uc1632402.2,uc1632402,2,0.9942481461447302,0.2193931022920578,LV,0.0,0
4,uc1131858.2,uc1131858,2,0.9919633489225805,0.2193931022920578,LV,0.0,0
4,uc631391.2,uc631391,2,0.9844280074558355,0.2193931022920578,LV,0.0,0
4,uc1630759.2,uc1630759,2,0.9936325718981247,0.2193931022920578,LV,0.0,0
4,uc630758.2,uc630758,2,0.9918174743241778,0.2193931022920578,LV,0.0,0
4,uc630753.2,uc630753,2,0.9912765621250667,0.2193931022920578,LV,0.0,0
4,uc628766.2,uc628766,2,0.9968349758989046,0.2193931022920578,LV,0.0,0
4,uc627346.2,uc627346,2,0.9974209736515626,0.2193931022920578,LV,0.0,0
4,uc1629422.2,uc1629422,2,0.993288481442476,0.2193931022920578,LV,0.0,0
4,60651.3,60651,3,0.9966601098558967,13.336791218280357,MV,0.0,0
4,60721.3,60721,3,0.9966316893938613,13.336791218280357,MV,0.0,0
4,164151.3,164151,3,0.9968981610682733,13.336791218280357,MV,0.0,0
4,302191.3,302191,3,0.9946603197185416,13.336791218280357,MV,0.0,0
4,320841.3,320841,3,0.9956516376099767,13.336791218280357,MV,0.0,0
4,337711.3,337711,3,0.994685081032278,13.336791218280357,MV,0.0,0
4,358691.3,358691,3,0.9992418329422846,13.336791218280357,MV,0.0,0
4,et6_1177.3,et6_1177,3,0.9947396846232884,0.2193931022920578,LV,0.0,0
4,461501.3,461501,3,0.9968381559482881,13.336791218280357,MV,0.0,0
4,686891.3,686891,3,0.9961744561071709,13.336791218280357,MV,0.0,0
4,703601.3,703601,3,0.9969772206667858,13.336791218280357,MV,0.0,0
4,713791.3,713791,3,0.996090420105709,13.336791218280357,MV,0.0,0
4,725731.3,725731,3,0.9958126667109124,13.336791218280357,MV,0.0,0
4,809501.3,809501,3,0.9963214955444122,13.336791218280357,MV,0.0,0
4,811221.3,811221,3,0.9969122484807186,13.336791218280357,MV,0.0,0
4,815111.3,815111,3,0.9946578844451534,13.336791218280357,MV,0.0,0
4,822371.3,822371,3,0.9959080907381395,13.336791218280357,MV,0.0,0
4,820611.3,820611,3,0.9965417191066054,13.336791218280357,MV,0.0,0
4,822641.3,822641,3,0.9959592752900851,13.336791218280357,MV,0.0,0
4,618431.3,618431,3,0.9966603347912292,13.336791218280357,MV,0.0,0
4,bt10401.3,bt10401,3,0.9913707989859865,0.2193931022920578,LV,0.0,0
4,bt197792.3,bt197792,3,0.9909993357906811,0.2193931022920578,LV,0.0,0
4,bt800551.3,bt800551,3,0.9910639603272526,0.2193931022920578,LV,0.0,0
4,bt295341.3,bt295341,3,0.9909109430659063,0.2193931022920578,LV,0.0,0
4,bt800541.3,bt800541,3,0.9909479370092878,0.2193931022920578,LV,0.0,0
4,bt295361.3,bt295361,3,0.9909109437535547,0.2193931022920578,LV,0.0,0
4,bt474991.3,bt474991,3,0.9909109442242314,0.2193931022920578,LV,0.0,0
4,uc627336.3,uc627336,3,0.9955676680762552,0.2193931022920578,LV,0.0,0
4,uc1620373.3,uc1620373,3,0.9945352587665026,0.2193931022920578,LV,0.0,0
4,uc1607302.3,uc1607302,3,0.9944087191176826,0.2193931022920578,LV,0.0,0
4,uc1607304.3,uc1607304,3,0.9943524924366484,0.2193931022920578,LV,0.0,0
4,uc1607298.3,uc1607298,3,0.9950237930307262,0.2193931022920578,LV,0.0,0
4,uc1607280.3,uc1607280,3,0.9935534638988922,0.2193931022920578,LV,0.0,0
4,uc1607285.3,uc1607285,3,0.994272628976114,0.2193931022920578,LV,0.0,0
4,uc1607279.3,uc1607279,3,0.994279046238706,0.2193931022920578,LV,0.0,0
4,uc1607347.3,uc1607347,3,0.9938643816457683,0.2193931022920578,LV,0.0,0
4,uc1124340.3,uc1124340,3,0.9941338607549017,0.2193931022920578,LV,0.0,0
4,uc605816.3,uc605816,3,0.9918034898342524,0.2193931022920578,LV,0.0,0
4,uc605815.3,uc605815,3,0.9929081468280155,0.2193931022920578,LV,0.0,0
4,uc621171.3,uc621171,3,0.9942305753123166,0.2193931022920578,LV,0.0,0
4,uc607384.3,uc607384,3,0.994142324670219,0.2193931022920578,LV,0.0,0
4,uc606117.3,uc606117,3,0.9953911737227598,0.2193931022920578,LV,0.0,0
4,uc606120.3,uc606120,3,0.9951280843955355,0.2193931022920578,LV,0.0,0
4,uc623007.3,uc623007,3,0.99451877642077,0.2193931022920578,LV,0.0,0
4,uc605867.3,uc605867,3,0.9928983536115442,0.2193931022920578,LV,0.0,0
4,uc606150.3,uc606150,3,0.9981679980820727,0.2193931022920578,LV,0.0,0
4,uc606109.3,uc606109,3,0.9944302617193386,0.2193931022920578,LV,0.0,0
4,uc606110.3,uc606110,3,0.9940029143556074,0.2193931022920578,LV,0.0,0
4,uc606111.3,uc606111,3,0.9953370762683422,0.2193931022920578,LV,0.0,0
4,uc622722.3,uc622722,3,0.9931985837668522,0.2193931022920578,LV,0.0,0
4,uc623004.3,uc623004,3,0.992484328651351,0.2193931022920578,LV,0.0,0
4,uc606101.3,uc606101,3,0.9953973721919597,0.2193931022920578,LV,0.0,0
4,uc606132.3,uc606132,3,0.9942140738094699,0.2193931022920578,LV,0.0,0
4,uc605910.3,uc605910,3,0.9952269000002004,0.2193931022920578,LV,0.0,0
4,uc605911.3,uc605911,3,0.9956920566035269,0.2193931022920578,LV,0.0,0
4,uc605904.3,uc605904,3,0.9955541357325822,0.2193931022920578,LV,0.0,0
4,uc1239552.3,uc1239552,3,0.9948006721066079,0.2193931022920578,LV,0.0,0
4,uc605821.3,uc605821,3,0.9934158668259938,0.2193931022920578,LV,0.0,0
4,uc639280.3,uc639280,3,0.9946047600604178,0.2193931022920578,LV,0.0,0
4,uc605898.3,uc605898,3,0.9956926271738478,0.2193931022920578,LV,0.0,0
4,uc605902.3,uc605902,3,0.9941293023021066,0.2193931022920578,LV,0.0,0
4,uc606126.3,uc606126,3,0.9952523916978591,0.2193931022920578,LV,0.0,0
4,uc606127.3,uc606127,3,0.9944743581545425,0.2193931022920578,LV,0.0,0
4,uc606121.3,uc606121,3,0.994111911929966,0.2193931022920578,LV,0.0,0
4,uc606122.3,uc606122,3,0.9924260985837424,0.2193931022920578,LV,0.0,0
4,uc639277.3,uc639277,3,0.9934957593395907,0.2193931022920578,LV,0.0,0
4,uc1139390.3,uc1139390,3,0.9947641164670079,0.2193931022920578,LV,0.0,0
4,uc637576.3,uc637576,3,0.9942268853899678,0.2193931022920578,LV,0.0,0
4,uc637918.3,uc637918,3,0.9941697685323733,0.2193931022920578,LV,0.0,0
4,uc637360.3,uc637360,3,0.9942333851127514,0.2193931022920578,LV,0.0,0
4,uc637397.3,uc637397,3,0.9925717576678668,0.2193931022920578,LV,0.0,0
4,uc635963.3,uc635963,3,0.9951908601069795,0.2193931022920578,LV,0.0,0
4,uc635543.3,uc635543,3,0.9944349264764678,0.2193931022920578,LV,0.0,0
4,uc635966.3,uc635966,3,0.9944296465626236,0.2193931022920578,LV,0.0,0
4,uc635550.3,uc635550,3,0.9956473449275197,0.2193931022920578,LV,0.0,0
4,uc635862.3,uc635862,3,0.9930051276580243,0.2193931022920578,LV,0.0,0
4,uc1633671.3,uc1633671,3,0.9955625520969782,0.2193931022920578,LV,0.0,0
4,uc632607.3,uc632607,3,0.9825542758504282,0.2193931022920578,LV,0.0,0
4,uc1629422.3,uc1629422,3,0.9952593466382235,0.2193931022920578,LV,0.0,0
5,60651.1,60651,1,0.9939902967818651,13.336791218280357,MV,0.0,0
5,60721.1,60721,1,0.9939549310927687,13.336791218280357,MV,0.0,0
5,164151.1,164151,1,0.9942875673055233,13.336791218280357,MV,0.0,0
5,302191.1,302191,1,0.9895748063175877,13.336791218280357,MV,0.0,0
5,320841.1,320841,1,0.9923250574549294,13.336791218280357,MV,0.0,0
5,337711.1,337711,1,0.9896069828120657,13.336791218280357,MV,0.0,0
5,358691.1,358691,1,0.9985053286556693,13.336791218280357,MV,0.0,0
5,et6_1177.1,et6_1177,1,0.9932556541876809,0.2193931022920578,LV,0.0,0
5,461501.1,461501,1,0.9939594039896668,13.336791218280357,MV,0.0,0
5,686891.1,686891,1,0.9931169296006466,13.336791218280357,MV,0.0,0
5,703601.1,703601,1,0.9944045928842675,13.336791218280357,MV,0.0,0
5,713791.1,713791,1,0.9929164848097428,13.336791218280357,MV,0.0,0
5,725731.1,725731,1,0.9925164906123634,13.336791218280357,MV,0.0,0
5,809501.1,809501,1,0.9933032415628907,13.336791218280357,MV,0.0,0
5,811221.1,811221,1,0.9943083017485917,13.336791218280357,MV,0.0,0
5,815111.1,815111,1,0.9895711120227326,13.336791218280357,MV,0.0,0
5,822371.1,822371,1,0.9926589991094692,13.336791218280357,MV,0.0,0
5,820611.1,820611,1,0.9937512338674496,13.336791218280357,MV,0.0,0
5,822641.1,822641,1,0.9927072100044647,13.336791218280357,MV,0.0,0
5,618431.1,618431,1,0.9939905730970046,13.336791218280357,MV,0.0,0
5,bt10401.1,bt10401,1,0.9842951425229793,0.2193931022920578,LV,0.0,0
5,bt197792.1,bt197792,1,0.9832368093192562,0.2193931022920578,LV,0.0,0
5,bt800551.1,bt800551,1,0.9834675265668331,0.2193931022920578,LV,0.0,0
5,bt295341.1,bt295341,1,0.9823403103725411,0.2193931022920578,LV,0.0,0
5,bt800541.1,bt800541,1,0.9828569701718526,0.2193931022920578,LV,0.0,0
5,bt295361.1,bt295361,1,0.9818511699278432,0.2193931022920578,LV,0.0,0
5,bt474991.1,bt474991,1,0.9814659806562765,0.2193931022920578,LV,0.0,0
5,uc626695.1,uc626695,1,0.9784211949023731,0.2193931022920578,LV,0.0,0
5,uc1627323.1,uc1627323,1,0.986500952573974,0.2193931022920578,LV,0.0,0
5,uc1627342.1,uc1627342,1,0.9968732455968745,0.2193931022920578,LV,0.0,0
5,uc627343.1,uc627343,1,0.993610533704092,0.2193931022920578,LV,0.0,0
5,uc627344.1,uc627344,1,0.9947317337718458,0.2193931022920578,LV,0.0,0
5,uc1626672.1,uc1626672,1,0.0,0.1270170592217177,LV,0.95,1
5,uc1626490.1,uc1626490,1,0.9932441580288518,0.2193931022920578,LV,0.0,0
5,uc3422706.1,uc3422706,1,0.9922121793639278,0.2193931022920578,LV,0.0,0
5,uc3425629.1,uc3425629,1,0.99230000155404,0.2193931022920578,LV,0.0,0
5,uc3422597.1,uc3422597,1,0.9886193447668935,0.2193931022920578,LV,0.0,0
5,uc3405843.1,uc3405843,1,0.9893035272551228,0.2193931022920578,LV,0.0,0
5,uc3405844.1,uc3405844,1,0.9890189171403874,0.2193931022920578,LV,0.0,0
5,uc3405845.1,uc3405845,1,0.988954785785182,0.2193931022920578,LV,0.0,0
5,uc3405846.1,uc3405846,1,0.9895798740922565,0.2193931022920578,LV,0.0,0
5,uc1626486.1,uc1626486,1,0.9973272802631858,0.2193931022920578,LV,0.0,0
5,uc1626487.1,uc1626487,1,0.9900825197000912,0.2193931022920578,LV,0.0,0
5,uc626481.1,uc626481,1,0.9913923260122715,0.2193931022920578,LV,0.0,0
5,uc626678.1,uc626678,1,0.9866453415614531,0.2193931022920578,LV,0.0,0
5,uc626698.1,uc626698,1,0.9935386958139768,0.2193931022920578,LV,0.0,0
5,uc626476.1,uc626476,1,0.9823226821498195,0.2193931022920578,LV,0.0,0
5,uc1627321.1,uc1627321,1,0.9964569665258858,0.2193931022920578,LV,0.0,0
5,uc1607319.1,uc1607319,1,0.98859051962765,0.2193931022920578,LV,0.0,0
5,uc1607308.1,uc1607308,1,0.9895513853358865,0.2193931022920578,LV,0.0,0
5,uc1624026.1,uc1624026,1,0.0,0.1270170592217177,LV,0.95,1
5,uc1625170.1,uc1625170,1,0.9945825663939746,0.2193931022920578,LV,0.0,0
5,uc1621994.1,uc1621994,1,0.9968008881932984,0.2193931022920578,LV,0.0,0
5,uc1620360.1,uc1620360,1,0.9971778440624546,0.2193931022920578,LV,0.0,0
5,uc1620373.1,uc1620373,1,0.9898669566993916,0.2193931022920578,LV,0.0,0
5,uc1607302.1,uc1607302,1,0.9895225084274076,0.2193931022920578,LV,0.0,0
5,uc1607304.1,uc1607304,1,0.9877370903311959,0.2193931022920578,LV,0.0,0
5,uc1607305.1,uc1607305,1,0.9870785750408412,0.2193931022920578,LV,0.0,0
5,uc1607306.1,uc1607306,1,0.9887789169675555,0.2193931022920578,LV,0.0,0
5,uc1607297.1,uc1607297,1,0.9931661872747811,0.2193931022920578,LV,0.0,0
5,uc1607298.1,uc1607298,1,0.9908109023565455,0.2193931022920578,LV,0.0,0
5,uc1607289.1,uc1607289,1,0.994390972161993,0.2193931022920578,LV,0.0,0
5,uc1607290.1,uc1607290,1,0.9945110295534665,0.2193931022920578,LV,0.0,0
5,uc1607291.1,uc1607291,1,0.9933088241622695,0.2193931022920578,LV,0.0,0
5,uc1607280.1,uc1607280,1,0.9875216865206612,0.2193931022920578,LV,0.0,0
5,uc1607283.1,uc1607283,1,0.9831535955856554,0.2193931022920578,LV,0.0,0
5,uc1607285.1,uc1607285,1,0.9856794945892129,0.2193931022920578,LV,0.0,0
5,uc1607287.1,uc1607287,1,0.9877684190755416,0.2193931022920578,LV,0.0,0
5,uc1607288.1,uc1607288,1,0.9908337895118258,0.2193931022920578,LV,0.0,0
5,uc1607279.1,uc1607279,1,0.9890540055180577,0.2193931022920578,LV,0.0,0
5,uc1607357.1,uc1607357,1,0.9931071987416027,0.2193931022920578,LV,0.0,0
5,uc1607358.1,uc1607358,1,0.9923802968610577,0.2193931022920578,LV,0.0,0
5,uc1607368.1,uc1607368,1,0.0,0.1270170592217177,LV,0.95,1
5,uc1607277.1,uc1607277,1,0.9973003325929195,0.2193931022920578,LV,0.0,0
5,uc1607278.1,uc1607278,1,1.000101834632679,0.2193931022920578,LV,0.0,0
5,uc1607272.1,uc1607272,1,0.9883834608765132,0.2193931022920578,LV,0.0,0
5,uc1607273.1,uc1607273,1,1.000202135753069,0.2193931022920578,LV,0.0,0
5,uc1607353.1,uc1607353,1,0.9931704210540172,0.2193931022920578,LV,0.0,0
5,uc1607347.1,uc1607347,1,0.9885589002246595,0.2193931022920578,LV,0.0,0
5,uc1607349.1,uc1607349,1,0.993354594667713,0.2193931022920578,LV,0.0,0
5,uc1107342.1,uc1107342,1,0.986278488780778,0.2193931022920578,LV,0.0,0
5,uc1107340.1,uc1107340,1,0.9819135144396608,0.2193931022920578,LV,0.0,0
5,uc1105833.1,uc1105833,1,0.9906498088547081,0.2193931022920578,LV,0.0,0
5,uc1107330.1,uc1107330,1,0.9810555666741015,0.2193931022920578,LV,0.0,0
5,uc1607265.1,uc1607265,1,0.9830397468449596,0.2193931022920578,LV,0.0,0
5,uc1607268.1,uc1607268,1,0.9965456270676173,0.2193931022920578,LV,0.0,0
5,uc1607252.1,uc1607252,1,0.9890736350707858,0.2193931022920578,LV,0.0,0
5,uc1605991.1,uc1605991,1,0.9913710567632397,0.2193931022920578,LV,0.0,0
5,uc1605996.1,uc1605996,1,0.9889087878985573,0.2193931022920578,LV,0.0,0
5,uc1607257.1,uc1607257,1,0.9917683080563674,0.2193931022920578,LV,0.0,0
5,uc1607258.1,uc1607258,1,0.9890857641425869,0.2193931022920578,LV,0.0,0
5,uc1124340.1,uc1124340,1,0.9870239533331558,0.2193931022920578,LV,0.0,0
5,uc605816.1,uc605816,1,0.9838029858532984,0.2193931022920578,LV,0.0,0
5,uc605813.1,uc605813,1,0.9926671874724675,0.2193931022920578,LV,0.0,0
5,uc609684.1,uc609684,1,0.995331493863336,0.2193931022920578,LV,0.0,0
5,uc609686.1,uc609686,1,0.9958596020789651,0.2193931022920578,LV,0.0,0
5,uc609688.1,uc609688,1,0.9889012763465908,0.2193931022920578,LV,0.0,0
5,uc621168.1,uc621168,1,0.9924485255813228,0.2193931022920578,LV,0.0,0
5,uc621171.1,uc621171,1,0.989942657927198,0.2193931022920578,LV,0.0,0
5,uc605808.1,uc605808,1,0.9962986791244948,0.2193931022920578,LV,0.0,0
5,uc605809.1,uc605809,1,0.9831780369350227,0.2193931022920578,LV,0.0,0
5,uc605810.1,uc605810,1,0.9939162335623773,0.2193931022920578,LV,0.0,0
5,uc605970.1,uc605970,1,0.9917163831155033,0.2193931022920578,LV,0.0,0
5,uc605803.1,uc605803,1,0.99239472270953,0.2193931022920578,LV,0.0,0
5,uc605804.1,uc605804,1,0.9940901147597427,0.2193931022920578,LV,0.0,0
5,uc605806.1,uc605806,1,0.9916319222313745,0.2193931022920578,LV,0.0,0
5,uc607384.1,uc607384,1,0.9896031395734176,0.2193931022920578,LV,0.0,0
5,uc607387.1,uc607387,1,0.9922557261767433,0.2193931022920578,LV,0.0,0
5,uc609682.1,uc609682,1,0.9847110283890186,0.2193931022920578,LV,0.0,0
5,uc624033.1,uc624033,1,0.9977850058262,0.2193931022920578,LV,0.0,0
5,uc625156.1,uc625156,1,0.9924351049639193,0.2193931022920578,LV,0.0,0
5,uc625624.1,uc625624,1,0.9861353576062815,0.2193931022920578,LV,0.0,0
5,uc625625.1,uc625625,1,0.995673034538999,0.2193931022920578,LV,0.0,0
5,uc607366.1,uc607366,1,0.9831301036583381,0.2193931022920578,LV,0.0,0
5,uc607367.1,uc607367,1,0.9936852397489586,0.2193931022920578,LV,0.0,0
5,uc606114.1,uc606114,1,0.9911407346503404,0.2193931022920578,LV,0.0,0
5,uc606117.1,uc606117,1,0.9923894754116502,0.2193931022920578,LV,0.0,0
5,uc606120.1,uc606120,1,0.9917926952725478,0.2193931022920578,LV,0.0,0
5,uc623015.1,uc623015,1,0.9820389473793194,0.2193931022920578,LV,0.0,0
5,uc623432.1,uc623432,1,0.9892019641452646,0.2193931022920578,LV,0.0,0
5,uc624028.1,uc624028,1,0.9907138624513913,0.2193931022920578,LV,0.0,0
5,uc605873.1,uc605873,1,0.9928822108203149,0.2193931022920578,LV,0.0,0
5,uc623007.1,uc623007,1,0.9927886846705322,0.2193931022920578,LV,0.0,0
5,uc606147.1,uc606147,1,0.9906476295930806,0.2193931022920578,LV,0.0,0
5,uc606148.1,uc606148,1,0.9985081998502617,0.2193931022920578,LV,0.0,0
5,uc606150.1,uc606150,1,0.9966100013553928,0.2193931022920578,LV,0.0,0
5,uc606109.1,uc606109,1,0.9903166842615647,0.2193931022920578,LV,0.0,0
5,uc606110.1,uc606110,1,0.989413720750573,0.2193931022920578,LV,0.0,0
5,uc606111.1,uc606111,1,0.992262118956335,0.2193931022920578,LV,0.0,0
5,uc622777.1,uc622777,1,0.9996136036310096,0.2193931022920578,LV,0.0,0
5,uc623004.1,uc623004,1,0.9845024654871825,0.2193931022920578,LV,0.0,0
5,uc606103.1,uc606103,1,0.9917176572592417,0.2193931022920578,LV,0.0,0
5,uc606139.1,uc606139,1,0.9928576060418237,0.2193931022920578,LV,0.0,0
5,uc606141.1,uc606141,1,0.9887784411006842,0.2193931022920578,LV,0.0,0
5,uc606143.1,uc606143,1,0.9935235483106878,0.2193931022920578,LV,0.0,0
5,uc605921.1,uc605921,1,0.9914673713186279,0.2193931022920578,LV,0.0,0
5,uc622713.1,uc622713,1,0.9921538312897757,0.2193931022920578,LV,0.0,0
5,uc622714.1,uc622714,1,0.9903477603482941,0.2193931022920578,LV,0.0,0
5,uc605993.1,uc605993,1,0.9930381649139607,0.2193931022920578,LV,0.0,0
5,uc606101.1,uc606101,1,0.9911373802976885,0.2193931022920578,LV,0.0,0
5,uc606102.1,uc606102,1,0.9904547747452621,0.2193931022920578,LV,0.0,0
5,uc622273.1,uc622273,1,0.9919986966782713,0.2193931022920578,LV,0.0,0
5,uc622703.1,uc622703,1,0.9784873306555043,0.2193931022920578,LV,0.0,0
5,uc605989.1,uc605989,1,0.9945302077439945,0.2193931022920578,LV,0.0,0
5,uc606130.1,uc606130,1,0.9946836283966786,0.2193931022920578,LV,0.0,0
5,uc606132.1,uc606132,1,0.9896838454831574,0.2193931022920578,LV,0.0,0
5,uc605914.1,uc605914,1,1.0018461171427768,0.2193931022920578,LV,0.0,0
5,uc622257.1,uc622257,1,0.9952089526808684,0.2193931022920578,LV,0.0,0
5,uc605909.1,uc605909,1,0.9956294083560986,0.2193931022920578,LV,0.0,0
5,uc605910.1,uc605910,1,0.9917701030197388,0.2193931022920578,LV,0.0,0
5,uc605911.1,uc605911,1,0.9927835241375146,0.2193931022920578,LV,0.0,0
5,uc606128.1,uc606128,1,0.9935063730459599,0.2193931022920578,LV,0.0,0
5,uc605823.1,uc605823,1,0.9849652199276633,0.2193931022920578,LV,0.0,0
5,uc605824.1,uc605824,1,0.9912969736518662,0.2193931022920578,LV,0.0,0
5,uc605904.1,uc605904,1,0.9923243786418713,0.2193931022920578,LV,0.0,0
5,uc621999.1,uc621999,1,0.9929680333471965,0.2193931022920578,LV,0.0,0
5,uc639553.1,uc639553,1,0.990209478604358,0.2193931022920578,LV,0.0,0
5,uc1239552.1,uc1239552,1,0.9904936072959136,0.2193931022920578,LV,0.0,0
5,uc605817.1,uc605817,1,0.9918523744680979,0.2193931022920578,LV,0.0,0
5,uc605819.1,uc605819,1,0.9890861424953641,0.2193931022920578,LV,0.0,0
5,uc605820.1,uc605820,1,0.9888072573248783,0.2193931022920578,LV,0.0,0
5,uc605821.1,uc605821,1,0.9859665166635795,0.2193931022920578,LV,0.0,0
5,uc639280.1,uc639280,1,0.9897771563806006,0.2193931022920578,LV,0.0,0
5,uc605898.1,uc605898,1,0.9927277109314309,0.2193931022920578,LV,0.0,0
5,uc605901.1,uc605901,1,0.9948512201539245,0.2193931022920578,LV,0.0,0
5,uc605902.1,uc605902,1,0.9892939240529872,0.2193931022920578,LV,0.0,0
5,uc605985.1,uc605985,1,0.9874235923496145,0.2193931022920578,LV,0.0,0
5,uc606126.1,uc606126,1,0.9918528635454047,0.2193931022920578,LV,0.0,0
5,uc606127.1,uc606127,1,0.9902594645250354,0.2193931022920578,LV,0.0,0
5,uc605896.1,uc605896,1,0.9848560054482305,0.2193931022920578,LV,0.0,0
5,uc606121.1,uc606121,1,0.9894971833786523,0.2193931022920578,LV,0.0,0
5,uc606122.1,uc606122,1,0.9859413395987728,0.2193931022920578,LV,0.0,0
5,uc606123.1,uc606123,1,0.9898557741865621,0.2193931022920578,LV,0.0,0
5,uc606124.1,uc606124,1,0.9952437093455436,0.2193931022920578,LV,0.0,0
5,uc605825.1,uc605825,1,0.9875721671578575,0.2193931022920578,LV,0.0,0
5,uc623427.1,uc623427,1,0.9898557870965785,0.2193931022920578,LV,0.0,0
5,uc609687.1,uc609687,1,0.996422215781955,0.2193931022920578,LV,0.0,0
5,uc639277.1,uc639277,1,0.9861353576123775,0.2193931022920578,LV,0.0,0
5,uc1139390.1,uc1139390,1,0.9904572099292226,0.2193931022920578,LV,0.0,0
5,uc605863.1,uc605863,1,0.9855937545249003,0.2193931022920578,LV,0.0,0
5,uc605865.1,uc605865,1,0.9859941008879098,0.2193931022920578,LV,0.0,0
5,uc1138614.1,uc1138614,1,0.9879362923508904,0.2193931022920578,LV,0.0,0
5,uc605855.1,uc605855,1,0.986731878396145,0.2193931022920578,LV,0.0,0
5,uc605828.1,uc605828,1,0.9835559294346201,0.2193931022920578,LV,0.0,0
5,uc605829.1,uc605829,1,0.9901331335217975,0.2193931022920578,LV,0.0,0
5,uc605834.1,uc605834,1,0.979703963314632,0.2193931022920578,LV,0.0,0
5,uc605835.1,uc605835,1,0.9797995812501137,0.2193931022920578,LV,0.0,0
5,uc605827.1,uc605827,1,0.9834729480567262,0.2193931022920578,LV,0.0,0
5,uc627337.1,uc627337,1,0.9901193605506465,0.2193931022920578,LV,0.0,0
5,uc637912.1,uc637912,1,0.9902408882831216,0.2193931022920578,LV,0.0,0
5,uc637576.1,uc637576,1,0.9897108855805378,0.2193931022920578,LV,0.0,0
5,uc637356.1,uc637356,1,0.9923299488583619,0.2193931022920578,LV,0.0,0
5,uc637918.1,uc637918,1,0.98885762289064,0.2193931022920578,LV,0.0,0
5,uc637360.1,uc637360,1,0.9898700693219824,0.2193931022920578,LV,0.0,0
5,uc637399.1,uc637399,1,0.9826477019113607,0.2193931022920578,LV,0.0,0
5,uc637397.1,uc637397,1,0.9853822422701973,0.2193931022920578,LV,0.0,0
5,uc1137150.1,uc1137150,1,0.9900867448181905,0.2193931022920578,LV,0.0,0
5,uc1636598.1,uc1636598,1,0.0,0.1270170592217177,LV,0.95,1
5,uc636933.1,uc636933,1,0.9925360918351701,0.2193931022920578,LV,0.0,0
5,uc635963.1,uc635963,1,0.9919325198117074,0.2193931022920578,LV,0.0,0
5,uc635543.1,uc635543,1,0.9903310680361779,0.2193931022920578,LV,0.0,0
5,uc635966.1,uc635966,1,0.9903199056251097,0.2193931022920578,LV,0.0,0
5,uc635550.1,uc635550,1,0.9927003384418871,0.2193931022920578,LV,0.0,0
5,uc635862.1,uc635862,1,0.9883080934544891,0.2193931022920578,LV,0.0,0
5,uc1635694.1,uc1635694,1,1.0012674794123937,0.2193931022920578,LV,0.0,0
5,uc3435739.1,uc3435739,1,0.9874190802624193,0.2193931022920578,LV,0.0,0
5,uc1635060.1,uc1635060,1,0.9940475453819612,0.2193931022920578,LV,0.0,0
5,uc1607271.1,uc1607271,1,0.9957067892356792,0.2193931022920578,LV,0.0,0
5,uc605884.1,uc605884,1,0.9923842804046819,0.2193931022920578,LV,0.0,0
5,uc1609690.1,uc1609690,1,0.9976966723574532,0.2193931022920578,LV,0.0,0
5,uc1134165.1,uc1134165,1,0.9820697900077288,0.2193931022920578,LV,0.0,0
5,uc634166.1,uc634166,1,0.994477074329762,0.2193931022920578,LV,0.0,0
5,uc1633896.1,uc1633896,1,0.9955699336537526,0.2193931022920578,LV,0.0,0
5,uc3433894.1,uc3433894,1,0.9901486508737943,0.2193931022920578,LV,0.0,0
5,uc1633892.1,uc1633892,1,0.9969617564804727,0.2193931022920578,LV,0.0,0
5,uc633672.1,uc633672,1,0.9964662463214464,0.2193931022920578,LV,0.0,0
5,uc1633671.1,uc1633671,1,0.9873671350201781,0.2193931022920578,LV,0.0,0
5,uc1632306.1,uc1632306,1,0.9961258953141392,0.2193931022920578,LV,0.0,0
5,uc632607.1,uc632607,1,0.964250268468973,0.2193931022920578,LV,0.0,0
5,uc632613.1,uc632613,1,0.9888079573477924,0.2193931022920578,LV,0.0,0
5,uc3432407.1,uc3432407,1,0.9885796189705545,0.2193931022920578,LV,0.0,0
5,uc1632402.1,uc1632402,1,0.9840890239297209,0.2193931022920578,LV,0.0,0
5,uc1132019.1,uc1132019,1,0.9879381527051883,0.2193931022920578,LV,0.0,0
5,uc632016.1,uc632016,1,0.9936473311229947,0.2193931022920578,LV,0.0,0
5,uc1132015.1,uc1132015,1,0.9844775025471068,0.2193931022920578,LV,0.0,0
5,uc1132012.1,uc1132012,1,0.9923451543004357,0.2193931022920578,LV,0.0,0
5,uc631859.1,uc631859,1,0.9934990757811406,0.2193931022920578,LV,0.0,0
5,uc1631852.1,uc1631852,1,0.9926812985078347,0.2193931022920578,LV,0.0,0
5,uc1130761.1,uc1130761,1,0.9797131504868102,0.2193931022920578,LV,0.0,0
5,uc1630759.1,uc1630759,1,0.9828559629053454,0.2193931022920578,LV,0.0,0
5,uc630758.1,uc630758,1,0.9887116055365348,0.2193931022920578,LV,0.0,0
5,uc629428.1,uc629428,1,0.9940056060339663,0.2193931022920578,LV,0.0,0
5,uc1629639.1,uc1629639,1,0.9983833713923238,0.2193931022920578,LV,0.0,0
5,uc1229546.1,uc1229546,1,0.9879070778479896,0.2193931022920578,LV,0.0,0
5,uc628768.1,uc628768,1,0.9912328831165425,0.2193931022920578,LV,0.0,0
5,uc628757.1,uc628757,1,0.997968482349907,0.2193931022920578,LV,0.0,0
5,uc628766.1,uc628766,1,0.9946981714085209,0.2193931022920578,LV,0.0,0
5,uc628753.1,uc628753,1,0.9989651377786921,0.2193931022920578,LV,0.0,0
5,uc627346.1,uc627346,1,0.9949190430980437,0.2193931022920578,LV,0.0,0
5,uc1628760.1,uc1628760,1,0.998373741020752,0.2193931022920578,LV,0.0,0
5,uc1629422.1,uc1629422,1,0.991067037149458,0.2193931022920578,LV,0.0,0
5,uc626699.1,uc626699,1,0.9962396522497825,0.2193931022920578,LV,0.0,0
5,60651.2,60651,2,0.9950149480202806,13.336791218280357,MV,0.0,0
5,60721.2,60721,2,0.9949795717769696,13.336791218280357,MV,0.0,0
5,164151.2,164151,2,0.9953123262900061,13.336791218280357,MV,0.0,0
5,302191.2,302191,2,0.9914214953561576,13.336791218280357,MV,0.0,0
5,320841.2,320841,2,0.9935328950160015,13.336791218280357,MV,0.0,0
5,337711.2,337711,2,0.9914536947963335,13.336791218280357,MV,0.0,0
5,358691.2,358691,2,0.9989468832764686,13.336791218280357,MV,0.0,0
5,et6_1177.2,et6_1177,2,0.9929782729555382,0.2193931022920578,LV,0.0,0
5,461501.2,461501,2,0.9951337888803302,13.336791218280357,MV,0.0,0
5,686891.2,686891,2,0.9942947694092813,13.336791218280357,MV,0.0,0
5,703601.2,703601,2,0.9954194758728303,13.336791218280357,MV,0.0,0
5,713791.2,713791,2,0.9941224994852568,13.336791218280357,MV,0.0,0
5,725731.2,725731,2,0.9937244076910323,13.336791218280357,MV,0.0,0
5,809501.2,809501,2,0.9944763017765772,13.336791218280357,MV,0.0,0
5,811221.2,811221,2,0.9953314404725728,13.336791218280357,MV,0.0,0
5,815111.2,815111,2,0.9914177991334131,13.336791218280357,MV,0.0,0
5,822371.2,822371,2,0.9938669829251283,13.336791218280357,MV,0.0,0
5,820611.2,820611,2,0.9948278553349159,13.336791218280357,MV,0.0,0
5,822641.2,822641,2,0.9939260143793659,13.336791218280357,MV,0.0,0
5,618431.2,618431,2,0.9950152244235404,13.336791218280357,MV,0.0,0
5,bt10401.2,bt10401,2,0.9806181432003441,0.2193931022920578,LV,0.0,0
5,bt197792.2,bt197792,2,0.9800968107956314,0.2193931022920578,LV,0.0,0
5,bt800551.2,bt800551,2,0.9800968108167584,0.2193931022920578,LV,0.0,0
5,bt295341.2,bt295341,2,0.9791192216355762,0.2193931022920578,LV,0.0,0
5,bt800541.2,bt800541,2,0.9795999592164771,0.2193931022920578,LV,0.0,0
5,bt295361.2,bt295361,2,0.9783449368066056,0.2193931022920578,LV,0.0,0
5,bt474991.2,bt474991,2,0.9781054186499265,0.2193931022920578,LV,0.0,0
5,uc1627323.2,uc1627323,2,0.977923858710582,0.2193931022920578,LV,0.0,0
5,uc3405987.2,uc3405987,2,0.9822906024102431,0.2193931022920578,LV,0.0,0
5,uc3405846.2,uc3405846,2,0.9855195713936898,0.2193931022920578,LV,0.0,0
5,uc3405847.2,uc3405847,2,0.9832982108421052,0.2193931022920578,LV,0.0,0
5,uc3405838.2,uc3405838,2,0.9807593353051023,0.2193931022920578,LV,0.0,0
5,uc1607326.2,uc1607326,2,0.9843814746977823,0.2193931022920578,LV,0.0,0
5,uc1607316.2,uc1607316,2,0.9824529699551948,0.2193931022920578,LV,0.0,0
5,uc1607308.2,uc1607308,2,0.9873462195745648,0.2193931022920578,LV,0.0,0
5,uc1623434.2,uc1623434,2,0.0,0.1270170592217177,LV,0.95,1
5,uc1620373.2,uc1620373,2,0.9895768750211237,0.2193931022920578,LV,0.0,0
5,uc1607302.2,uc1607302,2,0.9892434476871855,0.2193931022920578,LV,0.0,0
5,uc1607304.2,uc1607304,2,0.9891298937860732,0.2193931022920578,LV,0.0,0
5,uc1607306.2,uc1607306,2,0.9865741013233345,0.2193931022920578,LV,0.0,0
5,uc1607299.2,uc1607299,2,0.9898183341890935,0.2193931022920578,LV,0.0,0
5,uc1607297.2,uc1607297,2,0.9910676665507697,0.2193931022920578,LV,0.0,0
5,uc1607298.2,uc1607298,2,0.9900669993972072,0.2193931022920578,LV,0.0,0
5,uc1607289.2,uc1607289,2,0.9935004307735893,0.2193931022920578,LV,0.0,0
5,uc1607291.2,uc1607291,2,0.9904449680397804,0.2193931022920578,LV,0.0,0
5,uc1607292.2,uc1607292,2,0.989708952900955,0.2193931022920578,LV,0.0,0
5,uc1607280.2,uc1607280,2,0.9872679561451396,0.2193931022920578,LV,0.0,0
5,uc1607284.2,uc1607284,2,0.9876832468461291,0.2193931022920578,LV,0.0,0
5,uc1607285.2,uc1607285,2,0.9875296276434394,0.2193931022920578,LV,0.0,0
5,uc1607288.2,uc1607288,2,0.9879469451713144,0.2193931022920578,LV,0.0,0
5,uc1607279.2,uc1607279,2,0.9888003742744235,0.2193931022920578,LV,0.0,0
5,uc1607355.2,uc1607355,2,0.9899088764242532,0.2193931022920578,LV,0.0,0
5,uc1607357.2,uc1607357,2,0.992441808132092,0.2193931022920578,LV,0.0,0
5,uc1607358.2,uc1607358,2,0.9894564159946472,0.2193931022920578,LV,0.0,0
5,uc1607368.2,uc1607368,2,0.0,0.1270170592217177,LV,0.95,1
5,uc1607276.2,uc1607276,2,0.9973516472313122,0.2193931022920578,LV,0.0,0
5,uc1607278.2,uc1607278,2,0.9975481513791855,0.2193931022920578,LV,0.0,0
5,uc1607273.2,uc1607273,2,0.9958156877502461,0.2193931022920578,LV,0.0,0
5,uc1607328.2,uc1607328,2,0.9837167729212717,0.2193931022920578,LV,0.0,0
5,uc1607347.2,uc1607347,2,0.9882686535688459,0.2193931022920578,LV,0.0,0
5,uc1607350.2,uc1607350,2,0.9891539386359903,0.2193931022920578,LV,0.0,0
5,uc1107341.2,uc1107341,2,0.9824554875819287,0.2193931022920578,LV,0.0,0
5,uc1107333.2,uc1107333,2,0.9848029993374374,0.2193931022920578,LV,0.0,0
5,uc1607268.2,uc1607268,2,0.9959062797377487,0.2193931022920578,LV,0.0,0
5,uc1607252.2,uc1607252,2,0.984532699361996,0.2193931022920578,LV,0.0,0
5,uc1606000.2,uc1606000,2,0.9873877398872655,0.2193931022920578,LV,0.0,0
5,uc1607255.2,uc1607255,2,0.989176878518746,0.2193931022920578,LV,0.0,0
5,uc1607258.2,uc1607258,2,0.9845448854121118,0.2193931022920578,LV,0.0,0
5,uc1124041.2,uc1124041,2,0.9858791051199167,0.2193931022920578,LV,0.0,0
5,uc1124340.2,uc1124340,2,0.9871641125697702,0.2193931022920578,LV,0.0,0
5,uc1121173.2,uc1121173,2,0.984937623839569,0.2193931022920578,LV,0.0,0
5,uc1107345.2,uc1107345,2,0.9871348500140138,0.2193931022920578,LV,0.0,0
5,uc605816.2,uc605816,2,0.983442047702305,0.2193931022920578,LV,0.0,0
5,uc605812.2,uc605812,2,0.9781574465679562,0.2193931022920578,LV,0.0,0
5,uc605813.2,uc605813,2,0.9927019069227881,0.2193931022920578,LV,0.0,0
5,uc609685.2,uc609685,2,0.9939604419532244,0.2193931022920578,LV,0.0,0
5,uc609688.2,uc609688,2,0.9872320610839519,0.2193931022920578,LV,0.0,0
5,uc621168.2,uc621168,2,0.9892086201880717,0.2193931022920578,LV,0.0,0
5,uc621171.2,uc621171,2,0.9896100003329878,0.2193931022920578,LV,0.0,0
5,uc605810.2,uc605810,2,0.9922527110404599,0.2193931022920578,LV,0.0,0
5,uc605807.2,uc605807,2,0.9805871487188578,0.2193931022920578,LV,0.0,0
5,uc605801.2,uc605801,2,0.9891776830015844,0.2193931022920578,LV,0.0,0
5,uc607384.2,uc607384,2,0.9892794317041474,0.2193931022920578,LV,0.0,0
5,uc607385.2,uc607385,2,0.9844438530914836,0.2193931022920578,LV,0.0,0
5,uc609682.2,uc609682,2,0.9798861128369829,0.2193931022920578,LV,0.0,0
5,uc609683.2,uc609683,2,0.9918504018342954,0.2193931022920578,LV,0.0,0
5,uc607377.2,uc607377,2,0.994375340858156,0.2193931022920578,LV,0.0,0
5,uc607382.2,uc607382,2,0.9903802213813792,0.2193931022920578,LV,0.0,0
5,uc606117.2,uc606117,2,0.9920574359290152,0.2193931022920578,LV,0.0,0
5,uc606120.2,uc606120,2,0.9914605133261428,0.2193931022920578,LV,0.0,0
5,uc623433.2,uc623433,2,0.9802867891024917,0.2193931022920578,LV,0.0,0
5,uc623007.2,uc623007,2,0.9925113285808224,0.2193931022920578,LV,0.0,0
5,uc606147.2,uc606147,2,0.9858076638175729,0.2193931022920578,LV,0.0,0
5,uc606148.2,uc606148,2,0.9986055182142277,0.2193931022920578,LV,0.0,0
5,uc606150.2,uc606150,2,0.9965008763286304,0.2193931022920578,LV,0.0,0
5,uc606109.2,uc606109,2,0.9899841042443754,0.2193931022920578,LV,0.0,0
5,uc606110.2,uc606110,2,0.9890812018255657,0.2193931022920578,LV,0.0,0
5,uc606111.2,uc606111,2,0.9919300267416226,0.2193931022920578,LV,0.0,0
5,uc622720.2,uc622720,2,0.9890486739299779,0.2193931022920578,LV,0.0,0
5,uc623004.2,uc623004,2,0.9825243148715725,0.2193931022920578,LV,0.0,0
5,uc606103.2,uc606103,2,0.9889697162576411,0.2193931022920578,LV,0.0,0
5,uc606139.2,uc606139,2,0.9861537164212364,0.2193931022920578,LV,0.0,0
5,uc606143.2,uc606143,2,0.9892040989121892,0.2193931022920578,LV,0.0,0
5,uc605921.2,uc605921,2,0.9902174246675394,0.2193931022920578,LV,0.0,0
5,uc605915.2,uc605915,2,0.9904651146090895,0.2193931022920578,LV,0.0,0
5,uc606101.2,uc606101,2,0.9918968791089724,0.2193931022920578,LV,0.0,0
5,uc622273.2,uc622273,2,0.9876776401016562,0.2193931022920578,LV,0.0,0
5,uc605990.2,uc605990,2,0.9791190953282325,0.2193931022920578,LV,0.0,0
5,uc606130.2,uc606130,2,0.9926354631925924,0.2193931022920578,LV,0.0,0
5,uc606132.2,uc606132,2,0.989368298967329,0.2193931022920578,LV,0.0,0
5,uc622258.2,uc622258,2,0.9929936292968845,0.2193931022920578,LV,0.0,0
5,uc622270.2,uc622270,2,0.9963319036495532,0.2193931022920578,LV,0.0,0
5,uc605905.2,uc605905,2,0.9883993333101873,0.2193931022920578,LV,0.0,0
5,uc605909.2,uc605909,2,0.9946563657944327,0.2193931022920578,LV,0.0,0
5,uc605910.2,uc605910,2,0.9914333670984676,0.2193931022920578,LV,0.0,0
5,uc605911.2,uc605911,2,0.9924471638712647,0.2193931022920578,LV,0.0,0
5,uc606128.2,uc606128,2,0.9911484454808462,0.2193931022920578,LV,0.0,0
5,uc605904.2,uc605904,2,0.9885091421082522,0.2193931022920578,LV,0.0,0
5,uc1239552.2,uc1239552,2,0.9902040811041453,0.2193931022920578,LV,0.0,0
5,uc605817.2,uc605817,2,0.9908747804770188,0.2193931022920578,LV,0.0,0
5,uc605819.2,uc605819,2,0.9874172612766348,0.2193931022920578,LV,0.0,0
5,uc605820.2,uc605820,2,0.9806340895967692,0.2193931022920578,LV,0.0,0
5,uc605821.2,uc605821,2,0.9844183953882271,0.2193931022920578,LV,0.0,0
5,uc605822.2,uc605822,2,0.9804409004814558,0.2193931022920578,LV,0.0,0
5,uc639280.2,uc639280,2,0.9895292388902532,0.2193931022920578,LV,0.0,0
5,uc605898.2,uc605898,2,0.9940713856836042,0.2193931022920578,LV,0.0,0
5,uc605902.2,uc605902,2,0.9889680161583803,0.2193931022920578,LV,0.0,0
5,uc605982.2,uc605982,2,0.9804335148257013,0.2193931022920578,LV,0.0,0
5,uc605988.2,uc605988,2,0.9782319249640994,0.2193931022920578,LV,0.0,0
5,uc606126.2,uc606126,2,0.9915414853498754,0.2193931022920578,LV,0.0,0
5,uc606127.2,uc606127,2,0.9899474829115773,0.2193931022920578,LV,0.0,0
5,uc605896.2,uc605896,2,0.9813716164753409,0.2193931022920578,LV,0.0,0
5,uc606121.2,uc606121,2,0.9891633407167932,0.2193931022920578,LV,0.0,0
5,uc606122.2,uc606122,2,0.9856059433845219,0.2193931022920578,LV,0.0,0
5,uc606123.2,uc606123,2,0.9895396737868996,0.2193931022920578,LV,0.0,0
5,uc622709.2,uc622709,2,0.9892970846739005,0.2193931022920578,LV,0.0,0
5,uc639277.2,uc639277,2,0.9845871276408049,0.2193931022920578,LV,0.0,0
5,uc1139390.2,uc1139390,2,0.9901676943750604,0.2193931022920578,LV,0.0,0
5,uc605864.2,uc605864,2,0.9845173089308128,0.2193931022920578,LV,0.0,0
5,uc605865.2,uc605865,2,0.9840210211912662,0.2193931022920578,LV,0.0,0
5,uc638617.2,uc638617,2,0.9834847174518516,0.2193931022920578,LV,0.0,0
5,uc605855.2,uc605855,2,0.9819086286372188,0.2193931022920578,LV,0.0,0
5,uc1638606.2,uc1638606,2,0.9930014722901637,0.2193931022920578,LV,0.0,0
5,uc1638954.2,uc1638954,2,0.995412138217273,0.2193931022920578,LV,0.0,0
5,uc605836.2,uc605836,2,0.9668259654968699,0.2193931022920578,LV,0.0,0
5,uc1607303.2,uc1607303,2,0.9892442788009534,0.2193931022920578,LV,0.0,0
5,uc637705.2,uc637705,2,0.9882472149465644,0.2193931022920578,LV,0.0,0
5,uc1637704.2,uc1637704,2,1.0019465842748272,0.2193931022920578,LV,0.0,0
5,uc637576.2,uc637576,2,0.9893948065837003,0.2193931022920578,LV,0.0,0
5,uc637918.2,uc637918,2,0.9886097957956351,0.2193931022920578,LV,0.0,0
5,uc637360.2,uc637360,2,0.9895372545420923,0.2193931022920578,LV,0.0,0
5,uc637397.2,uc637397,2,0.9850199940218454,0.2193931022920578,LV,0.0,0
5,uc636933.2,uc636933,2,0.985830174082968,0.2193931022920578,LV,0.0,0
5,uc605908.2,uc605908,2,0.9957224495738878,0.2193931022920578,LV,0.0,0
5,uc635963.2,uc635963,2,0.9916003874246142,0.2193931022920578,LV,0.0,0
5,uc635543.2,uc635543,2,0.9899984120699685,0.2193931022920578,LV,0.0,0
5,uc635966.2,uc635966,2,0.9899872513244804,0.2193931022920578,LV,0.0,0
5,uc627328.2,uc627328,2,0.9778391868518068,0.2193931022920578,LV,0.0,0
5,uc635550.2,uc635550,2,0.9923908604260606,0.2193931022920578,LV,0.0,0
5,uc635862.2,uc635862,2,0.987948026683203,0.2193931022920578,LV,0.0,0
5,uc3435739.2,uc3435739,2,0.9820432844197713,0.2193931022920578,LV,0.0,0
5,uc634166.2,uc634166,2,0.9927571113947498,0.2193931022920578,LV,0.0,0
5,uc1633671.2,uc1633671,2,0.9909857294644595,0.2193931022920578,LV,0.0,0
5,uc633056.2,uc633056,2,0.991690181697182,0.2193931022920578,LV,0.0,0
5,uc632607.2,uc632607,2,0.9638715412986917,0.2193931022920578,LV,0.0,0
5,uc1632402.2,uc1632402,2,0.9869618525245822,0.2193931022920578,LV,0.0,0
5,uc1131858.2,uc1131858,2,0.982595347444116,0.2193931022920578,LV,0.0,0
5,uc631391.2,uc631391,2,0.9808774519406923,0.2193931022920578,LV,0.0,0
5,uc1630759.2,uc1630759,2,0.9856609077296792,0.2193931022920578,LV,0.0,0
5,uc630758.2,uc630758,2,0.9819409115236849,0.2193931022920578,LV,0.0,0
5,uc630753.2,uc630753,2,0.9842648801308137,0.2193931022920578,LV,0.0,0
5,uc628766.2,uc628766,2,0.9926500338191663,0.2193931022920578,LV,0.0,0
5,uc627346.2,uc627346,2,0.9939215753078184,0.2193931022920578,LV,0.0,0
5,uc1629422.2,uc1629422,2,0.9883343083468301,0.2193931022920578,LV,0.0,0
5,60651.3,60651,3,0.9949821558997156,13.336791218280357,MV,0.0,0
5,60721.3,60721,3,0.9949467782057169,13.336791218280357,MV,0.0,0
5,164151.3,164151,3,0.9952795620414905,13.336791218280357,MV,0.0,0
5,302191.3,302191,3,0.9913143242454483,13.336791218280357,MV,0.0,0
5,320841.3,320841,3,0.9934703587660061,13.336791218280357,MV,0.0,0
5,337711.3,337711,3,0.9913465308320262,13.336791218280357,MV,0.0,0
5,358691.3,358691,3,0.9988374970353632,13.336791218280357,MV,0.0,0
5,et6_1177.3,et6_1177,3,0.9928733498450896,0.2193931022920578,LV,0.0,0
5,461501.3,461501,3,0.9950520505296483,13.336791218280357,MV,0.0,0
5,686891.3,686891,3,0.9942393088079229,13.336791218280357,MV,0.0,0
5,703601.3,703601,3,0.9953877523052774,13.336791218280357,MV,0.0,0
5,713791.3,713791,3,0.994061438678939,13.336791218280357,MV,0.0,0
5,725731.3,725731,3,0.9936618520150537,13.336791218280357,MV,0.0,0
5,809501.3,809501,3,0.9944237888769379,13.336791218280357,MV,0.0,0
5,811221.3,811221,3,0.9952988496790958,13.336791218280357,MV,0.0,0
5,815111.3,815111,3,0.9913106270471208,13.336791218280357,MV,0.0,0
5,822371.3,822371,3,0.9938044853977356,13.336791218280357,MV,0.0,0
5,820611.3,820611,3,0.9947881447205964,13.336791218280357,MV,0.0,0
5,822641.3,822641,3,0.9938589610745078,13.336791218280357,MV,0.0,0
5,618431.3,618431,3,0.9949824323227636,13.336791218280357,MV,0.0,0
5,bt10401.3,bt10401,3,0.9906534291268588,0.2193931022920578,LV,0.0,0
5,bt197792.3,bt197792,3,0.9903594299305422,0.2193931022920578,LV,0.0,0
5,bt800551.3,bt800551,3,0.990410579943408,0.2193931022920578,LV,0.0,0
5,bt295341.3,bt295341,3,0.9902894794445807,0.2193931022920578,LV,0.0,0
5,bt800541.3,bt800541,3,0.990318756289712,0.2193931022920578,LV,0.0,0
5,bt295361.3,bt295361,3,0.9902894801227894,0.2193931022920578,LV,0.0,0
5,bt474991.3,bt474991,3,0.990289480585662,0.2193931022920578,LV,0.0,0
5,uc627336.3,uc627336,3,0.9926579467610444,0.2193931022920578,LV,0.0,0
5,uc1620373.3,uc1620373,3,0.9909896979760743,0.2193931022920578,LV,0.0,0
5,uc1607302.3,uc1607302,3,0.9906090803732209,0.2193931022920578,LV,0.0,0
5,uc1607304.3,uc1607304,3,0.99053983215473,0.2193931022920578,LV,0.0,0
5,uc1607298.3,uc1607298,3,0.9918898175448944,0.2193931022920578,LV,0.0,0
5,uc1607280.3,uc1607280,3,0.9884824640104518,0.2193931022920578,LV,0.0,0
5,uc1607285.3,uc1607285,3,0.9901417207525799,0.2193931022920578,LV,0.0,0
5,uc1607279.3,uc1607279,3,0.9900158378129155,0.2193931022920578,LV,0.0,0
5,uc1607347.3,uc1607347,3,0.9896805751266381,0.2193931022920578,LV,0.0,0
5,uc1124340.3,uc1124340,3,0.9900641417762077,0.2193931022920578,LV,0.0,0
5,uc605816.3,uc605816,3,0.9850929394165354,0.2193931022920578,LV,0.0,0
5,uc605815.3,uc605815,3,0.987394550134961,0.2193931022920578,LV,0.0,0
5,uc621171.3,uc621171,3,0.9904539630473547,0.2193931022920578,LV,0.0,0
5,uc607384.3,uc607384,3,0.9901278222072067,0.2193931022920578,LV,0.0,0
5,uc606117.3,uc606117,3,0.9929028319977034,0.2193931022920578,LV,0.0,0
5,uc606120.3,uc606120,3,0.9923055762703469,0.2193931022920578,LV,0.0,0
5,uc623007.3,uc623007,3,0.9924061540290062,0.2193931022920578,LV,0.0,0
5,uc605867.3,uc605867,3,0.9873474503286687,0.2193931022920578,LV,0.0,0
5,uc606150.3,uc606150,3,0.9967055611156436,0.2193931022920578,LV,0.0,0
5,uc606109.3,uc606109,3,0.9908282956687392,0.2193931022920578,LV,0.0,0
5,uc606110.3,uc606110,3,0.9899249775297062,0.2193931022920578,LV,0.0,0
5,uc606111.3,uc606111,3,0.9927753413063644,0.2193931022920578,LV,0.0,0
5,uc622722.3,uc622722,3,0.9879818527542432,0.2193931022920578,LV,0.0,0
5,uc623004.3,uc623004,3,0.9864726123538143,0.2193931022920578,LV,0.0,0
5,uc606101.3,uc606101,3,0.9927319800260793,0.2193931022920578,LV,0.0,0
5,uc606132.3,uc606132,3,0.990219730052369,0.2193931022920578,LV,0.0,0
5,uc605910.3,uc605910,3,0.9922730312686258,0.2193931022920578,LV,0.0,0
5,uc605911.3,uc605911,3,0.9932874610772268,0.2193931022920578,LV,0.0,0
5,uc605904.3,uc605904,3,0.9927950676249422,0.2193931022920578,LV,0.0,0
5,uc1239552.3,uc1239552,3,0.9916174840772853,0.2193931022920578,LV,0.0,0
5,uc605821.3,uc605821,3,0.9884710025951484,0.2193931022920578,LV,0.0,0
5,uc639280.3,uc639280,3,0.9905708440439865,0.2193931022920578,LV,0.0,0
5,uc605898.3,uc605898,3,0.9929221713686758,0.2193931022920578,LV,0.0,0
5,uc605902.3,uc605902,3,0.9897351564236001,0.2193931022920578,LV,0.0,0
5,uc606126.3,uc606126,3,0.9923942875933401,0.2193931022920578,LV,0.0,0
5,uc606127.3,uc606127,3,0.9907992999137213,0.2193931022920578,LV,0.0,0
5,uc606121.3,uc606121,3,0.9900062083442,0.2193931022920578,LV,0.0,0
5,uc606122.3,uc606122,3,0.9864460825097412,0.2193931022920578,LV,0.0,0
5,uc639277.3,uc639277,3,0.9886399340894614,0.2193931022920578,LV,0.0,0
5,uc1139390.3,uc1139390,3,0.9915810454093335,0.2193931022920578,LV,0.0,0
5,uc637576.3,uc637576,3,0.990244713151529,0.2193931022920578,LV,0.0,0
5,uc637918.3,uc637918,3,0.9896509193798456,0.2193931022920578,LV,0.0,0
5,uc637360.3,uc637360,3,0.9903810281557878,0.2193931022920578,LV,0.0,0
5,uc637397.3,uc637397,3,0.9866659176937337,0.2193931022920578,LV,0.0,0
5,uc635963.3,uc635963,3,0.9924455396364023,0.2193931022920578,LV,0.0,0
5,uc635543.3,uc635543,3,0.9908425832131966,0.2193931022920578,LV,0.0,0
5,uc635966.3,uc635966,3,0.9908314176820754,0.2193931022920578,LV,0.0,0
5,uc635550.3,uc635550,3,0.9932449345846703,0.2193931022920578,LV,0.0,0
5,uc635862.3,uc635862,3,0.9875995929599275,0.2193931022920578,LV,0.0,0
5,uc1633671.3,uc1633671,3,0.991115409520244,0.2193931022920578,LV,0.0,0
5,uc632607.3,uc632607,3,0.9655055660703011,0.2193931022920578,LV,0.0,0
5,uc1629422.3,uc1629422,3,0.9922771675953375,0.2193931022920578,LV,0.0,0
6,60651.1,60651,1,0.9925337754373003,13.336791218280357,MV,0.0,0
6,60721.1,60721,1,0.9925052422225028,13.336791218280357,MV,0.0,0
6,164151.1,164151,1,0.9927963714615329,13.336791218280357,MV,0.0,0
6,302191.1,302191,1,0.9860117420315089,13.336791218280357,MV,0.0,0
6,320841.1,320841,1,0.9904597737878642,13.336791218280357,MV,0.0,0
6,337711.1,337711,1,0.9860314970183623,13.336791218280357,MV,0.0,0
6,358691.1,358691,1,0.9980545403465995,13.336791218280357,MV,0.0,0
6,et6_1177.1,et6_1177,1,0.9907042691663481,0.2193931022920578,LV,0.0,0
6,461501.1,461501,1,0.9920849041727658,13.336791218280357,MV,0.0,0
6,686891.1,686891,1,0.9914725626429917,13.336791218280357,MV,0.0,0
6,703601.1,703601,1,0.9929197580092545,13.336791218280357,MV,0.0,0
6,713791.1,713791,1,0.9911182289024832,13.336791218280357,MV,0.0,0
6,725731.1,725731,1,0.9906369727885552,13.336791218280357,MV,0.0,0
6,809501.1,809501,1,0.991610332076291,13.336791218280357,MV,0.0,0
6,811221.1,811221,1,0.9928285305745521,13.336791218280357,MV,0.0,0
6,815111.1,815111,1,0.9860196855343987,13.336791218280357,MV,0.0,0
6,822371.1,822371,1,0.9908205870175891,13.336791218280357,MV,0.0,0
6,820611.1,820611,1,0.992184396888591,13.336791218280357,MV,0.0,0
6,822641.1,822641,1,0.9908579282581781,13.336791218280357,MV,0.0,0
6,618431.1,618431,1,0.9925337169102718,13.336791218280357,MV,0.0,0
6,bt10401.1,bt10401,1,0.9788181630146597,0.2193931022920578,LV,0.0,0
6,bt197792.1,bt197792,1,0.9772382707173742,0.2193931022920578,LV,0.0,0
6,bt800551.1,bt800551,1,0.9776625835646607,0.2193931022920578,LV,0.0,0
6,bt295341.1,bt295341,1,0.9762767895287852,0.2193931022920578,LV,0.0,0
6,bt800541.1,bt800541,1,0.9768889998268452,0.2193931022920578,LV,0.0,0
6,bt295361.1,bt295361,1,0.9757107230406379,0.2193931022920578,LV,0.0,0
6,bt474991.1,bt474991,1,0.9752649571072213,0.2193931022920578,LV,0.0,0
6,uc626695.1,uc626695,1,0.9715402628400058,0.2193931022920578,LV,0.0,0
6,uc1627323.1,uc1627323,1,0.976678337252846,0.2193931022920578,LV,0.0,0
6,uc1627342.1,uc1627342,1,0.9921783750588129,0.2193931022920578,LV,0.0,0
6,uc627343.1,uc627343,1,0.9902023674386032,0.2193931022920578,LV,0.0,0
6,uc627344.1,uc627344,1,0.9913995940393302,0.2193931022920578,LV,0.0,0
6,uc1626672.1,uc1626672,1,0.0,0.1270170592217177,LV,0.95,1
6,uc1626490.1,uc1626490,1,0.9908624085520792,0.2193931022920578,LV,0.0,0
6,uc3422706.1,uc3422706,1,0.9883333178647422,0.2193931022920578,LV,0.0,0
6,uc3425629.1,uc3425629,1,0.9884947522737637,0.2193931022920578,LV,0.0,0
6,uc3422597.1,uc3422597,1,0.9826758112572317,0.2193931022920578,LV,0.0,0
6,uc3405843.1,uc3405843,1,0.9830169171717688,0.2193931022920578,LV,0.0,0
6,uc3405844.1,uc3405844,1,0.9856127695115797,0.2193931022920578,LV,0.0,0
6,uc3405845.1,uc3405845,1,0.985338622514307,0.2193931022920578,LV,0.0,0
6,uc3405846.1,uc3405846,1,0.9834705556435255,0.2193931022920578,LV,0.0,0
6,uc1626486.1,uc1626486,1,0.9939863599472354,0.2193931022920578,LV,0.0,0
6,uc1626487.1,uc1626487,1,0.9853537053598292,0.2193931022920578,LV,0.0,0
6,uc626481.1,uc626481,1,0.9864210230099436,0.2193931022920578,LV,0.0,0
6,uc626678.1,uc626678,1,0.9782220782985482,0.2193931022920578,LV,0.0,0
6,uc626698.1,uc626698,1,0.988918213213486,0.2193931022920578,LV,0.0,0
6,uc626476.1,uc626476,1,0.9682963475427556,0.2193931022920578,LV,0.0,0
6,uc1627321.1,uc1627321,1,0.9914129325880653,0.2193931022920578,LV,0.0,0
6,uc1607319.1,uc1607319,1,0.9838909678594616,0.2193931022920578,LV,0.0,0
6,uc1607308.1,uc1607308,1,0.9831827858689569,0.2193931022920578,LV,0.0,0
6,uc1624026.1,uc1624026,1,0.0,0.1270170592217177,LV,0.95,1
6,uc1625170.1,uc1625170,1,0.9914319583823185,0.2193931022920578,LV,0.0,0
6,uc1621994.1,uc1621994,1,0.9930610513103554,0.2193931022920578,LV,0.0,0
6,uc1620360.1,uc1620360,1,0.9947550310872434,0.2193931022920578,LV,0.0,0
6,uc1620373.1,uc1620373,1,0.9861039967937347,0.2193931022920578,LV,0.0,0
6,uc1607302.1,uc1607302,1,0.9852552350571631,0.2193931022920578,LV,0.0,0
6,uc1607304.1,uc1607304,1,0.9821405070322028,0.2193931022920578,LV,0.0,0
6,uc1607305.1,uc1607305,1,0.9809299893570554,0.2193931022920578,LV,0.0,0
6,uc1607306.1,uc1607306,1,0.981764424043201,0.2193931022920578,LV,0.0,0
6,uc1607297.1,uc1607297,1,0.9895540731198182,0.2193931022920578,LV,0.0,0
6,uc1607298.1,uc1607298,1,0.9875786095180147,0.2193931022920578,LV,0.0,0
6,uc1607289.1,uc1607289,1,0.9918063303869238,0.2193931022920578,LV,0.0,0
6,uc1607290.1,uc1607290,1,0.9920269339788396,0.2193931022920578,LV,0.0,0
6,uc1607291.1,uc1607291,1,0.9898160753177311,0.2193931022920578,LV,0.0,0
6,uc1607280.1,uc1607280,1,0.9810025951540525,0.2193931022920578,LV,0.0,0
6,uc1607283.1,uc1607283,1,0.9732725067446734,0.2193931022920578,LV,0.0,0
6,uc1607285.1,uc1607285,1,0.9779108252507797,0.2193931022920578,LV,0.0,0
6,uc1607287.1,uc1607287,1,0.9796973485532487,0.2193931022920578,LV,0.0,0
6,uc1607288.1,uc1607288,1,0.9874470795504449,0.2193931022920578,LV,0.0,0
6,uc1607279.1,uc1607279,1,0.983816201804892,0.2193931022920578,LV,0.0,0
6,uc1607357.1,uc1607357,1,0.9885834158560846,0.2193931022920578,LV,0.0,0
6,uc1607358.1,uc1607358,1,0.9875811417480754,0.2193931022920578,LV,0.0,0
6,uc1607368.1,uc1607368,1,0.0,0.1270170592217177,LV,0.95,1
6,uc1607277.1,uc1607277,1,0.9958232612117219,0.2193931022920578,LV,0.0,0
6,uc1607278.1,uc1607278,1,0.9981085135738919,0.2193931022920578,LV,0.0,0
6,uc1607272.1,uc1607272,1,0.9810851075627728,0.2193931022920578,LV,0.0,0
6,uc1607273.1,uc1607273,1,0.9987808721214884,0.2193931022920578,LV,0.0,0
6,uc1607353.1,uc1607353,1,0.989163419851535,0.2193931022920578,LV,0.0,0
6,uc1607347.1,uc1607347,1,0.9938969677662475,0.2193931022920578,LV,0.0,0
6,uc1607349.1,uc1607349,1,0.9903316645558911,0.2193931022920578,LV,0.0,0
6,uc1107342.1,uc1107342,1,0.9795228291057629,0.2193931022920578,LV,0.0,0
6,uc1107340.1,uc1107340,1,0.9692333663831888,0.2193931022920578,LV,0.0,0
6,uc1105833.1,uc1105833,1,0.9850523897503547,0.2193931022920578,LV,0.0,0
6,uc1107330.1,uc1107330,1,0.9676563788233312,0.2193931022920578,LV,0.0,0
6,uc1607265.1,uc1607265,1,0.9705795248397812,0.2193931022920578,LV,0.0,0
6,uc1607268.1,uc1607268,1,0.9929132190148175,0.2193931022920578,LV,0.0,0
6,uc1607252.1,uc1607252,1,0.9811936219060335,0.2193931022920578,LV,0.0,0
6,uc1605991.1,uc1605991,1,0.9858529313582549,0.2193931022920578,LV,0.0,0
6,uc1605996.1,uc1605996,1,0.982050861939096,0.2193931022920578,LV,0.0,0
6,uc1607257.1,uc1607257,1,0.9863653399376003,0.2193931022920578,LV,0.0,0
6,uc1607258.1,uc1607258,1,0.9812158732185362,0.2193931022920578,LV,0.0,0
6,uc1124340.1,uc1124340,1,0.980892374541127,0.2193931022920578,LV,0.0,0
6,uc605816.1,uc605816,1,0.9787781839190184,0.2193931022920578,LV,0.0,0
6,uc605813.1,uc605813,1,0.989623669517197,0.2193931022920578,LV,0.0,0
6,uc609684.1,uc609684,1,0.9921724155007206,0.2193931022920578,LV,0.0,0
6,uc609686.1,uc609686,1,0.9931427275226965,0.2193931022920578,LV,0.0,0
6,uc609688.1,uc609688,1,0.9836056296252542,0.2193931022920578,LV,0.0,0
6,uc621168.1,uc621168,1,0.9881385994422955,0.2193931022920578,LV,0.0,0
6,uc621171.1,uc621171,1,0.985855830738649,0.2193931022920578,LV,0.0,0
6,uc605808.1,uc605808,1,0.9939799137894089,0.2193931022920578,LV,0.0,0
6,uc605809.1,uc605809,1,0.9771301268544914,0.2193931022920578,LV,0.0,0
6,uc605810.1,uc605810,1,0.989855931011281,0.2193931022920578,LV,0.0,0
6,uc605970.1,uc605970,1,0.987226791281956,0.2193931022920578,LV,0.0,0
6,uc605803.1,uc605803,1,0.9874592796307854,0.2193931022920578,LV,0.0,0
6,uc605804.1,uc605804,1,0.990195428906868,0.2193931022920578,LV,0.0,0
6,uc605806.1,uc605806,1,0.9878994771308995,0.2193931022920578,LV,0.0,0
6,uc607384.1,uc607384,1,0.9850913241271402,0.2193931022920578,LV,0.0,0
6,uc607387.1,uc607387,1,0.9888675277762962,0.2193931022920578,LV,0.0,0
6,uc609682.1,uc609682,1,0.974620392966056,0.2193931022920578,LV,0.0,0
6,uc624033.1,uc624033,1,0.9958493725183827,0.2193931022920578,LV,0.0,0
6,uc625156.1,uc625156,1,0.9875335117593429,0.2193931022920578,LV,0.0,0
6,uc625624.1,uc625624,1,0.9792874065563159,0.2193931022920578,LV,0.0,0
6,uc625625.1,uc625625,1,0.9928000259812497,0.2193931022920578,LV,0.0,0
6,uc607366.1,uc607366,1,0.9770419258798199,0.2193931022920578,LV,0.0,0
6,uc607367.1,uc607367,1,0.9894517038382509,0.2193931022920578,LV,0.0,0
6,uc606114.1,uc606114,1,0.9855615984020049,0.2193931022920578,LV,0.0,0
6,uc606117.1,uc606117,1,0.9903481957346295,0.2193931022920578,LV,0.0,0
6,uc606120.1,uc606120,1,0.9892153221264156,0.2193931022920578,LV,0.0,0
6,uc623015.1,uc623015,1,0.9759076319295096,0.2193931022920578,LV,0.0,0
6,uc623432.1,uc623432,1,0.982891395184658,0.2193931022920578,LV,0.0,0
6,uc624028.1,uc624028,1,0.9853896427920948,0.2193931022920578,LV,0.0,0
6,uc605873.1,uc605873,1,0.9895447793773408,0.2193931022920578,LV,0.0,0
6,uc623007.1,uc623007,1,0.9898458143196384,0.2193931022920578,LV,0.0,0
6,uc606147.1,uc606147,1,0.9896263031249213,0.2193931022920578,LV,0.0,0
6,uc606148.1,uc606148,1,0.9970802812317089,0.2193931022920578,LV,0.0,0
6,uc606150.1,uc606150,1,0.9947162759929356,0.2193931022920578,LV,0.0,0
6,uc606109.1,uc606109,1,0.9865027762502964,0.2193931022920578,LV,0.0,0
6,uc606110.1,uc606110,1,0.9848439909751265,0.2193931022920578,LV,0.0,0
6,uc606111.1,uc606111,1,0.9900989620985365,0.2193931022920578,LV,0.0,0
6,uc622777.1,uc622777,1,0.9987570423840765,0.2193931022920578,LV,0.0,0
6,uc623004.1,uc623004,1,0.9780438649913239,0.2193931022920578,LV,0.0,0
6,uc606103.1,uc606103,1,0.9866061548396667,0.2193931022920578,LV,0.0,0
6,uc606139.1,uc606139,1,0.9891572182123686,0.2193931022920578,LV,0.0,0
6,uc606141.1,uc606141,1,0.9819493248603578,0.2193931022920578,LV,0.0,0
6,uc606143.1,uc606143,1,0.990828013792829,0.2193931022920578,LV,0.0,0
6,uc605921.1,uc605921,1,0.9865308494451173,0.2193931022920578,LV,0.0,0
6,uc622713.1,uc622713,1,0.9889630133526323,0.2193931022920578,LV,0.0,0
6,uc622714.1,uc622714,1,0.9823027534736011,0.2193931022920578,LV,0.0,0
6,uc605993.1,uc605993,1,0.9889140661974212,0.2193931022920578,LV,0.0,0
6,uc606101.1,uc606101,1,0.9884649305295429,0.2193931022920578,LV,0.0,0
6,uc606102.1,uc606102,1,0.9880607138365443,0.2193931022920578,LV,0.0,0
6,uc622273.1,uc622273,1,0.9878609945304848,0.2193931022920578,LV,0.0,0
6,uc622703.1,uc622703,1,0.9716212995107384,0.2193931022920578,LV,0.0,0
6,uc605989.1,uc605989,1,0.9907310545182696,0.2193931022920578,LV,0.0,0
6,uc606130.1,uc606130,1,0.9920365043793308,0.2193931022920578,LV,0.0,0
6,uc606132.1,uc606132,1,0.9852348962248296,0.2193931022920578,LV,0.0,0
6,uc605914.1,uc605914,1,1.0017718338863242,0.2193931022920578,LV,0.0,0
6,uc622257.1,uc622257,1,0.9931411859796699,0.2193931022920578,LV,0.0,0
6,uc605909.1,uc605909,1,0.9936167853881968,0.2193931022920578,LV,0.0,0
6,uc605910.1,uc605910,1,0.9888330088861094,0.2193931022920578,LV,0.0,0
6,uc605911.1,uc605911,1,0.9907186649437613,0.2193931022920578,LV,0.0,0
6,uc606128.1,uc606128,1,0.9899519435861381,0.2193931022920578,LV,0.0,0
6,uc605823.1,uc605823,1,0.9771377357239089,0.2193931022920578,LV,0.0,0
6,uc605824.1,uc605824,1,0.9862635094138426,0.2193931022920578,LV,0.0,0
6,uc605904.1,uc605904,1,0.9895571244334277,0.2193931022920578,LV,0.0,0
6,uc621999.1,uc621999,1,0.9881366326192742,0.2193931022920578,LV,0.0,0
6,uc639553.1,uc639553,1,0.9862877482067863,0.2193931022920578,LV,0.0,0
6,uc1239552.1,uc1239552,1,0.9874677274727478,0.2193931022920578,LV,0.0,0
6,uc605817.1,uc605817,1,0.9872797826456263,0.2193931022920578,LV,0.0,0
6,uc605819.1,uc605819,1,0.9834001259533444,0.2193931022920578,LV,0.0,0
6,uc605820.1,uc605820,1,0.9816528986763995,0.2193931022920578,LV,0.0,0
6,uc605821.1,uc605821,1,0.9789771250315411,0.2193931022920578,LV,0.0,0
6,uc639280.1,uc639280,1,0.9867668412128101,0.2193931022920578,LV,0.0,0
6,uc605898.1,uc605898,1,0.9900173288897022,0.2193931022920578,LV,0.0,0
6,uc605901.1,uc605901,1,0.9919063962777023,0.2193931022920578,LV,0.0,0
6,uc605902.1,uc605902,1,0.9838828974052948,0.2193931022920578,LV,0.0,0
6,uc605985.1,uc605985,1,0.9821585178536576,0.2193931022920578,LV,0.0,0
6,uc606126.1,uc606126,1,0.9905029928875511,0.2193931022920578,LV,0.0,0
6,uc606127.1,uc606127,1,0.9863134510778025,0.2193931022920578,LV,0.0,0
6,uc605896.1,uc605896,1,0.9796022911037642,0.2193931022920578,LV,0.0,0
6,uc606121.1,uc606121,1,0.9847913131991018,0.2193931022920578,LV,0.0,0
6,uc606122.1,uc606122,1,0.9782461759566036,0.2193931022920578,LV,0.0,0
6,uc606123.1,uc606123,1,0.9882557100337187,0.2193931022920578,LV,0.0,0
6,uc606124.1,uc606124,1,0.9933181657756375,0.2193931022920578,LV,0.0,0
6,uc605825.1,uc605825,1,0.9794494929714476,0.2193931022920578,LV,0.0,0
6,uc623427.1,uc623427,1,0.9882557229227823,0.2193931022920578,LV,0.0,0
6,uc609687.1,uc609687,1,0.9942070396289758,0.2193931022920578,LV,0.0,0
6,uc639277.1,uc639277,1,0.979287406561971,0.2193931022920578,LV,0.0,0
6,uc1139390.1,uc1139390,1,0.9874314412971412,0.2193931022920578,LV,0.0,0
6,uc605863.1,uc605863,1,0.9791693866676449,0.2193931022920578,LV,0.0,0
6,uc605865.1,uc605865,1,0.97990471043866,0.2193931022920578,LV,0.0,0
6,uc1138614.1,uc1138614,1,0.9800971781931072,0.2193931022920578,LV,0.0,0
6,uc605855.1,uc605855,1,0.9783293218758875,0.2193931022920578,LV,0.0,0
6,uc605828.1,uc605828,1,0.9725104825177662,0.2193931022920578,LV,0.0,0
6,uc605829.1,uc605829,1,0.9845619947734877,0.2193931022920578,LV,0.0,0
6,uc605834.1,uc605834,1,0.9654761857985563,0.2193931022920578,LV,0.0,0
6,uc605835.1,uc605835,1,0.9656520776429091,0.2193931022920578,LV,0.0,0
6,uc605827.1,uc605827,1,0.9723578890736984,0.2193931022920578,LV,0.0,0
6,uc627337.1,uc627337,1,0.9829169258785411,0.2193931022920578,LV,0.0,0
6,uc637912.1,uc637912,1,0.9847601545725775,0.2193931022920578,LV,0.0,0
6,uc637576.1,uc637576,1,0.9881046921408791,0.2193931022920578,LV,0.0,0
6,uc637356.1,uc637356,1,0.987155706393556,0.2193931022920578,LV,0.0,0
6,uc637918.1,uc637918,1,0.9855914446919235,0.2193931022920578,LV,0.0,0
6,uc637360.1,uc637360,1,0.9856638879467773,0.2193931022920578,LV,0.0,0
6,uc637399.1,uc637399,1,0.9765038848017084,0.2193931022920578,LV,0.0,0
6,uc637397.1,uc637397,1,0.977896544905744,0.2193931022920578,LV,0.0,0
6,uc1137150.1,uc1137150,1,0.9844212037434906,0.2193931022920578,LV,0.0,0
6,uc1636598.1,uc1636598,1,0.0,0.1270170592217177,LV,0.95,1
6,uc636933.1,uc636933,1,0.9882945761782824,0.2193931022920578,LV,0.0,0
6,uc635963.1,uc635963,1,0.9894837756000198,0.2193931022920578,LV,0.0,0
6,uc635543.1,uc635543,1,0.987301543779823,0.2193931022920578,LV,0.0,0
6,uc635966.1,uc635966,1,0.9871649164280922,0.2193931022920578,LV,0.0,0
6,uc635550.1,uc635550,1,0.9907728886020393,0.2193931022920578,LV,0.0,0
6,uc635862.1,uc635862,1,0.9845975720904202,0.2193931022920578,LV,0.0,0
6,uc1635694.1,uc1635694,1,1.000541900260423,0.2193931022920578,LV,0.0,0
6,uc3435739.1,uc3435739,1,0.9809331926473892,0.2193931022920578,LV,0.0,0
6,uc1635060.1,uc1635060,1,0.9883261597066983,0.2193931022920578,LV,0.0,0
6,uc1607271.1,uc1607271,1,0.9913728592738941,0.2193931022920578,LV,0.0,0
6,uc605884.1,uc605884,1,0.9882406703477609,0.2193931022920578,LV,0.0,0
6,uc1609690.1,uc1609690,1,0.9949613669260282,0.2193931022920578,LV,0.0,0
6,uc1134165.1,uc1134165,1,0.9695207030914659,0.2193931022920578,LV,0.0,0
6,uc634166.1,uc634166,1,0.9915357283268823,0.2193931022920578,LV,0.0,0
6,uc1633896.1,uc1633896,1,0.9911216690133097,0.2193931022920578,LV,0.0,0
6,uc3433894.1,uc3433894,1,0.9845465717843546,0.2193931022920578,LV,0.0,0
6,uc1633892.1,uc1633892,1,0.9923408719494992,0.2193931022920578,LV,0.0,0
6,uc633672.1,uc633672,1,0.9942879687746917,0.2193931022920578,LV,0.0,0
6,uc1633671.1,uc1633671,1,0.9802246287800218,0.2193931022920578,LV,0.0,0
6,uc1632306.1,uc1632306,1,0.9941884759282332,0.2193931022920578,LV,0.0,0
6,uc632607.1,uc632607,1,0.9390468494424914,0.2193931022920578,LV,0.010953150557508562,1
6,uc632613.1,uc632613,1,0.9794785469093199,0.2193931022920578,LV,0.0,0
6,uc3432407.1,uc3432407,1,0.982602783558882,0.2193931022920578,LV,0.0,0
6,uc1632402.1,uc1632402,1,0.9725088668983478,0.2193931022920578,LV,0.0,0
6,uc1132019.1,uc1132019,1,0.9801005980585176,0.2193931022920578,LV,0.0,0
6,uc632016.1,uc632016,1,0.9893820208534708,0.2193931022920578,LV,0.0,0
6,uc1132015.1,uc1132015,1,0.9739369524663442,0.2193931022920578,LV,0.0,0
6,uc1132012.1,uc1132012,1,0.9881697000537809,0.2193931022920578,LV,0.0,0
6,uc631859.1,uc631859,1,0.9891094923438334,0.2193931022920578,LV,0.0,0
6,uc1631852.1,uc1631852,1,0.9878002266679279,0.2193931022920578,LV,0.0,0
6,uc1130761.1,uc1130761,1,0.9654152951211268,0.2193931022920578,LV,0.0,0
6,uc1630759.1,uc1630759,1,0.9702448216186614,0.2193931022920578,LV,0.0,0
6,uc630758.1,uc630758,1,0.9840130927637264,0.2193931022920578,LV,0.0,0
6,uc629428.1,uc629428,1,0.9904183280567618,0.2193931022920578,LV,0.0,0
6,uc1629639.1,uc1629639,1,0.9962823756336334,0.2193931022920578,LV,0.0,0
6,uc1229546.1,uc1229546,1,0.9790518916631281,0.2193931022920578,LV,0.0,0
6,uc628768.1,uc628768,1,0.9864916818187452,0.2193931022920578,LV,0.0,0
6,uc628757.1,uc628757,1,0.996316302090563,0.2193931022920578,LV,0.0,0
6,uc628766.1,uc628766,1,0.9920632147640039,0.2193931022920578,LV,0.0,0
6,uc628753.1,uc628753,1,0.9981015709228093,0.2193931022920578,LV,0.0,0
6,uc627346.1,uc627346,1,0.9925398213344264,0.2193931022920578,LV,0.0,0
6,uc1628760.1,uc1628760,1,0.9959104553431427,0.2193931022920578,LV,0.0,0
6,uc1629422.1,uc1629422,1,0.9878753222593386,0.2193931022920578,LV,0.0,0
6,uc626699.1,uc626699,1,0.9950361189261225,0.2193931022920578,LV,0.0,0
6,60651.2,60651,2,0.994386169241599,13.336791218280357,MV,0.0,0
6,60721.2,60721,2,0.9943576152446343,13.336791218280357,MV,0.0,0
6,164151.2,164151,2,0.9946489667258163,13.336791218280357,MV,0.0,0
6,302191.2,302191,2,0.9893486266738275,13.336791218280357,MV,0.0,0
6,320841.2,320841,2,0.9926005032835975,13.336791218280357,MV,0.0,0
6,337711.2,337711,2,0.9893684284142641,13.336791218280357,MV,0.0,0
6,358691.2,358691,2,0.9988376592293844,13.336791218280357,MV,0.0,0
6,et6_1177.2,et6_1177,2,0.9903422770876648,0.2193931022920578,LV,0.0,0
6,461501.2,461501,2,0.9942297484242738,13.336791218280357,MV,0.0,0
6,686891.2,686891,2,0.993564423352632,13.336791218280357,MV,0.0,0
6,703601.2,703601,2,0.9947569241644376,13.336791218280357,MV,0.0,0
6,713791.2,713791,2,0.9932552338780871,13.336791218280357,MV,0.0,0
6,725731.2,725731,2,0.992777834402136,13.336791218280357,MV,0.0,0
6,809501.2,809501,2,0.9936938970621396,13.336791218280357,MV,0.0,0
6,811221.2,811221,2,0.9946785949171616,13.336791218280357,MV,0.0,0
6,815111.2,815111,2,0.9893565662000142,13.336791218280357,MV,0.0,0
6,822371.2,822371,2,0.9929616074298362,13.336791218280357,MV,0.0,0
6,820611.2,820611,2,0.9941185225990615,13.336791218280357,MV,0.0,0
6,822641.2,822641,2,0.9930149690340984,13.336791218280357,MV,0.0,0
6,618431.2,618431,2,0.994386110911238,13.336791218280357,MV,0.0,0
6,bt10401.2,bt10401,2,0.9682438222587646,0.2193931022920578,LV,0.0,0
6,bt197792.2,bt197792,2,0.9673207197945202,0.2193931022920578,LV,0.0,0
6,bt800551.2,bt800551,2,0.9673207198133432,0.2193931022920578,LV,0.0,0
6,bt295341.2,bt295341,2,0.9655898009962333,0.2193931022920578,LV,0.0,0
6,bt800541.2,bt800541,2,0.9664409850186216,0.2193931022920578,LV,0.0,0
6,bt295361.2,bt295361,2,0.9642182738178607,0.2193931022920578,LV,0.0,0
6,bt474991.2,bt474991,2,0.9637783014763125,0.2193931022920578,LV,0.0,0
6,uc1627323.2,uc1627323,2,0.9611195075540104,0.2193931022920578,LV,0.0,0
6,uc3405987.2,uc3405987,2,0.9723653135396485,0.2193931022920578,LV,0.0,0
6,uc3405846.2,uc3405846,2,0.9760379028765988,0.2193931022920578,LV,0.0,0
6,uc3405847.2,uc3405847,2,0.9742154174593884,0.2193931022920578,LV,0.0,0
6,uc3405838.2,uc3405838,2,0.9671074950592956,0.2193931022920578,LV,0.0,0
6,uc1607326.2,uc1607326,2,0.9765975466525741,0.2193931022920578,LV,0.0,0
6,uc1607316.2,uc1607316,2,0.9743615265937478,0.2193931022920578,LV,0.0,0
6,uc1607308.2,uc1607308,2,0.9791288327124694,0.2193931022920578,LV,0.0,0
6,uc1623434.2,uc1623434,2,0.0,0.1270170592217177,LV,0.95,1
6,uc1620373.2,uc1620373,2,0.985832696016089,0.2193931022920578,LV,0.0,0
6,uc1607302.2,uc1607302,2,0.984992726783646,0.2193931022920578,LV,0.0,0
6,uc1607304.2,uc1607304,2,0.9849522144931823,0.2193931022920578,LV,0.0,0
6,uc1607306.2,uc1607306,2,0.9777117243339076,0.2193931022920578,LV,0.0,0
6,uc1607299.2,uc1607299,2,0.9860037886158859,0.2193931022920578,LV,0.0,0
6,uc1607297.2,uc1607297,2,0.9856855555848336,0.2193931022920578,LV,0.0,0
6,uc1607298.2,uc1607298,2,0.986460686952261,0.2193931022920578,LV,0.0,0
6,uc1607289.2,uc1607289,2,0.9901558075233046,0.2193931022920578,LV,0.0,0
6,uc1607291.2,uc1607291,2,0.9845425388807353,0.2193931022920578,LV,0.0,0
6,uc1607292.2,uc1607292,2,0.9831906492800019,0.2193931022920578,LV,0.0,0
6,uc1607280.2,uc1607280,2,0.9807538660572223,0.2193931022920578,LV,0.0,0
6,uc1607284.2,uc1607284,2,0.9818003185639947,0.2193931022920578,LV,0.0,0
6,uc1607285.2,uc1607285,2,0.9815180995924785,0.2193931022920578,LV,0.0,0
6,uc1607288.2,uc1607288,2,0.9823898375116703,0.2193931022920578,LV,0.0,0
6,uc1607279.2,uc1607279,2,0.9835681227916518,0.2193931022920578,LV,0.0,0
6,uc1607355.2,uc1607355,2,0.985495900825509,0.2193931022920578,LV,0.0,0
6,uc1607357.2,uc1607357,2,0.9873468298665006,0.2193931022920578,LV,0.0,0
6,uc1607358.2,uc1607358,2,0.9822030233970428,0.2193931022920578,LV,0.0,0
6,uc1607368.2,uc1607368,2,0.0,0.1270170592217177,LV,0.95,1
6,uc1607276.2,uc1607276,2,0.9940516432084731,0.2193931022920578,LV,0.0,0
6,uc1607278.2,uc1607278,2,0.9934031182908518,0.2193931022920578,LV,0.0,0
6,uc1607273.2,uc1607273,2,0.9906784927585238,0.2193931022920578,LV,0.0,0
6,uc1607328.2,uc1607328,2,0.9753766655406398,0.2193931022920578,LV,0.0,0
6,uc1607347.2,uc1607347,2,0.9936374132982112,0.2193931022920578,LV,0.0,0
6,uc1607350.2,uc1607350,2,0.9866979349786424,0.2193931022920578,LV,0.0,0
6,uc1107341.2,uc1107341,2,0.9703862835988549,0.2193931022920578,LV,0.0,0
6,uc1107333.2,uc1107333,2,0.9746755945687757,0.2193931022920578,LV,0.0,0
6,uc1607268.2,uc1607268,2,0.9917124647039396,0.2193931022920578,LV,0.0,0
6,uc1607252.2,uc1607252,2,0.972901271080662,0.2193931022920578,LV,0.0,0
6,uc1606000.2,uc1606000,2,0.9813627459947663,0.2193931022920578,LV,0.0,0
6,uc1607255.2,uc1607255,2,0.9839912433768437,0.2193931022920578,LV,0.0,0
6,uc1607258.2,uc1607258,2,0.972923715425866,0.2193931022920578,LV,0.0,0
6,uc1124041.2,uc1124041,2,0.9762457467507368,0.2193931022920578,LV,0.0,0
6,uc1124340.2,uc1124340,2,0.9814334633952391,0.2193931022920578,LV,0.0,0
6,uc1121173.2,uc1121173,2,0.9749224931995094,0.2193931022920578,LV,0.0,0
6,uc1107345.2,uc1107345,2,0.9813796426748594,0.2193931022920578,LV,0.0,0
6,uc605816.2,uc605816,2,0.9784238959300684,0.2193931022920578,LV,0.0,0
6,uc605812.2,uc605812,2,0.96387367563043,0.2193931022920578,LV,0.0,0
6,uc605813.2,uc605813,2,0.9898342776712398,0.2193931022920578,LV,0.0,0
6,uc609685.2,uc609685,2,0.9896315482039535,0.2193931022920578,LV,0.0,0
6,uc609688.2,uc609688,2,0.9814975423109243,0.2193931022920578,LV,0.0,0
6,uc621168.2,uc621168,2,0.9821866728426899,0.2193931022920578,LV,0.0,0
6,uc621171.2,uc621171,2,0.9853952960037063,0.2193931022920578,LV,0.0,0
6,uc605810.2,uc605810,2,0.9867872419883783,0.2193931022920578,LV,0.0,0
6,uc605807.2,uc605807,2,0.968186855484197,0.2193931022920578,LV,0.0,0
6,uc605801.2,uc605801,2,0.9839497411084569,0.2193931022920578,LV,0.0,0
6,uc607384.2,uc607384,2,0.9846449604921044,0.2193931022920578,LV,0.0,0
6,uc607385.2,uc607385,2,0.9769971442449695,0.2193931022920578,LV,0.0,0
6,uc609682.2,uc609682,2,0.9658298718727957,0.2193931022920578,LV,0.0,0
6,uc609683.2,uc609683,2,0.9857595430950047,0.2193931022920578,LV,0.0,0
6,uc607377.2,uc607377,2,0.9904084144383373,0.2193931022920578,LV,0.0,0
6,uc607382.2,uc607382,2,0.9833077703815105,0.2193931022920578,LV,0.0,0
6,uc606117.2,uc606117,2,0.9898901239351613,0.2193931022920578,LV,0.0,0
6,uc606120.2,uc606120,2,0.9887566903616098,0.2193931022920578,LV,0.0,0
6,uc623433.2,uc623433,2,0.9676347660337191,0.2193931022920578,LV,0.0,0
6,uc623007.2,uc623007,2,0.9894842359511359,0.2193931022920578,LV,0.0,0
6,uc606147.2,uc606147,2,0.9845437397295326,0.2193931022920578,LV,0.0,0
6,uc606148.2,uc606148,2,0.9970506349605481,0.2193931022920578,LV,0.0,0
6,uc606150.2,uc606150,2,0.9945587826709642,0.2193931022920578,LV,0.0,0
6,uc606109.2,uc606109,2,0.9860425749987735,0.2193931022920578,LV,0.0,0
6,uc606110.2,uc606110,2,0.9843838670389781,0.2193931022920578,LV,0.0,0
6,uc606111.2,uc606111,2,0.9896406911152325,0.2193931022920578,LV,0.0,0
6,uc622720.2,uc622720,2,0.9822989583073255,0.2193931022920578,LV,0.0,0
6,uc623004.2,uc623004,2,0.9747242781109298,0.2193931022920578,LV,0.0,0
6,uc606103.2,uc606103,2,0.9815627482294422,0.2193931022920578,LV,0.0,0
6,uc606139.2,uc606139,2,0.9788429376454765,0.2193931022920578,LV,0.0,0
6,uc606143.2,uc606143,2,0.9859979794966665,0.2193931022920578,LV,0.0,0
6,uc605921.2,uc605921,2,0.9842278537995541,0.2193931022920578,LV,0.0,0
6,uc605915.2,uc605915,2,0.9863011075542379,0.2193931022920578,LV,0.0,0
6,uc606101.2,uc606101,2,0.9893385868108724,0.2193931022920578,LV,0.0,0
6,uc622273.2,uc622273,2,0.9830266442776632,0.2193931022920578,LV,0.0,0
6,uc605990.2,uc605990,2,0.9655896512990725,0.2193931022920578,LV,0.0,0
6,uc606130.2,uc606130,2,0.9882525326420879,0.2193931022920578,LV,0.0,0
6,uc606132.2,uc606132,2,0.9848067324816602,0.2193931022920578,LV,0.0,0
6,uc622258.2,uc622258,2,0.9890390969192595,0.2193931022920578,LV,0.0,0
6,uc622270.2,uc622270,2,0.99322818576474,0.2193931022920578,LV,0.0,0
6,uc605905.2,uc605905,2,0.982505275639338,0.2193931022920578,LV,0.0,0
6,uc605909.2,uc605909,2,0.9917935179483863,0.2193931022920578,LV,0.0,0
6,uc605910.2,uc605910,2,0.988365074174668,0.2193931022920578,LV,0.0,0
6,uc605911.2,uc605911,2,0.9902521427030037,0.2193931022920578,LV,0.0,0
6,uc606128.2,uc606128,2,0.9855999972668456,0.2193931022920578,LV,0.0,0
6,uc605904.2,uc605904,2,0.9827093811929005,0.2193931022920578,LV,0.0,0
6,uc1239552.2,uc1239552,2,0.9871985405521881,0.2193931022920578,LV,0.0,0
6,uc605817.2,uc605817,2,0.9854661249109334,0.2193931022920578,LV,0.0,0
6,uc605819.2,uc605819,2,0.9812926196549988,0.2193931022920578,LV,0.0,0
6,uc605820.2,uc605820,2,0.9666435583631753,0.2193931022920578,LV,0.0,0
6,uc605821.2,uc605821,2,0.9764363531557494,0.2193931022920578,LV,0.0,0
6,uc605822.2,uc605822,2,0.9662915310739161,0.2193931022920578,LV,0.0,0
6,uc639280.2,uc639280,2,0.9865008231165782,0.2193931022920578,LV,0.0,0
6,uc605898.2,uc605898,2,0.9926214238685324,0.2193931022920578,LV,0.0,0
6,uc605902.2,uc605902,2,0.9834250201572704,0.2193931022920578,LV,0.0,0
6,uc605982.2,uc605982,2,0.9679044706583285,0.2193931022920578,LV,0.0,0
6,uc605988.2,uc605988,2,0.9640105670334326,0.2193931022920578,LV,0.0,0
6,uc606126.2,uc606126,2,0.9900851737949263,0.2193931022920578,LV,0.0,0
6,uc606127.2,uc606127,2,0.9858917246027419,0.2193931022920578,LV,0.0,0
6,uc605896.2,uc605896,2,0.9696081151508407,0.2193931022920578,LV,0.0,0
6,uc606121.2,uc606121,2,0.9843282632403447,0.2193931022920578,LV,0.0,0
6,uc606122.2,uc606122,2,0.9777789634047397,0.2193931022920578,LV,0.0,0
6,uc606123.2,uc606123,2,0.9878308617975141,0.2193931022920578,LV,0.0,0
6,uc622709.2,uc622709,2,0.9825543598874976,0.2193931022920578,LV,0.0,0
6,uc639277.2,uc639277,2,0.9767463114392219,0.2193931022920578,LV,0.0,0
6,uc1139390.2,uc1139390,2,0.9871622642667879,0.2193931022920578,LV,0.0,0
6,uc605864.2,uc605864,2,0.9771316603787785,0.2193931022920578,LV,0.0,0
6,uc605865.2,uc605865,2,0.9765927452410498,0.2193931022920578,LV,0.0,0
6,uc638617.2,uc638617,2,0.9756076225565783,0.2193931022920578,LV,0.0,0
6,uc605855.2,uc605855,2,0.9695441059541887,0.2193931022920578,LV,0.0,0
6,uc1638606.2,uc1638606,2,0.9849659558981545,0.2193931022920578,LV,0.0,0
6,uc1638954.2,uc1638954,2,0.9899369083824374,0.2193931022920578,LV,0.0,0
6,uc605836.2,uc605836,2,0.940845389041351,0.2193931022920578,LV,0.009154610958649001,1
6,uc1607303.2,uc1607303,2,0.982725399744492,0.2193931022920578,LV,0.0,0
6,uc637705.2,uc637705,2,0.9828515233083058,0.2193931022920578,LV,0.0,0
6,uc1637704.2,uc1637704,2,1.0015326733371221,0.2193931022920578,LV,0.0,0
6,uc637576.2,uc637576,2,0.9876798333368355,0.2193931022920578,LV,0.0,0
6,uc637918.2,uc637918,2,0.9853252139400169,0.2193931022920578,LV,0.0,0
6,uc637360.2,uc637360,2,0.9852027192478876,0.2193931022920578,LV,0.0,0
6,uc637397.2,uc637397,2,0.9775313536260317,0.2193931022920578,LV,0.0,0
6,uc636933.2,uc636933,2,0.9779717604333857,0.2193931022920578,LV,0.0,0
6,uc605908.2,uc605908,2,0.9938349310493784,0.2193931022920578,LV,0.0,0
6,uc635963.2,uc635963,2,0.9890253374170823,0.2193931022920578,LV,0.0,0
6,uc635543.2,uc635543,2,0.9868422176355129,0.2193931022920578,LV,0.0,0
6,uc635966.2,uc635966,2,0.9867056533632574,0.2193931022920578,LV,0.0,0
6,uc627328.2,uc627328,2,0.9632889646709585,0.2193931022920578,LV,0.0,0
6,uc635550.2,uc635550,2,0.9903578323477362,0.2193931022920578,LV,0.0,0
6,uc635862.2,uc635862,2,0.9842436534226856,0.2193931022920578,LV,0.0,0
6,uc3435739.2,uc3435739,2,0.9723686455824312,0.2193931022920578,LV,0.0,0
6,uc634166.2,uc634166,2,0.9883601677736443,0.2193931022920578,LV,0.0,0
6,uc1633671.2,uc1633671,2,0.9868913517279229,0.2193931022920578,LV,0.0,0
6,uc633056.2,uc633056,2,0.9854650628286837,0.2193931022920578,LV,0.0,0
6,uc632607.2,uc632607,2,0.9386184894993849,0.2193931022920578,LV,0.011381510500615089,1
6,uc1632402.2,uc1632402,2,0.9777778129101785,0.2193931022920578,LV,0.0,0
6,uc1131858.2,uc1131858,2,0.9706434050459032,0.2193931022920578,LV,0.0,0
6,uc631391.2,uc631391,2,0.9757419779847806,0.2193931022920578,LV,0.0,0
6,uc1630759.2,uc1630759,2,0.9753877870981111,0.2193931022920578,LV,0.0,0
6,uc630758.2,uc630758,2,0.9745810831858556,0.2193931022920578,LV,0.0,0
6,uc630753.2,uc630753,2,0.976153921767146,0.2193931022920578,LV,0.0,0
6,uc628766.2,uc628766,2,0.9882793376624286,0.2193931022920578,LV,0.0,0
6,uc627346.2,uc627346,2,0.9906724844357907,0.2193931022920578,LV,0.0,0
6,uc1629422.2,uc1629422,2,0.9831015797397914,0.2193931022920578,LV,0.0,0
6,60651.3,60651,3,0.9941821294039482,13.336791218280357,MV,0.0,0
6,60721.3,60721,3,0.9941535752340398,13.336791218280357,MV,0.0,0
6,164151.3,164151,3,0.9944449543657133,13.336791218280357,MV,0.0,0
6,302191.3,302191,3,0.9888397827399966,13.336791218280357,MV,0.0,0
6,320841.3,320841,3,0.9923434276642561,13.336791218280357,MV,0.0,0
6,337711.3,337711,3,0.9888595901256805,13.336791218280357,MV,0.0,0
6,358691.3,358691,3,0.9985853823225657,13.336791218280357,MV,0.0,0
6,et6_1177.3,et6_1177,3,0.9923252009840763,0.2193931022920578,LV,0.0,0
6,461501.3,461501,3,0.9939108551805956,13.336791218280357,MV,0.0,0
6,686891.3,686891,3,0.9933208628389052,13.336791218280357,MV,0.0,0
6,703601.3,703601,3,0.9945547467162553,13.336791218280357,MV,0.0,0
6,713791.3,713791,3,0.993001542844581,13.336791218280357,MV,0.0,0
6,725731.3,725731,3,0.9925207146202462,13.336791218280357,MV,0.0,0
6,809501.3,809501,3,0.9934556603857573,13.336791218280357,MV,0.0,0
6,811221.3,811221,3,0.994474886441898,13.336791218280357,MV,0.0,0
6,815111.3,815111,3,0.9888477211717847,13.336791218280357,MV,0.0,0
6,822371.3,822371,3,0.9927045750356769,13.336791218280357,MV,0.0,0
6,820611.3,820611,3,0.9939023085722666,13.336791218280357,MV,0.0,0
6,822641.3,822641,3,0.9927513816199326,13.336791218280357,MV,0.0,0
6,618431.3,618431,3,0.9941820710816177,13.336791218280357,MV,0.0,0
6,bt10401.3,bt10401,3,0.9933923594850023,0.2193931022920578,LV,0.0,0
6,bt197792.3,bt197792,3,0.9933614345612256,0.2193931022920578,LV,0.0,0
6,bt800551.3,bt800551,3,0.9933668152956318,0.2193931022920578,LV,0.0,0
6,bt295341.3,bt295341,3,0.9933540787271173,0.2193931022920578,LV,0.0,0
6,bt800541.3,bt800541,3,0.9933571575411835,0.2193931022920578,LV,0.0,0
6,bt295361.3,bt295361,3,0.9933540793865894,0.2193931022920578,LV,0.0,0
6,bt474991.3,bt474991,3,0.9933540798344748,0.2193931022920578,LV,0.0,0
6,uc627336.3,uc627336,3,0.9899340661699116,0.2193931022920578,LV,0.0,0
6,uc1620373.3,uc1620373,3,0.9881772547468654,0.2193931022920578,LV,0.0,0
6,uc1607302.3,uc1607302,3,0.9872635188403469,0.2193931022920578,LV,0.0,0
6,uc1607304.3,uc1607304,3,0.9872883729813143,0.2193931022920578,LV,0.0,0
6,uc1607298.3,uc1607298,3,0.9895779670451315,0.2193931022920578,LV,0.0,0
6,uc1607280.3,uc1607280,3,0.9827851901452088,0.2193931022920578,LV,0.0,0
6,uc1607285.3,uc1607285,3,0.9860875692129436,0.2193931022920578,LV,0.0,0
6,uc1607279.3,uc1607279,3,0.9856022812028523,0.2193931022920578,LV,0.0,0
6,uc1607347.3,uc1607347,3,0.9959742982871718,0.2193931022920578,LV,0.0,0
6,uc1124340.3,uc1124340,3,0.9864678025871345,0.2193931022920578,LV,0.0,0
6,uc605816.3,uc605816,3,0.9811046457138114,0.2193931022920578,LV,0.0,0
6,uc605815.3,uc605815,3,0.9826933888483627,0.2193931022920578,LV,0.0,0
6,uc621171.3,uc621171,3,0.9868167401968396,0.2193931022920578,LV,0.0,0
6,uc607384.3,uc607384,3,0.986073291177134,0.2193931022920578,LV,0.0,0
6,uc606117.3,uc606117,3,0.9913156535214761,0.2193931022920578,LV,0.0,0
6,uc606120.3,uc606120,3,0.9901812256066326,0.2193931022920578,LV,0.0,0
6,uc623007.3,uc623007,3,0.9914661370700647,0.2193931022920578,LV,0.0,0
6,uc605867.3,uc605867,3,0.9819808728797083,0.2193931022920578,LV,0.0,0
6,uc606150.3,uc606150,3,0.9949164705905692,0.2193931022920578,LV,0.0,0
6,uc606109.3,uc606109,3,0.9874646282111792,0.2193931022920578,LV,0.0,0
6,uc606110.3,uc606110,3,0.9858046640613956,0.2193931022920578,LV,0.0,0
6,uc606111.3,uc606111,3,0.9910659801906357,0.2193931022920578,LV,0.0,0
6,uc622722.3,uc622722,3,0.9835169733637015,0.2193931022920578,LV,0.0,0
6,uc623004.3,uc623004,3,0.9816226875900419,0.2193931022920578,LV,0.0,0
6,uc606101.3,uc606101,3,0.9907522418475392,0.2193931022920578,LV,0.0,0
6,uc606132.3,uc606132,3,0.9862333001056568,0.2193931022920578,LV,0.0,0
6,uc605910.3,uc605910,3,0.9897807652279033,0.2193931022920578,LV,0.0,0
6,uc605911.3,uc605911,3,0.9916696441233693,0.2193931022920578,LV,0.0,0
6,uc605904.3,uc605904,3,0.9904603769691904,0.2193931022920578,LV,0.0,0
6,uc1239552.3,uc1239552,3,0.9895446897540993,0.2193931022920578,LV,0.0,0
6,uc605821.3,uc605821,3,0.9835376772131803,0.2193931022920578,LV,0.0,0
6,uc639280.3,uc639280,3,0.9882595942153499,0.2193931022920578,LV,0.0,0
6,uc605898.3,uc605898,3,0.9904197656536006,0.2193931022920578,LV,0.0,0
6,uc605902.3,uc605902,3,0.9847287591817822,0.2193931022920578,LV,0.0,0
6,uc606126.3,uc606126,3,0.9915144309471625,0.2193931022920578,LV,0.0,0
6,uc606127.3,uc606127,3,0.9873186790865629,0.2193931022920578,LV,0.0,0
6,uc606121.3,uc606121,3,0.9857475837896705,0.2193931022920578,LV,0.0,0
6,uc606122.3,uc606122,3,0.979191530029856,0.2193931022920578,LV,0.0,0
6,uc639277.3,uc639277,3,0.9838482499638649,0.2193931022920578,LV,0.0,0
6,uc1139390.3,uc1139390,3,0.9895083272544937,0.2193931022920578,LV,0.0,0
6,uc637576.3,uc637576,3,0.9891035318879174,0.2193931022920578,LV,0.0,0
6,uc637918.3,uc637918,3,0.9870826335684963,0.2193931022920578,LV,0.0,0
6,uc637360.3,uc637360,3,0.9866237877862803,0.2193931022920578,LV,0.0,0
6,uc637397.3,uc637397,3,0.980209850796314,0.2193931022920578,LV,0.0,0
6,uc635963.3,uc635963,3,0.9904501306960942,0.2193931022920578,LV,0.0,0
6,uc635543.3,uc635543,3,0.9882639964028617,0.2193931022920578,LV,0.0,0
6,uc635966.3,uc635966,3,0.9881274049143594,0.2193931022920578,LV,0.0,0
6,uc635550.3,uc635550,3,0.9917894337456052,0.2193931022920578,LV,0.0,0
6,uc635862.3,uc635862,3,0.983262676156278,0.2193931022920578,LV,0.0,0
6,uc1633671.3,uc1633671,3,0.9870903134648414,0.2193931022920578,LV,0.0,0
6,uc632607.3,uc632607,3,0.9412587614375346,0.2193931022920578,LV,0.008741238562465337,1
6,uc1629422.3,uc1629422,3,0.9901153412437422,0.2193931022920578,LV,0.0,0
7,60651.1,60651,1,0.9888506322622834,13.336791218280357,MV,0.0,0
7,60721.1,60721,1,0.9887937642028947,13.336791218280357,MV,0.0,0
7,164151.1,164151,1,0.9893808197520618,13.336791218280357,MV,0.0,0
7,302191.1,302191,1,0.9814516757307294,13.336791218280357,MV,0.0,0
7,320841.1,320841,1,0.9854429446415199,13.336791218280357,MV,0.0,0
7,337711.1,337711,1,0.9814914366175599,13.336791218280357,MV,0.0,0
7,358691.1,358691,1,0.9972450947777272,13.336791218280357,MV,0.0,0
7,et6_1177.1,et6_1177,1,0.9873972534477324,0.2193931022920578,LV,0.0,0
7,461501.1,461501,1,0.9889177822252816,13.336791218280357,MV,0.0,0
7,686891.1,686891,1,0.9872144386809872,13.336791218280357,MV,0.0,0
7,703601.1,703601,1,0.9896006932116024,13.336791218280357,MV,0.0,0
7,713791.1,713791,1,0.9866834970254587,13.336791218280357,MV,0.0,0
7,725731.1,725731,1,0.9858381893746833,13.336791218280357,MV,0.0,0
7,809501.1,809501,1,0.9874797237265844,13.336791218280357,MV,0.0,0
7,811221.1,811221,1,0.9894423786434152,13.336791218280357,MV,0.0,0
7,815111.1,815111,1,0.9814659722803155,13.336791218280357,MV,0.0,0
7,822371.1,822371,1,0.9861390073595072,13.336791218280357,MV,0.0,0
7,820611.1,820611,1,0.9883082167963262,13.336791218280357,MV,0.0,0
7,822641.1,822641,1,0.9862897637149094,13.336791218280357,MV,0.0,0
7,618431.1,618431,1,0.9888504710448489,13.336791218280357,MV,0.0,0
7,bt10401.1,bt10401,1,0.9764408707893907,0.2193931022920578,LV,0.0,0
7,bt197792.1,bt197792,1,0.9749343650832027,0.2193931022920578,LV,0.0,0
7,bt800551.1,bt800551,1,0.9753686430039565,0.2193931022920578,LV,0.0,0
7,bt295341.1,bt295341,1,0.9741574759782359,0.2193931022920578,LV,0.0,0
7,bt800541.1,bt800541,1,0.9746821868415587,0.2193931022920578,LV,0.0,0
7,bt295361.1,bt295361,1,0.9736734413987573,0.2193931022920578,LV,0.0,0
7,bt474991.1,bt474991,1,0.9732922722858458,0.2193931022920578,LV,0.0,0
7,uc626695.1,uc626695,1,0.9700898765175066,0.2193931022920578,LV,0.0,0
7,uc1627323.1,uc1627323,1,0.9727029611740754,0.2193931022920578,LV,0.0,0
7,uc1627342.1,uc1627342,1,0.9916603059821951,0.2193931022920578,LV,0.0,0
7,uc627343.1,uc627343,1,0.9854801012742573,0.2193931022920578,LV,0.0,0
7,uc627344.1,uc627344,1,0.9880946929838794,0.2193931022920578,LV,0.0,0
7,uc1626672.1,uc1626672,1,0.0,0.1270170592217177,LV,0.95,1
7,uc1626490.1,uc1626490,1,0.9919245639375122,0.2193931022920578,LV,0.0,0
7,uc3422706.1,uc3422706,1,0.9840820363786338,0.2193931022920578,LV,0.0,0
7,uc3425629.1,uc3425629,1,0.9842472652592278,0.2193931022920578,LV,0.0,0
7,uc3422597.1,uc3422597,1,0.9793800253254824,0.2193931022920578,LV,0.0,0
7,uc3405843.1,uc3405843,1,0.9786385737150644,0.2193931022920578,LV,0.0,0
7,uc3405844.1,uc3405844,1,0.9846484580795747,0.2193931022920578,LV,0.0,0
7,uc3405845.1,uc3405845,1,0.9842010858634485,0.2193931022920578,LV,0.0,0
7,uc3405846.1,uc3405846,1,0.9791125635415207,0.2193931022920578,LV,0.0,0
7,uc1626486.1,uc1626486,1,0.9926309693319977,0.2193931022920578,LV,0.0,0
7,uc1626487.1,uc1626487,1,0.980818589907474,0.2193931022920578,LV,0.0,0
7,uc626481.1,uc626481,1,0.9818603148396737,0.2193931022920578,LV,0.0,0
7,uc626678.1,uc626678,1,0.9738121174173028,0.2193931022920578,LV,0.0,0
7,uc626698.1,uc626698,1,0.9857146002953983,0.2193931022920578,LV,0.0,0
7,uc626476.1,uc626476,1,0.9645616661517197,0.2193931022920578,LV,0.0,0
7,uc1627321.1,uc1627321,1,0.9908768324067824,0.2193931022920578,LV,0.0,0
7,uc1607319.1,uc1607319,1,0.9786398716289629,0.2193931022920578,LV,0.0,0
7,uc1607308.1,uc1607308,1,0.9785537279499821,0.2193931022920578,LV,0.0,0
7,uc1624026.1,uc1624026,1,0.0,0.1270170592217177,LV,0.95,1
7,uc1625170.1,uc1625170,1,0.9875111363055498,0.2193931022920578,LV,0.0,0
7,uc1621994.1,uc1621994,1,0.9916401035433936,0.2193931022920578,LV,0.0,0
7,uc1620360.1,uc1620360,1,0.9930026620144218,0.2193931022920578,LV,0.0,0
7,uc1620373.1,uc1620373,1,0.9816038734490727,0.2193931022920578,LV,0.0,0
7,uc1607302.1,uc1607302,1,0.9808834130111421,0.2193931022920578,LV,0.0,0
7,uc1607304.1,uc1607304,1,0.9775750394412364,0.2193931022920578,LV,0.0,0
7,uc1607305.1,uc1607305,1,0.9763361133124433,0.2193931022920578,LV,0.0,0
7,uc1607306.1,uc1607306,1,0.9771030418823641,0.2193931022920578,LV,0.0,0
7,uc1607297.1,uc1607297,1,0.9852289122767824,0.2193931022920578,LV,0.0,0
7,uc1607298.1,uc1607298,1,0.9832829368903705,0.2193931022920578,LV,0.0,0
7,uc1607289.1,uc1607289,1,0.9877336977702159,0.2193931022920578,LV,0.0,0
7,uc1607290.1,uc1607290,1,0.9879594797829586,0.2193931022920578,LV,0.0,0
7,uc1607291.1,uc1607291,1,0.9854969409520938,0.2193931022920578,LV,0.0,0
7,uc1607280.1,uc1607280,1,0.9769011986938665,0.2193931022920578,LV,0.0,0
7,uc1607283.1,uc1607283,1,0.9688318999309654,0.2193931022920578,LV,0.0,0
7,uc1607285.1,uc1607285,1,0.9735777083301669,0.2193931022920578,LV,0.0,0
7,uc1607287.1,uc1607287,1,0.9754331444547479,0.2193931022920578,LV,0.0,0
7,uc1607288.1,uc1607288,1,0.9832513109609109,0.2193931022920578,LV,0.0,0
7,uc1607279.1,uc1607279,1,0.9797795275864881,0.2193931022920578,LV,0.0,0
7,uc1607357.1,uc1607357,1,0.9846897261905678,0.2193931022920578,LV,0.0,0
7,uc1607358.1,uc1607358,1,0.9835898264304379,0.2193931022920578,LV,0.0,0
7,uc1607368.1,uc1607368,1,0.0,0.1270170592217177,LV,0.95,1
7,uc1607277.1,uc1607277,1,0.9961906942708403,0.2193931022920578,LV,0.0,0
7,uc1607278.1,uc1607278,1,0.9977292141773407,0.2193931022920578,LV,0.0,0
7,uc1607272.1,uc1607272,1,0.9815983685988091,0.2193931022920578,LV,0.0,0
7,uc1607273.1,uc1607273,1,0.9978560606402274,0.2193931022920578,LV,0.0,0
7,uc1607353.1,uc1607353,1,0.9854020884048541,0.2193931022920578,LV,0.0,0
7,uc1607347.1,uc1607347,1,0.999860441324662,0.2193931022920578,LV,0.0,0
7,uc1607349.1,uc1607349,1,0.9874882796829245,0.2193931022920578,LV,0.0,0
7,uc1107342.1,uc1107342,1,0.9749449300909591,0.2193931022920578,LV,0.0,0
7,uc1107340.1,uc1107340,1,0.9643494758379095,0.2193931022920578,LV,0.0,0
7,uc1105833.1,uc1105833,1,0.9804322032015884,0.2193931022920578,LV,0.0,0
7,uc1107330.1,uc1107330,1,0.9627351102534036,0.2193931022920578,LV,0.0,0
7,uc1607265.1,uc1607265,1,0.9663892240561798,0.2193931022920578,LV,0.0,0
7,uc1607268.1,uc1607268,1,0.9911647133280563,0.2193931022920578,LV,0.0,0
7,uc1607252.1,uc1607252,1,0.9770898077950233,0.2193931022920578,LV,0.0,0
7,uc1605991.1,uc1605991,1,0.981562186023,0.2193931022920578,LV,0.0,0
7,uc1605996.1,uc1605996,1,0.9825868498693388,0.2193931022920578,LV,0.0,0
7,uc1607257.1,uc1607257,1,0.9824618825343722,0.2193931022920578,LV,0.0,0
7,uc1607258.1,uc1607258,1,0.977112580893072,0.2193931022920578,LV,0.0,0
7,uc1124340.1,uc1124340,1,0.9763462174633698,0.2193931022920578,LV,0.0,0
7,uc605816.1,uc605816,1,0.9782207331344732,0.2193931022920578,LV,0.0,0
7,uc605813.1,uc605813,1,0.9862921270195221,0.2193931022920578,LV,0.0,0
7,uc609684.1,uc609684,1,0.9889584051661471,0.2193931022920578,LV,0.0,0
7,uc609686.1,uc609686,1,0.9899506528076292,0.2193931022920578,LV,0.0,0
7,uc609688.1,uc609688,1,0.9806796022187465,0.2193931022920578,LV,0.0,0
7,uc621168.1,uc621168,1,0.9834668267140708,0.2193931022920578,LV,0.0,0
7,uc621171.1,uc621171,1,0.9808151673471388,0.2193931022920578,LV,0.0,0
7,uc605808.1,uc605808,1,0.9908077425706903,0.2193931022920578,LV,0.0,0
7,uc605809.1,uc605809,1,0.974823671306616,0.2193931022920578,LV,0.0,0
7,uc605810.1,uc605810,1,0.9865130941723549,0.2193931022920578,LV,0.0,0
7,uc605970.1,uc605970,1,0.9827938902503028,0.2193931022920578,LV,0.0,0
7,uc605803.1,uc605803,1,0.9841923030761496,0.2193931022920578,LV,0.0,0
7,uc605804.1,uc605804,1,0.9868635949355228,0.2193931022920578,LV,0.0,0
7,uc605806.1,uc605806,1,0.9844256288909793,0.2193931022920578,LV,0.0,0
7,uc607384.1,uc607384,1,0.9802901826039353,0.2193931022920578,LV,0.0,0
7,uc607387.1,uc607387,1,0.9855183823029355,0.2193931022920578,LV,0.0,0
7,uc609682.1,uc609682,1,0.9701251428082899,0.2193931022920578,LV,0.0,0
7,uc624033.1,uc624033,1,0.9935598381421576,0.2193931022920578,LV,0.0,0
7,uc625156.1,uc625156,1,0.9842682813415887,0.2193931022920578,LV,0.0,0
7,uc625624.1,uc625624,1,0.974766895159228,0.2193931022920578,LV,0.0,0
7,uc625625.1,uc625625,1,0.9896004422913305,0.2193931022920578,LV,0.0,0
7,uc607366.1,uc607366,1,0.97473339050633,0.2193931022920578,LV,0.0,0
7,uc607367.1,uc607367,1,0.9861027395078551,0.2193931022920578,LV,0.0,0
7,uc606114.1,uc606114,1,0.9806905813820423,0.2193931022920578,LV,0.0,0
7,uc606117.1,uc606117,1,0.9854017747595302,0.2193931022920578,LV,0.0,0
7,uc606120.1,uc606120,1,0.9842603804157163,0.2193931022920578,LV,0.0,0
7,uc623015.1,uc623015,1,0.9738400663674153,0.2193931022920578,LV,0.0,0
7,uc623432.1,uc623432,1,0.9785572715184554,0.2193931022920578,LV,0.0,0
7,uc624028.1,uc624028,1,0.9809191589073688,0.2193931022920578,LV,0.0,0
7,uc605873.1,uc605873,1,0.9853071357583884,0.2193931022920578,LV,0.0,0
7,uc623007.1,uc623007,1,0.9865186334795807,0.2193931022920578,LV,0.0,0
7,uc606147.1,uc606147,1,0.9945029987883985,0.2193931022920578,LV,0.0,0
7,uc606148.1,uc606148,1,0.995343168579744,0.2193931022920578,LV,0.0,0
7,uc606150.1,uc606150,1,0.9936244406062579,0.2193931022920578,LV,0.0,0
7,uc606109.1,uc606109,1,0.9814901115352067,0.2193931022920578,LV,0.0,0
7,uc606110.1,uc606110,1,0.979793271617515,0.2193931022920578,LV,0.0,0
7,uc606111.1,uc606111,1,0.9851623723575892,0.2193931022920578,LV,0.0,0
7,uc622777.1,uc622777,1,0.9969421745883438,0.2193931022920578,LV,0.0,0
7,uc623004.1,uc623004,1,0.9753897306178552,0.2193931022920578,LV,0.0,0
7,uc606103.1,uc606103,1,0.9820711197866279,0.2193931022920578,LV,0.0,0
7,uc606139.1,uc606139,1,0.988182351379794,0.2193931022920578,LV,0.0,0
7,uc606141.1,uc606141,1,0.9819524032853665,0.2193931022920578,LV,0.0,0
7,uc606143.1,uc606143,1,0.9912159411184558,0.2193931022920578,LV,0.0,0
7,uc605921.1,uc605921,1,0.9819699843451534,0.2193931022920578,LV,0.0,0
7,uc622713.1,uc622713,1,0.9851722682484303,0.2193931022920578,LV,0.0,0
7,uc622714.1,uc622714,1,0.9796022700716798,0.2193931022920578,LV,0.0,0
7,uc605993.1,uc605993,1,0.9846251269545812,0.2193931022920578,LV,0.0,0
7,uc606101.1,uc606101,1,0.9840486691152919,0.2193931022920578,LV,0.0,0
7,uc606102.1,uc606102,1,0.983912042643141,0.2193931022920578,LV,0.0,0
7,uc622273.1,uc622273,1,0.9880009680105476,0.2193931022920578,LV,0.0,0
7,uc622703.1,uc622703,1,0.9701595516169861,0.2193931022920578,LV,0.0,0
7,uc605989.1,uc605989,1,0.9874862721281203,0.2193931022920578,LV,0.0,0
7,uc606130.1,uc606130,1,0.9872563965476191,0.2193931022920578,LV,0.0,0
7,uc606132.1,uc606132,1,0.9804671485613843,0.2193931022920578,LV,0.0,0
7,uc605914.1,uc605914,1,1.0011034301092483,0.2193931022920578,LV,0.0,0
7,uc622257.1,uc622257,1,0.988477855218544,0.2193931022920578,LV,0.0,0
7,uc605909.1,uc605909,1,0.9892642819674301,0.2193931022920578,LV,0.0,0
7,uc605910.1,uc605910,1,0.9843358125435248,0.2193931022920578,LV,0.0,0
7,uc605911.1,uc605911,1,0.986260875730513,0.2193931022920578,LV,0.0,0
7,uc606128.1,uc606128,1,0.9852156209353199,0.2193931022920578,LV,0.0,0
7,uc605823.1,uc605823,1,0.9725673414149915,0.2193931022920578,LV,0.0,0
7,uc605824.1,uc605824,1,0.981705215811451,0.2193931022920578,LV,0.0,0
7,uc605904.1,uc605904,1,0.9854434862219621,0.2193931022920578,LV,0.0,0
7,uc621999.1,uc621999,1,0.984758777632274,0.2193931022920578,LV,0.0,0
7,uc639553.1,uc639553,1,0.981259664973826,0.2193931022920578,LV,0.0,0
7,uc1239552.1,uc1239552,1,0.9827882256041304,0.2193931022920578,LV,0.0,0
7,uc605817.1,uc605817,1,0.9827494183606992,0.2193931022920578,LV,0.0,0
7,uc605819.1,uc605819,1,0.9798843630699757,0.2193931022920578,LV,0.0,0
7,uc605820.1,uc605820,1,0.9769913625584972,0.2193931022920578,LV,0.0,0
7,uc605821.1,uc605821,1,0.9744493766859251,0.2193931022920578,LV,0.0,0
7,uc639280.1,uc639280,1,0.9852282865227796,0.2193931022920578,LV,0.0,0
7,uc605898.1,uc605898,1,0.9862507454976609,0.2193931022920578,LV,0.0,0
7,uc605901.1,uc605901,1,0.9880390413657318,0.2193931022920578,LV,0.0,0
7,uc605902.1,uc605902,1,0.9798086146451653,0.2193931022920578,LV,0.0,0
7,uc605985.1,uc605985,1,0.9782573191957161,0.2193931022920578,LV,0.0,0
7,uc606126.1,uc606126,1,0.9872434671761124,0.2193931022920578,LV,0.0,0
7,uc606127.1,uc606127,1,0.9815744183110076,0.2193931022920578,LV,0.0,0
7,uc605896.1,uc605896,1,0.977124469528824,0.2193931022920578,LV,0.0,0
7,uc606121.1,uc606121,1,0.9800281699427125,0.2193931022920578,LV,0.0,0
7,uc606122.1,uc606122,1,0.9734018420935366,0.2193931022920578,LV,0.0,0
7,uc606123.1,uc606123,1,0.986454934225997,0.2193931022920578,LV,0.0,0
7,uc606124.1,uc606124,1,0.9887955051044471,0.2193931022920578,LV,0.0,0
7,uc605825.1,uc605825,1,0.9747416079870128,0.2193931022920578,LV,0.0,0
7,uc623427.1,uc623427,1,0.9864549470915558,0.2193931022920578,LV,0.0,0
7,uc609687.1,uc609687,1,0.9910398510133963,0.2193931022920578,LV,0.0,0
7,uc639277.1,uc639277,1,0.9747668951648343,0.2193931022920578,LV,0.0,0
7,uc1139390.1,uc1139390,1,0.9827521113847526,0.2193931022920578,LV,0.0,0
7,uc605863.1,uc605863,1,0.9755978072201277,0.2193931022920578,LV,0.0,0
7,uc605865.1,uc605865,1,0.9763501243887358,0.2193931022920578,LV,0.0,0
7,uc1138614.1,uc1138614,1,0.9753529504626803,0.2193931022920578,LV,0.0,0
7,uc605855.1,uc605855,1,0.9739196767597562,0.2193931022920578,LV,0.0,0
7,uc605828.1,uc605828,1,0.9679199657465254,0.2193931022920578,LV,0.0,0
7,uc605829.1,uc605829,1,0.9802475048871289,0.2193931022920578,LV,0.0,0
7,uc605834.1,uc605834,1,0.9607167338607677,0.2193931022920578,LV,0.0,0
7,uc605835.1,uc605835,1,0.9608967991876914,0.2193931022920578,LV,0.0,0
7,uc605827.1,uc605827,1,0.9677637637007362,0.2193931022920578,LV,0.0,0
7,uc627337.1,uc627337,1,0.9794232720781845,0.2193931022920578,LV,0.0,0
7,uc637912.1,uc637912,1,0.980450390843414,0.2193931022920578,LV,0.0,0
7,uc637576.1,uc637576,1,0.9864238790293526,0.2193931022920578,LV,0.0,0
7,uc637356.1,uc637356,1,0.9832292316849824,0.2193931022920578,LV,0.0,0
7,uc637918.1,uc637918,1,0.9845754532996178,0.2193931022920578,LV,0.0,0
7,uc637360.1,uc637360,1,0.9806211522454322,0.2193931022920578,LV,0.0,0
7,uc637399.1,uc637399,1,0.9742879913428629,0.2193931022920578,LV,0.0,0
7,uc637397.1,uc637397,1,0.973348715183289,0.2193931022920578,LV,0.0,0
7,uc1137150.1,uc1137150,1,0.9800423909746724,0.2193931022920578,LV,0.0,0
7,uc1636598.1,uc1636598,1,0.0,0.1270170592217177,LV,0.95,1
7,uc636933.1,uc636933,1,0.9870072384537049,0.2193931022920578,LV,0.0,0
7,uc635963.1,uc635963,1,0.9845184456628391,0.2193931022920578,LV,0.0,0
7,uc635543.1,uc635543,1,0.9831134393129246,0.2193931022920578,LV,0.0,0
7,uc635966.1,uc635966,1,0.982849009315252,0.2193931022920578,LV,0.0,0
7,uc635550.1,uc635550,1,0.9861255911950566,0.2193931022920578,LV,0.0,0
7,uc635862.1,uc635862,1,0.9816037390992032,0.2193931022920578,LV,0.0,0
7,uc1635694.1,uc1635694,1,1.0000878053158615,0.2193931022920578,LV,0.0,0
7,uc3435739.1,uc3435739,1,0.9780889889304313,0.2193931022920578,LV,0.0,0
7,uc1635060.1,uc1635060,1,0.9864707240067407,0.2193931022920578,LV,0.0,0
7,uc1607271.1,uc1607271,1,0.9895884325447336,0.2193931022920578,LV,0.0,0
7,uc605884.1,uc605884,1,0.9837181985077685,0.2193931022920578,LV,0.0,0
7,uc1609690.1,uc1609690,1,0.9933589780822414,0.2193931022920578,LV,0.0,0
7,uc1134165.1,uc1134165,1,0.9646436067063796,0.2193931022920578,LV,0.0,0
7,uc634166.1,uc634166,1,0.9873306163962404,0.2193931022920578,LV,0.0,0
7,uc1633896.1,uc1633896,1,0.9893314419077351,0.2193931022920578,LV,0.0,0
7,uc3433894.1,uc3433894,1,0.9802118520717088,0.2193931022920578,LV,0.0,0
7,uc1633892.1,uc1633892,1,0.9918266040934791,0.2193931022920578,LV,0.0,0
7,uc633672.1,uc633672,1,0.9911227120521917,0.2193931022920578,LV,0.0,0
7,uc1633671.1,uc1633671,1,0.9817826894558123,0.2193931022920578,LV,0.0,0
7,uc1632306.1,uc1632306,1,0.9903767534006982,0.2193931022920578,LV,0.0,0
7,uc632607.1,uc632607,1,0.9336618384764216,0.2193931022920578,LV,0.016338161523578365,1
7,uc632613.1,uc632613,1,0.9767130843020245,0.2193931022920578,LV,0.0,0
7,uc3432407.1,uc3432407,1,0.979305279092589,0.2193931022920578,LV,0.0,0
7,uc1632402.1,uc1632402,1,0.9683641625871946,0.2193931022920578,LV,0.0,0
7,uc1132019.1,uc1132019,1,0.9753564508631973,0.2193931022920578,LV,0.0,0
7,uc632016.1,uc632016,1,0.9860314184396584,0.2193931022920578,LV,0.0,0
7,uc1132015.1,uc1132015,1,0.9691608567439264,0.2193931022920578,LV,0.0,0
7,uc1132012.1,uc1132012,1,0.9835935823008443,0.2193931022920578,LV,0.0,0
7,uc631859.1,uc631859,1,0.9857524824305842,0.2193931022920578,LV,0.0,0
7,uc1631852.1,uc1631852,1,0.9838881046565402,0.2193931022920578,LV,0.0,0
7,uc1130761.1,uc1130761,1,0.9606355898646252,0.2193931022920578,LV,0.0,0
7,uc1630759.1,uc1630759,1,0.9660475513651948,0.2193931022920578,LV,0.0,0
7,uc630758.1,uc630758,1,0.983086760231902,0.2193931022920578,LV,0.0,0
7,uc629428.1,uc629428,1,0.9872199069694855,0.2193931022920578,LV,0.0,0
7,uc1629639.1,uc1629639,1,0.9946854533405347,0.2193931022920578,LV,0.0,0
7,uc1229546.1,uc1229546,1,0.9748990385075716,0.2193931022920578,LV,0.0,0
7,uc628768.1,uc628768,1,0.982181011882361,0.2193931022920578,LV,0.0,0
7,uc628757.1,uc628757,1,0.994635639189686,0.2193931022920578,LV,0.0,0
7,uc628766.1,uc628766,1,0.9872837332932373,0.2193931022920578,LV,0.0,0
7,uc628753.1,uc628753,1,0.995752359054719,0.2193931022920578,LV,0.0,0
7,uc627346.1,uc627346,1,0.9878303855259091,0.2193931022920578,LV,0.0,0
7,uc1628760.1,uc1628760,1,0.9945990319356167,0.2193931022920578,LV,0.0,0
7,uc1629422.1,uc1629422,1,0.9836890670770364,0.2193931022920578,LV,0.0,0
7,uc626699.1,uc626699,1,0.9904143404423571,0.2193931022920578,LV,0.0,0
7,60651.2,60651,2,0.9906749753333546,13.336791218280357,MV,0.0,0
7,60721.2,60721,2,0.9906180653786615,13.336791218280357,MV,0.0,0
7,164151.2,164151,2,0.9912055817273543,13.336791218280357,MV,0.0,0
7,302191.2,302191,2,0.9848080286955253,13.336791218280357,MV,0.0,0
7,320841.2,320841,2,0.9875246169412352,13.336791218280357,MV,0.0,0
7,337711.2,337711,2,0.9848478912581847,13.336791218280357,MV,0.0,0
7,358691.2,358691,2,0.9980057354783507,13.336791218280357,MV,0.0,0
7,et6_1177.2,et6_1177,2,0.9871041591808705,0.2193931022920578,LV,0.0,0
7,461501.2,461501,2,0.9910514133115486,13.336791218280357,MV,0.0,0
7,686891.2,686891,2,0.9892484351043845,13.336791218280357,MV,0.0,0
7,703601.2,703601,2,0.9914121083262714,13.336791218280357,MV,0.0,0
7,713791.2,713791,2,0.9887618365977553,13.336791218280357,MV,0.0,0
7,725731.2,725731,2,0.9879201450130394,13.336791218280357,MV,0.0,0
7,809501.2,809501,2,0.9895053774992815,13.336791218280357,MV,0.0,0
7,811221.2,811221,2,0.9912649528870227,13.336791218280357,MV,0.0,0
7,815111.2,815111,2,0.9848223094250329,13.336791218280357,MV,0.0,0
7,822371.2,822371,2,0.9882212474836222,13.336791218280357,MV,0.0,0
7,820611.2,820611,2,0.9902044641312762,13.336791218280357,MV,0.0,0
7,822641.2,822641,2,0.9883883566598978,13.336791218280357,MV,0.0,0
7,618431.2,618431,2,0.9906748145069991,13.336791218280357,MV,0.0,0
7,bt10401.2,bt10401,2,0.964256130044342,0.2193931022920578,LV,0.0,0
7,bt197792.2,bt197792,2,0.9633131193216039,0.2193931022920578,LV,0.0,0
7,bt800551.2,bt800551,2,0.9633131193403723,0.2193931022920578,LV,0.0,0
7,bt295341.2,bt295341,2,0.9615448712765893,0.2193931022920578,LV,0.0,0
7,bt800541.2,bt800541,2,0.9624144119055157,0.2193931022920578,LV,0.0,0
7,bt295361.2,bt295361,2,0.9601441459552942,0.2193931022920578,LV,0.0,0
7,bt474991.2,bt474991,2,0.959693789200537,0.2193931022920578,LV,0.0,0
7,uc1627323.2,uc1627323,2,0.9568499500393847,0.2193931022920578,LV,0.0,0
7,uc3405987.2,uc3405987,2,0.9702432201680695,0.2193931022920578,LV,0.0,0
7,uc3405846.2,uc3405846,2,0.9715412665584326,0.2193931022920578,LV,0.0,0
7,uc3405847.2,uc3405847,2,0.9721364381930306,0.2193931022920578,LV,0.0,0
7,uc3405838.2,uc3405838,2,0.9623970208954309,0.2193931022920578,LV,0.0,0
7,uc1607326.2,uc1607326,2,0.9726886136360202,0.2193931022920578,LV,0.0,0
7,uc1607316.2,uc1607316,2,0.9708262463892218,0.2193931022920578,LV,0.0,0
7,uc1607308.2,uc1607308,2,0.9744248016710949,0.2193931022920578,LV,0.0,0
7,uc1623434.2,uc1623434,2,0.0,0.1270170592217177,LV,0.95,1
7,uc1620373.2,uc1620373,2,0.981468319163903,0.2193931022920578,LV,0.0,0
7,uc1607302.2,uc1607302,2,0.9807492947016087,0.2193931022920578,LV,0.0,0
7,uc1607304.2,uc1607304,2,0.9805857347323425,0.2193931022920578,LV,0.0,0
7,uc1607306.2,uc1607306,2,0.9729754629728714,0.2193931022920578,LV,0.0,0
7,uc1607299.2,uc1607299,2,0.9818067109858275,0.2193931022920578,LV,0.0,0
7,uc1607297.2,uc1607297,2,0.9812855900631284,0.2193931022920578,LV,0.0,0
7,uc1607298.2,uc1607298,2,0.9822741183372307,0.2193931022920578,LV,0.0,0
7,uc1607289.2,uc1607289,2,0.9860511820669605,0.2193931022920578,LV,0.0,0
7,uc1607291.2,uc1607291,2,0.9801165718942462,0.2193931022920578,LV,0.0,0
7,uc1607292.2,uc1607292,2,0.9787334777677275,0.2193931022920578,LV,0.0,0
7,uc1607280.2,uc1607280,2,0.9767596597256375,0.2193931022920578,LV,0.0,0
7,uc1607284.2,uc1607284,2,0.9776697679867844,0.2193931022920578,LV,0.0,0
7,uc1607285.2,uc1607285,2,0.9773809063896767,0.2193931022920578,LV,0.0,0
7,uc1607288.2,uc1607288,2,0.9782078531219125,0.2193931022920578,LV,0.0,0
7,uc1607279.2,uc1607279,2,0.9796388441807196,0.2193931022920578,LV,0.0,0
7,uc1607355.2,uc1607355,2,0.98168896663293,0.2193931022920578,LV,0.0,0
7,uc1607357.2,uc1607357,2,0.9834309928161423,0.2193931022920578,LV,0.0,0
7,uc1607358.2,uc1607358,2,0.9781086344886836,0.2193931022920578,LV,0.0,0
7,uc1607368.2,uc1607368,2,0.0,0.1270170592217177,LV,0.95,1
7,uc1607276.2,uc1607276,2,0.9937881323202936,0.2193931022920578,LV,0.0,0
7,uc1607278.2,uc1607278,2,0.9929146052827725,0.2193931022920578,LV,0.0,0
7,uc1607273.2,uc1607273,2,0.9895681963302843,0.2193931022920578,LV,0.0,0
7,uc1607328.2,uc1607328,2,0.9714394400207992,0.2193931022920578,LV,0.0,0
7,uc1607347.2,uc1607347,2,0.9997501310730107,0.2193931022920578,LV,0.0,0
7,uc1607350.2,uc1607350,2,0.9881087563691842,0.2193931022920578,LV,0.0,0
7,uc1107341.2,uc1107341,2,0.9657272555163297,0.2193931022920578,LV,0.0,0
7,uc1107333.2,uc1107333,2,0.9701001580707223,0.2193931022920578,LV,0.0,0
7,uc1607268.2,uc1607268,2,0.9899379459868228,0.2193931022920578,LV,0.0,0
7,uc1607252.2,uc1607252,2,0.9686432143890057,0.2193931022920578,LV,0.0,0
7,uc1606000.2,uc1606000,2,0.9771573431062663,0.2193931022920578,LV,0.0,0
7,uc1607255.2,uc1607255,2,0.9802541156703783,0.2193931022920578,LV,0.0,0
7,uc1607258.2,uc1607258,2,0.9686661896024195,0.2193931022920578,LV,0.0,0
7,uc1124041.2,uc1124041,2,0.9714514046229838,0.2193931022920578,LV,0.0,0
7,uc1124340.2,uc1124340,2,0.9770675933382448,0.2193931022920578,LV,0.0,0
7,uc1121173.2,uc1121173,2,0.9703526400465143,0.2193931022920578,LV,0.0,0
7,uc1107345.2,uc1107345,2,0.9770125086089443,0.2193931022920578,LV,0.0,0
7,uc605816.2,uc605816,2,0.9780495795509113,0.2193931022920578,LV,0.0,0
7,uc605812.2,uc605812,2,0.959791343200242,0.2193931022920578,LV,0.0,0
7,uc605813.2,uc605813,2,0.9865839887790594,0.2193931022920578,LV,0.0,0
7,uc609685.2,uc609685,2,0.9863681992064954,0.2193931022920578,LV,0.0,0
7,uc609688.2,uc609688,2,0.9795608593373238,0.2193931022920578,LV,0.0,0
7,uc621168.2,uc621168,2,0.9774055137360196,0.2193931022920578,LV,0.0,0
7,uc621171.2,uc621171,2,0.9804228188873378,0.2193931022920578,LV,0.0,0
7,uc605810.2,uc605810,2,0.9833829102528484,0.2193931022920578,LV,0.0,0
7,uc605807.2,uc605807,2,0.9641978163991658,0.2193931022920578,LV,0.0,0
7,uc605801.2,uc605801,2,0.9814034116573987,0.2193931022920578,LV,0.0,0
7,uc607384.2,uc607384,2,0.9799121964135773,0.2193931022920578,LV,0.0,0
7,uc607385.2,uc607385,2,0.9731682665481173,0.2193931022920578,LV,0.0,0
7,uc609682.2,uc609682,2,0.9611717828673592,0.2193931022920578,LV,0.0,0
7,uc609683.2,uc609683,2,0.9824082309425556,0.2193931022920578,LV,0.0,0
7,uc607377.2,uc607377,2,0.9871615586566619,0.2193931022920578,LV,0.0,0
7,uc607382.2,uc607382,2,0.9798330466103621,0.2193931022920578,LV,0.0,0
7,uc606117.2,uc606117,2,0.9850121637699598,0.2193931022920578,LV,0.0,0
7,uc606120.2,uc606120,2,0.9838701470032312,0.2193931022920578,LV,0.0,0
7,uc623433.2,uc623433,2,0.9636326692601572,0.2193931022920578,LV,0.0,0
7,uc623007.2,uc623007,2,0.9862259632900882,0.2193931022920578,LV,0.0,0
7,uc606147.2,uc606147,2,0.9932579075893596,0.2193931022920578,LV,0.0,0
7,uc606148.2,uc606148,2,0.9952561610361126,0.2193931022920578,LV,0.0,0
7,uc606150.2,uc606150,2,0.9934896909832011,0.2193931022920578,LV,0.0,0
7,uc606109.2,uc606109,2,0.9810981399865101,0.2193931022920578,LV,0.0,0
7,uc606110.2,uc606110,2,0.979401316087697,0.2193931022920578,LV,0.0,0
7,uc606111.2,uc606111,2,0.9847725475350098,0.2193931022920578,LV,0.0,0
7,uc622720.2,uc622720,2,0.9777658517975772,0.2193931022920578,LV,0.0,0
7,uc623004.2,uc623004,2,0.9721845392403807,0.2193931022920578,LV,0.0,0
7,uc606103.2,uc606103,2,0.9769339916000968,0.2193931022920578,LV,0.0,0
7,uc606139.2,uc606139,2,0.9797200129192443,0.2193931022920578,LV,0.0,0
7,uc606143.2,uc606143,2,0.9895754877525973,0.2193931022920578,LV,0.0,0
7,uc605921.2,uc605921,2,0.9796238677071609,0.2193931022920578,LV,0.0,0
7,uc605915.2,uc605915,2,0.9822618146761274,0.2193931022920578,LV,0.0,0
7,uc606101.2,uc606101,2,0.9848015757752624,0.2193931022920578,LV,0.0,0
7,uc622273.2,uc622273,2,0.9863581978637281,0.2193931022920578,LV,0.0,0
7,uc605990.2,uc605990,2,0.961544673987843,0.2193931022920578,LV,0.0,0
7,uc606130.2,uc606130,2,0.9834027976929641,0.2193931022920578,LV,0.0,0
7,uc606132.2,uc606132,2,0.9801078911015286,0.2193931022920578,LV,0.0,0
7,uc622258.2,uc622258,2,0.9842910222680358,0.2193931022920578,LV,0.0,0
7,uc622270.2,uc622270,2,0.9907712089405701,0.2193931022920578,LV,0.0,0
7,uc605905.2,uc605905,2,0.9783195165977195,0.2193931022920578,LV,0.0,0
7,uc605909.2,uc605909,2,0.987405942549685,0.2193931022920578,LV,0.0,0
7,uc605910.2,uc605910,2,0.9839361444344417,0.2193931022920578,LV,0.0,0
7,uc605911.2,uc605911,2,0.9858627476792687,0.2193931022920578,LV,0.0,0
7,uc606128.2,uc606128,2,0.9807835858822943,0.2193931022920578,LV,0.0,0
7,uc605904.2,uc605904,2,0.9785293333688803,0.2193931022920578,LV,0.0,0
7,uc1239552.2,uc1239552,2,0.9826549190351574,0.2193931022920578,LV,0.0,0
7,uc605817.2,uc605817,2,0.9809014955761041,0.2193931022920578,LV,0.0,0
7,uc605819.2,uc605819,2,0.9787658214942601,0.2193931022920578,LV,0.0,0
7,uc605820.2,uc605820,2,0.9616841515057527,0.2193931022920578,LV,0.0,0
7,uc605821.2,uc605821,2,0.9720374630640422,0.2193931022920578,LV,0.0,0
7,uc605822.2,uc605822,2,0.9613239346491584,0.2193931022920578,LV,0.0,0
7,uc639280.2,uc639280,2,0.9850574064098818,0.2193931022920578,LV,0.0,0
7,uc605898.2,uc605898,2,0.9889840980105677,0.2193931022920578,LV,0.0,0
7,uc605902.2,uc605902,2,0.9794161812004732,0.2193931022920578,LV,0.0,0
7,uc605982.2,uc605982,2,0.96390875381767,0.2193931022920578,LV,0.0,0
7,uc605988.2,uc605988,2,0.9599314942735723,0.2193931022920578,LV,0.0,0
7,uc606126.2,uc606126,2,0.9868966758855096,0.2193931022920578,LV,0.0,0
7,uc606127.2,uc606127,2,0.9812217738847143,0.2193931022920578,LV,0.0,0
7,uc605896.2,uc605896,2,0.9656230966295775,0.2193931022920578,LV,0.0,0
7,uc606121.2,uc606121,2,0.9796332519135629,0.2193931022920578,LV,0.0,0
7,uc606122.2,uc606122,2,0.9730023903662102,0.2193931022920578,LV,0.0,0
7,uc606123.2,uc606123,2,0.986104341431427,0.2193931022920578,LV,0.0,0
7,uc622709.2,uc622709,2,0.9779273648372716,0.2193931022920578,LV,0.0,0
7,uc639277.2,uc639277,2,0.972354672002446,0.2193931022920578,LV,0.0,0
7,uc1139390.2,uc1139390,2,0.9826188097128394,0.2193931022920578,LV,0.0,0
7,uc605864.2,uc605864,2,0.9733057516180722,0.2193931022920578,LV,0.0,0
7,uc605865.2,uc605865,2,0.9731528949509848,0.2193931022920578,LV,0.0,0
7,uc638617.2,uc638617,2,0.9721448537554834,0.2193931022920578,LV,0.0,0
7,uc605855.2,uc605855,2,0.9649717402385743,0.2193931022920578,LV,0.0,0
7,uc1638606.2,uc1638606,2,0.9842762259663068,0.2193931022920578,LV,0.0,0
7,uc1638954.2,uc1638954,2,0.9888091798211889,0.2193931022920578,LV,0.0,0
7,uc605836.2,uc605836,2,0.9355297184372409,0.2193931022920578,LV,0.01447028156275909,1
7,uc1607303.2,uc1607303,2,0.9783217072546789,0.2193931022920578,LV,0.0,0
7,uc637705.2,uc637705,2,0.9804787858468141,0.2193931022920578,LV,0.0,0
7,uc1637704.2,uc1637704,2,1.0013308388675288,0.2193931022920578,LV,0.0,0
7,uc637576.2,uc637576,2,0.9860732026555874,0.2193931022920578,LV,0.0,0
7,uc637918.2,uc637918,2,0.9844038852782753,0.2193931022920578,LV,0.0,0
7,uc637360.2,uc637360,2,0.9802281386725954,0.2193931022920578,LV,0.0,0
7,uc637397.2,uc637397,2,0.9731573710841191,0.2193931022920578,LV,0.0,0
7,uc636933.2,uc636933,2,0.9785352678484687,0.2193931022920578,LV,0.0,0
7,uc605908.2,uc605908,2,0.9896150990954627,0.2193931022920578,LV,0.0,0
7,uc635963.2,uc635963,2,0.9841284214520779,0.2193931022920578,LV,0.0,0
7,uc635543.2,uc635543,2,0.9827235387658741,0.2193931022920578,LV,0.0,0
7,uc635966.2,uc635966,2,0.9824592344330179,0.2193931022920578,LV,0.0,0
7,uc627328.2,uc627328,2,0.9591927862114256,0.2193931022920578,LV,0.0,0
7,uc635550.2,uc635550,2,0.9857800099177803,0.2193931022920578,LV,0.0,0
7,uc635862.2,uc635862,2,0.9814290456587794,0.2193931022920578,LV,0.0,0
7,uc3435739.2,uc3435739,2,0.9707445022237773,0.2193931022920578,LV,0.0,0
7,uc634166.2,uc634166,2,0.9840944480118249,0.2193931022920578,LV,0.0,0
7,uc1633671.2,uc1633671,2,0.9886303731219585,0.2193931022920578,LV,0.0,0
7,uc633056.2,uc633056,2,0.9821068235473336,0.2193931022920578,LV,0.0,0
7,uc632607.2,uc632607,2,0.9333995061848858,0.2193931022920578,LV,0.016600493815114192,1
7,uc1632402.2,uc1632402,2,0.9737652738975073,0.2193931022920578,LV,0.0,0
7,uc1131858.2,uc1131858,2,0.96599044380827,0.2193931022920578,LV,0.0,0
7,uc631391.2,uc631391,2,0.9741082069441811,0.2193931022920578,LV,0.0,0
7,uc1630759.2,uc1630759,2,0.9713196680478781,0.2193931022920578,LV,0.0,0
7,uc630758.2,uc630758,2,0.9765635108119755,0.2193931022920578,LV,0.0,0
7,uc630753.2,uc630753,2,0.9717483303249547,0.2193931022920578,LV,0.0,0
7,uc628766.2,uc628766,2,0.9834302335564001,0.2193931022920578,LV,0.0,0
7,uc627346.2,uc627346,2,0.9859279137144425,0.2193931022920578,LV,0.0,0
7,uc1629422.2,uc1629422,2,0.978936388090617,0.2193931022920578,LV,0.0,0
7,60651.3,60651,3,0.99034916815103,13.336791218280357,MV,0.0,0
7,60721.3,60721,3,0.9902922605916359,13.336791218280357,MV,0.0,0
7,164151.3,164151,3,0.9908797973932991,13.336791218280357,MV,0.0,0
7,302191.3,302191,3,0.9840805803332372,13.336791218280357,MV,0.0,0
7,320841.3,320841,3,0.9871502152051774,13.336791218280357,MV,0.0,0
7,337711.3,337711,3,0.984120428830124,13.336791218280357,MV,0.0,0
7,358691.3,358691,3,0.9976908243830505,13.336791218280357,MV,0.0,0
7,et6_1177.3,et6_1177,3,0.9892124371686059,0.2193931022920578,LV,0.0,0
7,461501.3,461501,3,0.9905969486311285,13.336791218280357,MV,0.0,0
7,686891.3,686891,3,0.988887507309817,13.336791218280357,MV,0.0,0
7,703601.3,703601,3,0.9910879168520003,13.336791218280357,MV,0.0,0
7,713791.3,713791,3,0.9883909280628683,13.336791218280357,MV,0.0,0
7,725731.3,725731,3,0.9875456893115876,13.336791218280357,MV,0.0,0
7,809501.3,809501,3,0.9891498689090352,13.336791218280357,MV,0.0,0
7,811221.3,811221,3,0.9909394336358642,13.336791218280357,MV,0.0,0
7,815111.3,815111,3,0.9840948635864538,13.336791218280357,MV,0.0,0
7,822371.3,822371,3,0.9878468681574941,13.336791218280357,MV,0.0,0
7,820611.3,820611,3,0.9898679613156938,13.336791218280357,MV,0.0,0
7,822641.3,822641,3,0.9880074264808351,13.336791218280357,MV,0.0,0
7,618431.3,618431,3,0.9903490073029361,13.336791218280357,MV,0.0,0
7,bt10401.3,bt10401,3,0.9905491778662865,0.2193931022920578,LV,0.0,0
7,bt197792.3,bt197792,3,0.9905491792493328,0.2193931022920578,LV,0.0,0
7,bt800551.3,bt800551,3,0.9905491790894035,0.2193931022920578,LV,0.0,0
7,bt295341.3,bt295341,3,0.990549180533554,0.2193931022920578,LV,0.0,0
7,bt800541.3,bt800541,3,0.990549179916511,0.2193931022920578,LV,0.0,0
7,bt295361.3,bt295361,3,0.9905491811923398,0.2193931022920578,LV,0.0,0
7,bt474991.3,bt474991,3,0.9905491816394022,0.2193931022920578,LV,0.0,0
7,uc627336.3,uc627336,3,0.9861745054795924,0.2193931022920578,LV,0.0,0
7,uc1620373.3,uc1620373,3,0.9837580845003588,0.2193931022920578,LV,0.0,0
7,uc1607302.3,uc1607302,3,0.9829682210834818,0.2193931022920578,LV,0.0,0
7,uc1607304.3,uc1607304,3,0.9828669154219997,0.2193931022920578,LV,0.0,0
7,uc1607298.3,uc1607298,3,0.9853580761067952,0.2193931022920578,LV,0.0,0
7,uc1607280.3,uc1607280,3,0.9787463899141362,0.2193931022920578,LV,0.0,0
7,uc1607285.3,uc1607285,3,0.9819540897863951,0.2193931022920578,LV,0.0,0
7,uc1607279.3,uc1607279,3,0.9816283502311345,0.2193931022920578,LV,0.0,0
7,uc1607347.3,uc1607347,3,1.0020250243935085,0.2193931022920578,LV,0.0,0
7,uc1124340.3,uc1124340,3,0.9820886104025599,0.2193931022920578,LV,0.0,0
7,uc605816.3,uc605816,3,0.9806415579735392,0.2193931022920578,LV,0.0,0
7,uc605815.3,uc605815,3,0.9794940338368544,0.2193931022920578,LV,0.0,0
7,uc621171.3,uc621171,3,0.9817906204172259,0.2193931022920578,LV,0.0,0
7,uc607384.3,uc607384,3,0.9812872861500159,0.2193931022920578,LV,0.0,0
7,uc606117.3,uc606117,3,0.9863838009344321,0.2193931022920578,LV,0.0,0
7,uc606120.3,uc606120,3,0.9852408607498717,0.2193931022920578,LV,0.0,0
7,uc623007.3,uc623007,3,0.9883331848580236,0.2193931022920578,LV,0.0,0
7,uc605867.3,uc605867,3,0.9781203275405499,0.2193931022920578,LV,0.0,0
7,uc606150.3,uc606150,3,0.9938411103214979,0.2193931022920578,LV,0.0,0
7,uc606109.3,uc606109,3,0.9824665260101489,0.2193931022920578,LV,0.0,0
7,uc606110.3,uc606110,3,0.9807684813014714,0.2193931022920578,LV,0.0,0
7,uc606111.3,uc606111,3,0.9861439736205415,0.2193931022920578,LV,0.0,0
7,uc622722.3,uc622722,3,0.9800902400580441,0.2193931022920578,LV,0.0,0
7,uc623004.3,uc623004,3,0.9790956352426919,0.2193931022920578,LV,0.0,0
7,uc606101.3,uc606101,3,0.986161837642567,0.2193931022920578,LV,0.0,0
7,uc606132.3,uc606132,3,0.9814808755204881,0.2193931022920578,LV,0.0,0
7,uc605910.3,uc605910,3,0.9852982896393913,0.2193931022920578,LV,0.0,0
7,uc605911.3,uc605911,3,0.9872265774793191,0.2193931022920578,LV,0.0,0
7,uc605904.3,uc605904,3,0.986366271032567,0.2193931022920578,LV,0.0,0
7,uc1239552.3,uc1239552,3,0.9849457972671909,0.2193931022920578,LV,0.0,0
7,uc605821.3,uc605821,3,0.9791491414745144,0.2193931022920578,LV,0.0,0
7,uc639280.3,uc639280,3,0.9867767733557855,0.2193931022920578,LV,0.0,0
7,uc605898.3,uc605898,3,0.9866716155287915,0.2193931022920578,LV,0.0,0
7,uc605902.3,uc605902,3,0.9806775931898778,0.2193931022920578,LV,0.0,0
7,uc606126.3,uc606126,3,0.9882715976185985,0.2193931022920578,LV,0.0,0
7,uc606127.3,uc606127,3,0.9825951501554885,0.2193931022920578,LV,0.0,0
7,uc606121.3,uc606121,3,0.9809991955424489,0.2193931022920578,LV,0.0,0
7,uc606122.3,uc606122,3,0.9743618713125981,0.2193931022920578,LV,0.0,0
7,uc639277.3,uc639277,3,0.979466966624417,0.2193931022920578,LV,0.0,0
7,uc1139390.3,uc1139390,3,0.9849096037616976,0.2193931022920578,LV,0.0,0
7,uc637576.3,uc637576,3,0.9874417249561795,0.2193931022920578,LV,0.0,0
7,uc637918.3,uc637918,3,0.9861220859231035,0.2193931022920578,LV,0.0,0
7,uc637360.3,uc637360,3,0.9815956049232039,0.2193931022920578,LV,0.0,0
7,uc637397.3,uc637397,3,0.9757531721122853,0.2193931022920578,LV,0.0,0
7,uc635963.3,uc635963,3,0.9854993624163376,0.2193931022920578,LV,0.0,0
7,uc635543.3,uc635543,3,0.9840913041345744,0.2193931022920578,LV,0.0,0
7,uc635966.3,uc635966,3,0.9838269546747637,0.2193931022920578,LV,0.0,0
7,uc635550.3,uc635550,3,0.9871577524025626,0.2193931022920578,LV,0.0,0
7,uc635862.3,uc635862,3,0.9802821405636537,0.2193931022920578,LV,0.0,0
7,uc1633671.3,uc1633671,3,0.9888209959526261,0.2193931022920578,LV,0.0,0
7,uc632607.3,uc632607,3,0.9359616502280834,0.2193931022920578,LV,0.014038349771916536,1
7,uc1629422.3,uc1629422,3,0.9860044212011273,0.2193931022920578,LV,0.0,0
8,60651.1,60651,1,0.986178942628884,13.336791218280357,MV,0.0,0
8,60721.1,60721,1,0.986088469159628,13.336791218280357,MV,0.0,0
8,164151.1,164151,1,0.9870187694503617,13.336791218280357,MV,0.0,0
8,302191.1,302191,1,0.9797506164386545,13.336791218280357,MV,0.0,0
8,320841.1,320841,1,0.9816212197321731,13.336791218280357,MV,0.0,0
8,337711.1,337711,1,0.9798156296578273,13.336791218280357,MV,0.0,0
8,358691.1,358691,1,0.9967693808614384,13.336791218280357,MV,0.0,0
8,et6_1177.1,et6_1177,1,0.9859671681659049,0.2193931022920578,LV,0.0,0
8,461501.1,461501,1,0.9871484423698672,13.336791218280357,MV,0.0,0
8,686891.1,686891,1,0.9840929731479681,13.336791218280357,MV,0.0,0
8,703601.1,703601,1,0.987335843186767,13.336791218280357,MV,0.0,0
8,713791.1,713791,1,0.98346438756926,13.336791218280357,MV,0.0,0
8,725731.1,725731,1,0.9822746753865408,13.336791218280357,MV,0.0,0
8,809501.1,809501,1,0.984512025792453,13.336791218280357,MV,0.0,0
8,811221.1,811221,1,0.9871088669306829,13.336791218280357,MV,0.0,0
8,815111.1,815111,1,0.9797690510913818,13.336791218280357,MV,0.0,0
8,822371.1,822371,1,0.9826755521581334,13.336791218280357,MV,0.0,0
8,820611.1,820611,1,0.9854977309269076,13.336791218280357,MV,0.0,0
8,822641.1,822641,1,0.9829707696529321,13.336791218280357,MV,0.0,0
8,618431.1,618431,1,0.9861787515517515,13.336791218280357,MV,0.0,0
8,bt10401.1,bt10401,1,0.9766991615684975,0.2193931022920578,LV,0.0,0
8,bt197792.1,bt197792,1,0.9755428883645809,0.2193931022920578,LV,0.0,0
8,bt800551.1,bt800551,1,0.9758360893981742,0.2193931022920578,LV,0.0,0
8,bt295341.1,bt295341,1,0.9747574055471298,0.2193931022920578,LV,0.0,0
8,bt800541.1,bt800541,1,0.9752399995333043,0.2193931022920578,LV,0.0,0
8,bt295361.1,bt295361,1,0.9743122429342457,0.2193931022920578,LV,0.0,0
8,bt474991.1,bt474991,1,0.973961684273805,0.2193931022920578,LV,0.0,0
8,uc626695.1,uc626695,1,0.9710154874897756,0.2193931022920578,LV,0.0,0
8,uc1627323.1,uc1627323,1,0.9763915712393175,0.2193931022920578,LV,0.0,0
8,uc1627342.1,uc1627342,1,0.9947790553520701,0.2193931022920578,LV,0.0,0
8,uc627343.1,uc627343,1,0.983236528281338,0.2193931022920578,LV,0.0,0
8,uc627344.1,uc627344,1,0.9873290987065513,0.2193931022920578,LV,0.0,0
8,uc1626672.1,uc1626672,1,0.0,0.1270170592217177,LV,0.95,1
8,uc1626490.1,uc1626490,1,0.9926329178253622,0.2193931022920578,LV,0.0,0
8,uc3422706.1,uc3422706,1,0.9830516521028092,0.2193931022920578,LV,0.0,0
8,uc3425629.1,uc3425629,1,0.9831632429677813,0.2193931022920578,LV,0.0,0
8,uc3422597.1,uc3422597,1,0.9815103586313686,0.2193931022920578,LV,0.0,0
8,uc3405843.1,uc3405843,1,0.9793478834061907,0.2193931022920578,LV,0.0,0
8,uc3405844.1,uc3405844,1,0.9885220069537468,0.2193931022920578,LV,0.0,0
8,uc3405845.1,uc3405845,1,0.9879655364172478,0.2193931022920578,LV,0.0,0
8,uc3405846.1,uc3405846,1,0.9797111476532085,0.2193931022920578,LV,0.0,0
8,uc1626486.1,uc1626486,1,0.9938538998290577,0.2193931022920578,LV,0.0,0
8,uc1626487.1,uc1626487,1,0.9800351922122916,0.2193931022920578,LV,0.0,0
8,uc626481.1,uc626481,1,0.9811995654274133,0.2193931022920578,LV,0.0,0
8,uc626678.1,uc626678,1,0.9761200549361494,0.2193931022920578,LV,0.0,0
8,uc626698.1,uc626698,1,0.9860363873296014,0.2193931022920578,LV,0.0,0
8,uc626476.1,uc626476,1,0.9716543435866244,0.2193931022920578,LV,0.0,0
8,uc1627321.1,uc1627321,1,0.9942500224829821,0.2193931022920578,LV,0.0,0
8,uc1607319.1,uc1607319,1,0.9775013064209874,0.2193931022920578,LV,0.0,0
8,uc1607308.1,uc1607308,1,0.9788821491775533,0.2193931022920578,LV,0.0,0
8,uc1624026.1,uc1624026,1,0.0,0.1270170592217177,LV,0.95,1
8,uc1625170.1,uc1625170,1,0.9859753180480081,0.2193931022920578,LV,0.0,0
8,uc1621994.1,uc1621994,1,0.9931076729733807,0.2193931022920578,LV,0.0,0
8,uc1620360.1,uc1620360,1,0.9929018032376266,0.2193931022920578,LV,0.0,0
8,uc1620373.1,uc1620373,1,0.9800332586621876,0.2193931022920578,LV,0.0,0
8,uc1607302.1,uc1607302,1,0.9798212276598544,0.2193931022920578,LV,0.0,0
8,uc1607304.1,uc1607304,1,0.9773603688924637,0.2193931022920578,LV,0.0,0
8,uc1607305.1,uc1607305,1,0.9765237009619094,0.2193931022920578,LV,0.0,0
8,uc1607306.1,uc1607306,1,0.9779022689880964,0.2193931022920578,LV,0.0,0
8,uc1607297.1,uc1607297,1,0.9837029137629147,0.2193931022920578,LV,0.0,0
8,uc1607298.1,uc1607298,1,0.9814909117021283,0.2193931022920578,LV,0.0,0
8,uc1607289.1,uc1607289,1,0.9857535931099483,0.2193931022920578,LV,0.0,0
8,uc1607290.1,uc1607290,1,0.9859061212978075,0.2193931022920578,LV,0.0,0
8,uc1607291.1,uc1607291,1,0.9838839419433452,0.2193931022920578,LV,0.0,0
8,uc1607280.1,uc1607280,1,0.9778310661453294,0.2193931022920578,LV,0.0,0
8,uc1607283.1,uc1607283,1,0.9720474622364945,0.2193931022920578,LV,0.0,0
8,uc1607285.1,uc1607285,1,0.9752539116517461,0.2193931022920578,LV,0.0,0
8,uc1607287.1,uc1607287,1,0.9774943745473118,0.2193931022920578,LV,0.0,0
8,uc1607288.1,uc1607288,1,0.9816687548619869,0.2193931022920578,LV,0.0,0
8,uc1607279.1,uc1607279,1,0.9797756234219698,0.2193931022920578,LV,0.0,0
8,uc1607357.1,uc1607357,1,0.9842407800382417,0.2193931022920578,LV,0.0,0
8,uc1607358.1,uc1607358,1,0.983289825350167,0.2193931022920578,LV,0.0,0
8,uc1607368.1,uc1607368,1,0.0,0.1270170592217177,LV,0.95,1
8,uc1607277.1,uc1607277,1,0.9965591172874847,0.2193931022920578,LV,0.0,0
8,uc1607278.1,uc1607278,1,0.9988780829426676,0.2193931022920578,LV,0.0,0
8,uc1607272.1,uc1607272,1,0.9887805562035947,0.2193931022920578,LV,0.0,0
8,uc1607273.1,uc1607273,1,0.9979875854338254,0.2193931022920578,LV,0.0,0
8,uc1607353.1,uc1607353,1,0.9847736506076815,0.2193931022920578,LV,0.0,0
8,uc1607347.1,uc1607347,1,1.0080088713988795,0.2193931022920578,LV,0.0,0
8,uc1607349.1,uc1607349,1,0.9875054677261806,0.2193931022920578,LV,0.0,0
8,uc1107342.1,uc1107342,1,0.9756515249391637,0.2193931022920578,LV,0.0,0
8,uc1107340.1,uc1107340,1,0.969343979255777,0.2193931022920578,LV,0.0,0
8,uc1105833.1,uc1105833,1,0.9801837983409178,0.2193931022920578,LV,0.0,0
8,uc1107330.1,uc1107330,1,0.968253631273649,0.2193931022920578,LV,0.0,0
8,uc1607265.1,uc1607265,1,0.9719091678347821,0.2193931022920578,LV,0.0,0
8,uc1607268.1,uc1607268,1,0.99221407020332,0.2193931022920578,LV,0.0,0
8,uc1607252.1,uc1607252,1,0.9790521697281409,0.2193931022920578,LV,0.0,0
8,uc1605991.1,uc1605991,1,0.9815174305094885,0.2193931022920578,LV,0.0,0
8,uc1605996.1,uc1605996,1,0.9894481191200979,0.2193931022920578,LV,0.0,0
8,uc1607257.1,uc1607257,1,0.9827062627432516,0.2193931022920578,LV,0.0,0
8,uc1607258.1,uc1607258,1,0.979067572393702,0.2193931022920578,LV,0.0,0
8,uc1124340.1,uc1124340,1,0.9765979989411097,0.2193931022920578,LV,0.0,0
8,uc605816.1,uc605816,1,0.9840399570236493,0.2193931022920578,LV,0.0,0
8,uc605813.1,uc605813,1,0.9852208067596864,0.2193931022920578,LV,0.0,0
8,uc609684.1,uc609684,1,0.9881129123685616,0.2193931022920578,LV,0.0,0
8,uc609686.1,uc609686,1,0.9887827052891429,0.2193931022920578,LV,0.0,0
8,uc609688.1,uc609688,1,0.9828526896807623,0.2193931022920578,LV,0.0,0
8,uc621168.1,uc621168,1,0.9819710389642028,0.2193931022920578,LV,0.0,0
8,uc621171.1,uc621171,1,0.9786710040485034,0.2193931022920578,LV,0.0,0
8,uc605808.1,uc605808,1,0.9893491176022182,0.2193931022920578,LV,0.0,0
8,uc605809.1,uc605809,1,0.9754681650962281,0.2193931022920578,LV,0.0,0
8,uc605810.1,uc605810,1,0.9862786817977709,0.2193931022920578,LV,0.0,0
8,uc605970.1,uc605970,1,0.9819161215098798,0.2193931022920578,LV,0.0,0
8,uc605803.1,uc605803,1,0.9845448010041666,0.2193931022920578,LV,0.0,0
8,uc605804.1,uc605804,1,0.9865083734483672,0.2193931022920578,LV,0.0,0
8,uc605806.1,uc605806,1,0.9837616815878593,0.2193931022920578,LV,0.0,0
8,uc607384.1,uc607384,1,0.9787641891198793,0.2193931022920578,LV,0.0,0
8,uc607387.1,uc607387,1,0.9846982513914122,0.2193931022920578,LV,0.0,0
8,uc609682.1,uc609682,1,0.9736544697099552,0.2193931022920578,LV,0.0,0
8,uc624033.1,uc624033,1,0.9927354546279583,0.2193931022920578,LV,0.0,0
8,uc625156.1,uc625156,1,0.9845961136907564,0.2193931022920578,LV,0.0,0
8,uc625624.1,uc625624,1,0.9756370841800338,0.2193931022920578,LV,0.0,0
8,uc625625.1,uc625625,1,0.9885464163433852,0.2193931022920578,LV,0.0,0
8,uc607366.1,uc607366,1,0.9754072222593556,0.2193931022920578,LV,0.0,0
8,uc607367.1,uc607367,1,0.9859944809840688,0.2193931022920578,LV,0.0,0
8,uc606114.1,uc606114,1,0.9799054338570216,0.2193931022920578,LV,0.0,0
8,uc606117.1,uc606117,1,0.9817636947960033,0.2193931022920578,LV,0.0,0
8,uc606120.1,uc606120,1,0.9810319728481511,0.2193931022920578,LV,0.0,0
8,uc623015.1,uc623015,1,0.974465508020997,0.2193931022920578,LV,0.0,0
8,uc623432.1,uc623432,1,0.9792895302548669,0.2193931022920578,LV,0.0,0
8,uc624028.1,uc624028,1,0.9806537336619275,0.2193931022920578,LV,0.0,0
8,uc605873.1,uc605873,1,0.9838642479730714,0.2193931022920578,LV,0.0,0
8,uc623007.1,uc623007,1,0.985373782939089,0.2193931022920578,LV,0.0,0
8,uc606147.1,uc606147,1,1.0044133143649583,0.2193931022920578,LV,0.0,0
8,uc606148.1,uc606148,1,0.994532483733095,0.2193931022920578,LV,0.0,0
8,uc606150.1,uc606150,1,0.9939651155413377,0.2193931022920578,LV,0.0,0
8,uc606109.1,uc606109,1,0.979163820926596,0.2193931022920578,LV,0.0,0
8,uc606110.1,uc606110,1,0.9780179479104607,0.2193931022920578,LV,0.0,0
8,uc606111.1,uc606111,1,0.9816302231890071,0.2193931022920578,LV,0.0,0
8,uc622777.1,uc622777,1,0.9957597418098232,0.2193931022920578,LV,0.0,0
8,uc623004.1,uc623004,1,0.9789563800242501,0.2193931022920578,LV,0.0,0
8,uc606103.1,uc606103,1,0.9813356151726766,0.2193931022920578,LV,0.0,0
8,uc606139.1,uc606139,1,0.9911755606614955,0.2193931022920578,LV,0.0,0
8,uc606141.1,uc606141,1,0.9887607295909188,0.2193931022920578,LV,0.0,0
8,uc606143.1,uc606143,1,0.9952927081023968,0.2193931022920578,LV,0.0,0
8,uc605921.1,uc605921,1,0.9812835193861928,0.2193931022920578,LV,0.0,0
8,uc622713.1,uc622713,1,0.9836958297969042,0.2193931022920578,LV,0.0,0
8,uc622714.1,uc622714,1,0.9831213662006532,0.2193931022920578,LV,0.0,0
8,uc605993.1,uc605993,1,0.9833843130643263,0.2193931022920578,LV,0.0,0
8,uc606101.1,uc606101,1,0.981193266626445,0.2193931022920578,LV,0.0,0
8,uc606102.1,uc606102,1,0.980745106830757,0.2193931022920578,LV,0.0,0
8,uc622273.1,uc622273,1,0.9928483437091353,0.2193931022920578,LV,0.0,0
8,uc622703.1,uc622703,1,0.9710795517403362,0.2193931022920578,LV,0.0,0
8,uc605989.1,uc605989,1,0.9871075195467999,0.2193931022920578,LV,0.0,0
8,uc606130.1,uc606130,1,0.9843061142366865,0.2193931022920578,LV,0.0,0
8,uc606132.1,uc606132,1,0.9789493113483176,0.2193931022920578,LV,0.0,0
8,uc605914.1,uc605914,1,1.0004771693061993,0.2193931022920578,LV,0.0,0
8,uc622257.1,uc622257,1,0.9852538290761136,0.2193931022920578,LV,0.0,0
8,uc605909.1,uc605909,1,0.9862789462830069,0.2193931022920578,LV,0.0,0
8,uc605910.1,uc605910,1,0.9818974410934947,0.2193931022920578,LV,0.0,0
8,uc605911.1,uc605911,1,0.9831849818953133,0.2193931022920578,LV,0.0,0
8,uc606128.1,uc606128,1,0.9830348638691413,0.2193931022920578,LV,0.0,0
8,uc605823.1,uc605823,1,0.9741513656366858,0.2193931022920578,LV,0.0,0
8,uc605824.1,uc605824,1,0.9811027870793713,0.2193931022920578,LV,0.0,0
8,uc605904.1,uc605904,1,0.9832924542210366,0.2193931022920578,LV,0.0,0
8,uc621999.1,uc621999,1,0.9850864654443551,0.2193931022920578,LV,0.0,0
8,uc639553.1,uc639553,1,0.9789993349246011,0.2193931022920578,LV,0.0,0
8,uc1239552.1,uc1239552,1,0.980477667009161,0.2193931022920578,LV,0.0,0
8,uc605817.1,uc605817,1,0.981819539063502,0.2193931022920578,LV,0.0,0
8,uc605819.1,uc605819,1,0.9814211820158866,0.2193931022920578,LV,0.0,0
8,uc605820.1,uc605820,1,0.9779410439260308,0.2193931022920578,LV,0.0,0
8,uc605821.1,uc605821,1,0.975422646658648,0.2193931022920578,LV,0.0,0
8,uc639280.1,uc639280,1,0.9872405037852929,0.2193931022920578,LV,0.0,0
8,uc605898.1,uc605898,1,0.9844240819091513,0.2193931022920578,LV,0.0,0
8,uc605901.1,uc605901,1,0.9863191477706436,0.2193931022920578,LV,0.0,0
8,uc605902.1,uc605902,1,0.9797639032435617,0.2193931022920578,LV,0.0,0
8,uc605985.1,uc605985,1,0.9788466356896296,0.2193931022920578,LV,0.0,0
8,uc606126.1,uc606126,1,0.9856798864731139,0.2193931022920578,LV,0.0,0
8,uc606127.1,uc606127,1,0.9796931394148549,0.2193931022920578,LV,0.0,0
8,uc605896.1,uc605896,1,0.9771965725067743,0.2193931022920578,LV,0.0,0
8,uc606121.1,uc606121,1,0.9786797819113465,0.2193931022920578,LV,0.0,0
8,uc606122.1,uc606122,1,0.9743041993524499,0.2193931022920578,LV,0.0,0
8,uc606123.1,uc606123,1,0.9874158471073605,0.2193931022920578,LV,0.0,0
8,uc606124.1,uc606124,1,0.9856185015441782,0.2193931022920578,LV,0.0,0
8,uc605825.1,uc605825,1,0.9763796017539771,0.2193931022920578,LV,0.0,0
8,uc623427.1,uc623427,1,0.9874158599854811,0.2193931022920578,LV,0.0,0
8,uc609687.1,uc609687,1,0.9895056405627677,0.2193931022920578,LV,0.0,0
8,uc639277.1,uc639277,1,0.9756370841859342,0.2193931022920578,LV,0.0,0
8,uc1139390.1,uc1139390,1,0.9804416376951747,0.2193931022920578,LV,0.0,0
8,uc605863.1,uc605863,1,0.9776574921284304,0.2193931022920578,LV,0.0,0
8,uc605865.1,uc605865,1,0.9781657347277204,0.2193931022920578,LV,0.0,0
8,uc1138614.1,uc1138614,1,0.976702383351755,0.2193931022920578,LV,0.0,0
8,uc605855.1,uc605855,1,0.9762190816618311,0.2193931022920578,LV,0.0,0
8,uc605828.1,uc605828,1,0.9720696728289872,0.2193931022920578,LV,0.0,0
8,uc605829.1,uc605829,1,0.9804127924207827,0.2193931022920578,LV,0.0,0
8,uc605834.1,uc605834,1,0.967163132272555,0.2193931022920578,LV,0.0,0
8,uc605835.1,uc605835,1,0.9672846776768119,0.2193931022920578,LV,0.0,0
8,uc605827.1,uc605827,1,0.9719642071682121,0.2193931022920578,LV,0.0,0
8,uc627337.1,uc627337,1,0.9814789243891132,0.2193931022920578,LV,0.0,0
8,uc637912.1,uc637912,1,0.9805498120162638,0.2193931022920578,LV,0.0,0
8,uc637576.1,uc637576,1,0.9875844866062241,0.2193931022920578,LV,0.0,0
8,uc637356.1,uc637356,1,0.9832543987501461,0.2193931022920578,LV,0.0,0
8,uc637918.1,uc637918,1,0.987642634726261,0.2193931022920578,LV,0.0,0
8,uc637360.1,uc637360,1,0.9785680939715661,0.2193931022920578,LV,0.0,0
8,uc637399.1,uc637399,1,0.974973922982104,0.2193931022920578,LV,0.0,0
8,uc637397.1,uc637397,1,0.9746898050732206,0.2193931022920578,LV,0.0,0
8,uc1137150.1,uc1137150,1,0.980179586477851,0.2193931022920578,LV,0.0,0
8,uc1636598.1,uc1636598,1,0.0,0.1270170592217177,LV,0.95,1
8,uc636933.1,uc636933,1,0.989934281912836,0.2193931022920578,LV,0.0,0
8,uc635963.1,uc635963,1,0.9811783370904227,0.2193931022920578,LV,0.0,0
8,uc635543.1,uc635543,1,0.9815016901380758,0.2193931022920578,LV,0.0,0
8,uc635966.1,uc635966,1,0.9811303980365239,0.2193931022920578,LV,0.0,0
8,uc635550.1,uc635550,1,0.9827686047976517,0.2193931022920578,LV,0.0,0
8,uc635862.1,uc635862,1,0.9824355405412867,0.2193931022920578,LV,0.0,0
8,uc1635694.1,uc1635694,1,1.0002001194428776,0.2193931022920578,LV,0.0,0
8,uc3435739.1,uc3435739,1,0.9813891354102164,0.2193931022920578,LV,0.0,0
8,uc1635060.1,uc1635060,1,0.9890419345812156,0.2193931022920578,LV,0.0,0
8,uc1607271.1,uc1607271,1,0.9911488631540266,0.2193931022920578,LV,0.0,0
8,uc605884.1,uc605884,1,0.9824532801817838,0.2193931022920578,LV,0.0,0
8,uc1609690.1,uc1609690,1,0.993857843901032,0.2193931022920578,LV,0.0,0
8,uc1134165.1,uc1134165,1,0.96954259168658,0.2193931022920578,LV,0.0,0
8,uc634166.1,uc634166,1,0.9852626239503098,0.2193931022920578,LV,0.0,0
8,uc1633896.1,uc1633896,1,0.9909751681569908,0.2193931022920578,LV,0.0,0
8,uc3433894.1,uc3433894,1,0.9804355903874673,0.2193931022920578,LV,0.0,0
8,uc1633892.1,uc1633892,1,0.9948914659699485,0.2193931022920578,LV,0.0,0
8,uc633672.1,uc633672,1,0.989561623534009,0.2193931022920578,LV,0.0,0
8,uc1633671.1,uc1633671,1,0.9905236744441398,0.2193931022920578,LV,0.0,0
8,uc1632306.1,uc1632306,1,0.9880032719427531,0.2193931022920578,LV,0.0,0
8,uc632607.1,uc632607,1,0.9479600430729923,0.2193931022920578,LV,0.0020399569270076467,1
8,uc632613.1,uc632613,1,0.981167788533478,0.2193931022920578,LV,0.0,0
8,uc3432407.1,uc3432407,1,0.9814598786978137,0.2193931022920578,LV,0.0,0
8,uc1632402.1,uc1632402,1,0.9732426929810104,0.2193931022920578,LV,0.0,0
8,uc1132019.1,uc1132019,1,0.976704747349539,0.2193931022920578,LV,0.0,0
8,uc632016.1,uc632016,1,0.9859463127088385,0.2193931022920578,LV,0.0,0
8,uc1132015.1,uc1132015,1,0.9725963646042212,0.2193931022920578,LV,0.0,0
8,uc1132012.1,uc1132012,1,0.982266467956849,0.2193931022920578,LV,0.0,0
8,uc631859.1,uc631859,1,0.9857579310552119,0.2193931022920578,LV,0.0,0
8,uc1631852.1,uc1631852,1,0.9836995414772461,0.2193931022920578,LV,0.0,0
8,uc1130761.1,uc1130761,1,0.9670781423871819,0.2193931022920578,LV,0.0,0
8,uc1630759.1,uc1630759,1,0.9716772725412832,0.2193931022920578,LV,0.0,0
8,uc630758.1,uc630758,1,0.9875961682182343,0.2193931022920578,LV,0.0,0
8,uc629428.1,uc629428,1,0.9865899142638133,0.2193931022920578,LV,0.0,0
8,uc1629639.1,uc1629639,1,0.9946898808468009,0.2193931022920578,LV,0.0,0
8,uc1229546.1,uc1229546,1,0.9775721290142684,0.2193931022920578,LV,0.0,0
8,uc628768.1,uc628768,1,0.9817593940772826,0.2193931022920578,LV,0.0,0
8,uc628757.1,uc628757,1,0.9939592438390985,0.2193931022920578,LV,0.0,0
8,uc628766.1,uc628766,1,0.98432458790609,0.2193931022920578,LV,0.0,0
8,uc628753.1,uc628753,1,0.9940330592659391,0.2193931022920578,LV,0.0,0
8,uc627346.1,uc627346,1,0.9847439385141301,0.2193931022920578,LV,0.0,0
8,uc1628760.1,uc1628760,1,0.995181931517945,0.2193931022920578,LV,0.0,0
8,uc1629422.1,uc1629422,1,0.9819642995582183,0.2193931022920578,LV,0.0,0
8,uc626699.1,uc626699,1,0.9865594156102232,0.2193931022920578,LV,0.0,0
8,60651.2,60651,2,0.987343008546882,13.336791218280357,MV,0.0,0
8,60721.2,60721,2,0.9872524910609956,13.336791218280357,MV,0.0,0
8,164151.2,164151,2,0.9881833015529591,13.336791218280357,MV,0.0,0
8,302191.2,302191,2,0.9820041506263539,13.336791218280357,MV,0.0,0
8,320841.2,320841,2,0.9829206194482114,13.336791218280357,MV,0.0,0
8,337711.2,337711,2,0.9820692779342497,13.336791218280357,MV,0.0,0
8,358691.2,358691,2,0.9972343622065705,13.336791218280357,MV,0.0,0
8,et6_1177.2,et6_1177,2,0.9858594847891459,0.2193931022920578,LV,0.0,0
8,461501.2,461501,2,0.9885430597724201,13.336791218280357,MV,0.0,0
8,686891.2,686891,2,0.9853582788839453,13.336791218280357,MV,0.0,0
8,703601.2,703601,2,0.9884942062671594,13.336791218280357,MV,0.0,0
8,713791.2,713791,2,0.9847621293132762,13.336791218280357,MV,0.0,0
8,725731.2,725731,2,0.9835743790571042,13.336791218280357,MV,0.0,0
8,809501.2,809501,2,0.9857716103986837,13.336791218280357,MV,0.0,0
8,811221.2,811221,2,0.9882723893366139,13.336791218280357,MV,0.0,0
8,815111.2,815111,2,0.9820225641520911,13.336791218280357,MV,0.0,0
8,822371.2,822371,2,0.9839755429612388,13.336791218280357,MV,0.0,0
8,820611.2,820611,2,0.9866967511180265,13.336791218280357,MV,0.0,0
8,822641.2,822641,2,0.9842834238857813,13.336791218280357,MV,0.0,0
8,618431.2,618431,2,0.98734281788538,13.336791218280357,MV,0.0,0
8,bt10401.2,bt10401,2,0.9699595869894212,0.2193931022920578,LV,0.0,0
8,bt197792.2,bt197792,2,0.9693222334252001,0.2193931022920578,LV,0.0,0
8,bt800551.2,bt800551,2,0.9693222334449478,0.2193931022920578,LV,0.0,0
8,bt295341.2,bt295341,2,0.9681270954422838,0.2193931022920578,LV,0.0,0
8,bt800541.2,bt800541,2,0.9687148126600404,0.2193931022920578,LV,0.0,0
8,bt295361.2,bt295361,2,0.9671809198467171,0.2193931022920578,LV,0.0,0
8,bt474991.2,bt474991,2,0.9668767075425494,0.2193931022920578,LV,0.0,0
8,uc1627323.2,uc1627323,2,0.9656178920144199,0.2193931022920578,LV,0.0,0
8,uc3405987.2,uc3405987,2,0.9774408031398606,0.2193931022920578,LV,0.0,0
8,uc3405846.2,uc3405846,2,0.9745997461808439,0.2193931022920578,LV,0.0,0
8,uc3405847.2,uc3405847,2,0.9787204782794835,0.2193931022920578,LV,0.0,0
8,uc3405838.2,uc3405838,2,0.9685011854731408,0.2193931022920578,LV,0.0,0
8,uc1607326.2,uc1607326,2,0.9739527264049412,0.2193931022920578,LV,0.0,0
8,uc1607316.2,uc1607316,2,0.9721474322343602,0.2193931022920578,LV,0.0,0
8,uc1607308.2,uc1607308,2,0.9761028452909897,0.2193931022920578,LV,0.0,0
8,uc1623434.2,uc1623434,2,0.0,0.1270170592217177,LV,0.95,1
8,uc1620373.2,uc1620373,2,0.98010811019133,0.2193931022920578,LV,0.0,0
8,uc1607302.2,uc1607302,2,0.9798875483882616,0.2193931022920578,LV,0.0,0
8,uc1607304.2,uc1607304,2,0.9795593854739472,0.2193931022920578,LV,0.0,0
8,uc1607306.2,uc1607306,2,0.9751235699507271,0.2193931022920578,LV,0.0,0
8,uc1607299.2,uc1607299,2,0.9806495357881129,0.2193931022920578,LV,0.0,0
8,uc1607297.2,uc1607297,2,0.9810535803626987,0.2193931022920578,LV,0.0,0
8,uc1607298.2,uc1607298,2,0.9809651642911495,0.2193931022920578,LV,0.0,0
8,uc1607289.2,uc1607289,2,0.9846265115921907,0.2193931022920578,LV,0.0,0
8,uc1607291.2,uc1607291,2,0.9802637941548573,0.2193931022920578,LV,0.0,0
8,uc1607292.2,uc1607292,2,0.9793295419870012,0.2193931022920578,LV,0.0,0
8,uc1607280.2,uc1607280,2,0.9778651838364351,0.2193931022920578,LV,0.0,0
8,uc1607284.2,uc1607284,2,0.9781658877639418,0.2193931022920578,LV,0.0,0
8,uc1607285.2,uc1607285,2,0.9779707031712211,0.2193931022920578,LV,0.0,0
8,uc1607288.2,uc1607288,2,0.9784083390716765,0.2193931022920578,LV,0.0,0
8,uc1607279.2,uc1607279,2,0.979810284176623,0.2193931022920578,LV,0.0,0
8,uc1607355.2,uc1607355,2,0.9813356861960774,0.2193931022920578,LV,0.0,0
8,uc1607357.2,uc1607357,2,0.9834001593545285,0.2193931022920578,LV,0.0,0
8,uc1607358.2,uc1607358,2,0.9796004474018067,0.2193931022920578,LV,0.0,0
8,uc1607368.2,uc1607368,2,0.0,0.1270170592217177,LV,0.95,1
8,uc1607276.2,uc1607276,2,0.9957187624545563,0.2193931022920578,LV,0.0,0
8,uc1607278.2,uc1607278,2,0.9956299157448635,0.2193931022920578,LV,0.0,0
8,uc1607273.2,uc1607273,2,0.9924125361294973,0.2193931022920578,LV,0.0,0
8,uc1607328.2,uc1607328,2,0.9731089176066087,0.2193931022920578,LV,0.0,0
8,uc1607347.2,uc1607347,2,1.0081093307932019,0.2193931022920578,LV,0.0,0
8,uc1607350.2,uc1607350,2,0.9943626155665934,0.2193931022920578,LV,0.0,0
8,uc1107341.2,uc1107341,2,0.970553092591018,0.2193931022920578,LV,0.0,0
8,uc1107333.2,uc1107333,2,0.9735003175099555,0.2193931022920578,LV,0.0,0
8,uc1607268.2,uc1607268,2,0.9913971843134672,0.2193931022920578,LV,0.0,0
8,uc1607252.2,uc1607252,2,0.9733425899166893,0.2193931022920578,LV,0.0,0
8,uc1606000.2,uc1606000,2,0.9776989042620868,0.2193931022920578,LV,0.0,0
8,uc1607255.2,uc1607255,2,0.9805558367404832,0.2193931022920578,LV,0.0,0
8,uc1607258.2,uc1607258,2,0.9733580846298864,0.2193931022920578,LV,0.0,0
8,uc1124041.2,uc1124041,2,0.9741568527890502,0.2193931022920578,LV,0.0,0
8,uc1124340.2,uc1124340,2,0.9772975379182913,0.2193931022920578,LV,0.0,0
8,uc1121173.2,uc1121173,2,0.9736709864867862,0.2193931022920578,LV,0.0,0
8,uc1107345.2,uc1107345,2,0.9772603550845944,0.2193931022920578,LV,0.0,0
8,uc605816.2,uc605816,2,0.9841613051950523,0.2193931022920578,LV,0.0,0
8,uc605812.2,uc605812,2,0.9669426869773995,0.2193931022920578,LV,0.0,0
8,uc605813.2,uc605813,2,0.9855080090462479,0.2193931022920578,LV,0.0,0
8,uc609685.2,uc609685,2,0.9863795180801628,0.2193931022920578,LV,0.0,0
8,uc609688.2,uc609688,2,0.9836730242059882,0.2193931022920578,LV,0.0,0
8,uc621168.2,uc621168,2,0.9778922875562195,0.2193931022920578,LV,0.0,0
8,uc621171.2,uc621171,2,0.9784904774753524,0.2193931022920578,LV,0.0,0
8,uc605810.2,uc605810,2,0.984174165323514,0.2193931022920578,LV,0.0,0
8,uc605807.2,uc605807,2,0.9699202058942108,0.2193931022920578,LV,0.0,0
8,uc605801.2,uc605801,2,0.9816678925722552,0.2193931022920578,LV,0.0,0
8,uc607384.2,uc607384,2,0.9785942798869587,0.2193931022920578,LV,0.0,0
8,uc607385.2,uc607385,2,0.975641689668405,0.2193931022920578,LV,0.0,0
8,uc609682.2,uc609682,2,0.9675901196906775,0.2193931022920578,LV,0.0,0
8,uc609683.2,uc609683,2,0.9837036654379656,0.2193931022920578,LV,0.0,0
8,uc607377.2,uc607377,2,0.986908011757248,0.2193931022920578,LV,0.0,0
8,uc607382.2,uc607382,2,0.9818076482332342,0.2193931022920578,LV,0.0,0
8,uc606117.2,uc606117,2,0.9815845861020009,0.2193931022920578,LV,0.0,0
8,uc606120.2,uc606120,2,0.9808525430970345,0.2193931022920578,LV,0.0,0
8,uc623433.2,uc623433,2,0.9695385635367826,0.2193931022920578,LV,0.0,0
8,uc623007.2,uc623007,2,0.9852662655827807,0.2193931022920578,LV,0.0,0
8,uc606147.2,uc606147,2,1.0096102069781008,0.2193931022920578,LV,0.0,0
8,uc606148.2,uc606148,2,0.9945603540905614,0.2193931022920578,LV,0.0,0
8,uc606150.2,uc606150,2,0.9939042226979076,0.2193931022920578,LV,0.0,0
8,uc606109.2,uc606109,2,0.9789834954217096,0.2193931022920578,LV,0.0,0
8,uc606110.2,uc606110,2,0.9778375782186012,0.2193931022920578,LV,0.0,0
8,uc606111.2,uc606111,2,0.9814510123130723,0.2193931022920578,LV,0.0,0
8,uc622720.2,uc622720,2,0.9785415033808157,0.2193931022920578,LV,0.0,0
8,uc623004.2,uc623004,2,0.9770223842914572,0.2193931022920578,LV,0.0,0
8,uc606103.2,uc606103,2,0.9778757556412647,0.2193931022920578,LV,0.0,0
8,uc606139.2,uc606139,2,0.9886031950305683,0.2193931022920578,LV,0.0,0
8,uc606143.2,uc606143,2,0.9992184353583896,0.2193931022920578,LV,0.0,0
8,uc605921.2,uc605921,2,0.9797067156871941,0.2193931022920578,LV,0.0,0
8,uc605915.2,uc605915,2,0.9808103369564294,0.2193931022920578,LV,0.0,0
8,uc606101.2,uc606101,2,0.9820645888223989,0.2193931022920578,LV,0.0,0
8,uc622273.2,uc622273,2,0.9967771982806393,0.2193931022920578,LV,0.0,0
8,uc605990.2,uc605990,2,0.9681268936495276,0.2193931022920578,LV,0.0,0
8,uc606130.2,uc606130,2,0.9817228839765108,0.2193931022920578,LV,0.0,0
8,uc606132.2,uc606132,2,0.978790785642524,0.2193931022920578,LV,0.0,0
8,uc622258.2,uc622258,2,0.9824459182439436,0.2193931022920578,LV,0.0,0
8,uc622270.2,uc622270,2,0.9906868654782169,0.2193931022920578,LV,0.0,0
8,uc605905.2,uc605905,2,0.9785673647032405,0.2193931022920578,LV,0.0,0
8,uc605909.2,uc605909,2,0.985042683641697,0.2193931022920578,LV,0.0,0
8,uc605910.2,uc605910,2,0.9817121523738103,0.2193931022920578,LV,0.0,0
8,uc605911.2,uc605911,2,0.9830004715291262,0.2193931022920578,LV,0.0,0
8,uc606128.2,uc606128,2,0.9800613933395094,0.2193931022920578,LV,0.0,0
8,uc605904.2,uc605904,2,0.978708450018968,0.2193931022920578,LV,0.0,0
8,uc1239552.2,uc1239552,2,0.9805535042987122,0.2193931022920578,LV,0.0,0
8,uc605817.2,uc605817,2,0.9805824601989632,0.2193931022920578,LV,0.0,0
8,uc605819.2,uc605819,2,0.9822415512986288,0.2193931022920578,LV,0.0,0
8,uc605820.2,uc605820,2,0.9676302834055883,0.2193931022920578,LV,0.0,0
8,uc605821.2,uc605821,2,0.9740257997745566,0.2193931022920578,LV,0.0,0
8,uc605822.2,uc605822,2,0.967385574123765,0.2193931022920578,LV,0.0,0
8,uc639280.2,uc639280,2,0.9872388665169681,0.2193931022920578,LV,0.0,0
8,uc605898.2,uc605898,2,0.9863491940235039,0.2193931022920578,LV,0.0,0
8,uc605902.2,uc605902,2,0.9795820697162269,0.2193931022920578,LV,0.0,0
8,uc605982.2,uc605982,2,0.9697249982043172,0.2193931022920578,LV,0.0,0
8,uc605988.2,uc605988,2,0.9670373232434732,0.2193931022920578,LV,0.0,0
8,uc606126.2,uc606126,2,0.9855304670464454,0.2193931022920578,LV,0.0,0
8,uc606127.2,uc606127,2,0.9795391881862392,0.2193931022920578,LV,0.0,0
8,uc605896.2,uc605896,2,0.9708433481130935,0.2193931022920578,LV,0.0,0
8,uc606121.2,uc606121,2,0.9784977116408283,0.2193931022920578,LV,0.0,0
8,uc606122.2,uc606122,2,0.9741194056112025,0.2193931022920578,LV,0.0,0
8,uc606123.2,uc606123,2,0.9872666384526427,0.2193931022920578,LV,0.0,0
8,uc622709.2,uc622709,2,0.978577108001345,0.2193931022920578,LV,0.0,0
8,uc639277.2,uc639277,2,0.9742401234380713,0.2193931022920578,LV,0.0,0
8,uc1139390.2,uc1139390,2,0.9805174721964452,0.2193931022920578,LV,0.0,0
8,uc605864.2,uc605864,2,0.9757346994480545,0.2193931022920578,LV,0.0,0
8,uc605865.2,uc605865,2,0.9762382963333606,0.2193931022920578,LV,0.0,0
8,uc638617.2,uc638617,2,0.9755572562383893,0.2193931022920578,LV,0.0,0
8,uc605855.2,uc605855,2,0.9701572729021961,0.2193931022920578,LV,0.0,0
8,uc1638606.2,uc1638606,2,0.9898378036501554,0.2193931022920578,LV,0.0,0
8,uc1638954.2,uc1638954,2,0.9918998021551767,0.2193931022920578,LV,0.0,0
8,uc605836.2,uc605836,2,0.9507207296069464,0.2193931022920578,LV,0.0,0
8,uc1607303.2,uc1607303,2,0.9790555054669597,0.2193931022920578,LV,0.0,0
8,uc637705.2,uc637705,2,0.9807871989257141,0.2193931022920578,LV,0.0,0
8,uc1637704.2,uc1637704,2,1.0014613484450874,0.2193931022920578,LV,0.0,0
8,uc637576.2,uc637576,2,0.9874351685749261,0.2193931022920578,LV,0.0,0
8,uc637918.2,uc637918,2,0.9876402050467527,0.2193931022920578,LV,0.0,0
8,uc637360.2,uc637360,2,0.9783872773006962,0.2193931022920578,LV,0.0,0
8,uc637397.2,uc637397,2,0.9747918561728157,0.2193931022920578,LV,0.0,0
8,uc636933.2,uc636933,2,0.9873587888079307,0.2193931022920578,LV,0.0,0
8,uc605908.2,uc605908,2,0.9867017978067925,0.2193931022920578,LV,0.0,0
8,uc635963.2,uc635963,2,0.9809990077940118,0.2193931022920578,LV,0.0,0
8,uc635543.2,uc635543,2,0.981323504739116,0.2193931022920578,LV,0.0,0
8,uc635966.2,uc635966,2,0.9809523321056356,0.2193931022920578,LV,0.0,0
8,uc627328.2,uc627328,2,0.9665384112556803,0.2193931022920578,LV,0.0,0
8,uc635550.2,uc635550,2,0.9826186844734592,0.2193931022920578,LV,0.0,0
8,uc635862.2,uc635862,2,0.9825507655750156,0.2193931022920578,LV,0.0,0
8,uc3435739.2,uc3435739,2,0.9785375396250293,0.2193931022920578,LV,0.0,0
8,uc634166.2,uc634166,2,0.9830907461687962,0.2193931022920578,LV,0.0,0
8,uc1633671.2,uc1633671,2,0.99518701782188,0.2193931022920578,LV,0.0,0
8,uc633056.2,uc633056,2,0.9835000860068921,0.2193931022920578,LV,0.0,0
8,uc632607.2,uc632607,2,0.9480248174217143,0.2193931022920578,LV,0.0019751825782856614,1
8,uc1632402.2,uc1632402,2,0.9768993499701363,0.2193931022920578,LV,0.0,0
8,uc1131858.2,uc1131858,2,0.9707308277475272,0.2193931022920578,LV,0.0,0
8,uc631391.2,uc631391,2,0.9723086883060329,0.2193931022920578,LV,0.0,0
8,uc1630759.2,uc1630759,2,0.9752474109308505,0.2193931022920578,LV,0.0,0
8,uc630758.2,uc630758,2,0.9879107686625188,0.2193931022920578,LV,0.0,0
8,uc630753.2,uc630753,2,0.9738306330393798,0.2193931022920578,LV,0.0,0
8,uc628766.2,uc628766,2,0.9817414024833462,0.2193931022920578,LV,0.0,0
8,uc627346.2,uc627346,2,0.9834781082441567,0.2193931022920578,LV,0.0,0
8,uc1629422.2,uc1629422,2,0.9789005742905377,0.2193931022920578,LV,0.0,0
8,60651.3,60651,3,0.9869583467026379,13.336791218280357,MV,0.0,0
8,60721.3,60721,3,0.986867835319286,13.336791218280357,MV,0.0,0
8,164151.3,164151,3,0.9877986041491544,13.336791218280357,MV,0.0,0
8,302191.3,302191,3,0.981239699101148,13.336791218280357,MV,0.0,0
8,320841.3,320841,3,0.9825109926711837,13.336791218280357,MV,0.0,0
8,337711.3,337711,3,0.981304792666933,13.336791218280357,MV,0.0,0
8,358691.3,358691,3,0.9969347595097308,13.336791218280357,MV,0.0,0
8,et6_1177.3,et6_1177,3,0.9872545291494566,0.2193931022920578,LV,0.0,0
8,461501.3,461501,3,0.988055454791085,13.336791218280357,MV,0.0,0
8,686891.3,686891,3,0.9849572974722715,13.336791218280357,MV,0.0,0
8,703601.3,703601,3,0.9881101374663205,13.336791218280357,MV,0.0,0
8,713791.3,713791,3,0.9843544256966255,13.336791218280357,MV,0.0,0
8,725731.3,725731,3,0.9831646925253109,13.336791218280357,MV,0.0,0
8,809501.3,809501,3,0.98537428094642,13.336791218280357,MV,0.0,0
8,811221.3,811221,3,0.9878877984526141,13.336791218280357,MV,0.0,0
8,815111.3,815111,3,0.9812581196142923,13.336791218280357,MV,0.0,0
8,822371.3,822371,3,0.9835658634273404,13.336791218280357,MV,0.0,0
8,820611.3,820611,3,0.9863073994841175,13.336791218280357,MV,0.0,0
8,822641.3,822641,3,0.9838685916412263,13.336791218280357,MV,0.0,0
8,618431.3,618431,3,0.9869581559695383,13.336791218280357,MV,0.0,0
8,bt10401.3,bt10401,3,0.9880272117556912,0.2193931022920578,LV,0.0,0
8,bt197792.3,bt197792,3,0.9880272130671595,0.2193931022920578,LV,0.0,0
8,bt800551.3,bt800551,3,0.98802721291967,0.2193931022920578,LV,0.0,0
8,bt295341.3,bt295341,3,0.9880272143376431,0.2193931022920578,LV,0.0,0
8,bt800541.3,bt800541,3,0.9880272137255838,0.2193931022920578,LV,0.0,0
8,bt295361.3,bt295361,3,0.9880272150016957,0.2193931022920578,LV,0.0,0
8,bt474991.3,bt474991,3,0.9880272154538764,0.2193931022920578,LV,0.0,0
8,uc627336.3,uc627336,3,0.984411016326885,0.2193931022920578,LV,0.0,0
8,uc1620373.3,uc1620373,3,0.981607097558205,0.2193931022920578,LV,0.0,0
8,uc1607302.3,uc1607302,3,0.9813414533921336,0.2193931022920578,LV,0.0,0
8,uc1607304.3,uc1607304,3,0.9810543495975986,0.2193931022920578,LV,0.0,0
8,uc1607298.3,uc1607298,3,0.9830009545633922,0.2193931022920578,LV,0.0,0
8,uc1607280.3,uc1607280,3,0.9791690738504707,0.2193931022920578,LV,0.0,0
8,uc1607285.3,uc1607285,3,0.9810220446635967,0.2193931022920578,LV,0.0,0
8,uc1607279.3,uc1607279,3,0.98111535761457,0.2193931022920578,LV,0.0,0
8,uc1607347.3,uc1607347,3,1.0095924767200117,0.2193931022920578,LV,0.0,0
8,uc1124340.3,uc1124340,3,0.9806254562802299,0.2193931022920578,LV,0.0,0
8,uc605816.3,uc605816,3,0.9858285660985859,0.2193931022920578,LV,0.0,0
8,uc605815.3,uc605815,3,0.980841854390663,0.2193931022920578,LV,0.0,0
8,uc621171.3,uc621171,3,0.9793541540127405,0.2193931022920578,LV,0.0,0
8,uc607384.3,uc607384,3,0.9794635924917936,0.2193931022920578,LV,0.0,0
8,uc606117.3,uc606117,3,0.9824497379638472,0.2193931022920578,LV,0.0,0
8,uc606120.3,uc606120,3,0.9817173601828572,0.2193931022920578,LV,0.0,0
8,uc623007.3,uc623007,3,0.9866608378869342,0.2193931022920578,LV,0.0,0
8,uc605867.3,uc605867,3,0.9789160314795761,0.2193931022920578,LV,0.0,0
8,uc606150.3,uc606150,3,0.9941349120844881,0.2193931022920578,LV,0.0,0
8,uc606109.3,uc606109,3,0.9798474205187518,0.2193931022920578,LV,0.0,0
8,uc606110.3,uc606110,3,0.97870099655007,0.2193931022920578,LV,0.0,0
8,uc606111.3,uc606111,3,0.9823160994387615,0.2193931022920578,LV,0.0,0
8,uc622722.3,uc622722,3,0.98085460281452,0.2193931022920578,LV,0.0,0
8,uc623004.3,uc623004,3,0.9816226752768382,0.2193931022920578,LV,0.0,0
8,uc606101.3,uc606101,3,0.9829195336951877,0.2193931022920578,LV,0.0,0
8,uc606132.3,uc606132,3,0.9796613876629966,0.2193931022920578,LV,0.0,0
8,uc605910.3,uc605910,3,0.9825710817393619,0.2193931022920578,LV,0.0,0
8,uc605911.3,uc605911,3,0.9838600246787472,0.2193931022920578,LV,0.0,0
8,uc605904.3,uc605904,3,0.9839395525702901,0.2193931022920578,LV,0.0,0
8,uc1239552.3,uc1239552,3,0.9820525637144868,0.2193931022920578,LV,0.0,0
8,uc605821.3,uc605821,3,0.9787481348826366,0.2193931022920578,LV,0.0,0
8,uc639280.3,uc639280,3,0.9883655507494934,0.2193931022920578,LV,0.0,0
8,uc605898.3,uc605898,3,0.9847467457084362,0.2193931022920578,LV,0.0,0
8,uc605902.3,uc605902,3,0.9803853029732157,0.2193931022920578,LV,0.0,0
8,uc606126.3,uc606126,3,0.9864012120909768,0.2193931022920578,LV,0.0,0
8,uc606127.3,uc606127,3,0.9804101578583658,0.2193931022920578,LV,0.0,0
8,uc606121.3,uc606121,3,0.9793604386871071,0.2193931022920578,LV,0.0,0
8,uc606122.3,uc606122,3,0.974979139945925,0.2193931022920578,LV,0.0,0
8,uc639277.3,uc639277,3,0.9789627268397428,0.2193931022920578,LV,0.0,0
8,uc1139390.3,uc1139390,3,0.9820164765257714,0.2193931022920578,LV,0.0,0
8,uc637576.3,uc637576,3,0.9883008166028074,0.2193931022920578,LV,0.0,0
8,uc637918.3,uc637918,3,0.9887666114553377,0.2193931022920578,LV,0.0,0
8,uc637360.3,uc637360,3,0.9792508032358059,0.2193931022920578,LV,0.0,0
8,uc637397.3,uc637397,3,0.9764676031186733,0.2193931022920578,LV,0.0,0
8,uc635963.3,uc635963,3,0.981863897180078,0.2193931022920578,LV,0.0,0
8,uc635543.3,uc635543,3,0.9821866741045578,0.2193931022920578,LV,0.0,0
8,uc635966.3,uc635966,3,0.9818154565634878,0.2193931022920578,LV,0.0,0
8,uc635550.3,uc635550,3,0.9834918443623126,0.2193931022920578,LV,0.0,0
8,uc635862.3,uc635862,3,0.9816917178259181,0.2193931022920578,LV,0.0,0
8,uc1633671.3,uc1633671,3,0.9953236445638319,0.2193931022920578,LV,0.0,0
8,uc632607.3,uc632607,3,0.9496907153996383,0.2193931022920578,LV,0.00030928460036161454,1
8,uc1629422.3,uc1629422,3,0.9836293047895515,0.2193931022920578,LV,0.0,0
9,60651.1,60651,1,0.9867009855798982,13.336791218280357,MV,0.0,0
9,60721.1,60721,1,0.9866104121493798,13.336791218280357,MV,0.0,0
9,164151.1,164151,1,0.9875904533698672,13.336791218280357,MV,0.0,0
9,302191.1,302191,1,0.9820234167656338,13.336791218280357,MV,0.0,0
9,320841.1,320841,1,0.981925304403598,13.336791218280357,MV,0.0,0
9,337711.1,337711,1,0.9820748566557602,13.336791218280357,MV,0.0,0
9,358691.1,358691,1,0.9969868845359368,13.336791218280357,MV,0.0,0
9,et6_1177.1,et6_1177,1,0.9869003384327957,0.2193931022920578,LV,0.0,0
9,461501.1,461501,1,0.9880406643370245,13.336791218280357,MV,0.0,0
9,686891.1,686891,1,0.9846785809479758,13.336791218280357,MV,0.0,0
9,703601.1,703601,1,0.9879175644566002,13.336791218280357,MV,0.0,0
9,713791.1,713791,1,0.9839755437066036,13.336791218280357,MV,0.0,0
9,725731.1,725731,1,0.9826789010200323,13.336791218280357,MV,0.0,0
9,809501.1,809501,1,0.9850614272737667,13.336791218280357,MV,0.0,0
9,811221.1,811221,1,0.9877044721245044,13.336791218280357,MV,0.0,0
9,815111.1,815111,1,0.9820632368759572,13.336791218280357,MV,0.0,0
9,822371.1,822371,1,0.9831111221992987,13.336791218280357,MV,0.0,0
9,820611.1,820611,1,0.9859644589015157,13.336791218280357,MV,0.0,0
9,822641.1,822641,1,0.9834900568977909,13.336791218280357,MV,0.0,0
9,618431.1,618431,1,0.9867002084256475,13.336791218280357,MV,0.0,0
9,bt10401.1,bt10401,1,0.9787514930920024,0.2193931022920578,LV,0.0,0
9,bt197792.1,bt197792,1,0.9777997277451533,0.2193931022920578,LV,0.0,0
9,bt800551.1,bt800551,1,0.9780128191252925,0.2193931022920578,LV,0.0,0
9,bt295341.1,bt295341,1,0.9770199285424089,0.2193931022920578,LV,0.0,0
9,bt800541.1,bt800541,1,0.9774734107137165,0.2193931022920578,LV,0.0,0
9,bt295361.1,bt295361,1,0.976601632355945,0.2193931022920578,LV,0.0,0
9,bt474991.1,bt474991,1,0.9762722302216128,0.2193931022920578,LV,0.0,0
9,uc626695.1,uc626695,1,0.9735030083908874,0.2193931022920578,LV,0.0,0
9,uc1627323.1,uc1627323,1,0.9808439172917196,0.2193931022920578,LV,0.0,0
9,uc1627342.1,uc1627342,1,0.9966265755235132,0.2193931022920578,LV,0.0,0
9,uc627343.1,uc627343,1,0.9842987459608233,0.2193931022920578,LV,0.0,0
9,uc627344.1,uc627344,1,0.988870601789557,0.2193931022920578,LV,0.0,0
9,uc1626672.1,uc1626672,1,0.0,0.1270170592217177,LV,0.95,1
9,uc1626490.1,uc1626490,1,0.9933129732755286,0.2193931022920578,LV,0.0,0
9,uc3422706.1,uc3422706,1,0.9856859862512388,0.2193931022920578,LV,0.0,0
9,uc3425629.1,uc3425629,1,0.9857670986438569,0.2193931022920578,LV,0.0,0
9,uc3422597.1,uc3422597,1,0.9873202902031226,0.2193931022920578,LV,0.0,0
9,uc3405843.1,uc3405843,1,0.9829559978232985,0.2193931022920578,LV,0.0,0
9,uc3405844.1,uc3405844,1,0.9984080386138228,0.2193931022920578,LV,0.0,0
9,uc3405845.1,uc3405845,1,0.9975651381463884,0.2193931022920578,LV,0.0,0
9,uc3405846.1,uc3405846,1,0.9832564832027413,0.2193931022920578,LV,0.0,0
9,uc1626486.1,uc1626486,1,0.9952105502588156,0.2193931022920578,LV,0.0,0
9,uc1626487.1,uc1626487,1,0.9825786670981288,0.2193931022920578,LV,0.0,0
9,uc626481.1,uc626481,1,0.9836786209578284,0.2193931022920578,LV,0.0,0
9,uc626678.1,uc626678,1,0.9806915123956274,0.2193931022920578,LV,0.0,0
9,uc626698.1,uc626698,1,0.988018822184725,0.2193931022920578,LV,0.0,0
9,uc626476.1,uc626476,1,0.9774328112859838,0.2193931022920578,LV,0.0,0
9,uc1627321.1,uc1627321,1,0.9962420805520055,0.2193931022920578,LV,0.0,0
9,uc1607319.1,uc1607319,1,0.9796143985362258,0.2193931022920578,LV,0.0,0
9,uc1607308.1,uc1607308,1,0.981910483326128,0.2193931022920578,LV,0.0,0
9,uc1624026.1,uc1624026,1,0.0,0.1270170592217177,LV,0.95,1
9,uc1625170.1,uc1625170,1,0.9872629642618157,0.2193931022920578,LV,0.0,0
9,uc1621994.1,uc1621994,1,0.9946289804050934,0.2193931022920578,LV,0.0,0
9,uc1620360.1,uc1620360,1,0.9938542474286245,0.2193931022920578,LV,0.0,0
9,uc1620373.1,uc1620373,1,0.9819863117951668,0.2193931022920578,LV,0.0,0
9,uc1607302.1,uc1607302,1,0.9819253036759371,0.2193931022920578,LV,0.0,0
9,uc1607304.1,uc1607304,1,0.9800665581218715,0.2193931022920578,LV,0.0,0
9,uc1607305.1,uc1607305,1,0.979458408761434,0.2193931022920578,LV,0.0,0
9,uc1607306.1,uc1607306,1,0.9811978709062252,0.2193931022920578,LV,0.0,0
9,uc1607297.1,uc1607297,1,0.9855257974138857,0.2193931022920578,LV,0.0,0
9,uc1607298.1,uc1607298,1,0.9831566613712274,0.2193931022920578,LV,0.0,0
9,uc1607289.1,uc1607289,1,0.9873697561693953,0.2193931022920578,LV,0.0,0
9,uc1607290.1,uc1607290,1,0.987480643417988,0.2193931022920578,LV,0.0,0
9,uc1607291.1,uc1607291,1,0.9856574287954332,0.2193931022920578,LV,0.0,0
9,uc1607280.1,uc1607280,1,0.980713569659055,0.2193931022920578,LV,0.0,0
9,uc1607283.1,uc1607283,1,0.9763930202527678,0.2193931022920578,LV,0.0,0
9,uc1607285.1,uc1607285,1,0.9787247619485272,0.2193931022920578,LV,0.0,0
9,uc1607287.1,uc1607287,1,0.9814373231569503,0.2193931022920578,LV,0.0,0
9,uc1607288.1,uc1607288,1,0.9833550225081229,0.2193931022920578,LV,0.0,0
9,uc1607279.1,uc1607279,1,0.9821276257894015,0.2193931022920578,LV,0.0,0
9,uc1607357.1,uc1607357,1,0.9860590884362516,0.2193931022920578,LV,0.0,0
9,uc1607358.1,uc1607358,1,0.9854443533149526,0.2193931022920578,LV,0.0,0
9,uc1607368.1,uc1607368,1,0.0,0.1270170592217177,LV,0.95,1
9,uc1607277.1,uc1607277,1,0.9970035721628668,0.2193931022920578,LV,0.0,0
9,uc1607278.1,uc1607278,1,0.9996084215564939,0.2193931022920578,LV,0.0,0
9,uc1607272.1,uc1607272,1,0.9956000894025483,0.2193931022920578,LV,0.0,0
9,uc1607273.1,uc1607273,1,0.9984195333806547,0.2193931022920578,LV,0.0,0
9,uc1607353.1,uc1607353,1,0.986889361441484,0.2193931022920578,LV,0.0,0
9,uc1607347.1,uc1607347,1,1.0293324254247387,0.2193931022920578,LV,0.0,0
9,uc1607349.1,uc1607349,1,0.991058404858918,0.2193931022920578,LV,0.0,0
9,uc1107342.1,uc1107342,1,0.9789499409648283,0.2193931022920578,LV,0.0,0
9,uc1107340.1,uc1107340,1,0.9750685529038925,0.2193931022920578,LV,0.0,0
9,uc1105833.1,uc1105833,1,0.9828504427317324,0.2193931022920578,LV,0.0,0
9,uc1107330.1,uc1107330,1,0.9742760015828467,0.2193931022920578,LV,0.0,0
9,uc1607265.1,uc1607265,1,0.977525009219721,0.2193931022920578,LV,0.0,0
9,uc1607268.1,uc1607268,1,0.9936935912751247,0.2193931022920578,LV,0.0,0
9,uc1607252.1,uc1607252,1,0.9822670611669626,0.2193931022920578,LV,0.0,0
9,uc1605991.1,uc1605991,1,0.9838796189150739,0.2193931022920578,LV,0.0,0
9,uc1605996.1,uc1605996,1,0.9960853392084035,0.2193931022920578,LV,0.0,0
9,uc1607257.1,uc1607257,1,0.9850625944669431,0.2193931022920578,LV,0.0,0
9,uc1607258.1,uc1607258,1,0.9822782660263684,0.2193931022920578,LV,0.0,0
9,uc1124340.1,uc1124340,1,0.9796381034270956,0.2193931022920578,LV,0.0,0
9,uc605816.1,uc605816,1,0.9956682230668077,0.2193931022920578,LV,0.0,0
9,uc605813.1,uc605813,1,0.9863576123606453,0.2193931022920578,LV,0.0,0
9,uc609684.1,uc609684,1,0.9894095547082746,0.2193931022920578,LV,0.0,0
9,uc609686.1,uc609686,1,0.989896494977689,0.2193931022920578,LV,0.0,0
9,uc609688.1,uc609688,1,0.9891996708587517,0.2193931022920578,LV,0.0,0
9,uc621168.1,uc621168,1,0.9835513570861727,0.2193931022920578,LV,0.0,0
9,uc621171.1,uc621171,1,0.9797123291341604,0.2193931022920578,LV,0.0,0
9,uc605808.1,uc605808,1,0.9902987893034223,0.2193931022920578,LV,0.0,0
9,uc605809.1,uc605809,1,0.9777454294153378,0.2193931022920578,LV,0.0,0
9,uc605810.1,uc605810,1,0.9881212560143603,0.2193931022920578,LV,0.0,0
9,uc605970.1,uc605970,1,0.9843971245094549,0.2193931022920578,LV,0.0,0
9,uc605803.1,uc605803,1,0.9867278493885944,0.2193931022920578,LV,0.0,0
9,uc605804.1,uc605804,1,0.9882822976752913,0.2193931022920578,LV,0.0,0
9,uc605806.1,uc605806,1,0.9852474904909846,0.2193931022920578,LV,0.0,0
9,uc607384.1,uc607384,1,0.9801474893819044,0.2193931022920578,LV,0.0,0
9,uc607387.1,uc607387,1,0.9859777447909502,0.2193931022920578,LV,0.0,0
9,uc609682.1,uc609682,1,0.9789130893418956,0.2193931022920578,LV,0.0,0
9,uc624033.1,uc624033,1,0.9935111932839451,0.2193931022920578,LV,0.0,0
9,uc625156.1,uc625156,1,0.9867651466885626,0.2193931022920578,LV,0.0,0
9,uc625624.1,uc625624,1,0.9791099246963164,0.2193931022920578,LV,0.0,0
9,uc625625.1,uc625625,1,0.9897246993884907,0.2193931022920578,LV,0.0,0
9,uc607366.1,uc607366,1,0.9777011450898216,0.2193931022920578,LV,0.0,0
9,uc607367.1,uc607367,1,0.9879086489542234,0.2193931022920578,LV,0.0,0
9,uc606114.1,uc606114,1,0.9816594495603791,0.2193931022920578,LV,0.0,0
9,uc606117.1,uc606117,1,0.9819623771845203,0.2193931022920578,LV,0.0,0
9,uc606120.1,uc606120,1,0.9814573668130339,0.2193931022920578,LV,0.0,0
9,uc623015.1,uc623015,1,0.976745677328063,0.2193931022920578,LV,0.0,0
9,uc623432.1,uc623432,1,0.9829421226244957,0.2193931022920578,LV,0.0,0
9,uc624028.1,uc624028,1,0.9834833829738912,0.2193931022920578,LV,0.0,0
9,uc605873.1,uc605873,1,0.9862515754269324,0.2193931022920578,LV,0.0,0
9,uc623007.1,uc623007,1,0.9864690367486847,0.2193931022920578,LV,0.0,0
9,uc606147.1,uc606147,1,1.0206280715612916,0.2193931022920578,LV,0.0,0
9,uc606148.1,uc606148,1,0.9950796825831897,0.2193931022920578,LV,0.0,0
9,uc606150.1,uc606150,1,0.9946697038987461,0.2193931022920578,LV,0.0,0
9,uc606109.1,uc606109,1,0.9800987412861618,0.2193931022920578,LV,0.0,0
9,uc606110.1,uc606110,1,0.9792657078561643,0.2193931022920578,LV,0.0,0
9,uc606111.1,uc606111,1,0.9818840585649915,0.2193931022920578,LV,0.0,0
9,uc622777.1,uc622777,1,0.9960904999635853,0.2193931022920578,LV,0.0,0
9,uc623004.1,uc623004,1,0.9865501094451664,0.2193931022920578,LV,0.0,0
9,uc606103.1,uc606103,1,0.9832301511416356,0.2193931022920578,LV,0.0,0
9,uc606139.1,uc606139,1,0.9970532873598656,0.2193931022920578,LV,0.0,0
9,uc606141.1,uc606141,1,0.9973645969163336,0.2193931022920578,LV,0.0,0
9,uc606143.1,uc606143,1,1.0025862640145704,0.2193931022920578,LV,0.0,0
9,uc605921.1,uc605921,1,0.983748422900942,0.2193931022920578,LV,0.0,0
9,uc622713.1,uc622713,1,0.98469235815718,0.2193931022920578,LV,0.0,0
9,uc622714.1,uc622714,1,0.9864260030896759,0.2193931022920578,LV,0.0,0
9,uc605993.1,uc605993,1,0.984929006275733,0.2193931022920578,LV,0.0,0
9,uc606101.1,uc606101,1,0.9817600185453849,0.2193931022920578,LV,0.0,0
9,uc606102.1,uc606102,1,0.9811492283050376,0.2193931022920578,LV,0.0,0
9,uc622273.1,uc622273,1,1.0003371897744224,0.2193931022920578,LV,0.0,0
9,uc622703.1,uc622703,1,0.9735631930080196,0.2193931022920578,LV,0.0,0
9,uc605989.1,uc605989,1,0.988669042543892,0.2193931022920578,LV,0.0,0
9,uc606130.1,uc606130,1,0.9848418217155095,0.2193931022920578,LV,0.0,0
9,uc606132.1,uc606132,1,0.9803891047019212,0.2193931022920578,LV,0.0,0
9,uc605914.1,uc605914,1,1.000484951198246,0.2193931022920578,LV,0.0,0
9,uc622257.1,uc622257,1,0.9857643643629083,0.2193931022920578,LV,0.0,0
9,uc605909.1,uc605909,1,0.9867278605335629,0.2193931022920578,LV,0.0,0
9,uc605910.1,uc605910,1,0.9826398368448784,0.2193931022920578,LV,0.0,0
9,uc605911.1,uc605911,1,0.9835679928451638,0.2193931022920578,LV,0.0,0
9,uc606128.1,uc606128,1,0.9841041444988134,0.2193931022920578,LV,0.0,0
9,uc605823.1,uc605823,1,0.9780296970502595,0.2193931022920578,LV,0.0,0
9,uc605824.1,uc605824,1,0.9836251646037524,0.2193931022920578,LV,0.0,0
9,uc605904.1,uc605904,1,0.9840547332505998,0.2193931022920578,LV,0.0,0
9,uc621999.1,uc621999,1,0.9872478220019859,0.2193931022920578,LV,0.0,0
9,uc639553.1,uc639553,1,0.9799760849684478,0.2193931022920578,LV,0.0,0
9,uc1239552.1,uc1239552,1,0.9821885127143496,0.2193931022920578,LV,0.0,0
9,uc605817.1,uc605817,1,0.9841654571350402,0.2193931022920578,LV,0.0,0
9,uc605819.1,uc605819,1,0.9866067889852511,0.2193931022920578,LV,0.0,0
9,uc605820.1,uc605820,1,0.9813378273994824,0.2193931022920578,LV,0.0,0
9,uc605821.1,uc605821,1,0.9789540498738758,0.2193931022920578,LV,0.0,0
9,uc639280.1,uc639280,1,0.9933417787256107,0.2193931022920578,LV,0.0,0
9,uc605898.1,uc605898,1,0.985221799473673,0.2193931022920578,LV,0.0,0
9,uc605901.1,uc605901,1,0.9873904988171758,0.2193931022920578,LV,0.0,0
9,uc605902.1,uc605902,1,0.9816466499424539,0.2193931022920578,LV,0.0,0
9,uc605985.1,uc605985,1,0.9829195384303883,0.2193931022920578,LV,0.0,0
9,uc606126.1,uc606126,1,0.9890258618832904,0.2193931022920578,LV,0.0,0
9,uc606127.1,uc606127,1,0.9809262302700165,0.2193931022920578,LV,0.0,0
9,uc605896.1,uc605896,1,0.9791573018179649,0.2193931022920578,LV,0.0,0
9,uc606121.1,uc606121,1,0.9800936709043612,0.2193931022920578,LV,0.0,0
9,uc606122.1,uc606122,1,0.9769768337418782,0.2193931022920578,LV,0.0,0
9,uc606123.1,uc606123,1,0.994150532622897,0.2193931022920578,LV,0.0,0
9,uc606124.1,uc606124,1,0.9863088057966733,0.2193931022920578,LV,0.0,0
9,uc605825.1,uc605825,1,0.9801530368034983,0.2193931022920578,LV,0.0,0
9,uc623427.1,uc623427,1,0.9941505455888447,0.2193931022920578,LV,0.0,0
9,uc609687.1,uc609687,1,0.9904125231297781,0.2193931022920578,LV,0.0,0
9,uc639277.1,uc639277,1,0.9791099247024027,0.2193931022920578,LV,0.0,0
9,uc1139390.1,uc1139390,1,0.9821524205324391,0.2193931022920578,LV,0.0,0
9,uc605863.1,uc605863,1,0.9831084651322666,0.2193931022920578,LV,0.0,0
9,uc605865.1,uc605865,1,0.9834781357825746,0.2193931022920578,LV,0.0,0
9,uc1138614.1,uc1138614,1,0.9802354300561199,0.2193931022920578,LV,0.0,0
9,uc605855.1,uc605855,1,0.9807786200605838,0.2193931022920578,LV,0.0,0
9,uc605828.1,uc605828,1,0.9776405994846438,0.2193931022920578,LV,0.0,0
9,uc605829.1,uc605829,1,0.9837187582781916,0.2193931022920578,LV,0.0,0
9,uc605834.1,uc605834,1,0.974026156660985,0.2193931022920578,LV,0.0,0
9,uc605835.1,uc605835,1,0.9741144774594355,0.2193931022920578,LV,0.0,0
9,uc605827.1,uc605827,1,0.9775639525545413,0.2193931022920578,LV,0.0,0
9,uc627337.1,uc627337,1,0.9846219251720743,0.2193931022920578,LV,0.0,0
9,uc637912.1,uc637912,1,0.9838183287340092,0.2193931022920578,LV,0.0,0
9,uc637576.1,uc637576,1,0.9946018172863805,0.2193931022920578,LV,0.0,0
9,uc637356.1,uc637356,1,0.9853419113824105,0.2193931022920578,LV,0.0,0
9,uc637918.1,uc637918,1,0.9950965315207704,0.2193931022920578,LV,0.0,0
9,uc637360.1,uc637360,1,0.9796626335044959,0.2193931022920578,LV,0.0,0
9,uc637399.1,uc637399,1,0.9772800737937847,0.2193931022920578,LV,0.0,0
9,uc637397.1,uc637397,1,0.9784352222760243,0.2193931022920578,LV,0.0,0
9,uc1137150.1,uc1137150,1,0.9833782827232533,0.2193931022920578,LV,0.0,0
9,uc1636598.1,uc1636598,1,0.0,0.1270170592217177,LV,0.95,1
9,uc636933.1,uc636933,1,0.9953733774239758,0.2193931022920578,LV,0.0,0
9,uc635963.1,uc635963,1,0.9815460960753307,0.2193931022920578,LV,0.0,0
9,uc635543.1,uc635543,1,0.9839843871567235,0.2193931022920578,LV,0.0,0
9,uc635966.1,uc635966,1,0.9833786948591697,0.2193931022920578,LV,0.0,0
9,uc635550.1,uc635550,1,0.9831687808959026,0.2193931022920578,LV,0.0,0
9,uc635862.1,uc635862,1,0.9878389638905665,0.2193931022920578,LV,0.0,0
9,uc1635694.1,uc1635694,1,1.0005630264591674,0.2193931022920578,LV,0.0,0
9,uc3435739.1,uc3435739,1,0.9885390096209637,0.2193931022920578,LV,0.0,0
9,uc1635060.1,uc1635060,1,0.9913868277781304,0.2193931022920578,LV,0.0,0
9,uc1607271.1,uc1607271,1,0.9929189916159995,0.2193931022920578,LV,0.0,0
9,uc605884.1,uc605884,1,0.9845909013898739,0.2193931022920578,LV,0.0,0
9,uc1609690.1,uc1609690,1,0.9949643215124512,0.2193931022920578,LV,0.0,0
9,uc1134165.1,uc1134165,1,0.97521290179696,0.2193931022920578,LV,0.0,0
9,uc634166.1,uc634166,1,0.9863421233121338,0.2193931022920578,LV,0.0,0
9,uc1633896.1,uc1633896,1,0.9927926597894607,0.2193931022920578,LV,0.0,0
9,uc3433894.1,uc3433894,1,0.9837771176553655,0.2193931022920578,LV,0.0,0
9,uc1633892.1,uc1633892,1,0.9967083241024447,0.2193931022920578,LV,0.0,0
9,uc633672.1,uc633672,1,0.9904532207583286,0.2193931022920578,LV,0.0,0
9,uc1633671.1,uc1633671,1,0.9996869429508146,0.2193931022920578,LV,0.0,0
9,uc1632306.1,uc1632306,1,0.9887698502337301,0.2193931022920578,LV,0.0,0
9,uc632607.1,uc632607,1,0.9590121646932136,0.2193931022920578,LV,0.0,0
9,uc632613.1,uc632613,1,0.9850046993164657,0.2193931022920578,LV,0.0,0
9,uc3432407.1,uc3432407,1,0.9872835979782686,0.2193931022920578,LV,0.0,0
9,uc1632402.1,uc1632402,1,0.9784941910412543,0.2193931022920578,LV,0.0,0
9,uc1132019.1,uc1132019,1,0.9802371483217698,0.2193931022920578,LV,0.0,0
9,uc632016.1,uc632016,1,0.9878736367284741,0.2193931022920578,LV,0.0,0
9,uc1132015.1,uc1132015,1,0.9774347299800017,0.2193931022920578,LV,0.0,0
9,uc1132012.1,uc1132012,1,0.9842899861915503,0.2193931022920578,LV,0.0,0
9,uc631859.1,uc631859,1,0.9877367089007967,0.2193931022920578,LV,0.0,0
9,uc1631852.1,uc1631852,1,0.9856657424192641,0.2193931022920578,LV,0.0,0
9,uc1130761.1,uc1130761,1,0.9738582283070656,0.2193931022920578,LV,0.0,0
9,uc1630759.1,uc1630759,1,0.9773557636893689,0.2193931022920578,LV,0.0,0
9,uc630758.1,uc630758,1,0.9967018205413211,0.2193931022920578,LV,0.0,0
9,uc629428.1,uc629428,1,0.9882148322626122,0.2193931022920578,LV,0.0,0
9,uc1629639.1,uc1629639,1,0.995599507673227,0.2193931022920578,LV,0.0,0
9,uc1229546.1,uc1229546,1,0.9811907290452748,0.2193931022920578,LV,0.0,0
9,uc628768.1,uc628768,1,0.984701925787478,0.2193931022920578,LV,0.0,0
9,uc628757.1,uc628757,1,0.9945865633217142,0.2193931022920578,LV,0.0,0
9,uc628766.1,uc628766,1,0.9848552542786029,0.2193931022920578,LV,0.0,0
9,uc628753.1,uc628753,1,0.9943690446512135,0.2193931022920578,LV,0.0,0
9,uc627346.1,uc627346,1,0.9852619287424307,0.2193931022920578,LV,0.0,0
9,uc1628760.1,uc1628760,1,0.996175732637639,0.2193931022920578,LV,0.0,0
9,uc1629422.1,uc1629422,1,0.9835699760990193,0.2193931022920578,LV,0.0,0
9,uc626699.1,uc626699,1,0.9867131670643674,0.2193931022920578,LV,0.0,0
9,60651.2,60651,2,0.9874212636096733,13.336791218280357,MV,0.0,0
9,60721.2,60721,2,0.9873306534883431,13.336791218280357,MV,0.0,0
9,164151.2,164151,2,0.988311147312973,13.336791218280357,MV,0.0,0
9,302191.2,302191,2,0.9836104595977032,13.336791218280357,MV,0.0,0
9,320841.2,320841,2,0.9826732482230677,13.336791218280357,MV,0.0,0
9,337711.2,337711,2,0.9836620044456886,13.336791218280357,MV,0.0,0
9,358691.2,358691,2,0.9972343536027901,13.336791218280357,MV,0.0,0
9,et6_1177.2,et6_1177,2,0.9870120043475107,0.2193931022920578,LV,0.0,0
9,461501.2,461501,2,0.9889592342171833,13.336791218280357,MV,0.0,0
9,686891.2,686891,2,0.9853999750281984,13.336791218280357,MV,0.0,0
9,703601.2,703601,2,0.9886387571905636,13.336791218280357,MV,0.0,0
9,713791.2,713791,2,0.9847225852443666,13.336791218280357,MV,0.0,0
9,725731.2,725731,2,0.9834270737023552,13.336791218280357,MV,0.0,0
9,809501.2,809501,2,0.9857785270875453,13.336791218280357,MV,0.0,0
9,811221.2,811221,2,0.9884252488562821,13.336791218280357,MV,0.0,0
9,815111.2,815111,2,0.9836502588926248,13.336791218280357,MV,0.0,0
9,822371.2,822371,2,0.9838595561052397,13.336791218280357,MV,0.0,0
9,820611.2,820611,2,0.986685778355299,13.336791218280357,MV,0.0,0
9,822641.2,822641,2,0.9842490168557105,13.336791218280357,MV,0.0,0
9,618431.2,618431,2,0.98742048684435,13.336791218280357,MV,0.0,0
9,bt10401.2,bt10401,2,0.9752305950698407,0.2193931022920578,LV,0.0,0
9,bt197792.2,bt197792,2,0.9747668265867198,0.2193931022920578,LV,0.0,0
9,bt800551.2,bt800551,2,0.9747668266070573,0.2193931022920578,LV,0.0,0
9,bt295341.2,bt295341,2,0.9738971748210637,0.2193931022920578,LV,0.0,0
9,bt800541.2,bt800541,2,0.9743248341025852,0.2193931022920578,LV,0.0,0
9,bt295361.2,bt295361,2,0.9732092894250021,0.2193931022920578,LV,0.0,0
9,bt474991.2,bt474991,2,0.9729881210492937,0.2193931022920578,LV,0.0,0
9,uc1627323.2,uc1627323,2,0.9729696564764729,0.2193931022920578,LV,0.0,0
9,uc3405987.2,uc3405987,2,0.987991757197233,0.2193931022920578,LV,0.0,0
9,uc3405846.2,uc3405846,2,0.9795344513127989,0.2193931022920578,LV,0.0,0
9,uc3405847.2,uc3405847,2,0.988923054209111,0.2193931022920578,LV,0.0,0
9,uc3405838.2,uc3405838,2,0.975090888705711,0.2193931022920578,LV,0.0,0
9,uc1607326.2,uc1607326,2,0.9777149421608022,0.2193931022920578,LV,0.0,0
9,uc1607316.2,uc1607316,2,0.975963931600351,0.2193931022920578,LV,0.0,0
9,uc1607308.2,uc1607308,2,0.97989350729007,0.2193931022920578,LV,0.0,0
9,uc1623434.2,uc1623434,2,0.0,0.1270170592217177,LV,0.95,1
9,uc1620373.2,uc1620373,2,0.9823843382168475,0.2193931022920578,LV,0.0,0
9,uc1607302.2,uc1607302,2,0.9822987116845643,0.2193931022920578,LV,0.0,0
9,uc1607304.2,uc1607304,2,0.9820110759729765,0.2193931022920578,LV,0.0,0
9,uc1607306.2,uc1607306,2,0.979181205338842,0.2193931022920578,LV,0.0,0
9,uc1607299.2,uc1607299,2,0.9828664839656788,0.2193931022920578,LV,0.0,0
9,uc1607297.2,uc1607297,2,0.9836044266725196,0.2193931022920578,LV,0.0,0
9,uc1607298.2,uc1607298,2,0.9830959598148609,0.2193931022920578,LV,0.0,0
9,uc1607289.2,uc1607289,2,0.9865550146461128,0.2193931022920578,LV,0.0,0
9,uc1607291.2,uc1607291,2,0.9830299919583183,0.2193931022920578,LV,0.0,0
9,uc1607292.2,uc1607292,2,0.9823506750555897,0.2193931022920578,LV,0.0,0
9,uc1607280.2,uc1607280,2,0.9810110756819185,0.2193931022920578,LV,0.0,0
9,uc1607284.2,uc1607284,2,0.9811448861417522,0.2193931022920578,LV,0.0,0
9,uc1607285.2,uc1607285,2,0.981002962999242,0.2193931022920578,LV,0.0,0
9,uc1607288.2,uc1607288,2,0.9812900639541756,0.2193931022920578,LV,0.0,0
9,uc1607279.2,uc1607279,2,0.9824256372946178,0.2193931022920578,LV,0.0,0
9,uc1607355.2,uc1607355,2,0.983567407977014,0.2193931022920578,LV,0.0,0
9,uc1607357.2,uc1607357,2,0.9854530879307022,0.2193931022920578,LV,0.0,0
9,uc1607358.2,uc1607358,2,0.9827674392058594,0.2193931022920578,LV,0.0,0
9,uc1607368.2,uc1607368,2,0.0,0.1270170592217177,LV,0.95,1
9,uc1607276.2,uc1607276,2,0.9970160271977861,0.2193931022920578,LV,0.0,0
9,uc1607278.2,uc1607278,2,0.9972531379233286,0.2193931022920578,LV,0.0,0
9,uc1607273.2,uc1607273,2,0.9943781898040924,0.2193931022920578,LV,0.0,0
9,uc1607328.2,uc1607328,2,0.9771013753147306,0.2193931022920578,LV,0.0,0
9,uc1607347.2,uc1607347,2,1.0297611065149574,0.2193931022920578,LV,0.0,0
9,uc1607350.2,uc1607350,2,1.0067689406419096,0.2193931022920578,LV,0.0,0
9,uc1107341.2,uc1107341,2,0.9764010863715983,0.2193931022920578,LV,0.0,0
9,uc1107333.2,uc1107333,2,0.9785307242622422,0.2193931022920578,LV,0.0,0
9,uc1607268.2,uc1607268,2,0.9931083140366653,0.2193931022920578,LV,0.0,0
9,uc1607252.2,uc1607252,2,0.978108895672172,0.2193931022920578,LV,0.0,0
9,uc1606000.2,uc1606000,2,0.9807741911097287,0.2193931022920578,LV,0.0,0
9,uc1607255.2,uc1607255,2,0.9830394189956733,0.2193931022920578,LV,0.0,0
9,uc1607258.2,uc1607258,2,0.9781201490536264,0.2193931022920578,LV,0.0,0
9,uc1124041.2,uc1124041,2,0.9784800296811426,0.2193931022920578,LV,0.0,0
9,uc1124340.2,uc1124340,2,0.9805704895498563,0.2193931022920578,LV,0.0,0
9,uc1121173.2,uc1121173,2,0.9786549160159709,0.2193931022920578,LV,0.0,0
9,uc1107345.2,uc1107345,2,0.9805434742321429,0.2193931022920578,LV,0.0,0
9,uc605816.2,uc605816,2,0.9962190117008267,0.2193931022920578,LV,0.0,0
9,uc605812.2,uc605812,2,0.973036136882251,0.2193931022920578,LV,0.0,0
9,uc605813.2,uc605813,2,0.9867565126314307,0.2193931022920578,LV,0.0,0
9,uc609685.2,uc609685,2,0.9881561574133398,0.2193931022920578,LV,0.0,0
9,uc609688.2,uc609688,2,0.9925232706554306,0.2193931022920578,LV,0.0,0
9,uc621168.2,uc621168,2,0.9805904071096467,0.2193931022920578,LV,0.0,0
9,uc621171.2,uc621171,2,0.979764170437053,0.2193931022920578,LV,0.0,0
9,uc605810.2,uc605810,2,0.9865966123758746,0.2193931022920578,LV,0.0,0
9,uc605807.2,uc605807,2,0.9752019708825773,0.2193931022920578,LV,0.0,0
9,uc605801.2,uc605801,2,0.9838334940931419,0.2193931022920578,LV,0.0,0
9,uc607384.2,uc607384,2,0.9802078066415156,0.2193931022920578,LV,0.0,0
9,uc607385.2,uc607385,2,0.9810437349968874,0.2193931022920578,LV,0.0,0
9,uc609682.2,uc609682,2,0.9744866467664807,0.2193931022920578,LV,0.0,0
9,uc609683.2,uc609683,2,0.9862097872244032,0.2193931022920578,LV,0.0,0
9,uc607377.2,uc607377,2,0.9885358600530704,0.2193931022920578,LV,0.0,0
9,uc607382.2,uc607382,2,0.9848816338776953,0.2193931022920578,LV,0.0,0
9,uc606117.2,uc606117,2,0.9820151982616198,0.2193931022920578,LV,0.0,0
9,uc606120.2,uc606120,2,0.9815099709480029,0.2193931022920578,LV,0.0,0
9,uc623433.2,uc623433,2,0.9749245815848708,0.2193931022920578,LV,0.0,0
9,uc623007.2,uc623007,2,0.9865807486373971,0.2193931022920578,LV,0.0,0
9,uc606147.2,uc606147,2,1.0347762843489356,0.2193931022920578,LV,0.0,0
9,uc606148.2,uc606148,2,0.9951693777977798,0.2193931022920578,LV,0.0,0
9,uc606150.2,uc606150,2,0.994686244905771,0.2193931022920578,LV,0.0,0
9,uc606109.2,uc606109,2,0.9801507326924235,0.2193931022920578,LV,0.0,0
9,uc606110.2,uc606110,2,0.9793175975636952,0.2193931022920578,LV,0.0,0
9,uc606111.2,uc606111,2,0.9819368198856282,0.2193931022920578,LV,0.0,0
9,uc622720.2,uc622720,2,0.9819580534582912,0.2193931022920578,LV,0.0,0
9,uc623004.2,uc623004,2,0.9855976980449851,0.2193931022920578,LV,0.0,0
9,uc606103.2,uc606103,2,0.9807173141323569,0.2193931022920578,LV,0.0,0
9,uc606139.2,uc606139,2,1.0006650531657533,0.2193931022920578,LV,0.0,0
9,uc606143.2,uc606143,2,1.0141558726662578,0.2193931022920578,LV,0.0,0
9,uc605921.2,uc605921,2,0.9826050586060954,0.2193931022920578,LV,0.0,0
9,uc605915.2,uc605915,2,0.9828661963369423,0.2193931022920578,LV,0.0,0
9,uc606101.2,uc606101,2,0.9828010939944962,0.2193931022920578,LV,0.0,0
9,uc622273.2,uc622273,2,1.011919180338017,0.2193931022920578,LV,0.0,0
9,uc605990.2,uc605990,2,0.9738969557599872,0.2193931022920578,LV,0.0,0
9,uc606130.2,uc606130,2,0.9829731148907079,0.2193931022920578,LV,0.0,0
9,uc606132.2,uc606132,2,0.9804567495775198,0.2193931022920578,LV,0.0,0
9,uc622258.2,uc622258,2,0.9837340258152364,0.2193931022920578,LV,0.0,0
9,uc622270.2,uc622270,2,0.9919476480200002,0.2193931022920578,LV,0.0,0
9,uc605905.2,uc605905,2,0.9807982919380231,0.2193931022920578,LV,0.0,0
9,uc605909.2,uc605909,2,0.9858413816582006,0.2193931022920578,LV,0.0,0
9,uc605910.2,uc605910,2,0.9826885622363734,0.2193931022920578,LV,0.0,0
9,uc605911.2,uc605911,2,0.9836172259607401,0.2193931022920578,LV,0.0,0
9,uc606128.2,uc606128,2,0.9819519797686532,0.2193931022920578,LV,0.0,0
9,uc605904.2,uc605904,2,0.9809003530163731,0.2193931022920578,LV,0.0,0
9,uc1239552.2,uc1239552,2,0.9825869975235264,0.2193931022920578,LV,0.0,0
9,uc605817.2,uc605817,2,0.9832723376651705,0.2193931022920578,LV,0.0,0
9,uc605819.2,uc605819,2,0.989931407053004,0.2193931022920578,LV,0.0,0
9,uc605820.2,uc605820,2,0.9738407424347566,0.2193931022920578,LV,0.0,0
9,uc605821.2,uc605821,2,0.9783933832768964,0.2193931022920578,LV,0.0,0
9,uc605822.2,uc605822,2,0.973662209568056,0.2193931022920578,LV,0.0,0
9,uc639280.2,uc639280,2,0.9935774502051258,0.2193931022920578,LV,0.0,0
9,uc605898.2,uc605898,2,0.9867962398295963,0.2193931022920578,LV,0.0,0
9,uc605902.2,uc605902,2,0.9816919063211035,0.2193931022920578,LV,0.0,0
9,uc605982.2,uc605982,2,0.9750600862131126,0.2193931022920578,LV,0.0,0
9,uc605988.2,uc605988,2,0.9731049197497887,0.2193931022920578,LV,0.0,0
9,uc606126.2,uc606126,2,0.9891013284862648,0.2193931022920578,LV,0.0,0
9,uc606127.2,uc606127,2,0.9809972439950801,0.2193931022920578,LV,0.0,0
9,uc605896.2,uc605896,2,0.9758518473492004,0.2193931022920578,LV,0.0,0
9,uc606121.2,uc606121,2,0.9801445249139871,0.2193931022920578,LV,0.0,0
9,uc606122.2,uc606122,2,0.9770256951815075,0.2193931022920578,LV,0.0,0
9,uc606123.2,uc606123,2,0.9942289482903369,0.2193931022920578,LV,0.0,0
9,uc622709.2,uc622709,2,0.9817991299259896,0.2193931022920578,LV,0.0,0
9,uc639277.2,uc639277,2,0.97854923569066,0.2193931022920578,LV,0.0,0
9,uc1139390.2,uc1139390,2,0.982550890697103,0.2193931022920578,LV,0.0,0
9,uc605864.2,uc605864,2,0.9811115049360587,0.2193931022920578,LV,0.0,0
9,uc605865.2,uc605865,2,0.9825312250565101,0.2193931022920578,LV,0.0,0
9,uc638617.2,uc638617,2,0.9820359258291472,0.2193931022920578,LV,0.0,0
9,uc605855.2,uc605855,2,0.9763535597898508,0.2193931022920578,LV,0.0,0
9,uc1638606.2,uc1638606,2,0.9930591299907215,0.2193931022920578,LV,0.0,0
9,uc1638954.2,uc1638954,2,0.9940054500942656,0.2193931022920578,LV,0.0,0
9,uc605836.2,uc605836,2,0.9622756692292693,0.2193931022920578,LV,0.0,0
9,uc1607303.2,uc1607303,2,0.9824632244850674,0.2193931022920578,LV,0.0,0
9,uc637705.2,uc637705,2,0.9829880964931949,0.2193931022920578,LV,0.0,0
9,uc1637704.2,uc1637704,2,1.0017037193612746,0.2193931022920578,LV,0.0,0
9,uc637576.2,uc637576,2,0.9946800946939605,0.2193931022920578,LV,0.0,0
9,uc637918.2,uc637918,2,0.9953311793428186,0.2193931022920578,LV,0.0,0
9,uc637360.2,uc637360,2,0.9797143406803006,0.2193931022920578,LV,0.0,0
9,uc637397.2,uc637397,2,0.9789641570295059,0.2193931022920578,LV,0.0,0
9,uc636933.2,uc636933,2,0.9989907645717893,0.2193931022920578,LV,0.0,0
9,uc605908.2,uc605908,2,0.987312914351233,0.2193931022920578,LV,0.0,0
9,uc635963.2,uc635963,2,0.981598760321622,0.2193931022920578,LV,0.0,0
9,uc635543.2,uc635543,2,0.9840388032520845,0.2193931022920578,LV,0.0,0
9,uc635966.2,uc635966,2,0.9834332406941264,0.2193931022920578,LV,0.0,0
9,uc627328.2,uc627328,2,0.9727422435369943,0.2193931022920578,LV,0.0,0
9,uc635550.2,uc635550,2,0.9832424654064639,0.2193931022920578,LV,0.0,0
9,uc635862.2,uc635862,2,0.9883812737287458,0.2193931022920578,LV,0.0,0
9,uc3435739.2,uc3435739,2,0.9900960013902425,0.2193931022920578,LV,0.0,0
9,uc634166.2,uc634166,2,0.9847696364718865,0.2193931022920578,LV,0.0,0
9,uc1633671.2,uc1633671,2,1.0031372454653902,0.2193931022920578,LV,0.0,0
9,uc633056.2,uc633056,2,0.9860618041911732,0.2193931022920578,LV,0.0,0
9,uc632607.2,uc632607,2,0.9595148848487675,0.2193931022920578,LV,0.0,0
9,uc1632402.2,uc1632402,2,0.9811562859066896,0.2193931022920578,LV,0.0,0
9,uc1131858.2,uc1131858,2,0.9765302687576889,0.2193931022920578,LV,0.0,0
9,uc631391.2,uc631391,2,0.9737091022290052,0.2193931022920578,LV,0.0,0
9,uc1630759.2,uc1630759,2,0.9799552213278354,0.2193931022920578,LV,0.0,0
9,uc630758.2,uc630758,2,1.005105204688985,0.2193931022920578,LV,0.0,0
9,uc630753.2,uc630753,2,0.978251598808512,0.2193931022920578,LV,0.0,0
9,uc628766.2,uc628766,2,0.9829865709240245,0.2193931022920578,LV,0.0,0
9,uc627346.2,uc627346,2,0.9843538787597165,0.2193931022920578,LV,0.0,0
9,uc1629422.2,uc1629422,2,0.9816479337167887,0.2193931022920578,LV,0.0,0
9,60651.3,60651,3,0.9868483579225087,13.336791218280357,MV,0.0,0
9,60721.3,60721,3,0.9867577621338923,13.336791218280357,MV,0.0,0
9,164151.3,164151,3,0.9877380850519201,13.336791218280357,MV,0.0,0
9,302191.3,302191,3,0.9825429651581797,13.336791218280357,MV,0.0,0
9,320841.3,320841,3,0.9820942070231881,13.336791218280357,MV,0.0,0
9,337711.3,337711,3,0.9825944522472749,13.336791218280357,MV,0.0,0
9,358691.3,358691,3,0.9968719523509282,13.336791218280357,MV,0.0,0
9,et6_1177.3,et6_1177,3,0.987936136271146,0.2193931022920578,LV,0.0,0
9,461501.3,461501,3,0.9882794770002898,13.336791218280357,MV,0.0,0
9,686891.3,686891,3,0.9848265186962288,13.336791218280357,MV,0.0,0
9,703601.3,703601,3,0.988065452311217,13.336791218280357,MV,0.0,0
9,713791.3,713791,3,0.9841443601172789,13.336791218280357,MV,0.0,0
9,725731.3,725731,3,0.982847937287498,13.336791218280357,MV,0.0,0
9,809501.3,809501,3,0.9852076870348513,13.336791218280357,MV,0.0,0
9,811221.3,811221,3,0.9878521495268584,13.336791218280357,MV,0.0,0
9,815111.3,815111,3,0.9825827769100668,13.336791218280357,MV,0.0,0
9,822371.3,822371,3,0.9832803243620599,13.336791218280357,MV,0.0,0
9,820611.3,820611,3,0.9861132804740734,13.336791218280357,MV,0.0,0
9,822641.3,822641,3,0.9836653206233931,13.336791218280357,MV,0.0,0
9,618431.3,618431,3,0.9868475809676026,13.336791218280357,MV,0.0,0
9,bt10401.3,bt10401,3,0.9884668392252529,0.2193931022920578,LV,0.0,0
9,bt197792.3,bt197792,3,0.9884668401903582,0.2193931022920578,LV,0.0,0
9,bt800551.3,bt800551,3,0.9884668401028589,0.2193931022920578,LV,0.0,0
9,bt295341.3,bt295341,3,0.9884668413796277,0.2193931022920578,LV,0.0,0
9,bt800541.3,bt800541,3,0.9884668408005532,0.2193931022920578,LV,0.0,0
9,bt295361.3,bt295361,3,0.9884668420484171,0.2193931022920578,LV,0.0,0
9,bt474991.3,bt474991,3,0.9884668425047143,0.2193931022920578,LV,0.0,0
9,uc627336.3,uc627336,3,0.9852794465023426,0.2193931022920578,LV,0.0,0
9,uc1620373.3,uc1620373,3,0.9833120183546378,0.2193931022920578,LV,0.0,0
9,uc1607302.3,uc1607302,3,0.9832007673231787,0.2193931022920578,LV,0.0,0
9,uc1607304.3,uc1607304,3,0.9829365853825637,0.2193931022920578,LV,0.0,0
9,uc1607298.3,uc1607298,3,0.9844210377411022,0.2193931022920578,LV,0.0,0
9,uc1607280.3,uc1607280,3,0.9818231748588316,0.2193931022920578,LV,0.0,0
9,uc1607285.3,uc1607285,3,0.9830792195035892,0.2193931022920578,LV,0.0,0
9,uc1607279.3,uc1607279,3,0.9832381970711584,0.2193931022920578,LV,0.0,0
9,uc1607347.3,uc1607347,3,1.0306636556491724,0.2193931022920578,LV,0.0,0
9,uc1124340.3,uc1124340,3,0.9827957179378332,0.2193931022920578,LV,0.0,0
9,uc605816.3,uc605816,3,0.9971829644907049,0.2193931022920578,LV,0.0,0
9,uc605815.3,uc605815,3,0.9863377565652209,0.2193931022920578,LV,0.0,0
9,uc621171.3,uc621171,3,0.9802498170666964,0.2193931022920578,LV,0.0,0
9,uc607384.3,uc607384,3,0.9806979089601149,0.2193931022920578,LV,0.0,0
9,uc606117.3,uc606117,3,0.9825011830230503,0.2193931022920578,LV,0.0,0
9,uc606120.3,uc606120,3,0.9819958871413761,0.2193931022920578,LV,0.0,0
9,uc623007.3,uc623007,3,0.987504652854238,0.2193931022920578,LV,0.0,0
9,uc605867.3,uc605867,3,0.9832057262761027,0.2193931022920578,LV,0.0,0
9,uc606150.3,uc606150,3,0.9948345051859918,0.2193931022920578,LV,0.0,0
9,uc606109.3,uc606109,3,0.9806364505431661,0.2193931022920578,LV,0.0,0
9,uc606110.3,uc606110,3,0.9798031313109441,0.2193931022920578,LV,0.0,0
9,uc606111.3,uc606111,3,0.9824228005195217,0.2193931022920578,LV,0.0,0
9,uc622722.3,uc622722,3,0.9856697872597251,0.2193931022920578,LV,0.0,0
9,uc623004.3,uc623004,3,0.988725529197081,0.2193931022920578,LV,0.0,0
9,uc606101.3,uc606101,3,0.9832772125417767,0.2193931022920578,LV,0.0,0
9,uc606132.3,uc606132,3,0.9809500566565708,0.2193931022920578,LV,0.0,0
9,uc605910.3,uc605910,3,0.9831697909179711,0.2193931022920578,LV,0.0,0
9,uc605911.3,uc605911,3,0.9840985638924307,0.2193931022920578,LV,0.0,0
9,uc605904.3,uc605904,3,0.984571608960677,0.2193931022920578,LV,0.0,0
9,uc1239552.3,uc1239552,3,0.9835144550609641,0.2193931022920578,LV,0.0,0
9,uc605821.3,uc605821,3,0.9815954121741205,0.2193931022920578,LV,0.0,0
9,uc639280.3,uc639280,3,0.9942769957924048,0.2193931022920578,LV,0.0,0
9,uc605898.3,uc605898,3,0.9855234775586986,0.2193931022920578,LV,0.0,0
9,uc605902.3,uc605902,3,0.9821572053110458,0.2193931022920578,LV,0.0,0
9,uc606126.3,uc606126,3,0.9895930300280384,0.2193931022920578,LV,0.0,0
9,uc606127.3,uc606127,3,0.9814909603105638,0.2193931022920578,LV,0.0,0
9,uc606121.3,uc606121,3,0.9806294762954931,0.2193931022920578,LV,0.0,0
9,uc606122.3,uc606122,3,0.9775092870558125,0.2193931022920578,LV,0.0,0
9,uc639277.3,uc639277,3,0.9817513825668538,0.2193931022920578,LV,0.0,0
9,uc1139390.3,uc1139390,3,0.9834783141525691,0.2193931022920578,LV,0.0,0
9,uc637576.3,uc637576,3,0.9951654495797874,0.2193931022920578,LV,0.0,0
9,uc637918.3,uc637918,3,0.9960310795785865,0.2193931022920578,LV,0.0,0
9,uc637360.3,uc637360,3,0.9801999260946325,0.2193931022920578,LV,0.0,0
9,uc637397.3,uc637397,3,0.9799485414291565,0.2193931022920578,LV,0.0,0
9,uc635963.3,uc635963,3,0.9820846840877409,0.2193931022920578,LV,0.0,0
9,uc635543.3,uc635543,3,0.9845230875491656,0.2193931022920578,LV,0.0,0
9,uc635966.3,uc635966,3,0.983917447135858,0.2193931022920578,LV,0.0,0
9,uc635550.3,uc635550,3,0.9837373122903041,0.2193931022920578,LV,0.0,0
9,uc635862.3,uc635862,3,0.9875069348330401,0.2193931022920578,LV,0.0,0
9,uc1633671.3,uc1633671,3,1.003225161714939,0.2193931022920578,LV,0.0,0
9,uc632607.3,uc632607,3,0.9604995334038976,0.2193931022920578,LV,0.0,0
9,uc1629422.3,uc1629422,3,0.9849388540625125,0.2193931022920578,LV,0.0,0
10,60651.1,60651,1,0.9884517320242876,13.336791218280357,MV,0.0,0
10,60721.1,60721,1,0.9883738927675296,13.336791218280357,MV,0.0,0
10,164151.1,164151,1,0.9893047379006019,13.336791218280357,MV,0.0,0
10,302191.1,302191,1,0.9861235896974693,13.336791218280357,MV,0.0,0
10,320841.1,320841,1,0.9837257884227157,13.336791218280357,MV,0.0,0
10,337711.1,337711,1,0.9861437354115934,13.336791218280357,MV,0.0,0
10,358691.1,358691,1,0.9974895291280358,13.336791218280357,MV,0.0,0
10,et6_1177.1,et6_1177,1,0.988809358993677,0.2193931022920578,LV,0.0,0
10,461501.1,461501,1,0.9900338290158194,13.336791218280357,MV,0.0,0
10,686891.1,686891,1,0.9866876877269464,13.336791218280357,MV,0.0,0
10,703601.1,703601,1,0.9896125127640812,13.336791218280357,MV,0.0,0
10,713791.1,713791,1,0.9858916443184103,13.336791218280357,MV,0.0,0
10,725731.1,725731,1,0.9845455655457553,13.336791218280357,MV,0.0,0
10,809501.1,809501,1,0.9869516814444321,13.336791218280357,MV,0.0,0
10,811221.1,811221,1,0.9894477160739271,13.336791218280357,MV,0.0,0
10,815111.1,815111,1,0.9861971819311345,13.336791218280357,MV,0.0,0
10,822371.1,822371,1,0.9849934192955463,13.336791218280357,MV,0.0,0
10,820611.1,820611,1,0.9876701232998348,13.336791218280357,MV,0.0,0
10,822641.1,822641,1,0.9854537624384091,13.336791218280357,MV,0.0,0
10,618431.1,618431,1,0.988449993816967,13.336791218280357,MV,0.0,0
10,bt10401.1,bt10401,1,0.981537202045592,0.2193931022920578,LV,0.0,0
10,bt197792.1,bt197792,1,0.980750334411641,0.2193931022920578,LV,0.0,0
10,bt800551.1,bt800551,1,0.980894295378557,0.2193931022920578,LV,0.0,0
10,bt295341.1,bt295341,1,0.9799537266719033,0.2193931022920578,LV,0.0,0
10,bt800541.1,bt800541,1,0.9803927635516089,0.2193931022920578,LV,0.0,0
10,bt295361.1,bt295361,1,0.9795487668664662,0.2193931022920578,LV,0.0,0
10,bt474991.1,bt474991,1,0.9792298668027352,0.2193931022920578,LV,0.0,0
10,uc626695.1,uc626695,1,0.9765481439723508,0.2193931022920578,LV,0.0,0
10,uc1627323.1,uc1627323,1,0.9862365886808006,0.2193931022920578,LV,0.0,0
10,uc1627342.1,uc1627342,1,0.9982641641128353,0.2193931022920578,LV,0.0,0
10,uc627343.1,uc627343,1,0.9866853619041108,0.2193931022920578,LV,0.0,0
10,uc627344.1,uc627344,1,0.9914797397401865,0.2193931022920578,LV,0.0,0
10,uc1626672.1,uc1626672,1,0.0,0.1270170592217177,LV,0.95,1
10,uc1626490.1,uc1626490,1,0.9938358675011585,0.2193931022920578,LV,0.0,0
10,uc3422706.1,uc3422706,1,0.9901144027524004,0.2193931022920578,LV,0.0,0
10,uc3425629.1,uc3425629,1,0.9901692061026225,0.2193931022920578,LV,0.0,0
10,uc3422597.1,uc3422597,1,0.9955594333156936,0.2193931022920578,LV,0.0,0
10,uc3405843.1,uc3405843,1,0.9882151405596289,0.2193931022920578,LV,0.0,0
10,uc3405844.1,uc3405844,1,1.0126088161695384,0.2193931022920578,LV,0.0,0
10,uc3405845.1,uc3405845,1,1.0113405224914978,0.2193931022920578,LV,0.0,0
10,uc3405846.1,uc3405846,1,0.9884652250697099,0.2193931022920578,LV,0.0,0
10,uc1626486.1,uc1626486,1,0.9968004002483326,0.2193931022920578,LV,0.0,0
10,uc1626487.1,uc1626487,1,0.9868809068066836,0.2193931022920578,LV,0.0,0
10,uc626481.1,uc626481,1,0.9876859433768788,0.2193931022920578,LV,0.0,0
10,uc626678.1,uc626678,1,0.9868259166022547,0.2193931022920578,LV,0.0,0
10,uc626698.1,uc626698,1,0.9908896272389722,0.2193931022920578,LV,0.0,0
10,uc626476.1,uc626476,1,0.9835499973991659,0.2193931022920578,LV,0.0,0
10,uc1627321.1,uc1627321,1,0.9980044106622364,0.2193931022920578,LV,0.0,0
10,uc1607319.1,uc1607319,1,0.9837588187973846,0.2193931022920578,LV,0.0,0
10,uc1607308.1,uc1607308,1,0.9863713522906572,0.2193931022920578,LV,0.0,0
10,uc1624026.1,uc1624026,1,0.0,0.1270170592217177,LV,0.95,1
10,uc1625170.1,uc1625170,1,0.9897572843831672,0.2193931022920578,LV,0.0,0
10,uc1621994.1,uc1621994,1,0.9963776306487871,0.2193931022920578,LV,0.0,0
10,uc1620360.1,uc1620360,1,0.995295926899344,0.2193931022920578,LV,0.0,0
10,uc1620373.1,uc1620373,1,0.9855194106278131,0.2193931022920578,LV,0.0,0
10,uc1607302.1,uc1607302,1,0.9854966977477783,0.2193931022920578,LV,0.0,0
10,uc1607304.1,uc1607304,1,0.9842414643790023,0.2193931022920578,LV,0.0,0
10,uc1607305.1,uc1607305,1,0.983830558192169,0.2193931022920578,LV,0.0,0
10,uc1607306.1,uc1607306,1,0.9858895261693337,0.2193931022920578,LV,0.0,0
10,uc1607297.1,uc1607297,1,0.9888415232259371,0.2193931022920578,LV,0.0,0
10,uc1607298.1,uc1607298,1,0.9863323607975469,0.2193931022920578,LV,0.0,0
10,uc1607289.1,uc1607289,1,0.9905656979448494,0.2193931022920578,LV,0.0,0
10,uc1607290.1,uc1607290,1,0.9906406304335912,0.2193931022920578,LV,0.0,0
10,uc1607291.1,uc1607291,1,0.9889305086587065,0.2193931022920578,LV,0.0,0
10,uc1607280.1,uc1607280,1,0.9847193656269964,0.2193931022920578,LV,0.0,0
10,uc1607283.1,uc1607283,1,0.9817762064847619,0.2193931022920578,LV,0.0,0
10,uc1607285.1,uc1607285,1,0.983352522420835,0.2193931022920578,LV,0.0,0
10,uc1607287.1,uc1607287,1,0.9866671708887954,0.2193931022920578,LV,0.0,0
10,uc1607288.1,uc1607288,1,0.986483002076894,0.2193931022920578,LV,0.0,0
10,uc1607279.1,uc1607279,1,0.9856752773262645,0.2193931022920578,LV,0.0,0
10,uc1607357.1,uc1607357,1,0.9889548469223568,0.2193931022920578,LV,0.0,0
10,uc1607358.1,uc1607358,1,0.9888019010925376,0.2193931022920578,LV,0.0,0
10,uc1607368.1,uc1607368,1,0.0,0.1270170592217177,LV,0.95,1
10,uc1607277.1,uc1607277,1,0.997409757693818,0.2193931022920578,LV,0.0,0
10,uc1607278.1,uc1607278,1,1.000282832806842,0.2193931022920578,LV,0.0,0
10,uc1607272.1,uc1607272,1,1.0036083098764288,0.2193931022920578,LV,0.0,0
10,uc1607273.1,uc1607273,1,0.9990103414408144,0.2193931022920578,LV,0.0,0
10,uc1607353.1,uc1607353,1,0.9903364594557162,0.2193931022920578,LV,0.0,0
10,uc1607347.1,uc1607347,1,1.059947928503212,0.2193931022920578,LV,0.009947928503212022,1
10,uc1607349.1,uc1607349,1,0.9964452783669608,0.2193931022920578,LV,0.0,0
10,uc1107342.1,uc1107342,1,0.983690855340758,0.2193931022920578,LV,0.0,0
10,uc1107340.1,uc1107340,1,0.981900344350046,0.2193931022920578,LV,0.0,0
10,uc1105833.1,uc1105833,1,0.9869840945556068,0.2193931022920578,LV,0.0,0
10,uc1107330.1,uc1107330,1,0.9813648457251509,0.2193931022920578,LV,0.0,0
10,uc1607265.1,uc1607265,1,0.9840023584713786,0.2193931022920578,LV,0.0,0
10,uc1607268.1,uc1607268,1,0.9955312723666048,0.2193931022920578,LV,0.0,0
10,uc1607252.1,uc1607252,1,0.9863910667269118,0.2193931022920578,LV,0.0,0
10,uc1605991.1,uc1605991,1,0.9874554391632515,0.2193931022920578,LV,0.0,0
10,uc1605996.1,uc1605996,1,1.0039362033480346,0.2193931022920578,LV,0.0,0
10,uc1607257.1,uc1607257,1,0.9885222552168899,0.2193931022920578,LV,0.0,0
10,uc1607258.1,uc1607258,1,0.9863986425032368,0.2193931022920578,LV,0.0,0
10,uc1124340.1,uc1124340,1,0.984156001586192,0.2193931022920578,LV,0.0,0
10,uc605816.1,uc605816,1,1.0118362974334316,0.2193931022920578,LV,0.0,0
10,uc605813.1,uc605813,1,0.9884424523616261,0.2193931022920578,LV,0.0,0
10,uc609684.1,uc609684,1,0.9916659176806408,0.2193931022920578,LV,0.0,0
10,uc609686.1,uc609686,1,0.991995051898923,0.2193931022920578,LV,0.0,0
10,uc609688.1,uc609688,1,0.9983444711937527,0.2193931022920578,LV,0.0,0
10,uc621168.1,uc621168,1,0.9864554575815371,0.2193931022920578,LV,0.0,0
10,uc621171.1,uc621171,1,0.9819975354814894,0.2193931022920578,LV,0.0,0
10,uc605808.1,uc605808,1,0.9922561189128716,0.2193931022920578,LV,0.0,0
10,uc605809.1,uc605809,1,0.9807136577847024,0.2193931022920578,LV,0.0,0
10,uc605810.1,uc605810,1,0.9909900175580403,0.2193931022920578,LV,0.0,0
10,uc605970.1,uc605970,1,0.9884941147025393,0.2193931022920578,LV,0.0,0
10,uc605803.1,uc605803,1,0.9898771506642264,0.2193931022920578,LV,0.0,0
10,uc605804.1,uc605804,1,0.9910921596392165,0.2193931022920578,LV,0.0,0
10,uc605806.1,uc605806,1,0.9877139535753946,0.2193931022920578,LV,0.0,0
10,uc607384.1,uc607384,1,0.982739633783611,0.2193931022920578,LV,0.0,0
10,uc607387.1,uc607387,1,0.9881857602230033,0.2193931022920578,LV,0.0,0
10,uc609682.1,uc609682,1,0.9856372070273064,0.2193931022920578,LV,0.0,0
10,uc624033.1,uc624033,1,0.9949725603072309,0.2193931022920578,LV,0.0,0
10,uc625156.1,uc625156,1,0.9899023500272002,0.2193931022920578,LV,0.0,0
10,uc625624.1,uc625624,1,0.9840680637010693,0.2193931022920578,LV,0.0,0
10,uc625625.1,uc625625,1,0.9918789035487651,0.2193931022920578,LV,0.0,0
10,uc607366.1,uc607366,1,0.9806837454591216,0.2193931022920578,LV,0.0,0
10,uc607367.1,uc607367,1,0.9908395961094136,0.2193931022920578,LV,0.0,0
10,uc606114.1,uc606114,1,0.984532474435034,0.2193931022920578,LV,0.0,0
10,uc606117.1,uc606117,1,0.9835219020171846,0.2193931022920578,LV,0.0,0
10,uc606120.1,uc606120,1,0.9832098084991929,0.2193931022920578,LV,0.0,0
10,uc623015.1,uc623015,1,0.9796882513513916,0.2193931022920578,LV,0.0,0
10,uc623432.1,uc623432,1,0.9882595010461238,0.2193931022920578,LV,0.0,0
10,uc624028.1,uc624028,1,0.9878833120747224,0.2193931022920578,LV,0.0,0
10,uc605873.1,uc605873,1,0.9904552377093638,0.2193931022920578,LV,0.0,0
10,uc623007.1,uc623007,1,0.9885179685813389,0.2193931022920578,LV,0.0,0
10,uc606147.1,uc606147,1,1.0422771006848468,0.2193931022920578,LV,0.0,0
10,uc606148.1,uc606148,1,0.9961756299572945,0.2193931022920578,LV,0.0,0
10,uc606150.1,uc606150,1,0.9955970913603244,0.2193931022920578,LV,0.0,0
10,uc606109.1,uc606109,1,0.9822904920125595,0.2193931022920578,LV,0.0,0
10,uc606110.1,uc606110,1,0.981727515298643,0.2193931022920578,LV,0.0,0
10,uc606111.1,uc606111,1,0.9834886361810488,0.2193931022920578,LV,0.0,0
10,uc622777.1,uc622777,1,0.9970121449898254,0.2193931022920578,LV,0.0,0
10,uc623004.1,uc623004,1,0.9971670835295197,0.2193931022920578,LV,0.0,0
10,uc606103.1,uc606103,1,0.9863267503824663,0.2193931022920578,LV,0.0,0
10,uc606139.1,uc606139,1,1.005124455206242,0.2193931022920578,LV,0.0,0
10,uc606141.1,uc606141,1,1.0081065407210654,0.2193931022920578,LV,0.0,0
10,uc606143.1,uc606143,1,1.0123932296760623,0.2193931022920578,LV,0.0,0
10,uc605921.1,uc605921,1,0.9877433286724312,0.2193931022920578,LV,0.0,0
10,uc622713.1,uc622713,1,0.9866980436823343,0.2193931022920578,LV,0.0,0
10,uc622714.1,uc622714,1,0.990113526918024,0.2193931022920578,LV,0.0,0
10,uc605993.1,uc605993,1,0.9876892755957571,0.2193931022920578,LV,0.0,0
10,uc606101.1,uc606101,1,0.9835722802732139,0.2193931022920578,LV,0.0,0
10,uc606102.1,uc606102,1,0.9827914025674946,0.2193931022920578,LV,0.0,0
10,uc622273.1,uc622273,1,1.010115992529467,0.2193931022920578,LV,0.0,0
10,uc622703.1,uc622703,1,0.9766063970787938,0.2193931022920578,LV,0.0,0
10,uc605989.1,uc605989,1,0.9911542930325737,0.2193931022920578,LV,0.0,0
10,uc606130.1,uc606130,1,0.9866795929598248,0.2193931022920578,LV,0.0,0
10,uc606132.1,uc606132,1,0.9830710028311198,0.2193931022920578,LV,0.0,0
10,uc605914.1,uc605914,1,1.0007185408382056,0.2193931022920578,LV,0.0,0
10,uc622257.1,uc622257,1,0.9876759857432935,0.2193931022920578,LV,0.0,0
10,uc605909.1,uc605909,1,0.98845396167255,0.2193931022920578,LV,0.0,0
10,uc605910.1,uc605910,1,0.9845989391638788,0.2193931022920578,LV,0.0,0
10,uc605911.1,uc605911,1,0.9852174625440503,0.2193931022920578,LV,0.0,0
10,uc606128.1,uc606128,1,0.9864698371728893,0.2193931022920578,LV,0.0,0
10,uc605823.1,uc605823,1,0.9833379380195894,0.2193931022920578,LV,0.0,0
10,uc605824.1,uc605824,1,0.9876778274975683,0.2193931022920578,LV,0.0,0
10,uc605904.1,uc605904,1,0.9859472335068451,0.2193931022920578,LV,0.0,0
10,uc621999.1,uc621999,1,0.99039222956333,0.2193931022920578,LV,0.0,0
10,uc639553.1,uc639553,1,0.9822075452782687,0.2193931022920578,LV,0.0,0
10,uc1239552.1,uc1239552,1,0.9856302432082678,0.2193931022920578,LV,0.0,0
10,uc605817.1,uc605817,1,0.9880727814543145,0.2193931022920578,LV,0.0,0
10,uc605819.1,uc605819,1,0.9940975760620423,0.2193931022920578,LV,0.0,0
10,uc605820.1,uc605820,1,0.9861425902399572,0.2193931022920578,LV,0.0,0
10,uc605821.1,uc605821,1,0.9839627407199084,0.2193931022920578,LV,0.0,0
10,uc639280.1,uc639280,1,1.0022397119413224,0.2193931022920578,LV,0.0,0
10,uc605898.1,uc605898,1,0.9870558717130808,0.2193931022920578,LV,0.0,0
10,uc605901.1,uc605901,1,0.9896134452601947,0.2193931022920578,LV,0.0,0
10,uc605902.1,uc605902,1,0.9844616204012121,0.2193931022920578,LV,0.0,0
10,uc605985.1,uc605985,1,0.9890078199430111,0.2193931022920578,LV,0.0,0
10,uc606126.1,uc606126,1,0.9949338367514022,0.2193931022920578,LV,0.0,0
10,uc606127.1,uc606127,1,0.983430370580699,0.2193931022920578,LV,0.0,0
10,uc605896.1,uc605896,1,0.9818704561726876,0.2193931022920578,LV,0.0,0
10,uc606121.1,uc606121,1,0.982661519993926,0.2193931022920578,LV,0.0,0
10,uc606122.1,uc606122,1,0.9806224595584963,0.2193931022920578,LV,0.0,0
10,uc606123.1,uc606123,1,1.004475672735693,0.2193931022920578,LV,0.0,0
10,uc606124.1,uc606124,1,0.9884929692640828,0.2193931022920578,LV,0.0,0
10,uc605825.1,uc605825,1,0.9852744054694307,0.2193931022920578,LV,0.0,0
10,uc623427.1,uc623427,1,1.004475685836276,0.2193931022920578,LV,0.0,0
10,uc609687.1,uc609687,1,0.9923329338645751,0.2193931022920578,LV,0.0,0
10,uc639277.1,uc639277,1,0.98406806370733,0.2193931022920578,LV,0.0,0
10,uc1139390.1,uc1139390,1,0.9855940245541355,0.2193931022920578,LV,0.0,0
10,uc605863.1,uc605863,1,0.9908286635457411,0.2193931022920578,LV,0.0,0
10,uc605865.1,uc605865,1,0.9910786656321303,0.2193931022920578,LV,0.0,0
10,uc1138614.1,uc1138614,1,0.9850883709028101,0.2193931022920578,LV,0.0,0
10,uc605855.1,uc605855,1,0.9868987595300247,0.2193931022920578,LV,0.0,0
10,uc605828.1,uc605828,1,0.9845960630657372,0.2193931022920578,LV,0.0,0
10,uc605829.1,uc605829,1,0.9887168734611241,0.2193931022920578,LV,0.0,0
10,uc605834.1,uc605834,1,0.9820878173333862,0.2193931022920578,LV,0.0,0
10,uc605835.1,uc605835,1,0.9821474778039483,0.2193931022920578,LV,0.0,0
10,uc605827.1,uc605827,1,0.9845442833600461,0.2193931022920578,LV,0.0,0
10,uc627337.1,uc627337,1,0.988614943033131,0.2193931022920578,LV,0.0,0
10,uc637912.1,uc637912,1,0.9887841231278243,0.2193931022920578,LV,0.0,0
10,uc637576.1,uc637576,1,1.0053084450449359,0.2193931022920578,LV,0.0,0
10,uc637356.1,uc637356,1,0.9884700852620625,0.2193931022920578,LV,0.0,0
10,uc637918.1,uc637918,1,1.0057734783268943,0.2193931022920578,LV,0.0,0
10,uc637360.1,uc637360,1,0.9819957732420188,0.2193931022920578,LV,0.0,0
10,uc637399.1,uc637399,1,0.9802621770737616,0.2193931022920578,LV,0.0,0
10,uc637397.1,uc637397,1,0.9836332738474889,0.2193931022920578,LV,0.0,0
10,uc1137150.1,uc1137150,1,0.9882121642516629,0.2193931022920578,LV,0.0,0
10,uc1636598.1,uc1636598,1,0.0,0.1270170592217177,LV,0.95,1
10,uc636933.1,uc636933,1,1.0027368093345428,0.2193931022920578,LV,0.0,0
10,uc635963.1,uc635963,1,0.9832518952183091,0.2193931022920578,LV,0.0,0
10,uc635543.1,uc635543,1,0.9884492164072527,0.2193931022920578,LV,0.0,0
10,uc635966.1,uc635966,1,0.9874976899559262,0.2193931022920578,LV,0.0,0
10,uc635550.1,uc635550,1,0.9849548001208407,0.2193931022920578,LV,0.0,0
10,uc635862.1,uc635862,1,0.9960293220674946,0.2193931022920578,LV,0.0,0
10,uc1635694.1,uc1635694,1,1.0010739125742611,0.2193931022920578,LV,0.0,0
10,uc3435739.1,uc3435739,1,0.9984858801144285,0.2193931022920578,LV,0.0,0
10,uc1635060.1,uc1635060,1,0.9939720377627296,0.2193931022920578,LV,0.0,0
10,uc1607271.1,uc1607271,1,0.9950077013263088,0.2193931022920578,LV,0.0,0
10,uc605884.1,uc605884,1,0.9883035319254644,0.2193931022920578,LV,0.0,0
10,uc1609690.1,uc1609690,1,0.9964414598086802,0.2193931022920578,LV,0.0,0
10,uc1134165.1,uc1134165,1,0.9819978646207518,0.2193931022920578,LV,0.0,0
10,uc634166.1,uc634166,1,0.9887056530952163,0.2193931022920578,LV,0.0,0
10,uc1633896.1,uc1633896,1,0.9949222915176624,0.2193931022920578,LV,0.0,0
10,uc3433894.1,uc3433894,1,0.9888142557839091,0.2193931022920578,LV,0.0,0
10,uc1633892.1,uc1633892,1,0.9983194194942708,0.2193931022920578,LV,0.0,0
10,uc633672.1,uc633672,1,0.9923604360558804,0.2193931022920578,LV,0.0,0
10,uc1633671.1,uc1633671,1,1.0109078750441218,0.2193931022920578,LV,0.0,0
10,uc1632306.1,uc1632306,1,0.9907827113205993,0.2193931022920578,LV,0.0,0
10,uc632607.1,uc632607,1,0.9705085633007287,0.2193931022920578,LV,0.0,0
10,uc632613.1,uc632613,1,0.9891523205607404,0.2193931022920578,LV,0.0,0
10,uc3432407.1,uc3432407,1,0.9955346413362174,0.2193931022920578,LV,0.0,0
10,uc1632402.1,uc1632402,1,0.9846571257333182,0.2193931022920578,LV,0.0,0
10,uc1132019.1,uc1132019,1,0.985089531799146,0.2193931022920578,LV,0.0,0
10,uc632016.1,uc632016,1,0.9908159403533604,0.2193931022920578,LV,0.0,0
10,uc1132015.1,uc1132015,1,0.9835007082444726,0.2193931022920578,LV,0.0,0
10,uc1132012.1,uc1132012,1,0.9878417216040616,0.2193931022920578,LV,0.0,0
10,uc631859.1,uc631859,1,0.9907234270687042,0.2193931022920578,LV,0.0,0
10,uc1631852.1,uc1631852,1,0.9886891244613345,0.2193931022920578,LV,0.0,0
10,uc1130761.1,uc1130761,1,0.9817951706727788,0.2193931022920578,LV,0.0,0
10,uc1630759.1,uc1630759,1,0.9838875173674243,0.2193931022920578,LV,0.0,0
10,uc630758.1,uc630758,1,1.0091815891085756,0.2193931022920578,LV,0.0,0
10,uc629428.1,uc629428,1,0.9908822101540466,0.2193931022920578,LV,0.0,0
10,uc1629639.1,uc1629639,1,0.9969691458474399,0.2193931022920578,LV,0.0,0
10,uc1229546.1,uc1229546,1,0.9856633876709171,0.2193931022920578,LV,0.0,0
10,uc628768.1,uc628768,1,0.9893699024599045,0.2193931022920578,LV,0.0,0
10,uc628757.1,uc628757,1,0.9957437370821477,0.2193931022920578,LV,0.0,0
10,uc628766.1,uc628766,1,0.9866886711657279,0.2193931022920578,LV,0.0,0
10,uc628753.1,uc628753,1,0.9954945900701911,0.2193931022920578,LV,0.0,0
10,uc627346.1,uc627346,1,0.9871197537685017,0.2193931022920578,LV,0.0,0
10,uc1628760.1,uc1628760,1,0.9974525800975841,0.2193931022920578,LV,0.0,0
10,uc1629422.1,uc1629422,1,0.9866283857813204,0.2193931022920578,LV,0.0,0
10,uc626699.1,uc626699,1,0.9883172310633117,0.2193931022920578,LV,0.0,0
10,60651.2,60651,2,0.988735684783425,13.336791218280357,MV,0.0,0
10,60721.2,60721,2,0.988657817808834,13.336791218280357,MV,0.0,0
10,164151.2,164151,2,0.9895890476269552,13.336791218280357,MV,0.0,0
10,302191.2,302191,2,0.9871067200206368,13.336791218280357,MV,0.0,0
10,320841.2,320841,2,0.9839165025817367,13.336791218280357,MV,0.0,0
10,337711.2,337711,2,0.9871269583880938,13.336791218280357,MV,0.0,0
10,358691.2,358691,2,0.9975067547683389,13.336791218280357,MV,0.0,0
10,et6_1177.2,et6_1177,2,0.989203875112252,0.2193931022920578,LV,0.0,0
10,461501.2,461501,2,0.9904982796089278,13.336791218280357,MV,0.0,0
10,686891.2,686891,2,0.986858154917042,13.336791218280357,MV,0.0,0
10,703601.2,703601,2,0.9899049727155168,13.336791218280357,MV,0.0,0
10,713791.2,713791,2,0.9860820623600356,13.336791218280357,MV,0.0,0
10,725731.2,725731,2,0.9847364075807181,13.336791218280357,MV,0.0,0
10,809501.2,809501,2,0.9871190605366174,13.336791218280357,MV,0.0,0
10,811221.2,811221,2,0.9897333621467359,13.336791218280357,MV,0.0,0
10,815111.2,815111,2,0.9871802923642617,13.336791218280357,MV,0.0,0
10,822371.2,822371,2,0.9851844990414761,13.336791218280357,MV,0.0,0
10,820611.2,820611,2,0.9879163931172591,13.336791218280357,MV,0.0,0
10,822641.2,822641,2,0.9856535307110796,13.336791218280357,MV,0.0,0
10,618431.2,618431,2,0.9887339469358669,13.336791218280357,MV,0.0,0
10,bt10401.2,bt10401,2,0.9810276296766048,0.2193931022920578,LV,0.0,0
10,bt197792.2,bt197792,2,0.980713809343026,0.2193931022920578,LV,0.0,0
10,bt800551.2,bt800551,2,0.9807138093638678,0.2193931022920578,LV,0.0,0
10,bt295341.2,bt295341,2,0.9801253302060716,0.2193931022920578,LV,0.0,0
10,bt800541.2,bt800541,2,0.980414721529395,0.2193931022920578,LV,0.0,0
10,bt295361.2,bt295361,2,0.9796604584484181,0.2193931022920578,LV,0.0,0
10,bt474991.2,bt474991,2,0.979510992470801,0.2193931022920578,LV,0.0,0
10,uc1627323.2,uc1627323,2,0.9808875611424354,0.2193931022920578,LV,0.0,0
10,uc3405987.2,uc3405987,2,1.0018590388972772,0.2193931022920578,LV,0.0,0
10,uc3405846.2,uc3405846,2,0.9859472700482896,0.2193931022920578,LV,0.0,0
10,uc3405847.2,uc3405847,2,1.002489348681084,0.2193931022920578,LV,0.0,0
10,uc3405838.2,uc3405838,2,0.9828893277254865,0.2193931022920578,LV,0.0,0
10,uc1607326.2,uc1607326,2,0.982949532414568,0.2193931022920578,LV,0.0,0
10,uc1607316.2,uc1607316,2,0.9811996865033238,0.2193931022920578,LV,0.0,0
10,uc1607308.2,uc1607308,2,0.9850145500815152,0.2193931022920578,LV,0.0,0
10,uc1623434.2,uc1623434,2,0.0,0.1270170592217177,LV,0.95,1
10,uc1620373.2,uc1620373,2,0.9863657943801529,0.2193931022920578,LV,0.0,0
10,uc1607302.2,uc1607302,2,0.9862961282919313,0.2193931022920578,LV,0.0,0
10,uc1607304.2,uc1607304,2,0.9861354478024904,0.2193931022920578,LV,0.0,0
10,uc1607306.2,uc1607306,2,0.9845328596873842,0.2193931022920578,LV,0.0,0
10,uc1607299.2,uc1607299,2,0.9866773427108376,0.2193931022920578,LV,0.0,0
10,uc1607297.2,uc1607297,2,0.987548175511777,0.2193931022920578,LV,0.0,0
10,uc1607298.2,uc1607298,2,0.9868324482291266,0.2193931022920578,LV,0.0,0
10,uc1607289.2,uc1607289,2,0.9900204853013365,0.2193931022920578,LV,0.0,0
10,uc1607291.2,uc1607291,2,0.9871597418372823,0.2193931022920578,LV,0.0,0
10,uc1607292.2,uc1607292,2,0.9867005489631142,0.2193931022920578,LV,0.0,0
10,uc1607280.2,uc1607280,2,0.9853811664231724,0.2193931022920578,LV,0.0,0
10,uc1607284.2,uc1607284,2,0.985494477331198,0.2193931022920578,LV,0.0,0
10,uc1607285.2,uc1607285,2,0.9853985541287151,0.2193931022920578,LV,0.0,0
10,uc1607288.2,uc1607288,2,0.9856033306518783,0.2193931022920578,LV,0.0,0
10,uc1607279.2,uc1607279,2,0.9863375571435362,0.2193931022920578,LV,0.0,0
10,uc1607355.2,uc1607355,2,0.9870889621178893,0.2193931022920578,LV,0.0,0
10,uc1607357.2,uc1607357,2,0.9885511716530636,0.2193931022920578,LV,0.0,0
10,uc1607358.2,uc1607358,2,0.9870008541274029,0.2193931022920578,LV,0.0,0
10,uc1607368.2,uc1607368,2,0.0,0.1270170592217177,LV,0.95,1
10,uc1607276.2,uc1607276,2,0.9982192417381697,0.2193931022920578,LV,0.0,0
10,uc1607278.2,uc1607278,2,0.9987000621545535,0.2193931022920578,LV,0.0,0
10,uc1607273.2,uc1607273,2,0.9962894203865607,0.2193931022920578,LV,0.0,0
10,uc1607328.2,uc1607328,2,0.9825347725272411,0.2193931022920578,LV,0.0,0
10,uc1607347.2,uc1607347,2,1.0608257890026886,0.2193931022920578,LV,0.010825789002688602,1
10,uc1607350.2,uc1607350,2,1.0234665509225123,0.2193931022920578,LV,0.0,0
10,uc1107341.2,uc1107341,2,0.9835274250413291,0.2193931022920578,LV,0.0,0
10,uc1107333.2,uc1107333,2,0.984942072538838,0.2193931022920578,LV,0.0,0
10,uc1607268.2,uc1607268,2,0.9951457820005968,0.2193931022920578,LV,0.0,0
10,uc1607252.2,uc1607252,2,0.9835776697692084,0.2193931022920578,LV,0.0,0
10,uc1606000.2,uc1606000,2,0.9852545638985504,0.2193931022920578,LV,0.0,0
10,uc1607255.2,uc1607255,2,0.986696488399748,0.2193931022920578,LV,0.0,0
10,uc1607258.2,uc1607258,2,0.9835852675902739,0.2193931022920578,LV,0.0,0
10,uc1124041.2,uc1124041,2,0.9840389788406674,0.2193931022920578,LV,0.0,0
10,uc1124340.2,uc1124340,2,0.9854914524703323,0.2193931022920578,LV,0.0,0
10,uc1121173.2,uc1121173,2,0.9850260969876702,0.2193931022920578,LV,0.0,0
10,uc1107345.2,uc1107345,2,0.9854732083038324,0.2193931022920578,LV,0.0,0
10,uc605816.2,uc605816,2,1.0129707122390292,0.2193931022920578,LV,0.0,0
10,uc605812.2,uc605812,2,0.9795434758725087,0.2193931022920578,LV,0.0,0
10,uc605813.2,uc605813,2,0.9890312704372985,0.2193931022920578,LV,0.0,0
10,uc609685.2,uc609685,2,0.9908252522819598,0.2193931022920578,LV,0.0,0
10,uc609688.2,uc609688,2,1.0049769396047512,0.2193931022920578,LV,0.0,0
10,uc621168.2,uc621168,2,0.9844603473025636,0.2193931022920578,LV,0.0,0
10,uc621171.2,uc621171,2,0.9823434516880075,0.2193931022920578,LV,0.0,0
10,uc605810.2,uc605810,2,0.9899666935385731,0.2193931022920578,LV,0.0,0
10,uc605807.2,uc605807,2,0.98100829032788,0.2193931022920578,LV,0.0,0
10,uc605801.2,uc605801,2,0.9868797475110441,0.2193931022920578,LV,0.0,0
10,uc607384.2,uc607384,2,0.9830922246202358,0.2193931022920578,LV,0.0,0
10,uc607385.2,uc607385,2,0.9884961217085165,0.2193931022920578,LV,0.0,0
10,uc609682.2,uc609682,2,0.982633974271911,0.2193931022920578,LV,0.0,0
10,uc609683.2,uc609683,2,0.9895090646491248,0.2193931022920578,LV,0.0,0
10,uc607377.2,uc607377,2,0.9910770236113724,0.2193931022920578,LV,0.0,0
10,uc607382.2,uc607382,2,0.9888049066442524,0.2193931022920578,LV,0.0,0
10,uc606117.2,uc606117,2,0.9838685364988153,0.2193931022920578,LV,0.0,0
10,uc606120.2,uc606120,2,0.9835562972438527,0.2193931022920578,LV,0.0,0
10,uc623433.2,uc623433,2,0.9808208821459523,0.2193931022920578,LV,0.0,0
10,uc623007.2,uc623007,2,0.9889124583055697,0.2193931022920578,LV,0.0,0
10,uc606147.2,uc606147,2,1.0682462403153743,0.2193931022920578,LV,0.01824624031537425,1
10,uc606148.2,uc606148,2,0.9963247010222197,0.2193931022920578,LV,0.0,0
10,uc606150.2,uc606150,2,0.9957089176842223,0.2193931022920578,LV,0.0,0
10,uc606109.2,uc606109,2,0.9826365373282107,0.2193931022920578,LV,0.0,0
10,uc606110.2,uc606110,2,0.9820734237654289,0.2193931022920578,LV,0.0,0
10,uc606111.2,uc606111,2,0.9838352411309765,0.2193931022920578,LV,0.0,0
10,uc622720.2,uc622720,2,0.9868647063338851,0.2193931022920578,LV,0.0,0
10,uc623004.2,uc623004,2,0.9972790691053238,0.2193931022920578,LV,0.0,0
10,uc606103.2,uc606103,2,0.9846326991587586,0.2193931022920578,LV,0.0,0
10,uc606139.2,uc606139,2,1.0164020807284058,0.2193931022920578,LV,0.0,0
10,uc606143.2,uc606143,2,1.0341796093803082,0.2193931022920578,LV,0.0,0
10,uc605921.2,uc605921,2,0.9869746115640509,0.2193931022920578,LV,0.0,0
10,uc605915.2,uc605915,2,0.9864500131473957,0.2193931022920578,LV,0.0,0
10,uc606101.2,uc606101,2,0.9848774473544671,0.2193931022920578,LV,0.0,0
10,uc622273.2,uc622273,2,1.0319331701974732,0.2193931022920578,LV,0.0,0
10,uc605990.2,uc605990,2,0.9801251100790457,0.2193931022920578,LV,0.0,0
10,uc606130.2,uc606130,2,0.9854269271786709,0.2193931022920578,LV,0.0,0
10,uc606132.2,uc606132,2,0.9834274943716764,0.2193931022920578,LV,0.0,0
10,uc622258.2,uc622258,2,0.986315795448197,0.2193931022920578,LV,0.0,0
10,uc622270.2,uc622270,2,0.9938706786882776,0.2193931022920578,LV,0.0,0
10,uc605905.2,uc605905,2,0.9840504349897562,0.2193931022920578,LV,0.0,0
10,uc605909.2,uc605909,2,0.9878689475283083,0.2193931022920578,LV,0.0,0
10,uc605910.2,uc605910,2,0.9849432967812736,0.2193931022920578,LV,0.0,0
10,uc605911.2,uc605911,2,0.9855621615589422,0.2193931022920578,LV,0.0,0
10,uc606128.2,uc606128,2,0.985026530129434,0.2193931022920578,LV,0.0,0
10,uc605904.2,uc605904,2,0.9841190071997159,0.2193931022920578,LV,0.0,0
10,uc1239552.2,uc1239552,2,0.986476637314759,0.2193931022920578,LV,0.0,0
10,uc605817.2,uc605817,2,0.987476885788191,0.2193931022920578,LV,0.0,0
10,uc605819.2,uc605819,2,1.0007343245964775,0.2193931022920578,LV,0.0,0
10,uc605820.2,uc605820,2,0.9810727844585928,0.2193931022920578,LV,0.0,0
10,uc605821.2,uc605821,2,0.9843410220052393,0.2193931022920578,LV,0.0,0
10,uc605822.2,uc605822,2,0.9809517260688744,0.2193931022920578,LV,0.0,0
10,uc639280.2,uc639280,2,1.0027949173876076,0.2193931022920578,LV,0.0,0
10,uc605898.2,uc605898,2,0.9884149482220809,0.2193931022920578,LV,0.0,0
10,uc605902.2,uc605902,2,0.9847920068445315,0.2193931022920578,LV,0.0,0
10,uc605982.2,uc605982,2,0.9809124300556515,0.2193931022920578,LV,0.0,0
10,uc605988.2,uc605988,2,0.9795899454823741,0.2193931022920578,LV,0.0,0
10,uc606126.2,uc606126,2,0.9952961846026852,0.2193931022920578,LV,0.0,0
10,uc606127.2,uc606127,2,0.9837891383534053,0.2193931022920578,LV,0.0,0
10,uc605896.2,uc605896,2,0.9814212324210995,0.2193931022920578,LV,0.0,0
10,uc606121.2,uc606121,2,0.9830069740893099,0.2193931022920578,LV,0.0,0
10,uc606122.2,uc606122,2,0.9809664896983991,0.2193931022920578,LV,0.0,0
10,uc606123.2,uc606123,2,1.004841181790589,0.2193931022920578,LV,0.0,0
10,uc622709.2,uc622709,2,0.9864535926318011,0.2193931022920578,LV,0.0,0
10,uc639277.2,uc639277,2,0.9844463768388899,0.2193931022920578,LV,0.0,0
10,uc1139390.2,uc1139390,2,0.9864403875569214,0.2193931022920578,LV,0.0,0
10,uc605864.2,uc605864,2,0.9885420542359432,0.2193931022920578,LV,0.0,0
10,uc605865.2,uc605865,2,0.9911949294704147,0.2193931022920578,LV,0.0,0
10,uc638617.2,uc638617,2,0.9908600278354815,0.2193931022920578,LV,0.0,0
10,uc605855.2,uc605855,2,0.983896177642015,0.2193931022920578,LV,0.0,0
10,uc1638606.2,uc1638606,2,0.9958745181912482,0.2193931022920578,LV,0.0,0
10,uc1638954.2,uc1638954,2,0.996037555325095,0.2193931022920578,LV,0.0,0
10,uc605836.2,uc605836,2,0.9742594341452806,0.2193931022920578,LV,0.0,0
10,uc1607303.2,uc1607303,2,0.987381943566185,0.2193931022920578,LV,0.0,0
10,uc637705.2,uc637705,2,0.9860434895558171,0.2193931022920578,LV,0.0,0
10,uc1637704.2,uc1637704,2,1.0020278212924774,0.2193931022920578,LV,0.0,0
10,uc637576.2,uc637576,2,1.0056738310748101,0.2193931022920578,LV,0.0,0
10,uc637918.2,uc637918,2,1.0063275844268147,0.2193931022920578,LV,0.0,0
10,uc637360.2,uc637360,2,0.9823416596249148,0.2193931022920578,LV,0.0,0
10,uc637397.2,uc637397,2,0.9847467527870046,0.2193931022920578,LV,0.0,0
10,uc636933.2,uc636933,2,1.014039295514253,0.2193931022920578,LV,0.0,0
10,uc605908.2,uc605908,2,0.989274525012511,0.2193931022920578,LV,0.0,0
10,uc635963.2,uc635963,2,0.9835984155737075,0.2193931022920578,LV,0.0,0
10,uc635543.2,uc635543,2,0.9887972522393531,0.2193931022920578,LV,0.0,0
10,uc635966.2,uc635966,2,0.9878458298034866,0.2193931022920578,LV,0.0,0
10,uc627328.2,uc627328,2,0.979344878544593,0.2193931022920578,LV,0.0,0
10,uc635550.2,uc635550,2,0.9853152130571624,0.2193931022920578,LV,0.0,0
10,uc635862.2,uc635862,2,0.9971550134133439,0.2193931022920578,LV,0.0,0
10,uc3435739.2,uc3435739,2,1.0053682758136928,0.2193931022920578,LV,0.0,0
10,uc634166.2,uc634166,2,0.9876503927247839,0.2193931022920578,LV,0.0,0
10,uc1633671.2,uc1633671,2,1.0133297037978553,0.2193931022920578,LV,0.0,0
10,uc633056.2,uc633056,2,0.9894090769734933,0.2193931022920578,LV,0.0,0
10,uc632607.2,uc632607,2,0.9716025187830514,0.2193931022920578,LV,0.0,0
10,uc1632402.2,uc1632402,2,0.9864608190583958,0.2193931022920578,LV,0.0,0
10,uc1131858.2,uc1131858,2,0.9836147024719087,0.2193931022920578,LV,0.0,0
10,uc631391.2,uc631391,2,0.9760301269264955,0.2193931022920578,LV,0.0,0
10,uc1630759.2,uc1630759,2,0.9856490383985854,0.2193931022920578,LV,0.0,0
10,uc630758.2,uc630758,2,1.027936979363053,0.2193931022920578,LV,0.0,0
10,uc630753.2,uc630753,2,0.984245284781804,0.2193931022920578,LV,0.0,0
10,uc628766.2,uc628766,2,0.9854360159221123,0.2193931022920578,LV,0.0,0
10,uc627346.2,uc627346,2,0.9865200565661776,0.2193931022920578,LV,0.0,0
10,uc1629422.2,uc1629422,2,0.9858451670992966,0.2193931022920578,LV,0.0,0
10,60651.3,60651,3,0.9878844340644864,13.336791218280357,MV,0.0,0
10,60721.3,60721,3,0.9878065956197288,13.336791218280357,MV,0.0,0
10,164151.3,164151,3,0.9887374579017827,13.336791218280357,MV,0.0,0
10,302191.3,302191,3,0.9855568122250897,13.336791218280357,MV,0.0,0
10,320841.3,320841,3,0.9830784893393334,13.336791218280357,MV,0.0,0
10,337711.3,337711,3,0.9855769571026387,13.336791218280357,MV,0.0,0
10,358691.3,358691,3,0.9970400872062336,13.336791218280357,MV,0.0,0
10,et6_1177.3,et6_1177,3,0.9896738328186324,0.2193931022920578,LV,0.0,0
10,461501.3,461501,3,0.9895212621396342,13.336791218280357,MV,0.0,0
10,686891.3,686891,3,0.986022855561084,13.336791218280357,MV,0.0,0
10,703601.3,703601,3,0.9890521946640325,13.336791218280357,MV,0.0,0
10,713791.3,713791,3,0.9852437088553373,13.336791218280357,MV,0.0,0
10,725731.3,725731,3,0.983898232386293,13.336791218280357,MV,0.0,0
10,809501.3,809501,3,0.9862854417719186,13.336791218280357,MV,0.0,0
10,811221.3,811221,3,0.9888815804184288,13.336791218280357,MV,0.0,0
10,815111.3,815111,3,0.9856304052666568,13.336791218280357,MV,0.0,0
10,822371.3,822371,3,0.9843460865944822,13.336791218280357,MV,0.0,0
10,820611.3,820611,3,0.987070903527535,13.336791218280357,MV,0.0,0
10,822641.3,822641,3,0.9848111586495645,13.336791218280357,MV,0.0,0
10,618431.3,618431,3,0.9878826958083493,13.336791218280357,MV,0.0,0
10,bt10401.3,bt10401,3,0.9900487014090674,0.2193931022920578,LV,0.0,0
10,bt197792.3,bt197792,3,0.9900487028479211,0.2193931022920578,LV,0.0,0
10,bt800551.3,bt800551,3,0.9900487026787813,0.2193931022920578,LV,0.0,0
10,bt295341.3,bt295341,3,0.9900487041574788,0.2193931022920578,LV,0.0,0
10,bt800541.3,bt800541,3,0.9900487035278073,0.2193931022920578,LV,0.0,0
10,bt295361.3,bt295361,3,0.9900487048309078,0.2193931022920578,LV,0.0,0
10,bt474991.3,bt474991,3,0.990048705291164,0.2193931022920578,LV,0.0,0
10,uc627336.3,uc627336,3,0.9872105178776521,0.2193931022920578,LV,0.0,0
10,uc1620373.3,uc1620373,3,0.9867067235150343,0.2193931022920578,LV,0.0,0
10,uc1607302.3,uc1607302,3,0.9866321021373942,0.2193931022920578,LV,0.0,0
10,uc1607304.3,uc1607304,3,0.9864753046082749,0.2193931022920578,LV,0.0,0
10,uc1607298.3,uc1607298,3,0.9874553249446447,0.2193931022920578,LV,0.0,0
10,uc1607280.3,uc1607280,3,0.9856897985075317,0.2193931022920578,LV,0.0,0
10,uc1607285.3,uc1607285,3,0.9865478151302512,0.2193931022920578,LV,0.0,0
10,uc1607279.3,uc1607279,3,0.9866462067376564,0.2193931022920578,LV,0.0,0
10,uc1607347.3,uc1607347,3,1.0611225202350292,0.2193931022920578,LV,0.011122520235029132,1
10,uc1124340.3,uc1124340,3,0.9866550175454666,0.2193931022920578,LV,0.0,0
10,uc605816.3,uc605816,3,1.0131852448508427,0.2193931022920578,LV,0.0,0
10,uc605815.3,uc605815,3,0.9944561779226969,0.2193931022920578,LV,0.0,0
10,uc621171.3,uc621171,3,0.9824347307059258,0.2193931022920578,LV,0.0,0
10,uc607384.3,uc607384,3,0.9831867582660211,0.2193931022920578,LV,0.0,0
10,uc606117.3,uc606117,3,0.9839594660879274,0.2193931022920578,LV,0.0,0
10,uc606120.3,uc606120,3,0.9836473043308759,0.2193931022920578,LV,0.0,0
10,uc623007.3,uc623007,3,0.9893823372087154,0.2193931022920578,LV,0.0,0
10,uc605867.3,uc605867,3,0.9895703848298386,0.2193931022920578,LV,0.0,0
10,uc606150.3,uc606150,3,0.9957770505494548,0.2193931022920578,LV,0.0,0
10,uc606109.3,uc606109,3,0.9827277651875784,0.2193931022920578,LV,0.0,0
10,uc606110.3,uc606110,3,0.9821646622713336,0.2193931022920578,LV,0.0,0
10,uc606111.3,uc606111,3,0.9839261932487066,0.2193931022920578,LV,0.0,0
10,uc622722.3,uc622722,3,0.9929298978115281,0.2193931022920578,LV,0.0,0
10,uc623004.3,uc623004,3,0.9990073552247807,0.2193931022920578,LV,0.0,0
10,uc606101.3,uc606101,3,0.9849585715259059,0.2193931022920578,LV,0.0,0
10,uc606132.3,uc606132,3,0.9835269251753169,0.2193931022920578,LV,0.0,0
10,uc605910.3,uc605910,3,0.9850303988458223,0.2193931022920578,LV,0.0,0
10,uc605911.3,uc605911,3,0.9856490668740594,0.2193931022920578,LV,0.0,0
10,uc605904.3,uc605904,3,0.9863812338612027,0.2193931022920578,LV,0.0,0
10,uc1239552.3,uc1239552,3,0.9868173645733805,0.2193931022920578,LV,0.0,0
10,uc605821.3,uc605821,3,0.9861005196831264,0.2193931022920578,LV,0.0,0
10,uc639280.3,uc639280,3,1.003056155411974,0.2193931022920578,LV,0.0,0
10,uc605898.3,uc605898,3,0.9873753942248903,0.2193931022920578,LV,0.0,0
10,uc605902.3,uc605902,3,0.9849086153866133,0.2193931022920578,LV,0.0,0
10,uc606126.3,uc606126,3,0.9953913699547977,0.2193931022920578,LV,0.0,0
10,uc606127.3,uc606127,3,0.9838890532732563,0.2193931022920578,LV,0.0,0
10,uc606121.3,uc606121,3,0.9830975683142619,0.2193931022920578,LV,0.0,0
10,uc606122.3,uc606122,3,0.9810567264061113,0.2193931022920578,LV,0.0,0
10,uc639277.3,uc639277,3,0.9862059008735707,0.2193931022920578,LV,0.0,0
10,uc1139390.3,uc1139390,3,0.986781102293967,0.2193931022920578,LV,0.0,0
10,uc637576.3,uc637576,3,1.0057585944543328,0.2193931022920578,LV,0.0,0
10,uc637918.3,uc637918,3,1.0065899364306379,0.2193931022920578,LV,0.0,0
10,uc637360.3,uc637360,3,0.982432918518231,0.2193931022920578,LV,0.0,0
10,uc637397.3,uc637397,3,0.9850032378579445,0.2193931022920578,LV,0.0,0
10,uc635963.3,uc635963,3,0.9836894005214335,0.2193931022920578,LV,0.0,0
10,uc635543.3,uc635543,3,0.9888854853805534,0.2193931022920578,LV,0.0,0
10,uc635966.3,uc635966,3,0.9879339051583074,0.2193931022920578,LV,0.0,0
10,uc635550.3,uc635550,3,0.9854156307038313,0.2193931022920578,LV,0.0,0
10,uc635862.3,uc635862,3,0.9961313925023597,0.2193931022920578,LV,0.0,0
10,uc1633671.3,uc1633671,3,1.0133636690886287,0.2193931022920578,LV,0.0,0
10,uc632607.3,uc632607,3,0.9718620896042278,0.2193931022920578,LV,0.0,0
10,uc1629422.3,uc1629422,3,0.9878092368401616,0.2193931022920578,LV,0.0,0
11,60651.1,60651,1,0.9880127780418517,13.336791218280357,MV,0.0,0
11,60721.1,60721,1,0.9879319691331221,13.336791218280357,MV,0.0,0
11,164151.1,164151,1,0.9889117297309877,13.336791218280357,MV,0.0,0
11,302191.1,302191,1,0.9859072646180386,13.336791218280357,MV,0.0,0
11,320841.1,320841,1,0.9830141932242982,13.336791218280357,MV,0.0,0
11,337711.1,337711,1,0.9859250559889403,13.336791218280357,MV,0.0,0
11,358691.1,358691,1,0.9974130477172136,13.336791218280357,MV,0.0,0
11,et6_1177.1,et6_1177,1,0.9884456366161452,0.2193931022920578,LV,0.0,0
11,461501.1,461501,1,0.9897358579243215,13.336791218280357,MV,0.0,0
11,686891.1,686891,1,0.9861788531928716,13.336791218280357,MV,0.0,0
11,703601.1,703601,1,0.9892353724143684,13.336791218280357,MV,0.0,0
11,713791.1,713791,1,0.9853236875395095,13.336791218280357,MV,0.0,0
11,725731.1,725731,1,0.9838913759804406,13.336791218280357,MV,0.0,0
11,809501.1,809501,1,0.9864430830133277,13.336791218280357,MV,0.0,0
11,811221.1,811221,1,0.9890669143460697,13.336791218280357,MV,0.0,0
11,815111.1,815111,1,0.9859893630551533,13.336791218280357,MV,0.0,0
11,822371.1,822371,1,0.9843673852612841,13.336791218280357,MV,0.0,0
11,820611.1,820611,1,0.9871794130872513,13.336791218280357,MV,0.0,0
11,822641.1,822641,1,0.9848666770851829,13.336791218280357,MV,0.0,0
11,618431.1,618431,1,0.9880108132871794,13.336791218280357,MV,0.0,0
11,bt10401.1,bt10401,1,0.9817653699787824,0.2193931022920578,LV,0.0,0
11,bt197792.1,bt197792,1,0.9810348120787579,0.2193931022920578,LV,0.0,0
11,bt800551.1,bt800551,1,0.9811722483345343,0.2193931022920578,LV,0.0,0
11,bt295341.1,bt295341,1,0.98031302095363,0.2193931022920578,LV,0.0,0
11,bt800541.1,bt800541,1,0.9807131230016324,0.2193931022920578,LV,0.0,0
11,bt295361.1,bt295361,1,0.9799439738941927,0.2193931022920578,LV,0.0,0
11,bt474991.1,bt474991,1,0.9796533540397898,0.2193931022920578,LV,0.0,0
11,uc626695.1,uc626695,1,0.9772092254933034,0.2193931022920578,LV,0.0,0
11,uc1627323.1,uc1627323,1,0.9862340613636993,0.2193931022920578,LV,0.0,0
11,uc1627342.1,uc1627342,1,0.9983597661378754,0.2193931022920578,LV,0.0,0
11,uc627343.1,uc627343,1,0.9861015342963679,0.2193931022920578,LV,0.0,0
11,uc627344.1,uc627344,1,0.9912366174479548,0.2193931022920578,LV,0.0,0
11,uc1626672.1,uc1626672,1,0.0,0.1270170592217177,LV,0.95,1
11,uc1626490.1,uc1626490,1,0.9944568418417873,0.2193931022920578,LV,0.0,0
11,uc3422706.1,uc3422706,1,0.9900115762293787,0.2193931022920578,LV,0.0,0
11,uc3425629.1,uc3425629,1,0.9900638962231164,0.2193931022920578,LV,0.0,0
11,uc3422597.1,uc3422597,1,0.9963330733570422,0.2193931022920578,LV,0.0,0
11,uc3405843.1,uc3405843,1,0.9881861219204269,0.2193931022920578,LV,0.0,0
11,uc3405844.1,uc3405844,1,1.0150858803089906,0.2193931022920578,LV,0.0,0
11,uc3405845.1,uc3405845,1,1.0136935403526364,0.2193931022920578,LV,0.0,0
11,uc3405846.1,uc3405846,1,0.9884355735173853,0.2193931022920578,LV,0.0,0
11,uc1626486.1,uc1626486,1,0.9967469846330134,0.2193931022920578,LV,0.0,0
11,uc1626487.1,uc1626487,1,0.9866556538426768,0.2193931022920578,LV,0.0,0
11,uc626481.1,uc626481,1,0.987414357103811,0.2193931022920578,LV,0.0,0
11,uc626678.1,uc626678,1,0.9869130695930466,0.2193931022920578,LV,0.0,0
11,uc626698.1,uc626698,1,0.9906839524369352,0.2193931022920578,LV,0.0,0
11,uc626476.1,uc626476,1,0.9836271623673184,0.2193931022920578,LV,0.0,0
11,uc1627321.1,uc1627321,1,0.9981117851156428,0.2193931022920578,LV,0.0,0
11,uc1607319.1,uc1607319,1,0.9832260079987546,0.2193931022920578,LV,0.0,0
11,uc1607308.1,uc1607308,1,0.986136076117801,0.2193931022920578,LV,0.0,0
11,uc1624026.1,uc1624026,1,0.0,0.1270170592217177,LV,0.95,1
11,uc1625170.1,uc1625170,1,0.9893665202435021,0.2193931022920578,LV,0.0,0
11,uc1621994.1,uc1621994,1,0.9963316276671185,0.2193931022920578,LV,0.0,0
11,uc1620360.1,uc1620360,1,0.9951894321483158,0.2193931022920578,LV,0.0,0
11,uc1620373.1,uc1620373,1,0.9851965220158987,0.2193931022920578,LV,0.0,0
11,uc1607302.1,uc1607302,1,0.9851944707596033,0.2193931022920578,LV,0.0,0
11,uc1607304.1,uc1607304,1,0.9839824024760817,0.2193931022920578,LV,0.0,0
11,uc1607305.1,uc1607305,1,0.9835901176528361,0.2193931022920578,LV,0.0,0
11,uc1607306.1,uc1607306,1,0.9856760993983238,0.2193931022920578,LV,0.0,0
11,uc1607297.1,uc1607297,1,0.9885161328688908,0.2193931022920578,LV,0.0,0
11,uc1607298.1,uc1607298,1,0.9859954556030323,0.2193931022920578,LV,0.0,0
11,uc1607289.1,uc1607289,1,0.9902905619788825,0.2193931022920578,LV,0.0,0
11,uc1607290.1,uc1607290,1,0.990362100054745,0.2193931022920578,LV,0.0,0
11,uc1607291.1,uc1607291,1,0.9886010847631386,0.2193931022920578,LV,0.0,0
11,uc1607280.1,uc1607280,1,0.9844994290292876,0.2193931022920578,LV,0.0,0
11,uc1607283.1,uc1607283,1,0.9816678979875145,0.2193931022920578,LV,0.0,0
11,uc1607285.1,uc1607285,1,0.9831727890711743,0.2193931022920578,LV,0.0,0
11,uc1607287.1,uc1607287,1,0.9866158174077542,0.2193931022920578,LV,0.0,0
11,uc1607288.1,uc1607288,1,0.9861529594370433,0.2193931022920578,LV,0.0,0
11,uc1607279.1,uc1607279,1,0.9854119993062197,0.2193931022920578,LV,0.0,0
11,uc1607357.1,uc1607357,1,0.9886124020751916,0.2193931022920578,LV,0.0,0
11,uc1607358.1,uc1607358,1,0.9885226237099484,0.2193931022920578,LV,0.0,0
11,uc1607368.1,uc1607368,1,0.0,0.1270170592217177,LV,0.95,1
11,uc1607277.1,uc1607277,1,0.9977141969796646,0.2193931022920578,LV,0.0,0
11,uc1607278.1,uc1607278,1,1.0002875147491246,0.2193931022920578,LV,0.0,0
11,uc1607272.1,uc1607272,1,1.005086940170988,0.2193931022920578,LV,0.0,0
11,uc1607273.1,uc1607273,1,0.9989025357242792,0.2193931022920578,LV,0.0,0
11,uc1607353.1,uc1607353,1,0.9901452335115595,0.2193931022920578,LV,0.0,0
11,uc1607347.1,uc1607347,1,1.0670368011428786,0.2193931022920578,LV,0.017036801142878533,1
11,uc1607349.1,uc1607349,1,0.9967844988727677,0.2193931022920578,LV,0.0,0
11,uc1107342.1,uc1107342,1,0.9835108843513447,0.2193931022920578,LV,0.0,0
11,uc1107340.1,uc1107340,1,0.9819113643403932,0.2193931022920578,LV,0.0,0
11,uc1105833.1,uc1105833,1,0.986708478439527,0.2193931022920578,LV,0.0,0
11,uc1107330.1,uc1107330,1,0.98140012423255,0.2193931022920578,LV,0.0,0
11,uc1607265.1,uc1607265,1,0.9840965982048661,0.2193931022920578,LV,0.0,0
11,uc1607268.1,uc1607268,1,0.9954384110900502,0.2193931022920578,LV,0.0,0
11,uc1607252.1,uc1607252,1,0.9861596055746273,0.2193931022920578,LV,0.0,0
11,uc1605991.1,uc1605991,1,0.9871388599239699,0.2193931022920578,LV,0.0,0
11,uc1605996.1,uc1605996,1,1.005399985957925,0.2193931022920578,LV,0.0,0
11,uc1607257.1,uc1607257,1,0.9882650319262036,0.2193931022920578,LV,0.0,0
11,uc1607258.1,uc1607258,1,0.9861668385404405,0.2193931022920578,LV,0.0,0
11,uc1124340.1,uc1124340,1,0.9839549508724001,0.2193931022920578,LV,0.0,0
11,uc605816.1,uc605816,1,1.014742852087933,0.2193931022920578,LV,0.0,0
11,uc605813.1,uc605813,1,0.9880953814310305,0.2193931022920578,LV,0.0,0
11,uc609684.1,uc609684,1,0.9913762239287344,0.2193931022920578,LV,0.0,0
11,uc609686.1,uc609686,1,0.9916904099502561,0.2193931022920578,LV,0.0,0
11,uc609688.1,uc609688,1,0.9994114699228942,0.2193931022920578,LV,0.0,0
11,uc621168.1,uc621168,1,0.9859674483396622,0.2193931022920578,LV,0.0,0
11,uc621171.1,uc621171,1,0.9813145185940556,0.2193931022920578,LV,0.0,0
11,uc605808.1,uc605808,1,0.9919381307329699,0.2193931022920578,LV,0.0,0
11,uc605809.1,uc605809,1,0.9809997985962952,0.2193931022920578,LV,0.0,0
11,uc605810.1,uc605810,1,0.9907711552927833,0.2193931022920578,LV,0.0,0
11,uc605970.1,uc605970,1,0.9882779311007459,0.2193931022920578,LV,0.0,0
11,uc605803.1,uc605803,1,0.9897334314411371,0.2193931022920578,LV,0.0,0
11,uc605804.1,uc605804,1,0.9908680638212298,0.2193931022920578,LV,0.0,0
11,uc605806.1,uc605806,1,0.9873947058049012,0.2193931022920578,LV,0.0,0
11,uc607384.1,uc607384,1,0.9821549518165116,0.2193931022920578,LV,0.0,0
11,uc607387.1,uc607387,1,0.9878503275002158,0.2193931022920578,LV,0.0,0
11,uc609682.1,uc609682,1,0.9857803769361891,0.2193931022920578,LV,0.0,0
11,uc624033.1,uc624033,1,0.9947396571019869,0.2193931022920578,LV,0.0,0
11,uc625156.1,uc625156,1,0.9897574888590598,0.2193931022920578,LV,0.0,0
11,uc625624.1,uc625624,1,0.98394032139059,0.2193931022920578,LV,0.0,0
11,uc625625.1,uc625625,1,0.9915795470696666,0.2193931022920578,LV,0.0,0
11,uc607366.1,uc607366,1,0.9809712426972215,0.2193931022920578,LV,0.0,0
11,uc607367.1,uc607367,1,0.9906269519473334,0.2193931022920578,LV,0.0,0
11,uc606114.1,uc606114,1,0.9839601460242086,0.2193931022920578,LV,0.0,0
11,uc606117.1,uc606117,1,0.982769908762198,0.2193931022920578,LV,0.0,0
11,uc606120.1,uc606120,1,0.9824797556014756,0.2193931022920578,LV,0.0,0
11,uc623015.1,uc623015,1,0.9800710963214633,0.2193931022920578,LV,0.0,0
11,uc623432.1,uc623432,1,0.9882577663887748,0.2193931022920578,LV,0.0,0
11,uc624028.1,uc624028,1,0.9876967840520242,0.2193931022920578,LV,0.0,0
11,uc605873.1,uc605873,1,0.9903255773484846,0.2193931022920578,LV,0.0,0
11,uc623007.1,uc623007,1,0.988167455364415,0.2193931022920578,LV,0.0,0
11,uc606147.1,uc606147,1,1.0472334954930704,0.2193931022920578,LV,0.0,0
11,uc606148.1,uc606148,1,0.9960218675897243,0.2193931022920578,LV,0.0,0
11,uc606150.1,uc606150,1,0.9955078731360525,0.2193931022920578,LV,0.0,0
11,uc606109.1,uc606109,1,0.9816020737696156,0.2193931022920578,LV,0.0,0
11,uc606110.1,uc606110,1,0.9810646500365826,0.2193931022920578,LV,0.0,0
11,uc606111.1,uc606111,1,0.9827442366298188,0.2193931022920578,LV,0.0,0
11,uc622777.1,uc622777,1,0.9967983933971997,0.2193931022920578,LV,0.0,0
11,uc623004.1,uc623004,1,0.9985594450040586,0.2193931022920578,LV,0.0,0
11,uc606103.1,uc606103,1,0.9858831695154336,0.2193931022920578,LV,0.0,0
11,uc606139.1,uc606139,1,1.0063755177474432,0.2193931022920578,LV,0.0,0
11,uc606141.1,uc606141,1,1.0099248859740142,0.2193931022920578,LV,0.0,0
11,uc606143.1,uc606143,1,1.0142150330766428,0.2193931022920578,LV,0.0,0
11,uc605921.1,uc605921,1,0.9874704805590327,0.2193931022920578,LV,0.0,0
11,uc622713.1,uc622713,1,0.9862384597169741,0.2193931022920578,LV,0.0,0
11,uc622714.1,uc622714,1,0.9900737904532786,0.2193931022920578,LV,0.0,0
11,uc605993.1,uc605993,1,0.9872550248952441,0.2193931022920578,LV,0.0,0
11,uc606101.1,uc606101,1,0.9830083988734329,0.2193931022920578,LV,0.0,0
11,uc606102.1,uc606102,1,0.9823157294931297,0.2193931022920578,LV,0.0,0
11,uc622273.1,uc622273,1,1.0118432756964906,0.2193931022920578,LV,0.0,0
11,uc622703.1,uc622703,1,0.977262309262136,0.2193931022920578,LV,0.0,0
11,uc605989.1,uc605989,1,0.9908863665499417,0.2193931022920578,LV,0.0,0
11,uc606130.1,uc606130,1,0.9860021146818171,0.2193931022920578,LV,0.0,0
11,uc606132.1,uc606132,1,0.9825131859993175,0.2193931022920578,LV,0.0,0
11,uc605914.1,uc605914,1,1.000624164983969,0.2193931022920578,LV,0.0,0
11,uc622257.1,uc622257,1,0.9870466973923938,0.2193931022920578,LV,0.0,0
11,uc605909.1,uc605909,1,0.9878572088710785,0.2193931022920578,LV,0.0,0
11,uc605910.1,uc605910,1,0.9839932816981113,0.2193931022920578,LV,0.0,0
11,uc605911.1,uc605911,1,0.9845822501439279,0.2193931022920578,LV,0.0,0
11,uc606128.1,uc606128,1,0.9858801841962214,0.2193931022920578,LV,0.0,0
11,uc605823.1,uc605823,1,0.983243285552879,0.2193931022920578,LV,0.0,0
11,uc605824.1,uc605824,1,0.9874142270065164,0.2193931022920578,LV,0.0,0
11,uc605904.1,uc605904,1,0.9854112890279312,0.2193931022920578,LV,0.0,0
11,uc621999.1,uc621999,1,0.9901999016000237,0.2193931022920578,LV,0.0,0
11,uc639553.1,uc639553,1,0.9815206603957575,0.2193931022920578,LV,0.0,0
11,uc1239552.1,uc1239552,1,0.9852717988612999,0.2193931022920578,LV,0.0,0
11,uc605817.1,uc605817,1,0.987798411666121,0.2193931022920578,LV,0.0,0
11,uc605819.1,uc605819,1,0.9947031154454286,0.2193931022920578,LV,0.0,0
11,uc605820.1,uc605820,1,0.9859506560454285,0.2193931022920578,LV,0.0,0
11,uc605821.1,uc605821,1,0.9838397744095064,0.2193931022920578,LV,0.0,0
11,uc639280.1,uc639280,1,1.0035935790044037,0.2193931022920578,LV,0.0,0
11,uc605898.1,uc605898,1,0.9865800490182152,0.2193931022920578,LV,0.0,0
11,uc605901.1,uc605901,1,0.9891898536081151,0.2193931022920578,LV,0.0,0
11,uc605902.1,uc605902,1,0.9840449885643276,0.2193931022920578,LV,0.0,0
11,uc605985.1,uc605985,1,0.9892740554603484,0.2193931022920578,LV,0.0,0
11,uc606126.1,uc606126,1,0.9954180554407858,0.2193931022920578,LV,0.0,0
11,uc606127.1,uc606127,1,0.9828565166996389,0.2193931022920578,LV,0.0,0
11,uc605896.1,uc605896,1,0.9820873183629587,0.2193931022920578,LV,0.0,0
11,uc606121.1,uc606121,1,0.9820744642879791,0.2193931022920578,LV,0.0,0
11,uc606122.1,uc606122,1,0.980151723464612,0.2193931022920578,LV,0.0,0
11,uc606123.1,uc606123,1,1.006085538546233,0.2193931022920578,LV,0.0,0
11,uc606124.1,uc606124,1,0.9879572230812506,0.2193931022920578,LV,0.0,0
11,uc605825.1,uc605825,1,0.9851077896660358,0.2193931022920578,LV,0.0,0
11,uc623427.1,uc623427,1,1.0060855516678018,0.2193931022920578,LV,0.0,0
11,uc609687.1,uc609687,1,0.9920114389436333,0.2193931022920578,LV,0.0,0
11,uc639277.1,uc639277,1,0.9839403213968642,0.2193931022920578,LV,0.0,0
11,uc1139390.1,uc1139390,1,0.9852355933788123,0.2193931022920578,LV,0.0,0
11,uc605863.1,uc605863,1,0.9914563870126354,0.2193931022920578,LV,0.0,0
11,uc605865.1,uc605865,1,0.9916950801069601,0.2193931022920578,LV,0.0,0
11,uc1138614.1,uc1138614,1,0.9848681966903154,0.2193931022920578,LV,0.0,0
11,uc605855.1,uc605855,1,0.9869848068922528,0.2193931022920578,LV,0.0,0
11,uc605828.1,uc605828,1,0.9847393434880348,0.2193931022920578,LV,0.0,0
11,uc605829.1,uc605829,1,0.9886756174826982,0.2193931022920578,LV,0.0,0
11,uc605834.1,uc605834,1,0.9823296425409452,0.2193931022920578,LV,0.0,0
11,uc605835.1,uc605835,1,0.9823865990171321,0.2193931022920578,LV,0.0,0
11,uc605827.1,uc605827,1,0.9846899103462378,0.2193931022920578,LV,0.0,0
11,uc627337.1,uc627337,1,0.9885032451854475,0.2193931022920578,LV,0.0,0
11,uc637912.1,uc637912,1,0.9887398201486307,0.2193931022920578,LV,0.0,0
11,uc637576.1,uc637576,1,1.0070186167252104,0.2193931022920578,LV,0.0,0
11,uc637356.1,uc637356,1,0.9881496289183492,0.2193931022920578,LV,0.0,0
11,uc637918.1,uc637918,1,1.0075806151750677,0.2193931022920578,LV,0.0,0
11,uc637360.1,uc637360,1,0.9813184873465489,0.2193931022920578,LV,0.0,0
11,uc637399.1,uc637399,1,0.9805884590704098,0.2193931022920578,LV,0.0,0
11,uc637397.1,uc637397,1,0.9835302898739313,0.2193931022920578,LV,0.0,0
11,uc1137150.1,uc1137150,1,0.9881228159296758,0.2193931022920578,LV,0.0,0
11,uc1636598.1,uc1636598,1,0.0,0.1270170592217177,LV,0.95,1
11,uc636933.1,uc636933,1,1.0037681039609956,0.2193931022920578,LV,0.0,0
11,uc635963.1,uc635963,1,0.9825140017810141,0.2193931022920578,LV,0.0,0
11,uc635543.1,uc635543,1,0.9884099570831125,0.2193931022920578,LV,0.0,0
11,uc635966.1,uc635966,1,0.9873586996209056,0.2193931022920578,LV,0.0,0
11,uc635550.1,uc635550,1,0.9843122354441365,0.2193931022920578,LV,0.0,0
11,uc635862.1,uc635862,1,0.9969431380069448,0.2193931022920578,LV,0.0,0
11,uc1635694.1,uc1635694,1,1.0010641146368147,0.2193931022920578,LV,0.0,0
11,uc3435739.1,uc3435739,1,0.999678661180353,0.2193931022920578,LV,0.0,0
11,uc1635060.1,uc1635060,1,0.9939498144188426,0.2193931022920578,LV,0.0,0
11,uc1607271.1,uc1607271,1,0.9949385603304985,0.2193931022920578,LV,0.0,0
11,uc605884.1,uc605884,1,0.9880038596008724,0.2193931022920578,LV,0.0,0
11,uc1609690.1,uc1609690,1,0.9963311665865748,0.2193931022920578,LV,0.0,0
11,uc1134165.1,uc1134165,1,0.9820044654920753,0.2193931022920578,LV,0.0,0
11,uc634166.1,uc634166,1,0.9882420981299991,0.2193931022920578,LV,0.0,0
11,uc1633896.1,uc1633896,1,0.9948570208940274,0.2193931022920578,LV,0.0,0
11,uc3433894.1,uc3433894,1,0.9887683771640947,0.2193931022920578,LV,0.0,0
11,uc1633892.1,uc1633892,1,0.998412518828976,0.2193931022920578,LV,0.0,0
11,uc633672.1,uc633672,1,0.9920376974098316,0.2193931022920578,LV,0.0,0
11,uc1633671.1,uc1633671,1,1.0132379493758796,0.2193931022920578,LV,0.0,0
11,uc1632306.1,uc1632306,1,0.9903518854137936,0.2193931022920578,LV,0.0,0
11,uc632607.1,uc632607,1,0.9710070159486129,0.2193931022920578,LV,0.0,0
11,uc632613.1,uc632613,1,0.9891561238531146,0.2193931022920578,LV,0.0,0
11,uc3432407.1,uc3432407,1,0.996309404514286,0.2193931022920578,LV,0.0,0
11,uc1632402.1,uc1632402,1,0.9847216938401422,0.2193931022920578,LV,0.0,0
11,uc1132019.1,uc1132019,1,0.9848693049794198,0.2193931022920578,LV,0.0,0
11,uc632016.1,uc632016,1,0.9906043681913974,0.2193931022920578,LV,0.0,0
11,uc1132015.1,uc1132015,1,0.9834392360941921,0.2193931022920578,LV,0.0,0
11,uc1132012.1,uc1132012,1,0.9874974634726521,0.2193931022920578,LV,0.0,0
11,uc631859.1,uc631859,1,0.9905160473814814,0.2193931022920578,LV,0.0,0
11,uc1631852.1,uc1631852,1,0.9883587247369751,0.2193931022920578,LV,0.0,0
11,uc1130761.1,uc1130761,1,0.9820045178393104,0.2193931022920578,LV,0.0,0
11,uc1630759.1,uc1630759,1,0.9839869489905068,0.2193931022920578,LV,0.0,0
11,uc630758.1,uc630758,1,1.0112355019377786,0.2193931022920578,LV,0.0,0
11,uc629428.1,uc629428,1,0.9906929381020735,0.2193931022920578,LV,0.0,0
11,uc1629639.1,uc1629639,1,0.9968603612434763,0.2193931022920578,LV,0.0,0
11,uc1229546.1,uc1229546,1,0.9854649260337787,0.2193931022920578,LV,0.0,0
11,uc628768.1,uc628768,1,0.9892805231184,0.2193931022920578,LV,0.0,0
11,uc628757.1,uc628757,1,0.9956237010611607,0.2193931022920578,LV,0.0,0
11,uc628766.1,uc628766,1,0.9860107817208347,0.2193931022920578,LV,0.0,0
11,uc628753.1,uc628753,1,0.9952117676273292,0.2193931022920578,LV,0.0,0
11,uc627346.1,uc627346,1,0.986466324539349,0.2193931022920578,LV,0.0,0
11,uc1628760.1,uc1628760,1,0.9973695418456031,0.2193931022920578,LV,0.0,0
11,uc1629422.1,uc1629422,1,0.9862917433331988,0.2193931022920578,LV,0.0,0
11,uc626699.1,uc626699,1,0.9876587298893366,0.2193931022920578,LV,0.0,0
11,60651.2,60651,2,0.9882202742505306,13.336791218280357,MV,0.0,0
11,60721.2,60721,2,0.9881394374173982,13.336791218280357,MV,0.0,0
11,164151.2,164151,2,0.9891196003574129,13.336791218280357,MV,0.0,0
11,302191.2,302191,2,0.98680747712887,13.336791218280357,MV,0.0,0
11,320841.2,320841,2,0.9831008557596179,13.336791218280357,MV,0.0,0
11,337711.2,337711,2,0.9868253652356943,13.336791218280357,MV,0.0,0
11,358691.2,358691,2,0.9973856149443937,13.336791218280357,MV,0.0,0
11,et6_1177.2,et6_1177,2,0.9889077196178598,0.2193931022920578,LV,0.0,0
11,461501.2,461501,2,0.9901261125167828,13.336791218280357,MV,0.0,0
11,686891.2,686891,2,0.9862465096671866,13.336791218280357,MV,0.0,0
11,703601.2,703601,2,0.989453168639688,13.336791218280357,MV,0.0,0
11,713791.2,713791,2,0.9854101353624739,13.336791218280357,MV,0.0,0
11,725731.2,725731,2,0.9839781565611387,13.336791218280357,MV,0.0,0
11,809501.2,809501,2,0.9865077672561792,13.336791218280357,MV,0.0,0
11,811221.2,811221,2,0.9892764125869541,13.336791218280357,MV,0.0,0
11,815111.2,815111,2,0.9868895542696818,13.336791218280357,MV,0.0,0
11,822371.2,822371,2,0.9844544151313167,13.336791218280357,MV,0.0,0
11,820611.2,820611,2,0.9873403996821201,13.336791218280357,MV,0.0,0
11,822641.2,822641,2,0.9849622151766306,13.336791218280357,MV,0.0,0
11,618431.2,618431,2,0.9882183098730056,13.336791218280357,MV,0.0,0
11,bt10401.2,bt10401,2,0.9812040662043684,0.2193931022920578,LV,0.0,0
11,bt197792.2,bt197792,2,0.980904278751322,0.2193931022920578,LV,0.0,0
11,bt800551.2,bt800551,2,0.9809042787722626,0.2193931022920578,LV,0.0,0
11,bt295341.2,bt295341,2,0.9803421134418957,0.2193931022920578,LV,0.0,0
11,bt800541.2,bt800541,2,0.9806185647651227,0.2193931022920578,LV,0.0,0
11,bt295361.2,bt295361,2,0.9798982749705298,0.2193931022920578,LV,0.0,0
11,bt474991.2,bt474991,2,0.9797555709733822,0.2193931022920578,LV,0.0,0
11,uc1627323.2,uc1627323,2,0.9811281654662436,0.2193931022920578,LV,0.0,0
11,uc3405987.2,uc3405987,2,1.0038841028949819,0.2193931022920578,LV,0.0,0
11,uc3405846.2,uc3405846,2,0.9860334484750867,0.2193931022920578,LV,0.0,0
11,uc3405847.2,uc3405847,2,1.0044860132616316,0.2193931022920578,LV,0.0,0
11,uc3405838.2,uc3405838,2,0.9830984089272723,0.2193931022920578,LV,0.0,0
11,uc1607326.2,uc1607326,2,0.9831197830507629,0.2193931022920578,LV,0.0,0
11,uc1607316.2,uc1607316,2,0.9815303715130037,0.2193931022920578,LV,0.0,0
11,uc1607308.2,uc1607308,2,0.9848428897038569,0.2193931022920578,LV,0.0,0
11,uc1623434.2,uc1623434,2,0.0,0.1270170592217177,LV,0.95,1
11,uc1620373.2,uc1620373,2,0.986159863016531,0.2193931022920578,LV,0.0,0
11,uc1607302.2,uc1607302,2,0.9861049600760448,0.2193931022920578,LV,0.0,0
11,uc1607304.2,uc1607304,2,0.9859456968491858,0.2193931022920578,LV,0.0,0
11,uc1607306.2,uc1607306,2,0.9843830365326105,0.2193931022920578,LV,0.0,0
11,uc1607299.2,uc1607299,2,0.9864706205680701,0.2193931022920578,LV,0.0,0
11,uc1607297.2,uc1607297,2,0.9872830597339131,0.2193931022920578,LV,0.0,0
11,uc1607298.2,uc1607298,2,0.9866186926275027,0.2193931022920578,LV,0.0,0
11,uc1607289.2,uc1607289,2,0.9897712103300282,0.2193931022920578,LV,0.0,0
11,uc1607291.2,uc1607291,2,0.9869122392866108,0.2193931022920578,LV,0.0,0
11,uc1607292.2,uc1607292,2,0.9864738618380134,0.2193931022920578,LV,0.0,0
11,uc1607280.2,uc1607280,2,0.9852556384003425,0.2193931022920578,LV,0.0,0
11,uc1607284.2,uc1607284,2,0.9853528205552411,0.2193931022920578,LV,0.0,0
11,uc1607285.2,uc1607285,2,0.9852612386493884,0.2193931022920578,LV,0.0,0
11,uc1607288.2,uc1607288,2,0.9854526292684678,0.2193931022920578,LV,0.0,0
11,uc1607279.2,uc1607279,2,0.9861687077730196,0.2193931022920578,LV,0.0,0
11,uc1607355.2,uc1607355,2,0.9868902234516522,0.2193931022920578,LV,0.0,0
11,uc1607357.2,uc1607357,2,0.9882282731603114,0.2193931022920578,LV,0.0,0
11,uc1607358.2,uc1607358,2,0.9868057585039703,0.2193931022920578,LV,0.0,0
11,uc1607368.2,uc1607368,2,0.0,0.1270170592217177,LV,0.95,1
11,uc1607276.2,uc1607276,2,0.9983770761760871,0.2193931022920578,LV,0.0,0
11,uc1607278.2,uc1607278,2,0.9987778464815676,0.2193931022920578,LV,0.0,0
11,uc1607273.2,uc1607273,2,0.996306553620856,0.2193931022920578,LV,0.0,0
11,uc1607328.2,uc1607328,2,0.9827238097378737,0.2193931022920578,LV,0.0,0
11,uc1607347.2,uc1607347,2,1.0680323507410319,0.2193931022920578,LV,0.018032350741031822,1
11,uc1607350.2,uc1607350,2,1.0266727419225898,0.2193931022920578,LV,0.0,0
11,uc1107341.2,uc1107341,2,0.9836603378056707,0.2193931022920578,LV,0.0,0
11,uc1107333.2,uc1107333,2,0.9850034630414073,0.2193931022920578,LV,0.0,0
11,uc1607268.2,uc1607268,2,0.995071956059724,0.2193931022920578,LV,0.0,0
11,uc1607252.2,uc1607252,2,0.9834758334360169,0.2193931022920578,LV,0.0,0
11,uc1606000.2,uc1606000,2,0.9851196807300732,0.2193931022920578,LV,0.0,0
11,uc1607255.2,uc1607255,2,0.9865184430552143,0.2193931022920578,LV,0.0,0
11,uc1607258.2,uc1607258,2,0.9834830864770886,0.2193931022920578,LV,0.0,0
11,uc1124041.2,uc1124041,2,0.9838998546778213,0.2193931022920578,LV,0.0,0
11,uc1124340.2,uc1124340,2,0.9854179604698416,0.2193931022920578,LV,0.0,0
11,uc1121173.2,uc1121173,2,0.985083681730685,0.2193931022920578,LV,0.0,0
11,uc1107345.2,uc1107345,2,0.985400544549829,0.2193931022920578,LV,0.0,0
11,uc605816.2,uc605816,2,1.0160287156266132,0.2193931022920578,LV,0.0,0
11,uc605812.2,uc605812,2,0.9797865840498867,0.2193931022920578,LV,0.0,0
11,uc605813.2,uc605813,2,0.9887429247923922,0.2193931022920578,LV,0.0,0
11,uc609685.2,uc609685,2,0.9905751578482856,0.2193931022920578,LV,0.0,0
11,uc609688.2,uc609688,2,1.0068934681234964,0.2193931022920578,LV,0.0,0
11,uc621168.2,uc621168,2,0.9840654679785744,0.2193931022920578,LV,0.0,0
11,uc621171.2,uc621171,2,0.9817302424456399,0.2193931022920578,LV,0.0,0
11,uc605810.2,uc605810,2,0.9897958415897133,0.2193931022920578,LV,0.0,0
11,uc605807.2,uc605807,2,0.981185602645362,0.2193931022920578,LV,0.0,0
11,uc605801.2,uc605801,2,0.9870244665931474,0.2193931022920578,LV,0.0,0
11,uc607384.2,uc607384,2,0.9825771815825649,0.2193931022920578,LV,0.0,0
11,uc607385.2,uc607385,2,0.9889879431218335,0.2193931022920578,LV,0.0,0
11,uc609682.2,uc609682,2,0.982914150646969,0.2193931022920578,LV,0.0,0
11,uc609683.2,uc609683,2,0.9893186594826906,0.2193931022920578,LV,0.0,0
11,uc607377.2,uc607377,2,0.9908147300497856,0.2193931022920578,LV,0.0,0
11,uc607382.2,uc607382,2,0.9886869576810043,0.2193931022920578,LV,0.0,0
11,uc606117.2,uc606117,2,0.9831863517496997,0.2193931022920578,LV,0.0,0
11,uc606120.2,uc606120,2,0.9828960570155939,0.2193931022920578,LV,0.0,0
11,uc623433.2,uc623433,2,0.9810066816533313,0.2193931022920578,LV,0.0,0
11,uc623007.2,uc623007,2,0.9886295021894714,0.2193931022920578,LV,0.0,0
11,uc606147.2,uc606147,2,1.0762350519684187,0.2193931022920578,LV,0.026235051968418688,1
11,uc606148.2,uc606148,2,0.996155275174397,0.2193931022920578,LV,0.0,0
11,uc606150.2,uc606150,2,0.9956417771917042,0.2193931022920578,LV,0.0,0
11,uc606109.2,uc606109,2,0.9820179321891386,0.2193931022920578,LV,0.0,0
11,uc606110.2,uc606110,2,0.9814803605047387,0.2193931022920578,LV,0.0,0
11,uc606111.2,uc606111,2,0.9831606540718938,0.2193931022920578,LV,0.0,0
11,uc622720.2,uc622720,2,0.9867266464735562,0.2193931022920578,LV,0.0,0
11,uc623004.2,uc623004,2,0.998868635552078,0.2193931022920578,LV,0.0,0
11,uc606103.2,uc606103,2,0.9842680167750175,0.2193931022920578,LV,0.0,0
11,uc606139.2,uc606139,2,1.0194521364741433,0.2193931022920578,LV,0.0,0
11,uc606143.2,uc606143,2,1.03864576254938,0.2193931022920578,LV,0.0,0
11,uc605921.2,uc605921,2,0.9867378123463567,0.2193931022920578,LV,0.0,0
11,uc605915.2,uc605915,2,0.9863364114468665,0.2193931022920578,LV,0.0,0
11,uc606101.2,uc606101,2,0.9842986103427995,0.2193931022920578,LV,0.0,0
11,uc622273.2,uc622273,2,1.0363112553713951,0.2193931022920578,LV,0.0,0
11,uc605990.2,uc605990,2,0.9803418742977317,0.2193931022920578,LV,0.0,0
11,uc606130.2,uc606130,2,0.9848088615422055,0.2193931022920578,LV,0.0,0
11,uc606132.2,uc606132,2,0.9829389996849728,0.2193931022920578,LV,0.0,0
11,uc622258.2,uc622258,2,0.985750531124514,0.2193931022920578,LV,0.0,0
11,uc622270.2,uc622270,2,0.9936635926740074,0.2193931022920578,LV,0.0,0
11,uc605905.2,uc605905,2,0.9836850573888817,0.2193931022920578,LV,0.0,0
11,uc605909.2,uc605909,2,0.9873011813927303,0.2193931022920578,LV,0.0,0
11,uc605910.2,uc605910,2,0.9844077025094127,0.2193931022920578,LV,0.0,0
11,uc605911.2,uc605911,2,0.9849970068470252,0.2193931022920578,LV,0.0,0
11,uc606128.2,uc606128,2,0.9845052414919625,0.2193931022920578,LV,0.0,0
11,uc605904.2,uc605904,2,0.9837505255556832,0.2193931022920578,LV,0.0,0
11,uc1239552.2,uc1239552,2,0.9862350454507611,0.2193931022920578,LV,0.0,0
11,uc605817.2,uc605817,2,0.9872311028899142,0.2193931022920578,LV,0.0,0
11,uc605819.2,uc605819,2,1.002190579701329,0.2193931022920578,LV,0.0,0
11,uc605820.2,uc605820,2,0.9811133438321478,0.2193931022920578,LV,0.0,0
11,uc605821.2,uc605821,2,0.9844032287013059,0.2193931022920578,LV,0.0,0
11,uc605822.2,uc605822,2,0.9809977347187149,0.2193931022920578,LV,0.0,0
11,uc639280.2,uc639280,2,1.004229996805952,0.2193931022920578,LV,0.0,0
11,uc605898.2,uc605898,2,0.9879574592176862,0.2193931022920578,LV,0.0,0
11,uc605902.2,uc605902,2,0.9844423717357764,0.2193931022920578,LV,0.0,0
11,uc605982.2,uc605982,2,0.9810940835391562,0.2193931022920578,LV,0.0,0
11,uc605988.2,uc605988,2,0.9798309515968469,0.2193931022920578,LV,0.0,0
11,uc606126.2,uc606126,2,0.9958494340830752,0.2193931022920578,LV,0.0,0
11,uc606127.2,uc606127,2,0.9832845059759217,0.2193931022920578,LV,0.0,0
11,uc605896.2,uc605896,2,0.9815918723870535,0.2193931022920578,LV,0.0,0
11,uc606121.2,uc606121,2,0.98248981873594,0.2193931022920578,LV,0.0,0
11,uc606122.2,uc606122,2,0.9805656822781788,0.2193931022920578,LV,0.0,0
11,uc606123.2,uc606123,2,1.0065197783522468,0.2193931022920578,LV,0.0,0
11,uc622709.2,uc622709,2,0.9862478952494081,0.2193931022920578,LV,0.0,0
11,uc639277.2,uc639277,2,0.9845038153213952,0.2193931022920578,LV,0.0,0
11,uc1139390.2,uc1139390,2,0.9861988045706267,0.2193931022920578,LV,0.0,0
11,uc605864.2,uc605864,2,0.9890318041071384,0.2193931022920578,LV,0.0,0
11,uc605865.2,uc605865,2,0.9920084583205615,0.2193931022920578,LV,0.0,0
11,uc638617.2,uc638617,2,0.9916887074540208,0.2193931022920578,LV,0.0,0
11,uc605855.2,uc605855,2,0.9841191739367258,0.2193931022920578,LV,0.0,0
11,uc1638606.2,uc1638606,2,0.996081075792575,0.2193931022920578,LV,0.0,0
11,uc1638954.2,uc1638954,2,0.9960660997758134,0.2193931022920578,LV,0.0,0
11,uc605836.2,uc605836,2,0.9748595922292772,0.2193931022920578,LV,0.0,0
11,uc1607303.2,uc1607303,2,0.9872806858966744,0.2193931022920578,LV,0.0,0
11,uc637705.2,uc637705,2,0.9862640935872534,0.2193931022920578,LV,0.0,0
11,uc1637704.2,uc1637704,2,1.0020406373765285,0.2193931022920578,LV,0.0,0
11,uc637576.2,uc637576,2,1.0074527393823647,0.2193931022920578,LV,0.0,0
11,uc637918.2,uc637918,2,1.0082158981559768,0.2193931022920578,LV,0.0,0
11,uc637360.2,uc637360,2,0.9817341917561283,0.2193931022920578,LV,0.0,0
11,uc637397.2,uc637397,2,0.9847950774883968,0.2193931022920578,LV,0.0,0
11,uc636933.2,uc636933,2,1.016876119683278,0.2193931022920578,LV,0.0,0
11,uc605908.2,uc605908,2,0.9887567721428537,0.2193931022920578,LV,0.0,0
11,uc635963.2,uc635963,2,0.9829303311012803,0.2193931022920578,LV,0.0,0
11,uc635543.2,uc635543,2,0.9888276666252088,0.2193931022920578,LV,0.0,0
11,uc635966.2,uc635966,2,0.9877765054810377,0.2193931022920578,LV,0.0,0
11,uc627328.2,uc627328,2,0.9795969696969326,0.2193931022920578,LV,0.0,0
11,uc635550.2,uc635550,2,0.9847418006189007,0.2193931022920578,LV,0.0,0
11,uc635862.2,uc635862,2,0.9982202510094602,0.2193931022920578,LV,0.0,0
11,uc3435739.2,uc3435739,2,1.0077792557117662,0.2193931022920578,LV,0.0,0
11,uc634166.2,uc634166,2,0.987236558051091,0.2193931022920578,LV,0.0,0
11,uc1633671.2,uc1633671,2,1.015573588125871,0.2193931022920578,LV,0.0,0
11,uc633056.2,uc633056,2,0.9892232024847362,0.2193931022920578,LV,0.0,0
11,uc632607.2,uc632607,2,0.9722521650238353,0.2193931022920578,LV,0.0,0
11,uc1632402.2,uc1632402,2,0.9864448378496394,0.2193931022920578,LV,0.0,0
11,uc1131858.2,uc1131858,2,0.9837436604103449,0.2193931022920578,LV,0.0,0
11,uc631391.2,uc631391,2,0.9766674583194997,0.2193931022920578,LV,0.0,0
11,uc1630759.2,uc1630759,2,0.9856698453717195,0.2193931022920578,LV,0.0,0
11,uc630758.2,uc630758,2,1.0325445743825938,0.2193931022920578,LV,0.0,0
11,uc630753.2,uc630753,2,0.98431183549101,0.2193931022920578,LV,0.0,0
11,uc628766.2,uc628766,2,0.9848175381609727,0.2193931022920578,LV,0.0,0
11,uc627346.2,uc627346,2,0.9858963266235709,0.2193931022920578,LV,0.0,0
11,uc1629422.2,uc1629422,2,0.9856835164333456,0.2193931022920578,LV,0.0,0
11,60651.3,60651,3,0.9872903234120434,13.336791218280357,MV,0.0,0
11,60721.3,60721,3,0.9872095207544911,13.336791218280357,MV,0.0,0
11,164151.3,164151,3,0.9881892400478477,13.336791218280357,MV,0.0,0
11,302191.3,302191,3,0.9851133253191154,13.336791218280357,MV,0.0,0
11,320841.3,320841,3,0.9821882854904985,13.336791218280357,MV,0.0,0
11,337711.3,337711,3,0.9851311047015852,13.336791218280357,MV,0.0,0
11,358691.3,358691,3,0.9968854517859952,13.336791218280357,MV,0.0,0
11,et6_1177.3,et6_1177,3,0.9893069006928554,0.2193931022920578,LV,0.0,0
11,461501.3,461501,3,0.9890624724998343,13.336791218280357,MV,0.0,0
11,686891.3,686891,3,0.9853360598229355,13.336791218280357,MV,0.0,0
11,703601.3,703601,3,0.9885213983757786,13.336791218280357,MV,0.0,0
11,713791.3,713791,3,0.9844969980570836,13.336791218280357,MV,0.0,0
11,725731.3,725731,3,0.9830653926423732,13.336791218280357,MV,0.0,0
11,809501.3,809501,3,0.985598881981123,13.336791218280357,MV,0.0,0
11,811221.3,811221,3,0.9883458238912192,13.336791218280357,MV,0.0,0
11,815111.3,815111,3,0.985195426844419,13.336791218280357,MV,0.0,0
11,822371.3,822371,3,0.9835413644082861,13.336791218280357,MV,0.0,0
11,820611.3,820611,3,0.9864173650101858,13.336791218280357,MV,0.0,0
11,822641.3,822641,3,0.9840452331822136,13.336791218280357,MV,0.0,0
11,618431.3,618431,3,0.9872883585433477,13.336791218280357,MV,0.0,0
11,bt10401.3,bt10401,3,0.9896617724481171,0.2193931022920578,LV,0.0,0
11,bt197792.3,bt197792,3,0.9896617733731735,0.2193931022920578,LV,0.0,0
11,bt800551.3,bt800551,3,0.9896617732934544,0.2193931022920578,LV,0.0,0
11,bt295341.3,bt295341,3,0.9896617745617937,0.2193931022920578,LV,0.0,0
11,bt800541.3,bt800541,3,0.9896617739825186,0.2193931022920578,LV,0.0,0
11,bt295361.3,bt295361,3,0.9896617752367732,0.2193931022920578,LV,0.0,0
11,bt474991.3,bt474991,3,0.9896617756981244,0.2193931022920578,LV,0.0,0
11,uc627336.3,uc627336,3,0.9867533043587454,0.2193931022920578,LV,0.0,0
11,uc1620373.3,uc1620373,3,0.9863961139844424,0.2193931022920578,LV,0.0,0
11,uc1607302.3,uc1607302,3,0.9863400707122614,0.2193931022920578,LV,0.0,0
11,uc1607304.3,uc1607304,3,0.9861809707096284,0.2193931022920578,LV,0.0,0
11,uc1607298.3,uc1607298,3,0.9871280882183997,0.2193931022920578,LV,0.0,0
11,uc1607280.3,uc1607280,3,0.9854745064350126,0.2193931022920578,LV,0.0,0
11,uc1607285.3,uc1607285,3,0.9862780183925093,0.2193931022920578,LV,0.0,0
11,uc1607279.3,uc1607279,3,0.9863875369878929,0.2193931022920578,LV,0.0,0
11,uc1607347.3,uc1607347,3,1.0682171461470376,0.2193931022920578,LV,0.01821714614703751,1
11,uc1124340.3,uc1124340,3,0.9864242724507235,0.2193931022920578,LV,0.0,0
11,uc605816.3,uc605816,3,1.0161007443303895,0.2193931022920578,LV,0.0,0
11,uc605815.3,uc605815,3,0.9952818687934588,0.2193931022920578,LV,0.0,0
11,uc621171.3,uc621171,3,0.9817453288975418,0.2193931022920578,LV,0.0,0
11,uc607384.3,uc607384,3,0.982595378093891,0.2193931022920578,LV,0.0,0
11,uc606117.3,uc606117,3,0.9832009825080167,0.2193931022920578,LV,0.0,0
11,uc606120.3,uc606120,3,0.98291078520777,0.2193931022920578,LV,0.0,0
11,uc623007.3,uc623007,3,0.9890286190202168,0.2193931022920578,LV,0.0,0
11,uc605867.3,uc605867,3,0.9898944038667025,0.2193931022920578,LV,0.0,0
11,uc606150.3,uc606150,3,0.9956963490936108,0.2193931022920578,LV,0.0,0
11,uc606109.3,uc606109,3,0.982032946240943,0.2193931022920578,LV,0.0,0
11,uc606110.3,uc606110,3,0.9814954110216711,0.2193931022920578,LV,0.0,0
11,uc606111.3,uc606111,3,0.9831753099733866,0.2193931022920578,LV,0.0,0
11,uc622722.3,uc622722,3,0.9935457435965311,0.2193931022920578,LV,0.0,0
11,uc623004.3,uc623004,3,1.00039961831715,0.2193931022920578,LV,0.0,0
11,uc606101.3,uc606101,3,0.9843034270063233,0.2193931022920578,LV,0.0,0
11,uc606132.3,uc606132,3,0.9829622364618825,0.2193931022920578,LV,0.0,0
11,uc605910.3,uc605910,3,0.9844185411895712,0.2193931022920578,LV,0.0,0
11,uc605911.3,uc605911,3,0.9850076004705229,0.2193931022920578,LV,0.0,0
11,uc605904.3,uc605904,3,0.9858427532923719,0.2193931022920578,LV,0.0,0
11,uc1239552.3,uc1239552,3,0.986471119426936,0.2193931022920578,LV,0.0,0
11,uc605821.3,uc605821,3,0.9859600294622234,0.2193931022920578,LV,0.0,0
11,uc639280.3,uc639280,3,1.0044117191093958,0.2193931022920578,LV,0.0,0
11,uc605898.3,uc605898,3,0.986910708684501,0.2193931022920578,LV,0.0,0
11,uc605902.3,uc605902,3,0.9844933916384415,0.2193931022920578,LV,0.0,0
11,uc606126.3,uc606126,3,0.9958675182020504,0.2193931022920578,LV,0.0,0
11,uc606127.3,uc606127,3,0.9833082357439749,0.2193931022920578,LV,0.0,0
11,uc606121.3,uc606121,3,0.9825041813667932,0.2193931022920578,LV,0.0,0
11,uc606122.3,uc606122,3,0.9805798200642377,0.2193931022920578,LV,0.0,0
11,uc639277.3,uc639277,3,0.9860606323750938,0.2193931022920578,LV,0.0,0
11,uc1139390.3,uc1139390,3,0.9864348698708882,0.2193931022920578,LV,0.0,0
11,uc637576.3,uc637576,3,1.0074588111087863,0.2193931022920578,LV,0.0,0
11,uc637918.3,uc637918,3,1.0083989600698917,0.2193931022920578,LV,0.0,0
11,uc637360.3,uc637360,3,0.9817492653581523,0.2193931022920578,LV,0.0,0
11,uc637397.3,uc637397,3,0.9849163866177336,0.2193931022920578,LV,0.0,0
11,uc635963.3,uc635963,3,0.9829450340560906,0.2193931022920578,LV,0.0,0
11,uc635543.3,uc635543,3,0.9888390999461352,0.2193931022920578,LV,0.0,0
11,uc635966.3,uc635966,3,0.9877877506615459,0.2193931022920578,LV,0.0,0
11,uc635550.3,uc635550,3,0.9847659287084894,0.2193931022920578,LV,0.0,0
11,uc635862.3,uc635862,3,0.997113207705872,0.2193931022920578,LV,0.0,0
11,uc1633671.3,uc1633671,3,1.0155972229073946,0.2193931022920578,LV,0.0,0
11,uc632607.3,uc632607,3,0.9723767829842206,0.2193931022920578,LV,0.0,0
11,uc1629422.3,uc1629422,3,0.9874761389708091,0.2193931022920578,LV,0.0,0
12,60651.1,60651,1,0.9894537041903365,13.336791218280357,MV,0.0,0
12,60721.1,60721,1,0.9893857481896264,13.336791218280357,MV,0.0,0
12,164151.1,164151,1,0.9902568089737694,13.336791218280357,MV,0.0,0
12,302191.1,302191,1,0.9879983696499093,13.336791218280357,MV,0.0,0
12,320841.1,320841,1,0.9848347555154047,13.336791218280357,MV,0.0,0
12,337711.1,337711,1,0.9880003816370571,13.336791218280357,MV,0.0,0
12,358691.1,358691,1,0.9977474220986424,13.336791218280357,MV,0.0,0
12,et6_1177.1,et6_1177,1,0.9896799260819494,0.2193931022920578,LV,0.0,0
12,461501.1,461501,1,0.9910358739967828,13.336791218280357,MV,0.0,0
12,686891.1,686891,1,0.9878457444899439,13.336791218280357,MV,0.0,0
12,703601.1,703601,1,0.9905462622506975,13.336791218280357,MV,0.0,0
12,713791.1,713791,1,0.9870037253428404,13.336791218280357,MV,0.0,0
12,725731.1,725731,1,0.9856606370432794,13.336791218280357,MV,0.0,0
12,809501.1,809501,1,0.9880340064878419,13.336791218280357,MV,0.0,0
12,811221.1,811221,1,0.9904118676756828,13.336791218280357,MV,0.0,0
12,815111.1,815111,1,0.988088709627878,13.336791218280357,MV,0.0,0
12,822371.1,822371,1,0.9861095586102356,13.336791218280357,MV,0.0,0
12,820611.1,820611,1,0.9886560905925196,13.336791218280357,MV,0.0,0
12,822641.1,822641,1,0.9865942660378332,13.336791218280357,MV,0.0,0
12,618431.1,618431,1,0.9894514797581097,13.336791218280357,MV,0.0,0
12,bt10401.1,bt10401,1,0.9836590476636794,0.2193931022920578,LV,0.0,0
12,bt197792.1,bt197792,1,0.9829742356115367,0.2193931022920578,LV,0.0,0
12,bt800551.1,bt800551,1,0.9831130004683387,0.2193931022920578,LV,0.0,0
12,bt295341.1,bt295341,1,0.9823444882688439,0.2193931022920578,LV,0.0,0
12,bt800541.1,bt800541,1,0.982699763909839,0.2193931022920578,LV,0.0,0
12,bt295361.1,bt295361,1,0.9820167880087548,0.2193931022920578,LV,0.0,0
12,bt474991.1,bt474991,1,0.9817587276540654,0.2193931022920578,LV,0.0,0
12,uc626695.1,uc626695,1,0.9795880451964736,0.2193931022920578,LV,0.0,0
12,uc1627323.1,uc1627323,1,0.9877658565696308,0.2193931022920578,LV,0.0,0
12,uc1627342.1,uc1627342,1,0.9984029280797055,0.2193931022920578,LV,0.0,0
12,uc627343.1,uc627343,1,0.9877856905766051,0.2193931022920578,LV,0.0,0
12,uc627344.1,uc627344,1,0.9925744567581279,0.2193931022920578,LV,0.0,0
12,uc1626672.1,uc1626672,1,0.0,0.1270170592217177,LV,0.95,1
12,uc1626490.1,uc1626490,1,0.9953482959509459,0.2193931022920578,LV,0.0,0
12,uc3422706.1,uc3422706,1,0.9920352427360565,0.2193931022920578,LV,0.0,0
12,uc3425629.1,uc3425629,1,0.992088065305768,0.2193931022920578,LV,0.0,0
12,uc3422597.1,uc3422597,1,0.9988445141557634,0.2193931022920578,LV,0.0,0
12,uc3405843.1,uc3405843,1,0.9901873303670483,0.2193931022920578,LV,0.0,0
12,uc3405844.1,uc3405844,1,1.0187218399717939,0.2193931022920578,LV,0.0,0
12,uc3405845.1,uc3405845,1,1.017246534495973,0.2193931022920578,LV,0.0,0
12,uc3405846.1,uc3405846,1,0.9904414889495661,0.2193931022920578,LV,0.0,0
12,uc1626486.1,uc1626486,1,0.9971929217051883,0.2193931022920578,LV,0.0,0
12,uc1626487.1,uc1626487,1,0.988877307747453,0.2193931022920578,LV,0.0,0
12,uc626481.1,uc626481,1,0.9892934610982841,0.2193931022920578,LV,0.0,0
12,uc626678.1,uc626678,1,0.9889305392040459,0.2193931022920578,LV,0.0,0
12,uc626698.1,uc626698,1,0.9919069543650623,0.2193931022920578,LV,0.0,0
12,uc626476.1,uc626476,1,0.9847796610841245,0.2193931022920578,LV,0.0,0
12,uc1627321.1,uc1627321,1,0.998152570644455,0.2193931022920578,LV,0.0,0
12,uc1607319.1,uc1607319,1,0.985914172935163,0.2193931022920578,LV,0.0,0
12,uc1607308.1,uc1607308,1,0.9880068813000396,0.2193931022920578,LV,0.0,0
12,uc1624026.1,uc1624026,1,0.0,0.1270170592217177,LV,0.95,1
12,uc1625170.1,uc1625170,1,0.990862546633121,0.2193931022920578,LV,0.0,0
12,uc1621994.1,uc1621994,1,0.9967933642511482,0.2193931022920578,LV,0.0,0
12,uc1620360.1,uc1620360,1,0.9959491420951682,0.2193931022920578,LV,0.0,0
12,uc1620373.1,uc1620373,1,0.9870855122130462,0.2193931022920578,LV,0.0,0
12,uc1607302.1,uc1607302,1,0.9869957585374498,0.2193931022920578,LV,0.0,0
12,uc1607304.1,uc1607304,1,0.9858488835717859,0.2193931022920578,LV,0.0,0
12,uc1607305.1,uc1607305,1,0.9854528204378831,0.2193931022920578,LV,0.0,0
12,uc1607306.1,uc1607306,1,0.9875423532624529,0.2193931022920578,LV,0.0,0
12,uc1607297.1,uc1607297,1,0.9903118195288939,0.2193931022920578,LV,0.0,0
12,uc1607298.1,uc1607298,1,0.9877888462701413,0.2193931022920578,LV,0.0,0
12,uc1607289.1,uc1607289,1,0.9920846580214762,0.2193931022920578,LV,0.0,0
12,uc1607290.1,uc1607290,1,0.992156882850205,0.2193931022920578,LV,0.0,0
12,uc1607291.1,uc1607291,1,0.9903976036989103,0.2193931022920578,LV,0.0,0
12,uc1607280.1,uc1607280,1,0.9860694453975082,0.2193931022920578,LV,0.0,0
12,uc1607283.1,uc1607283,1,0.9833144740921731,0.2193931022920578,LV,0.0,0
12,uc1607285.1,uc1607285,1,0.9848340295780081,0.2193931022920578,LV,0.0,0
12,uc1607287.1,uc1607287,1,0.9883875934366838,0.2193931022920578,LV,0.0,0
12,uc1607288.1,uc1607288,1,0.9878859996022041,0.2193931022920578,LV,0.0,0
12,uc1607279.1,uc1607279,1,0.9869909335997654,0.2193931022920578,LV,0.0,0
12,uc1607357.1,uc1607357,1,0.9900474529203117,0.2193931022920578,LV,0.0,0
12,uc1607358.1,uc1607358,1,0.9900900607851939,0.2193931022920578,LV,0.0,0
12,uc1607368.1,uc1607368,1,0.0,0.1270170592217177,LV,0.95,1
12,uc1607277.1,uc1607277,1,0.9982408978124079,0.2193931022920578,LV,0.0,0
12,uc1607278.1,uc1607278,1,1.000349097335053,0.2193931022920578,LV,0.0,0
12,uc1607272.1,uc1607272,1,1.0062037800201584,0.2193931022920578,LV,0.0,0
12,uc1607273.1,uc1607273,1,0.9991770090329448,0.2193931022920578,LV,0.0,0
12,uc1607353.1,uc1607353,1,0.9917660329790075,0.2193931022920578,LV,0.0,0
12,uc1607347.1,uc1607347,1,1.0738341726346818,0.2193931022920578,LV,0.023834172634681794,1
12,uc1607349.1,uc1607349,1,0.9987565190883535,0.2193931022920578,LV,0.0,0
12,uc1107342.1,uc1107342,1,0.9853948202549955,0.2193931022920578,LV,0.0,0
12,uc1107340.1,uc1107340,1,0.9837504375848892,0.2193931022920578,LV,0.0,0
12,uc1105833.1,uc1105833,1,0.9885671056012171,0.2193931022920578,LV,0.0,0
12,uc1107330.1,uc1107330,1,0.9832343046639084,0.2193931022920578,LV,0.0,0
12,uc1607265.1,uc1607265,1,0.9856615907742278,0.2193931022920578,LV,0.0,0
12,uc1607268.1,uc1607268,1,0.9960359772633133,0.2193931022920578,LV,0.0,0
12,uc1607252.1,uc1607252,1,0.9875984761746519,0.2193931022920578,LV,0.0,0
12,uc1605991.1,uc1605991,1,0.988757298708858,0.2193931022920578,LV,0.0,0
12,uc1605996.1,uc1605996,1,1.0065198344486073,0.2193931022920578,LV,0.0,0
12,uc1607257.1,uc1607257,1,0.9897613301858734,0.2193931022920578,LV,0.0,0
12,uc1607258.1,uc1607258,1,0.9876057784122326,0.2193931022920578,LV,0.0,0
12,uc1124340.1,uc1124340,1,0.9858432174736372,0.2193931022920578,LV,0.0,0
12,uc605816.1,uc605816,1,1.0185897532633124,0.2193931022920578,LV,0.0,0
12,uc605813.1,uc605813,1,0.9893262087906765,0.2193931022920578,LV,0.0,0
12,uc609684.1,uc609684,1,0.9926081909325282,0.2193931022920578,LV,0.0,0
12,uc609686.1,uc609686,1,0.9929255008800897,0.2193931022920578,LV,0.0,0
12,uc609688.1,uc609688,1,1.002128909246285,0.2193931022920578,LV,0.0,0
12,uc621168.1,uc621168,1,0.9876918816441491,0.2193931022920578,LV,0.0,0
12,uc621171.1,uc621171,1,0.9830034320632809,0.2193931022920578,LV,0.0,0
12,uc605808.1,uc605808,1,0.9931759844907633,0.2193931022920578,LV,0.0,0
12,uc605809.1,uc605809,1,0.9829388865861698,0.2193931022920578,LV,0.0,0
12,uc605810.1,uc605810,1,0.9921037671507716,0.2193931022920578,LV,0.0,0
12,uc605970.1,uc605970,1,0.9902106153850049,0.2193931022920578,LV,0.0,0
12,uc605803.1,uc605803,1,0.991118267056134,0.2193931022920578,LV,0.0,0
12,uc605804.1,uc605804,1,0.9922017335954672,0.2193931022920578,LV,0.0,0
12,uc605806.1,uc605806,1,0.9886910622868814,0.2193931022920578,LV,0.0,0
12,uc607384.1,uc607384,1,0.9838020105978234,0.2193931022920578,LV,0.0,0
12,uc607387.1,uc607387,1,0.9890787842671337,0.2193931022920578,LV,0.0,0
12,uc609682.1,uc609682,1,0.9877869546362669,0.2193931022920578,LV,0.0,0
12,uc624033.1,uc624033,1,0.995602953096511,0.2193931022920578,LV,0.0,0
12,uc625156.1,uc625156,1,0.9911425553509672,0.2193931022920578,LV,0.0,0
12,uc625624.1,uc625624,1,0.985853924077492,0.2193931022920578,LV,0.0,0
12,uc625625.1,uc625625,1,0.9928135052765562,0.2193931022920578,LV,0.0,0
12,uc607366.1,uc607366,1,0.9829100570324943,0.2193931022920578,LV,0.0,0
12,uc607367.1,uc607367,1,0.9919582632686742,0.2193931022920578,LV,0.0,0
12,uc606114.1,uc606114,1,0.9855790056033176,0.2193931022920578,LV,0.0,0
12,uc606117.1,uc606117,1,0.984474326763547,0.2193931022920578,LV,0.0,0
12,uc606120.1,uc606120,1,0.9841757647266136,0.2193931022920578,LV,0.0,0
12,uc623015.1,uc623015,1,0.9821296878394314,0.2193931022920578,LV,0.0,0
12,uc623432.1,uc623432,1,0.9902810397183262,0.2193931022920578,LV,0.0,0
12,uc624028.1,uc624028,1,0.9896239504849975,0.2193931022920578,LV,0.0,0
12,uc605873.1,uc605873,1,0.9923482925335149,0.2193931022920578,LV,0.0,0
12,uc623007.1,uc623007,1,0.9893990772741545,0.2193931022920578,LV,0.0,0
12,uc606147.1,uc606147,1,1.0513531957413704,0.2193931022920578,LV,0.0013531957413703832,1
12,uc606148.1,uc606148,1,0.9967707524180756,0.2193931022920578,LV,0.0,0
12,uc606150.1,uc606150,1,0.9958697436947771,0.2193931022920578,LV,0.0,0
12,uc606109.1,uc606109,1,0.9832891343310575,0.2193931022920578,LV,0.0,0
12,uc606110.1,uc606110,1,0.9827464600140319,0.2193931022920578,LV,0.0,0
12,uc606111.1,uc606111,1,0.9844435266615293,0.2193931022920578,LV,0.0,0
12,uc622777.1,uc622777,1,0.9974988287809009,0.2193931022920578,LV,0.0,0
12,uc623004.1,uc623004,1,1.0014330215201475,0.2193931022920578,LV,0.0,0
12,uc606103.1,uc606103,1,0.987521583676307,0.2193931022920578,LV,0.0,0
12,uc606139.1,uc606139,1,1.0084069733157484,0.2193931022920578,LV,0.0,0
12,uc606141.1,uc606141,1,1.0119905056260015,0.2193931022920578,LV,0.0,0
12,uc606143.1,uc606143,1,1.0164002843778797,0.2193931022920578,LV,0.0,0
12,uc605921.1,uc605921,1,0.9893502203017773,0.2193931022920578,LV,0.0,0
12,uc622713.1,uc622713,1,0.9875705132522045,0.2193931022920578,LV,0.0,0
12,uc622714.1,uc622714,1,0.9909399012888457,0.2193931022920578,LV,0.0,0
12,uc605993.1,uc605993,1,0.9888433245684988,0.2193931022920578,LV,0.0,0
12,uc606101.1,uc606101,1,0.9847178144045639,0.2193931022920578,LV,0.0,0
12,uc606102.1,uc606102,1,0.9841534539030921,0.2193931022920578,LV,0.0,0
12,uc622273.1,uc622273,1,1.013927447673267,0.2193931022920578,LV,0.0,0
12,uc622703.1,uc622703,1,0.9796351757644777,0.2193931022920578,LV,0.0,0
12,uc605989.1,uc605989,1,0.9921136441788956,0.2193931022920578,LV,0.0,0
12,uc606130.1,uc606130,1,0.9876478028000917,0.2193931022920578,LV,0.0,0
12,uc606132.1,uc606132,1,0.9841793225359634,0.2193931022920578,LV,0.0,0
12,uc605914.1,uc605914,1,1.0008818672171138,0.2193931022920578,LV,0.0,0
12,uc622257.1,uc622257,1,0.9887411599911963,0.2193931022920578,LV,0.0,0
12,uc605909.1,uc605909,1,0.9894260592844419,0.2193931022920578,LV,0.0,0
12,uc605910.1,uc605910,1,0.9855621558921936,0.2193931022920578,LV,0.0,0
12,uc605911.1,uc605911,1,0.9861576791841757,0.2193931022920578,LV,0.0,0
12,uc606128.1,uc606128,1,0.9875579492558536,0.2193931022920578,LV,0.0,0
12,uc605823.1,uc605823,1,0.9851501015162852,0.2193931022920578,LV,0.0,0
12,uc605824.1,uc605824,1,0.9892967208368845,0.2193931022920578,LV,0.0,0
12,uc605904.1,uc605904,1,0.9868627104831558,0.2193931022920578,LV,0.0,0
12,uc621999.1,uc621999,1,0.9915269378187297,0.2193931022920578,LV,0.0,0
12,uc639553.1,uc639553,1,0.9832116488726667,0.2193931022920578,LV,0.0,0
12,uc1239552.1,uc1239552,1,0.987276768899226,0.2193931022920578,LV,0.0,0
12,uc605817.1,uc605817,1,0.9896872291466311,0.2193931022920578,LV,0.0,0
12,uc605819.1,uc605819,1,0.9971216541611213,0.2193931022920578,LV,0.0,0
12,uc605820.1,uc605820,1,0.9878183347806785,0.2193931022920578,LV,0.0,0
12,uc605821.1,uc605821,1,0.9857524063673883,0.2193931022920578,LV,0.0,0
12,uc639280.1,uc639280,1,1.0060733350946631,0.2193931022920578,LV,0.0,0
12,uc605898.1,uc605898,1,0.9879154487801551,0.2193931022920578,LV,0.0,0
12,uc605901.1,uc605901,1,0.9906407580333921,0.2193931022920578,LV,0.0,0
12,uc605902.1,uc605902,1,0.9854194230922843,0.2193931022920578,LV,0.0,0
12,uc605985.1,uc605985,1,0.9914785675660797,0.2193931022920578,LV,0.0,0
12,uc606126.1,uc606126,1,0.9978218982850856,0.2193931022920578,LV,0.0,0
12,uc606127.1,uc606127,1,0.9845264754838644,0.2193931022920578,LV,0.0,0
12,uc605896.1,uc605896,1,0.983992339719589,0.2193931022920578,LV,0.0,0
12,uc606121.1,uc606121,1,0.9836807408251661,0.2193931022920578,LV,0.0,0
12,uc606122.1,uc606122,1,0.9817197607911984,0.2193931022920578,LV,0.0,0
12,uc606123.1,uc606123,1,1.0091770965489653,0.2193931022920578,LV,0.0,0
12,uc606124.1,uc606124,1,0.9897197323994542,0.2193931022920578,LV,0.0,0
12,uc605825.1,uc605825,1,0.9869614966098645,0.2193931022920578,LV,0.0,0
12,uc623427.1,uc623427,1,1.0091771097108462,0.2193931022920578,LV,0.0,0
12,uc609687.1,uc609687,1,0.993250044551876,0.2193931022920578,LV,0.0,0
12,uc639277.1,uc639277,1,0.9858539240837755,0.2193931022920578,LV,0.0,0
12,uc1139390.1,uc1139390,1,0.9872404897407171,0.2193931022920578,LV,0.0,0
12,uc605863.1,uc605863,1,0.9938537798980984,0.2193931022920578,LV,0.0,0
12,uc605865.1,uc605865,1,0.9940948342014541,0.2193931022920578,LV,0.0,0
12,uc1138614.1,uc1138614,1,0.986696095373625,0.2193931022920578,LV,0.0,0
12,uc605855.1,uc605855,1,0.9890031920738499,0.2193931022920578,LV,0.0,0
12,uc605828.1,uc605828,1,0.9867191306458883,0.2193931022920578,LV,0.0,0
12,uc605829.1,uc605829,1,0.9906951399618362,0.2193931022920578,LV,0.0,0
12,uc605834.1,uc605834,1,0.9842798215146836,0.2193931022920578,LV,0.0,0
12,uc605835.1,uc605835,1,0.984337323746792,0.2193931022920578,LV,0.0,0
12,uc605827.1,uc605827,1,0.9866692234921911,0.2193931022920578,LV,0.0,0
12,uc627337.1,uc627337,1,0.9898132822481357,0.2193931022920578,LV,0.0,0
12,uc637912.1,uc637912,1,0.9907599495568485,0.2193931022920578,LV,0.0,0
12,uc637576.1,uc637576,1,1.0101725469105332,0.2193931022920578,LV,0.0,0
12,uc637356.1,uc637356,1,0.9895801471095809,0.2193931022920578,LV,0.0,0
12,uc637918.1,uc637918,1,1.0103378979778823,0.2193931022920578,LV,0.0,0
12,uc637360.1,uc637360,1,0.9830075381566616,0.2193931022920578,LV,0.0,0
12,uc637399.1,uc637399,1,0.9825739058134081,0.2193931022920578,LV,0.0,0
12,uc637397.1,uc637397,1,0.9854411944718436,0.2193931022920578,LV,0.0,0
12,uc1137150.1,uc1137150,1,0.9901096349953813,0.2193931022920578,LV,0.0,0
12,uc1636598.1,uc1636598,1,0.0,0.1270170592217177,LV,0.95,1
12,uc636933.1,uc636933,1,1.005645100647299,0.2193931022920578,LV,0.0,0
12,uc635963.1,uc635963,1,0.9842156820428792,0.2193931022920578,LV,0.0,0
12,uc635543.1,uc635543,1,0.9905304518237922,0.2193931022920578,LV,0.0,0
12,uc635966.1,uc635966,1,0.9894134165653881,0.2193931022920578,LV,0.0,0
12,uc635550.1,uc635550,1,0.9859972445940852,0.2193931022920578,LV,0.0,0
12,uc635862.1,uc635862,1,0.9995951194402317,0.2193931022920578,LV,0.0,0
12,uc1635694.1,uc1635694,1,1.001257750606527,0.2193931022920578,LV,0.0,0
12,uc3435739.1,uc3435739,1,1.0024365398374304,0.2193931022920578,LV,0.0,0
12,uc1635060.1,uc1635060,1,0.9945330178050401,0.2193931022920578,LV,0.0,0
12,uc1607271.1,uc1607271,1,0.9955313043793979,0.2193931022920578,LV,0.0,0
12,uc605884.1,uc605884,1,0.9898892332637982,0.2193931022920578,LV,0.0,0
12,uc1609690.1,uc1609690,1,0.9968941931496457,0.2193931022920578,LV,0.0,0
12,uc1134165.1,uc1134165,1,0.9838444310657394,0.2193931022920578,LV,0.0,0
12,uc634166.1,uc634166,1,0.9898368552392113,0.2193931022920578,LV,0.0,0
12,uc1633896.1,uc1633896,1,0.9954489724961136,0.2193931022920578,LV,0.0,0
12,uc3433894.1,uc3433894,1,0.9907782112466836,0.2193931022920578,LV,0.0,0
12,uc1633892.1,uc1633892,1,0.9984561869214259,0.2193931022920578,LV,0.0,0
12,uc633672.1,uc633672,1,0.9932765508112188,0.2193931022920578,LV,0.0,0
12,uc1633671.1,uc1633671,1,1.0149057265939212,0.2193931022920578,LV,0.0,0
12,uc1632306.1,uc1632306,1,0.9918278396282765,0.2193931022920578,LV,0.0,0
12,uc632607.1,uc632607,1,0.9727867147785279,0.2193931022920578,LV,0.0,0
12,uc632613.1,uc632613,1,0.9900132927933784,0.2193931022920578,LV,0.0,0
12,uc3432407.1,uc3432407,1,0.9988206174330401,0.2193931022920578,LV,0.0,0
12,uc1632402.1,uc1632402,1,0.9862926792458849,0.2193931022920578,LV,0.0,0
12,uc1132019.1,uc1132019,1,0.9866972142954652,0.2193931022920578,LV,0.0,0
12,uc632016.1,uc632016,1,0.9919354627471708,0.2193931022920578,LV,0.0,0
12,uc1132015.1,uc1132015,1,0.9852933379712354,0.2193931022920578,LV,0.0,0
12,uc1132012.1,uc1132012,1,0.9893532504756102,0.2193931022920578,LV,0.0,0
12,uc631859.1,uc631859,1,0.9918462942144185,0.2193931022920578,LV,0.0,0
12,uc1631852.1,uc1631852,1,0.9897913406475967,0.2193931022920578,LV,0.0,0
12,uc1130761.1,uc1130761,1,0.9839292667175202,0.2193931022920578,LV,0.0,0
12,uc1630759.1,uc1630759,1,0.9855507948881901,0.2193931022920578,LV,0.0,0
12,uc630758.1,uc630758,1,1.0143162764648954,0.2193931022920578,LV,0.0,0
12,uc629428.1,uc629428,1,0.992087119604274,0.2193931022920578,LV,0.0,0
12,uc1629639.1,uc1629639,1,0.9974769869958025,0.2193931022920578,LV,0.0,0
12,uc1229546.1,uc1229546,1,0.9868969774828076,0.2193931022920578,LV,0.0,0
12,uc628768.1,uc628768,1,0.9912890543361755,0.2193931022920578,LV,0.0,0
12,uc628757.1,uc628757,1,0.9964049192483896,0.2193931022920578,LV,0.0,0
12,uc628766.1,uc628766,1,0.9876565529366796,0.2193931022920578,LV,0.0,0
12,uc628753.1,uc628753,1,0.9961293299925672,0.2193931022920578,LV,0.0,0
12,uc627346.1,uc627346,1,0.988137573607192,0.2193931022920578,LV,0.0,0
12,uc1628760.1,uc1628760,1,0.9978216189279151,0.2193931022920578,LV,0.0,0
12,uc1629422.1,uc1629422,1,0.9880261909796423,0.2193931022920578,LV,0.0,0
12,uc626699.1,uc626699,1,0.9893594266195923,0.2193931022920578,LV,0.0,0
12,60651.2,60651,2,0.9896325102254181,13.336791218280357,MV,0.0,0
12,60721.2,60721,2,0.9895645276471216,13.336791218280357,MV,0.0,0
12,164151.2,164151,2,0.9904359697960474,13.336791218280357,MV,0.0,0
12,302191.2,302191,2,0.9888836594265736,13.336791218280357,MV,0.0,0
12,320841.2,320841,2,0.9848773989539893,13.336791218280357,MV,0.0,0
12,337711.2,337711,2,0.9888857649426009,13.336791218280357,MV,0.0,0
12,358691.2,358691,2,0.9976997905357724,13.336791218280357,MV,0.0,0
12,et6_1177.2,et6_1177,2,0.9901856184047796,0.2193931022920578,LV,0.0,0
12,461501.2,461501,2,0.9914016704520643,13.336791218280357,MV,0.0,0
12,686891.2,686891,2,0.9878698641057898,13.336791218280357,MV,0.0,0
12,703601.2,703601,2,0.9907363379018179,13.336791218280357,MV,0.0,0
12,713791.2,713791,2,0.9870460722719654,13.336791218280357,MV,0.0,0
12,725731.2,725731,2,0.9857033822725318,13.336791218280357,MV,0.0,0
12,809501.2,809501,2,0.9880551188190223,13.336791218280357,MV,0.0,0
12,811221.2,811221,2,0.9905928176314659,13.336791218280357,MV,0.0,0
12,815111.2,815111,2,0.9889739789013089,13.336791218280357,MV,0.0,0
12,822371.2,822371,2,0.9861525456101309,13.336791218280357,MV,0.0,0
12,820611.2,820611,2,0.9887834500569611,13.336791218280357,MV,0.0,0
12,822641.2,822641,2,0.9866457538805029,13.336791218280357,MV,0.0,0
12,618431.2,618431,2,0.9896302861689001,13.336791218280357,MV,0.0,0
12,bt10401.2,bt10401,2,0.982706157411519,0.2193931022920578,LV,0.0,0
12,bt197792.2,bt197792,2,0.9824036435172541,0.2193931022920578,LV,0.0,0
12,bt800551.2,bt800551,2,0.9824036435382855,0.2193931022920578,LV,0.0,0
12,bt295341.2,bt295341,2,0.9818363657019273,0.2193931022920578,LV,0.0,0
12,bt800541.2,bt800541,2,0.9821153311349611,0.2193931022920578,LV,0.0,0
12,bt295361.2,bt295361,2,0.9813882157223973,0.2193931022920578,LV,0.0,0
12,bt474991.2,bt474991,2,0.9812441248595027,0.2193931022920578,LV,0.0,0
12,uc1627323.2,uc1627323,2,0.9826023183890021,0.2193931022920578,LV,0.0,0
12,uc3405987.2,uc3405987,2,1.0070565621272756,0.2193931022920578,LV,0.0,0
12,uc3405846.2,uc3405846,2,0.9880106748892642,0.2193931022920578,LV,0.0,0
12,uc3405847.2,uc3405847,2,1.0076644992074613,0.2193931022920578,LV,0.0,0
12,uc3405838.2,uc3405838,2,0.9850364097092594,0.2193931022920578,LV,0.0,0
12,uc1607326.2,uc1607326,2,0.9855219701988952,0.2193931022920578,LV,0.0,0
12,uc1607316.2,uc1607316,2,0.9841248045869165,0.2193931022920578,LV,0.0,0
12,uc1607308.2,uc1607308,2,0.9866982458405781,0.2193931022920578,LV,0.0,0
12,uc1623434.2,uc1623434,2,0.0,0.1270170592217177,LV,0.95,1
12,uc1620373.2,uc1620373,2,0.9881318264653036,0.2193931022920578,LV,0.0,0
12,uc1607302.2,uc1607302,2,0.987984826245143,0.2193931022920578,LV,0.0,0
12,uc1607304.2,uc1607304,2,0.9879059435083729,0.2193931022920578,LV,0.0,0
12,uc1607306.2,uc1607306,2,0.9862338425001295,0.2193931022920578,LV,0.0,0
12,uc1607299.2,uc1607299,2,0.9883372852108572,0.2193931022920578,LV,0.0,0
12,uc1607297.2,uc1607297,2,0.989064416587078,0.2193931022920578,LV,0.0,0
12,uc1607298.2,uc1607298,2,0.9884868114347509,0.2193931022920578,LV,0.0,0
12,uc1607289.2,uc1607289,2,0.9915591112991287,0.2193931022920578,LV,0.0,0
12,uc1607291.2,uc1607291,2,0.9886899259831124,0.2193931022920578,LV,0.0,0
12,uc1607292.2,uc1607292,2,0.9882472659045749,0.2193931022920578,LV,0.0,0
12,uc1607280.2,uc1607280,2,0.9868916253423777,0.2193931022920578,LV,0.0,0
12,uc1607284.2,uc1607284,2,0.9871003989293216,0.2193931022920578,LV,0.0,0
12,uc1607285.2,uc1607285,2,0.9870079356286054,0.2193931022920578,LV,0.0,0
12,uc1607288.2,uc1607288,2,0.9872442919758649,0.2193931022920578,LV,0.0,0
12,uc1607279.2,uc1607279,2,0.9878136499763616,0.2193931022920578,LV,0.0,0
12,uc1607355.2,uc1607355,2,0.9884895672722434,0.2193931022920578,LV,0.0,0
12,uc1607357.2,uc1607357,2,0.9896585411063622,0.2193931022920578,LV,0.0,0
12,uc1607358.2,uc1607358,2,0.9883533204544702,0.2193931022920578,LV,0.0,0
12,uc1607368.2,uc1607368,2,0.0,0.1270170592217177,LV,0.95,1
12,uc1607276.2,uc1607276,2,0.9986218670502711,0.2193931022920578,LV,0.0,0
12,uc1607278.2,uc1607278,2,0.9988245670118767,0.2193931022920578,LV,0.0,0
12,uc1607273.2,uc1607273,2,0.9965551547706863,0.2193931022920578,LV,0.0,0
12,uc1607328.2,uc1607328,2,0.9851221071382942,0.2193931022920578,LV,0.0,0
12,uc1607347.2,uc1607347,2,1.0749139118818996,0.2193931022920578,LV,0.02491391188189951,1
12,uc1607350.2,uc1607350,2,1.0304148724357352,0.2193931022920578,LV,0.0,0
12,uc1107341.2,uc1107341,2,0.9855995972770519,0.2193931022920578,LV,0.0,0
12,uc1107333.2,uc1107333,2,0.9869545604429555,0.2193931022920578,LV,0.0,0
12,uc1607268.2,uc1607268,2,0.9956653479809522,0.2193931022920578,LV,0.0,0
12,uc1607252.2,uc1607252,2,0.9848840461527832,0.2193931022920578,LV,0.0,0
12,uc1606000.2,uc1606000,2,0.9869080497288957,0.2193931022920578,LV,0.0,0
12,uc1607255.2,uc1607255,2,0.9880421060427478,0.2193931022920578,LV,0.0,0
12,uc1607258.2,uc1607258,2,0.9848913688598842,0.2193931022920578,LV,0.0,0
12,uc1124041.2,uc1124041,2,0.9857262831908778,0.2193931022920578,LV,0.0,0
12,uc1124340.2,uc1124340,2,0.9874076970173989,0.2193931022920578,LV,0.0,0
12,uc1121173.2,uc1121173,2,0.9870355804012227,0.2193931022920578,LV,0.0,0
12,uc1107345.2,uc1107345,2,0.9873901147148139,0.2193931022920578,LV,0.0,0
12,uc605816.2,uc605816,2,1.0199806237127342,0.2193931022920578,LV,0.0,0
12,uc605812.2,uc605812,2,0.9812754428644468,0.2193931022920578,LV,0.0,0
12,uc605813.2,uc605813,2,0.990019268620968,0.2193931022920578,LV,0.0,0
12,uc609685.2,uc609685,2,0.9917977603048901,0.2193931022920578,LV,0.0,0
12,uc609688.2,uc609688,2,1.010125667596698,0.2193931022920578,LV,0.0,0
12,uc621168.2,uc621168,2,0.9857676810462407,0.2193931022920578,LV,0.0,0
12,uc621171.2,uc621171,2,0.9834628905815067,0.2193931022920578,LV,0.0,0
12,uc605810.2,uc605810,2,0.9911173925605288,0.2193931022920578,LV,0.0,0
12,uc605807.2,uc605807,2,0.9826875161621715,0.2193931022920578,LV,0.0,0
12,uc605801.2,uc605801,2,0.9887641219151058,0.2193931022920578,LV,0.0,0
12,uc607384.2,uc607384,2,0.9842679747361923,0.2193931022920578,LV,0.0,0
12,uc607385.2,uc607385,2,0.9912806572934677,0.2193931022920578,LV,0.0,0
12,uc609682.2,uc609682,2,0.9848866818607908,0.2193931022920578,LV,0.0,0
12,uc609683.2,uc609683,2,0.9905288537185114,0.2193931022920578,LV,0.0,0
12,uc607377.2,uc607377,2,0.9920400765816645,0.2193931022920578,LV,0.0,0
12,uc607382.2,uc607382,2,0.9899962826777415,0.2193931022920578,LV,0.0,0
12,uc606117.2,uc606117,2,0.9849345426889828,0.2193931022920578,LV,0.0,0
12,uc606120.2,uc606120,2,0.9846358303732333,0.2193931022920578,LV,0.0,0
12,uc623433.2,uc623433,2,0.9825068732981803,0.2193931022920578,LV,0.0,0
12,uc623007.2,uc623007,2,0.9899047271986409,0.2193931022920578,LV,0.0,0
12,uc606147.2,uc606147,2,1.0822404493230708,0.2193931022920578,LV,0.0322404493230708,1
12,uc606148.2,uc606148,2,0.9968774121931565,0.2193931022920578,LV,0.0,0
12,uc606150.2,uc606150,2,0.9960171610208306,0.2193931022920578,LV,0.0,0
12,uc606109.2,uc606109,2,0.9837487339743418,0.2193931022920578,LV,0.0,0
12,uc606110.2,uc606110,2,0.9832058984954791,0.2193931022920578,LV,0.0,0
12,uc606111.2,uc606111,2,0.9849037148335164,0.2193931022920578,LV,0.0,0
12,uc622720.2,uc622720,2,0.9886425285737368,0.2193931022920578,LV,0.0,0
12,uc623004.2,uc623004,2,1.0018362230393478,0.2193931022920578,LV,0.0,0
12,uc606103.2,uc606103,2,0.9858877682652862,0.2193931022920578,LV,0.0,0
12,uc606139.2,uc606139,2,1.0225086943067798,0.2193931022920578,LV,0.0,0
12,uc606143.2,uc606143,2,1.0424821405440068,0.2193931022920578,LV,0.0,0
12,uc605921.2,uc605921,2,0.9886088285158813,0.2193931022920578,LV,0.0,0
12,uc605915.2,uc605915,2,0.9884596581509094,0.2193931022920578,LV,0.0,0
12,uc606101.2,uc606101,2,0.9859551358550797,0.2193931022920578,LV,0.0,0
12,uc622273.2,uc622273,2,1.0400512073955024,0.2193931022920578,LV,0.0,0
12,uc605990.2,uc605990,2,0.9818361565105167,0.2193931022920578,LV,0.0,0
12,uc606130.2,uc606130,2,0.9864405651855318,0.2193931022920578,LV,0.0,0
12,uc606132.2,uc606132,2,0.984648933171785,0.2193931022920578,LV,0.0,0
12,uc622258.2,uc622258,2,0.9874307205273659,0.2193931022920578,LV,0.0,0
12,uc622270.2,uc622270,2,0.9945649474860228,0.2193931022920578,LV,0.0,0
12,uc605905.2,uc605905,2,0.985156926386278,0.2193931022920578,LV,0.0,0
12,uc605909.2,uc605909,2,0.9888632824524158,0.2193931022920578,LV,0.0,0
12,uc605910.2,uc605910,2,0.9860203197891676,0.2193931022920578,LV,0.0,0
12,uc605911.2,uc605911,2,0.9866161943353761,0.2193931022920578,LV,0.0,0
12,uc606128.2,uc606128,2,0.9861668204387894,0.2193931022920578,LV,0.0,0
12,uc605904.2,uc605904,2,0.9852229236774579,0.2193931022920578,LV,0.0,0
12,uc1239552.2,uc1239552,2,0.9883230261671374,0.2193931022920578,LV,0.0,0
12,uc605817.2,uc605817,2,0.9891130110268306,0.2193931022920578,LV,0.0,0
12,uc605819.2,uc605819,2,1.0051246497107449,0.2193931022920578,LV,0.0,0
12,uc605820.2,uc605820,2,0.982926474247454,0.2193931022920578,LV,0.0,0
12,uc605821.2,uc605821,2,0.9864125967489125,0.2193931022920578,LV,0.0,0
12,uc605822.2,uc605822,2,0.9828097494454565,0.2193931022920578,LV,0.0,0
12,uc639280.2,uc639280,2,1.006765372742077,0.2193931022920578,LV,0.0,0
12,uc605898.2,uc605898,2,0.9893438110391833,0.2193931022920578,LV,0.0,0
12,uc605902.2,uc605902,2,0.9858584022277624,0.2193931022920578,LV,0.0,0
12,uc605982.2,uc605982,2,0.9825951163006111,0.2193931022920578,LV,0.0,0
12,uc605988.2,uc605988,2,0.9813202401916639,0.2193931022920578,LV,0.0,0
12,uc606126.2,uc606126,2,0.9982970993609512,0.2193931022920578,LV,0.0,0
12,uc606127.2,uc606127,2,0.9849982924754542,0.2193931022920578,LV,0.0,0
12,uc605896.2,uc605896,2,0.9831270835282632,0.2193931022920578,LV,0.0,0
12,uc606121.2,uc606121,2,0.9841398121694132,0.2193931022920578,LV,0.0,0
12,uc606122.2,uc606122,2,0.9821773728305718,0.2193931022920578,LV,0.0,0
12,uc606123.2,uc606123,2,1.0096550038759255,0.2193931022920578,LV,0.0,0
12,uc622709.2,uc622709,2,0.9881160638373795,0.2193931022920578,LV,0.0,0
12,uc639277.2,uc639277,2,0.9865141596647137,0.2193931022920578,LV,0.0,0
12,uc1139390.2,uc1139390,2,0.9882867085606091,0.2193931022920578,LV,0.0,0
12,uc605864.2,uc605864,2,0.9913249760531306,0.2193931022920578,LV,0.0,0
12,uc605865.2,uc605865,2,0.9945023287921315,0.2193931022920578,LV,0.0,0
12,uc638617.2,uc638617,2,0.9941794411622249,0.2193931022920578,LV,0.0,0
12,uc605855.2,uc605855,2,0.9861035297341053,0.2193931022920578,LV,0.0,0
12,uc1638606.2,uc1638606,2,0.9961016702083301,0.2193931022920578,LV,0.0,0
12,uc1638954.2,uc1638954,2,0.9963123959706336,0.2193931022920578,LV,0.0,0
12,uc605836.2,uc605836,2,0.9767007560393448,0.2193931022920578,LV,0.0,0
12,uc1607303.2,uc1607303,2,0.9891973633897064,0.2193931022920578,LV,0.0,0
12,uc637705.2,uc637705,2,0.9880936045478221,0.2193931022920578,LV,0.0,0
12,uc1637704.2,uc1637704,2,1.0021427136590568,0.2193931022920578,LV,0.0,0
12,uc637576.2,uc637576,2,1.0106503371931759,0.2193931022920578,LV,0.0,0
12,uc637918.2,uc637918,2,1.0110287479340938,0.2193931022920578,LV,0.0,0
12,uc637360.2,uc637360,2,0.983466977714681,0.2193931022920578,LV,0.0,0
12,uc637397.2,uc637397,2,0.9868103810191747,0.2193931022920578,LV,0.0,0
12,uc636933.2,uc636933,2,1.0197826059716721,0.2193931022920578,LV,0.0,0
12,uc605908.2,uc605908,2,0.9903720784934164,0.2193931022920578,LV,0.0,0
12,uc635963.2,uc635963,2,0.984675778149786,0.2193931022920578,LV,0.0,0
12,uc635543.2,uc635543,2,0.9909918739901475,0.2193931022920578,LV,0.0,0
12,uc635966.2,uc635966,2,0.9898749331876291,0.2193931022920578,LV,0.0,0
12,uc627328.2,uc627328,2,0.9810839853771384,0.2193931022920578,LV,0.0,0
12,uc635550.2,uc635550,2,0.9864706901846277,0.2193931022920578,LV,0.0,0
12,uc635862.2,uc635862,2,1.0009770994264569,0.2193931022920578,LV,0.0,0
12,uc3435739.2,uc3435739,2,1.0112000973396804,0.2193931022920578,LV,0.0,0
12,uc634166.2,uc634166,2,0.9888196310279879,0.2193931022920578,LV,0.0,0
12,uc1633671.2,uc1633671,2,1.0172750006790705,0.2193931022920578,LV,0.0,0
12,uc633056.2,uc633056,2,0.9904324809630578,0.2193931022920578,LV,0.0,0
12,uc632607.2,uc632607,2,0.9741352124206466,0.2193931022920578,LV,0.0,0
12,uc1632402.2,uc1632402,2,0.9880310148082149,0.2193931022920578,LV,0.0,0
12,uc1131858.2,uc1131858,2,0.9856837191238059,0.2193931022920578,LV,0.0,0
12,uc631391.2,uc631391,2,0.9796418565950612,0.2193931022920578,LV,0.0,0
12,uc1630759.2,uc1630759,2,0.9872484932533904,0.2193931022920578,LV,0.0,0
12,uc630758.2,uc630758,2,1.037130273332719,0.2193931022920578,LV,0.0,0
12,uc630753.2,uc630753,2,0.9863203369096607,0.2193931022920578,LV,0.0,0
12,uc628766.2,uc628766,2,0.9864493250929225,0.2193931022920578,LV,0.0,0
12,uc627346.2,uc627346,2,0.9875606008625974,0.2193931022920578,LV,0.0,0
12,uc1629422.2,uc1629422,2,0.9874773912557675,0.2193931022920578,LV,0.0,0
12,60651.3,60651,3,0.9886464525535427,13.336791218280357,MV,0.0,0
12,60721.3,60721,3,0.9885785053662656,13.336791218280357,MV,0.0,0
12,164151.3,164151,3,0.9894494995809885,13.336791218280357,MV,0.0,0
12,302191.3,302191,3,0.9870801377684868,13.336791218280357,MV,0.0,0
12,320841.3,320841,3,0.9839105940573024,13.336791218280357,MV,0.0,0
12,337711.3,337711,3,0.9870821324986518,13.336791218280357,MV,0.0,0
12,358691.3,358691,3,0.997174538431306,13.336791218280357,MV,0.0,0
12,et6_1177.3,et6_1177,3,0.9905596855399346,0.2193931022920578,LV,0.0,0
12,461501.3,461501,3,0.990274940196466,13.336791218280357,MV,0.0,0
12,686891.3,686891,3,0.9869050646440761,13.336791218280357,MV,0.0,0
12,703601.3,703601,3,0.9897483594272458,13.336791218280357,MV,0.0,0
12,713791.3,713791,3,0.9860787222393947,13.336791218280357,MV,0.0,0
12,725731.3,725731,3,0.9847363838403403,13.336791218280357,MV,0.0,0
12,809501.3,809501,3,0.9870918938467108,13.336791218280357,MV,0.0,0
12,811221.3,811221,3,0.9896061038641641,13.336791218280357,MV,0.0,0
12,815111.3,815111,3,0.9871704818062321,13.336791218280357,MV,0.0,0
12,822371.3,822371,3,0.9851852533667992,13.336791218280357,MV,0.0,0
12,820611.3,820611,3,0.9878048933426246,13.336791218280357,MV,0.0,0
12,822641.3,822641,3,0.9856745494816839,13.336791218280357,MV,0.0,0
12,618431.3,618431,3,0.9886442279728044,13.336791218280357,MV,0.0,0
12,bt10401.3,bt10401,3,0.9909646162182708,0.2193931022920578,LV,0.0,0
12,bt197792.3,bt197792,3,0.990964617148409,0.2193931022920578,LV,0.0,0
12,bt800551.3,bt800551,3,0.9909646170681996,0.2193931022920578,LV,0.0,0
12,bt295341.3,bt295341,3,0.990964618342459,0.2193931022920578,LV,0.0,0
12,bt800541.3,bt800541,3,0.9909646177606667,0.2193931022920578,LV,0.0,0
12,bt295361.3,bt295361,3,0.9909646190201719,0.2193931022920578,LV,0.0,0
12,bt474991.3,bt474991,3,0.9909646194833523,0.2193931022920578,LV,0.0,0
12,uc627336.3,uc627336,3,0.9880978780606826,0.2193931022920578,LV,0.0,0
12,uc1620373.3,uc1620373,3,0.9883165710806368,0.2193931022920578,LV,0.0,0
12,uc1607302.3,uc1607302,3,0.988170754811241,0.2193931022920578,LV,0.0,0
12,uc1607304.3,uc1607304,3,0.9880897199261202,0.2193931022920578,LV,0.0,0
12,uc1607298.3,uc1607298,3,0.9889504279855512,0.2193931022920578,LV,0.0,0
12,uc1607280.3,uc1607280,3,0.9870677215217024,0.2193931022920578,LV,0.0,0
12,uc1607285.3,uc1607285,3,0.9879872304307913,0.2193931022920578,LV,0.0,0
12,uc1607279.3,uc1607279,3,0.9879896771030543,0.2193931022920578,LV,0.0,0
12,uc1607347.3,uc1607347,3,1.0750415211881261,0.2193931022920578,LV,0.02504152118812608,1
12,uc1124340.3,uc1124340,3,0.9883635547056988,0.2193931022920578,LV,0.0,0
12,uc605816.3,uc605816,3,1.0199793384366755,0.2193931022920578,LV,0.0,0
12,uc605815.3,uc605815,3,0.997846540110753,0.2193931022920578,LV,0.0,0
12,uc621171.3,uc621171,3,0.9834404435931747,0.2193931022920578,LV,0.0,0
12,uc607384.3,uc607384,3,0.9842486574101513,0.2193931022920578,LV,0.0,0
12,uc606117.3,uc606117,3,0.9849115663417981,0.2193931022920578,LV,0.0,0
12,uc606120.3,uc606120,3,0.9846129670157859,0.2193931022920578,LV,0.0,0
12,uc623007.3,uc623007,3,0.9902787332255152,0.2193931022920578,LV,0.0,0
12,uc605867.3,uc605867,3,0.9921292735157918,0.2193931022920578,LV,0.0,0
12,uc606150.3,uc606150,3,0.9960660474158843,0.2193931022920578,LV,0.0,0
12,uc606109.3,uc606109,3,0.9837262018960381,0.2193931022920578,LV,0.0,0
12,uc606110.3,uc606110,3,0.9831834170301265,0.2193931022920578,LV,0.0,0
12,uc606111.3,uc606111,3,0.984880767291111,0.2193931022920578,LV,0.0,0
12,uc622722.3,uc622722,3,0.9959880429364286,0.2193931022920578,LV,0.0,0
12,uc623004.3,uc623004,3,1.003315611759404,0.2193931022920578,LV,0.0,0
12,uc606101.3,uc606101,3,0.9859223438398869,0.2193931022920578,LV,0.0,0
12,uc606132.3,uc606132,3,0.9846346145294673,0.2193931022920578,LV,0.0,0
12,uc605910.3,uc605910,3,0.985993534148574,0.2193931022920578,LV,0.0,0
12,uc605911.3,uc605911,3,0.9865891282509571,0.2193931022920578,LV,0.0,0
12,uc605904.3,uc605904,3,0.9873023442473816,0.2193931022920578,LV,0.0,0
12,uc1239552.3,uc1239552,3,0.988507588605039,0.2193931022920578,LV,0.0,0
12,uc605821.3,uc605821,3,0.987917607272924,0.2193931022920578,LV,0.0,0
12,uc639280.3,uc639280,3,1.0069088639617967,0.2193931022920578,LV,0.0,0
12,uc605898.3,uc605898,3,0.988256793100807,0.2193931022920578,LV,0.0,0
12,uc605902.3,uc605902,3,0.985878041711265,0.2193931022920578,LV,0.0,0
12,uc606126.3,uc606126,3,0.9982769329218839,0.2193931022920578,LV,0.0,0
12,uc606127.3,uc606127,3,0.9849844641489591,0.2193931022920578,LV,0.0,0
12,uc606121.3,uc606121,3,0.9841166313178942,0.2193931022920578,LV,0.0,0
12,uc606122.3,uc606122,3,0.9821540457035602,0.2193931022920578,LV,0.0,0
12,uc639277.3,uc639277,3,0.9880191826503943,0.2193931022920578,LV,0.0,0
12,uc1139390.3,uc1139390,3,0.9884712642154742,0.2193931022920578,LV,0.0,0
12,uc637576.3,uc637576,3,1.0106169636193332,0.2193931022920578,LV,0.0,0
12,uc637918.3,uc637918,3,1.0111737455140937,0.2193931022920578,LV,0.0,0
12,uc637360.3,uc637360,3,0.9834445256892882,0.2193931022920578,LV,0.0,0
12,uc637397.3,uc637397,3,0.9868637180396234,0.2193931022920578,LV,0.0,0
12,uc635963.3,uc635963,3,0.9846528856126328,0.2193931022920578,LV,0.0,0
12,uc635543.3,uc635543,3,0.9909653187533342,0.2193931022920578,LV,0.0,0
12,uc635966.3,uc635966,3,0.9898481668609332,0.2193931022920578,LV,0.0,0
12,uc635550.3,uc635550,3,0.9864571817254993,0.2193931022920578,LV,0.0,0
12,uc635862.3,uc635862,3,0.9997854510076333,0.2193931022920578,LV,0.0,0
12,uc1633671.3,uc1633671,3,1.0172936921717686,0.2193931022920578,LV,0.0,0
12,uc632607.3,uc632607,3,0.9741924945124757,0.2193931022920578,LV,0.0,0
12,uc1629422.3,uc1629422,3,0.9892393213287607,0.2193931022920578,LV,0.0,0
13,60651.1,60651,1,0.9887535547640735,13.336791218280357,MV,0.0,0
13,60721.1,60721,1,0.988679578289824,13.336791218280357,MV,0.0,0
13,164151.1,164151,1,0.9896081237509067,13.336791218280357,MV,0.0,0
13,302191.1,302191,1,0.9870988395506455,13.336791218280357,MV,0.0,0
13,320841.1,320841,1,0.9839072006243585,13.336791218280357,MV,0.0,0
13,337711.1,337711,1,0.9871066036993112,13.336791218280357,MV,0.0,0
13,358691.1,358691,1,0.9975924043225164,13.336791218280357,MV,0.0,0
13,et6_1177.1,et6_1177,1,0.9890843618723592,0.2193931022920578,LV,0.0,0
13,461501.1,461501,1,0.9904317616323641,13.336791218280357,MV,0.0,0
13,686891.1,686891,1,0.9870358688386333,13.336791218280357,MV,0.0,0
13,703601.1,703601,1,0.9899157286108291,13.336791218280357,MV,0.0,0
13,713791.1,713791,1,0.9861726143767896,13.336791218280357,MV,0.0,0
13,725731.1,725731,1,0.9847696992583131,13.336791218280357,MV,0.0,0
13,809501.1,809501,1,0.9872549332644139,13.336791218280357,MV,0.0,0
13,811221.1,811221,1,0.9897665906152364,13.336791218280357,MV,0.0,0
13,815111.1,815111,1,0.9871881896719242,13.336791218280357,MV,0.0,0
13,822371.1,822371,1,0.9852373117403543,13.336791218280357,MV,0.0,0
13,820611.1,820611,1,0.9879275147024077,13.336791218280357,MV,0.0,0
13,822641.1,822641,1,0.9857387002289376,13.336791218280357,MV,0.0,0
13,618431.1,618431,1,0.9887513729165656,13.336791218280357,MV,0.0,0
13,bt10401.1,bt10401,1,0.9831539216365852,0.2193931022920578,LV,0.0,0
13,bt197792.1,bt197792,1,0.982486618638742,0.2193931022920578,LV,0.0,0
13,bt800551.1,bt800551,1,0.9826228477096262,0.2193931022920578,LV,0.0,0
13,bt295341.1,bt295341,1,0.981877744374008,0.2193931022920578,LV,0.0,0
13,bt800541.1,bt800541,1,0.9822219224997054,0.2193931022920578,LV,0.0,0
13,bt295361.1,bt295361,1,0.9815602804506535,0.2193931022920578,LV,0.0,0
13,bt474991.1,bt474991,1,0.9813102809497976,0.2193931022920578,LV,0.0,0
13,uc626695.1,uc626695,1,0.9792074069659978,0.2193931022920578,LV,0.0,0
13,uc1627323.1,uc1627323,1,0.9871577053982563,0.2193931022920578,LV,0.0,0
13,uc1627342.1,uc1627342,1,0.9984167264169682,0.2193931022920578,LV,0.0,0
13,uc627343.1,uc627343,1,0.986946306247546,0.2193931022920578,LV,0.0,0
13,uc627344.1,uc627344,1,0.9919718659578376,0.2193931022920578,LV,0.0,0
13,uc1626672.1,uc1626672,1,0.0,0.1270170592217177,LV,0.95,1
13,uc1626490.1,uc1626490,1,0.9954722399689924,0.2193931022920578,LV,0.0,0
13,uc3422706.1,uc3422706,1,0.9911922831948589,0.2193931022920578,LV,0.0,0
13,uc3425629.1,uc3425629,1,0.9912441416334854,0.2193931022920578,LV,0.0,0
13,uc3422597.1,uc3422597,1,0.9980471650825053,0.2193931022920578,LV,0.0,0
13,uc3405843.1,uc3405843,1,0.9893763177262338,0.2193931022920578,LV,0.0,0
13,uc3405844.1,uc3405844,1,1.0179362543414532,0.2193931022920578,LV,0.0,0
13,uc3405845.1,uc3405845,1,1.0164605483212854,0.2193931022920578,LV,0.0,0
13,uc3405846.1,uc3405846,1,0.9896281824310744,0.2193931022920578,LV,0.0,0
13,uc1626486.1,uc1626486,1,0.9970007783802229,0.2193931022920578,LV,0.0,0
13,uc1626487.1,uc1626487,1,0.9879406838913851,0.2193931022920578,LV,0.0,0
13,uc626481.1,uc626481,1,0.9884654959245193,0.2193931022920578,LV,0.0,0
13,uc626678.1,uc626678,1,0.988149765720087,0.2193931022920578,LV,0.0,0
13,uc626698.1,uc626698,1,0.9913622867002981,0.2193931022920578,LV,0.0,0
13,uc626476.1,uc626476,1,0.9843513194192194,0.2193931022920578,LV,0.0,0
13,uc1627321.1,uc1627321,1,0.9981709376824572,0.2193931022920578,LV,0.0,0
13,uc1607319.1,uc1607319,1,0.9846850473331785,0.2193931022920578,LV,0.0,0
13,uc1607308.1,uc1607308,1,0.9871934207995886,0.2193931022920578,LV,0.0,0
13,uc1624026.1,uc1624026,1,0.0,0.1270170592217177,LV,0.95,1
13,uc1625170.1,uc1625170,1,0.9901542561398714,0.2193931022920578,LV,0.0,0
13,uc1621994.1,uc1621994,1,0.996597279328057,0.2193931022920578,LV,0.0,0
13,uc1620360.1,uc1620360,1,0.995642775902156,0.2193931022920578,LV,0.0,0
13,uc1620373.1,uc1620373,1,0.9862378307365641,0.2193931022920578,LV,0.0,0
13,uc1607302.1,uc1607302,1,0.9861897531344738,0.2193931022920578,LV,0.0,0
13,uc1607304.1,uc1607304,1,0.9850298250771636,0.2193931022920578,LV,0.0,0
13,uc1607305.1,uc1607305,1,0.9846409961870999,0.2193931022920578,LV,0.0,0
13,uc1607306.1,uc1607306,1,0.986737429003288,0.2193931022920578,LV,0.0,0
13,uc1607297.1,uc1607297,1,0.989501005599532,0.2193931022920578,LV,0.0,0
13,uc1607298.1,uc1607298,1,0.9869753905809292,0.2193931022920578,LV,0.0,0
13,uc1607289.1,uc1607289,1,0.9912853803416221,0.2193931022920578,LV,0.0,0
13,uc1607290.1,uc1607290,1,0.991356287381218,0.2193931022920578,LV,0.0,0
13,uc1607291.1,uc1607291,1,0.989585217253149,0.2193931022920578,LV,0.0,0
13,uc1607280.1,uc1607280,1,0.9853819491004915,0.2193931022920578,LV,0.0,0
13,uc1607283.1,uc1607283,1,0.9826303426514439,0.2193931022920578,LV,0.0,0
13,uc1607285.1,uc1607285,1,0.9841220767273712,0.2193931022920578,LV,0.0,0
13,uc1607287.1,uc1607287,1,0.9876673710446341,0.2193931022920578,LV,0.0,0
13,uc1607288.1,uc1607288,1,0.9870989890229691,0.2193931022920578,LV,0.0,0
13,uc1607279.1,uc1607279,1,0.9862865501614324,0.2193931022920578,LV,0.0,0
13,uc1607357.1,uc1607357,1,0.9893785710369901,0.2193931022920578,LV,0.0,0
13,uc1607358.1,uc1607358,1,0.9893854392478159,0.2193931022920578,LV,0.0,0
13,uc1607368.1,uc1607368,1,0.0,0.1270170592217177,LV,0.95,1
13,uc1607277.1,uc1607277,1,0.9982746631131109,0.2193931022920578,LV,0.0,0
13,uc1607278.1,uc1607278,1,1.000327587036003,0.2193931022920578,LV,0.0,0
13,uc1607272.1,uc1607272,1,1.006166776465499,0.2193931022920578,LV,0.0,0
13,uc1607273.1,uc1607273,1,0.9990379299360629,0.2193931022920578,LV,0.0,0
13,uc1607353.1,uc1607353,1,0.9910639486283183,0.2193931022920578,LV,0.0,0
13,uc1607347.1,uc1607347,1,1.0730190755575835,0.2193931022920578,LV,0.023019075557583424,1
13,uc1607349.1,uc1607349,1,0.9980535309702638,0.2193931022920578,LV,0.0,0
13,uc1107342.1,uc1107342,1,0.9845918657229634,0.2193931022920578,LV,0.0,0
13,uc1107340.1,uc1107340,1,0.9830244860205036,0.2193931022920578,LV,0.0,0
13,uc1105833.1,uc1105833,1,0.9877467249474313,0.2193931022920578,LV,0.0,0
13,uc1107330.1,uc1107330,1,0.9825177676718632,0.2193931022920578,LV,0.0,0
13,uc1607265.1,uc1607265,1,0.9850696229021644,0.2193931022920578,LV,0.0,0
13,uc1607268.1,uc1607268,1,0.9957718882361839,0.2193931022920578,LV,0.0,0
13,uc1607252.1,uc1607252,1,0.9869620711377227,0.2193931022920578,LV,0.0,0
13,uc1605991.1,uc1605991,1,0.9880224295403925,0.2193931022920578,LV,0.0,0
13,uc1605996.1,uc1605996,1,1.0064770635801568,0.2193931022920578,LV,0.0,0
13,uc1607257.1,uc1607257,1,0.9890922026546559,0.2193931022920578,LV,0.0,0
13,uc1607258.1,uc1607258,1,0.9869692403096402,0.2193931022920578,LV,0.0,0
13,uc1124340.1,uc1124340,1,0.9850320515260489,0.2193931022920578,LV,0.0,0
13,uc605816.1,uc605816,1,1.0178404097412148,0.2193931022920578,LV,0.0,0
13,uc605813.1,uc605813,1,0.9887371466675378,0.2193931022920578,LV,0.0,0
13,uc609684.1,uc609684,1,0.9920353191071806,0.2193931022920578,LV,0.0,0
13,uc609686.1,uc609686,1,0.9923467857774325,0.2193931022920578,LV,0.0,0
13,uc609688.1,uc609688,1,1.0013318225592043,0.2193931022920578,LV,0.0,0
13,uc621168.1,uc621168,1,0.9868674575402849,0.2193931022920578,LV,0.0,0
13,uc621171.1,uc621171,1,0.9821379335654626,0.2193931022920578,LV,0.0,0
13,uc605808.1,uc605808,1,0.9925920629362449,0.2193931022920578,LV,0.0,0
13,uc605809.1,uc605809,1,0.9824519150778439,0.2193931022920578,LV,0.0,0
13,uc605810.1,uc605810,1,0.9915106171857939,0.2193931022920578,LV,0.0,0
13,uc605970.1,uc605970,1,0.9893757785953861,0.2193931022920578,LV,0.0,0
13,uc605803.1,uc605803,1,0.9905492642018731,0.2193931022920578,LV,0.0,0
13,uc605804.1,uc605804,1,0.9916066371043545,0.2193931022920578,LV,0.0,0
13,uc605806.1,uc605806,1,0.9880839565126756,0.2193931022920578,LV,0.0,0
13,uc607384.1,uc607384,1,0.9829810547030422,0.2193931022920578,LV,0.0,0
13,uc607387.1,uc607387,1,0.9884942469441086,0.2193931022920578,LV,0.0,0
13,uc609682.1,uc609682,1,0.9870277237946542,0.2193931022920578,LV,0.0,0
13,uc624033.1,uc624033,1,0.9951909127444167,0.2193931022920578,LV,0.0,0
13,uc625156.1,uc625156,1,0.990573109197907,0.2193931022920578,LV,0.0,0
13,uc625624.1,uc625624,1,0.9850535837310818,0.2193931022920578,LV,0.0,0
13,uc625625.1,uc625625,1,0.9922368675387273,0.2193931022920578,LV,0.0,0
13,uc607366.1,uc607366,1,0.9824236119506841,0.2193931022920578,LV,0.0,0
13,uc607367.1,uc607367,1,0.9913676296636206,0.2193931022920578,LV,0.0,0
13,uc606114.1,uc606114,1,0.9847739431803639,0.2193931022920578,LV,0.0,0
13,uc606117.1,uc606117,1,0.9835814248057096,0.2193931022920578,LV,0.0,0
13,uc606120.1,uc606120,1,0.9832928693397095,0.2193931022920578,LV,0.0,0
13,uc623015.1,uc623015,1,0.9816696508823199,0.2193931022920578,LV,0.0,0
13,uc623432.1,uc623432,1,0.9894711958185922,0.2193931022920578,LV,0.0,0
13,uc624028.1,uc624028,1,0.9888003240928899,0.2193931022920578,LV,0.0,0
13,uc605873.1,uc605873,1,0.9914977848340177,0.2193931022920578,LV,0.0,0
13,uc623007.1,uc623007,1,0.9888086391362102,0.2193931022920578,LV,0.0,0
13,uc606147.1,uc606147,1,1.0510360050998757,0.2193931022920578,LV,0.0010360050998756698,1
13,uc606148.1,uc606148,1,0.996447566173129,0.2193931022920578,LV,0.0,0
13,uc606150.1,uc606150,1,0.9957010998596878,0.2193931022920578,LV,0.0,0
13,uc606109.1,uc606109,1,0.9824226166551782,0.2193931022920578,LV,0.0,0
13,uc606110.1,uc606110,1,0.9818898942984594,0.2193931022920578,LV,0.0,0
13,uc606111.1,uc606111,1,0.9835549199582224,0.2193931022920578,LV,0.0,0
13,uc622777.1,uc622777,1,0.9971568878390672,0.2193931022920578,LV,0.0,0
13,uc623004.1,uc623004,1,1.0006636270293523,0.2193931022920578,LV,0.0,0
13,uc606103.1,uc606103,1,0.9867450259161052,0.2193931022920578,LV,0.0,0
13,uc606139.1,uc606139,1,1.007930834014164,0.2193931022920578,LV,0.0,0
13,uc606141.1,uc606141,1,1.0116558092756267,0.2193931022920578,LV,0.0,0
13,uc606143.1,uc606143,1,1.0160138540910426,0.2193931022920578,LV,0.0,0
13,uc605921.1,uc605921,1,0.9885216366325189,0.2193931022920578,LV,0.0,0
13,uc622713.1,uc622713,1,0.9869096497641847,0.2193931022920578,LV,0.0,0
13,uc622714.1,uc622714,1,0.9905863109866232,0.2193931022920578,LV,0.0,0
13,uc605993.1,uc605993,1,0.9880884180052429,0.2193931022920578,LV,0.0,0
13,uc606101.1,uc606101,1,0.9839153539566131,0.2193931022920578,LV,0.0,0
13,uc606102.1,uc606102,1,0.9833741064767691,0.2193931022920578,LV,0.0,0
13,uc622273.1,uc622273,1,1.013557342143773,0.2193931022920578,LV,0.0,0
13,uc622703.1,uc622703,1,0.9792530654729543,0.2193931022920578,LV,0.0,0
13,uc605989.1,uc605989,1,0.9915493381817662,0.2193931022920578,LV,0.0,0
13,uc606130.1,uc606130,1,0.9867992167966385,0.2193931022920578,LV,0.0,0
13,uc606132.1,uc606132,1,0.9833580149691111,0.2193931022920578,LV,0.0,0
13,uc605914.1,uc605914,1,1.0007512343164546,0.2193931022920578,LV,0.0,0
13,uc622257.1,uc622257,1,0.9878836857342874,0.2193931022920578,LV,0.0,0
13,uc605909.1,uc605909,1,0.9886306899262923,0.2193931022920578,LV,0.0,0
13,uc605910.1,uc605910,1,0.9847653877420584,0.2193931022920578,LV,0.0,0
13,uc605911.1,uc605911,1,0.9853492095276211,0.2193931022920578,LV,0.0,0
13,uc606128.1,uc606128,1,0.9867222281354898,0.2193931022920578,LV,0.0,0
13,uc605823.1,uc605823,1,0.9843626459516346,0.2193931022920578,LV,0.0,0
13,uc605824.1,uc605824,1,0.9884695395174573,0.2193931022920578,LV,0.0,0
13,uc605904.1,uc605904,1,0.9861322509266858,0.2193931022920578,LV,0.0,0
13,uc621999.1,uc621999,1,0.9909442811560272,0.2193931022920578,LV,0.0,0
13,uc639553.1,uc639553,1,0.9823440726820888,0.2193931022920578,LV,0.0,0
13,uc1239552.1,uc1239552,1,0.986371548617379,0.2193931022920578,LV,0.0,0
13,uc605817.1,uc605817,1,0.9888540461201367,0.2193931022920578,LV,0.0,0
13,uc605819.1,uc605819,1,0.996318432957921,0.2193931022920578,LV,0.0,0
13,uc605820.1,uc605820,1,0.9870190822363252,0.2193931022920578,LV,0.0,0
13,uc605821.1,uc605821,1,0.9849539218427944,0.2193931022920578,LV,0.0,0
13,uc639280.1,uc639280,1,1.0054477639878707,0.2193931022920578,LV,0.0,0
13,uc605898.1,uc605898,1,0.9872482567452159,0.2193931022920578,LV,0.0,0
13,uc605901.1,uc605901,1,0.9899425562129612,0.2193931022920578,LV,0.0,0
13,uc605902.1,uc605902,1,0.9847556530361444,0.2193931022920578,LV,0.0,0
13,uc605985.1,uc605985,1,0.9906676331028061,0.2193931022920578,LV,0.0,0
13,uc606126.1,uc606126,1,0.9969870483157472,0.2193931022920578,LV,0.0,0
13,uc606127.1,uc606127,1,0.9836986771833384,0.2193931022920578,LV,0.0,0
13,uc605896.1,uc605896,1,0.9834250383491856,0.2193931022920578,LV,0.0,0
13,uc606121.1,uc606121,1,0.9828757990274565,0.2193931022920578,LV,0.0,0
13,uc606122.1,uc606122,1,0.9809654684472395,0.2193931022920578,LV,0.0,0
13,uc606123.1,uc606123,1,1.0083733408609343,0.2193931022920578,LV,0.0,0
13,uc606124.1,uc606124,1,0.9888643146164697,0.2193931022920578,LV,0.0,0
13,uc605825.1,uc605825,1,0.9861759216466073,0.2193931022920578,LV,0.0,0
13,uc623427.1,uc623427,1,1.0083733540123336,0.2193931022920578,LV,0.0,0
13,uc609687.1,uc609687,1,0.9926647445621506,0.2193931022920578,LV,0.0,0
13,uc639277.1,uc639277,1,0.985053583737365,0.2193931022920578,LV,0.0,0
13,uc1139390.1,uc1139390,1,0.9863353027227226,0.2193931022920578,LV,0.0,0
13,uc605863.1,uc605863,1,0.9930658291895117,0.2193931022920578,LV,0.0,0
13,uc605865.1,uc605865,1,0.9933024631321408,0.2193931022920578,LV,0.0,0
13,uc1138614.1,uc1138614,1,0.9859056632559361,0.2193931022920578,LV,0.0,0
13,uc605855.1,uc605855,1,0.9882216797273106,0.2193931022920578,LV,0.0,0
13,uc605828.1,uc605828,1,0.9859718060408581,0.2193931022920578,LV,0.0,0
13,uc605829.1,uc605829,1,0.989875133842821,0.2193931022920578,LV,0.0,0
13,uc605834.1,uc605834,1,0.983575001497877,0.2193931022920578,LV,0.0,0
13,uc605835.1,uc605835,1,0.9836314542403141,0.2193931022920578,LV,0.0,0
13,uc605827.1,uc605827,1,0.9859228097571564,0.2193931022920578,LV,0.0,0
13,uc627337.1,uc627337,1,0.9892622461660983,0.2193931022920578,LV,0.0,0
13,uc637912.1,uc637912,1,0.9899387644339339,0.2193931022920578,LV,0.0,0
13,uc637576.1,uc637576,1,1.0093712647491646,0.2193931022920578,LV,0.0,0
13,uc637356.1,uc637356,1,0.9889198359506426,0.2193931022920578,LV,0.0,0
13,uc637918.1,uc637918,1,1.0097254189878004,0.2193931022920578,LV,0.0,0
13,uc637360.1,uc637360,1,0.9821436865842288,0.2193931022920578,LV,0.0,0
13,uc637399.1,uc637399,1,0.9820983628576866,0.2193931022920578,LV,0.0,0
13,uc637397.1,uc637397,1,0.9846494388184039,0.2193931022920578,LV,0.0,0
13,uc1137150.1,uc1137150,1,0.9892896634309193,0.2193931022920578,LV,0.0,0
13,uc1636598.1,uc1636598,1,0.0,0.1270170592217177,LV,0.95,1
13,uc636933.1,uc636933,1,1.005171303260433,0.2193931022920578,LV,0.0,0
13,uc635963.1,uc635963,1,0.9833281967705054,0.2193931022920578,LV,0.0,0
13,uc635543.1,uc635543,1,0.9896673005399834,0.2193931022920578,LV,0.0,0
13,uc635966.1,uc635966,1,0.9885494073443407,0.2193931022920578,LV,0.0,0
13,uc635550.1,uc635550,1,0.9851423256853156,0.2193931022920578,LV,0.0,0
13,uc635862.1,uc635862,1,0.9987803070247173,0.2193931022920578,LV,0.0,0
13,uc1635694.1,uc1635694,1,1.0011781816813299,0.2193931022920578,LV,0.0,0
13,uc3435739.1,uc3435739,1,1.001655844885818,0.2193931022920578,LV,0.0,0
13,uc1635060.1,uc1635060,1,0.9942963849225874,0.2193931022920578,LV,0.0,0
13,uc1607271.1,uc1607271,1,0.9952764348815141,0.2193931022920578,LV,0.0,0
13,uc605884.1,uc605884,1,0.9890501256719264,0.2193931022920578,LV,0.0,0
13,uc1609690.1,uc1609690,1,0.9966383415339821,0.2193931022920578,LV,0.0,0
13,uc1134165.1,uc1134165,1,0.9831167642940017,0.2193931022920578,LV,0.0,0
13,uc634166.1,uc634166,1,0.9890699547198192,0.2193931022920578,LV,0.0,0
13,uc1633896.1,uc1633896,1,0.9951956095495305,0.2193931022920578,LV,0.0,0
13,uc3433894.1,uc3433894,1,0.9899583484809592,0.2193931022920578,LV,0.0,0
13,uc1633892.1,uc1633892,1,0.998469013603298,0.2193931022920578,LV,0.0,0
13,uc633672.1,uc633672,1,0.9926907695090105,0.2193931022920578,LV,0.0,0
13,uc1633671.1,uc1633671,1,1.014880457692034,0.2193931022920578,LV,0.0,0
13,uc1632306.1,uc1632306,1,0.9911153631481522,0.2193931022920578,LV,0.0,0
13,uc632607.1,uc632607,1,0.9722322621353824,0.2193931022920578,LV,0.0,0
13,uc632613.1,uc632613,1,0.9896766619659423,0.2193931022920578,LV,0.0,0
13,uc3432407.1,uc3432407,1,0.9980237045335876,0.2193931022920578,LV,0.0,0
13,uc1632402.1,uc1632402,1,0.9856891940911688,0.2193931022920578,LV,0.0,0
13,uc1132019.1,uc1132019,1,0.9859067617576078,0.2193931022920578,LV,0.0,0
13,uc632016.1,uc632016,1,0.991345245290111,0.2193931022920578,LV,0.0,0
13,uc1132015.1,uc1132015,1,0.9845390902149962,0.2193931022920578,LV,0.0,0
13,uc1132012.1,uc1132012,1,0.9885135191237758,0.2193931022920578,LV,0.0,0
13,uc631859.1,uc631859,1,0.991257704265328,0.2193931022920578,LV,0.0,0
13,uc1631852.1,uc1631852,1,0.9891271343908512,0.2193931022920578,LV,0.0,0
13,uc1130761.1,uc1130761,1,0.9832258139079169,0.2193931022920578,LV,0.0,0
13,uc1630759.1,uc1630759,1,0.9849608812453978,0.2193931022920578,LV,0.0,0
13,uc630758.1,uc630758,1,1.0136385340572667,0.2193931022920578,LV,0.0,0
13,uc629428.1,uc629428,1,0.9915003803798667,0.2193931022920578,LV,0.0,0
13,uc1629639.1,uc1629639,1,0.9972009980500667,0.2193931022920578,LV,0.0,0
13,uc1229546.1,uc1229546,1,0.9862734422545533,0.2193931022920578,LV,0.0,0
13,uc628768.1,uc628768,1,0.9904567647737599,0.2193931022920578,LV,0.0,0
13,uc628757.1,uc628757,1,0.9960918479257652,0.2193931022920578,LV,0.0,0
13,uc628766.1,uc628766,1,0.986807807345848,0.2193931022920578,LV,0.0,0
13,uc628753.1,uc628753,1,0.9956804463500893,0.2193931022920578,LV,0.0,0
13,uc627346.1,uc627346,1,0.9872856788917833,0.2193931022920578,LV,0.0,0
13,uc1628760.1,uc1628760,1,0.9976179154606968,0.2193931022920578,LV,0.0,0
13,uc1629422.1,uc1629422,1,0.9872365888028269,0.2193931022920578,LV,0.0,0
13,uc626699.1,uc626699,1,0.9884904826970782,0.2193931022920578,LV,0.0,0
13,60651.2,60651,2,0.9889191181097063,13.336791218280357,MV,0.0,0
13,60721.2,60721,2,0.9888451146175194,13.336791218280357,MV,0.0,0
13,164151.2,164151,2,0.9897740534552372,13.336791218280357,MV,0.0,0
13,302191.2,302191,2,0.9879631647423978,13.336791218280357,MV,0.0,0
13,320841.2,320841,2,0.9839341005856441,13.336791218280357,MV,0.0,0
13,337711.2,337711,2,0.9879710246208626,13.336791218280357,MV,0.0,0
13,358691.2,358691,2,0.9975389539932683,13.336791218280357,MV,0.0,0
13,et6_1177.2,et6_1177,2,0.9895903576090931,0.2193931022920578,LV,0.0,0
13,461501.2,461501,2,0.9907833081635217,13.336791218280357,MV,0.0,0
13,686891.2,686891,2,0.9870446827124563,13.336791218280357,MV,0.0,0
13,703601.2,703601,2,0.9900927135010279,13.336791218280357,MV,0.0,0
13,713791.2,713791,2,0.9861992630982583,13.336791218280357,MV,0.0,0
13,725731.2,725731,2,0.984796703344635,13.336791218280357,MV,0.0,0
13,809501.2,809501,2,0.9872607883705896,13.336791218280357,MV,0.0,0
13,811221.2,811221,2,0.9899343327916084,13.336791218280357,MV,0.0,0
13,815111.2,815111,2,0.9880524936856236,13.336791218280357,MV,0.0,0
13,822371.2,822371,2,0.9852645629655727,13.336791218280357,MV,0.0,0
13,820611.2,820611,2,0.9880409390731705,13.336791218280357,MV,0.0,0
13,822641.2,822641,2,0.9857743863710504,13.336791218280357,MV,0.0,0
13,618431.2,618431,2,0.9889169366419006,13.336791218280357,MV,0.0,0
13,bt10401.2,bt10401,2,0.9819354564073607,0.2193931022920578,LV,0.0,0
13,bt197792.2,bt197792,2,0.9816383377483876,0.2193931022920578,LV,0.0,0
13,bt800551.2,bt800551,2,0.9816383377694652,0.2193931022920578,LV,0.0,0
13,bt295341.2,bt295341,2,0.9810811768272809,0.2193931022920578,LV,0.0,0
13,bt800541.2,bt800541,2,0.9813551672116275,0.2193931022920578,LV,0.0,0
13,bt295361.2,bt295361,2,0.9806412099051595,0.2193931022920578,LV,0.0,0
13,bt474991.2,bt474991,2,0.9804997498326499,0.2193931022920578,LV,0.0,0
13,uc1627323.2,uc1627323,2,0.9820920316253027,0.2193931022920578,LV,0.0,0
13,uc3405987.2,uc3405987,2,1.0063418618965723,0.2193931022920578,LV,0.0,0
13,uc3405846.2,uc3405846,2,0.9872445118992745,0.2193931022920578,LV,0.0,0
13,uc3405847.2,uc3405847,2,1.0069386581172832,0.2193931022920578,LV,0.0,0
13,uc3405838.2,uc3405838,2,0.9843241554016159,0.2193931022920578,LV,0.0,0
13,uc1607326.2,uc1607326,2,0.984749324283231,0.2193931022920578,LV,0.0,0
13,uc1607316.2,uc1607316,2,0.9833973690700292,0.2193931022920578,LV,0.0,0
13,uc1607308.2,uc1607308,2,0.9859105334844461,0.2193931022920578,LV,0.0,0
13,uc1623434.2,uc1623434,2,0.0,0.1270170592217177,LV,0.95,1
13,uc1620373.2,uc1620373,2,0.9872824054899385,0.2193931022920578,LV,0.0,0
13,uc1607302.2,uc1607302,2,0.987177182761066,0.2193931022920578,LV,0.0,0
13,uc1607304.2,uc1607304,2,0.9870661807836981,0.2193931022920578,LV,0.0,0
13,uc1607306.2,uc1607306,2,0.9854546622954853,0.2193931022920578,LV,0.0,0
13,uc1607299.2,uc1607299,2,0.9875302215571001,0.2193931022920578,LV,0.0,0
13,uc1607297.2,uc1607297,2,0.988277869201858,0.2193931022920578,LV,0.0,0
13,uc1607298.2,uc1607298,2,0.9876770044515669,0.2193931022920578,LV,0.0,0
13,uc1607289.2,uc1607289,2,0.9907702675291419,0.2193931022920578,LV,0.0,0
13,uc1607291.2,uc1607291,2,0.9879102603248032,0.2193931022920578,LV,0.0,0
13,uc1607292.2,uc1607292,2,0.9874757107446394,0.2193931022920578,LV,0.0,0
13,uc1607280.2,uc1607280,2,0.9862028625022211,0.2193931022920578,LV,0.0,0
13,uc1607284.2,uc1607284,2,0.9863615023068747,0.2193931022920578,LV,0.0,0
13,uc1607285.2,uc1607285,2,0.9862707259733506,0.2193931022920578,LV,0.0,0
13,uc1607288.2,uc1607288,2,0.9864847658365126,0.2193931022920578,LV,0.0,0
13,uc1607279.2,uc1607279,2,0.9871079881603371,0.2193931022920578,LV,0.0,0
13,uc1607355.2,uc1607355,2,0.987793207621122,0.2193931022920578,LV,0.0,0
13,uc1607357.2,uc1607357,2,0.9889975800734772,0.2193931022920578,LV,0.0,0
13,uc1607358.2,uc1607358,2,0.9876825337127245,0.2193931022920578,LV,0.0,0
13,uc1607368.2,uc1607368,2,0.0,0.1270170592217177,LV,0.95,1
13,uc1607276.2,uc1607276,2,0.9986224457126807,0.2193931022920578,LV,0.0,0
13,uc1607278.2,uc1607278,2,0.9988314688716715,0.2193931022920578,LV,0.0,0
13,uc1607273.2,uc1607273,2,0.9964648124890452,0.2193931022920578,LV,0.0,0
13,uc1607328.2,uc1607328,2,0.9843567866391014,0.2193931022920578,LV,0.0,0
13,uc1607347.2,uc1607347,2,1.0740965979342456,0.2193931022920578,LV,0.024096597934245567,1
13,uc1607350.2,uc1607350,2,1.0297694183474677,0.2193931022920578,LV,0.0,0
13,uc1107341.2,uc1107341,2,0.9848668490180269,0.2193931022920578,LV,0.0,0
13,uc1107333.2,uc1107333,2,0.9861952501572326,0.2193931022920578,LV,0.0,0
13,uc1607268.2,uc1607268,2,0.9954087795378681,0.2193931022920578,LV,0.0,0
13,uc1607252.2,uc1607252,2,0.984299754374328,0.2193931022920578,LV,0.0,0
13,uc1606000.2,uc1606000,2,0.9861547030069123,0.2193931022920578,LV,0.0,0
13,uc1607255.2,uc1607255,2,0.9873828062971205,0.2193931022920578,LV,0.0,0
13,uc1607258.2,uc1607258,2,0.9843069432673194,0.2193931022920578,LV,0.0,0
13,uc1124041.2,uc1124041,2,0.984960748278632,0.2193931022920578,LV,0.0,0
13,uc1124340.2,uc1124340,2,0.9865898234168837,0.2193931022920578,LV,0.0,0
13,uc1121173.2,uc1121173,2,0.9862747796300825,0.2193931022920578,LV,0.0,0
13,uc1107345.2,uc1107345,2,0.9865725621133576,0.2193931022920578,LV,0.0,0
13,uc605816.2,uc605816,2,1.0192299223466896,0.2193931022920578,LV,0.0,0
13,uc605812.2,uc605812,2,0.9805304924541016,0.2193931022920578,LV,0.0,0
13,uc605813.2,uc605813,2,0.989427030010397,0.2193931022920578,LV,0.0,0
13,uc609685.2,uc609685,2,0.9912408041092633,0.2193931022920578,LV,0.0,0
13,uc609688.2,uc609688,2,1.0093555903118234,0.2193931022920578,LV,0.0,0
13,uc621168.2,uc621168,2,0.9849807627113428,0.2193931022920578,LV,0.0,0
13,uc621171.2,uc621171,2,0.9825987972058285,0.2193931022920578,LV,0.0,0
13,uc605810.2,uc605810,2,0.9905434281360344,0.2193931022920578,LV,0.0,0
13,uc605807.2,uc605807,2,0.9819171552042095,0.2193931022920578,LV,0.0,0
13,uc605801.2,uc605801,2,0.9882765646773896,0.2193931022920578,LV,0.0,0
13,uc607384.2,uc607384,2,0.9834483585847384,0.2193931022920578,LV,0.0,0
13,uc607385.2,uc607385,2,0.9904979591977459,0.2193931022920578,LV,0.0,0
13,uc609682.2,uc609682,2,0.9841832622737408,0.2193931022920578,LV,0.0,0
13,uc609683.2,uc609683,2,0.9899952056836194,0.2193931022920578,LV,0.0,0
13,uc607377.2,uc607377,2,0.9914782738199616,0.2193931022920578,LV,0.0,0
13,uc607382.2,uc607382,2,0.989443567980634,0.2193931022920578,LV,0.0,0
13,uc606117.2,uc606117,2,0.9840430262493186,0.2193931022920578,LV,0.0,0
13,uc606120.2,uc606120,2,0.9837543262601331,0.2193931022920578,LV,0.0,0
13,uc623433.2,uc623433,2,0.9817398076769946,0.2193931022920578,LV,0.0,0
13,uc623007.2,uc623007,2,0.9893145925357549,0.2193931022920578,LV,0.0,0
13,uc606147.2,uc606147,2,1.0819880608337915,0.2193931022920578,LV,0.031988060833791465,1
13,uc606148.2,uc606148,2,0.9965504435001586,0.2193931022920578,LV,0.0,0
13,uc606150.2,uc606150,2,0.9958490585637706,0.2193931022920578,LV,0.0,0
13,uc606109.2,uc606109,2,0.9828836196849416,0.2193931022920578,LV,0.0,0
13,uc606110.2,uc606110,2,0.9823507393203608,0.2193931022920578,LV,0.0,0
13,uc606111.2,uc606111,2,0.9840164959563489,0.2193931022920578,LV,0.0,0
13,uc622720.2,uc622720,2,0.9878383236314358,0.2193931022920578,LV,0.0,0
13,uc623004.2,uc623004,2,1.0010840258262348,0.2193931022920578,LV,0.0,0
13,uc606103.2,uc606103,2,0.9851429196285099,0.2193931022920578,LV,0.0,0
13,uc606139.2,uc606139,2,1.0221184935418006,0.2193931022920578,LV,0.0,0
13,uc606143.2,uc606143,2,1.042156137554764,0.2193931022920578,LV,0.0,0
13,uc605921.2,uc605921,2,0.9877948220566365,0.2193931022920578,LV,0.0,0
13,uc605915.2,uc605915,2,0.9876722707496299,0.2193931022920578,LV,0.0,0
13,uc606101.2,uc606101,2,0.9851296364363672,0.2193931022920578,LV,0.0,0
13,uc622273.2,uc622273,2,1.0397415416808478,0.2193931022920578,LV,0.0,0
13,uc605990.2,uc605990,2,0.9810809490696496,0.2193931022920578,LV,0.0,0
13,uc606130.2,uc606130,2,0.9856158205931655,0.2193931022920578,LV,0.0,0
13,uc606132.2,uc606132,2,0.9838288422644369,0.2193931022920578,LV,0.0,0
13,uc622258.2,uc622258,2,0.9865986282070297,0.2193931022920578,LV,0.0,0
13,uc622270.2,uc622270,2,0.994145823983922,0.2193931022920578,LV,0.0,0
13,uc605905.2,uc605905,2,0.9844681419857844,0.2193931022920578,LV,0.0,0
13,uc605909.2,uc605909,2,0.9880795175904945,0.2193931022920578,LV,0.0,0
13,uc605910.2,uc605910,2,0.9852250334723548,0.2193931022920578,LV,0.0,0
13,uc605911.2,uc605911,2,0.9858091966614753,0.2193931022920578,LV,0.0,0
13,uc606128.2,uc606128,2,0.9853585757062463,0.2193931022920578,LV,0.0,0
13,uc605904.2,uc605904,2,0.9845329740772621,0.2193931022920578,LV,0.0,0
13,uc1239552.2,uc1239552,2,0.9874160186371485,0.2193931022920578,LV,0.0,0
13,uc605817.2,uc605817,2,0.9882913848637281,0.2193931022920578,LV,0.0,0
13,uc605819.2,uc605819,2,1.004348488049057,0.2193931022920578,LV,0.0,0
13,uc605820.2,uc605820,2,0.9822205384126457,0.2193931022920578,LV,0.0,0
13,uc605821.2,uc605821,2,0.9856265770406288,0.2193931022920578,LV,0.0,0
13,uc605822.2,uc605822,2,0.9821059360146192,0.2193931022920578,LV,0.0,0
13,uc639280.2,uc639280,2,1.0061388793437378,0.2193931022920578,LV,0.0,0
13,uc605898.2,uc605898,2,0.9886593581353997,0.2193931022920578,LV,0.0,0
13,uc605902.2,uc605902,2,0.9851960506144488,0.2193931022920578,LV,0.0,0
13,uc605982.2,uc605982,2,0.9818264408989554,0.2193931022920578,LV,0.0,0
13,uc605988.2,uc605988,2,0.9805744732909685,0.2193931022920578,LV,0.0,0
13,uc606126.2,uc606126,2,0.9974633217453978,0.2193931022920578,LV,0.0,0
13,uc606127.2,uc606127,2,0.9841716670973886,0.2193931022920578,LV,0.0,0
13,uc605896.2,uc605896,2,0.9823141488239265,0.2193931022920578,LV,0.0,0
13,uc606121.2,uc606121,2,0.9833363107056442,0.2193931022920578,LV,0.0,0
13,uc606122.2,uc606122,2,0.981424560682451,0.2193931022920578,LV,0.0,0
13,uc606123.2,uc606123,2,1.0088522093620396,0.2193931022920578,LV,0.0,0
13,uc622709.2,uc622709,2,0.9873124212612632,0.2193931022920578,LV,0.0,0
13,uc639277.2,uc639277,2,0.9857262837669605,0.2193931022920578,LV,0.0,0
13,uc1139390.2,uc1139390,2,0.9873797343601509,0.2193931022920578,LV,0.0,0
13,uc605864.2,uc605864,2,0.9905414574749111,0.2193931022920578,LV,0.0,0
13,uc605865.2,uc605865,2,0.993727079416222,0.2193931022920578,LV,0.0,0
13,uc638617.2,uc638617,2,0.9934101024624341,0.2193931022920578,LV,0.0,0
13,uc605855.2,uc605855,2,0.9853778043997662,0.2193931022920578,LV,0.0,0
13,uc1638606.2,uc1638606,2,0.9961585820971259,0.2193931022920578,LV,0.0,0
13,uc1638954.2,uc1638954,2,0.9962264827687394,0.2193931022920578,LV,0.0,0
13,uc605836.2,uc605836,2,0.9761476885278665,0.2193931022920578,LV,0.0,0
13,uc1607303.2,uc1607303,2,0.9884032453894502,0.2193931022920578,LV,0.0,0
13,uc637705.2,uc637705,2,0.9876274940347721,0.2193931022920578,LV,0.0,0
13,uc1637704.2,uc1637704,2,1.0021059727332544,0.2193931022920578,LV,0.0,0
13,uc637576.2,uc637576,2,1.0098500196126983,0.2193931022920578,LV,0.0,0
13,uc637918.2,uc637918,2,1.0104153650121992,0.2193931022920578,LV,0.0,0
13,uc637360.2,uc637360,2,0.9826045345311459,0.2193931022920578,LV,0.0,0
13,uc637397.2,uc637397,2,0.9860176117372432,0.2193931022920578,LV,0.0,0
13,uc636933.2,uc636933,2,1.0193949395720818,0.2193931022920578,LV,0.0,0
13,uc605908.2,uc605908,2,0.9895809584184817,0.2193931022920578,LV,0.0,0
13,uc635963.2,uc635963,2,0.9837896817668392,0.2193931022920578,LV,0.0,0
13,uc635543.2,uc635543,2,0.9901300661999719,0.2193931022920578,LV,0.0,0
13,uc635966.2,uc635966,2,0.9890122643708281,0.2193931022920578,LV,0.0,0
13,uc627328.2,uc627328,2,0.9803425286542988,0.2193931022920578,LV,0.0,0
13,uc635550.2,uc635550,2,0.9856168971253635,0.2193931022920578,LV,0.0,0
13,uc635862.2,uc635862,2,1.0001610398250693,0.2193931022920578,LV,0.0,0
13,uc3435739.2,uc3435739,2,1.0104910444734527,0.2193931022920578,LV,0.0,0
13,uc634166.2,uc634166,2,0.988072682984738,0.2193931022920578,LV,0.0,0
13,uc1633671.2,uc1633671,2,1.0172090169739456,0.2193931022920578,LV,0.0,0
13,uc633056.2,uc633056,2,0.9899005916071922,0.2193931022920578,LV,0.0,0
13,uc632607.2,uc632607,2,0.9735802101697116,0.2193931022920578,LV,0.0,0
13,uc1632402.2,uc1632402,2,0.9873967009398881,0.2193931022920578,LV,0.0,0
13,uc1131858.2,uc1131858,2,0.9849494358092352,0.2193931022920578,LV,0.0,0
13,uc631391.2,uc631391,2,0.9791731425483249,0.2193931022920578,LV,0.0,0
13,uc1630759.2,uc1630759,2,0.98662849809797,0.2193931022920578,LV,0.0,0
13,uc630758.2,uc630758,2,1.036550539213521,0.2193931022920578,LV,0.0,0
13,uc630753.2,uc630753,2,0.9855359984117341,0.2193931022920578,LV,0.0,0
13,uc628766.2,uc628766,2,0.9856244205496316,0.2193931022920578,LV,0.0,0
13,uc627346.2,uc627346,2,0.9867206187112015,0.2193931022920578,LV,0.0,0
13,uc1629422.2,uc1629422,2,0.9867136151634652,0.2193931022920578,LV,0.0,0
13,60651.3,60651,3,0.9879358774721252,13.336791218280357,MV,0.0,0
13,60721.3,60721,3,0.9878619104701208,13.336791218280357,MV,0.0,0
13,164151.3,164151,3,0.9887903811364173,13.336791218280357,MV,0.0,0
13,302191.3,302191,3,0.9861661648966112,13.336791218280357,MV,0.0,0
13,320841.3,320841,3,0.9829707086250525,13.336791218280357,MV,0.0,0
13,337711.3,337711,3,0.9861739104750209,13.336791218280357,MV,0.0,0
13,358691.3,358691,3,0.997015439016273,13.336791218280357,MV,0.0,0
13,et6_1177.3,et6_1177,3,0.9899540532164175,0.2193931022920578,LV,0.0,0
13,461501.3,461501,3,0.9896603832703696,13.336791218280357,MV,0.0,0
13,686891.3,686891,3,0.9860831094483404,13.336791218280357,MV,0.0,0
13,703601.3,703601,3,0.989107503560091,13.336791218280357,MV,0.0,0
13,713791.3,713791,3,0.985235258862295,13.336791218280357,MV,0.0,0
13,725731.3,725731,3,0.9838331089054831,13.336791218280357,MV,0.0,0
13,809501.3,809501,3,0.9863007508418976,13.336791218280357,MV,0.0,0
13,811221.3,811221,3,0.9889504117087924,13.336791218280357,MV,0.0,0
13,815111.3,815111,3,0.9862555194049434,13.336791218280357,MV,0.0,0
13,822371.3,822371,3,0.9843006629985677,13.336791218280357,MV,0.0,0
13,820611.3,820611,3,0.9870653253543035,13.336791218280357,MV,0.0,0
13,822641.3,822641,3,0.9848065890956201,13.336791218280357,MV,0.0,0
13,618431.3,618431,3,0.9879336954694543,13.336791218280357,MV,0.0,0
13,bt10401.3,bt10401,3,0.9903325356131818,0.2193931022920578,LV,0.0,0
13,bt197792.3,bt197792,3,0.9903325370068301,0.2193931022920578,LV,0.0,0
13,bt800551.3,bt800551,3,0.9903325368421978,0.2193931022920578,LV,0.0,0
13,bt295341.3,bt295341,3,0.9903325382950188,0.2193931022920578,LV,0.0,0
13,bt800541.3,bt800541,3,0.9903325376724125,0.2193931022920578,LV,0.0,0
13,bt295361.3,bt295361,3,0.9903325389724559,0.2193931022920578,LV,0.0,0
13,bt474991.3,bt474991,3,0.9903325394353792,0.2193931022920578,LV,0.0,0
13,uc627336.3,uc627336,3,0.9874310764907128,0.2193931022920578,LV,0.0,0
13,uc1620373.3,uc1620373,3,0.9874577904739616,0.2193931022920578,LV,0.0,0
13,uc1607302.3,uc1607302,3,0.9873539411687059,0.2193931022920578,LV,0.0,0
13,uc1607304.3,uc1607304,3,0.9872406200532858,0.2193931022920578,LV,0.0,0
13,uc1607298.3,uc1607298,3,0.9881262042831047,0.2193931022920578,LV,0.0,0
13,uc1607280.3,uc1607280,3,0.9863704904552218,0.2193931022920578,LV,0.0,0
13,uc1607285.3,uc1607285,3,0.9872263691638915,0.2193931022920578,LV,0.0,0
13,uc1607279.3,uc1607279,3,0.987275544793138,0.2193931022920578,LV,0.0,0
13,uc1607347.3,uc1607347,3,1.0742150924830611,0.2193931022920578,LV,0.024215092483061085,1
13,uc1124340.3,uc1124340,3,0.9875201731090151,0.2193931022920578,LV,0.0,0
13,uc605816.3,uc605816,3,1.0192176293054178,0.2193931022920578,LV,0.0,0
13,uc605815.3,uc605815,3,0.9970428977827529,0.2193931022920578,LV,0.0,0
13,uc621171.3,uc621171,3,0.9825687081775598,0.2193931022920578,LV,0.0,0
13,uc607384.3,uc607384,3,0.9834213464334355,0.2193931022920578,LV,0.0,0
13,uc606117.3,uc606117,3,0.9840124108540489,0.2193931022920578,LV,0.0,0
13,uc606120.3,uc606120,3,0.9837238222547079,0.2193931022920578,LV,0.0,0
13,uc623007.3,uc623007,3,0.9896782298595952,0.2193931022920578,LV,0.0,0
13,uc605867.3,uc605867,3,0.9913213185011371,0.2193931022920578,LV,0.0,0
13,uc606150.3,uc606150,3,0.9958962551719497,0.2193931022920578,LV,0.0,0
13,uc606109.3,uc606109,3,0.9828534449698682,0.2193931022920578,LV,0.0,0
13,uc606110.3,uc606110,3,0.9823206164071253,0.2193931022920578,LV,0.0,0
13,uc606111.3,uc606111,3,0.9839859082544961,0.2193931022920578,LV,0.0,0
13,uc622722.3,uc622722,3,0.9951758398100974,0.2193931022920578,LV,0.0,0
13,uc623004.3,uc623004,3,1.0025265814568713,0.2193931022920578,LV,0.0,0
13,uc606101.3,uc606101,3,0.9850892168627511,0.2193931022920578,LV,0.0,0
13,uc606132.3,uc606132,3,0.9838068910948589,0.2193931022920578,LV,0.0,0
13,uc605910.3,uc605910,3,0.985190625029382,0.2193931022920578,LV,0.0,0
13,uc605911.3,uc605911,3,0.9857745101538922,0.2193931022920578,LV,0.0,0
13,uc605904.3,uc605904,3,0.9865662029689881,0.2193931022920578,LV,0.0,0
13,uc1239552.3,uc1239552,3,0.9875912349790061,0.2193931022920578,LV,0.0,0
13,uc605821.3,uc605821,3,0.9870932364448771,0.2193931022920578,LV,0.0,0
13,uc639280.3,uc639280,3,1.00627509522326,0.2193931022920578,LV,0.0,0
13,uc605898.3,uc605898,3,0.9875870910888878,0.2193931022920578,LV,0.0,0
13,uc605902.3,uc605902,3,0.985208969094969,0.2193931022920578,LV,0.0,0
13,uc606126.3,uc606126,3,0.9974355538111845,0.2193931022920578,LV,0.0,0
13,uc606127.3,uc606127,3,0.9841502099124324,0.2193931022920578,LV,0.0,0
13,uc606121.3,uc606121,3,0.9833054778562288,0.2193931022920578,LV,0.0,0
13,uc606122.3,uc606122,3,0.9813935837958799,0.2193931022920578,LV,0.0,0
13,uc639277.3,uc639277,3,0.9871929544852958,0.2193931022920578,LV,0.0,0
13,uc1139390.3,uc1139390,3,0.987554944262411,0.2193931022920578,LV,0.0,0
13,uc637576.3,uc637576,3,1.0098090852228656,0.2193931022920578,LV,0.0,0
13,uc637918.3,uc637918,3,1.0105530825194942,0.2193931022920578,LV,0.0,0
13,uc637360.3,uc637360,3,0.9825744386603259,0.2193931022920578,LV,0.0,0
13,uc637397.3,uc637397,3,0.9860598676766967,0.2193931022920578,LV,0.0,0
13,uc635963.3,uc635963,3,0.9837591496728879,0.2193931022920578,LV,0.0,0
13,uc635543.3,uc635543,3,0.9900958833920745,0.2193931022920578,LV,0.0,0
13,uc635966.3,uc635966,3,0.9889778712840284,0.2193931022920578,LV,0.0,0
13,uc635550.3,uc635550,3,0.9855957656357032,0.2193931022920578,LV,0.0,0
13,uc635862.3,uc635862,3,0.9989810462662793,0.2193931022920578,LV,0.0,0
13,uc1633671.3,uc1633671,3,1.0172266784892572,0.2193931022920578,LV,0.0,0
13,uc632607.3,uc632607,3,0.9736261412081544,0.2193931022920578,LV,0.0,0
13,uc1629422.3,uc1629422,3,0.9884372344320591,0.2193931022920578,LV,0.0,0
14,60651.1,60651,1,0.9908410127957671,13.336791218280357,MV,0.0,0
14,60721.1,60721,1,0.9907836267829451,13.336791218280357,MV,0.0,0
14,164151.1,164151,1,0.9915568797064781,13.336791218280357,MV,0.0,0
14,302191.1,302191,1,0.98999314380082,13.336791218280357,MV,0.0,0
14,320841.1,320841,1,0.9866377547547436,13.336791218280357,MV,0.0,0
14,337711.1,337711,1,0.9899842262352533,13.336791218280357,MV,0.0,0
14,358691.1,358691,1,0.9980707382730837,13.336791218280357,MV,0.0,0
14,et6_1177.1,et6_1177,1,0.9909656501304388,0.2193931022920578,LV,0.0,0
14,461501.1,461501,1,0.992299443555921,13.336791218280357,MV,0.0,0
14,686891.1,686891,1,0.9894485637592371,13.336791218280357,MV,0.0,0
14,703601.1,703601,1,0.991813886706337,13.336791218280357,MV,0.0,0
14,713791.1,713791,1,0.9886468761235321,13.336791218280357,MV,0.0,0
14,725731.1,725731,1,0.9874067373284621,13.336791218280357,MV,0.0,0
14,809501.1,809501,1,0.9895801995325582,13.336791218280357,MV,0.0,0
14,811221.1,811221,1,0.9917072832958054,13.336791218280357,MV,0.0,0
14,815111.1,815111,1,0.9900865618339917,13.336791218280357,MV,0.0,0
14,822371.1,822371,1,0.9878225491302954,13.336791218280357,MV,0.0,0
14,820611.1,820611,1,0.990096035207387,13.336791218280357,MV,0.0,0
14,822641.1,822641,1,0.9882848477847622,13.336791218280357,MV,0.0,0
14,618431.1,618431,1,0.9908386760849651,13.336791218280357,MV,0.0,0
14,bt10401.1,bt10401,1,0.9856629657246997,0.2193931022920578,LV,0.0,0
14,bt197792.1,bt197792,1,0.9850592873870752,0.2193931022920578,LV,0.0,0
14,bt800551.1,bt800551,1,0.9851863173989562,0.2193931022920578,LV,0.0,0
14,bt295341.1,bt295341,1,0.9845263359932994,0.2193931022920578,LV,0.0,0
14,bt800541.1,bt800541,1,0.9848301564208729,0.2193931022920578,LV,0.0,0
14,bt295361.1,bt295361,1,0.9842460977752542,0.2193931022920578,LV,0.0,0
14,bt474991.1,bt474991,1,0.9840254126735296,0.2193931022920578,LV,0.0,0
14,uc626695.1,uc626695,1,0.9821687132604368,0.2193931022920578,LV,0.0,0
14,uc1627323.1,uc1627323,1,0.9897225768622172,0.2193931022920578,LV,0.0,0
14,uc1627342.1,uc1627342,1,0.9987652906664449,0.2193931022920578,LV,0.0,0
14,uc627343.1,uc627343,1,0.9895575125039078,0.2193931022920578,LV,0.0,0
14,uc627344.1,uc627344,1,0.9939625775701345,0.2193931022920578,LV,0.0,0
14,uc1626672.1,uc1626672,1,0.0,0.1270170592217177,LV,0.95,1
14,uc1626490.1,uc1626490,1,0.9963736602683557,0.2193931022920578,LV,0.0,0
14,uc3422706.1,uc3422706,1,0.9939678826064046,0.2193931022920578,LV,0.0,0
14,uc3425629.1,uc3425629,1,0.9940162364739683,0.2193931022920578,LV,0.0,0
14,uc3422597.1,uc3422597,1,1.0010489447158952,0.2193931022920578,LV,0.0,0
14,uc3405843.1,uc3405843,1,0.9922644252823946,0.2193931022920578,LV,0.0,0
14,uc3405844.1,uc3405844,1,1.0211343353656306,0.2193931022920578,LV,0.0,0
14,uc3405845.1,uc3405845,1,1.0196461453173107,0.2193931022920578,LV,0.0,0
14,uc3405846.1,uc3405846,1,0.9925064873226659,0.2193931022920578,LV,0.0,0
14,uc1626486.1,uc1626486,1,0.9978172681155459,0.2193931022920578,LV,0.0,0
14,uc1626487.1,uc1626487,1,0.9908198996748949,0.2193931022920578,LV,0.0,0
14,uc626481.1,uc626481,1,0.9912565242545899,0.2193931022920578,LV,0.0,0
14,uc626678.1,uc626678,1,0.9911469209945389,0.2193931022920578,LV,0.0,0
14,uc626698.1,uc626698,1,0.9932914772078548,0.2193931022920578,LV,0.0,0
14,uc626476.1,uc626476,1,0.9867382489867288,0.2193931022920578,LV,0.0,0
14,uc1627321.1,uc1627321,1,0.9985361219116661,0.2193931022920578,LV,0.0,0
14,uc1607319.1,uc1607319,1,0.9876378381461992,0.2193931022920578,LV,0.0,0
14,uc1607308.1,uc1607308,1,0.9900519402507926,0.2193931022920578,LV,0.0,0
14,uc1624026.1,uc1624026,1,0.0,0.1270170592217177,LV,0.95,1
14,uc1625170.1,uc1625170,1,0.9924153752570227,0.2193931022920578,LV,0.0,0
14,uc1621994.1,uc1621994,1,0.9974582729771283,0.2193931022920578,LV,0.0,0
14,uc1620360.1,uc1620360,1,0.9967982191284003,0.2193931022920578,LV,0.0,0
14,uc1620373.1,uc1620373,1,0.9889727940400391,0.2193931022920578,LV,0.0,0
14,uc1607302.1,uc1607302,1,0.9888455737768573,0.2193931022920578,LV,0.0,0
14,uc1607304.1,uc1607304,1,0.9878394235511365,0.2193931022920578,LV,0.0,0
14,uc1607305.1,uc1607305,1,0.9874768595676748,0.2193931022920578,LV,0.0,0
14,uc1607306.1,uc1607306,1,0.9896265728209778,0.2193931022920578,LV,0.0,0
14,uc1607297.1,uc1607297,1,0.9921137746705878,0.2193931022920578,LV,0.0,0
14,uc1607298.1,uc1607298,1,0.9895636804428728,0.2193931022920578,LV,0.0,0
14,uc1607289.1,uc1607289,1,0.9937881691498415,0.2193931022920578,LV,0.0,0
14,uc1607290.1,uc1607290,1,0.9938542858189655,0.2193931022920578,LV,0.0,0
14,uc1607291.1,uc1607291,1,0.9921923206952729,0.2193931022920578,LV,0.0,0
14,uc1607280.1,uc1607280,1,0.9878827367148271,0.2193931022920578,LV,0.0,0
14,uc1607283.1,uc1607283,1,0.9854132865776813,0.2193931022920578,LV,0.0,0
14,uc1607285.1,uc1607285,1,0.9868045620304072,0.2193931022920578,LV,0.0,0
14,uc1607287.1,uc1607287,1,0.9904249015090876,0.2193931022920578,LV,0.0,0
14,uc1607288.1,uc1607288,1,0.989622462145931,0.2193931022920578,LV,0.0,0
14,uc1607279.1,uc1607279,1,0.9887264604769498,0.2193931022920578,LV,0.0,0
14,uc1607357.1,uc1607357,1,0.9916416354857385,0.2193931022920578,LV,0.0,0
14,uc1607358.1,uc1607358,1,0.9917862517148727,0.2193931022920578,LV,0.0,0
14,uc1607368.1,uc1607368,1,0.0,0.1270170592217177,LV,0.95,1
14,uc1607277.1,uc1607277,1,0.9988476426936752,0.2193931022920578,LV,0.0,0
14,uc1607278.1,uc1607278,1,1.0005480310054666,0.2193931022920578,LV,0.0,0
14,uc1607272.1,uc1607272,1,1.0072063327122827,0.2193931022920578,LV,0.0,0
14,uc1607273.1,uc1607273,1,0.9995355735674581,0.2193931022920578,LV,0.0,0
14,uc1607353.1,uc1607353,1,0.9934142778756153,0.2193931022920578,LV,0.0,0
14,uc1607347.1,uc1607347,1,1.0768167077349622,0.2193931022920578,LV,0.026816707734962142,1
14,uc1607349.1,uc1607349,1,1.0004562648809334,0.2193931022920578,LV,0.0,0
14,uc1107342.1,uc1107342,1,0.9874640841312127,0.2193931022920578,LV,0.0,0
14,uc1107340.1,uc1107340,1,0.9861820555853272,0.2193931022920578,LV,0.0,0
14,uc1105833.1,uc1105833,1,0.9905615237223406,0.2193931022920578,LV,0.0,0
14,uc1107330.1,uc1107330,1,0.9857095900647717,0.2193931022920578,LV,0.0,0
14,uc1607265.1,uc1607265,1,0.9878276680881775,0.2193931022920578,LV,0.0,0
14,uc1607268.1,uc1607268,1,0.9968154424152739,0.2193931022920578,LV,0.0,0
14,uc1607252.1,uc1607252,1,0.9894142478891269,0.2193931022920578,LV,0.0,0
14,uc1605991.1,uc1605991,1,0.9905669555756234,0.2193931022920578,LV,0.0,0
14,uc1605996.1,uc1605996,1,1.0074956509178028,0.2193931022920578,LV,0.0,0
14,uc1607257.1,uc1607257,1,0.9914414322913895,0.2193931022920578,LV,0.0,0
14,uc1607258.1,uc1607258,1,0.9894209331060592,0.2193931022920578,LV,0.0,0
14,uc1124340.1,uc1124340,1,0.9878746150424953,0.2193931022920578,LV,0.0,0
14,uc605816.1,uc605816,1,1.0211688822713376,0.2193931022920578,LV,0.0,0
14,uc605813.1,uc605813,1,0.9906417551007297,0.2193931022920578,LV,0.0,0
14,uc609684.1,uc609684,1,0.993914204377486,0.2193931022920578,LV,0.0,0
14,uc609686.1,uc609686,1,0.9942047585189042,0.2193931022920578,LV,0.0,0
14,uc609688.1,uc609688,1,1.0043657291339956,0.2193931022920578,LV,0.0,0
14,uc621168.1,uc621168,1,0.9895363289597794,0.2193931022920578,LV,0.0,0
14,uc621171.1,uc621171,1,0.984863349472114,0.2193931022920578,LV,0.0,0
14,uc605808.1,uc605808,1,0.9944313195911652,0.2193931022920578,LV,0.0,0
14,uc605809.1,uc605809,1,0.9850269309543491,0.2193931022920578,LV,0.0,0
14,uc605810.1,uc605810,1,0.9935356656652232,0.2193931022920578,LV,0.0,0
14,uc605970.1,uc605970,1,0.9921563098058704,0.2193931022920578,LV,0.0,0
14,uc605803.1,uc605803,1,0.992660736920439,0.2193931022920578,LV,0.0,0
14,uc605804.1,uc605804,1,0.9936238042470635,0.2193931022920578,LV,0.0,0
14,uc605806.1,uc605806,1,0.9901028163174747,0.2193931022920578,LV,0.0,0
14,uc607384.1,uc607384,1,0.9856316115414012,0.2193931022920578,LV,0.0,0
14,uc607387.1,uc607387,1,0.9904152444886959,0.2193931022920578,LV,0.0,0
14,uc609682.1,uc609682,1,0.9901026508140491,0.2193931022920578,LV,0.0,0
14,uc624033.1,uc624033,1,0.9965055154841725,0.2193931022920578,LV,0.0,0
14,uc625156.1,uc625156,1,0.9926829702810076,0.2193931022920578,LV,0.0,0
14,uc625624.1,uc625624,1,0.9879383148225158,0.2193931022920578,LV,0.0,0
14,uc625625.1,uc625625,1,0.9941021839000436,0.2193931022920578,LV,0.0,0
14,uc607366.1,uc607366,1,0.9850005420970401,0.2193931022920578,LV,0.0,0
14,uc607367.1,uc607367,1,0.9934008873181513,0.2193931022920578,LV,0.0,0
14,uc606114.1,uc606114,1,0.987463982429735,0.2193931022920578,LV,0.0,0
14,uc606117.1,uc606117,1,0.9862116619271555,0.2193931022920578,LV,0.0,0
14,uc606120.1,uc606120,1,0.985940643150799,0.2193931022920578,LV,0.0,0
14,uc623015.1,uc623015,1,0.9843426652596899,0.2193931022920578,LV,0.0,0
14,uc623432.1,uc623432,1,0.9923667970452867,0.2193931022920578,LV,0.0,0
14,uc624028.1,uc624028,1,0.9916200528152421,0.2193931022920578,LV,0.0,0
14,uc605873.1,uc605873,1,0.9942468713066658,0.2193931022920578,LV,0.0,0
14,uc623007.1,uc623007,1,0.990708562610998,0.2193931022920578,LV,0.0,0
14,uc606147.1,uc606147,1,1.053272874401948,0.2193931022920578,LV,0.0032728744019479006,1
14,uc606148.1,uc606148,1,0.9975421027011213,0.2193931022920578,LV,0.0,0
14,uc606150.1,uc606150,1,0.9963287924233644,0.2193931022920578,LV,0.0,0
14,uc606109.1,uc606109,1,0.9851285003462065,0.2193931022920578,LV,0.0,0
14,uc606110.1,uc606110,1,0.984631638963857,0.2193931022920578,LV,0.0,0
14,uc606111.1,uc606111,1,0.9861837756730313,0.2193931022920578,LV,0.0,0
14,uc622777.1,uc622777,1,0.9981841115146965,0.2193931022920578,LV,0.0,0
14,uc623004.1,uc623004,1,1.0037902897505764,0.2193931022920578,LV,0.0,0
14,uc606103.1,uc606103,1,0.989346276796716,0.2193931022920578,LV,0.0,0
14,uc606139.1,uc606139,1,1.0099103275227599,0.2193931022920578,LV,0.0,0
14,uc606141.1,uc606141,1,1.0136108292235864,0.2193931022920578,LV,0.0,0
14,uc606143.1,uc606143,1,1.0177982809293107,0.2193931022920578,LV,0.0,0
14,uc605921.1,uc605921,1,0.9913113485092327,0.2193931022920578,LV,0.0,0
14,uc622713.1,uc622713,1,0.9890114395852997,0.2193931022920578,LV,0.0,0
14,uc622714.1,uc622714,1,0.9922528392318021,0.2193931022920578,LV,0.0,0
14,uc605993.1,uc605993,1,0.9905504608798421,0.2193931022920578,LV,0.0,0
14,uc606101.1,uc606101,1,0.9864923842969957,0.2193931022920578,LV,0.0,0
14,uc606102.1,uc606102,1,0.9860350635389873,0.2193931022920578,LV,0.0,0
14,uc622273.1,uc622273,1,1.0153842186810433,0.2193931022920578,LV,0.0,0
14,uc622703.1,uc622703,1,0.9822090116129859,0.2193931022920578,LV,0.0,0
14,uc605989.1,uc605989,1,0.993458422576653,0.2193931022920578,LV,0.0,0
14,uc606130.1,uc606130,1,0.9893636371984739,0.2193931022920578,LV,0.0,0
14,uc606132.1,uc606132,1,0.9860116474861587,0.2193931022920578,LV,0.0,0
14,uc605914.1,uc605914,1,1.0011200502690425,0.2193931022920578,LV,0.0,0
14,uc622257.1,uc622257,1,0.9904330336469814,0.2193931022920578,LV,0.0,0
14,uc605909.1,uc605909,1,0.9910065453815035,0.2193931022920578,LV,0.0,0
14,uc605910.1,uc605910,1,0.9872159800870203,0.2193931022920578,LV,0.0,0
14,uc605911.1,uc605911,1,0.9877592858447761,0.2193931022920578,LV,0.0,0
14,uc606128.1,uc606128,1,0.9893400468130468,0.2193931022920578,LV,0.0,0
14,uc605823.1,uc605823,1,0.987293938436625,0.2193931022920578,LV,0.0,0
14,uc605824.1,uc605824,1,0.9912643542054794,0.2193931022920578,LV,0.0,0
14,uc605904.1,uc605904,1,0.9883889084173199,0.2193931022920578,LV,0.0,0
14,uc621999.1,uc621999,1,0.9930058015926407,0.2193931022920578,LV,0.0,0
14,uc639553.1,uc639553,1,0.9850615567540508,0.2193931022920578,LV,0.0,0
14,uc1239552.1,uc1239552,1,0.9892108620541308,0.2193931022920578,LV,0.0,0
14,uc605817.1,uc605817,1,0.9916281951674354,0.2193931022920578,LV,0.0,0
14,uc605819.1,uc605819,1,0.9992903121373884,0.2193931022920578,LV,0.0,0
14,uc605820.1,uc605820,1,0.9899127219405897,0.2193931022920578,LV,0.0,0
14,uc605821.1,uc605821,1,0.9878453787921211,0.2193931022920578,LV,0.0,0
14,uc639280.1,uc639280,1,1.0078713846935246,0.2193931022920578,LV,0.0,0
14,uc605898.1,uc605898,1,0.9893272605514818,0.2193931022920578,LV,0.0,0
14,uc605901.1,uc605901,1,0.992145091112736,0.2193931022920578,LV,0.0,0
14,uc605902.1,uc605902,1,0.9870508106356028,0.2193931022920578,LV,0.0,0
14,uc605985.1,uc605985,1,0.9935538260073277,0.2193931022920578,LV,0.0,0
14,uc606126.1,uc606126,1,0.9996917232879504,0.2193931022920578,LV,0.0,0
14,uc606127.1,uc606127,1,0.9863279719628109,0.2193931022920578,LV,0.0,0
14,uc605896.1,uc605896,1,0.9858755265443334,0.2193931022920578,LV,0.0,0
14,uc606121.1,uc606121,1,0.9854934684715667,0.2193931022920578,LV,0.0,0
14,uc606122.1,uc606122,1,0.9836955400980596,0.2193931022920578,LV,0.0,0
14,uc606123.1,uc606123,1,1.0112809921417814,0.2193931022920578,LV,0.0,0
14,uc606124.1,uc606124,1,0.9914285136221792,0.2193931022920578,LV,0.0,0
14,uc605825.1,uc605825,1,0.9891132266597336,0.2193931022920578,LV,0.0,0
14,uc623427.1,uc623427,1,1.0112810053311052,0.2193931022920578,LV,0.0,0
14,uc609687.1,uc609687,1,0.9944991295991121,0.2193931022920578,LV,0.0,0
14,uc639277.1,uc639277,1,0.9879383148288371,0.2193931022920578,LV,0.0,0
14,uc1139390.1,uc1139390,1,0.9891745118240896,0.2193931022920578,LV,0.0,0
14,uc605863.1,uc605863,1,0.9960616211736603,0.2193931022920578,LV,0.0,0
14,uc605865.1,uc605865,1,0.9962823416222378,0.2193931022920578,LV,0.0,0
14,uc1138614.1,uc1138614,1,0.9888207644731613,0.2193931022920578,LV,0.0,0
14,uc605855.1,uc605855,1,0.9912162989286197,0.2193931022920578,LV,0.0,0
14,uc605828.1,uc605828,1,0.9890903696522102,0.2193931022920578,LV,0.0,0
14,uc605829.1,uc605829,1,0.9927331646615912,0.2193931022920578,LV,0.0,0
14,uc605834.1,uc605834,1,0.9868437472484206,0.2193931022920578,LV,0.0,0
14,uc605835.1,uc605835,1,0.9868963828466244,0.2193931022920578,LV,0.0,0
14,uc605827.1,uc605827,1,0.98904468562354,0.2193931022920578,LV,0.0,0
14,uc627337.1,uc627337,1,0.9914362101298146,0.2193931022920578,LV,0.0,0
14,uc637912.1,uc637912,1,0.9927924827044511,0.2193931022920578,LV,0.0,0
14,uc637576.1,uc637576,1,1.0122964384321544,0.2193931022920578,LV,0.0,0
14,uc637356.1,uc637356,1,0.9912137702768822,0.2193931022920578,LV,0.0,0
14,uc637918.1,uc637918,1,1.0122399220898792,0.2193931022920578,LV,0.0,0
14,uc637360.1,uc637360,1,0.9848747152060067,0.2193931022920578,LV,0.0,0
14,uc637399.1,uc637399,1,0.984714954695654,0.2193931022920578,LV,0.0,0
14,uc637397.1,uc637397,1,0.9875649191843391,0.2193931022920578,LV,0.0,0
14,uc1137150.1,uc1137150,1,0.9921422609642172,0.2193931022920578,LV,0.0,0
14,uc1636598.1,uc1636598,1,0.0,0.1270170592217177,LV,0.95,1
14,uc636933.1,uc636933,1,1.0071334448632887,0.2193931022920578,LV,0.0,0
14,uc635963.1,uc635963,1,0.9859776360438113,0.2193931022920578,LV,0.0,0
14,uc635543.1,uc635543,1,0.9924576723662845,0.2193931022920578,LV,0.0,0
14,uc635966.1,uc635966,1,0.9913281163530051,0.2193931022920578,LV,0.0,0
14,uc635550.1,uc635550,1,0.9876777541907567,0.2193931022920578,LV,0.0,0
14,uc635862.1,uc635862,1,1.0017132906362625,0.2193931022920578,LV,0.0,0
14,uc1635694.1,uc1635694,1,1.0014703157445948,0.2193931022920578,LV,0.0,0
14,uc3435739.1,uc3435739,1,1.0047517359053986,0.2193931022920578,LV,0.0,0
14,uc1635060.1,uc1635060,1,0.9954394787795584,0.2193931022920578,LV,0.0,0
14,uc1607271.1,uc1607271,1,0.9963534160684648,0.2193931022920578,LV,0.0,0
14,uc605884.1,uc605884,1,0.9918024550960829,0.2193931022920578,LV,0.0,0
14,uc1609690.1,uc1609690,1,0.9975823600718736,0.2193931022920578,LV,0.0,0
14,uc1134165.1,uc1134165,1,0.9862680956046025,0.2193931022920578,LV,0.0,0
14,uc634166.1,uc634166,1,0.991467289415837,0.2193931022920578,LV,0.0,0
14,uc1633896.1,uc1633896,1,0.9962780345757607,0.2193931022920578,LV,0.0,0
14,uc3433894.1,uc3433894,1,0.992814663682631,0.2193931022920578,LV,0.0,0
14,uc1633892.1,uc1633892,1,0.9988140471650344,0.2193931022920578,LV,0.0,0
14,uc633672.1,uc633672,1,0.9945233927261765,0.2193931022920578,LV,0.0,0
14,uc1633671.1,uc1633671,1,1.0160790639276098,0.2193931022920578,LV,0.0,0
14,uc1632306.1,uc1632306,1,0.9932841376296376,0.2193931022920578,LV,0.0,0
14,uc632607.1,uc632607,1,0.975973537860028,0.2193931022920578,LV,0.0,0
14,uc632613.1,uc632613,1,0.9914043865831214,0.2193931022920578,LV,0.0,0
14,uc3432407.1,uc3432407,1,1.001027069270571,0.2193931022920578,LV,0.0,0
14,uc1632402.1,uc1632402,1,0.9884053559361279,0.2193931022920578,LV,0.0,0
14,uc1132019.1,uc1132019,1,0.9888217887237835,0.2193931022920578,LV,0.0,0
14,uc632016.1,uc632016,1,0.9933800158164816,0.2193931022920578,LV,0.0,0
14,uc1132015.1,uc1132015,1,0.9875949156775663,0.2193931022920578,LV,0.0,0
14,uc1132012.1,uc1132012,1,0.991258182659202,0.2193931022920578,LV,0.0,0
14,uc631859.1,uc631859,1,0.9932983914755456,0.2193931022920578,LV,0.0,0
14,uc1631852.1,uc1631852,1,0.9914071973272247,0.2193931022920578,LV,0.0,0
14,uc1130761.1,uc1130761,1,0.9864856007352306,0.2193931022920578,LV,0.0,0
14,uc1630759.1,uc1630759,1,0.9877261147749394,0.2193931022920578,LV,0.0,0
14,uc630758.1,uc630758,1,1.0164994479156393,0.2193931022920578,LV,0.0,0
14,uc629428.1,uc629428,1,0.9935477713697997,0.2193931022920578,LV,0.0,0
14,uc1629639.1,uc1629639,1,0.9981597689075081,0.2193931022920578,LV,0.0,0
14,uc1229546.1,uc1229546,1,0.9887719201943326,0.2193931022920578,LV,0.0,0
14,uc628768.1,uc628768,1,0.993267816821748,0.2193931022920578,LV,0.0,0
14,uc628757.1,uc628757,1,0.9972230941671895,0.2193931022920578,LV,0.0,0
14,uc628766.1,uc628766,1,0.9893716474157305,0.2193931022920578,LV,0.0,0
14,uc628753.1,uc628753,1,0.9970082197480976,0.2193931022920578,LV,0.0,0
14,uc627346.1,uc627346,1,0.9898446263040581,0.2193931022920578,LV,0.0,0
14,uc1628760.1,uc1628760,1,0.9983928925433104,0.2193931022920578,LV,0.0,0
14,uc1629422.1,uc1629422,1,0.9897508619692306,0.2193931022920578,LV,0.0,0
14,uc626699.1,uc626699,1,0.9909992818478538,0.2193931022920578,LV,0.0,0
14,60651.2,60651,2,0.9909562798185237,13.336791218280357,MV,0.0,0
14,60721.2,60721,2,0.9908988709239827,13.336791218280357,MV,0.0,0
14,164151.2,164151,2,0.9916724567946475,13.336791218280357,MV,0.0,0
14,302191.2,302191,2,0.9907796616742656,13.336791218280357,MV,0.0,0
14,320841.2,320841,2,0.9866040415386589,13.336791218280357,MV,0.0,0
14,337711.2,337711,2,0.9907708282462401,13.336791218280357,MV,0.0,0
14,358691.2,358691,2,0.9979935188771264,13.336791218280357,MV,0.0,0
14,et6_1177.2,et6_1177,2,0.991487856979894,0.2193931022920578,LV,0.0,0
14,461501.2,461501,2,0.9925953937465245,13.336791218280357,MV,0.0,0
14,686891.2,686891,2,0.9893980141325475,13.336791218280357,MV,0.0,0
14,703601.2,703601,2,0.9919410925396074,13.336791218280357,MV,0.0,0
14,713791.2,713791,2,0.9886128763950165,13.336791218280357,MV,0.0,0
14,725731.2,725731,2,0.9873730986072057,13.336791218280357,MV,0.0,0
14,809501.2,809501,2,0.989526837127423,13.336791218280357,MV,0.0,0
14,811221.2,811221,2,0.991824766004127,13.336791218280357,MV,0.0,0
14,815111.2,815111,2,0.9908730612889488,13.336791218280357,MV,0.0,0
14,822371.2,822371,2,0.9877891289406118,13.336791218280357,MV,0.0,0
14,820611.2,820611,2,0.9901561016660362,13.336791218280357,MV,0.0,0
14,822641.2,822641,2,0.9882595544939471,13.336791218280357,MV,0.0,0
14,618431.2,618431,2,0.9909539434492148,13.336791218280357,MV,0.0,0
14,bt10401.2,bt10401,2,0.9842375412734172,0.2193931022920578,LV,0.0,0
14,bt197792.2,bt197792,2,0.9839604112085502,0.2193931022920578,LV,0.0,0
14,bt800551.2,bt800551,2,0.9839604112298218,0.2193931022920578,LV,0.0,0
14,bt295341.2,bt295341,2,0.9834407322200536,0.2193931022920578,LV,0.0,0
14,bt800541.2,bt800541,2,0.9836962905784404,0.2193931022920578,LV,0.0,0
14,bt295361.2,bt295361,2,0.9830304424388141,0.2193931022920578,LV,0.0,0
14,bt474991.2,bt474991,2,0.9828985236815843,0.2193931022920578,LV,0.0,0
14,uc1627323.2,uc1627323,2,0.984987466246648,0.2193931022920578,LV,0.0,0
14,uc3405987.2,uc3405987,2,1.009716806667317,0.2193931022920578,LV,0.0,0
14,uc3405846.2,uc3405846,2,0.9902794752361577,0.2193931022920578,LV,0.0,0
14,uc3405847.2,uc3405847,2,1.0102735033961705,0.2193931022920578,LV,0.0,0
14,uc3405838.2,uc3405838,2,0.987542621668286,0.2193931022920578,LV,0.0,0
14,uc1607326.2,uc1607326,2,0.9879812615336513,0.2193931022920578,LV,0.0,0
14,uc1607316.2,uc1607316,2,0.9867933704079961,0.2193931022920578,LV,0.0,0
14,uc1607308.2,uc1607308,2,0.9888547449420964,0.2193931022920578,LV,0.0,0
14,uc1623434.2,uc1623434,2,0.0,0.1270170592217177,LV,0.95,1
14,uc1620373.2,uc1620373,2,0.990039690314485,0.2193931022920578,LV,0.0,0
14,uc1607302.2,uc1607302,2,0.9898541133007698,0.2193931022920578,LV,0.0,0
14,uc1607304.2,uc1607304,2,0.9898327363495822,0.2193931022920578,LV,0.0,0
14,uc1607306.2,uc1607306,2,0.9884294802806505,0.2193931022920578,LV,0.0,0
14,uc1607299.2,uc1607299,2,0.9901675388793818,0.2193931022920578,LV,0.0,0
14,uc1607297.2,uc1607297,2,0.9909722212217887,0.2193931022920578,LV,0.0,0
14,uc1607298.2,uc1607298,2,0.9903044423279733,0.2193931022920578,LV,0.0,0
14,uc1607289.2,uc1607289,2,0.9933080964029273,0.2193931022920578,LV,0.0,0
14,uc1607291.2,uc1607291,2,0.9906292950020847,0.2193931022920578,LV,0.0,0
14,uc1607292.2,uc1607292,2,0.9902240035896511,0.2193931022920578,LV,0.0,0
14,uc1607280.2,uc1607280,2,0.9887215942420241,0.2193931022920578,LV,0.0,0
14,uc1607284.2,uc1607284,2,0.9889752295445787,0.2193931022920578,LV,0.0,0
14,uc1607285.2,uc1607285,2,0.9888905854133311,0.2193931022920578,LV,0.0,0
14,uc1607288.2,uc1607288,2,0.9891316529838556,0.2193931022920578,LV,0.0,0
14,uc1607279.2,uc1607279,2,0.9895658084639629,0.2193931022920578,LV,0.0,0
14,uc1607355.2,uc1607355,2,0.9901520194300574,0.2193931022920578,LV,0.0,0
14,uc1607357.2,uc1607357,2,0.9912866857543255,0.2193931022920578,LV,0.0,0
14,uc1607358.2,uc1607358,2,0.9901973439650089,0.2193931022920578,LV,0.0,0
14,uc1607368.2,uc1607368,2,0.0,0.1270170592217177,LV,0.95,1
14,uc1607276.2,uc1607276,2,0.9990738425104106,0.2193931022920578,LV,0.0,0
14,uc1607278.2,uc1607278,2,0.9991548083390779,0.2193931022920578,LV,0.0,0
14,uc1607273.2,uc1607273,2,0.997137206882609,0.2193931022920578,LV,0.0,0
14,uc1607328.2,uc1607328,2,0.9876151423448437,0.2193931022920578,LV,0.0,0
14,uc1607347.2,uc1607347,2,1.0779144955890163,0.2193931022920578,LV,0.027914495589016264,1
14,uc1607350.2,uc1607350,2,1.0326506210896482,0.2193931022920578,LV,0.0,0
14,uc1107341.2,uc1107341,2,0.9880173805876723,0.2193931022920578,LV,0.0,0
14,uc1107333.2,uc1107333,2,0.9892533855477954,0.2193931022920578,LV,0.0,0
14,uc1607268.2,uc1607268,2,0.9964785848980667,0.2193931022920578,LV,0.0,0
14,uc1607252.2,uc1607252,2,0.9869267596359014,0.2193931022920578,LV,0.0,0
14,uc1606000.2,uc1606000,2,0.988823763475649,0.2193931022920578,LV,0.0,0
14,uc1607255.2,uc1607255,2,0.9896975360208814,0.2193931022920578,LV,0.0,0
14,uc1607258.2,uc1607258,2,0.9869334619809735,0.2193931022920578,LV,0.0,0
14,uc1124041.2,uc1124041,2,0.9879606211966039,0.2193931022920578,LV,0.0,0
14,uc1124340.2,uc1124340,2,0.9894411969029852,0.2193931022920578,LV,0.0,0
14,uc1121173.2,uc1121173,2,0.9893275861213938,0.2193931022920578,LV,0.0,0
14,uc1107345.2,uc1107345,2,0.9894251028045331,0.2193931022920578,LV,0.0,0
14,uc605816.2,uc605816,2,1.0225857427169303,0.2193931022920578,LV,0.0,0
14,uc605812.2,uc605812,2,0.98292720067156,0.2193931022920578,LV,0.0,0
14,uc605813.2,uc605813,2,0.9913356043301625,0.2193931022920578,LV,0.0,0
14,uc609685.2,uc609685,2,0.9931731063709711,0.2193931022920578,LV,0.0,0
14,uc609688.2,uc609688,2,1.0125509655772054,0.2193931022920578,LV,0.0,0
14,uc621168.2,uc621168,2,0.9877746038678998,0.2193931022920578,LV,0.0,0
14,uc621171.2,uc621171,2,0.9853432860457743,0.2193931022920578,LV,0.0,0
14,uc605810.2,uc605810,2,0.9926340034452801,0.2193931022920578,LV,0.0,0
14,uc605807.2,uc605807,2,0.9842204766327238,0.2193931022920578,LV,0.0,0
14,uc605801.2,uc605801,2,0.990674939640247,0.2193931022920578,LV,0.0,0
14,uc607384.2,uc607384,2,0.98611768187065,0.2193931022920578,LV,0.0,0
14,uc607385.2,uc607385,2,0.9935154766380804,0.2193931022920578,LV,0.0,0
14,uc609682.2,uc609682,2,0.9874437096942504,0.2193931022920578,LV,0.0,0
14,uc609683.2,uc609683,2,0.9920111405236478,0.2193931022920578,LV,0.0,0
14,uc607377.2,uc607377,2,0.9933938664494262,0.2193931022920578,LV,0.0,0
14,uc607382.2,uc607382,2,0.9916054658139554,0.2193931022920578,LV,0.0,0
14,uc606117.2,uc606117,2,0.9866922748332722,0.2193931022920578,LV,0.0,0
14,uc606120.2,uc606120,2,0.9864211241010875,0.2193931022920578,LV,0.0,0
14,uc623433.2,uc623433,2,0.9840551124969743,0.2193931022920578,LV,0.0,0
14,uc623007.2,uc623007,2,0.9912307262008936,0.2193931022920578,LV,0.0,0
14,uc606147.2,uc606147,2,1.0848155685327006,0.2193931022920578,LV,0.034815568532700514,1
14,uc606148.2,uc606148,2,0.9976310389426063,0.2193931022920578,LV,0.0,0
14,uc606150.2,uc606150,2,0.9964828753544169,0.2193931022920578,LV,0.0,0
14,uc606109.2,uc606109,2,0.9856085659245863,0.2193931022920578,LV,0.0,0
14,uc606110.2,uc606110,2,0.985111554633668,0.2193931022920578,LV,0.0,0
14,uc606111.2,uc606111,2,0.9866643651223577,0.2193931022920578,LV,0.0,0
14,uc622720.2,uc622720,2,0.9907242713528607,0.2193931022920578,LV,0.0,0
14,uc623004.2,uc623004,2,1.0043022962260375,0.2193931022920578,LV,0.0,0
14,uc606103.2,uc606103,2,0.9878503107419466,0.2193931022920578,LV,0.0,0
14,uc606139.2,uc606139,2,1.0245755526316112,0.2193931022920578,LV,0.0,0
14,uc606143.2,uc606143,2,1.0444536148696077,0.2193931022920578,LV,0.0,0
14,uc605921.2,uc605921,2,0.9906331445013155,0.2193931022920578,LV,0.0,0
14,uc605915.2,uc605915,2,0.9906082001264993,0.2193931022920578,LV,0.0,0
14,uc606101.2,uc606101,2,0.9876389097719473,0.2193931022920578,LV,0.0,0
14,uc622273.2,uc622273,2,1.0420823138832602,0.2193931022920578,LV,0.0,0
14,uc605990.2,uc605990,2,0.9834405104540257,0.2193931022920578,LV,0.0,0
14,uc606130.2,uc606130,2,0.9882597803871811,0.2193931022920578,LV,0.0,0
14,uc606132.2,uc606132,2,0.9865007812460704,0.2193931022920578,LV,0.0,0
14,uc622258.2,uc622258,2,0.9892356053835126,0.2193931022920578,LV,0.0,0
14,uc622270.2,uc622270,2,0.9955788077089477,0.2193931022920578,LV,0.0,0
14,uc605905.2,uc605905,2,0.9868839915756525,0.2193931022920578,LV,0.0,0
14,uc605909.2,uc605909,2,0.9904944420434268,0.2193931022920578,LV,0.0,0
14,uc605910.2,uc605910,2,0.9876947985612466,0.2193931022920578,LV,0.0,0
14,uc605911.2,uc605911,2,0.9882384137932063,0.2193931022920578,LV,0.0,0
14,uc606128.2,uc606128,2,0.9880680095304107,0.2193931022920578,LV,0.0,0
14,uc605904.2,uc605904,2,0.9869442824466911,0.2193931022920578,LV,0.0,0
14,uc1239552.2,uc1239552,2,0.9902776916205028,0.2193931022920578,LV,0.0,0
14,uc605817.2,uc605817,2,0.991104115378396,0.2193931022920578,LV,0.0,0
14,uc605819.2,uc605819,2,1.0074820865183953,0.2193931022920578,LV,0.0,0
14,uc605820.2,uc605820,2,0.9854303618655239,0.2193931022920578,LV,0.0,0
14,uc605821.2,uc605821,2,0.9885935574903969,0.2193931022920578,LV,0.0,0
14,uc605822.2,uc605822,2,0.9853234331776579,0.2193931022920578,LV,0.0,0
14,uc639280.2,uc639280,2,1.0085776356533087,0.2193931022920578,LV,0.0,0
14,uc605898.2,uc605898,2,0.9906913170214885,0.2193931022920578,LV,0.0,0
14,uc605902.2,uc605902,2,0.9875096034116558,0.2193931022920578,LV,0.0,0
14,uc605982.2,uc605982,2,0.9841358917899872,0.2193931022920578,LV,0.0,0
14,uc605988.2,uc605988,2,0.9829682118610389,0.2193931022920578,LV,0.0,0
14,uc606126.2,uc606126,2,1.0001857329004278,0.2193931022920578,LV,0.0,0
14,uc606127.2,uc606127,2,0.9868191135244626,0.2193931022920578,LV,0.0,0
14,uc605896.2,uc605896,2,0.9845727845052584,0.2193931022920578,LV,0.0,0
14,uc606121.2,uc606121,2,0.9859730663950863,0.2193931022920578,LV,0.0,0
14,uc606122.2,uc606122,2,0.9841738253644738,0.2193931022920578,LV,0.0,0
14,uc606123.2,uc606123,2,1.0117770593393542,0.2193931022920578,LV,0.0,0
14,uc622709.2,uc622709,2,0.9901847894143282,0.2193931022920578,LV,0.0,0
14,uc639277.2,uc639277,2,0.9886865384778585,0.2193931022920578,LV,0.0,0
14,uc1139390.2,uc1139390,2,0.9902413021864762,0.2193931022920578,LV,0.0,0
14,uc605864.2,uc605864,2,0.993556082136166,0.2193931022920578,LV,0.0,0
14,uc605865.2,uc605865,2,0.9967983294853251,0.2193931022920578,LV,0.0,0
14,uc638617.2,uc638617,2,0.9965026983436788,0.2193931022920578,LV,0.0,0
14,uc605855.2,uc605855,2,0.9885578741715049,0.2193931022920578,LV,0.0,0
14,uc1638606.2,uc1638606,2,0.9966630926247438,0.2193931022920578,LV,0.0,0
14,uc1638954.2,uc1638954,2,0.9969149843725038,0.2193931022920578,LV,0.0,0
14,uc605836.2,uc605836,2,0.9799083965627452,0.2193931022920578,LV,0.0,0
14,uc1607303.2,uc1607303,2,0.9912450163127068,0.2193931022920578,LV,0.0,0
14,uc637705.2,uc637705,2,0.990103824229893,0.2193931022920578,LV,0.0,0
14,uc1637704.2,uc1637704,2,1.0022520553539496,0.2193931022920578,LV,0.0,0
14,uc637576.2,uc637576,2,1.0127924060423315,0.2193931022920578,LV,0.0,0
14,uc637918.2,uc637918,2,1.0129450788266783,0.2193931022920578,LV,0.0,0
14,uc637360.2,uc637360,2,0.9853546485333063,0.2193931022920578,LV,0.0,0
14,uc637397.2,uc637397,2,0.9889620480649365,0.2193931022920578,LV,0.0,0
14,uc636933.2,uc636933,2,1.0218360194179654,0.2193931022920578,LV,0.0,0
14,uc605908.2,uc605908,2,0.991955357696939,0.2193931022920578,LV,0.0,0
14,uc635963.2,uc635963,2,0.9864581432616928,0.2193931022920578,LV,0.0,0
14,uc635543.2,uc635543,2,0.9929392469938326,0.2193931022920578,LV,0.0,0
14,uc635966.2,uc635966,2,0.9918097688786268,0.2193931022920578,LV,0.0,0
14,uc627328.2,uc627328,2,0.9827519168935139,0.2193931022920578,LV,0.0,0
14,uc635550.2,uc635550,2,0.9881703151538034,0.2193931022920578,LV,0.0,0
14,uc635862.2,uc635862,2,1.0031219840711185,0.2193931022920578,LV,0.0,0
14,uc3435739.2,uc3435739,2,1.0139201051962448,0.2193931022920578,LV,0.0,0
14,uc634166.2,uc634166,2,0.9905371211927798,0.2193931022920578,LV,0.0,0
14,uc1633671.2,uc1633671,2,1.0182643354239582,0.2193931022920578,LV,0.0,0
14,uc633056.2,uc633056,2,0.9919229208350846,0.2193931022920578,LV,0.0,0
14,uc632607.2,uc632607,2,0.9773519805326396,0.2193931022920578,LV,0.0,0
14,uc1632402.2,uc1632402,2,0.989997542408285,0.2193931022920578,LV,0.0,0
14,uc1131858.2,uc1131858,2,0.98809438502942,0.2193931022920578,LV,0.0,0
14,uc631391.2,uc631391,2,0.9827738316230689,0.2193931022920578,LV,0.0,0
14,uc1630759.2,uc1630759,2,0.9892811243212721,0.2193931022920578,LV,0.0,0
14,uc630758.2,uc630758,2,1.0399690047975643,0.2193931022920578,LV,0.0,0
14,uc630753.2,uc630753,2,0.9885091137843314,0.2193931022920578,LV,0.0,0
14,uc628766.2,uc628766,2,0.9882677987516811,0.2193931022920578,LV,0.0,0
14,uc627346.2,uc627346,2,0.9893194344306098,0.2193931022920578,LV,0.0,0
14,uc1629422.2,uc1629422,2,0.9893450319372363,0.2193931022920578,LV,0.0,0
14,60651.3,60651,3,0.989966946060716,13.336791218280357,MV,0.0,0
14,60721.3,60721,3,0.9899095709317273,13.336791218280357,MV,0.0,0
14,164151.3,164151,3,0.9906827338345776,13.336791218280357,MV,0.0,0
14,302191.3,302191,3,0.9889732379373904,13.336791218280357,MV,0.0,0
14,320841.3,320841,3,0.9856360697415427,13.336791218280357,MV,0.0,0
14,337711.3,337711,3,0.9889642994344511,13.336791218280357,MV,0.0,0
14,358691.3,358691,3,0.9974707415146985,13.336791218280357,MV,0.0,0
14,et6_1177.3,et6_1177,3,0.9918011501463692,0.2193931022920578,LV,0.0,0
14,461501.3,461501,3,0.9914681806030319,13.336791218280357,MV,0.0,0
14,686891.3,686891,3,0.9884316083684657,13.336791218280357,MV,0.0,0
14,703601.3,703601,3,0.990949786735393,13.336791218280357,MV,0.0,0
14,713791.3,713791,3,0.9876443224387019,13.336791218280357,MV,0.0,0
14,725731.3,725731,3,0.9864049491974836,13.336791218280357,MV,0.0,0
14,809501.3,809501,3,0.9885618729581623,13.336791218280357,MV,0.0,0
14,811221.3,811221,3,0.9908347878778471,13.336791218280357,MV,0.0,0
14,815111.3,815111,3,0.9890666606259513,13.336791218280357,MV,0.0,0
14,822371.3,822371,3,0.9868206957950272,13.336791218280357,MV,0.0,0
14,820611.3,820611,3,0.9891748038888954,13.336791218280357,MV,0.0,0
14,822641.3,822641,3,0.9872873801132754,13.336791218280357,MV,0.0,0
14,618431.3,618431,3,0.9899646091759444,13.336791218280357,MV,0.0,0
14,bt10401.3,bt10401,3,0.9921994987520141,0.2193931022920578,LV,0.0,0
14,bt197792.3,bt197792,3,0.9921994998978264,0.2193931022920578,LV,0.0,0
14,bt800551.3,bt800551,3,0.9921994997805819,0.2193931022920578,LV,0.0,0
14,bt295341.3,bt295341,3,0.9921995011479487,0.2193931022920578,LV,0.0,0
14,bt800541.3,bt800541,3,0.992199500542505,0.2193931022920578,LV,0.0,0
14,bt295361.3,bt295361,3,0.9921995018283738,0.2193931022920578,LV,0.0,0
14,bt474991.3,bt474991,3,0.9921995022933304,0.2193931022920578,LV,0.0,0
14,uc627336.3,uc627336,3,0.9895139396654618,0.2193931022920578,LV,0.0,0
14,uc1620373.3,uc1620373,3,0.9901568482952602,0.2193931022920578,LV,0.0,0
14,uc1607302.3,uc1607302,3,0.9899745111620778,0.2193931022920578,LV,0.0,0
14,uc1607304.3,uc1607304,3,0.9899490305488732,0.2193931022920578,LV,0.0,0
14,uc1607298.3,uc1607298,3,0.9906792888504319,0.2193931022920578,LV,0.0,0
14,uc1607280.3,uc1607280,3,0.988838745373981,0.2193931022920578,LV,0.0,0
14,uc1607285.3,uc1607285,3,0.9897409320021372,0.2193931022920578,LV,0.0,0
14,uc1607279.3,uc1607279,3,0.9896828706907742,0.2193931022920578,LV,0.0,0
14,uc1607347.3,uc1607347,3,1.0779747723280881,0.2193931022920578,LV,0.027974772328088093,1
14,uc1124340.3,uc1124340,3,0.9902548431224203,0.2193931022920578,LV,0.0,0
14,uc605816.3,uc605816,3,1.0225055177510805,0.2193931022920578,LV,0.0,0
14,uc605815.3,uc605815,3,1.0000030884525934,0.2193931022920578,LV,0.0,0
14,uc621171.3,uc621171,3,0.9852738569721664,0.2193931022920578,LV,0.0,0
14,uc607384.3,uc607384,3,0.9860511870696739,0.2193931022920578,LV,0.0,0
14,uc606117.3,uc606117,3,0.9866223167724704,0.2193931022920578,LV,0.0,0
14,uc606120.3,uc606120,3,0.9863512775771808,0.2193931022920578,LV,0.0,0
14,uc623007.3,uc623007,3,0.9915439723360331,0.2193931022920578,LV,0.0,0
14,uc605867.3,uc605867,3,0.9942234852857109,0.2193931022920578,LV,0.0,0
14,uc606150.3,uc606150,3,0.9965213548958339,0.2193931022920578,LV,0.0,0
14,uc606109.3,uc606109,3,0.9855390496167126,0.2193931022920578,LV,0.0,0
14,uc606110.3,uc606110,3,0.9850420974153933,0.2193931022920578,LV,0.0,0
14,uc606111.3,uc606111,3,0.9865944344429091,0.2193931022920578,LV,0.0,0
14,uc622722.3,uc622722,3,0.9980897159601212,0.2193931022920578,LV,0.0,0
14,uc623004.3,uc623004,3,1.005587936580823,0.2193931022920578,LV,0.0,0
14,uc606101.3,uc606101,3,0.9875592024958453,0.2193931022920578,LV,0.0,0
14,uc606132.3,uc606132,3,0.9864396072358946,0.2193931022920578,LV,0.0,0
14,uc605910.3,uc605910,3,0.9876211938133543,0.2193931022920578,LV,0.0,0
14,uc605911.3,uc605911,3,0.9881645332970571,0.2193931022920578,LV,0.0,0
14,uc605904.3,uc605904,3,0.9888046304668947,0.2193931022920578,LV,0.0,0
14,uc1239552.3,uc1239552,3,0.9903947015830891,0.2193931022920578,LV,0.0,0
14,uc605821.3,uc605821,3,0.9898986873949355,0.2193931022920578,LV,0.0,0
14,uc639280.3,uc639280,3,1.0086701213521798,0.2193931022920578,LV,0.0,0
14,uc605898.3,uc605898,3,0.9896594095664066,0.2193931022920578,LV,0.0,0
14,uc605902.3,uc605902,3,0.9874874810547489,0.2193931022920578,LV,0.0,0
14,uc606126.3,uc606126,3,1.000118727892174,0.2193931022920578,LV,0.0,0
14,uc606127.3,uc606127,3,0.9867584453492844,0.2193931022920578,LV,0.0,0
14,uc606121.3,uc606121,3,0.9859029109510152,0.2193931022920578,LV,0.0,0
14,uc606122.3,uc606122,3,0.9841035613726699,0.2193931022920578,LV,0.0,0
14,uc639277.3,uc639277,3,0.9899916744249239,0.2193931022920578,LV,0.0,0
14,uc1139390.3,uc1139390,3,0.9903583078483535,0.2193931022920578,LV,0.0,0
14,uc637576.3,uc637576,3,1.0127121592444481,0.2193931022920578,LV,0.0,0
14,uc637918.3,uc637918,3,1.0130390791603512,0.2193931022920578,LV,0.0,0
14,uc637360.3,uc637360,3,0.9852852063655605,0.2193931022920578,LV,0.0,0
14,uc637397.3,uc637397,3,0.9889368792389575,0.2193931022920578,LV,0.0,0
14,uc635963.3,uc635963,3,0.986388268685384,0.2193931022920578,LV,0.0,0
14,uc635543.3,uc635543,3,0.9928656941699228,0.2193931022920578,LV,0.0,0
14,uc635966.3,uc635966,3,0.9917360045798655,0.2193931022920578,LV,0.0,0
14,uc635550.3,uc635550,3,0.9881099822116256,0.2193931022920578,LV,0.0,0
14,uc635862.3,uc635862,3,1.0019525201783246,0.2193931022920578,LV,0.0,0
14,uc1633671.3,uc1633671,3,1.018276118266994,0.2193931022920578,LV,0.0,0
14,uc632607.3,uc632607,3,0.9773296679675737,0.2193931022920578,LV,0.0,0
14,uc1629422.3,uc1629422,3,0.9909113189061697,0.2193931022920578,LV,0.0,0
15,60651.1,60651,1,0.9918393532720753,13.336791218280357,MV,0.0,0
15,60721.1,60721,1,0.9917902828842642,13.336791218280357,MV,0.0,0
15,164151.1,164151,1,0.9924770511382998,13.336791218280357,MV,0.0,0
15,302191.1,302191,1,0.9911520002524258,13.336791218280357,MV,0.0,0
15,320841.1,320841,1,0.9880059255307042,13.336791218280357,MV,0.0,0
15,337711.1,337711,1,0.9911368881825791,13.336791218280357,MV,0.0,0
15,358691.1,358691,1,0.9982846652509094,13.336791218280357,MV,0.0,0
15,et6_1177.1,et6_1177,1,0.9918104212552838,0.2193931022920578,LV,0.0,0
15,461501.1,461501,1,0.9931314749923835,13.336791218280357,MV,0.0,0
15,686891.1,686891,1,0.9906043226717411,13.336791218280357,MV,0.0,0
15,703601.1,703601,1,0.9927065686132319,13.336791218280357,MV,0.0,0
15,713791.1,713791,1,0.9898487986679214,13.336791218280357,MV,0.0,0
15,725731.1,725731,1,0.9887107903118523,13.336791218280357,MV,0.0,0
15,809501.1,809501,1,0.9906985391586814,13.336791218280357,MV,0.0,0
15,811221.1,811221,1,0.9926191242974443,13.336791218280357,MV,0.0,0
15,815111.1,815111,1,0.991243704978592,13.336791218280357,MV,0.0,0
15,822371.1,822371,1,0.9890942905222696,13.336791218280357,MV,0.0,0
15,820611.1,820611,1,0.9911467251817638,13.336791218280357,MV,0.0,0
15,822641.1,822641,1,0.9895229487851409,13.336791218280357,MV,0.0,0
15,618431.1,618431,1,0.9918370427404815,13.336791218280357,MV,0.0,0
15,bt10401.1,bt10401,1,0.986245347372828,0.2193931022920578,LV,0.0,0
15,bt197792.1,bt197792,1,0.9856103712064541,0.2193931022920578,LV,0.0,0
15,bt800551.1,bt800551,1,0.9857428955044041,0.2193931022920578,LV,0.0,0
15,bt295341.1,bt295341,1,0.9850446426747469,0.2193931022920578,LV,0.0,0
15,bt800541.1,bt800541,1,0.9853663865123028,0.2193931022920578,LV,0.0,0
15,bt295361.1,bt295361,1,0.9847478725838712,0.2193931022920578,LV,0.0,0
15,bt474991.1,bt474991,1,0.9845141690076759,0.2193931022920578,LV,0.0,0
15,uc626695.1,uc626695,1,0.9825479601671911,0.2193931022920578,LV,0.0,0
15,uc1627323.1,uc1627323,1,0.9904500350599473,0.2193931022920578,LV,0.0,0
15,uc1627342.1,uc1627342,1,0.9987113193667491,0.2193931022920578,LV,0.0,0
15,uc627343.1,uc627343,1,0.9907715198529465,0.2193931022920578,LV,0.0,0
15,uc627344.1,uc627344,1,0.9947723568956193,0.2193931022920578,LV,0.0,0
15,uc1626672.1,uc1626672,1,0.0,0.1270170592217177,LV,0.95,1
15,uc1626490.1,uc1626490,1,0.9961598408978412,0.2193931022920578,LV,0.0,0
15,uc3422706.1,uc3422706,1,0.9950179030040284,0.2193931022920578,LV,0.0,0
15,uc3425629.1,uc3425629,1,0.9950683468871752,0.2193931022920578,LV,0.0,0
15,uc3422597.1,uc3422597,1,1.0017436430462507,0.2193931022920578,LV,0.0,0
15,uc3405843.1,uc3405843,1,0.9932480754472339,0.2193931022920578,LV,0.0,0
15,uc3405844.1,uc3405844,1,1.0212361995006816,0.2193931022920578,LV,0.0,0
15,uc3405845.1,uc3405845,1,1.0197906057443724,0.2193931022920578,LV,0.0,0
15,uc3405846.1,uc3405846,1,0.9934933610747929,0.2193931022920578,LV,0.0,0
15,uc1626486.1,uc1626486,1,0.9980649708945258,0.2193931022920578,LV,0.0,0
15,uc1626487.1,uc1626487,1,0.9918600376183304,0.2193931022920578,LV,0.0,0
15,uc626481.1,uc626481,1,0.9923509451382885,0.2193931022920578,LV,0.0,0
15,uc626678.1,uc626678,1,0.9920526140424814,0.2193931022920578,LV,0.0,0
15,uc626698.1,uc626698,1,0.9940175417342114,0.2193931022920578,LV,0.0,0
15,uc626476.1,uc626476,1,0.9872180152885119,0.2193931022920578,LV,0.0,0
15,uc1627321.1,uc1627321,1,0.9984722472479003,0.2193931022920578,LV,0.0,0
15,uc1607319.1,uc1607319,1,0.9886955836875515,0.2193931022920578,LV,0.0,0
15,uc1607308.1,uc1607308,1,0.9911132580553095,0.2193931022920578,LV,0.0,0
15,uc1624026.1,uc1624026,1,0.0,0.1270170592217177,LV,0.95,1
15,uc1625170.1,uc1625170,1,0.993406622007127,0.2193931022920578,LV,0.0,0
15,uc1621994.1,uc1621994,1,0.9977078250727552,0.2193931022920578,LV,0.0,0
15,uc1620360.1,uc1620360,1,0.9972171511127709,0.2193931022920578,LV,0.0,0
15,uc1620373.1,uc1620373,1,0.9901081314932489,0.2193931022920578,LV,0.0,0
15,uc1607302.1,uc1607302,1,0.9899228204912259,0.2193931022920578,LV,0.0,0
15,uc1607304.1,uc1607304,1,0.9889163738139843,0.2193931022920578,LV,0.0,0
15,uc1607305.1,uc1607305,1,0.9885381327952271,0.2193931022920578,LV,0.0,0
15,uc1607306.1,uc1607306,1,0.9906694335665791,0.2193931022920578,LV,0.0,0
15,uc1607297.1,uc1607297,1,0.9932054404549446,0.2193931022920578,LV,0.0,0
15,uc1607298.1,uc1607298,1,0.9906628554252068,0.2193931022920578,LV,0.0,0
15,uc1607289.1,uc1607289,1,0.9948462031689995,0.2193931022920578,LV,0.0,0
15,uc1607290.1,uc1607290,1,0.9949151765806619,0.2193931022920578,LV,0.0,0
15,uc1607291.1,uc1607291,1,0.9932873894939851,0.2193931022920578,LV,0.0,0
15,uc1607280.1,uc1607280,1,0.9887859752309892,0.2193931022920578,LV,0.0,0
15,uc1607283.1,uc1607283,1,0.9862708818886541,0.2193931022920578,LV,0.0,0
15,uc1607285.1,uc1607285,1,0.9877223823166585,0.2193931022920578,LV,0.0,0
15,uc1607287.1,uc1607287,1,0.9913058152569856,0.2193931022920578,LV,0.0,0
15,uc1607288.1,uc1607288,1,0.9906870800951193,0.2193931022920578,LV,0.0,0
15,uc1607279.1,uc1607279,1,0.9896662515660604,0.2193931022920578,LV,0.0,0
15,uc1607357.1,uc1607357,1,0.9925671348988002,0.2193931022920578,LV,0.0,0
15,uc1607358.1,uc1607358,1,0.9927322700004421,0.2193931022920578,LV,0.0,0
15,uc1607368.1,uc1607368,1,0.0,0.1270170592217177,LV,0.95,1
15,uc1607277.1,uc1607277,1,0.9987795447495853,0.2193931022920578,LV,0.0,0
15,uc1607278.1,uc1607278,1,1.0005705641740874,0.2193931022920578,LV,0.0,0
15,uc1607272.1,uc1607272,1,1.0067380492570845,0.2193931022920578,LV,0.0,0
15,uc1607273.1,uc1607273,1,0.9997399349859262,0.2193931022920578,LV,0.0,0
15,uc1607353.1,uc1607353,1,0.9943255651767171,0.2193931022920578,LV,0.0,0
15,uc1607347.1,uc1607347,1,1.0754087434179247,0.2193931022920578,LV,0.02540874341792465,1
15,uc1607349.1,uc1607349,1,1.0011934334906079,0.2193931022920578,LV,0.0,0
15,uc1107342.1,uc1107342,1,0.9884932384577334,0.2193931022920578,LV,0.0,0
15,uc1107340.1,uc1107340,1,0.9870465607795386,0.2193931022920578,LV,0.0,0
15,uc1105833.1,uc1105833,1,0.9916474394333789,0.2193931022920578,LV,0.0,0
15,uc1107330.1,uc1107330,1,0.9865536874217562,0.2193931022920578,LV,0.0,0
15,uc1607265.1,uc1607265,1,0.9884994191287665,0.2193931022920578,LV,0.0,0
15,uc1607268.1,uc1607268,1,0.99716348521917,0.2193931022920578,LV,0.0,0
15,uc1607252.1,uc1607252,1,0.9902592688790794,0.2193931022920578,LV,0.0,0
15,uc1605991.1,uc1605991,1,0.9915629228289428,0.2193931022920578,LV,0.0,0
15,uc1605996.1,uc1605996,1,1.0070398647315955,0.2193931022920578,LV,0.0,0
15,uc1607257.1,uc1607257,1,0.9923362078525694,0.2193931022920578,LV,0.0,0
15,uc1607258.1,uc1607258,1,0.9902662426069336,0.2193931022920578,LV,0.0,0
15,uc1124340.1,uc1124340,1,0.9889215449455325,0.2193931022920578,LV,0.0,0
15,uc605816.1,uc605816,1,1.0210832696006995,0.2193931022920578,LV,0.0,0
15,uc605813.1,uc605813,1,0.9914724656290231,0.2193931022920578,LV,0.0,0
15,uc609684.1,uc609684,1,0.9947052929911334,0.2193931022920578,LV,0.0,0
15,uc609686.1,uc609686,1,0.9950084771899462,0.2193931022920578,LV,0.0,0
15,uc609688.1,uc609688,1,1.0049596752832646,0.2193931022920578,LV,0.0,0
15,uc621168.1,uc621168,1,0.9907003846345596,0.2193931022920578,LV,0.0,0
15,uc621171.1,uc621171,1,0.9861447053148039,0.2193931022920578,LV,0.0,0
15,uc605808.1,uc605808,1,0.9952462979627877,0.2193931022920578,LV,0.0,0
15,uc605809.1,uc605809,1,0.9855766157316839,0.2193931022920578,LV,0.0,0
15,uc605810.1,uc605810,1,0.9943249427811944,0.2193931022920578,LV,0.0,0
15,uc605970.1,uc605970,1,0.9932388515826079,0.2193931022920578,LV,0.0,0
15,uc605803.1,uc605803,1,0.9934057390774621,0.2193931022920578,LV,0.0,0
15,uc605804.1,uc605804,1,0.9944174203054356,0.2193931022920578,LV,0.0,0
15,uc605806.1,uc605806,1,0.9909451402368484,0.2193931022920578,LV,0.0,0
15,uc607384.1,uc607384,1,0.9868247501912423,0.2193931022920578,LV,0.0,0
15,uc607387.1,uc607387,1,0.9912361529233793,0.2193931022920578,LV,0.0,0
15,uc609682.1,uc609682,1,0.9909615091372109,0.2193931022920578,LV,0.0,0
15,uc624033.1,uc624033,1,0.997082370490558,0.2193931022920578,LV,0.0,0
15,uc625156.1,uc625156,1,0.9934289333375164,0.2193931022920578,LV,0.0,0
15,uc625624.1,uc625624,1,0.9889463800736887,0.2193931022920578,LV,0.0,0
15,uc625625.1,uc625625,1,0.9949014224565509,0.2193931022920578,LV,0.0,0
15,uc607366.1,uc607366,1,0.9855490858503178,0.2193931022920578,LV,0.0,0
15,uc607367.1,uc607367,1,0.9941848446213949,0.2193931022920578,LV,0.0,0
15,uc606114.1,uc606114,1,0.9886326101653621,0.2193931022920578,LV,0.0,0
15,uc606117.1,uc606117,1,0.9875518493844851,0.2193931022920578,LV,0.0,0
15,uc606120.1,uc606120,1,0.9872606571573207,0.2193931022920578,LV,0.0,0
15,uc623015.1,uc623015,1,0.9848501381108824,0.2193931022920578,LV,0.0,0
15,uc623432.1,uc623432,1,0.9933402782336374,0.2193931022920578,LV,0.0,0
15,uc624028.1,uc624028,1,0.9926779965104493,0.2193931022920578,LV,0.0,0
15,uc605873.1,uc605873,1,0.9953157738704407,0.2193931022920578,LV,0.0,0
15,uc623007.1,uc623007,1,0.9915422207670544,0.2193931022920578,LV,0.0,0
15,uc606147.1,uc606147,1,1.0519752743724076,0.2193931022920578,LV,0.0019752743724075206,1
15,uc606148.1,uc606148,1,0.9979950886348491,0.2193931022920578,LV,0.0,0
15,uc606150.1,uc606150,1,0.9965623012835869,0.2193931022920578,LV,0.0,0
15,uc606109.1,uc606109,1,0.9864131977772976,0.2193931022920578,LV,0.0,0
15,uc606110.1,uc606110,1,0.9858947917803506,0.2193931022920578,LV,0.0,0
15,uc606111.1,uc606111,1,0.9875160291927993,0.2193931022920578,LV,0.0,0
15,uc622777.1,uc622777,1,0.9986705741076309,0.2193931022920578,LV,0.0,0
15,uc623004.1,uc623004,1,1.0042406650648072,0.2193931022920578,LV,0.0,0
15,uc606103.1,uc606103,1,0.9904362445762764,0.2193931022920578,LV,0.0,0
15,uc606139.1,uc606139,1,1.0100589555936832,0.2193931022920578,LV,0.0,0
15,uc606141.1,uc606141,1,1.0133961927270776,0.2193931022920578,LV,0.0,0
15,uc606143.1,uc606143,1,1.0176490564491267,0.2193931022920578,LV,0.0,0
15,uc605921.1,uc605921,1,0.9924070113968586,0.2193931022920578,LV,0.0,0
15,uc622713.1,uc622713,1,0.9899682992174555,0.2193931022920578,LV,0.0,0
15,uc622714.1,uc622714,1,0.9926867437489174,0.2193931022920578,LV,0.0,0
15,uc605993.1,uc605993,1,0.9916117352414522,0.2193931022920578,LV,0.0,0
15,uc606101.1,uc606101,1,0.9876772107369993,0.2193931022920578,LV,0.0,0
15,uc606102.1,uc606102,1,0.9871868044005012,0.2193931022920578,LV,0.0,0
15,uc622273.1,uc622273,1,1.0152462810095073,0.2193931022920578,LV,0.0,0
15,uc622703.1,uc622703,1,0.9825906359925879,0.2193931022920578,LV,0.0,0
15,uc605989.1,uc605989,1,0.994231045649009,0.2193931022920578,LV,0.0,0
15,uc606130.1,uc606130,1,0.990623727144424,0.2193931022920578,LV,0.0,0
15,uc606132.1,uc606132,1,0.9871960657972102,0.2193931022920578,LV,0.0,0
15,uc605914.1,uc605914,1,1.001310477610983,0.2193931022920578,LV,0.0,0
15,uc622257.1,uc622257,1,0.9916858453290608,0.2193931022920578,LV,0.0,0
15,uc605909.1,uc605909,1,0.9921749646120056,0.2193931022920578,LV,0.0,0
15,uc605910.1,uc605910,1,0.9883884272219058,0.2193931022920578,LV,0.0,0
15,uc605911.1,uc605911,1,0.988956889223762,0.2193931022920578,LV,0.0,0
15,uc606128.1,uc606128,1,0.9905537365223521,0.2193931022920578,LV,0.0,0
15,uc605823.1,uc605823,1,0.9882741066425642,0.2193931022920578,LV,0.0,0
15,uc605824.1,uc605824,1,0.9923550008981411,0.2193931022920578,LV,0.0,0
15,uc605904.1,uc605904,1,0.9894569776369977,0.2193931022920578,LV,0.0,0
15,uc621999.1,uc621999,1,0.9937725596306399,0.2193931022920578,LV,0.0,0
15,uc639553.1,uc639553,1,0.9863469125906591,0.2193931022920578,LV,0.0,0
15,uc1239552.1,uc1239552,1,0.990428983847274,0.2193931022920578,LV,0.0,0
15,uc605817.1,uc605817,1,0.9927302508358335,0.2193931022920578,LV,0.0,0
15,uc605819.1,uc605819,1,1.0000493745497843,0.2193931022920578,LV,0.0,0
15,uc605820.1,uc605820,1,0.9909429576652745,0.2193931022920578,LV,0.0,0
15,uc605821.1,uc605821,1,0.9888494225678589,0.2193931022920578,LV,0.0,0
15,uc639280.1,uc639280,1,1.0081652453443883,0.2193931022920578,LV,0.0,0
15,uc605898.1,uc605898,1,0.9902978163630943,0.2193931022920578,LV,0.0,0
15,uc605901.1,uc605901,1,0.993134617569938,0.2193931022920578,LV,0.0,0
15,uc605902.1,uc605902,1,0.987994459878406,0.2193931022920578,LV,0.0,0
15,uc605985.1,uc605985,1,0.9944414331472871,0.2193931022920578,LV,0.0,0
15,uc606126.1,uc606126,1,1.000538242235135,0.2193931022920578,LV,0.0,0
15,uc606127.1,uc606127,1,0.9875262348411942,0.2193931022920578,LV,0.0,0
15,uc605896.1,uc605896,1,0.9864771655076163,0.2193931022920578,LV,0.0,0
15,uc606121.1,uc606121,1,0.9866678178046524,0.2193931022920578,LV,0.0,0
15,uc606122.1,uc606122,1,0.9847657170794656,0.2193931022920578,LV,0.0,0
15,uc606123.1,uc606123,1,1.0117083629199477,0.2193931022920578,LV,0.0,0
15,uc606124.1,uc606124,1,0.9926487725718047,0.2193931022920578,LV,0.0,0
15,uc605825.1,uc605825,1,0.9901171581642825,0.2193931022920578,LV,0.0,0
15,uc623427.1,uc623427,1,1.0117083761148478,0.2193931022920578,LV,0.0,0
15,uc609687.1,uc609687,1,0.995317080543511,0.2193931022920578,LV,0.0,0
15,uc639277.1,uc639277,1,0.988946380080005,0.2193931022920578,LV,0.0,0
15,uc1139390.1,uc1139390,1,0.9903925888552821,0.2193931022920578,LV,0.0,0
15,uc605863.1,uc605863,1,0.9967964175735612,0.2193931022920578,LV,0.0,0
15,uc605865.1,uc605865,1,0.99702669657048,0.2193931022920578,LV,0.0,0
15,uc1138614.1,uc1138614,1,0.9898491185427053,0.2193931022920578,LV,0.0,0
15,uc605855.1,uc605855,1,0.9921233696648645,0.2193931022920578,LV,0.0,0
15,uc605828.1,uc605828,1,0.9899337535840927,0.2193931022920578,LV,0.0,0
15,uc605829.1,uc605829,1,0.9937332151790026,0.2193931022920578,LV,0.0,0
15,uc605834.1,uc605834,1,0.9875986837278647,0.2193931022920578,LV,0.0,0
15,uc605835.1,uc605835,1,0.9876535940730632,0.2193931022920578,LV,0.0,0
15,uc605827.1,uc605827,1,0.9898860952197333,0.2193931022920578,LV,0.0,0
15,uc627337.1,uc627337,1,0.9921347197780598,0.2193931022920578,LV,0.0,0
15,uc637912.1,uc637912,1,0.9937950923938147,0.2193931022920578,LV,0.0,0
15,uc637576.1,uc637576,1,1.0126864590911262,0.2193931022920578,LV,0.0,0
15,uc637356.1,uc637356,1,0.9921207218975558,0.2193931022920578,LV,0.0,0
15,uc637918.1,uc637918,1,1.0123623881448331,0.2193931022920578,LV,0.0,0
15,uc637360.1,uc637360,1,0.9861519951849228,0.2193931022920578,LV,0.0,0
15,uc637399.1,uc637399,1,0.9852462030921583,0.2193931022920578,LV,0.0,0
15,uc637397.1,uc637397,1,0.9885534726600641,0.2193931022920578,LV,0.0,0
15,uc1137150.1,uc1137150,1,0.9931586425976701,0.2193931022920578,LV,0.0,0
15,uc1636598.1,uc1636598,1,0.0,0.1270170592217177,LV,0.95,1
15,uc636933.1,uc636933,1,1.0073541856323127,0.2193931022920578,LV,0.0,0
15,uc635963.1,uc635963,1,0.9873060322074423,0.2193931022920578,LV,0.0,0
15,uc635543.1,uc635543,1,0.9935162664616023,0.2193931022920578,LV,0.0,0
15,uc635966.1,uc635966,1,0.9924218829600263,0.2193931022920578,LV,0.0,0
15,uc635550.1,uc635550,1,0.9889343933649428,0.2193931022920578,LV,0.0,0
15,uc635862.1,uc635862,1,1.0023855953481844,0.2193931022920578,LV,0.0,0
15,uc1635694.1,uc1635694,1,1.0015696616839718,0.2193931022920578,LV,0.0,0
15,uc3435739.1,uc3435739,1,1.0052820795528827,0.2193931022920578,LV,0.0,0
15,uc1635060.1,uc1635060,1,0.9957280370030622,0.2193931022920578,LV,0.0,0
15,uc1607271.1,uc1607271,1,0.9966814844200482,0.2193931022920578,LV,0.0,0
15,uc605884.1,uc605884,1,0.9929208189503184,0.2193931022920578,LV,0.0,0
15,uc1609690.1,uc1609690,1,0.9979272890597675,0.2193931022920578,LV,0.0,0
15,uc1134165.1,uc1134165,1,0.9871363188282063,0.2193931022920578,LV,0.0,0
15,uc634166.1,uc634166,1,0.9925542320853439,0.2193931022920578,LV,0.0,0
15,uc1633896.1,uc1633896,1,0.9966028407667208,0.2193931022920578,LV,0.0,0
15,uc3433894.1,uc3433894,1,0.9938154821828735,0.2193931022920578,LV,0.0,0
15,uc1633892.1,uc1633892,1,0.9987621819964898,0.2193931022920578,LV,0.0,0
15,uc633672.1,uc633672,1,0.9953423883432103,0.2193931022920578,LV,0.0,0
15,uc1633671.1,uc1633671,1,1.015304292100552,0.2193931022920578,LV,0.0,0
15,uc1632306.1,uc1632306,1,0.9942953101318984,0.2193931022920578,LV,0.0,0
15,uc632607.1,uc632607,1,0.9764512050153427,0.2193931022920578,LV,0.0,0
15,uc632613.1,uc632613,1,0.9918015762883458,0.2193931022920578,LV,0.0,0
15,uc3432407.1,uc3432407,1,1.0017208220792237,0.2193931022920578,LV,0.0,0
15,uc1632402.1,uc1632402,1,0.9891020711159972,0.2193931022920578,LV,0.0,0
15,uc1132019.1,uc1132019,1,0.9898501870607022,0.2193931022920578,LV,0.0,0
15,uc632016.1,uc632016,1,0.9941630710557421,0.2193931022920578,LV,0.0,0
15,uc1132015.1,uc1132015,1,0.9885206278935308,0.2193931022920578,LV,0.0,0
15,uc1132012.1,uc1132012,1,0.9923923873707052,0.2193931022920578,LV,0.0,0
15,uc631859.1,uc631859,1,0.9940779188654238,0.2193931022920578,LV,0.0,0
15,uc1631852.1,uc1631852,1,0.9923225616653331,0.2193931022920578,LV,0.0,0
15,uc1130761.1,uc1130761,1,0.9872498663668727,0.2193931022920578,LV,0.0,0
15,uc1630759.1,uc1630759,1,0.9883934427105397,0.2193931022920578,LV,0.0,0
15,uc630758.1,uc630758,1,1.0166242633489575,0.2193931022920578,LV,0.0,0
15,uc629428.1,uc629428,1,0.9943311753981948,0.2193931022920578,LV,0.0,0
15,uc1629639.1,uc1629639,1,0.9985298228254756,0.2193931022920578,LV,0.0,0
15,uc1229546.1,uc1229546,1,0.9895890953126875,0.2193931022920578,LV,0.0,0
15,uc628768.1,uc628768,1,0.9942995557273921,0.2193931022920578,LV,0.0,0
15,uc628757.1,uc628757,1,0.9976587178945915,0.2193931022920578,LV,0.0,0
15,uc628766.1,uc628766,1,0.9906320833746609,0.2193931022920578,LV,0.0,0
15,uc628753.1,uc628753,1,0.9976478414471538,0.2193931022920578,LV,0.0,0
15,uc627346.1,uc627346,1,0.9911009000705803,0.2193931022920578,LV,0.0,0
15,uc1628760.1,uc1628760,1,0.9986655953612876,0.2193931022920578,LV,0.0,0
15,uc1629422.1,uc1629422,1,0.9908210716473592,0.2193931022920578,LV,0.0,0
15,uc626699.1,uc626699,1,0.9922768369113861,0.2193931022920578,LV,0.0,0
15,60651.2,60651,2,0.9919964336194129,13.336791218280357,MV,0.0,0
15,60721.2,60721,2,0.9919473409278123,13.336791218280357,MV,0.0,0
15,164151.2,164151,2,0.9926344220632934,13.336791218280357,MV,0.0,0
15,302191.2,302191,2,0.9919931403044152,13.336791218280357,MV,0.0,0
15,320841.2,320841,2,0.988026003165192,13.336791218280357,MV,0.0,0
15,337711.2,337711,2,0.9919781085545427,13.336791218280357,MV,0.0,0
15,358691.2,358691,2,0.9982296719967488,13.336791218280357,MV,0.0,0
15,et6_1177.2,et6_1177,2,0.9923065447151695,0.2193931022920578,LV,0.0,0
15,461501.2,461501,2,0.9934703885513149,13.336791218280357,MV,0.0,0
15,686891.2,686891,2,0.99060672646109,13.336791218280357,MV,0.0,0
15,703601.2,703601,2,0.9928748159598307,13.336791218280357,MV,0.0,0
15,713791.2,713791,2,0.9898685014370647,13.336791218280357,MV,0.0,0
15,725731.2,725731,2,0.9887309428406058,13.336791218280357,MV,0.0,0
15,809501.2,809501,2,0.9906980282834562,13.336791218280357,MV,0.0,0
15,811221.2,811221,2,0.9927782770269946,13.336791218280357,MV,0.0,0
15,815111.2,815111,2,0.9920848278461492,13.336791218280357,MV,0.0,0
15,822371.2,822371,2,0.9891146513475867,13.336791218280357,MV,0.0,0
15,820611.2,820611,2,0.9912523456042679,13.336791218280357,MV,0.0,0
15,822641.2,822641,2,0.9895515772871429,13.336791218280357,MV,0.0,0
15,618431.2,618431,2,0.9919941234194829,13.336791218280357,MV,0.0,0
15,bt10401.2,bt10401,2,0.9847966430305668,0.2193931022920578,LV,0.0,0
15,bt197792.2,bt197792,2,0.9845075979660615,0.2193931022920578,LV,0.0,0
15,bt800551.2,bt800551,2,0.9845075979872817,0.2193931022920578,LV,0.0,0
15,bt295341.2,bt295341,2,0.9839655764125632,0.2193931022920578,LV,0.0,0
15,bt800541.2,bt800541,2,0.9842321218913438,0.2193931022920578,LV,0.0,0
15,bt295361.2,bt295361,2,0.983537562140425,0.2193931022920578,LV,0.0,0
15,bt474991.2,bt474991,2,0.9833999448502351,0.2193931022920578,LV,0.0,0
15,uc1627323.2,uc1627323,2,0.985505652454961,0.2193931022920578,LV,0.0,0
15,uc3405987.2,uc3405987,2,1.0098785950766598,0.2193931022920578,LV,0.0,0
15,uc3405846.2,uc3405846,2,0.991166023158438,0.2193931022920578,LV,0.0,0
15,uc3405847.2,uc3405847,2,1.0104593562554394,0.2193931022920578,LV,0.0,0
15,uc3405838.2,uc3405838,2,0.9883179987257762,0.2193931022920578,LV,0.0,0
15,uc1607326.2,uc1607326,2,0.9888303291983911,0.2193931022920578,LV,0.0,0
15,uc1607316.2,uc1607316,2,0.9875706177263184,0.2193931022920578,LV,0.0,0
15,uc1607308.2,uc1607308,2,0.9898611554748752,0.2193931022920578,LV,0.0,0
15,uc1623434.2,uc1623434,2,0.0,0.1270170592217177,LV,0.95,1
15,uc1620373.2,uc1620373,2,0.9911317361092551,0.2193931022920578,LV,0.0,0
15,uc1607302.2,uc1607302,2,0.9908902664418272,0.2193931022920578,LV,0.0,0
15,uc1607304.2,uc1607304,2,0.9909070941714718,0.2193931022920578,LV,0.0,0
15,uc1607306.2,uc1607306,2,0.9894174424469141,0.2193931022920578,LV,0.0,0
15,uc1607299.2,uc1607299,2,0.9912088106543716,0.2193931022920578,LV,0.0,0
15,uc1607297.2,uc1607297,2,0.9920120539106527,0.2193931022920578,LV,0.0,0
15,uc1607298.2,uc1607298,2,0.9913516496088787,0.2193931022920578,LV,0.0,0
15,uc1607289.2,uc1607289,2,0.9943438621204216,0.2193931022920578,LV,0.0,0
15,uc1607291.2,uc1607291,2,0.9916542481812899,0.2193931022920578,LV,0.0,0
15,uc1607292.2,uc1607292,2,0.9912314012995469,0.2193931022920578,LV,0.0,0
15,uc1607280.2,uc1607280,2,0.989589850559373,0.2193931022920578,LV,0.0,0
15,uc1607284.2,uc1607284,2,0.9899099609944112,0.2193931022920578,LV,0.0,0
15,uc1607285.2,uc1607285,2,0.9898216612991131,0.2193931022920578,LV,0.0,0
15,uc1607288.2,uc1607288,2,0.9900946520502789,0.2193931022920578,LV,0.0,0
15,uc1607279.2,uc1607279,2,0.9904706255196464,0.2193931022920578,LV,0.0,0
15,uc1607355.2,uc1607355,2,0.9910567849107733,0.2193931022920578,LV,0.0,0
15,uc1607357.2,uc1607357,2,0.9921953129576908,0.2193931022920578,LV,0.0,0
15,uc1607358.2,uc1607358,2,0.9910710238824921,0.2193931022920578,LV,0.0,0
15,uc1607368.2,uc1607368,2,0.0,0.1270170592217177,LV,0.95,1
15,uc1607276.2,uc1607276,2,0.9990416271491951,0.2193931022920578,LV,0.0,0
15,uc1607278.2,uc1607278,2,0.9991157752076295,0.2193931022920578,LV,0.0,0
15,uc1607273.2,uc1607273,2,0.9972361811100342,0.2193931022920578,LV,0.0,0
15,uc1607328.2,uc1607328,2,0.9884483581009699,0.2193931022920578,LV,0.0,0
15,uc1607347.2,uc1607347,2,1.0764639665575753,0.2193931022920578,LV,0.026463966557575214,1
15,uc1607350.2,uc1607350,2,1.0323550335117517,0.2193931022920578,LV,0.0,0
15,uc1107341.2,uc1107341,2,0.9888455353708911,0.2193931022920578,LV,0.0,0
15,uc1107333.2,uc1107333,2,0.9901401909314518,0.2193931022920578,LV,0.0,0
15,uc1607268.2,uc1607268,2,0.9968104449148748,0.2193931022920578,LV,0.0,0
15,uc1607252.2,uc1607252,2,0.9876603584240184,0.2193931022920578,LV,0.0,0
15,uc1606000.2,uc1606000,2,0.989773401486537,0.2193931022920578,LV,0.0,0
15,uc1607255.2,uc1607255,2,0.9905497854047294,0.2193931022920578,LV,0.0,0
15,uc1607258.2,uc1607258,2,0.9876673508094628,0.2193931022920578,LV,0.0,0
15,uc1124041.2,uc1124041,2,0.9889293302998854,0.2193931022920578,LV,0.0,0
15,uc1124340.2,uc1124340,2,0.9904472307933001,0.2193931022920578,LV,0.0,0
15,uc1121173.2,uc1121173,2,0.9902176114121515,0.2193931022920578,LV,0.0,0
15,uc1107345.2,uc1107345,2,0.9904304404125396,0.2193931022920578,LV,0.0,0
15,uc605816.2,uc605816,2,1.0224443984134466,0.2193931022920578,LV,0.0,0
15,uc605812.2,uc605812,2,0.9834298632230346,0.2193931022920578,LV,0.0,0
15,uc605813.2,uc605813,2,0.9921477321703718,0.2193931022920578,LV,0.0,0
15,uc609685.2,uc609685,2,0.9939301944309786,0.2193931022920578,LV,0.0,0
15,uc609688.2,uc609688,2,1.0128207655993762,0.2193931022920578,LV,0.0,0
15,uc621168.2,uc621168,2,0.9888585548580185,0.2193931022920578,LV,0.0,0
15,uc621171.2,uc621171,2,0.9865970023273873,0.2193931022920578,LV,0.0,0
15,uc605810.2,uc605810,2,0.9933821711648902,0.2193931022920578,LV,0.0,0
15,uc605807.2,uc605807,2,0.9847788412317525,0.2193931022920578,LV,0.0,0
15,uc605801.2,uc605801,2,0.9912929345270128,0.2193931022920578,LV,0.0,0
15,uc607384.2,uc607384,2,0.9872833159135016,0.2193931022920578,LV,0.0,0
15,uc607385.2,uc607385,2,0.9942836783527678,0.2193931022920578,LV,0.0,0
15,uc609682.2,uc609682,2,0.9881837952288691,0.2193931022920578,LV,0.0,0
15,uc609683.2,uc609683,2,0.9927178225286206,0.2193931022920578,LV,0.0,0
15,uc607377.2,uc607377,2,0.9941613568682321,0.2193931022920578,LV,0.0,0
15,uc607382.2,uc607382,2,0.9923083546397002,0.2193931022920578,LV,0.0,0
15,uc606117.2,uc606117,2,0.9880048457784704,0.2193931022920578,LV,0.0,0
15,uc606120.2,uc606120,2,0.9877135131593037,0.2193931022920578,LV,0.0,0
15,uc623433.2,uc623433,2,0.984606333475204,0.2193931022920578,LV,0.0,0
15,uc623007.2,uc623007,2,0.9920383038213842,0.2193931022920578,LV,0.0,0
15,uc606147.2,uc606147,2,1.0823994911460788,0.2193931022920578,LV,0.03239949114607876,1
15,uc606148.2,uc606148,2,0.9980887703138946,0.2193931022920578,LV,0.0,0
15,uc606150.2,uc606150,2,0.996707523755367,0.2193931022920578,LV,0.0,0
15,uc606109.2,uc606109,2,0.9868656238664606,0.2193931022920578,LV,0.0,0
15,uc606110.2,uc606110,2,0.9863470675317146,0.2193931022920578,LV,0.0,0
15,uc606111.2,uc606111,2,0.987968997985409,0.2193931022920578,LV,0.0,0
15,uc622720.2,uc622720,2,0.991740644217279,0.2193931022920578,LV,0.0,0
15,uc623004.2,uc623004,2,1.0046571797896602,0.2193931022920578,LV,0.0,0
15,uc606103.2,uc606103,2,0.988872494029142,0.2193931022920578,LV,0.0,0
15,uc606139.2,uc606139,2,1.0239992572700236,0.2193931022920578,LV,0.0,0
15,uc606143.2,uc606143,2,1.043323244375475,0.2193931022920578,LV,0.0,0
15,uc605921.2,uc605921,2,0.9916977153625915,0.2193931022920578,LV,0.0,0
15,uc605915.2,uc605915,2,0.991647239782044,0.2193931022920578,LV,0.0,0
15,uc606101.2,uc606101,2,0.9888355212713763,0.2193931022920578,LV,0.0,0
15,uc622273.2,uc622273,2,1.0409608065721556,0.2193931022920578,LV,0.0,0
15,uc605990.2,uc605990,2,0.9839653550947159,0.2193931022920578,LV,0.0,0
15,uc606130.2,uc606130,2,0.9894688956388878,0.2193931022920578,LV,0.0,0
15,uc606132.2,uc606132,2,0.9876579606287336,0.2193931022920578,LV,0.0,0
15,uc622258.2,uc622258,2,0.990433879944242,0.2193931022920578,LV,0.0,0
15,uc622270.2,uc622270,2,0.9961542506650526,0.2193931022920578,LV,0.0,0
15,uc605905.2,uc605905,2,0.9878381504995591,0.2193931022920578,LV,0.0,0
15,uc605909.2,uc605909,2,0.9916380249234658,0.2193931022920578,LV,0.0,0
15,uc605910.2,uc605910,2,0.9888394242174371,0.2193931022920578,LV,0.0,0
15,uc605911.2,uc605911,2,0.9894082092027504,0.2193931022920578,LV,0.0,0
15,uc606128.2,uc606128,2,0.9892229786720249,0.2193931022920578,LV,0.0,0
15,uc605904.2,uc605904,2,0.9879010004049191,0.2193931022920578,LV,0.0,0
15,uc1239552.2,uc1239552,2,0.9914526166095962,0.2193931022920578,LV,0.0,0
15,uc605817.2,uc605817,2,0.9921815186414142,0.2193931022920578,LV,0.0,0
15,uc605819.2,uc605819,2,1.0079164815010804,0.2193931022920578,LV,0.0,0
15,uc605820.2,uc605820,2,0.986261023502072,0.2193931022920578,LV,0.0,0
15,uc605821.2,uc605821,2,0.9895122739666972,0.2193931022920578,LV,0.0,0
15,uc605822.2,uc605822,2,0.9861494975135957,0.2193931022920578,LV,0.0,0
15,uc639280.2,uc639280,2,1.008841529042663,0.2193931022920578,LV,0.0,0
15,uc605898.2,uc605898,2,0.9916758537490411,0.2193931022920578,LV,0.0,0
15,uc605902.2,uc605902,2,0.9884265601905945,0.2193931022920578,LV,0.0,0
15,uc605982.2,uc605982,2,0.9846906024299549,0.2193931022920578,LV,0.0,0
15,uc605988.2,uc605988,2,0.9834726449662923,0.2193931022920578,LV,0.0,0
15,uc606126.2,uc606126,2,1.0010053409999669,0.2193931022920578,LV,0.0,0
15,uc606127.2,uc606127,2,0.9879902289431484,0.2193931022920578,LV,0.0,0
15,uc605896.2,uc605896,2,0.9851506092248051,0.2193931022920578,LV,0.0,0
15,uc606121.2,uc606121,2,0.9871197002223188,0.2193931022920578,LV,0.0,0
15,uc606122.2,uc606122,2,0.9852162272862577,0.2193931022920578,LV,0.0,0
15,uc606123.2,uc606123,2,1.0121778622598643,0.2193931022920578,LV,0.0,0
15,uc622709.2,uc622709,2,0.9912253634065169,0.2193931022920578,LV,0.0,0
15,uc639277.2,uc639277,2,0.9896092744551663,0.2193931022920578,LV,0.0,0
15,uc1139390.2,uc1139390,2,0.9914161840009572,0.2193931022920578,LV,0.0,0
15,uc605864.2,uc605864,2,0.9943260489884299,0.2193931022920578,LV,0.0,0
15,uc605865.2,uc605865,2,0.997447323688013,0.2193931022920578,LV,0.0,0
15,uc638617.2,uc638617,2,0.9971389016218142,0.2193931022920578,LV,0.0,0
15,uc605855.2,uc605855,2,0.9893462201742662,0.2193931022920578,LV,0.0,0
15,uc1638606.2,uc1638606,2,0.9965157927699808,0.2193931022920578,LV,0.0,0
15,uc1638954.2,uc1638954,2,0.9970043577560357,0.2193931022920578,LV,0.0,0
15,uc605836.2,uc605836,2,0.9803460637381438,0.2193931022920578,LV,0.0,0
15,uc1607303.2,uc1607303,2,0.9922337106370909,0.2193931022920578,LV,0.0,0
15,uc637705.2,uc637705,2,0.9906875714415869,0.2193931022920578,LV,0.0,0
15,uc1637704.2,uc1637704,2,1.0022920287718082,0.2193931022920578,LV,0.0,0
15,uc637576.2,uc637576,2,1.0131558507225864,0.2193931022920578,LV,0.0,0
15,uc637918.2,uc637918,2,1.0130375554580908,0.2193931022920578,LV,0.0,0
15,uc637360.2,uc637360,2,0.9866042816384507,0.2193931022920578,LV,0.0,0
15,uc637397.2,uc637397,2,0.9898942071644904,0.2193931022920578,LV,0.0,0
15,uc636933.2,uc636933,2,1.0213290972904367,0.2193931022920578,LV,0.0,0
15,uc605908.2,uc605908,2,0.99309135141837,0.2193931022920578,LV,0.0,0
15,uc635963.2,uc635963,2,0.9877589186178944,0.2193931022920578,LV,0.0,0
15,uc635543.2,uc635543,2,0.9939703575370449,0.2193931022920578,LV,0.0,0
15,uc635966.2,uc635966,2,0.9928760601606849,0.2193931022920578,LV,0.0,0
15,uc627328.2,uc627328,2,0.983247009364163,0.2193931022920578,LV,0.0,0
15,uc635550.2,uc635550,2,0.9893998888272079,0.2193931022920578,LV,0.0,0
15,uc635862.2,uc635862,2,1.0037382828122028,0.2193931022920578,LV,0.0,0
15,uc3435739.2,uc3435739,2,1.0139434264917737,0.2193931022920578,LV,0.0,0
15,uc634166.2,uc634166,2,0.9915813939731858,0.2193931022920578,LV,0.0,0
15,uc1633671.2,uc1633671,2,1.0175710517501808,0.2193931022920578,LV,0.0,0
15,uc633056.2,uc633056,2,0.9926257905473076,0.2193931022920578,LV,0.0,0
15,uc632607.2,uc632607,2,0.9777727045052813,0.2193931022920578,LV,0.0,0
15,uc1632402.2,uc1632402,2,0.9907614648262025,0.2193931022920578,LV,0.0,0
15,uc1131858.2,uc1131858,2,0.9889258675855176,0.2193931022920578,LV,0.0,0
15,uc631391.2,uc631391,2,0.9833925855205153,0.2193931022920578,LV,0.0,0
15,uc1630759.2,uc1630759,2,0.9900140414227891,0.2193931022920578,LV,0.0,0
15,uc630758.2,uc630758,2,1.0390987546780506,0.2193931022920578,LV,0.0,0
15,uc630753.2,uc630753,2,0.9894241815362944,0.2193931022920578,LV,0.0,0
15,uc628766.2,uc628766,2,0.9894772607586431,0.2193931022920578,LV,0.0,0
15,uc627346.2,uc627346,2,0.9905502325193543,0.2193931022920578,LV,0.0,0
15,uc1629422.2,uc1629422,2,0.9903172446635561,0.2193931022920578,LV,0.0,0
15,60651.3,60651,3,0.9910324141745382,13.336791218280357,MV,0.0,0
15,60721.3,60721,3,0.9909833518777293,13.336791218280357,MV,0.0,0
15,164151.3,164151,3,0.9916700606181537,13.336791218280357,MV,0.0,0
15,302191.3,302191,3,0.9902331804719439,13.336791218280357,MV,0.0,0
15,320841.3,320841,3,0.9870813320355087,13.336791218280357,MV,0.0,0
15,337711.3,337711,3,0.9902180532565338,13.336791218280357,MV,0.0,0
15,358691.3,358691,3,0.9977165005655458,13.336791218280357,MV,0.0,0
15,et6_1177.3,et6_1177,3,0.9926599740102974,0.2193931022920578,LV,0.0,0
15,461501.3,461501,3,0.9923705258262911,13.336791218280357,MV,0.0,0
15,686891.3,686891,3,0.989664024727929,13.336791218280357,MV,0.0,0
15,703601.3,703601,3,0.9919089771898674,13.336791218280357,MV,0.0,0
15,713791.3,713791,3,0.9889234123443394,13.336791218280357,MV,0.0,0
15,725731.3,725731,3,0.9877861161362642,13.336791218280357,MV,0.0,0
15,809501.3,809501,3,0.9897568576182195,13.336791218280357,MV,0.0,0
15,811221.3,811221,3,0.9918136781570593,13.336791218280357,MV,0.0,0
15,815111.3,815111,3,0.9903248886145426,13.336791218280357,MV,0.0,0
15,822371.3,822371,3,0.9881695716761446,13.336791218280357,MV,0.0,0
15,820611.3,820611,3,0.9902958468006989,13.336791218280357,MV,0.0,0
15,822641.3,822641,3,0.9886027326502428,13.336791218280357,MV,0.0,0
15,618431.3,618431,3,0.9910301035018415,13.336791218280357,MV,0.0,0
15,bt10401.3,bt10401,3,0.9930978925323151,0.2193931022920578,LV,0.0,0
15,bt197792.3,bt197792,3,0.993097893995317,0.2193931022920578,LV,0.0,0
15,bt800551.3,bt800551,3,0.9930978938227195,0.2193931022920578,LV,0.0,0
15,bt295341.3,bt295341,3,0.9930978953194092,0.2193931022920578,LV,0.0,0
15,bt800541.3,bt800541,3,0.9930978946828708,0.2193931022920578,LV,0.0,0
15,bt295361.3,bt295361,3,0.9930978959996014,0.2193931022920578,LV,0.0,0
15,bt474991.3,bt474991,3,0.9930978964643724,0.2193931022920578,LV,0.0,0
15,uc627336.3,uc627336,3,0.9904770336486658,0.2193931022920578,LV,0.0,0
15,uc1620373.3,uc1620373,3,0.9913022764930354,0.2193931022920578,LV,0.0,0
15,uc1607302.3,uc1607302,3,0.9910621670679378,0.2193931022920578,LV,0.0,0
15,uc1607304.3,uc1607304,3,0.9910767134850802,0.2193931022920578,LV,0.0,0
15,uc1607298.3,uc1607298,3,0.9917889958734021,0.2193931022920578,LV,0.0,0
15,uc1607280.3,uc1607280,3,0.9897528667871158,0.2193931022920578,LV,0.0,0
15,uc1607285.3,uc1607285,3,0.9907524712873375,0.2193931022920578,LV,0.0,0
15,uc1607279.3,uc1607279,3,0.9906335743664259,0.2193931022920578,LV,0.0,0
15,uc1607347.3,uc1607347,3,1.0765800754728234,0.2193931022920578,LV,0.026580075472823372,1
15,uc1124340.3,uc1124340,3,0.9913534154849638,0.2193931022920578,LV,0.0,0
15,uc605816.3,uc605816,3,1.0224332707853583,0.2193931022920578,LV,0.0,0
15,uc605815.3,uc605815,3,1.0006911729888632,0.2193931022920578,LV,0.0,0
15,uc621171.3,uc621171,3,0.9865645079406528,0.2193931022920578,LV,0.0,0
15,uc607384.3,uc607384,3,0.987253873800387,0.2193931022920578,LV,0.0,0
15,uc606117.3,uc606117,3,0.9879718508568341,0.2193931022920578,LV,0.0,0
15,uc606120.3,uc606120,3,0.987680626012065,0.2193931022920578,LV,0.0,0
15,uc623007.3,uc623007,3,0.9923916779754098,0.2193931022920578,LV,0.0,0
15,uc605867.3,uc605867,3,0.9950876329884034,0.2193931022920578,LV,0.0,0
15,uc606150.3,uc606150,3,0.9967532999004346,0.2193931022920578,LV,0.0,0
15,uc606109.3,uc606109,3,0.9868330497180133,0.2193931022920578,LV,0.0,0
15,uc606110.3,uc606110,3,0.9863145432182958,0.2193931022920578,LV,0.0,0
15,uc606111.3,uc606111,3,0.9879360311919402,0.2193931022920578,LV,0.0,0
15,uc622722.3,uc622722,3,0.9988599391952816,0.2193931022920578,LV,0.0,0
15,uc623004.3,uc623004,3,1.0060637694702905,0.2193931022920578,LV,0.0,0
15,uc606101.3,uc606101,3,0.9887927774673417,0.2193931022920578,LV,0.0,0
15,uc606132.3,uc606132,3,0.9876337092057297,0.2193931022920578,LV,0.0,0
15,uc605910.3,uc605910,3,0.9888027513613841,0.2193931022920578,LV,0.0,0
15,uc605911.3,uc605911,3,0.98937127213297,0.2193931022920578,LV,0.0,0
15,uc605904.3,uc605904,3,0.9898801171376951,0.2193931022920578,LV,0.0,0
15,uc1239552.3,uc1239552,3,0.9916229812736409,0.2193931022920578,LV,0.0,0
15,uc605821.3,uc605821,3,0.9909420435861597,0.2193931022920578,LV,0.0,0
15,uc639280.3,uc639280,3,1.008974261574297,0.2193931022920578,LV,0.0,0
15,uc605898.3,uc605898,3,0.990628791047873,0.2193931022920578,LV,0.0,0
15,uc605902.3,uc605902,3,0.9884368042979138,0.2193931022920578,LV,0.0,0
15,uc606126.3,uc606126,3,1.0009755676498366,0.2193931022920578,LV,0.0,0
15,uc606127.3,uc606127,3,0.9879664750751513,0.2193931022920578,LV,0.0,0
15,uc606121.3,uc606121,3,0.9870865058516501,0.2193931022920578,LV,0.0,0
15,uc606122.3,uc606122,3,0.9851828811352883,0.2193931022920578,LV,0.0,0
15,uc639277.3,uc639277,3,0.9910390547940436,0.2193931022920578,LV,0.0,0
15,uc1139390.3,uc1139390,3,0.9915865424036832,0.2193931022920578,LV,0.0,0
15,uc637576.3,uc637576,3,1.0131134105504562,0.2193931022920578,LV,0.0,0
15,uc637918.3,uc637918,3,1.013171724139494,0.2193931022920578,LV,0.0,0
15,uc637360.3,uc637360,3,0.9865717745376309,0.2193931022920578,LV,0.0,0
15,uc637397.3,uc637397,3,0.9899354863864932,0.2193931022920578,LV,0.0,0
15,uc635963.3,uc635963,3,0.9877260028678355,0.2193931022920578,LV,0.0,0
15,uc635543.3,uc635543,3,0.9939339587198697,0.2193931022920578,LV,0.0,0
15,uc635966.3,uc635966,3,0.9928394607850093,0.2193931022920578,LV,0.0,0
15,uc635550.3,uc635550,3,0.989376494378083,0.2193931022920578,LV,0.0,0
15,uc635862.3,uc635862,3,1.0025883891158147,0.2193931022920578,LV,0.0,0
15,uc1633671.3,uc1633671,3,1.0175881386686287,0.2193931022920578,LV,0.0,0
15,uc632607.3,uc632607,3,0.9778171327459249,0.2193931022920578,LV,0.0,0
15,uc1629422.3,uc1629422,3,0.9919963422343737,0.2193931022920578,LV,0.0,0
16,60651.1,60651,1,0.9918184357621362,13.336791218280357,MV,0.0,0
16,60721.1,60721,1,0.9917720700569597,13.336791218280357,MV,0.0,0
16,164151.1,164151,1,0.992384933240578,13.336791218280357,MV,0.0,0
16,302191.1,302191,1,0.9897395186314975,13.336791218280357,MV,0.0,0
16,320841.1,320841,1,0.9883389782680442,13.336791218280357,MV,0.0,0
16,337711.1,337711,1,0.9897341669925265,13.336791218280357,MV,0.0,0
16,358691.1,358691,1,0.9981925015670028,13.336791218280357,MV,0.0,0
16,et6_1177.1,et6_1177,1,0.9914075256949026,0.2193931022920578,LV,0.0,0
16,461501.1,461501,1,0.9927382960507564,13.336791218280357,MV,0.0,0
16,686891.1,686891,1,0.9905949950116469,13.336791218280357,MV,0.0,0
16,703601.1,703601,1,0.9925949250325224,13.336791218280357,MV,0.0,0
16,713791.1,713791,1,0.9899314573752512,13.336791218280357,MV,0.0,0
16,725731.1,725731,1,0.9889306005671268,13.336791218280357,MV,0.0,0
16,809501.1,809501,1,0.9907111896703154,13.336791218280357,MV,0.0,0
16,811221.1,811221,1,0.9925016744643335,13.336791218280357,MV,0.0,0
16,815111.1,815111,1,0.9898107528226339,13.336791218280357,MV,0.0,0
16,822371.1,822371,1,0.9892722673946193,13.336791218280357,MV,0.0,0
16,820611.1,820611,1,0.9912014907788368,13.336791218280357,MV,0.0,0
16,822641.1,822641,1,0.989614025032408,13.336791218280357,MV,0.0,0
16,618431.1,618431,1,0.9918166840283538,13.336791218280357,MV,0.0,0
16,bt10401.1,bt10401,1,0.9849338322399117,0.2193931022920578,LV,0.0,0
16,bt197792.1,bt197792,1,0.9841305968781169,0.2193931022920578,LV,0.0,0
16,bt800551.1,bt800551,1,0.9843293984852333,0.2193931022920578,LV,0.0,0
16,bt295341.1,bt295341,1,0.9835619167209522,0.2193931022920578,LV,0.0,0
16,bt800541.1,bt800541,1,0.9839068859558543,0.2193931022920578,LV,0.0,0
16,bt295361.1,bt295361,1,0.9832437163637169,0.2193931022920578,LV,0.0,0
16,bt474991.1,bt474991,1,0.9829931369286782,0.2193931022920578,LV,0.0,0
16,uc626695.1,uc626695,1,0.9808854223720811,0.2193931022920578,LV,0.0,0
16,uc1627323.1,uc1627323,1,0.9871544256864211,0.2193931022920578,LV,0.0,0
16,uc1627342.1,uc1627342,1,0.9972172490341032,0.2193931022920578,LV,0.0,0
16,uc627343.1,uc627343,1,0.9904202578450044,0.2193931022920578,LV,0.0,0
16,uc627344.1,uc627344,1,0.9938462130179884,0.2193931022920578,LV,0.0,0
16,uc1626672.1,uc1626672,1,0.0,0.1270170592217177,LV,0.95,1
16,uc1626490.1,uc1626490,1,0.9956577108738914,0.2193931022920578,LV,0.0,0
16,uc3422706.1,uc3422706,1,0.9932484498894008,0.2193931022920578,LV,0.0,0
16,uc3425629.1,uc3425629,1,0.9933241115152175,0.2193931022920578,LV,0.0,0
16,uc3422597.1,uc3422597,1,0.9971740164969148,0.2193931022920578,LV,0.0,0
16,uc3405843.1,uc3405843,1,0.9906711054248053,0.2193931022920578,LV,0.0,0
16,uc3405844.1,uc3405844,1,1.0127900795069222,0.2193931022920578,LV,0.0,0
16,uc3405845.1,uc3405845,1,1.0116172606276206,0.2193931022920578,LV,0.0,0
16,uc3405846.1,uc3405846,1,0.9909697346401429,0.2193931022920578,LV,0.0,0
16,uc1626486.1,uc1626486,1,0.9970824727679181,0.2193931022920578,LV,0.0,0
16,uc1626487.1,uc1626487,1,0.990032344561855,0.2193931022920578,LV,0.0,0
16,uc626481.1,uc626481,1,0.9907605511042052,0.2193931022920578,LV,0.0,0
16,uc626678.1,uc626678,1,0.9886654505165391,0.2193931022920578,LV,0.0,0
16,uc626698.1,uc626698,1,0.9927097468510201,0.2193931022920578,LV,0.0,0
16,uc626476.1,uc626476,1,0.982776263746465,0.2193931022920578,LV,0.0,0
16,uc1627321.1,uc1627321,1,0.9968586254255029,0.2193931022920578,LV,0.0,0
16,uc1607319.1,uc1607319,1,0.9868253061152966,0.2193931022920578,LV,0.0,0
16,uc1607308.1,uc1607308,1,0.9890870421131731,0.2193931022920578,LV,0.0,0
16,uc1624026.1,uc1624026,1,0.0,0.1270170592217177,LV,0.95,1
16,uc1625170.1,uc1625170,1,0.9927636759765006,0.2193931022920578,LV,0.0,0
16,uc1621994.1,uc1621994,1,0.9965943626401425,0.2193931022920578,LV,0.0,0
16,uc1620360.1,uc1620360,1,0.9966367570006712,0.2193931022920578,LV,0.0,0
16,uc1620373.1,uc1620373,1,0.9889736770204307,0.2193931022920578,LV,0.0,0
16,uc1607302.1,uc1607302,1,0.9886470548256607,0.2193931022920578,LV,0.0,0
16,uc1607304.1,uc1607304,1,0.9871517624369549,0.2193931022920578,LV,0.0,0
16,uc1607305.1,uc1607305,1,0.9865844314790182,0.2193931022920578,LV,0.0,0
16,uc1607306.1,uc1607306,1,0.9884215809454167,0.2193931022920578,LV,0.0,0
16,uc1607297.1,uc1607297,1,0.9921628046169636,0.2193931022920578,LV,0.0,0
16,uc1607298.1,uc1607298,1,0.9897491070731109,0.2193931022920578,LV,0.0,0
16,uc1607289.1,uc1607289,1,0.9939342842356944,0.2193931022920578,LV,0.0,0
16,uc1607290.1,uc1607290,1,0.9940377228869551,0.2193931022920578,LV,0.0,0
16,uc1607291.1,uc1607291,1,0.9922856832823723,0.2193931022920578,LV,0.0,0
16,uc1607280.1,uc1607280,1,0.9868257057936876,0.2193931022920578,LV,0.0,0
16,uc1607283.1,uc1607283,1,0.983109683720971,0.2193931022920578,LV,0.0,0
16,uc1607285.1,uc1607285,1,0.9852859848832001,0.2193931022920578,LV,0.0,0
16,uc1607287.1,uc1607287,1,0.9884515932115919,0.2193931022920578,LV,0.0,0
16,uc1607288.1,uc1607288,1,0.9897448655076869,0.2193931022920578,LV,0.0,0
16,uc1607279.1,uc1607279,1,0.9881456348851518,0.2193931022920578,LV,0.0,0
16,uc1607357.1,uc1607357,1,0.9914739324274963,0.2193931022920578,LV,0.0,0
16,uc1607358.1,uc1607358,1,0.9913760508419361,0.2193931022920578,LV,0.0,0
16,uc1607368.1,uc1607368,1,0.0,0.1270170592217177,LV,0.95,1
16,uc1607277.1,uc1607277,1,0.9984657276890401,0.2193931022920578,LV,0.0,0
16,uc1607278.1,uc1607278,1,0.999999654014243,0.2193931022920578,LV,0.0,0
16,uc1607272.1,uc1607272,1,1.0008027654887064,0.2193931022920578,LV,0.0,0
16,uc1607273.1,uc1607273,1,0.9994838746685278,0.2193931022920578,LV,0.0,0
16,uc1607353.1,uc1607353,1,0.9929608943261091,0.2193931022920578,LV,0.0,0
16,uc1607347.1,uc1607347,1,1.0567597701411962,0.2193931022920578,LV,0.006759770141196109,1
16,uc1607349.1,uc1607349,1,0.998660766200749,0.2193931022920578,LV,0.0,0
16,uc1107342.1,uc1107342,1,0.9862264899367533,0.2193931022920578,LV,0.0,0
16,uc1107340.1,uc1107340,1,0.9827613327930285,0.2193931022920578,LV,0.0,0
16,uc1105833.1,uc1105833,1,0.9899102647935458,0.2193931022920578,LV,0.0,0
16,uc1107330.1,uc1107330,1,0.9820221436750547,0.2193931022920578,LV,0.0,0
16,uc1607265.1,uc1607265,1,0.9842269420626364,0.2193931022920578,LV,0.0,0
16,uc1607268.1,uc1607268,1,0.9961209159527916,0.2193931022920578,LV,0.0,0
16,uc1607252.1,uc1607252,1,0.9880193365945845,0.2193931022920578,LV,0.0,0
16,uc1605991.1,uc1605991,1,0.9900533563406176,0.2193931022920578,LV,0.0,0
16,uc1605996.1,uc1605996,1,1.0012554137327057,0.2193931022920578,LV,0.0,0
16,uc1607257.1,uc1607257,1,0.9907979595715916,0.2193931022920578,LV,0.0,0
16,uc1607258.1,uc1607258,1,0.9880297894709152,0.2193931022920578,LV,0.0,0
16,uc1124340.1,uc1124340,1,0.9868687714472155,0.2193931022920578,LV,0.0,0
16,uc605816.1,uc605816,1,1.0111312387688465,0.2193931022920578,LV,0.0,0
16,uc605813.1,uc605813,1,0.9909007340909345,0.2193931022920578,LV,0.0,0
16,uc609684.1,uc609684,1,0.9939792932864767,0.2193931022920578,LV,0.0,0
16,uc609686.1,uc609686,1,0.9944340560858613,0.2193931022920578,LV,0.0,0
16,uc609688.1,uc609688,1,0.9998039337290373,0.2193931022920578,LV,0.0,0
16,uc621168.1,uc621168,1,0.9899080955404067,0.2193931022920578,LV,0.0,0
16,uc621171.1,uc621171,1,0.9858644520399851,0.2193931022920578,LV,0.0,0
16,uc605808.1,uc605808,1,0.9948074393710238,0.2193931022920578,LV,0.0,0
16,uc605809.1,uc605809,1,0.9840799538901471,0.2193931022920578,LV,0.0,0
16,uc605810.1,uc605810,1,0.993149973270131,0.2193931022920578,LV,0.0,0
16,uc605970.1,uc605970,1,0.9916424592176684,0.2193931022920578,LV,0.0,0
16,uc605803.1,uc605803,1,0.9919488763902554,0.2193931022920578,LV,0.0,0
16,uc605804.1,uc605804,1,0.9932980057306192,0.2193931022920578,LV,0.0,0
16,uc605806.1,uc605806,1,0.9900948646658743,0.2193931022920578,LV,0.0,0
16,uc607384.1,uc607384,1,0.9862213533767952,0.2193931022920578,LV,0.0,0
16,uc607387.1,uc607387,1,0.9905462991949548,0.2193931022920578,LV,0.0,0
16,uc609682.1,uc609682,1,0.9870100600010349,0.2193931022920578,LV,0.0,0
16,uc624033.1,uc624033,1,0.9966943877896429,0.2193931022920578,LV,0.0,0
16,uc625156.1,uc625156,1,0.9919836662901177,0.2193931022920578,LV,0.0,0
16,uc625624.1,uc625624,1,0.9865195395650311,0.2193931022920578,LV,0.0,0
16,uc625625.1,uc625625,1,0.9942734614961729,0.2193931022920578,LV,0.0,0
16,uc607366.1,uc607366,1,0.9840386508647528,0.2193931022920578,LV,0.0,0
16,uc607367.1,uc607367,1,0.9929492296201546,0.2193931022920578,LV,0.0,0
16,uc606114.1,uc606114,1,0.9877279733638274,0.2193931022920578,LV,0.0,0
16,uc606117.1,uc606117,1,0.9879713252171889,0.2193931022920578,LV,0.0,0
16,uc606120.1,uc606120,1,0.9874897350313024,0.2193931022920578,LV,0.0,0
16,uc623015.1,uc623015,1,0.9833533509090036,0.2193931022920578,LV,0.0,0
16,uc623432.1,uc623432,1,0.9907251750241794,0.2193931022920578,LV,0.0,0
16,uc624028.1,uc624028,1,0.9907910570336818,0.2193931022920578,LV,0.0,0
16,uc605873.1,uc605873,1,0.9937547047877744,0.2193931022920578,LV,0.0,0
16,uc623007.1,uc623007,1,0.9910052278749373,0.2193931022920578,LV,0.0,0
16,uc606147.1,uc606147,1,1.0379926855571024,0.2193931022920578,LV,0.0,0
16,uc606148.1,uc606148,1,0.9977499907240144,0.2193931022920578,LV,0.0,0
16,uc606150.1,uc606150,1,0.9960970334991622,0.2193931022920578,LV,0.0,0
16,uc606109.1,uc606109,1,0.9862191281338968,0.2193931022920578,LV,0.0,0
16,uc606110.1,uc606110,1,0.9854415940278985,0.2193931022920578,LV,0.0,0
16,uc606111.1,uc606111,1,0.9878876708685383,0.2193931022920578,LV,0.0,0
16,uc622777.1,uc622777,1,0.9986040706193526,0.2193931022920578,LV,0.0,0
16,uc623004.1,uc623004,1,0.9979361031160381,0.2193931022920578,LV,0.0,0
16,uc606103.1,uc606103,1,0.9893646081292603,0.2193931022920578,LV,0.0,0
16,uc606139.1,uc606139,1,1.0052222072223027,0.2193931022920578,LV,0.0,0
16,uc606141.1,uc606141,1,1.006314423981937,0.2193931022920578,LV,0.0,0
16,uc606143.1,uc606143,1,1.0116100821125136,0.2193931022920578,LV,0.0,0
16,uc605921.1,uc605921,1,0.9908294072171312,0.2193931022920578,LV,0.0,0
16,uc622713.1,uc622713,1,0.9895710383318511,0.2193931022920578,LV,0.0,0
16,uc622714.1,uc622714,1,0.9902129914517405,0.2193931022920578,LV,0.0,0
16,uc605993.1,uc605993,1,0.990802962442974,0.2193931022920578,LV,0.0,0
16,uc606101.1,uc606101,1,0.9877443752699608,0.2193931022920578,LV,0.0,0
16,uc606102.1,uc606102,1,0.9873909242214703,0.2193931022920578,LV,0.0,0
16,uc622273.1,uc622273,1,1.0090881775103757,0.2193931022920578,LV,0.0,0
16,uc622703.1,uc622703,1,0.980931187350435,0.2193931022920578,LV,0.0,0
16,uc605989.1,uc605989,1,0.9932847691822272,0.2193931022920578,LV,0.0,0
16,uc606130.1,uc606130,1,0.9907204559944779,0.2193931022920578,LV,0.0,0
16,uc606132.1,uc606132,1,0.9865370391457792,0.2193931022920578,LV,0.0,0
16,uc605914.1,uc605914,1,1.0013859857669816,0.2193931022920578,LV,0.0,0
16,uc622257.1,uc622257,1,0.9917932752057669,0.2193931022920578,LV,0.0,0
16,uc605909.1,uc605909,1,0.9923037482020578,0.2193931022920578,LV,0.0,0
16,uc605910.1,uc605910,1,0.9882914946050981,0.2193931022920578,LV,0.0,0
16,uc605911.1,uc605911,1,0.9891585849172404,0.2193931022920578,LV,0.0,0
16,uc606128.1,uc606128,1,0.9902049549620775,0.2193931022920578,LV,0.0,0
16,uc605823.1,uc605823,1,0.985511392539659,0.2193931022920578,LV,0.0,0
16,uc605824.1,uc605824,1,0.9907282256107732,0.2193931022920578,LV,0.0,0
16,uc605904.1,uc605904,1,0.989297286156545,0.2193931022920578,LV,0.0,0
16,uc621999.1,uc621999,1,0.9923315735703706,0.2193931022920578,LV,0.0,0
16,uc639553.1,uc639553,1,0.986119282136202,0.2193931022920578,LV,0.0,0
16,uc1239552.1,uc1239552,1,0.9895191023525596,0.2193931022920578,LV,0.0,0
16,uc605817.1,uc605817,1,0.9912482239055266,0.2193931022920578,LV,0.0,0
16,uc605819.1,uc605819,1,0.9960019427546157,0.2193931022920578,LV,0.0,0
16,uc605820.1,uc605820,1,0.9885938296924787,0.2193931022920578,LV,0.0,0
16,uc605821.1,uc605821,1,0.9863741133463976,0.2193931022920578,LV,0.0,0
16,uc639280.1,uc639280,1,1.0030372464890007,0.2193931022920578,LV,0.0,0
16,uc605898.1,uc605898,1,0.9900652521469507,0.2193931022920578,LV,0.0,0
16,uc605901.1,uc605901,1,0.9926768618248338,0.2193931022920578,LV,0.0,0
16,uc605902.1,uc605902,1,0.9868834691040317,0.2193931022920578,LV,0.0,0
16,uc605985.1,uc605985,1,0.9913868587452738,0.2193931022920578,LV,0.0,0
16,uc606126.1,uc606126,1,0.9979329540936042,0.2193931022920578,LV,0.0,0
16,uc606127.1,uc606127,1,0.9870379553894725,0.2193931022920578,LV,0.0,0
16,uc605896.1,uc605896,1,0.9852475540898747,0.2193931022920578,LV,0.0,0
16,uc606121.1,uc606121,1,0.9860372012271074,0.2193931022920578,LV,0.0,0
16,uc606122.1,uc606122,1,0.9830815701543871,0.2193931022920578,LV,0.0,0
16,uc606123.1,uc606123,1,1.006063546442535,0.2193931022920578,LV,0.0,0
16,uc606124.1,uc606124,1,0.9925834113156433,0.2193931022920578,LV,0.0,0
16,uc605825.1,uc605825,1,0.9874497949293671,0.2193931022920578,LV,0.0,0
16,uc623427.1,uc623427,1,1.0060635595638252,0.2193931022920578,LV,0.0,0
16,uc609687.1,uc609687,1,0.9949137433786499,0.2193931022920578,LV,0.0,0
16,uc639277.1,uc639277,1,0.9865195395711949,0.2193931022920578,LV,0.0,0
16,uc1139390.1,uc1139390,1,0.9894827407957056,0.2193931022920578,LV,0.0,0
16,uc605863.1,uc605863,1,0.9925007044828029,0.2193931022920578,LV,0.0,0
16,uc605865.1,uc605865,1,0.9928459107887614,0.2193931022920578,LV,0.0,0
16,uc1138614.1,uc1138614,1,0.9873951949278461,0.2193931022920578,LV,0.0,0
16,uc605855.1,uc605855,1,0.9887516690929531,0.2193931022920578,LV,0.0,0
16,uc605828.1,uc605828,1,0.985728679048027,0.2193931022920578,LV,0.0,0
16,uc605829.1,uc605829,1,0.9914101569828906,0.2193931022920578,LV,0.0,0
16,uc605834.1,uc605834,1,0.9823185654124632,0.2193931022920578,LV,0.0,0
16,uc605835.1,uc605835,1,0.982400936580377,0.2193931022920578,LV,0.0,0
16,uc605827.1,uc605827,1,0.9856571910307144,0.2193931022920578,LV,0.0,0
16,uc627337.1,uc627337,1,0.9898775938778958,0.2193931022920578,LV,0.0,0
16,uc637912.1,uc637912,1,0.9915029824562341,0.2193931022920578,LV,0.0,0
16,uc637576.1,uc637576,1,1.0067767371540377,0.2193931022920578,LV,0.0,0
16,uc637356.1,uc637356,1,0.9908044655319197,0.2193931022920578,LV,0.0,0
16,uc637918.1,uc637918,1,1.005978658004137,0.2193931022920578,LV,0.0,0
16,uc637360.1,uc637360,1,0.9858269124076308,0.2193931022920578,LV,0.0,0
16,uc637399.1,uc637399,1,0.9837265681976441,0.2193931022920578,LV,0.0,0
16,uc637397.1,uc637397,1,0.9858989039281149,0.2193931022920578,LV,0.0,0
16,uc1137150.1,uc1137150,1,0.9909404848316666,0.2193931022920578,LV,0.0,0
16,uc1636598.1,uc1636598,1,0.0,0.1270170592217177,LV,0.95,1
16,uc636933.1,uc636933,1,1.0029566757370978,0.2193931022920578,LV,0.0,0
16,uc635963.1,uc635963,1,0.987585070513201,0.2193931022920578,LV,0.0,0
16,uc635543.1,uc635543,1,0.9918218639089902,0.2193931022920578,LV,0.0,0
16,uc635966.1,uc635966,1,0.9909563355844663,0.2193931022920578,LV,0.0,0
16,uc635550.1,uc635550,1,0.9891383087210496,0.2193931022920578,LV,0.0,0
16,uc635862.1,uc635862,1,0.9980265694582515,0.2193931022920578,LV,0.0,0
16,uc1635694.1,uc1635694,1,1.001312966951172,0.2193931022920578,LV,0.0,0
16,uc3435739.1,uc3435739,1,0.9994771404519083,0.2193931022920578,LV,0.0,0
16,uc1635060.1,uc1635060,1,0.9939686089432708,0.2193931022920578,LV,0.0,0
16,uc1607271.1,uc1607271,1,0.9953981899914087,0.2193931022920578,LV,0.0,0
16,uc605884.1,uc605884,1,0.9916147564402535,0.2193931022920578,LV,0.0,0
16,uc1609690.1,uc1609690,1,0.9971834819047879,0.2193931022920578,LV,0.0,0
16,uc1134165.1,uc1134165,1,0.9828959662933935,0.2193931022920578,LV,0.0,0
16,uc634166.1,uc634166,1,0.9921275587452028,0.2193931022920578,LV,0.0,0
16,uc1633896.1,uc1633896,1,0.9952802839274155,0.2193931022920578,LV,0.0,0
16,uc3433894.1,uc3433894,1,0.9914575706691138,0.2193931022920578,LV,0.0,0
16,uc1633892.1,uc1633892,1,0.9972935107727615,0.2193931022920578,LV,0.0,0
16,uc633672.1,uc633672,1,0.9949516875406132,0.2193931022920578,LV,0.0,0
16,uc1633671.1,uc1633671,1,1.007160886316543,0.2193931022920578,LV,0.0,0
16,uc1632306.1,uc1632306,1,0.9940798653009806,0.2193931022920578,LV,0.0,0
16,uc632607.1,uc632607,1,0.9677271780778546,0.2193931022920578,LV,0.0,0
16,uc632613.1,uc632613,1,0.9888862744536638,0.2193931022920578,LV,0.0,0
16,uc3432407.1,uc3432407,1,0.997139788581465,0.2193931022920578,LV,0.0,0
16,uc1632402.1,uc1632402,1,0.985130902828624,0.2193931022920578,LV,0.0,0
16,uc1132019.1,uc1132019,1,0.9873967976463047,0.2193931022920578,LV,0.0,0
16,uc632016.1,uc632016,1,0.9929165708396268,0.2193931022920578,LV,0.0,0
16,uc1132015.1,uc1132015,1,0.9849706869733127,0.2193931022920578,LV,0.0,0
16,uc1132012.1,uc1132012,1,0.9911941333082692,0.2193931022920578,LV,0.0,0
16,uc631859.1,uc631859,1,0.9927888474552883,0.2193931022920578,LV,0.0,0
16,uc1631852.1,uc1631852,1,0.9911070401926113,0.2193931022920578,LV,0.0,0
16,uc1130761.1,uc1130761,1,0.9820435850302459,0.2193931022920578,LV,0.0,0
16,uc1630759.1,uc1630759,1,0.9840684550903914,0.2193931022920578,LV,0.0,0
16,uc630758.1,uc630758,1,1.0091571975760696,0.2193931022920578,LV,0.0,0
16,uc629428.1,uc629428,1,0.9933366642117301,0.2193931022920578,LV,0.0,0
16,uc1629639.1,uc1629639,1,0.997944184586121,0.2193931022920578,LV,0.0,0
16,uc1229546.1,uc1229546,1,0.9870144866640899,0.2193931022920578,LV,0.0,0
16,uc628768.1,uc628768,1,0.9922852635508408,0.2193931022920578,LV,0.0,0
16,uc628757.1,uc628757,1,0.9973478694918445,0.2193931022920578,LV,0.0,0
16,uc628766.1,uc628766,1,0.9907329863023482,0.2193931022920578,LV,0.0,0
16,uc628753.1,uc628753,1,0.9976369684463311,0.2193931022920578,LV,0.0,0
16,uc627346.1,uc627346,1,0.9912164262201125,0.2193931022920578,LV,0.0,0
16,uc1628760.1,uc1628760,1,0.9979835655438356,0.2193931022920578,LV,0.0,0
16,uc1629422.1,uc1629422,1,0.9899457701498836,0.2193931022920578,LV,0.0,0
16,uc626699.1,uc626699,1,0.9926800545003505,0.2193931022920578,LV,0.0,0
16,60651.2,60651,2,0.9923558179847961,13.336791218280357,MV,0.0,0
16,60721.2,60721,2,0.9923094244490558,13.336791218280357,MV,0.0,0
16,164151.2,164151,2,0.9929226289401453,13.336791218280357,MV,0.0,0
16,302191.2,302191,2,0.9911385797993874,13.336791218280357,MV,0.0,0
16,320841.2,320841,2,0.9888320623951641,13.336791218280357,MV,0.0,0
16,337711.2,337711,2,0.9911333143118781,13.336791218280357,MV,0.0,0
16,358691.2,358691,2,0.998331299978502,13.336791218280357,MV,0.0,0
16,et6_1177.2,et6_1177,2,0.9917004405408208,0.2193931022920578,LV,0.0,0
16,461501.2,461501,2,0.993482459851774,13.336791218280357,MV,0.0,0
16,686891.2,686891,2,0.9910640936647815,13.336791218280357,MV,0.0,0
16,703601.2,703601,2,0.9931377472608417,13.336791218280357,MV,0.0,0
16,713791.2,713791,2,0.9904235023848927,13.336791218280357,MV,0.0,0
16,725731.2,725731,2,0.9894238209507046,13.336791218280357,MV,0.0,0
16,809501.2,809501,2,0.9911761939478781,13.336791218280357,MV,0.0,0
16,811221.2,811221,2,0.993040209004115,13.336791218280357,MV,0.0,0
16,815111.2,815111,2,0.991209797195298,13.336791218280357,MV,0.0,0
16,822371.2,822371,2,0.9897657052456964,13.336791218280357,MV,0.0,0
16,820611.2,820611,2,0.9917166585185527,13.336791218280357,MV,0.0,0
16,822641.2,822641,2,0.9901174839053265,13.336791218280357,MV,0.0,0
16,618431.2,618431,2,0.9923540666090682,13.336791218280357,MV,0.0,0
16,bt10401.2,bt10401,2,0.9808104340032172,0.2193931022920578,LV,0.0,0
16,bt197792.2,bt197792,2,0.9803775413989282,0.2193931022920578,LV,0.0,0
16,bt800551.2,bt800551,2,0.980377541419668,0.2193931022920578,LV,0.0,0
16,bt295341.2,bt295341,2,0.9795657855083023,0.2193931022920578,LV,0.0,0
16,bt800541.2,bt800541,2,0.9799649743011584,0.2193931022920578,LV,0.0,0
16,bt295361.2,bt295361,2,0.9789239357452968,0.2193931022920578,LV,0.0,0
16,bt474991.2,bt474991,2,0.978717566512256,0.2193931022920578,LV,0.0,0
16,uc1627323.2,uc1627323,2,0.9797591375840207,0.2193931022920578,LV,0.0,0
16,uc3405987.2,uc3405987,2,1.0010094462231676,0.2193931022920578,LV,0.0,0
16,uc3405846.2,uc3405846,2,0.9874707929481903,0.2193931022920578,LV,0.0,0
16,uc3405847.2,uc3405847,2,1.0018795064602635,0.2193931022920578,LV,0.0,0
16,uc3405838.2,uc3405838,2,0.9832743460811483,0.2193931022920578,LV,0.0,0
16,uc1607326.2,uc1607326,2,0.9860695939870084,0.2193931022920578,LV,0.0,0
16,uc1607316.2,uc1607316,2,0.9847682847797096,0.2193931022920578,LV,0.0,0
16,uc1607308.2,uc1607308,2,0.9871934526347774,0.2193931022920578,LV,0.0,0
16,uc1623434.2,uc1623434,2,0.0,0.1270170592217177,LV,0.95,1
16,uc1620373.2,uc1620373,2,0.9896881732021896,0.2193931022920578,LV,0.0,0
16,uc1607302.2,uc1607302,2,0.9893206518459423,0.2193931022920578,LV,0.0,0
16,uc1607304.2,uc1607304,2,0.9893152737680334,0.2193931022920578,LV,0.0,0
16,uc1607306.2,uc1607306,2,0.9865282503560635,0.2193931022920578,LV,0.0,0
16,uc1607299.2,uc1607299,2,0.9897985500819649,0.2193931022920578,LV,0.0,0
16,uc1607297.2,uc1607297,2,0.9903606303976032,0.2193931022920578,LV,0.0,0
16,uc1607298.2,uc1607298,2,0.990012773413079,0.2193931022920578,LV,0.0,0
16,uc1607289.2,uc1607289,2,0.9931704752270841,0.2193931022920578,LV,0.0,0
16,uc1607291.2,uc1607291,2,0.9898241843416534,0.2193931022920578,LV,0.0,0
16,uc1607292.2,uc1607292,2,0.9891901097266721,0.2193931022920578,LV,0.0,0
16,uc1607280.2,uc1607280,2,0.9873772805572235,0.2193931022920578,LV,0.0,0
16,uc1607284.2,uc1607284,2,0.9878502061057758,0.2193931022920578,LV,0.0,0
16,uc1607285.2,uc1607285,2,0.9877178030648956,0.2193931022920578,LV,0.0,0
16,uc1607288.2,uc1607288,2,0.9881226225225836,0.2193931022920578,LV,0.0,0
16,uc1607279.2,uc1607279,2,0.9886978433744884,0.2193931022920578,LV,0.0,0
16,uc1607355.2,uc1607355,2,0.989595099656812,0.2193931022920578,LV,0.0,0
16,uc1607357.2,uc1607357,2,0.9909054884716957,0.2193931022920578,LV,0.0,0
16,uc1607358.2,uc1607358,2,0.988865738836282,0.2193931022920578,LV,0.0,0
16,uc1607368.2,uc1607368,2,0.0,0.1270170592217177,LV,0.95,1
16,uc1607276.2,uc1607276,2,0.9980191925356142,0.2193931022920578,LV,0.0,0
16,uc1607278.2,uc1607278,2,0.9978038237561246,0.2193931022920578,LV,0.0,0
16,uc1607273.2,uc1607273,2,0.9957130383900226,0.2193931022920578,LV,0.0,0
16,uc1607328.2,uc1607328,2,0.9854968339971552,0.2193931022920578,LV,0.0,0
16,uc1607347.2,uc1607347,2,1.0575128713871635,0.2193931022920578,LV,0.0075128713871635,1
16,uc1607350.2,uc1607350,2,1.0223316380217342,0.2193931022920578,LV,0.0,0
16,uc1107341.2,uc1107341,2,0.9844140535833812,0.2193931022920578,LV,0.0,0
16,uc1107333.2,uc1107333,2,0.9863941861940857,0.2193931022920578,LV,0.0,0
16,uc1607268.2,uc1607268,2,0.9955753144195904,0.2193931022920578,LV,0.0,0
16,uc1607252.2,uc1607252,2,0.9841162123668745,0.2193931022920578,LV,0.0,0
16,uc1606000.2,uc1606000,2,0.9876408986533637,0.2193931022920578,LV,0.0,0
16,uc1607255.2,uc1607255,2,0.9888690450297483,0.2193931022920578,LV,0.0,0
16,uc1607258.2,uc1607258,2,0.9841267074604151,0.2193931022920578,LV,0.0,0
16,uc1124041.2,uc1124041,2,0.9858121054585686,0.2193931022920578,LV,0.0,0
16,uc1124340.2,uc1124340,2,0.9881545386466648,0.2193931022920578,LV,0.0,0
16,uc1121173.2,uc1121173,2,0.9865102117656697,0.2193931022920578,LV,0.0,0
16,uc1107345.2,uc1107345,2,0.9881293453554749,0.2193931022920578,LV,0.0,0
16,uc605816.2,uc605816,2,1.012093401193451,0.2193931022920578,LV,0.0,0
16,uc605812.2,uc605812,2,0.9787623967958112,0.2193931022920578,LV,0.0,0
16,uc605813.2,uc605813,2,0.9914622540297734,0.2193931022920578,LV,0.0,0
16,uc609685.2,uc609685,2,0.992804501315388,0.2193931022920578,LV,0.0,0
16,uc609688.2,uc609688,2,1.0053230672553684,0.2193931022920578,LV,0.0,0
16,uc621168.2,uc621168,2,0.987129370404225,0.2193931022920578,LV,0.0,0
16,uc621171.2,uc621171,2,0.9861002929562159,0.2193931022920578,LV,0.0,0
16,uc605810.2,uc605810,2,0.9917221937896573,0.2193931022920578,LV,0.0,0
16,uc605807.2,uc605807,2,0.9807837331316592,0.2193931022920578,LV,0.0,0
16,uc605801.2,uc605801,2,0.9898544959789216,0.2193931022920578,LV,0.0,0
16,uc607384.2,uc607384,2,0.9864651973930297,0.2193931022920578,LV,0.0,0
16,uc607385.2,uc607385,2,0.9900735371914041,0.2193931022920578,LV,0.0,0
16,uc609682.2,uc609682,2,0.9828467218037671,0.2193931022920578,LV,0.0,0
16,uc609683.2,uc609683,2,0.990986941883698,0.2193931022920578,LV,0.0,0
16,uc607377.2,uc607377,2,0.9931591012090376,0.2193931022920578,LV,0.0,0
16,uc607382.2,uc607382,2,0.9901138497728723,0.2193931022920578,LV,0.0,0
16,uc606117.2,uc606117,2,0.9882082063036599,0.2193931022920578,LV,0.0,0
16,uc606120.2,uc606120,2,0.9877263855368777,0.2193931022920578,LV,0.0,0
16,uc623433.2,uc623433,2,0.980524984044702,0.2193931022920578,LV,0.0,0
16,uc623007.2,uc623007,2,0.9912981443218153,0.2193931022920578,LV,0.0,0
16,uc606147.2,uc606147,2,1.0602526172771356,0.2193931022920578,LV,0.010252617277135556,1
16,uc606148.2,uc606148,2,0.9977918079496286,0.2193931022920578,LV,0.0,0
16,uc606150.2,uc606150,2,0.9961720981629609,0.2193931022920578,LV,0.0,0
16,uc606109.2,uc606109,2,0.9864551330778188,0.2193931022920578,LV,0.0,0
16,uc606110.2,uc606110,2,0.985677438479408,0.2193931022920578,LV,0.0,0
16,uc606111.2,uc606111,2,0.9881244915500119,0.2193931022920578,LV,0.0,0
16,uc622720.2,uc622720,2,0.9893631539202746,0.2193931022920578,LV,0.0,0
16,uc623004.2,uc623004,2,0.997484534065402,0.2193931022920578,LV,0.0,0
16,uc606103.2,uc606103,2,0.9870070552208918,0.2193931022920578,LV,0.0,0
16,uc606139.2,uc606139,2,1.0134803607432092,0.2193931022920578,LV,0.0,0
16,uc606143.2,uc606143,2,1.0301570642297815,0.2193931022920578,LV,0.0,0
16,uc605921.2,uc605921,2,0.9897562868084767,0.2193931022920578,LV,0.0,0
16,uc605915.2,uc605915,2,0.9904125418632664,0.2193931022920578,LV,0.0,0
16,uc606101.2,uc606101,2,0.9887365775775157,0.2193931022920578,LV,0.0,0
16,uc622273.2,uc622273,2,1.027660920505151,0.2193931022920578,LV,0.0,0
16,uc605990.2,uc605990,2,0.9795655527522337,0.2193931022920578,LV,0.0,0
16,uc606130.2,uc606130,2,0.9889687442927212,0.2193931022920578,LV,0.0,0
16,uc606132.2,uc606132,2,0.9867874852378543,0.2193931022920578,LV,0.0,0
16,uc622258.2,uc622258,2,0.9898947380726795,0.2193931022920578,LV,0.0,0
16,uc622270.2,uc622270,2,0.9953761733037099,0.2193931022920578,LV,0.0,0
16,uc605905.2,uc605905,2,0.9864341957739213,0.2193931022920578,LV,0.0,0
16,uc605909.2,uc605909,2,0.9914749289557183,0.2193931022920578,LV,0.0,0
16,uc605910.2,uc605910,2,0.9885246139854501,0.2193931022920578,LV,0.0,0
16,uc605911.2,uc605911,2,0.9893922196772148,0.2193931022920578,LV,0.0,0
16,uc606128.2,uc606128,2,0.9881869940594934,0.2193931022920578,LV,0.0,0
16,uc605904.2,uc605904,2,0.9865287961388042,0.2193931022920578,LV,0.0,0
16,uc1239552.2,uc1239552,2,0.9902340970991118,0.2193931022920578,LV,0.0,0
16,uc605817.2,uc605817,2,0.9904108516171932,0.2193931022920578,LV,0.0,0
16,uc605819.2,uc605819,2,1.001523978574286,0.2193931022920578,LV,0.0,0
16,uc605820.2,uc605820,2,0.9815617645905108,0.2193931022920578,LV,0.0,0
16,uc605821.2,uc605821,2,0.986289284752449,0.2193931022920578,LV,0.0,0
16,uc605822.2,uc605822,2,0.9813950680803676,0.2193931022920578,LV,0.0,0
16,uc639280.2,uc639280,2,1.0034932086781885,0.2193931022920578,LV,0.0,0
16,uc605898.2,uc605898,2,0.991714183027431,0.2193931022920578,LV,0.0,0
16,uc605902.2,uc605902,2,0.9871053007859294,0.2193931022920578,LV,0.0,0
16,uc605982.2,uc605982,2,0.9806513825086337,0.2193931022920578,LV,0.0,0
16,uc605988.2,uc605988,2,0.9788265661277944,0.2193931022920578,LV,0.0,0
16,uc606126.2,uc606126,2,0.9981915899429127,0.2193931022920578,LV,0.0,0
16,uc606127.2,uc606127,2,0.9872915858446918,0.2193931022920578,LV,0.0,0
16,uc605896.2,uc605896,2,0.981386251574854,0.2193931022920578,LV,0.0,0
16,uc606121.2,uc606121,2,0.9862721112059301,0.2193931022920578,LV,0.0,0
16,uc606122.2,uc606122,2,0.9833144130596498,0.2193931022920578,LV,0.0,0
16,uc606123.2,uc606123,2,1.006326429356238,0.2193931022920578,LV,0.0,0
16,uc622709.2,uc622709,2,0.98901368363234,0.2193931022920578,LV,0.0,0
16,uc639277.2,uc639277,2,0.9864347250717678,0.2193931022920578,LV,0.0,0
16,uc1139390.2,uc1139390,2,0.9901977092670389,0.2193931022920578,LV,0.0,0
16,uc605864.2,uc605864,2,0.9901369648132656,0.2193931022920578,LV,0.0,0
16,uc605865.2,uc605865,2,0.992399908797317,0.2193931022920578,LV,0.0,0
16,uc638617.2,uc638617,2,0.9919375335312515,0.2193931022920578,LV,0.0,0
16,uc605855.2,uc605855,2,0.9845895810769333,0.2193931022920578,LV,0.0,0
16,uc1638606.2,uc1638606,2,0.9938936444060068,0.2193931022920578,LV,0.0,0
16,uc1638954.2,uc1638954,2,0.9953653563760843,0.2193931022920578,LV,0.0,0
16,uc605836.2,uc605836,2,0.971262798567338,0.2193931022920578,LV,0.0,0
16,uc1607303.2,uc1607303,2,0.989843736610692,0.2193931022920578,LV,0.0,0
16,uc637705.2,uc637705,2,0.9892215435996754,0.2193931022920578,LV,0.0,0
16,uc1637704.2,uc1637704,2,1.002107529999037,0.2193931022920578,LV,0.0,0
16,uc637576.2,uc637576,2,1.0070394539371597,0.2193931022920578,LV,0.0,0
16,uc637918.2,uc637918,2,1.006433282343654,0.2193931022920578,LV,0.0,0
16,uc637360.2,uc637360,2,0.9860626483649855,0.2193931022920578,LV,0.0,0
16,uc637397.2,uc637397,2,0.98683444492884,0.2193931022920578,LV,0.0,0
16,uc636933.2,uc636933,2,1.0112321710426313,0.2193931022920578,LV,0.0,0
16,uc605908.2,uc605908,2,0.9930627872094031,0.2193931022920578,LV,0.0,0
16,uc635963.2,uc635963,2,0.9878217833559477,0.2193931022920578,LV,0.0,0
16,uc635543.2,uc635543,2,0.9920606577481456,0.2193931022920578,LV,0.0,0
16,uc635966.2,uc635966,2,0.991195276189411,0.2193931022920578,LV,0.0,0
16,uc627328.2,uc627328,2,0.9784881750583627,0.2193931022920578,LV,0.0,0
16,uc635550.2,uc635550,2,0.9893945094669757,0.2193931022920578,LV,0.0,0
16,uc635862.2,uc635862,2,0.9989781480422932,0.2193931022920578,LV,0.0,0
16,uc3435739.2,uc3435739,2,1.0041322251461142,0.2193931022920578,LV,0.0,0
16,uc634166.2,uc634166,2,0.9906536764355323,0.2193931022920578,LV,0.0,0
16,uc1633671.2,uc1633671,2,1.0104365279772485,0.2193931022920578,LV,0.0,0
16,uc633056.2,uc633056,2,0.9908489070048055,0.2193931022920578,LV,0.0,0
16,uc632607.2,uc632607,2,0.9686346633266865,0.2193931022920578,LV,0.0,0
16,uc1632402.2,uc1632402,2,0.9876094583925225,0.2193931022920578,LV,0.0,0
16,uc1131858.2,uc1131858,2,0.9845345459548913,0.2193931022920578,LV,0.0,0
16,uc631391.2,uc631391,2,0.9827453966714436,0.2193931022920578,LV,0.0,0
16,uc1630759.2,uc1630759,2,0.9864886227356972,0.2193931022920578,LV,0.0,0
16,uc630758.2,uc630758,2,1.0241920366210764,0.2193931022920578,LV,0.0,0
16,uc630753.2,uc630753,2,0.9861570999324839,0.2193931022920578,LV,0.0,0
16,uc628766.2,uc628766,2,0.9889812949819954,0.2193931022920578,LV,0.0,0
16,uc627346.2,uc627346,2,0.9903670021246233,0.2193931022920578,LV,0.0,0
16,uc1629422.2,uc1629422,2,0.988456429004555,0.2193931022920578,LV,0.0,0
16,60651.3,60651,3,0.9915613237999064,13.336791218280357,MV,0.0,0
16,60721.3,60721,3,0.9915149497955011,13.336791218280357,MV,0.0,0
16,164151.3,164151,3,0.9921279305292634,13.336791218280357,MV,0.0,0
16,302191.3,302191,3,0.9896675849338161,13.336791218280357,MV,0.0,0
16,320841.3,320841,3,0.9880418598404327,13.336791218280357,MV,0.0,0
16,337711.3,337711,3,0.9896622516905655,13.336791218280357,MV,0.0,0
16,358691.3,358691,3,0.9978719153118757,13.336791218280357,MV,0.0,0
16,et6_1177.3,et6_1177,3,0.9924498180040886,0.2193931022920578,LV,0.0,0
16,461501.3,461501,3,0.9925590440669837,13.336791218280357,MV,0.0,0
16,686891.3,686891,3,0.9902784981753389,13.336791218280357,MV,0.0,0
16,703601.3,703601,3,0.9923422725706184,13.336791218280357,MV,0.0,0
16,713791.3,713791,3,0.9896338888820535,13.336791218280357,MV,0.0,0
16,725731.3,725731,3,0.9886335140376042,13.336791218280357,MV,0.0,0
16,809501.3,809501,3,0.990393012064015,13.336791218280357,MV,0.0,0
16,811221.3,811221,3,0.9922453878317952,13.336791218280357,MV,0.0,0
16,815111.3,815111,3,0.9897388162869953,13.336791218280357,MV,0.0,0
16,822371.3,822371,3,0.9889752517576297,13.336791218280357,MV,0.0,0
16,820611.3,820611,3,0.990925686448993,13.336791218280357,MV,0.0,0
16,822641.3,822641,3,0.9893227330311781,13.336791218280357,MV,0.0,0
16,618431.3,618431,3,0.9915595721230727,13.336791218280357,MV,0.0,0
16,bt10401.3,bt10401,3,0.9930948676883842,0.2193931022920578,LV,0.0,0
16,bt197792.3,bt197792,3,0.993094869000136,0.2193931022920578,LV,0.0,0
16,bt800551.3,bt800551,3,0.9930948688534682,0.2193931022920578,LV,0.0,0
16,bt295341.3,bt295341,3,0.9930948702836665,0.2193931022920578,LV,0.0,0
16,bt800541.3,bt800541,3,0.9930948696644246,0.2193931022920578,LV,0.0,0
16,bt295361.3,bt295361,3,0.9930948709602299,0.2193931022920578,LV,0.0,0
16,bt474991.3,bt474991,3,0.993094871421804,0.2193931022920578,LV,0.0,0
16,uc627336.3,uc627336,3,0.9901710859846323,0.2193931022920578,LV,0.0,0
16,uc1620373.3,uc1620373,3,0.9903471444857077,0.2193931022920578,LV,0.0,0
16,uc1607302.3,uc1607302,3,0.9899643749586271,0.2193931022920578,LV,0.0,0
16,uc1607304.3,uc1607304,3,0.9899724318963422,0.2193931022920578,LV,0.0,0
16,uc1607298.3,uc1607298,3,0.9910537668589422,0.2193931022920578,LV,0.0,0
16,uc1607280.3,uc1607280,3,0.9879610295565469,0.2193931022920578,LV,0.0,0
16,uc1607285.3,uc1607285,3,0.9894734616756565,0.2193931022920578,LV,0.0,0
16,uc1607279.3,uc1607279,3,0.9892818171489061,0.2193931022920578,LV,0.0,0
16,uc1607347.3,uc1607347,3,1.0581301642576808,0.2193931022920578,LV,0.008130164257680761,1
16,uc1124340.3,uc1124340,3,0.9899939556730655,0.2193931022920578,LV,0.0,0
16,uc605816.3,uc605816,3,1.012693275953967,0.2193931022920578,LV,0.0,0
16,uc605815.3,uc605815,3,0.9962779098363773,0.2193931022920578,LV,0.0,0
16,uc621171.3,uc621171,3,0.9863915838851769,0.2193931022920578,LV,0.0,0
16,uc607384.3,uc607384,3,0.9867606837950573,0.2193931022920578,LV,0.0,0
16,uc606117.3,uc606117,3,0.9884993625410005,0.2193931022920578,LV,0.0,0
16,uc606120.3,uc606120,3,0.9880175757381069,0.2193931022920578,LV,0.0,0
16,uc623007.3,uc623007,3,0.9920473485235006,0.2193931022920578,LV,0.0,0
16,uc605867.3,uc605867,3,0.9918253928631804,0.2193931022920578,LV,0.0,0
16,uc606150.3,uc606150,3,0.996286146750899,0.2193931022920578,LV,0.0,0
16,uc606109.3,uc606109,3,0.9867464154029086,0.2193931022920578,LV,0.0,0
16,uc606110.3,uc606110,3,0.9859686459320212,0.2193931022920578,LV,0.0,0
16,uc606111.3,uc606111,3,0.988415665813129,0.2193931022920578,LV,0.0,0
16,uc622722.3,uc622722,3,0.9950640370138587,0.2193931022920578,LV,0.0,0
16,uc623004.3,uc623004,3,1.0001390423302279,0.2193931022920578,LV,0.0,0
16,uc606101.3,uc606101,3,0.9890178791883683,0.2193931022920578,LV,0.0,0
16,uc606132.3,uc606132,3,0.9870864822152806,0.2193931022920578,LV,0.0,0
16,uc605910.3,uc605910,3,0.9888112203267295,0.2193931022920578,LV,0.0,0
16,uc605911.3,uc605911,3,0.9896787133296265,0.2193931022920578,LV,0.0,0
16,uc605904.3,uc605904,3,0.9898132664319551,0.2193931022920578,LV,0.0,0
16,uc1239552.3,uc1239552,3,0.9908928211693498,0.2193931022920578,LV,0.0,0
16,uc605821.3,uc605821,3,0.9890060519330421,0.2193931022920578,LV,0.0,0
16,uc639280.3,uc639280,3,1.0039920675344958,0.2193931022920578,LV,0.0,0
16,uc605898.3,uc605898,3,0.9903987141553832,0.2193931022920578,LV,0.0,0
16,uc605902.3,uc605902,3,0.9874037660098433,0.2193931022920578,LV,0.0,0
16,uc606126.3,uc606126,3,0.9984868765382551,0.2193931022920578,LV,0.0,0
16,uc606127.3,uc606127,3,0.9875909977104856,0.2193931022920578,LV,0.0,0
16,uc606121.3,uc606121,3,0.9865626862197241,0.2193931022920578,LV,0.0,0
16,uc606122.3,uc606122,3,0.9836042108593333,0.2193931022920578,LV,0.0,0
16,uc639277.3,uc639277,3,0.9891515698108649,0.2193931022920578,LV,0.0,0
16,uc1139390.3,uc1139390,3,0.9908564091303645,0.2193931022920578,LV,0.0,0
16,uc637576.3,uc637576,3,1.0073252179265826,0.2193931022920578,LV,0.0,0
16,uc637918.3,uc637918,3,1.006933056179823,0.2193931022920578,LV,0.0,0
16,uc637360.3,uc637360,3,0.9863539240103403,0.2193931022920578,LV,0.0,0
16,uc637397.3,uc637397,3,0.9874713476617177,0.2193931022920578,LV,0.0,0
16,uc635963.3,uc635963,3,0.9881129574979651,0.2193931022920578,LV,0.0,0
16,uc635543.3,uc635543,3,0.9923493053937172,0.2193931022920578,LV,0.0,0
16,uc635966.3,uc635966,3,0.9914837835905448,0.2193931022920578,LV,0.0,0
16,uc635550.3,uc635550,3,0.9896945777771669,0.2193931022920578,LV,0.0,0
16,uc635862.3,uc635862,3,0.9978590926296558,0.2193931022920578,LV,0.0,0
16,uc1633671.3,uc1633671,3,1.0104991716320797,0.2193931022920578,LV,0.0,0
16,uc632607.3,uc632607,3,0.9692760142433375,0.2193931022920578,LV,0.0,0
16,uc1629422.3,uc1629422,3,0.9913434117060568,0.2193931022920578,LV,0.0,0
17,60651.1,60651,1,0.9906187476568634,13.336791218280357,MV,0.0,0
17,60721.1,60721,1,0.9905715173094158,13.336791218280357,MV,0.0,0
17,164151.1,164151,1,0.9911174310288033,13.336791218280357,MV,0.0,0
17,302191.1,302191,1,0.9854536351133873,13.336791218280357,MV,0.0,0
17,320841.1,320841,1,0.9873735755669606,13.336791218280357,MV,0.0,0
17,337711.1,337711,1,0.9854696045134573,13.336791218280357,MV,0.0,0
17,358691.1,358691,1,0.9977500101834432,13.336791218280357,MV,0.0,0
17,et6_1177.1,et6_1177,1,0.9894382392442755,0.2193931022920578,LV,0.0,0
17,461501.1,461501,1,0.9909288283885508,13.336791218280357,MV,0.0,0
17,686891.1,686891,1,0.9892414790936371,13.336791218280357,MV,0.0,0
17,703601.1,703601,1,0.9913174023627583,13.336791218280357,MV,0.0,0
17,713791.1,713791,1,0.988672591676467,13.336791218280357,MV,0.0,0
17,725731.1,725731,1,0.9878144681469865,13.336791218280357,MV,0.0,0
17,809501.1,809501,1,0.989419054502454,13.336791218280357,MV,0.0,0
17,811221.1,811221,1,0.9911982736930106,13.336791218280357,MV,0.0,0
17,815111.1,815111,1,0.9854919012466207,13.336791218280357,MV,0.0,0
17,822371.1,822371,1,0.9881167672407019,13.336791218280357,MV,0.0,0
17,820611.1,820611,1,0.9900695369753156,13.336791218280357,MV,0.0,0
17,822641.1,822641,1,0.9883288323333705,13.336791218280357,MV,0.0,0
17,618431.1,618431,1,0.9906179059891775,13.336791218280357,MV,0.0,0
17,bt10401.1,bt10401,1,0.9812516431874283,0.2193931022920578,LV,0.0,0
17,bt197792.1,bt197792,1,0.9800911577954013,0.2193931022920578,LV,0.0,0
17,bt800551.1,bt800551,1,0.9804412683374327,0.2193931022920578,LV,0.0,0
17,bt295341.1,bt295341,1,0.9795661529825034,0.2193931022920578,LV,0.0,0
17,bt800541.1,bt800541,1,0.9799393512076714,0.2193931022920578,LV,0.0,0
17,bt295361.1,bt295361,1,0.9792199086386911,0.2193931022920578,LV,0.0,0
17,bt474991.1,bt474991,1,0.978947245181904,0.2193931022920578,LV,0.0,0
17,uc626695.1,uc626695,1,0.9766855825620191,0.2193931022920578,LV,0.0,0
17,uc1627323.1,uc1627323,1,0.9786659808940577,0.2193931022920578,LV,0.0,0
17,uc1627342.1,uc1627342,1,0.9936819578090931,0.2193931022920578,LV,0.0,0
17,uc627343.1,uc627343,1,0.988055526601822,0.2193931022920578,LV,0.0,0
17,uc627344.1,uc627344,1,0.9908194756790876,0.2193931022920578,LV,0.0,0
17,uc1626672.1,uc1626672,1,0.0,0.1270170592217177,LV,0.95,1
17,uc1626490.1,uc1626490,1,0.9948494618943688,0.2193931022920578,LV,0.0,0
17,uc3422706.1,uc3422706,1,0.9883410181267869,0.2193931022920578,LV,0.0,0
17,uc3425629.1,uc3425629,1,0.9884742349721807,0.2193931022920578,LV,0.0,0
17,uc3422597.1,uc3422597,1,0.9870209985363263,0.2193931022920578,LV,0.0,0
17,uc3405843.1,uc3405843,1,0.9839155479705259,0.2193931022920578,LV,0.0,0
17,uc3405844.1,uc3405844,1,0.9965402479766153,0.2193931022920578,LV,0.0,0
17,uc3405845.1,uc3405845,1,0.9957915016778354,0.2193931022920578,LV,0.0,0
17,uc3405846.1,uc3405846,1,0.9843328766173542,0.2193931022920578,LV,0.0,0
17,uc1626486.1,uc1626486,1,0.9944470551281512,0.2193931022920578,LV,0.0,0
17,uc1626487.1,uc1626487,1,0.985030136595277,0.2193931022920578,LV,0.0,0
17,uc626481.1,uc626481,1,0.9859548904291316,0.2193931022920578,LV,0.0,0
17,uc626678.1,uc626678,1,0.9801320674066114,0.2193931022920578,LV,0.0,0
17,uc626698.1,uc626698,1,0.9888285695378424,0.2193931022920578,LV,0.0,0
17,uc626476.1,uc626476,1,0.9716804464571939,0.2193931022920578,LV,0.0,0
17,uc1627321.1,uc1627321,1,0.9930503711247556,0.2193931022920578,LV,0.0,0
17,uc1607319.1,uc1607319,1,0.9820219775594241,0.2193931022920578,LV,0.0,0
17,uc1607308.1,uc1607308,1,0.9832519630687526,0.2193931022920578,LV,0.0,0
17,uc1624026.1,uc1624026,1,0.0,0.1270170592217177,LV,0.95,1
17,uc1625170.1,uc1625170,1,0.9901104820051775,0.2193931022920578,LV,0.0,0
17,uc1621994.1,uc1621994,1,0.9936449060441542,0.2193931022920578,LV,0.0,0
17,uc1620360.1,uc1620360,1,0.994778784620173,0.2193931022920578,LV,0.0,0
17,uc1620373.1,uc1620373,1,0.9851730562895815,0.2193931022920578,LV,0.0,0
17,uc1607302.1,uc1607302,1,0.9845512194327621,0.2193931022920578,LV,0.0,0
17,uc1607304.1,uc1607304,1,0.9819241971796884,0.2193931022920578,LV,0.0,0
17,uc1607305.1,uc1607305,1,0.9809252987013678,0.2193931022920578,LV,0.0,0
17,uc1607306.1,uc1607306,1,0.9820814527659506,0.2193931022920578,LV,0.0,0
17,uc1607297.1,uc1607297,1,0.9885968895525964,0.2193931022920578,LV,0.0,0
17,uc1607298.1,uc1607298,1,0.9864813063300654,0.2193931022920578,LV,0.0,0
17,uc1607289.1,uc1607289,1,0.9908181911751383,0.2193931022920578,LV,0.0,0
17,uc1607290.1,uc1607290,1,0.9910002597924559,0.2193931022920578,LV,0.0,0
17,uc1607291.1,uc1607291,1,0.9888130964605205,0.2193931022920578,LV,0.0,0
17,uc1607280.1,uc1607280,1,0.9812332962369367,0.2193931022920578,LV,0.0,0
17,uc1607283.1,uc1607283,1,0.9747618740350004,0.2193931022920578,LV,0.0,0
17,uc1607285.1,uc1607285,1,0.9785902775433447,0.2193931022920578,LV,0.0,0
17,uc1607287.1,uc1607287,1,0.9809778516046024,0.2193931022920578,LV,0.0,0
17,uc1607288.1,uc1607288,1,0.9864296086669505,0.2193931022920578,LV,0.0,0
17,uc1607279.1,uc1607279,1,0.9835553512912751,0.2193931022920578,LV,0.0,0
17,uc1607357.1,uc1607357,1,0.9878099165790734,0.2193931022920578,LV,0.0,0
17,uc1607358.1,uc1607358,1,0.9871547712182035,0.2193931022920578,LV,0.0,0
17,uc1607368.1,uc1607368,1,0.0,0.1270170592217177,LV,0.95,1
17,uc1607277.1,uc1607277,1,0.9978623193268213,0.2193931022920578,LV,0.0,0
17,uc1607278.1,uc1607278,1,0.9985749260671135,0.2193931022920578,LV,0.0,0
17,uc1607272.1,uc1607272,1,0.9890422374608692,0.2193931022920578,LV,0.0,0
17,uc1607273.1,uc1607273,1,0.9985717748297268,0.2193931022920578,LV,0.0,0
17,uc1607353.1,uc1607353,1,0.9889135899798576,0.2193931022920578,LV,0.0,0
17,uc1607347.1,uc1607347,1,1.0240169756449622,0.2193931022920578,LV,0.0,0
17,uc1607349.1,uc1607349,1,0.9925873808544932,0.2193931022920578,LV,0.0,0
17,uc1107342.1,uc1107342,1,0.979915719604711,0.2193931022920578,LV,0.0,0
17,uc1107340.1,uc1107340,1,0.9718539592527639,0.2193931022920578,LV,0.0,0
17,uc1105833.1,uc1105833,1,0.9847264061431924,0.2193931022920578,LV,0.0,0
17,uc1107330.1,uc1107330,1,0.9705525619694089,0.2193931022920578,LV,0.0,0
17,uc1607265.1,uc1607265,1,0.9735644470865286,0.2193931022920578,LV,0.0,0
17,uc1607268.1,uc1607268,1,0.9932331238169751,0.2193931022920578,LV,0.0,0
17,uc1607252.1,uc1607252,1,0.9817106368010734,0.2193931022920578,LV,0.0,0
17,uc1605991.1,uc1605991,1,0.985384357714528,0.2193931022920578,LV,0.0,0
17,uc1605996.1,uc1605996,1,0.9898391700749863,0.2193931022920578,LV,0.0,0
17,uc1607257.1,uc1607257,1,0.986187067548451,0.2193931022920578,LV,0.0,0
17,uc1607258.1,uc1607258,1,0.9817290129230843,0.2193931022920578,LV,0.0,0
17,uc1124340.1,uc1124340,1,0.9810459604631873,0.2193931022920578,LV,0.0,0
17,uc605816.1,uc605816,1,0.9919536832296116,0.2193931022920578,LV,0.0,0
17,uc605813.1,uc605813,1,0.9885466262626444,0.2193931022920578,LV,0.0,0
17,uc609684.1,uc609684,1,0.9913665211536338,0.2193931022920578,LV,0.0,0
17,uc609686.1,uc609686,1,0.9921669309764066,0.2193931022920578,LV,0.0,0
17,uc609688.1,uc609688,1,0.9888760197194546,0.2193931022920578,LV,0.0,0
17,uc621168.1,uc621168,1,0.9866267418236958,0.2193931022920578,LV,0.0,0
17,uc621171.1,uc621171,1,0.9834477804845609,0.2193931022920578,LV,0.0,0
17,uc605808.1,uc605808,1,0.9928508276031386,0.2193931022920578,LV,0.0,0
17,uc605809.1,uc605809,1,0.9800019460910616,0.2193931022920578,LV,0.0,0
17,uc605810.1,uc605810,1,0.9895541135895286,0.2193931022920578,LV,0.0,0
17,uc605970.1,uc605970,1,0.9869158398710913,0.2193931022920578,LV,0.0,0
17,uc605803.1,uc605803,1,0.9877486690747135,0.2193931022920578,LV,0.0,0
17,uc605804.1,uc605804,1,0.9898314357687223,0.2193931022920578,LV,0.0,0
17,uc605806.1,uc605806,1,0.9870946357094292,0.2193931022920578,LV,0.0,0
17,uc607384.1,uc607384,1,0.9832187574944196,0.2193931022920578,LV,0.0,0
17,uc607387.1,uc607387,1,0.9879226867188351,0.2193931022920578,LV,0.0,0
17,uc609682.1,uc609682,1,0.9771766670652388,0.2193931022920578,LV,0.0,0
17,uc624033.1,uc624033,1,0.9950996149348506,0.2193931022920578,LV,0.0,0
17,uc625156.1,uc625156,1,0.9878099255309419,0.2193931022920578,LV,0.0,0
17,uc625624.1,uc625624,1,0.9799201695884356,0.2193931022920578,LV,0.0,0
17,uc625625.1,uc625625,1,0.9918843282203615,0.2193931022920578,LV,0.0,0
17,uc607366.1,uc607366,1,0.979929186513691,0.2193931022920578,LV,0.0,0
17,uc607367.1,uc607367,1,0.9892177034390149,0.2193931022920578,LV,0.0,0
17,uc606114.1,uc606114,1,0.984003706491101,0.2193931022920578,LV,0.0,0
17,uc606117.1,uc606117,1,0.9871505120463964,0.2193931022920578,LV,0.0,0
17,uc606120.1,uc606120,1,0.986242236109968,0.2193931022920578,LV,0.0,0
17,uc623015.1,uc623015,1,0.9793422094923805,0.2193931022920578,LV,0.0,0
17,uc623432.1,uc623432,1,0.9839184731282253,0.2193931022920578,LV,0.0,0
17,uc624028.1,uc624028,1,0.9854054662344754,0.2193931022920578,LV,0.0,0
17,uc605873.1,uc605873,1,0.9893080590531873,0.2193931022920578,LV,0.0,0
17,uc623007.1,uc623007,1,0.9887298807982624,0.2193931022920578,LV,0.0,0
17,uc606147.1,uc606147,1,1.0125455411909692,0.2193931022920578,LV,0.0,0
17,uc606148.1,uc606148,1,0.9966460432634605,0.2193931022920578,LV,0.0,0
17,uc606150.1,uc606150,1,0.9946896722391951,0.2193931022920578,LV,0.0,0
17,uc606109.1,uc606109,1,0.9840065881232023,0.2193931022920578,LV,0.0,0
17,uc606110.1,uc606110,1,0.9826380400783994,0.2193931022920578,LV,0.0,0
17,uc606111.1,uc606111,1,0.9869645965855646,0.2193931022920578,LV,0.0,0
17,uc622777.1,uc622777,1,0.9978752228568186,0.2193931022920578,LV,0.0,0
17,uc623004.1,uc623004,1,0.9848627496593457,0.2193931022920578,LV,0.0,0
17,uc606103.1,uc606103,1,0.98549604736667,0.2193931022920578,LV,0.0,0
17,uc606139.1,uc606139,1,0.9953831157647396,0.2193931022920578,LV,0.0,0
17,uc606141.1,uc606141,1,0.9919152839953235,0.2193931022920578,LV,0.0,0
17,uc606143.1,uc606143,1,0.9998067912906257,0.2193931022920578,LV,0.0,0
17,uc605921.1,uc605921,1,0.9860511657889643,0.2193931022920578,LV,0.0,0
17,uc622713.1,uc622713,1,0.9873977590603322,0.2193931022920578,LV,0.0,0
17,uc622714.1,uc622714,1,0.9838312806098136,0.2193931022920578,LV,0.0,0
17,uc605993.1,uc605993,1,0.9876221477398238,0.2193931022920578,LV,0.0,0
17,uc606101.1,uc606101,1,0.9863526453708582,0.2193931022920578,LV,0.0,0
17,uc606102.1,uc606102,1,0.9863884738437689,0.2193931022920578,LV,0.0,0
17,uc622273.1,uc622273,1,0.9967942564473325,0.2193931022920578,LV,0.0,0
17,uc622703.1,uc622703,1,0.9767347311272039,0.2193931022920578,LV,0.0,0
17,uc605989.1,uc605989,1,0.9901712119979443,0.2193931022920578,LV,0.0,0
17,uc606130.1,uc606130,1,0.9892804740144888,0.2193931022920578,LV,0.0,0
17,uc606132.1,uc606132,1,0.9834539103628244,0.2193931022920578,LV,0.0,0
17,uc605914.1,uc605914,1,1.001329920209613,0.2193931022920578,LV,0.0,0
17,uc622257.1,uc622257,1,0.9904743949980233,0.2193931022920578,LV,0.0,0
17,uc605909.1,uc605909,1,0.9911149472671757,0.2193931022920578,LV,0.0,0
17,uc605910.1,uc605910,1,0.9865173639765538,0.2193931022920578,LV,0.0,0
17,uc605911.1,uc605911,1,0.9880653702870762,0.2193931022920578,LV,0.0,0
17,uc606128.1,uc606128,1,0.9878212225159646,0.2193931022920578,LV,0.0,0
17,uc605823.1,uc605823,1,0.978146088954699,0.2193931022920578,LV,0.0,0
17,uc605824.1,uc605824,1,0.9858463415828341,0.2193931022920578,LV,0.0,0
17,uc605904.1,uc605904,1,0.9875322397622901,0.2193931022920578,LV,0.0,0
17,uc621999.1,uc621999,1,0.9881326415291809,0.2193931022920578,LV,0.0,0
17,uc639553.1,uc639553,1,0.9838248848049272,0.2193931022920578,LV,0.0,0
17,uc1239552.1,uc1239552,1,0.9861846292702154,0.2193931022920578,LV,0.0,0
17,uc605817.1,uc605817,1,0.9867046439103674,0.2193931022920578,LV,0.0,0
17,uc605819.1,uc605819,1,0.9868650076637036,0.2193931022920578,LV,0.0,0
17,uc605820.1,uc605820,1,0.9820566983627588,0.2193931022920578,LV,0.0,0
17,uc605821.1,uc605821,1,0.9796641452225113,0.2193931022920578,LV,0.0,0
17,uc639280.1,uc639280,1,0.9928281557276533,0.2193931022920578,LV,0.0,0
17,uc605898.1,uc605898,1,0.9882676037783934,0.2193931022920578,LV,0.0,0
17,uc605901.1,uc605901,1,0.9904148482505819,0.2193931022920578,LV,0.0,0
17,uc605902.1,uc605902,1,0.9830167617761087,0.2193931022920578,LV,0.0,0
17,uc605985.1,uc605985,1,0.9840418360130696,0.2193931022920578,LV,0.0,0
17,uc606126.1,uc606126,1,0.9922088358142618,0.2193931022920578,LV,0.0,0
17,uc606127.1,uc606127,1,0.9843449148586393,0.2193931022920578,LV,0.0,0
17,uc605896.1,uc605896,1,0.98176492941385,0.2193931022920578,LV,0.0,0
17,uc606121.1,uc606121,1,0.9829658711852108,0.2193931022920578,LV,0.0,0
17,uc606122.1,uc606122,1,0.9776400924774771,0.2193931022920578,LV,0.0,0
17,uc606123.1,uc606123,1,0.9950120769224864,0.2193931022920578,LV,0.0,0
17,uc606124.1,uc606124,1,0.9910167168269093,0.2193931022920578,LV,0.0,0
17,uc605825.1,uc605825,1,0.9801903961485942,0.2193931022920578,LV,0.0,0
17,uc623427.1,uc623427,1,0.995012089899645,0.2193931022920578,LV,0.0,0
17,uc609687.1,uc609687,1,0.993038079558498,0.2193931022920578,LV,0.0,0
17,uc639277.1,uc639277,1,0.9799201695942463,0.2193931022920578,LV,0.0,0
17,uc1139390.1,uc1139390,1,0.9861483902442273,0.2193931022920578,LV,0.0,0
17,uc605863.1,uc605863,1,0.9828259132786512,0.2193931022920578,LV,0.0,0
17,uc605865.1,uc605865,1,0.9834329850788694,0.2193931022920578,LV,0.0,0
17,uc1138614.1,uc1138614,1,0.9805512842861204,0.2193931022920578,LV,0.0,0
17,uc605855.1,uc605855,1,0.9802387295721818,0.2193931022920578,LV,0.0,0
17,uc605828.1,uc605828,1,0.9752852317264094,0.2193931022920578,LV,0.0,0
17,uc605829.1,uc605829,1,0.985245930709554,0.2193931022920578,LV,0.0,0
17,uc605834.1,uc605834,1,0.9694262103687087,0.2193931022920578,LV,0.0,0
17,uc605835.1,uc605835,1,0.9695713164807093,0.2193931022920578,LV,0.0,0
17,uc605827.1,uc605827,1,0.975159328241184,0.2193931022920578,LV,0.0,0
17,uc627337.1,uc627337,1,0.9838233879710797,0.2193931022920578,LV,0.0,0
17,uc637912.1,uc637912,1,0.985409444094068,0.2193931022920578,LV,0.0,0
17,uc637576.1,uc637576,1,0.9952766552876129,0.2193931022920578,LV,0.0,0
17,uc637356.1,uc637356,1,0.9866318460273935,0.2193931022920578,LV,0.0,0
17,uc637918.1,uc637918,1,0.9935932501826753,0.2193931022920578,LV,0.0,0
17,uc637360.1,uc637360,1,0.9833100886305377,0.2193931022920578,LV,0.0,0
17,uc637399.1,uc637399,1,0.9796216771905436,0.2193931022920578,LV,0.0,0
17,uc637397.1,uc637397,1,0.9787867155238145,0.2193931022920578,LV,0.0,0
17,uc1137150.1,uc1137150,1,0.9849322376801002,0.2193931022920578,LV,0.0,0
17,uc1636598.1,uc1636598,1,0.0,0.1270170592217177,LV,0.95,1
17,uc636933.1,uc636933,1,0.993747875319367,0.2193931022920578,LV,0.0,0
17,uc635963.1,uc635963,1,0.9864445501582241,0.2193931022920578,LV,0.0,0
17,uc635543.1,uc635543,1,0.9872458358506578,0.2193931022920578,LV,0.0,0
17,uc635966.1,uc635966,1,0.9867378977442235,0.2193931022920578,LV,0.0,0
17,uc635550.1,uc635550,1,0.9880226328959936,0.2193931022920578,LV,0.0,0
17,uc635862.1,uc635862,1,0.9887728453840096,0.2193931022920578,LV,0.0,0
17,uc1635694.1,uc1635694,1,1.00062398718523,0.2193931022920578,LV,0.0,0
17,uc3435739.1,uc3435739,1,0.987132144972784,0.2193931022920578,LV,0.0,0
17,uc1635060.1,uc1635060,1,0.9894467073868023,0.2193931022920578,LV,0.0,0
17,uc1607271.1,uc1607271,1,0.9919616361425801,0.2193931022920578,LV,0.0,0
17,uc605884.1,uc605884,1,0.9874557284558725,0.2193931022920578,LV,0.0,0
17,uc1609690.1,uc1609690,1,0.995005043790302,0.2193931022920578,LV,0.0,0
17,uc1134165.1,uc1134165,1,0.9720910523020119,0.2193931022920578,LV,0.0,0
17,uc634166.1,uc634166,1,0.9898346958078874,0.2193931022920578,LV,0.0,0
17,uc1633896.1,uc1633896,1,0.9917542803317028,0.2193931022920578,LV,0.0,0
17,uc3433894.1,uc3433894,1,0.9852100456037435,0.2193931022920578,LV,0.0,0
17,uc1633892.1,uc1633892,1,0.9938161083380614,0.2193931022920578,LV,0.0,0
17,uc633672.1,uc633672,1,0.9931048773851915,0.2193931022920578,LV,0.0,0
17,uc1633671.1,uc1633671,1,0.9916927774696375,0.2193931022920578,LV,0.0,0
17,uc1632306.1,uc1632306,1,0.9924095153880813,0.2193931022920578,LV,0.0,0
17,uc632607.1,uc632607,1,0.9467769074659343,0.2193931022920578,LV,0.003223092534065608,1
17,uc632613.1,uc632613,1,0.9814994015892039,0.2193931022920578,LV,0.0,0
17,uc3432407.1,uc3432407,1,0.986960735628989,0.2193931022920578,LV,0.0,0
17,uc1632402.1,uc1632402,1,0.9751563847747927,0.2193931022920578,LV,0.0,0
17,uc1132019.1,uc1132019,1,0.9805541063449896,0.2193931022920578,LV,0.0,0
17,uc632016.1,uc632016,1,0.989160200604876,0.2193931022920578,LV,0.0,0
17,uc1132015.1,uc1132015,1,0.9757372651198076,0.2193931022920578,LV,0.0,0
17,uc1132012.1,uc1132012,1,0.9872101802485155,0.2193931022920578,LV,0.0,0
17,uc631859.1,uc631859,1,0.9889353107928202,0.2193931022920578,LV,0.0,0
17,uc1631852.1,uc1631852,1,0.9871637217561516,0.2193931022920578,LV,0.0,0
17,uc1130761.1,uc1130761,1,0.9692615887341511,0.2193931022920578,LV,0.0,0
17,uc1630759.1,uc1630759,1,0.9732875222374627,0.2193931022920578,LV,0.0,0
17,uc630758.1,uc630758,1,0.9941598343043966,0.2193931022920578,LV,0.0,0
17,uc629428.1,uc629428,1,0.9901907619844962,0.2193931022920578,LV,0.0,0
17,uc1629639.1,uc1629639,1,0.9961598342747289,0.2193931022920578,LV,0.0,0
17,uc1229546.1,uc1229546,1,0.9799431088807764,0.2193931022920578,LV,0.0,0
17,uc628768.1,uc628768,1,0.9867777623451415,0.2193931022920578,LV,0.0,0
17,uc628757.1,uc628757,1,0.9961145243437565,0.2193931022920578,LV,0.0,0
17,uc628766.1,uc628766,1,0.9893025223076656,0.2193931022920578,LV,0.0,0
17,uc628753.1,uc628753,1,0.9968683703674248,0.2193931022920578,LV,0.0,0
17,uc627346.1,uc627346,1,0.9898561134295815,0.2193931022920578,LV,0.0,0
17,uc1628760.1,uc1628760,1,0.9960339585785398,0.2193931022920578,LV,0.0,0
17,uc1629422.1,uc1629422,1,0.9867829306808339,0.2193931022920578,LV,0.0,0
17,uc626699.1,uc626699,1,0.9920361647401457,0.2193931022920578,LV,0.0,0
17,60651.2,60651,2,0.9919493865023011,13.336791218280357,MV,0.0,0
17,60721.2,60721,2,0.9919021194398623,13.336791218280357,MV,0.0,0
17,164151.2,164151,2,0.9924484399314351,13.336791218280357,MV,0.0,0
17,302191.2,302191,2,0.9880757524648908,13.336791218280357,MV,0.0,0
17,320841.2,320841,2,0.9888399974117142,13.336791218280357,MV,0.0,0
17,337711.2,337711,2,0.9880918184979254,13.336791218280357,MV,0.0,0
17,358691.2,358691,2,0.9982746960514802,13.336791218280357,MV,0.0,0
17,et6_1177.2,et6_1177,2,0.9893730689234942,0.2193931022920578,LV,0.0,0
17,461501.2,461501,2,0.9925309020990046,13.336791218280357,MV,0.0,0
17,686891.2,686891,2,0.9906699887569177,13.336791218280357,MV,0.0,0
17,703601.2,703601,2,0.9926424995845139,13.336791218280357,MV,0.0,0
17,713791.2,713791,2,0.9901364303012132,13.336791218280357,MV,0.0,0
17,725731.2,725731,2,0.9892811174146592,13.336791218280357,MV,0.0,0
17,809501.2,809501,2,0.9908407395632209,13.336791218280357,MV,0.0,0
17,811221.2,811221,2,0.9925283122576314,13.336791218280357,MV,0.0,0
17,815111.2,815111,2,0.9881140024565546,13.336791218280357,MV,0.0,0
17,822371.2,822371,2,0.9895836690699161,13.336791218280357,MV,0.0,0
17,820611.2,820611,2,0.9914343389780275,13.336791218280357,MV,0.0,0
17,822641.2,822641,2,0.9898097529670725,13.336791218280357,MV,0.0,0
17,618431.2,618431,2,0.9919485452277014,13.336791218280357,MV,0.0,0
17,bt10401.2,bt10401,2,0.9709334917222237,0.2193931022920578,LV,0.0,0
17,bt197792.2,bt197792,2,0.9701693522978856,0.2193931022920578,LV,0.0,0
17,bt800551.2,bt800551,2,0.9701693523176712,0.2193931022920578,LV,0.0,0
17,bt295341.2,bt295341,2,0.9687364862190194,0.2193931022920578,LV,0.0,0
17,bt800541.2,bt800541,2,0.9694411053510106,0.2193931022920578,LV,0.0,0
17,bt295361.2,bt295361,2,0.9676021002605334,0.2193931022920578,LV,0.0,0
17,bt474991.2,bt474991,2,0.9672388591427414,0.2193931022920578,LV,0.0,0
17,uc1627323.2,uc1627323,2,0.9657827598054339,0.2193931022920578,LV,0.0,0
17,uc3405987.2,uc3405987,2,0.9828241842822046,0.2193931022920578,LV,0.0,0
17,uc3405846.2,uc3405846,2,0.9781957859198182,0.2193931022920578,LV,0.0,0
17,uc3405847.2,uc3405847,2,0.9843526785982727,0.2193931022920578,LV,0.0,0
17,uc3405838.2,uc3405838,2,0.970837587138231,0.2193931022920578,LV,0.0,0
17,uc1607326.2,uc1607326,2,0.9790696836183408,0.2193931022920578,LV,0.0,0
17,uc1607316.2,uc1607316,2,0.9777915997901093,0.2193931022920578,LV,0.0,0
17,uc1607308.2,uc1607308,2,0.9799116223140106,0.2193931022920578,LV,0.0,0
17,uc1623434.2,uc1623434,2,0.0,0.1270170592217177,LV,0.95,1
17,uc1620373.2,uc1620373,2,0.9853753579075387,0.2193931022920578,LV,0.0,0
17,uc1607302.2,uc1607302,2,0.9847378910209914,0.2193931022920578,LV,0.0,0
17,uc1607304.2,uc1607304,2,0.9846698584918522,0.2193931022920578,LV,0.0,0
17,uc1607306.2,uc1607306,2,0.9787419592867524,0.2193931022920578,LV,0.0,0
17,uc1607299.2,uc1607299,2,0.9855809903395489,0.2193931022920578,LV,0.0,0
17,uc1607297.2,uc1607297,2,0.9854129351266542,0.2193931022920578,LV,0.0,0
17,uc1607298.2,uc1607298,2,0.9859580031184757,0.2193931022920578,LV,0.0,0
17,uc1607289.2,uc1607289,2,0.9894612619170575,0.2193931022920578,LV,0.0,0
17,uc1607291.2,uc1607291,2,0.9844695628174539,0.2193931022920578,LV,0.0,0
17,uc1607292.2,uc1607292,2,0.9833538942084272,0.2193931022920578,LV,0.0,0
17,uc1607280.2,uc1607280,2,0.9813658646384801,0.2193931022920578,LV,0.0,0
17,uc1607284.2,uc1607284,2,0.9821717062417481,0.2193931022920578,LV,0.0,0
17,uc1607285.2,uc1607285,2,0.9819387265137972,0.2193931022920578,LV,0.0,0
17,uc1607288.2,uc1607288,2,0.9826363097532027,0.2193931022920578,LV,0.0,0
17,uc1607279.2,uc1607279,2,0.9836887809403917,0.2193931022920578,LV,0.0,0
17,uc1607355.2,uc1607355,2,0.9853027603036286,0.2193931022920578,LV,0.0,0
17,uc1607357.2,uc1607357,2,0.986795650681713,0.2193931022920578,LV,0.0,0
17,uc1607358.2,uc1607358,2,0.9827244951682621,0.2193931022920578,LV,0.0,0
17,uc1607368.2,uc1607368,2,0.0,0.1270170592217177,LV,0.95,1
17,uc1607276.2,uc1607276,2,0.9956288336464763,0.2193931022920578,LV,0.0,0
17,uc1607278.2,uc1607278,2,0.9946938286419732,0.2193931022920578,LV,0.0,0
17,uc1607273.2,uc1607273,2,0.991900763145148,0.2193931022920578,LV,0.0,0
17,uc1607328.2,uc1607328,2,0.9780619380537665,0.2193931022920578,LV,0.0,0
17,uc1607347.2,uc1607347,2,1.0242592159910815,0.2193931022920578,LV,0.0,0
17,uc1607350.2,uc1607350,2,1.0027780926511973,0.2193931022920578,LV,0.0,0
17,uc1107341.2,uc1107341,2,0.9733849106898205,0.2193931022920578,LV,0.0,0
17,uc1107333.2,uc1107333,2,0.9769079947524827,0.2193931022920578,LV,0.0,0
17,uc1607268.2,uc1607268,2,0.9922489818634908,0.2193931022920578,LV,0.0,0
17,uc1607252.2,uc1607252,2,0.9748677953883444,0.2193931022920578,LV,0.0,0
17,uc1606000.2,uc1606000,2,0.9817887922639493,0.2193931022920578,LV,0.0,0
17,uc1607255.2,uc1607255,2,0.984085687864863,0.2193931022920578,LV,0.0,0
17,uc1607258.2,uc1607258,2,0.9748863028708655,0.2193931022920578,LV,0.0,0
17,uc1124041.2,uc1124041,2,0.9774830803311353,0.2193931022920578,LV,0.0,0
17,uc1124340.2,uc1124340,2,0.9820118184895242,0.2193931022920578,LV,0.0,0
17,uc1121173.2,uc1121173,2,0.9771118509455741,0.2193931022920578,LV,0.0,0
17,uc1107345.2,uc1107345,2,0.9819674278205766,0.2193931022920578,LV,0.0,0
17,uc605816.2,uc605816,2,0.9922388168190781,0.2193931022920578,LV,0.0,0
17,uc605812.2,uc605812,2,0.9673176136851552,0.2193931022920578,LV,0.0,0
17,uc605813.2,uc605813,2,0.9889537114906592,0.2193931022920578,LV,0.0,0
17,uc609685.2,uc609685,2,0.9892801497607293,0.2193931022920578,LV,0.0,0
17,uc609688.2,uc609688,2,0.9903662502375383,0.2193931022920578,LV,0.0,0
17,uc621168.2,uc621168,2,0.9817272561108895,0.2193931022920578,LV,0.0,0
17,uc621171.2,uc621171,2,0.9832993754536132,0.2193931022920578,LV,0.0,0
17,uc605810.2,uc605810,2,0.9870273680643681,0.2193931022920578,LV,0.0,0
17,uc605807.2,uc605807,2,0.970886474891546,0.2193931022920578,LV,0.0,0
17,uc605801.2,uc605801,2,0.9859172040862436,0.2193931022920578,LV,0.0,0
17,uc607384.2,uc607384,2,0.9830823711836402,0.2193931022920578,LV,0.0,0
17,uc607385.2,uc607385,2,0.9803425439864982,0.2193931022920578,LV,0.0,0
17,uc609682.2,uc609682,2,0.969905109022218,0.2193931022920578,LV,0.0,0
17,uc609683.2,uc609683,2,0.9860843146249384,0.2193931022920578,LV,0.0,0
17,uc607377.2,uc607377,2,0.9899168765925549,0.2193931022920578,LV,0.0,0
17,uc607382.2,uc607382,2,0.9841778831459729,0.2193931022920578,LV,0.0,0
17,uc606117.2,uc606117,2,0.9870041474490072,0.2193931022920578,LV,0.0,0
17,uc606120.2,uc606120,2,0.9860954038782563,0.2193931022920578,LV,0.0,0
17,uc623433.2,uc623433,2,0.9704308269012883,0.2193931022920578,LV,0.0,0
17,uc623007.2,uc623007,2,0.9886648951264363,0.2193931022920578,LV,0.0,0
17,uc606147.2,uc606147,2,1.0206899749638643,0.2193931022920578,LV,0.0,0
17,uc606148.2,uc606148,2,0.9965538859427804,0.2193931022920578,LV,0.0,0
17,uc606150.2,uc606150,2,0.9946370877226297,0.2193931022920578,LV,0.0,0
17,uc606109.2,uc606109,2,0.9838584701956355,0.2193931022920578,LV,0.0,0
17,uc606110.2,uc606110,2,0.9824898222083451,0.2193931022920578,LV,0.0,0
17,uc606111.2,uc606111,2,0.9868180820972218,0.2193931022920578,LV,0.0,0
17,uc622720.2,uc622720,2,0.9828642808371298,0.2193931022920578,LV,0.0,0
17,uc623004.2,uc623004,2,0.9826818542959278,0.2193931022920578,LV,0.0,0
17,uc606103.2,uc606103,2,0.9813425745145661,0.2193931022920578,LV,0.0,0
17,uc606139.2,uc606139,2,0.9933546029424053,0.2193931022920578,LV,0.0,0
17,uc606143.2,uc606143,2,1.0061674220573544,0.2193931022920578,LV,0.0,0
17,uc605921.2,uc605921,2,0.9841551529904425,0.2193931022920578,LV,0.0,0
17,uc605915.2,uc605915,2,0.9865623878682398,0.2193931022920578,LV,0.0,0
17,uc606101.2,uc606101,2,0.9870150364274531,0.2193931022920578,LV,0.0,0
17,uc622273.2,uc622273,2,1.0031617260072734,0.2193931022920578,LV,0.0,0
17,uc605990.2,uc605990,2,0.9687362464018194,0.2193931022920578,LV,0.0,0
17,uc606130.2,uc606130,2,0.9861730440504657,0.2193931022920578,LV,0.0,0
17,uc606132.2,uc606132,2,0.9833318109572766,0.2193931022920578,LV,0.0,0
17,uc622258.2,uc622258,2,0.9871027049938063,0.2193931022920578,LV,0.0,0
17,uc622270.2,uc622270,2,0.992857803279206,0.2193931022920578,LV,0.0,0
17,uc605905.2,uc605905,2,0.9819449053440803,0.2193931022920578,LV,0.0,0
17,uc605909.2,uc605909,2,0.9896223947644683,0.2193931022920578,LV,0.0,0
17,uc605910.2,uc605910,2,0.9863632738909098,0.2193931022920578,LV,0.0,0
17,uc605911.2,uc605911,2,0.9879123842878644,0.2193931022920578,LV,0.0,0
17,uc606128.2,uc606128,2,0.9842449414095336,0.2193931022920578,LV,0.0,0
17,uc605904.2,uc605904,2,0.9821129990042393,0.2193931022920578,LV,0.0,0
17,uc1239552.2,uc1239552,2,0.9863885082050611,0.2193931022920578,LV,0.0,0
17,uc605817.2,uc605817,2,0.9852141300154964,0.2193931022920578,LV,0.0,0
17,uc605819.2,uc605819,2,0.9883553905698663,0.2193931022920578,LV,0.0,0
17,uc605820.2,uc605820,2,0.9696875875839366,0.2193931022920578,LV,0.0,0
17,uc605821.2,uc605821,2,0.9781243889788759,0.2193931022920578,LV,0.0,0
17,uc605822.2,uc605822,2,0.9693961790872456,0.2193931022920578,LV,0.0,0
17,uc639280.2,uc639280,2,0.9929076065745808,0.2193931022920578,LV,0.0,0
17,uc605898.2,uc605898,2,0.9906339050128845,0.2193931022920578,LV,0.0,0
17,uc605902.2,uc605902,2,0.982862762654559,0.2193931022920578,LV,0.0,0
17,uc605982.2,uc605982,2,0.9706534155247653,0.2193931022920578,LV,0.0,0
17,uc605988.2,uc605988,2,0.9674306246151381,0.2193931022920578,LV,0.0,0
17,uc606126.2,uc606126,2,0.9920990461785391,0.2193931022920578,LV,0.0,0
17,uc606127.2,uc606127,2,0.9842282995894585,0.2193931022920578,LV,0.0,0
17,uc605896.2,uc605896,2,0.9720382082542364,0.2193931022920578,LV,0.0,0
17,uc606121.2,uc606121,2,0.9828154708191018,0.2193931022920578,LV,0.0,0
17,uc606122.2,uc606122,2,0.9774860231675393,0.2193931022920578,LV,0.0,0
17,uc606123.2,uc606123,2,0.9949044638463392,0.2193931022920578,LV,0.0,0
17,uc622709.2,uc622709,2,0.9828008655672671,0.2193931022920578,LV,0.0,0
17,uc639277.2,uc639277,2,0.978380267594544,0.2193931022920578,LV,0.0,0
17,uc1139390.2,uc1139390,2,0.9863522616856746,0.2193931022920578,LV,0.0,0
17,uc605864.2,uc605864,2,0.9804537288794959,0.2193931022920578,LV,0.0,0
17,uc605865.2,uc605865,2,0.9812597962597498,0.2193931022920578,LV,0.0,0
17,uc638617.2,uc638617,2,0.9804465286405715,0.2193931022920578,LV,0.0,0
17,uc605855.2,uc605855,2,0.9729708484655047,0.2193931022920578,LV,0.0,0
17,uc1638606.2,uc1638606,2,0.9877586736207716,0.2193931022920578,LV,0.0,0
17,uc1638954.2,uc1638954,2,0.9912887309763887,0.2193931022920578,LV,0.0,0
17,uc605836.2,uc605836,2,0.9493631560984276,0.2193931022920578,LV,0.0006368439015723704,1
17,uc1607303.2,uc1607303,2,0.9833983034462512,0.2193931022920578,LV,0.0,0
17,uc637705.2,uc637705,2,0.9852765326821668,0.2193931022920578,LV,0.0,0
17,uc1637704.2,uc1637704,2,1.001660839018455,0.2193931022920578,LV,0.0,0
17,uc637576.2,uc637576,2,0.9951688656814728,0.2193931022920578,LV,0.0,0
17,uc637918.2,uc637918,2,0.9936714147136684,0.2193931022920578,LV,0.0,0
17,uc637360.2,uc637360,2,0.9831612706213186,0.2193931022920578,LV,0.0,0
17,uc637397.2,uc637397,2,0.9790423378486381,0.2193931022920578,LV,0.0,0
17,uc636933.2,uc636933,2,0.9917161131343999,0.2193931022920578,LV,0.0,0
17,uc605908.2,uc605908,2,0.9916443192787976,0.2193931022920578,LV,0.0,0
17,uc635963.2,uc635963,2,0.9862978664745817,0.2193931022920578,LV,0.0,0
17,uc635543.2,uc635543,2,0.9871010436787245,0.2193931022920578,LV,0.0,0
17,uc635966.2,uc635966,2,0.9865932888844018,0.2193931022920578,LV,0.0,0
17,uc627328.2,uc627328,2,0.9668348650025458,0.2193931022920578,LV,0.0,0
17,uc635550.2,uc635550,2,0.9879113428179634,0.2193931022920578,LV,0.0,0
17,uc635862.2,uc635862,2,0.9890483757984513,0.2193931022920578,LV,0.0,0
17,uc3435739.2,uc3435739,2,0.9843908368670035,0.2193931022920578,LV,0.0,0
17,uc634166.2,uc634166,2,0.9872236608072433,0.2193931022920578,LV,0.0,0
17,uc1633671.2,uc1633671,2,0.9972795269594744,0.2193931022920578,LV,0.0,0
17,uc633056.2,uc633056,2,0.9858412959390971,0.2193931022920578,LV,0.0,0
17,uc632607.2,uc632607,2,0.9469784016641769,0.2193931022920578,LV,0.0030215983358230503,1
17,uc1632402.2,uc1632402,2,0.9795092064079473,0.2193931022920578,LV,0.0,0
17,uc1131858.2,uc1131858,2,0.9735970805045093,0.2193931022920578,LV,0.0,0
17,uc631391.2,uc631391,2,0.9807191656171259,0.2193931022920578,LV,0.0,0
17,uc1630759.2,uc1630759,2,0.9775367611541448,0.2193931022920578,LV,0.0,0
17,uc630758.2,uc630758,2,0.9960530955716174,0.2193931022920578,LV,0.0,0
17,uc630753.2,uc630753,2,0.977891432011437,0.2193931022920578,LV,0.0,0
17,uc628766.2,uc628766,2,0.9861951565352204,0.2193931022920578,LV,0.0,0
17,uc627346.2,uc627346,2,0.9883276007908456,0.2193931022920578,LV,0.0,0
17,uc1629422.2,uc1629422,2,0.9832238139466886,0.2193931022920578,LV,0.0,0
17,60651.3,60651,3,0.991423324924473,13.336791218280357,MV,0.0,0
17,60721.3,60721,3,0.9913760653584917,13.336791218280357,MV,0.0,0
17,164151.3,164151,3,0.9919223321128313,13.336791218280357,MV,0.0,0
17,302191.3,302191,3,0.9870287357893324,13.336791218280357,MV,0.0,0
17,320841.3,320841,3,0.9882870091751051,13.336791218280357,MV,0.0,0
17,337711.3,337711,3,0.987044769205167,13.336791218280357,MV,0.0,0
17,358691.3,358691,3,0.9978904154804885,13.336791218280357,MV,0.0,0
17,et6_1177.3,et6_1177,3,0.9907575649682021,0.2193931022920578,LV,0.0,0
17,461501.3,461501,3,0.9918749443011755,13.336791218280357,MV,0.0,0
17,686891.3,686891,3,0.9901270264501597,13.336791218280357,MV,0.0,0
17,703601.3,703601,3,0.9921170066825818,13.336791218280357,MV,0.0,0
17,713791.3,713791,3,0.9895859627299696,13.336791218280357,MV,0.0,0
17,725731.3,725731,3,0.9887280662160999,13.336791218280357,MV,0.0,0
17,809501.3,809501,3,0.9903021283789366,13.336791218280357,MV,0.0,0
17,811221.3,811221,3,0.9920023093792026,13.336791218280357,MV,0.0,0
17,815111.3,815111,3,0.9870669918820617,13.336791218280357,MV,0.0,0
17,822371.3,822371,3,0.9890306162356589,13.336791218280357,MV,0.0,0
17,820611.3,820611,3,0.9909034865478712,13.336791218280357,MV,0.0,0
17,822641.3,822641,3,0.9892510413838742,13.336791218280357,MV,0.0,0
17,618431.3,618431,3,0.9914224835441072,13.336791218280357,MV,0.0,0
17,bt10401.3,bt10401,3,0.991410614826072,0.2193931022920578,LV,0.0,0
17,bt197792.3,bt197792,3,0.9913642228883723,0.2193931022920578,LV,0.0,0
17,bt800551.3,bt800551,3,0.991372294733505,0.2193931022920578,LV,0.0,0
17,bt295341.3,bt295341,3,0.9913531880042943,0.2193931022920578,LV,0.0,0
17,bt800541.3,bt800541,3,0.9913578067575959,0.2193931022920578,LV,0.0,0
17,bt295361.3,bt295361,3,0.9913531886742478,0.2193931022920578,LV,0.0,0
17,bt474991.3,bt474991,3,0.9913531891296822,0.2193931022920578,LV,0.0,0
17,uc627336.3,uc627336,3,0.9882434925546125,0.2193931022920578,LV,0.0,0
17,uc1620373.3,uc1620373,3,0.9870361260746956,0.2193931022920578,LV,0.0,0
17,uc1607302.3,uc1607302,3,0.9863492580344042,0.2193931022920578,LV,0.0,0
17,uc1607304.3,uc1607304,3,0.986325146289177,0.2193931022920578,LV,0.0,0
17,uc1607298.3,uc1607298,3,0.9882679388436775,0.2193931022920578,LV,0.0,0
17,uc1607280.3,uc1607280,3,0.982811022614343,0.2193931022920578,LV,0.0,0
17,uc1607285.3,uc1607285,3,0.9854662987390513,0.2193931022920578,LV,0.0,0
17,uc1607279.3,uc1607279,3,0.9851354635414471,0.2193931022920578,LV,0.0,0
17,uc1607347.3,uc1607347,3,1.0258939726748728,0.2193931022920578,LV,0.0,0
17,uc1124340.3,uc1124340,3,0.985847660665347,0.2193931022920578,LV,0.0,0
17,uc605816.3,uc605816,3,0.9940640087781866,0.2193931022920578,LV,0.0,0
17,uc605815.3,uc605815,3,0.9867282580791872,0.2193931022920578,LV,0.0,0
17,uc621171.3,uc621171,3,0.9842448445364412,0.2193931022920578,LV,0.0,0
17,uc607384.3,uc607384,3,0.98403418458305,0.2193931022920578,LV,0.0,0
17,uc606117.3,uc606117,3,0.9879514117131402,0.2193931022920578,LV,0.0,0
17,uc606120.3,uc606120,3,0.9870422427203865,0.2193931022920578,LV,0.0,0
17,uc623007.3,uc623007,3,0.9900487628065235,0.2193931022920578,LV,0.0,0
17,uc605867.3,uc605867,3,0.9841018172632405,0.2193931022920578,LV,0.0,0
17,uc606150.3,uc606150,3,0.9948952217131598,0.2193931022920578,LV,0.0,0
17,uc606109.3,uc606109,3,0.984804226746751,0.2193931022920578,LV,0.0,0
17,uc606110.3,uc606110,3,0.9834349282125168,0.2193931022920578,LV,0.0,0
17,uc606111.3,uc606111,3,0.9877652582280436,0.2193931022920578,LV,0.0,0
17,uc622722.3,uc622722,3,0.9866220695460377,0.2193931022920578,LV,0.0,0
17,uc623004.3,uc623004,3,0.9880246357442223,0.2193931022920578,LV,0.0,0
17,uc606101.3,uc606101,3,0.9879518174357292,0.2193931022920578,LV,0.0,0
17,uc606132.3,uc606132,3,0.9842834345757954,0.2193931022920578,LV,0.0,0
17,uc605910.3,uc605910,3,0.9873031381654308,0.2193931022920578,LV,0.0,0
17,uc605911.3,uc605911,3,0.9888529985479961,0.2193931022920578,LV,0.0,0
17,uc605904.3,uc605904,3,0.9882923140959156,0.2193931022920578,LV,0.0,0
17,uc1239552.3,uc1239552,3,0.9880496020425521,0.2193931022920578,LV,0.0,0
17,uc605821.3,uc605821,3,0.9836170697449331,0.2193931022920578,LV,0.0,0
17,uc639280.3,uc639280,3,0.9941534261646756,0.2193931022920578,LV,0.0,0
17,uc605898.3,uc605898,3,0.9886442889037679,0.2193931022920578,LV,0.0,0
17,uc605902.3,uc605902,3,0.9837473422612281,0.2193931022920578,LV,0.0,0
17,uc606126.3,uc606126,3,0.9930500811400671,0.2193931022920578,LV,0.0,0
17,uc606127.3,uc606127,3,0.9851802645846066,0.2193931022920578,LV,0.0,0
17,uc606121.3,uc606121,3,0.9837596676646477,0.2193931022920578,LV,0.0,0
17,uc606122.3,uc606122,3,0.9784265762389063,0.2193931022920578,LV,0.0,0
17,uc639277.3,uc639277,3,0.9838733084023172,0.2193931022920578,LV,0.0,0
17,uc1139390.3,uc1139390,3,0.9880132944824821,0.2193931022920578,LV,0.0,0
17,uc637576.3,uc637576,3,0.9961129171042867,0.2193931022920578,LV,0.0,0
17,uc637918.3,uc637918,3,0.9949170162994352,0.2193931022920578,LV,0.0,0
17,uc637360.3,uc637360,3,0.9841065883189858,0.2193931022920578,LV,0.0,0
17,uc637397.3,uc637397,3,0.980884007583105,0.2193931022920578,LV,0.0,0
17,uc635963.3,uc635963,3,0.9872448031165956,0.2193931022920578,LV,0.0,0
17,uc635543.3,uc635543,3,0.9880454933716277,0.2193931022920578,LV,0.0,0
17,uc635966.3,uc635966,3,0.9875376621435322,0.2193931022920578,LV,0.0,0
17,uc635550.3,uc635550,3,0.9888657239340629,0.2193931022920578,LV,0.0,0
17,uc635862.3,uc635862,3,0.9878488250998756,0.2193931022920578,LV,0.0,0
17,uc1633671.3,uc1633671,3,0.9974228489735391,0.2193931022920578,LV,0.0,0
17,uc632607.3,uc632607,3,0.948809174266468,0.2193931022920578,LV,0.0011908257335319083,1
17,uc1629422.3,uc1629422,3,0.9887576874455364,0.2193931022920578,LV,0.0,0
18,60651.1,60651,1,0.9899374628637904,13.336791218280357,MV,0.0,0
18,60721.1,60721,1,0.9898897325103755,13.336791218280357,MV,0.0,0
18,164151.1,164151,1,0.9903638313238377,13.336791218280357,MV,0.0,0
18,302191.1,302191,1,0.9822859092940436,13.336791218280357,MV,0.0,0
18,320841.1,320841,1,0.98705937680542,13.336791218280357,MV,0.0,0
18,337711.1,337711,1,0.9823243660877813,13.336791218280357,MV,0.0,0
18,358691.1,358691,1,0.9974546702691135,13.336791218280357,MV,0.0,0
18,et6_1177.1,et6_1177,1,0.9882319833489901,0.2193931022920578,LV,0.0,0
18,461501.1,461501,1,0.9897217339315793,13.336791218280357,MV,0.0,0
18,686891.1,686891,1,0.9884771177979603,13.336791218280357,MV,0.0,0
18,703601.1,703601,1,0.990548216240903,13.336791218280357,MV,0.0,0
18,713791.1,713791,1,0.9880357461979036,13.336791218280357,MV,0.0,0
18,725731.1,725731,1,0.9873492685502389,13.336791218280357,MV,0.0,0
18,809501.1,809501,1,0.9887143141349574,13.336791218280357,MV,0.0,0
18,811221.1,811221,1,0.9904071836262316,13.336791218280357,MV,0.0,0
18,815111.1,815111,1,0.9822904294537355,13.336791218280357,MV,0.0,0
18,822371.1,822371,1,0.9875995182302355,13.336791218280357,MV,0.0,0
18,820611.1,820611,1,0.9894816321934111,13.336791218280357,MV,0.0,0
18,822641.1,822641,1,0.9876846948135323,13.336791218280357,MV,0.0,0
18,618431.1,618431,1,0.9899375456916316,13.336791218280357,MV,0.0,0
18,bt10401.1,bt10401,1,0.9774795351739883,0.2193931022920578,LV,0.0,0
18,bt197792.1,bt197792,1,0.9759633906894367,0.2193931022920578,LV,0.0,0
18,bt800551.1,bt800551,1,0.9764152012605122,0.2193931022920578,LV,0.0,0
18,bt295341.1,bt295341,1,0.9752511102212078,0.2193931022920578,LV,0.0,0
18,bt800541.1,bt800541,1,0.9757498092271892,0.2193931022920578,LV,0.0,0
18,bt295361.1,bt295361,1,0.9747765021922176,0.2193931022920578,LV,0.0,0
18,bt474991.1,bt474991,1,0.9744027563023839,0.2193931022920578,LV,0.0,0
18,uc626695.1,uc626695,1,0.9714870506298839,0.2193931022920578,LV,0.0,0
18,uc1627323.1,uc1627323,1,0.9728050994936808,0.2193931022920578,LV,0.0,0
18,uc1627342.1,uc1627342,1,0.9913524309308219,0.2193931022920578,LV,0.0,0
18,uc627343.1,uc627343,1,0.986744786717323,0.2193931022920578,LV,0.0,0
18,uc627344.1,uc627344,1,0.9887714832290609,0.2193931022920578,LV,0.0,0
18,uc1626672.1,uc1626672,1,0.0,0.1270170592217177,LV,0.95,1
18,uc1626490.1,uc1626490,1,0.9927882890403696,0.2193931022920578,LV,0.0,0
18,uc3422706.1,uc3422706,1,0.9846404415221276,0.2193931022920578,LV,0.0,0
18,uc3425629.1,uc3425629,1,0.9848123719281532,0.2193931022920578,LV,0.0,0
18,uc3422597.1,uc3422597,1,0.9785622780567907,0.2193931022920578,LV,0.0,0
18,uc3405843.1,uc3405843,1,0.978987924228962,0.2193931022920578,LV,0.0,0
18,uc3405844.1,uc3405844,1,0.9815628429179037,0.2193931022920578,LV,0.0,0
18,uc3405845.1,uc3405845,1,0.9812803568059275,0.2193931022920578,LV,0.0,0
18,uc3405846.1,uc3405846,1,0.979466674756069,0.2193931022920578,LV,0.0,0
18,uc1626486.1,uc1626486,1,0.9927075841899077,0.2193931022920578,LV,0.0,0
18,uc1626487.1,uc1626487,1,0.9813786983228117,0.2193931022920578,LV,0.0,0
18,uc626481.1,uc626481,1,0.9826224499903031,0.2193931022920578,LV,0.0,0
18,uc626678.1,uc626678,1,0.9739758383450239,0.2193931022920578,LV,0.0,0
18,uc626698.1,uc626698,1,0.9862494148429045,0.2193931022920578,LV,0.0,0
18,uc626476.1,uc626476,1,0.9642827288357713,0.2193931022920578,LV,0.0,0
18,uc1627321.1,uc1627321,1,0.9905371637002163,0.2193931022920578,LV,0.0,0
18,uc1607319.1,uc1607319,1,0.9788037106875722,0.2193931022920578,LV,0.0,0
18,uc1607308.1,uc1607308,1,0.9792255280912774,0.2193931022920578,LV,0.0,0
18,uc1624026.1,uc1624026,1,0.0,0.1270170592217177,LV,0.95,1
18,uc1625170.1,uc1625170,1,0.9884090543513713,0.2193931022920578,LV,0.0,0
18,uc1621994.1,uc1621994,1,0.9916945023886898,0.2193931022920578,LV,0.0,0
18,uc1620360.1,uc1620360,1,0.9934357209410057,0.2193931022920578,LV,0.0,0
18,uc1620373.1,uc1620373,1,0.9825139394095025,0.2193931022920578,LV,0.0,0
18,uc1607302.1,uc1607302,1,0.9817175693344693,0.2193931022920578,LV,0.0,0
18,uc1607304.1,uc1607304,1,0.9783111420307354,0.2193931022920578,LV,0.0,0
18,uc1607305.1,uc1607305,1,0.9770219526560268,0.2193931022920578,LV,0.0,0
18,uc1607306.1,uc1607306,1,0.9777158667699434,0.2193931022920578,LV,0.0,0
18,uc1607297.1,uc1607297,1,0.9861215469797447,0.2193931022920578,LV,0.0,0
18,uc1607298.1,uc1607298,1,0.9842073026646884,0.2193931022920578,LV,0.0,0
18,uc1607289.1,uc1607289,1,0.9885408019334918,0.2193931022920578,LV,0.0,0
18,uc1607290.1,uc1607290,1,0.988775734177639,0.2193931022920578,LV,0.0,0
18,uc1607291.1,uc1607291,1,0.986400467282934,0.2193931022920578,LV,0.0,0
18,uc1607280.1,uc1607280,1,0.9774588880390732,0.2193931022920578,LV,0.0,0
18,uc1607283.1,uc1607283,1,0.9691146752319575,0.2193931022920578,LV,0.0,0
18,uc1607285.1,uc1607285,1,0.9740529295897287,0.2193931022920578,LV,0.0,0
18,uc1607287.1,uc1607287,1,0.9757569791814804,0.2193931022920578,LV,0.0,0
18,uc1607288.1,uc1607288,1,0.9841413488104032,0.2193931022920578,LV,0.0,0
18,uc1607279.1,uc1607279,1,0.9804541518718664,0.2193931022920578,LV,0.0,0
18,uc1607357.1,uc1607357,1,0.9854434698141445,0.2193931022920578,LV,0.0,0
18,uc1607358.1,uc1607358,1,0.9843003328381237,0.2193931022920578,LV,0.0,0
18,uc1607368.1,uc1607368,1,0.0,0.1270170592217177,LV,0.95,1
18,uc1607277.1,uc1607277,1,0.9966725797003901,0.2193931022920578,LV,0.0,0
18,uc1607278.1,uc1607278,1,0.9976680247313101,0.2193931022920578,LV,0.0,0
18,uc1607272.1,uc1607272,1,0.9793055241220644,0.2193931022920578,LV,0.0,0
18,uc1607273.1,uc1607273,1,0.9980495134401438,0.2193931022920578,LV,0.0,0
18,uc1607353.1,uc1607353,1,0.9860495399089414,0.2193931022920578,LV,0.0,0
18,uc1607347.1,uc1607347,1,0.9900645875022084,0.2193931022920578,LV,0.0,0
18,uc1607349.1,uc1607349,1,0.9872396791612996,0.2193931022920578,LV,0.0,0
18,uc1107342.1,uc1107342,1,0.9755220411671212,0.2193931022920578,LV,0.0,0
18,uc1107340.1,uc1107340,1,0.9644008743124766,0.2193931022920578,LV,0.0,0
18,uc1105833.1,uc1105833,1,0.9811682228748274,0.2193931022920578,LV,0.0,0
18,uc1107330.1,uc1107330,1,0.9627210771455817,0.2193931022920578,LV,0.0,0
18,uc1607265.1,uc1607265,1,0.9662686730246578,0.2193931022920578,LV,0.0,0
18,uc1607268.1,uc1607268,1,0.9913346366683677,0.2193931022920578,LV,0.0,0
18,uc1607252.1,uc1607252,1,0.9775406606837531,0.2193931022920578,LV,0.0,0
18,uc1605991.1,uc1605991,1,0.9822935378734684,0.2193931022920578,LV,0.0,0
18,uc1605996.1,uc1605996,1,0.980334113015683,0.2193931022920578,LV,0.0,0
18,uc1607257.1,uc1607257,1,0.9830974090953244,0.2193931022920578,LV,0.0,0
18,uc1607258.1,uc1607258,1,0.9775643529657247,0.2193931022920578,LV,0.0,0
18,uc1124340.1,uc1124340,1,0.9769801965931271,0.2193931022920578,LV,0.0,0
18,uc605816.1,uc605816,1,0.9745054549195618,0.2193931022920578,LV,0.0,0
18,uc605813.1,uc605813,1,0.987081845290734,0.2193931022920578,LV,0.0,0
18,uc609684.1,uc609684,1,0.9896823174084438,0.2193931022920578,LV,0.0,0
18,uc609686.1,uc609686,1,0.9907150546341922,0.2193931022920578,LV,0.0,0
18,uc609688.1,uc609688,1,0.9796190501653187,0.2193931022920578,LV,0.0,0
18,uc621168.1,uc621168,1,0.9846126811407524,0.2193931022920578,LV,0.0,0
18,uc621171.1,uc621171,1,0.9822378562446117,0.2193931022920578,LV,0.0,0
18,uc605808.1,uc605808,1,0.9916087457225303,0.2193931022920578,LV,0.0,0
18,uc605809.1,uc605809,1,0.9758482464055895,0.2193931022920578,LV,0.0,0
18,uc605810.1,uc605810,1,0.9871230414456645,0.2193931022920578,LV,0.0,0
18,uc605970.1,uc605970,1,0.9835265020035093,0.2193931022920578,LV,0.0,0
18,uc605803.1,uc605803,1,0.9847964872591896,0.2193931022920578,LV,0.0,0
18,uc605804.1,uc605804,1,0.9874886145302758,0.2193931022920578,LV,0.0,0
18,uc605806.1,uc605806,1,0.9851644213250481,0.2193931022920578,LV,0.0,0
18,uc607384.1,uc607384,1,0.9815313761652055,0.2193931022920578,LV,0.0,0
18,uc607387.1,uc607387,1,0.9862766823449819,0.2193931022920578,LV,0.0,0
18,uc609682.1,uc609682,1,0.9701341238550353,0.2193931022920578,LV,0.0,0
18,uc624033.1,uc624033,1,0.994082463716934,0.2193931022920578,LV,0.0,0
18,uc625156.1,uc625156,1,0.984875547207254,0.2193931022920578,LV,0.0,0
18,uc625624.1,uc625624,1,0.9752685329918818,0.2193931022920578,LV,0.0,0
18,uc625625.1,uc625625,1,0.9903504836163652,0.2193931022920578,LV,0.0,0
18,uc607366.1,uc607366,1,0.9757543356987588,0.2193931022920578,LV,0.0,0
18,uc607367.1,uc607367,1,0.986696842134512,0.2193931022920578,LV,0.0,0
18,uc606114.1,uc606114,1,0.9818640633359997,0.2193931022920578,LV,0.0,0
18,uc606117.1,uc606117,1,0.9870140383075642,0.2193931022920578,LV,0.0,0
18,uc606120.1,uc606120,1,0.9858156981828483,0.2193931022920578,LV,0.0,0
18,uc623015.1,uc623015,1,0.9749622501278387,0.2193931022920578,LV,0.0,0
18,uc623432.1,uc623432,1,0.9789386594924775,0.2193931022920578,LV,0.0,0
18,uc624028.1,uc624028,1,0.9815726863127743,0.2193931022920578,LV,0.0,0
18,uc605873.1,uc605873,1,0.9859276601058514,0.2193931022920578,LV,0.0,0
18,uc623007.1,uc623007,1,0.9873178407069598,0.2193931022920578,LV,0.0,0
18,uc606147.1,uc606147,1,0.9870434991538266,0.2193931022920578,LV,0.0,0
18,uc606148.1,uc606148,1,0.9958447990268184,0.2193931022920578,LV,0.0,0
18,uc606150.1,uc606150,1,0.9938004300703627,0.2193931022920578,LV,0.0,0
18,uc606109.1,uc606109,1,0.9829310664909935,0.2193931022920578,LV,0.0,0
18,uc606110.1,uc606110,1,0.9811651362797331,0.2193931022920578,LV,0.0,0
18,uc606111.1,uc606111,1,0.9867565612235795,0.2193931022920578,LV,0.0,0
18,uc622777.1,uc622777,1,0.9974303175054835,0.2193931022920578,LV,0.0,0
18,uc623004.1,uc623004,1,0.9738353266828097,0.2193931022920578,LV,0.0,0
18,uc606103.1,uc606103,1,0.9830930552763953,0.2193931022920578,LV,0.0,0
18,uc606139.1,uc606139,1,0.9864871652356737,0.2193931022920578,LV,0.0,0
18,uc606141.1,uc606141,1,0.9790575248456843,0.2193931022920578,LV,0.0,0
18,uc606143.1,uc606143,1,0.9885002748598691,0.2193931022920578,LV,0.0,0
18,uc605921.1,uc605921,1,0.9827357005129623,0.2193931022920578,LV,0.0,0
18,uc622713.1,uc622713,1,0.9861691349618159,0.2193931022920578,LV,0.0,0
18,uc622714.1,uc622714,1,0.9795989873723514,0.2193931022920578,LV,0.0,0
18,uc605993.1,uc605993,1,0.9856527456185686,0.2193931022920578,LV,0.0,0
18,uc606101.1,uc606101,1,0.9855588408395491,0.2193931022920578,LV,0.0,0
18,uc606102.1,uc606102,1,0.9856060241597109,0.2193931022920578,LV,0.0,0
18,uc622273.1,uc622273,1,0.9853516900996353,0.2193931022920578,LV,0.0,0
18,uc622703.1,uc622703,1,0.9715504587437479,0.2193931022920578,LV,0.0,0
18,uc605989.1,uc605989,1,0.988151470154442,0.2193931022920578,LV,0.0,0
18,uc606130.1,uc606130,1,0.9886952538169891,0.2193931022920578,LV,0.0,0
18,uc606132.1,uc606132,1,0.9816766281921225,0.2193931022920578,LV,0.0,0
18,uc605914.1,uc605914,1,1.0013125264940637,0.2193931022920578,LV,0.0,0
18,uc622257.1,uc622257,1,0.9898677779461359,0.2193931022920578,LV,0.0,0
18,uc605909.1,uc605909,1,0.990594195375306,0.2193931022920578,LV,0.0,0
18,uc605910.1,uc605910,1,0.9856440868628142,0.2193931022920578,LV,0.0,0
18,uc605911.1,uc605911,1,0.9876503846786242,0.2193931022920578,LV,0.0,0
18,uc606128.1,uc606128,1,0.986510370195004,0.2193931022920578,LV,0.0,0
18,uc605823.1,uc605823,1,0.9729797174855238,0.2193931022920578,LV,0.0,0
18,uc605824.1,uc605824,1,0.9824527807464176,0.2193931022920578,LV,0.0,0
18,uc605904.1,uc605904,1,0.9866122460673111,0.2193931022920578,LV,0.0,0
18,uc621999.1,uc621999,1,0.9852981447880305,0.2193931022920578,LV,0.0,0
18,uc639553.1,uc639553,1,0.9826942983474585,0.2193931022920578,LV,0.0,0
18,uc1239552.1,uc1239552,1,0.983813876192564,0.2193931022920578,LV,0.0,0
18,uc605817.1,uc605817,1,0.9835329889244673,0.2193931022920578,LV,0.0,0
18,uc605819.1,uc605819,1,0.9794333799334898,0.2193931022920578,LV,0.0,0
18,uc605820.1,uc605820,1,0.9775422652384801,0.2193931022920578,LV,0.0,0
18,uc605821.1,uc605821,1,0.9749381147112796,0.2193931022920578,LV,0.0,0
18,uc639280.1,uc639280,1,0.983694440133503,0.2193931022920578,LV,0.0,0
18,uc605898.1,uc605898,1,0.9872915162215087,0.2193931022920578,LV,0.0,0
18,uc605901.1,uc605901,1,0.9890487831975459,0.2193931022920578,LV,0.0,0
18,uc605902.1,uc605902,1,0.9806705329228734,0.2193931022920578,LV,0.0,0
18,uc605985.1,uc605985,1,0.9782899336522789,0.2193931022920578,LV,0.0,0
18,uc606126.1,uc606126,1,0.9872005808290464,0.2193931022920578,LV,0.0,0
18,uc606127.1,uc606127,1,0.9828277057479846,0.2193931022920578,LV,0.0,0
18,uc605896.1,uc605896,1,0.9781932799402216,0.2193931022920578,LV,0.0,0
18,uc606121.1,uc606121,1,0.9812531187088116,0.2193931022920578,LV,0.0,0
18,uc606122.1,uc606122,1,0.974323598910398,0.2193931022920578,LV,0.0,0
18,uc606123.1,uc606123,1,0.9847310878173466,0.2193931022920578,LV,0.0,0
18,uc606124.1,uc606124,1,0.9901193542760945,0.2193931022920578,LV,0.0,0
18,uc605825.1,uc605825,1,0.9752147140702357,0.2193931022920578,LV,0.0,0
18,uc623427.1,uc623427,1,0.9847311006604414,0.2193931022920578,LV,0.0,0
18,uc609687.1,uc609687,1,0.9918503819465151,0.2193931022920578,LV,0.0,0
18,uc639277.1,uc639277,1,0.9752685329974556,0.2193931022920578,LV,0.0,0
18,uc1139390.1,uc1139390,1,0.9837777242839157,0.2193931022920578,LV,0.0,0
18,uc605863.1,uc605863,1,0.9750861404120637,0.2193931022920578,LV,0.0,0
18,uc605865.1,uc605865,1,0.9758689188314084,0.2193931022920578,LV,0.0,0
18,uc1138614.1,uc1138614,1,0.9759087111152407,0.2193931022920578,LV,0.0,0
18,uc605855.1,uc605855,1,0.9740823522080126,0.2193931022920578,LV,0.0,0
18,uc605828.1,uc605828,1,0.9678921653636098,0.2193931022920578,LV,0.0,0
18,uc605829.1,uc605829,1,0.980715909429988,0.2193931022920578,LV,0.0,0
18,uc605834.1,uc605834,1,0.9604136018411914,0.2193931022920578,LV,0.0,0
18,uc605835.1,uc605835,1,0.9606009808156752,0.2193931022920578,LV,0.0,0
18,uc605827.1,uc605827,1,0.9677296240314017,0.2193931022920578,LV,0.0,0
18,uc627337.1,uc627337,1,0.9797459739488344,0.2193931022920578,LV,0.0,0
18,uc637912.1,uc637912,1,0.9809270170164395,0.2193931022920578,LV,0.0,0
18,uc637576.1,uc637576,1,0.9845631735211876,0.2193931022920578,LV,0.0,0
18,uc637356.1,uc637356,1,0.9839235952368607,0.2193931022920578,LV,0.0,0
18,uc637918.1,uc637918,1,0.9824108266343461,0.2193931022920578,LV,0.0,0
18,uc637360.1,uc637360,1,0.9820298764697304,0.2193931022920578,LV,0.0,0
18,uc637399.1,uc637399,1,0.9753397657212103,0.2193931022920578,LV,0.0,0
18,uc637397.1,uc637397,1,0.9737877956783586,0.2193931022920578,LV,0.0,0
18,uc1137150.1,uc1137150,1,0.9805706415750747,0.2193931022920578,LV,0.0,0
18,uc1636598.1,uc1636598,1,0.0,0.1270170592217177,LV,0.95,1
18,uc636933.1,uc636933,1,0.9855856502883341,0.2193931022920578,LV,0.0,0
18,uc635963.1,uc635963,1,0.9860926416241191,0.2193931022920578,LV,0.0,0
18,uc635543.1,uc635543,1,0.9837275431631974,0.2193931022920578,LV,0.0,0
18,uc635966.1,uc635966,1,0.9835891584068238,0.2193931022920578,LV,0.0,0
18,uc635550.1,uc635550,1,0.987566825499977,0.2193931022920578,LV,0.0,0
18,uc635862.1,uc635862,1,0.9808331333112663,0.2193931022920578,LV,0.0,0
18,uc1635694.1,uc1635694,1,1.0001398366834404,0.2193931022920578,LV,0.0,0
18,uc3435739.1,uc3435739,1,0.9766790973518112,0.2193931022920578,LV,0.0,0
18,uc1635060.1,uc1635060,1,0.9864504916205052,0.2193931022920578,LV,0.0,0
18,uc1607271.1,uc1607271,1,0.9896944982794336,0.2193931022920578,LV,0.0,0
18,uc605884.1,uc605884,1,0.9845566030946377,0.2193931022920578,LV,0.0,0
18,uc1609690.1,uc1609690,1,0.9935784858119047,0.2193931022920578,LV,0.0,0
18,uc1134165.1,uc1134165,1,0.9647069371109803,0.2193931022920578,LV,0.0,0
18,uc634166.1,uc634166,1,0.9884494326496797,0.2193931022920578,LV,0.0,0
18,uc1633896.1,uc1633896,1,0.9894270920512498,0.2193931022920578,LV,0.0,0
18,uc3433894.1,uc3433894,1,0.9806143896898583,0.2193931022920578,LV,0.0,0
18,uc1633892.1,uc1633892,1,0.9915254582414205,0.2193931022920578,LV,0.0,0
18,uc633672.1,uc633672,1,0.9919365944959755,0.2193931022920578,LV,0.0,0
18,uc1633671.1,uc1633671,1,0.978326996186907,0.2193931022920578,LV,0.0,0
18,uc1632306.1,uc1632306,1,0.9913767083120875,0.2193931022920578,LV,0.0,0
18,uc632607.1,uc632607,1,0.932461460644423,0.2193931022920578,LV,0.01753853935557692,1
18,uc632613.1,uc632613,1,0.9765928327998185,0.2193931022920578,LV,0.0,0
18,uc3432407.1,uc3432407,1,0.978484499823538,0.2193931022920578,LV,0.0,0
18,uc1632402.1,uc1632402,1,0.9683237470160873,0.2193931022920578,LV,0.0,0
18,uc1132019.1,uc1132019,1,0.9759123534805059,0.2193931022920578,LV,0.0,0
18,uc632016.1,uc632016,1,0.9866226282879472,0.2193931022920578,LV,0.0,0
18,uc1132015.1,uc1132015,1,0.9694072373919411,0.2193931022920578,LV,0.0,0
18,uc1132012.1,uc1132012,1,0.9844880761816625,0.2193931022920578,LV,0.0,0
18,uc631859.1,uc631859,1,0.9863323779881729,0.2193931022920578,LV,0.0,0
18,uc1631852.1,uc1631852,1,0.9846093060616652,0.2193931022920578,LV,0.0,0
18,uc1130761.1,uc1130761,1,0.9603658469833599,0.2193931022920578,LV,0.0,0
18,uc1630759.1,uc1630759,1,0.9659132467668664,0.2193931022920578,LV,0.0,0
18,uc630758.1,uc630758,1,0.9802874213209377,0.2193931022920578,LV,0.0,0
18,uc629428.1,uc629428,1,0.9879470290654077,0.2193931022920578,LV,0.0,0
18,uc1629639.1,uc1629639,1,0.994973299280291,0.2193931022920578,LV,0.0,0
18,uc1229546.1,uc1229546,1,0.9752608907816308,0.2193931022920578,LV,0.0,0
18,uc628768.1,uc628768,1,0.9826770829674859,0.2193931022920578,LV,0.0,0
18,uc628757.1,uc628757,1,0.9951592479769785,0.2193931022920578,LV,0.0,0
18,uc628766.1,uc628766,1,0.9887236972777359,0.2193931022920578,LV,0.0,0
18,uc628753.1,uc628753,1,0.996407688346088,0.2193931022920578,LV,0.0,0
18,uc627346.1,uc627346,1,0.9892665521359243,0.2193931022920578,LV,0.0,0
18,uc1628760.1,uc1628760,1,0.9947559500017255,0.2193931022920578,LV,0.0,0
18,uc1629422.1,uc1629422,1,0.9845969771568721,0.2193931022920578,LV,0.0,0
18,uc626699.1,uc626699,1,0.9918839177847107,0.2193931022920578,LV,0.0,0
18,60651.2,60651,2,0.9918521496092703,13.336791218280357,MV,0.0,0
18,60721.2,60721,2,0.9918043874898436,13.336791218280357,MV,0.0,0
18,164151.2,164151,2,0.9922788346508717,13.336791218280357,MV,0.0,0
18,302191.2,302191,2,0.9857518472414343,13.336791218280357,MV,0.0,0
18,320841.2,320841,2,0.9892718703286292,13.336791218280357,MV,0.0,0
18,337711.2,337711,2,0.9857903789287439,13.336791218280357,MV,0.0,0
18,358691.2,358691,2,0.9982711017934476,13.336791218280357,MV,0.0,0
18,et6_1177.2,et6_1177,2,0.9878470183340945,0.2193931022920578,LV,0.0,0
18,461501.2,461501,2,0.9919295175799097,13.336791218280357,MV,0.0,0
18,686891.2,686891,2,0.9906406845417154,13.336791218280357,MV,0.0,0
18,703601.2,703601,2,0.9924471985163382,13.336791218280357,MV,0.0,0
18,713791.2,713791,2,0.9902444342833271,13.336791218280357,MV,0.0,0
18,725731.2,725731,2,0.9895619798912013,13.336791218280357,MV,0.0,0
18,809501.2,809501,2,0.9908691489018672,13.336791218280357,MV,0.0,0
18,811221.2,811221,2,0.9923195604248556,13.336791218280357,MV,0.0,0
18,815111.2,815111,2,0.9857563574899472,13.336791218280357,MV,0.0,0
18,822371.2,822371,2,0.9898124555317273,13.336791218280357,MV,0.0,0
18,820611.2,820611,2,0.9914814639148648,13.336791218280357,MV,0.0,0
18,822641.2,822641,2,0.9899143489076413,13.336791218280357,MV,0.0,0
18,618431.2,618431,2,0.9918522327200401,13.336791218280357,MV,0.0,0
18,bt10401.2,bt10401,2,0.9640333159863753,0.2193931022920578,LV,0.0,0
18,bt197792.2,bt197792,2,0.9630288387822195,0.2193931022920578,LV,0.0,0
18,bt800551.2,bt800551,2,0.9630288388019494,0.2193931022920578,LV,0.0,0
18,bt295341.2,bt295341,2,0.9611453428257394,0.2193931022920578,LV,0.0,0
18,bt800541.2,bt800541,2,0.9620715555393147,0.2193931022920578,LV,0.0,0
18,bt295361.2,bt295361,2,0.959653460382956,0.2193931022920578,LV,0.0,0
18,bt474991.2,bt474991,2,0.959184704759477,0.2193931022920578,LV,0.0,0
18,uc1627323.2,uc1627323,2,0.95631277144876,0.2193931022920578,LV,0.0,0
18,uc3405987.2,uc3405987,2,0.9675470158584364,0.2193931022920578,LV,0.0,0
18,uc3405846.2,uc3405846,2,0.9715850892731831,0.2193931022920578,LV,0.0,0
18,uc3405847.2,uc3405847,2,0.969516475786399,0.2193931022920578,LV,0.0,0
18,uc3405838.2,uc3405838,2,0.9620652824115842,0.2193931022920578,LV,0.0,0
18,uc1607326.2,uc1607326,2,0.9734207122267228,0.2193931022920578,LV,0.0,0
18,uc1607316.2,uc1607316,2,0.9717736473274969,0.2193931022920578,LV,0.0,0
18,uc1607308.2,uc1607308,2,0.9749248870499428,0.2193931022920578,LV,0.0,0
18,uc1623434.2,uc1623434,2,0.0,0.1270170592217177,LV,0.95,1
18,uc1620373.2,uc1620373,2,0.9822247351013746,0.2193931022920578,LV,0.0,0
18,uc1607302.2,uc1607302,2,0.9814382768256548,0.2193931022920578,LV,0.0,0
18,uc1607304.2,uc1607304,2,0.9812975542445561,0.2193931022920578,LV,0.0,0
18,uc1607306.2,uc1607306,2,0.9734166814845848,0.2193931022920578,LV,0.0,0
18,uc1607299.2,uc1607299,2,0.9825324780980951,0.2193931022920578,LV,0.0,0
18,uc1607297.2,uc1607297,2,0.9820133649436067,0.2193931022920578,LV,0.0,0
18,uc1607298.2,uc1607298,2,0.983018885443501,0.2193931022920578,LV,0.0,0
18,uc1607289.2,uc1607289,2,0.9867877067461094,0.2193931022920578,LV,0.0,0
18,uc1607291.2,uc1607291,2,0.9807968455295447,0.2193931022920578,LV,0.0,0
18,uc1607292.2,uc1607292,2,0.9793575905055313,0.2193931022920578,LV,0.0,0
18,uc1607280.2,uc1607280,2,0.9771959232305332,0.2193931022920578,LV,0.0,0
18,uc1607284.2,uc1607284,2,0.9781848255972768,0.2193931022920578,LV,0.0,0
18,uc1607285.2,uc1607285,2,0.9778842765389391,0.2193931022920578,LV,0.0,0
18,uc1607288.2,uc1607288,2,0.9787612337673748,0.2193931022920578,LV,0.0,0
18,uc1607279.2,uc1607279,2,0.9801918913993841,0.2193931022920578,LV,0.0,0
18,uc1607355.2,uc1607355,2,0.9823060772301113,0.2193931022920578,LV,0.0,0
18,uc1607357.2,uc1607357,2,0.9841309175987919,0.2193931022920578,LV,0.0,0
18,uc1607358.2,uc1607358,2,0.978591230456042,0.2193931022920578,LV,0.0,0
18,uc1607368.2,uc1607368,2,0.0,0.1270170592217177,LV,0.95,1
18,uc1607276.2,uc1607276,2,0.9937657352202497,0.2193931022920578,LV,0.0,0
18,uc1607278.2,uc1607278,2,0.9926577414697912,0.2193931022920578,LV,0.0,0
18,uc1607273.2,uc1607273,2,0.9894199917873358,0.2193931022920578,LV,0.0,0
18,uc1607328.2,uc1607328,2,0.9721208055284543,0.2193931022920578,LV,0.0,0
18,uc1607347.2,uc1607347,2,0.9897874942964696,0.2193931022920578,LV,0.0,0
18,uc1607350.2,uc1607350,2,0.9831396620881212,0.2193931022920578,LV,0.0,0
18,uc1107341.2,uc1107341,2,0.9656568645878492,0.2193931022920578,LV,0.0,0
18,uc1107333.2,uc1107333,2,0.9702146044212558,0.2193931022920578,LV,0.0,0
18,uc1607268.2,uc1607268,2,0.9900559979132562,0.2193931022920578,LV,0.0,0
18,uc1607252.2,uc1607252,2,0.9687458878436683,0.2193931022920578,LV,0.0,0
18,uc1606000.2,uc1606000,2,0.9776679956341452,0.2193931022920578,LV,0.0,0
18,uc1607255.2,uc1607255,2,0.9807893558859948,0.2193931022920578,LV,0.0,0
18,uc1607258.2,uc1607258,2,0.9687697990041539,0.2193931022920578,LV,0.0,0
18,uc1124041.2,uc1124041,2,0.971810914749326,0.2193931022920578,LV,0.0,0
18,uc1124340.2,uc1124340,2,0.9775500000488505,0.2193931022920578,LV,0.0,0
18,uc1121173.2,uc1121173,2,0.9704773246128722,0.2193931022920578,LV,0.0,0
18,uc1107345.2,uc1107345,2,0.9774926738638621,0.2193931022920578,LV,0.0,0
18,uc605816.2,uc605816,2,0.974122954245543,0.2193931022920578,LV,0.0,0
18,uc605812.2,uc605812,2,0.9592861991395604,0.2193931022920578,LV,0.0,0
18,uc605813.2,uc605813,2,0.9873058256032221,0.2193931022920578,LV,0.0,0
18,uc609685.2,uc609685,2,0.9869821626558916,0.2193931022920578,LV,0.0,0
18,uc609688.2,uc609688,2,0.9773282516457417,0.2193931022920578,LV,0.0,0
18,uc621168.2,uc621168,2,0.9782969101458614,0.2193931022920578,LV,0.0,0
18,uc621171.2,uc621171,2,0.981759014838442,0.2193931022920578,LV,0.0,0
18,uc605810.2,uc605810,2,0.9838627196258892,0.2193931022920578,LV,0.0,0
18,uc605807.2,uc605807,2,0.9639726228025282,0.2193931022920578,LV,0.0,0
18,uc605801.2,uc605801,2,0.9824283930451043,0.2193931022920578,LV,0.0,0
18,uc607384.2,uc607384,2,0.9810673541272519,0.2193931022920578,LV,0.0,0
18,uc607385.2,uc607385,2,0.9727962795043412,0.2193931022920578,LV,0.0,0
18,uc609682.2,uc609682,2,0.9608171401673936,0.2193931022920578,LV,0.0,0
18,uc609683.2,uc609683,2,0.9828612751998421,0.2193931022920578,LV,0.0,0
18,uc607377.2,uc607377,2,0.9878092441784687,0.2193931022920578,LV,0.0,0
18,uc607382.2,uc607382,2,0.9801601792009152,0.2193931022920578,LV,0.0,0
18,uc606117.2,uc606117,2,0.9865378564416883,0.2193931022920578,LV,0.0,0
18,uc606120.2,uc606120,2,0.9853389141626068,0.2193931022920578,LV,0.0,0
18,uc623433.2,uc623433,2,0.9633844113779307,0.2193931022920578,LV,0.0,0
18,uc623007.2,uc623007,2,0.9869330905192513,0.2193931022920578,LV,0.0,0
18,uc606147.2,uc606147,2,0.9814197229505273,0.2193931022920578,LV,0.0,0
18,uc606148.2,uc606148,2,0.9957136447839315,0.2193931022920578,LV,0.0,0
18,uc606150.2,uc606150,2,0.9936368222734462,0.2193931022920578,LV,0.0,0
18,uc606109.2,uc606109,2,0.9824525870835698,0.2193931022920578,LV,0.0,0
18,uc606110.2,uc606110,2,0.9806867482615119,0.2193931022920578,LV,0.0,0
18,uc606111.2,uc606111,2,0.9862801651378145,0.2193931022920578,LV,0.0,0
18,uc622720.2,uc622720,2,0.9782875158781191,0.2193931022920578,LV,0.0,0
18,uc623004.2,uc623004,2,0.9703027162833469,0.2193931022920578,LV,0.0,0
18,uc606103.2,uc606103,2,0.9777410178848033,0.2193931022920578,LV,0.0,0
18,uc606139.2,uc606139,2,0.9754232420684865,0.2193931022920578,LV,0.0,0
18,uc606143.2,uc606143,2,0.9831831640292737,0.2193931022920578,LV,0.0,0
18,uc605921.2,uc605921,2,0.9802916516120519,0.2193931022920578,LV,0.0,0
18,uc605915.2,uc605915,2,0.9833968609250633,0.2193931022920578,LV,0.0,0
18,uc606101.2,uc606101,2,0.9861238866574306,0.2193931022920578,LV,0.0,0
18,uc622273.2,uc622273,2,0.9800296194370058,0.2193931022920578,LV,0.0,0
18,uc605990.2,uc605990,2,0.9611451175718664,0.2193931022920578,LV,0.0,0
18,uc606130.2,uc606130,2,0.9846778060413074,0.2193931022920578,LV,0.0,0
18,uc606132.2,uc606132,2,0.9812322207229593,0.2193931022920578,LV,0.0,0
18,uc622258.2,uc622258,2,0.9855054110797808,0.2193931022920578,LV,0.0,0
18,uc622270.2,uc622270,2,0.991220401571681,0.2193931022920578,LV,0.0,0
18,uc605905.2,uc605905,2,0.9791257135739322,0.2193931022920578,LV,0.0,0
18,uc605909.2,uc605909,2,0.9886558503609157,0.2193931022920578,LV,0.0,0
18,uc605910.2,uc605910,2,0.9851574405345772,0.2193931022920578,LV,0.0,0
18,uc605911.2,uc605911,2,0.9871652632956807,0.2193931022920578,LV,0.0,0
18,uc606128.2,uc606128,2,0.98189059713321,0.2193931022920578,LV,0.0,0
18,uc605904.2,uc605904,2,0.9793439986953462,0.2193931022920578,LV,0.0,0
18,uc1239552.2,uc1239552,2,0.9835269670877758,0.2193931022920578,LV,0.0,0
18,uc605817.2,uc605817,2,0.9816072997297947,0.2193931022920578,LV,0.0,0
18,uc605819.2,uc605819,2,0.9771432712746695,0.2193931022920578,LV,0.0,0
18,uc605820.2,uc605820,2,0.9616009615357048,0.2193931022920578,LV,0.0,0
18,uc605821.2,uc605821,2,0.9722326282263452,0.2193931022920578,LV,0.0,0
18,uc605822.2,uc605822,2,0.9612264025802615,0.2193931022920578,LV,0.0,0
18,uc639280.2,uc639280,2,0.9834138506765664,0.2193931022920578,LV,0.0,0
18,uc605898.2,uc605898,2,0.990070347315395,0.2193931022920578,LV,0.0,0
18,uc605902.2,uc605902,2,0.9801938476594626,0.2193931022920578,LV,0.0,0
18,uc605982.2,uc605982,2,0.9636717639290441,0.2193931022920578,LV,0.0,0
18,uc605988.2,uc605988,2,0.9594320941242281,0.2193931022920578,LV,0.0,0
18,uc606126.2,uc606126,2,0.9867671554863803,0.2193931022920578,LV,0.0,0
18,uc606127.2,uc606127,2,0.9823901395941891,0.2193931022920578,LV,0.0,0
18,uc605896.2,uc605896,2,0.9654970436559311,0.2193931022920578,LV,0.0,0
18,uc606121.2,uc606121,2,0.9807716107866733,0.2193931022920578,LV,0.0,0
18,uc606122.2,uc606122,2,0.9738376397939682,0.2193931022920578,LV,0.0,0
18,uc606123.2,uc606123,2,0.9842899677117762,0.2193931022920578,LV,0.0,0
18,uc622709.2,uc622709,2,0.9785144619552824,0.2193931022920578,LV,0.0,0
18,uc639277.2,uc639277,2,0.972562676244065,0.2193931022920578,LV,0.0,0
18,uc1139390.2,uc1139390,2,0.9834908257205724,0.2193931022920578,LV,0.0,0
18,uc605864.2,uc605864,2,0.9729393074952004,0.2193931022920578,LV,0.0,0
18,uc605865.2,uc605865,2,0.972344019364161,0.2193931022920578,LV,0.0,0
18,uc638617.2,uc638617,2,0.9712951687358551,0.2193931022920578,LV,0.0,0
18,uc605855.2,uc605855,2,0.9647712338362733,0.2193931022920578,LV,0.0,0
18,uc1638606.2,uc1638606,2,0.9836602745113596,0.2193931022920578,LV,0.0,0
18,uc1638954.2,uc1638954,2,0.9886302120316303,0.2193931022920578,LV,0.0,0
18,uc605836.2,uc605836,2,0.9340422998333195,0.2193931022920578,LV,0.01595770016668041,1
18,uc1607303.2,uc1607303,2,0.9788186198097987,0.2193931022920578,LV,0.0,0
18,uc637705.2,uc637705,2,0.9816024386291955,0.2193931022920578,LV,0.0,0
18,uc1637704.2,uc1637704,2,1.0013304663999731,0.2193931022920578,LV,0.0,0
18,uc637576.2,uc637576,2,0.9841220466607378,0.2193931022920578,LV,0.0,0
18,uc637918.2,uc637918,2,0.9821300357658677,0.2193931022920578,LV,0.0,0
18,uc637360.2,uc637360,2,0.9815503434515257,0.2193931022920578,LV,0.0,0
18,uc637397.2,uc637397,2,0.973393878384568,0.2193931022920578,LV,0.0,0
18,uc636933.2,uc636933,2,0.9745121155339442,0.2193931022920578,LV,0.0,0
18,uc605908.2,uc605908,2,0.9908649557152257,0.2193931022920578,LV,0.0,0
18,uc635963.2,uc635963,2,0.9856160658368042,0.2193931022920578,LV,0.0,0
18,uc635543.2,uc635543,2,0.9832499425936924,0.2193931022920578,LV,0.0,0
18,uc635966.2,uc635966,2,0.9831116227872141,0.2193931022920578,LV,0.0,0
18,uc627328.2,uc627328,2,0.9586631661920747,0.2193931022920578,LV,0.0,0
18,uc635550.2,uc635550,2,0.9871364575602183,0.2193931022920578,LV,0.0,0
18,uc635862.2,uc635862,2,0.9804512047677904,0.2193931022920578,LV,0.0,0
18,uc3435739.2,uc3435739,2,0.9675209074337535,0.2193931022920578,LV,0.0,0
18,uc634166.2,uc634166,2,0.9850769239121576,0.2193931022920578,LV,0.0,0
18,uc1633671.2,uc1633671,2,0.9854247221129635,0.2193931022920578,LV,0.0,0
18,uc633056.2,uc633056,2,0.9825476470852056,0.2193931022920578,LV,0.0,0
18,uc632607.2,uc632607,2,0.9319977082791354,0.2193931022920578,LV,0.01800229172086454,1
18,uc1632402.2,uc1632402,2,0.9739413357540933,0.2193931022920578,LV,0.0,0
18,uc1131858.2,uc1131858,2,0.9659307281682717,0.2193931022920578,LV,0.0,0
18,uc631391.2,uc631391,2,0.9768173676814419,0.2193931022920578,LV,0.0,0
18,uc1630759.2,uc1630759,2,0.9713964930432689,0.2193931022920578,LV,0.0,0
18,uc630758.2,uc630758,2,0.9701197832686145,0.2193931022920578,LV,0.0,0
18,uc630753.2,uc630753,2,0.971931741698458,0.2193931022920578,LV,0.0,0
18,uc628766.2,uc628766,2,0.9847063569106267,0.2193931022920578,LV,0.0,0
18,uc627346.2,uc627346,2,0.9872819839348681,0.2193931022920578,LV,0.0,0
18,uc1629422.2,uc1629422,2,0.9795192615301086,0.2193931022920578,LV,0.0,0
18,60651.3,60651,3,0.9916369856363225,13.336791218280357,MV,0.0,0
18,60721.3,60721,3,0.9915892233790844,13.336791218280357,MV,0.0,0
18,164151.3,164151,3,0.9920637145403369,13.336791218280357,MV,0.0,0
18,302191.3,302191,3,0.985222264449732,13.336791218280357,MV,0.0,0
18,320841.3,320841,3,0.9890014302172154,13.336791218280357,MV,0.0,0
18,337711.3,337711,3,0.9852607966445425,13.336791218280357,MV,0.0,0
18,358691.3,358691,3,0.9980060266624233,13.336791218280357,MV,0.0,0
18,et6_1177.3,et6_1177,3,0.9885231697504544,0.2193931022920578,LV,0.0,0
18,461501.3,461501,3,0.9915974303072206,13.336791218280357,MV,0.0,0
18,686891.3,686891,3,0.9903842408484378,13.336791218280357,MV,0.0,0
18,703601.3,703601,3,0.99223400548812,13.336791218280357,MV,0.0,0
18,713791.3,713791,3,0.9899777610600332,13.336791218280357,MV,0.0,0
18,725731.3,725731,3,0.9892914935315105,13.336791218280357,MV,0.0,0
18,809501.3,809501,3,0.9906183623317997,13.336791218280357,MV,0.0,0
18,811221.3,811221,3,0.9921047598247076,13.336791218280357,MV,0.0,0
18,815111.3,815111,3,0.9852267745381579,13.336791218280357,MV,0.0,0
18,822371.3,822371,3,0.989542072019177,13.336791218280357,MV,0.0,0
18,820611.3,820611,3,0.9912535727258567,13.336791218280357,MV,0.0,0
18,822641.3,822641,3,0.9896372782196715,13.336791218280357,MV,0.0,0
18,618431.3,618431,3,0.9916370687592232,13.336791218280357,MV,0.0,0
18,bt10401.3,bt10401,3,0.9865620786581442,0.2193931022920578,LV,0.0,0
18,bt197792.3,bt197792,3,0.9862219079521665,0.2193931022920578,LV,0.0,0
18,bt800551.3,bt800551,3,0.9862810955520555,0.2193931022920578,LV,0.0,0
18,bt295341.3,bt295341,3,0.9861409947495712,0.2193931022920578,LV,0.0,0
18,bt800541.3,bt800541,3,0.9861748630858872,0.2193931022920578,LV,0.0,0
18,bt295361.3,bt295361,3,0.9861409954179787,0.2193931022920578,LV,0.0,0
18,bt474991.3,bt474991,3,0.986140995871589,0.2193931022920578,LV,0.0,0
18,uc627336.3,uc627336,3,0.9871567048228932,0.2193931022920578,LV,0.0,0
18,uc1620373.3,uc1620373,3,0.984643290960696,0.2193931022920578,LV,0.0,0
18,uc1607302.3,uc1607302,3,0.9837784919906495,0.2193931022920578,LV,0.0,0
18,uc1607304.3,uc1607304,3,0.9837066911815637,0.2193931022920578,LV,0.0,0
18,uc1607298.3,uc1607298,3,0.9862592819448848,0.2193931022920578,LV,0.0,0
18,uc1607280.3,uc1607280,3,0.9792818552569265,0.2193931022920578,LV,0.0,0
18,uc1607285.3,uc1607285,3,0.982667384988073,0.2193931022920578,LV,0.0,0
18,uc1607279.3,uc1607279,3,0.9822809238849157,0.2193931022920578,LV,0.0,0
18,uc1607347.3,uc1607347,3,0.9921978079653577,0.2193931022920578,LV,0.0,0
18,uc1124340.3,uc1124340,3,0.9828286823572545,0.2193931022920578,LV,0.0,0
18,uc605816.3,uc605816,3,0.976898890718972,0.2193931022920578,LV,0.0,0
18,uc605815.3,uc605815,3,0.9787422708717336,0.2193931022920578,LV,0.0,0
18,uc621171.3,uc621171,3,0.9832094303335884,0.2193931022920578,LV,0.0,0
18,uc607384.3,uc607384,3,0.9825251226259525,0.2193931022920578,LV,0.0,0
18,uc606117.3,uc606117,3,0.9879927365524168,0.2193931022920578,LV,0.0,0
18,uc606120.3,uc606120,3,0.9867927118811047,0.2193931022920578,LV,0.0,0
18,uc623007.3,uc623007,3,0.987608252844449,0.2193931022920578,LV,0.0,0
18,uc605867.3,uc605867,3,0.978017633404887,0.2193931022920578,LV,0.0,0
18,uc606150.3,uc606150,3,0.9939997805619479,0.2193931022920578,LV,0.0,0
18,uc606109.3,uc606109,3,0.9839036710951378,0.2193931022920578,LV,0.0,0
18,uc606110.3,uc606110,3,0.9821364649921012,0.2193931022920578,LV,0.0,0
18,uc606111.3,uc606111,3,0.987734788022777,0.2193931022920578,LV,0.0,0
18,uc622722.3,uc622722,3,0.97963071586429,0.2193931022920578,LV,0.0,0
18,uc623004.3,uc623004,3,0.9775615052594242,0.2193931022920578,LV,0.0,0
18,uc606101.3,uc606101,3,0.9875672671075254,0.2193931022920578,LV,0.0,0
18,uc606132.3,uc606132,3,0.982687546261798,0.2193931022920578,LV,0.0,0
18,uc605910.3,uc605910,3,0.9866021163896557,0.2193931022920578,LV,0.0,0
18,uc605911.3,uc605911,3,0.988611923916152,0.2193931022920578,LV,0.0,0
18,uc605904.3,uc605904,3,0.98752649812231,0.2193931022920578,LV,0.0,0
18,uc1239552.3,uc1239552,3,0.9859470896381478,0.2193931022920578,LV,0.0,0
18,uc605821.3,uc605821,3,0.9797062864300398,0.2193931022920578,LV,0.0,0
18,uc639280.3,uc639280,3,0.9852110834260469,0.2193931022920578,LV,0.0,0
18,uc605898.3,uc605898,3,0.9876739809604311,0.2193931022920578,LV,0.0,0
18,uc605902.3,uc605902,3,0.9815234744379491,0.2193931022920578,LV,0.0,0
18,uc606126.3,uc606126,3,0.98822540974481,0.2193931022920578,LV,0.0,0
18,uc606127.3,uc606127,3,0.9838458483136728,0.2193931022920578,LV,0.0,0
18,uc606121.3,uc606121,3,0.9822198856301594,0.2193931022920578,LV,0.0,0
18,uc606122.3,uc606122,3,0.9752786277539159,0.2193931022920578,LV,0.0,0
18,uc639277.3,uc639277,3,0.980037019039754,0.2193931022920578,LV,0.0,0
18,uc1139390.3,uc1139390,3,0.985910859338466,0.2193931022920578,LV,0.0,0
18,uc637576.3,uc637576,3,0.9855744707292949,0.2193931022920578,LV,0.0,0
18,uc637918.3,uc637918,3,0.9839257875426813,0.2193931022920578,LV,0.0,0
18,uc637360.3,uc637360,3,0.9830003483174847,0.2193931022920578,LV,0.0,0
18,uc637397.3,uc637397,3,0.9761673782727479,0.2193931022920578,LV,0.0,0
18,uc635963.3,uc635963,3,0.9870701388044897,0.2193931022920578,LV,0.0,0
18,uc635543.3,uc635543,3,0.984700742204887,0.2193931022920578,LV,0.0,0
18,uc635966.3,uc635966,3,0.9845623939913821,0.2193931022920578,LV,0.0,0
18,uc635550.3,uc635550,3,0.9885971527115276,0.2193931022920578,LV,0.0,0
18,uc635862.3,uc635862,3,0.9793368319903348,0.2193931022920578,LV,0.0,0
18,uc1633671.3,uc1633671,3,0.9856184232447892,0.2193931022920578,LV,0.0,0
18,uc632607.3,uc632607,3,0.9347285143177056,0.2193931022920578,LV,0.015271485682294306,1
18,uc1629422.3,uc1629422,3,0.9869030516058015,0.2193931022920578,LV,0.0,0
19,60651.1,60651,1,0.9916743796220494,13.336791218280357,MV,0.0,0
19,60721.1,60721,1,0.9916309587371387,13.336791218280357,MV,0.0,0
19,164151.1,164151,1,0.9920403318991526,13.336791218280357,MV,0.0,0
19,302191.1,302191,1,0.9852179170056423,13.336791218280357,MV,0.0,0
19,320841.1,320841,1,0.9893981896613372,13.336791218280357,MV,0.0,0
19,337711.1,337711,1,0.9852585931478046,13.336791218280357,MV,0.0,0
19,358691.1,358691,1,0.9978954887558469,13.336791218280357,MV,0.0,0
19,et6_1177.1,et6_1177,1,0.9904168353331241,0.2193931022920578,LV,0.0,0
19,461501.1,461501,1,0.9915022391816692,13.336791218280357,MV,0.0,0
19,686891.1,686891,1,0.9904656654918103,13.336791218280357,MV,0.0,0
19,703601.1,703601,1,0.9921938004844473,13.336791218280357,MV,0.0,0
19,713791.1,713791,1,0.9901599469771062,13.336791218280357,MV,0.0,0
19,725731.1,725731,1,0.9896265677456204,13.336791218280357,MV,0.0,0
19,809501.1,809501,1,0.990695841849074,13.336791218280357,MV,0.0,0
19,811221.1,811221,1,0.9920675312312124,13.336791218280357,MV,0.0,0
19,815111.1,815111,1,0.9852127649568772,13.336791218280357,MV,0.0,0
19,822371.1,822371,1,0.9898199203810293,13.336791218280357,MV,0.0,0
19,820611.1,820611,1,0.991334240577782,13.336791218280357,MV,0.0,0
19,822641.1,822641,1,0.9898721893098963,13.336791218280357,MV,0.0,0
19,618431.1,618431,1,0.991674715538634,13.336791218280357,MV,0.0,0
19,bt10401.1,bt10401,1,0.9804212009425566,0.2193931022920578,LV,0.0,0
19,bt197792.1,bt197792,1,0.9791071770395275,0.2193931022920578,LV,0.0,0
19,bt800551.1,bt800551,1,0.9794607620235265,0.2193931022920578,LV,0.0,0
19,bt295341.1,bt295341,1,0.9783106652769052,0.2193931022920578,LV,0.0,0
19,bt800541.1,bt800541,1,0.9788185190520746,0.2193931022920578,LV,0.0,0
19,bt295361.1,bt295361,1,0.9778263103897129,0.2193931022920578,LV,0.0,0
19,bt474991.1,bt474991,1,0.9774448893826663,0.2193931022920578,LV,0.0,0
19,uc626695.1,uc626695,1,0.9744841078355151,0.2193931022920578,LV,0.0,0
19,uc1627323.1,uc1627323,1,0.9787158028708357,0.2193931022920578,LV,0.0,0
19,uc1627342.1,uc1627342,1,0.9938243420095507,0.2193931022920578,LV,0.0,0
19,uc627343.1,uc627343,1,0.9897716605956237,0.2193931022920578,LV,0.0,0
19,uc627344.1,uc627344,1,0.9913025954671587,0.2193931022920578,LV,0.0,0
19,uc1626672.1,uc1626672,1,0.0,0.1270170592217177,LV,0.95,1
19,uc1626490.1,uc1626490,1,0.9930198702481015,0.2193931022920578,LV,0.0,0
19,uc3422706.1,uc3422706,1,0.9876470079567861,0.2193931022920578,LV,0.0,0
19,uc3425629.1,uc3425629,1,0.9877815823511674,0.2193931022920578,LV,0.0,0
19,uc3422597.1,uc3422597,1,0.982113734522411,0.2193931022920578,LV,0.0,0
19,uc3405843.1,uc3405843,1,0.9832162491585733,0.2193931022920578,LV,0.0,0
19,uc3405844.1,uc3405844,1,0.9827654232251877,0.2193931022920578,LV,0.0,0
19,uc3405845.1,uc3405845,1,0.9826671463021989,0.2193931022920578,LV,0.0,0
19,uc3405846.1,uc3405846,1,0.9836061009654198,0.2193931022920578,LV,0.0,0
19,uc1626486.1,uc1626486,1,0.9947358112070768,0.2193931022920578,LV,0.0,0
19,uc1626487.1,uc1626487,1,0.9846898774047613,0.2193931022920578,LV,0.0,0
19,uc626481.1,uc626481,1,0.986312498485927,0.2193931022920578,LV,0.0,0
19,uc626678.1,uc626678,1,0.979231673717375,0.2193931022920578,LV,0.0,0
19,uc626698.1,uc626698,1,0.9893972822310912,0.2193931022920578,LV,0.0,0
19,uc626476.1,uc626476,1,0.972226773474016,0.2193931022920578,LV,0.0,0
19,uc1627321.1,uc1627321,1,0.9931863191700613,0.2193931022920578,LV,0.0,0
19,uc1607319.1,uc1607319,1,0.9819431754095492,0.2193931022920578,LV,0.0,0
19,uc1607308.1,uc1607308,1,0.9836090362362073,0.2193931022920578,LV,0.0,0
19,uc1624026.1,uc1624026,1,0.0,0.1270170592217177,LV,0.95,1
19,uc1625170.1,uc1625170,1,0.9910662986332245,0.2193931022920578,LV,0.0,0
19,uc1621994.1,uc1621994,1,0.993937993118794,0.2193931022920578,LV,0.0,0
19,uc1620360.1,uc1620360,1,0.9950628158033027,0.2193931022920578,LV,0.0,0
19,uc1620373.1,uc1620373,1,0.9855774306986338,0.2193931022920578,LV,0.0,0
19,uc1607302.1,uc1607302,1,0.9849990470720728,0.2193931022920578,LV,0.0,0
19,uc1607304.1,uc1607304,1,0.9822942361427388,0.2193931022920578,LV,0.0,0
19,uc1607305.1,uc1607305,1,0.9812851695804667,0.2193931022920578,LV,0.0,0
19,uc1607306.1,uc1607306,1,0.9824265281239106,0.2193931022920578,LV,0.0,0
19,uc1607297.1,uc1607297,1,0.9890694000172264,0.2193931022920578,LV,0.0,0
19,uc1607298.1,uc1607298,1,0.9869595344733575,0.2193931022920578,LV,0.0,0
19,uc1607289.1,uc1607289,1,0.9909049533413723,0.2193931022920578,LV,0.0,0
19,uc1607290.1,uc1607290,1,0.9910888770777065,0.2193931022920578,LV,0.0,0
19,uc1607291.1,uc1607291,1,0.989287822097636,0.2193931022920578,LV,0.0,0
19,uc1607280.1,uc1607280,1,0.9817886202463382,0.2193931022920578,LV,0.0,0
19,uc1607283.1,uc1607283,1,0.9751832646624253,0.2193931022920578,LV,0.0,0
19,uc1607285.1,uc1607285,1,0.9790507068865132,0.2193931022920578,LV,0.0,0
19,uc1607287.1,uc1607287,1,0.980843178278699,0.2193931022920578,LV,0.0,0
19,uc1607288.1,uc1607288,1,0.986945633172768,0.2193931022920578,LV,0.0,0
19,uc1607279.1,uc1607279,1,0.9841346527040106,0.2193931022920578,LV,0.0,0
19,uc1607357.1,uc1607357,1,0.9887728128563962,0.2193931022920578,LV,0.0,0
19,uc1607358.1,uc1607358,1,0.9877569362095899,0.2193931022920578,LV,0.0,0
19,uc1607368.1,uc1607368,1,0.0,0.1270170592217177,LV,0.95,1
19,uc1607277.1,uc1607277,1,0.9969642640299762,0.2193931022920578,LV,0.0,0
19,uc1607278.1,uc1607278,1,0.9987677463100973,0.2193931022920578,LV,0.0,0
19,uc1607272.1,uc1607272,1,0.9824249272762424,0.2193931022920578,LV,0.0,0
19,uc1607273.1,uc1607273,1,0.9990266571371015,0.2193931022920578,LV,0.0,0
19,uc1607353.1,uc1607353,1,0.9890114865284177,0.2193931022920578,LV,0.0,0
19,uc1607347.1,uc1607347,1,0.9836187604932903,0.2193931022920578,LV,0.0,0
19,uc1607349.1,uc1607349,1,0.9892771304324368,0.2193931022920578,LV,0.0,0
19,uc1107342.1,uc1107342,1,0.9800697092098108,0.2193931022920578,LV,0.0,0
19,uc1107340.1,uc1107340,1,0.9719459664732456,0.2193931022920578,LV,0.0,0
19,uc1105833.1,uc1105833,1,0.9851920673066981,0.2193931022920578,LV,0.0,0
19,uc1107330.1,uc1107330,1,0.9706313110273377,0.2193931022920578,LV,0.0,0
19,uc1607265.1,uc1607265,1,0.9735084732599265,0.2193931022920578,LV,0.0,0
19,uc1607268.1,uc1607268,1,0.9936148157064839,0.2193931022920578,LV,0.0,0
19,uc1607252.1,uc1607252,1,0.9825890644302817,0.2193931022920578,LV,0.0,0
19,uc1605991.1,uc1605991,1,0.9862094366804024,0.2193931022920578,LV,0.0,0
19,uc1605996.1,uc1605996,1,0.9832299714877607,0.2193931022920578,LV,0.0,0
19,uc1607257.1,uc1607257,1,0.9868288656098252,0.2193931022920578,LV,0.0,0
19,uc1607258.1,uc1607258,1,0.9826076271531674,0.2193931022920578,LV,0.0,0
19,uc1124340.1,uc1124340,1,0.9812114398181102,0.2193931022920578,LV,0.0,0
19,uc605816.1,uc605816,1,0.9762817037309138,0.2193931022920578,LV,0.0,0
19,uc605813.1,uc605813,1,0.989515932480002,0.2193931022920578,LV,0.0,0
19,uc609684.1,uc609684,1,0.9921222802237214,0.2193931022920578,LV,0.0,0
19,uc609686.1,uc609686,1,0.9929310306569384,0.2193931022920578,LV,0.0,0
19,uc609688.1,uc609688,1,0.9826583659405205,0.2193931022920578,LV,0.0,0
19,uc621168.1,uc621168,1,0.9880394444440835,0.2193931022920578,LV,0.0,0
19,uc621171.1,uc621171,1,0.9857043175343135,0.2193931022920578,LV,0.0,0
19,uc605808.1,uc605808,1,0.9936224273067586,0.2193931022920578,LV,0.0,0
19,uc605809.1,uc605809,1,0.9790170848346061,0.2193931022920578,LV,0.0,0
19,uc605810.1,uc605810,1,0.9900244546604793,0.2193931022920578,LV,0.0,0
19,uc605970.1,uc605970,1,0.9869088371060732,0.2193931022920578,LV,0.0,0
19,uc605803.1,uc605803,1,0.9880568807431649,0.2193931022920578,LV,0.0,0
19,uc605804.1,uc605804,1,0.9903040371055615,0.2193931022920578,LV,0.0,0
19,uc605806.1,uc605806,1,0.9879714962128002,0.2193931022920578,LV,0.0,0
19,uc607384.1,uc607384,1,0.9851265101807317,0.2193931022920578,LV,0.0,0
19,uc607387.1,uc607387,1,0.9888855844067963,0.2193931022920578,LV,0.0,0
19,uc609682.1,uc609682,1,0.976241844482809,0.2193931022920578,LV,0.0,0
19,uc624033.1,uc624033,1,0.9956792194447333,0.2193931022920578,LV,0.0,0
19,uc625156.1,uc625156,1,0.988118761843005,0.2193931022920578,LV,0.0,0
19,uc625624.1,uc625624,1,0.9798332982643212,0.2193931022920578,LV,0.0,0
19,uc625625.1,uc625625,1,0.9926454342178699,0.2193931022920578,LV,0.0,0
19,uc607366.1,uc607366,1,0.9789436070762151,0.2193931022920578,LV,0.0,0
19,uc607367.1,uc607367,1,0.9896840071650211,0.2193931022920578,LV,0.0,0
19,uc606114.1,uc606114,1,0.9860094397835425,0.2193931022920578,LV,0.0,0
19,uc606117.1,uc606117,1,0.989447168102008,0.2193931022920578,LV,0.0,0
19,uc606120.1,uc606120,1,0.9885146585316692,0.2193931022920578,LV,0.0,0
19,uc623015.1,uc623015,1,0.9780174757065384,0.2193931022920578,LV,0.0,0
19,uc623432.1,uc623432,1,0.9831389579912735,0.2193931022920578,LV,0.0,0
19,uc624028.1,uc624028,1,0.9853759623135648,0.2193931022920578,LV,0.0,0
19,uc605873.1,uc605873,1,0.9886662496981115,0.2193931022920578,LV,0.0,0
19,uc623007.1,uc623007,1,0.9897013000378521,0.2193931022920578,LV,0.0,0
19,uc606147.1,uc606147,1,0.9847090559572,0.2193931022920578,LV,0.0,0
19,uc606148.1,uc606148,1,0.9969922150579104,0.2193931022920578,LV,0.0,0
19,uc606150.1,uc606150,1,0.9950442599074526,0.2193931022920578,LV,0.0,0
19,uc606109.1,uc606109,1,0.9862547504070859,0.2193931022920578,LV,0.0,0
19,uc606110.1,uc606110,1,0.9848718628155552,0.2193931022920578,LV,0.0,0
19,uc606111.1,uc606111,1,0.9892465142436762,0.2193931022920578,LV,0.0,0
19,uc622777.1,uc622777,1,0.998362352451245,0.2193931022920578,LV,0.0,0
19,uc623004.1,uc623004,1,0.9773236486291422,0.2193931022920578,LV,0.0,0
19,uc606103.1,uc606103,1,0.9868770849409711,0.2193931022920578,LV,0.0,0
19,uc606139.1,uc606139,1,0.9882004196651439,0.2193931022920578,LV,0.0,0
19,uc606141.1,uc606141,1,0.9818800460914073,0.2193931022920578,LV,0.0,0
19,uc606143.1,uc606143,1,0.9891446886333121,0.2193931022920578,LV,0.0,0
19,uc605921.1,uc605921,1,0.9864094048785658,0.2193931022920578,LV,0.0,0
19,uc622713.1,uc622713,1,0.9888210957313865,0.2193931022920578,LV,0.0,0
19,uc622714.1,uc622714,1,0.9843191450163215,0.2193931022920578,LV,0.0,0
19,uc605993.1,uc605993,1,0.9888755965620011,0.2193931022920578,LV,0.0,0
19,uc606101.1,uc606101,1,0.9880598352494656,0.2193931022920578,LV,0.0,0
19,uc606102.1,uc606102,1,0.9877885682831918,0.2193931022920578,LV,0.0,0
19,uc622273.1,uc622273,1,0.9868102299354113,0.2193931022920578,LV,0.0,0
19,uc622703.1,uc622703,1,0.9745484593305217,0.2193931022920578,LV,0.0,0
19,uc605989.1,uc605989,1,0.990914708514009,0.2193931022920578,LV,0.0,0
19,uc606130.1,uc606130,1,0.9913880825204395,0.2193931022920578,LV,0.0,0
19,uc606132.1,uc606132,1,0.9852246301121161,0.2193931022920578,LV,0.0,0
19,uc605914.1,uc605914,1,1.0015382242600437,0.2193931022920578,LV,0.0,0
19,uc622257.1,uc622257,1,0.9922184522739304,0.2193931022920578,LV,0.0,0
19,uc605909.1,uc605909,1,0.992826853327043,0.2193931022920578,LV,0.0,0
19,uc605910.1,uc605910,1,0.9883786908003961,0.2193931022920578,LV,0.0,0
19,uc605911.1,uc605911,1,0.9899446049263694,0.2193931022920578,LV,0.0,0
19,uc606128.1,uc606128,1,0.9896109562304712,0.2193931022920578,LV,0.0,0
19,uc605823.1,uc605823,1,0.9780411447635988,0.2193931022920578,LV,0.0,0
19,uc605824.1,uc605824,1,0.9861726755808219,0.2193931022920578,LV,0.0,0
19,uc605904.1,uc605904,1,0.9891509366563287,0.2193931022920578,LV,0.0,0
19,uc621999.1,uc621999,1,0.9885875296535644,0.2193931022920578,LV,0.0,0
19,uc639553.1,uc639553,1,0.98607547838304,0.2193931022920578,LV,0.0,0
19,uc1239552.1,uc1239552,1,0.9865588480223297,0.2193931022920578,LV,0.0,0
19,uc605817.1,uc605817,1,0.9870164122487536,0.2193931022920578,LV,0.0,0
19,uc605819.1,uc605819,1,0.9829415407240525,0.2193931022920578,LV,0.0,0
19,uc605820.1,uc605820,1,0.9823400288935157,0.2193931022920578,LV,0.0,0
19,uc605821.1,uc605821,1,0.9795746269656422,0.2193931022920578,LV,0.0,0
19,uc639280.1,uc639280,1,0.9851790037178974,0.2193931022920578,LV,0.0,0
19,uc605898.1,uc605898,1,0.9897000015254594,0.2193931022920578,LV,0.0,0
19,uc605901.1,uc605901,1,0.9915743714555734,0.2193931022920578,LV,0.0,0
19,uc605902.1,uc605902,1,0.9844968539727124,0.2193931022920578,LV,0.0,0
19,uc605985.1,uc605985,1,0.9817952611116193,0.2193931022920578,LV,0.0,0
19,uc606126.1,uc606126,1,0.9885349092207812,0.2193931022920578,LV,0.0,0
19,uc606127.1,uc606127,1,0.9861199576836941,0.2193931022920578,LV,0.0,0
19,uc605896.1,uc605896,1,0.9810615519148109,0.2193931022920578,LV,0.0,0
19,uc606121.1,uc606121,1,0.9849374752533722,0.2193931022920578,LV,0.0,0
19,uc606122.1,uc606122,1,0.9794997826155069,0.2193931022920578,LV,0.0,0
19,uc606123.1,uc606123,1,0.9854860483886217,0.2193931022920578,LV,0.0,0
19,uc606124.1,uc606124,1,0.9923199663858245,0.2193931022920578,LV,0.0,0
19,uc605825.1,uc605825,1,0.9804970717008674,0.2193931022920578,LV,0.0,0
19,uc623427.1,uc623427,1,0.9854860612416106,0.2193931022920578,LV,0.0,0
19,uc609687.1,uc609687,1,0.9938116656109637,0.2193931022920578,LV,0.0,0
19,uc639277.1,uc639277,1,0.9798332982701242,0.2193931022920578,LV,0.0,0
19,uc1139390.1,uc1139390,1,0.9865225952450387,0.2193931022920578,LV,0.0,0
19,uc605863.1,uc605863,1,0.9789942606671986,0.2193931022920578,LV,0.0,0
19,uc605865.1,uc605865,1,0.9796072480279451,0.2193931022920578,LV,0.0,0
19,uc1138614.1,uc1138614,1,0.9810734643429401,0.2193931022920578,LV,0.0,0
19,uc605855.1,uc605855,1,0.9793348146857307,0.2193931022920578,LV,0.0,0
19,uc605828.1,uc605828,1,0.9744961979566903,0.2193931022920578,LV,0.0,0
19,uc605829.1,uc605829,1,0.98455023002082,0.2193931022920578,LV,0.0,0
19,uc605834.1,uc605834,1,0.9686289948997383,0.2193931022920578,LV,0.0,0
19,uc605835.1,uc605835,1,0.9687755849098242,0.2193931022920578,LV,0.0,0
19,uc605827.1,uc605827,1,0.9743690086057116,0.2193931022920578,LV,0.0,0
19,uc627337.1,uc627337,1,0.9842335056072893,0.2193931022920578,LV,0.0,0
19,uc637912.1,uc637912,1,0.9847154186938463,0.2193931022920578,LV,0.0,0
19,uc637576.1,uc637576,1,0.9852640360532494,0.2193931022920578,LV,0.0,0
19,uc637356.1,uc637356,1,0.987582570310928,0.2193931022920578,LV,0.0,0
19,uc637918.1,uc637918,1,0.9837700081620194,0.2193931022920578,LV,0.0,0
19,uc637360.1,uc637360,1,0.9855553976986372,0.2193931022920578,LV,0.0,0
19,uc637399.1,uc637399,1,0.9784977081528374,0.2193931022920578,LV,0.0,0
19,uc637397.1,uc637397,1,0.9786730804796159,0.2193931022920578,LV,0.0,0
19,uc1137150.1,uc1137150,1,0.9844841149157753,0.2193931022920578,LV,0.0,0
19,uc1636598.1,uc1636598,1,0.0,0.1270170592217177,LV,0.95,1
19,uc636933.1,uc636933,1,0.9877085820906955,0.2193931022920578,LV,0.0,0
19,uc635963.1,uc635963,1,0.9887315760160754,0.2193931022920578,LV,0.0,0
19,uc635543.1,uc635543,1,0.9862781639070581,0.2193931022920578,LV,0.0,0
19,uc635966.1,uc635966,1,0.9862610595305141,0.2193931022920578,LV,0.0,0
19,uc635550.1,uc635550,1,0.9898398414182115,0.2193931022920578,LV,0.0,0
19,uc635862.1,uc635862,1,0.9831529944159655,0.2193931022920578,LV,0.0,0
19,uc1635694.1,uc1635694,1,1.0006157742910924,0.2193931022920578,LV,0.0,0
19,uc3435739.1,uc3435739,1,0.9802771287137756,0.2193931022920578,LV,0.0,0
19,uc1635060.1,uc1635060,1,0.9897896933684103,0.2193931022920578,LV,0.0,0
19,uc1607271.1,uc1607271,1,0.9923303318945447,0.2193931022920578,LV,0.0,0
19,uc605884.1,uc605884,1,0.9878289509205078,0.2193931022920578,LV,0.0,0
19,uc1609690.1,uc1609690,1,0.9953772574094399,0.2193931022920578,LV,0.0,0
19,uc1134165.1,uc1134165,1,0.972185477079417,0.2193931022920578,LV,0.0,0
19,uc634166.1,uc634166,1,0.9910658746553506,0.2193931022920578,LV,0.0,0
19,uc1633896.1,uc1633896,1,0.99212084686827,0.2193931022920578,LV,0.0,0
19,uc3433894.1,uc3433894,1,0.984492213042027,0.2193931022920578,LV,0.0,0
19,uc1633892.1,uc1633892,1,0.9939598645141238,0.2193931022920578,LV,0.0,0
19,uc633672.1,uc633672,1,0.9938791384749279,0.2193931022920578,LV,0.0,0
19,uc1633671.1,uc1633671,1,0.980871624424228,0.2193931022920578,LV,0.0,0
19,uc1632306.1,uc1632306,1,0.9934083741903464,0.2193931022920578,LV,0.0,0
19,uc632607.1,uc632607,1,0.946320179408131,0.2193931022920578,LV,0.0036798205918689986,1
19,uc632613.1,uc632613,1,0.9819633212716941,0.2193931022920578,LV,0.0,0
19,uc3432407.1,uc3432407,1,0.9820528581135132,0.2193931022920578,LV,0.0,0
19,uc1632402.1,uc1632402,1,0.9751166480117807,0.2193931022920578,LV,0.0,0
19,uc1132019.1,uc1132019,1,0.9810763151761314,0.2193931022920578,LV,0.0,0
19,uc632016.1,uc632016,1,0.9896259178581364,0.2193931022920578,LV,0.0,0
19,uc1132015.1,uc1132015,1,0.9758688789679,0.2193931022920578,LV,0.0,0
19,uc1132012.1,uc1132012,1,0.9878024592261417,0.2193931022920578,LV,0.0,0
19,uc631859.1,uc631859,1,0.9893987343242283,0.2193931022920578,LV,0.0,0
19,uc1631852.1,uc1631852,1,0.9881200216307395,0.2193931022920578,LV,0.0,0
19,uc1130761.1,uc1130761,1,0.9686319282229766,0.2193931022920578,LV,0.0,0
19,uc1630759.1,uc1630759,1,0.9732287462070046,0.2193931022920578,LV,0.0,0
19,uc630758.1,uc630758,1,0.9821840437816283,0.2193931022920578,LV,0.0,0
19,uc629428.1,uc629428,1,0.990523939501272,0.2193931022920578,LV,0.0,0
19,uc1629639.1,uc1629639,1,0.9964428443928129,0.2193931022920578,LV,0.0,0
19,uc1229546.1,uc1229546,1,0.9808032762349355,0.2193931022920578,LV,0.0,0
19,uc628768.1,uc628768,1,0.9861374656381793,0.2193931022920578,LV,0.0,0
19,uc628757.1,uc628757,1,0.996372886622408,0.2193931022920578,LV,0.0,0
19,uc628766.1,uc628766,1,0.9914103556234342,0.2193931022920578,LV,0.0,0
19,uc628753.1,uc628753,1,0.9974929428259814,0.2193931022920578,LV,0.0,0
19,uc627346.1,uc627346,1,0.9917853823596949,0.2193931022920578,LV,0.0,0
19,uc1628760.1,uc1628760,1,0.9963392214118977,0.2193931022920578,LV,0.0,0
19,uc1629422.1,uc1629422,1,0.9873025937769057,0.2193931022920578,LV,0.0,0
19,uc626699.1,uc626699,1,0.9937971219061827,0.2193931022920578,LV,0.0,0
19,60651.2,60651,2,0.9932154401348507,13.336791218280357,MV,0.0,0
19,60721.2,60721,2,0.9931719999470316,13.336791218280357,MV,0.0,0
19,164151.2,164151,2,0.9935815880026144,13.336791218280357,MV,0.0,0
19,302191.2,302191,2,0.9879744096787736,13.336791218280357,MV,0.0,0
19,320841.2,320841,2,0.9912021849407324,13.336791218280357,MV,0.0,0
19,337711.2,337711,2,0.9880151286805758,13.336791218280357,MV,0.0,0
19,358691.2,358691,2,0.9985615297305751,13.336791218280357,MV,0.0,0
19,et6_1177.2,et6_1177,2,0.9900349122898074,0.2193931022920578,LV,0.0,0
19,461501.2,461501,2,0.993265335356821,13.336791218280357,MV,0.0,0
19,686891.2,686891,2,0.9922290488734501,13.336791218280357,MV,0.0,0
19,703601.2,703601,2,0.9937206747797427,13.336791218280357,MV,0.0,0
19,713791.2,713791,2,0.9919609345146927,13.336791218280357,MV,0.0,0
19,725731.2,725731,2,0.9914307039504526,13.336791218280357,MV,0.0,0
19,809501.2,809501,2,0.9924522291444032,13.336791218280357,MV,0.0,0
19,811221.2,811221,2,0.9936064291699805,13.336791218280357,MV,0.0,0
19,815111.2,815111,2,0.9879692530372086,13.336791218280357,MV,0.0,0
19,822371.2,822371,2,0.9916241884656825,13.336791218280357,MV,0.0,0
19,820611.2,820611,2,0.9929510484495857,13.336791218280357,MV,0.0,0
19,822641.2,822641,2,0.9916905362474736,13.336791218280357,MV,0.0,0
19,618431.2,618431,2,0.9932157762101019,13.336791218280357,MV,0.0,0
19,bt10401.2,bt10401,2,0.971205661616143,0.2193931022920578,LV,0.0,0
19,bt197792.2,bt197792,2,0.9704120586530273,0.2193931022920578,LV,0.0,0
19,bt800551.2,bt800551,2,0.9704120586735369,0.2193931022920578,LV,0.0,0
19,bt295341.2,bt295341,2,0.9689239486324092,0.2193931022920578,LV,0.0,0
19,bt800541.2,bt800541,2,0.9696557335633685,0.2193931022920578,LV,0.0,0
19,bt295361.2,bt295361,2,0.9677456109484799,0.2193931022920578,LV,0.0,0
19,bt474991.2,bt474991,2,0.967378661130773,0.2193931022920578,LV,0.0,0
19,uc1627323.2,uc1627323,2,0.9657011706928704,0.2193931022920578,LV,0.0,0
19,uc3405987.2,uc3405987,2,0.9724569619676297,0.2193931022920578,LV,0.0,0
19,uc3405846.2,uc3405846,2,0.977411228245554,0.2193931022920578,LV,0.0,0
19,uc3405847.2,uc3405847,2,0.9739993133272362,0.2193931022920578,LV,0.0,0
19,uc3405838.2,uc3405838,2,0.9700398383318993,0.2193931022920578,LV,0.0,0
19,uc1607326.2,uc1607326,2,0.9778762284155377,0.2193931022920578,LV,0.0,0
19,uc1607316.2,uc1607316,2,0.9761127355891374,0.2193931022920578,LV,0.0,0
19,uc1607308.2,uc1607308,2,0.9802330036791831,0.2193931022920578,LV,0.0,0
19,uc1623434.2,uc1623434,2,0.0,0.1270170592217177,LV,0.95,1
19,uc1620373.2,uc1620373,2,0.9852045781062961,0.2193931022920578,LV,0.0,0
19,uc1607302.2,uc1607302,2,0.9846412492901007,0.2193931022920578,LV,0.0,0
19,uc1607304.2,uc1607304,2,0.9844915786428349,0.2193931022920578,LV,0.0,0
19,uc1607306.2,uc1607306,2,0.9790513588666352,0.2193931022920578,LV,0.0,0
19,uc1607299.2,uc1607299,2,0.9855093201496202,0.2193931022920578,LV,0.0,0
19,uc1607297.2,uc1607297,2,0.9858511741703834,0.2193931022920578,LV,0.0,0
19,uc1607298.2,uc1607298,2,0.9858901777343239,0.2193931022920578,LV,0.0,0
19,uc1607289.2,uc1607289,2,0.9895338499667051,0.2193931022920578,LV,0.0,0
19,uc1607291.2,uc1607291,2,0.9848981220567345,0.2193931022920578,LV,0.0,0
19,uc1607292.2,uc1607292,2,0.9837710351196318,0.2193931022920578,LV,0.0,0
19,uc1607280.2,uc1607280,2,0.981464307750546,0.2193931022920578,LV,0.0,0
19,uc1607284.2,uc1607284,2,0.9821699510524867,0.2193931022920578,LV,0.0,0
19,uc1607285.2,uc1607285,2,0.9819346435697098,0.2193931022920578,LV,0.0,0
19,uc1607288.2,uc1607288,2,0.9825969409288207,0.2193931022920578,LV,0.0,0
19,uc1607279.2,uc1607279,2,0.98381062756797,0.2193931022920578,LV,0.0,0
19,uc1607355.2,uc1607355,2,0.9854921162731352,0.2193931022920578,LV,0.0,0
19,uc1607357.2,uc1607357,2,0.9877463935273534,0.2193931022920578,LV,0.0,0
19,uc1607358.2,uc1607358,2,0.9832781783843028,0.2193931022920578,LV,0.0,0
19,uc1607368.2,uc1607368,2,0.0,0.1270170592217177,LV,0.95,1
19,uc1607276.2,uc1607276,2,0.9953616399627244,0.2193931022920578,LV,0.0,0
19,uc1607278.2,uc1607278,2,0.994846037453965,0.2193931022920578,LV,0.0,0
19,uc1607273.2,uc1607273,2,0.9922839597476409,0.2193931022920578,LV,0.0,0
19,uc1607328.2,uc1607328,2,0.9768583215749402,0.2193931022920578,LV,0.0,0
19,uc1607347.2,uc1607347,2,0.9832455040446302,0.2193931022920578,LV,0.0,0
19,uc1607350.2,uc1607350,2,0.982823724931679,0.2193931022920578,LV,0.0,0
19,uc1107341.2,uc1107341,2,0.9727967920860239,0.2193931022920578,LV,0.0,0
19,uc1107333.2,uc1107333,2,0.9763800081913567,0.2193931022920578,LV,0.0,0
19,uc1607268.2,uc1607268,2,0.9926196582953837,0.2193931022920578,LV,0.0,0
19,uc1607252.2,uc1607252,2,0.9756689464376982,0.2193931022920578,LV,0.0,0
19,uc1606000.2,uc1606000,2,0.9817407361711579,0.2193931022920578,LV,0.0,0
19,uc1607255.2,uc1607255,2,0.9843428567974779,0.2193931022920578,LV,0.0,0
19,uc1607258.2,uc1607258,2,0.9756876432374347,0.2193931022920578,LV,0.0,0
19,uc1124041.2,uc1124041,2,0.9778707517863205,0.2193931022920578,LV,0.0,0
19,uc1124340.2,uc1124340,2,0.9814918492943616,0.2193931022920578,LV,0.0,0
19,uc1121173.2,uc1121173,2,0.9765859202003153,0.2193931022920578,LV,0.0,0
19,uc1107345.2,uc1107345,2,0.981446990118911,0.2193931022920578,LV,0.0,0
19,uc605816.2,uc605816,2,0.9757991526426871,0.2193931022920578,LV,0.0,0
19,uc605812.2,uc605812,2,0.9674582209561794,0.2193931022920578,LV,0.0,0
19,uc605813.2,uc605813,2,0.9896113562778386,0.2193931022920578,LV,0.0,0
19,uc609685.2,uc609685,2,0.9900119698681521,0.2193931022920578,LV,0.0,0
19,uc609688.2,uc609688,2,0.9801067676613644,0.2193931022920578,LV,0.0,0
19,uc621168.2,uc621168,2,0.9830820993464076,0.2193931022920578,LV,0.0,0
19,uc621171.2,uc621171,2,0.9852482756996761,0.2193931022920578,LV,0.0,0
19,uc605810.2,uc605810,2,0.9874703744371564,0.2193931022920578,LV,0.0,0
19,uc605807.2,uc605807,2,0.9711581607091363,0.2193931022920578,LV,0.0,0
19,uc605801.2,uc605801,2,0.9853280180940225,0.2193931022920578,LV,0.0,0
19,uc607384.2,uc607384,2,0.9846827185693879,0.2193931022920578,LV,0.0,0
19,uc607385.2,uc607385,2,0.9773099419721704,0.2193931022920578,LV,0.0,0
19,uc609682.2,uc609682,2,0.9689034966531457,0.2193931022920578,LV,0.0,0
19,uc609683.2,uc609683,2,0.9867830432253064,0.2193931022920578,LV,0.0,0
19,uc607377.2,uc607377,2,0.9906558588703006,0.2193931022920578,LV,0.0,0
19,uc607382.2,uc607382,2,0.984588551103193,0.2193931022920578,LV,0.0,0
19,uc606117.2,uc606117,2,0.9889926125538703,0.2193931022920578,LV,0.0,0
19,uc606120.2,uc606120,2,0.9880597666675538,0.2193931022920578,LV,0.0,0
19,uc623433.2,uc623433,2,0.9706978214055647,0.2193931022920578,LV,0.0,0
19,uc623007.2,uc623007,2,0.9893194708704544,0.2193931022920578,LV,0.0,0
19,uc606147.2,uc606147,2,0.977333762687164,0.2193931022920578,LV,0.0,0
19,uc606148.2,uc606148,2,0.9969612818674852,0.2193931022920578,LV,0.0,0
19,uc606150.2,uc606150,2,0.9948908636060669,0.2193931022920578,LV,0.0,0
19,uc606109.2,uc606109,2,0.9857989055064204,0.2193931022920578,LV,0.0,0
19,uc606110.2,uc606110,2,0.9844161296286768,0.2193931022920578,LV,0.0,0
19,uc606111.2,uc606111,2,0.9887918347606623,0.2193931022920578,LV,0.0,0
19,uc622720.2,uc622720,2,0.9828084045000998,0.2193931022920578,LV,0.0,0
19,uc623004.2,uc623004,2,0.9743733136799343,0.2193931022920578,LV,0.0,0
19,uc606103.2,uc606103,2,0.982674775867527,0.2193931022920578,LV,0.0,0
19,uc606139.2,uc606139,2,0.977981770632931,0.2193931022920578,LV,0.0,0
19,uc606143.2,uc606143,2,0.9825426394704531,0.2193931022920578,LV,0.0,0
19,uc605921.2,uc605921,2,0.9844931261999634,0.2193931022920578,LV,0.0,0
19,uc605915.2,uc605915,2,0.9863433315213741,0.2193931022920578,LV,0.0,0
19,uc606101.2,uc606101,2,0.9886644744725146,0.2193931022920578,LV,0.0,0
19,uc622273.2,uc622273,2,0.9802044852988995,0.2193931022920578,LV,0.0,0
19,uc605990.2,uc605990,2,0.9689237252151327,0.2193931022920578,LV,0.0,0
19,uc606130.2,uc606130,2,0.988241404410248,0.2193931022920578,LV,0.0,0
19,uc606132.2,uc606132,2,0.984795285989346,0.2193931022920578,LV,0.0,0
19,uc622258.2,uc622258,2,0.9888080545359437,0.2193931022920578,LV,0.0,0
19,uc622270.2,uc622270,2,0.993439327784213,0.2193931022920578,LV,0.0,0
19,uc605905.2,uc605905,2,0.9832008242932702,0.2193931022920578,LV,0.0,0
19,uc605909.2,uc605909,2,0.9913157891968373,0.2193931022920578,LV,0.0,0
19,uc605910.2,uc605910,2,0.9879163602540646,0.2193931022920578,LV,0.0,0
19,uc605911.2,uc605911,2,0.989483154049864,0.2193931022920578,LV,0.0,0
19,uc606128.2,uc606128,2,0.9859907063087119,0.2193931022920578,LV,0.0,0
19,uc605904.2,uc605904,2,0.9833705391450754,0.2193931022920578,LV,0.0,0
19,uc1239552.2,uc1239552,2,0.9861873161836974,0.2193931022920578,LV,0.0,0
19,uc605817.2,uc605817,2,0.9855098926805259,0.2193931022920578,LV,0.0,0
19,uc605819.2,uc605819,2,0.9803907343369235,0.2193931022920578,LV,0.0,0
19,uc605820.2,uc605820,2,0.9698408025309386,0.2193931022920578,LV,0.0,0
19,uc605821.2,uc605821,2,0.9772762233403763,0.2193931022920578,LV,0.0,0
19,uc605822.2,uc605822,2,0.9695464687945927,0.2193931022920578,LV,0.0,0
19,uc639280.2,uc639280,2,0.9848549732372284,0.2193931022920578,LV,0.0,0
19,uc605898.2,uc605898,2,0.9918019838476845,0.2193931022920578,LV,0.0,0
19,uc605902.2,uc605902,2,0.9840463383022963,0.2193931022920578,LV,0.0,0
19,uc605982.2,uc605982,2,0.9709227017938815,0.2193931022920578,LV,0.0,0
19,uc605988.2,uc605988,2,0.967572385258787,0.2193931022920578,LV,0.0,0
19,uc606126.2,uc606126,2,0.9881124055075787,0.2193931022920578,LV,0.0,0
19,uc606127.2,uc606127,2,0.9856960245416078,0.2193931022920578,LV,0.0,0
19,uc605896.2,uc605896,2,0.9723523513083665,0.2193931022920578,LV,0.0,0
19,uc606121.2,uc606121,2,0.9844794755453167,0.2193931022920578,LV,0.0,0
19,uc606122.2,uc606122,2,0.9790388963182799,0.2193931022920578,LV,0.0,0
19,uc606123.2,uc606123,2,0.9850555176605493,0.2193931022920578,LV,0.0,0
19,uc622709.2,uc622709,2,0.9830942151320496,0.2193931022920578,LV,0.0,0
19,uc639277.2,uc639277,2,0.9775346455987496,0.2193931022920578,LV,0.0,0
19,uc1139390.2,uc1139390,2,0.9861510770574536,0.2193931022920578,LV,0.0,0
19,uc605864.2,uc605864,2,0.9774221349227808,0.2193931022920578,LV,0.0,0
19,uc605865.2,uc605865,2,0.9766635583868624,0.2193931022920578,LV,0.0,0
19,uc638617.2,uc638617,2,0.9758422812512169,0.2193931022920578,LV,0.0,0
19,uc605855.2,uc605855,2,0.9720002005155369,0.2193931022920578,LV,0.0,0
19,uc1638606.2,uc1638606,2,0.9878377012847512,0.2193931022920578,LV,0.0,0
19,uc1638954.2,uc1638954,2,0.9916656894486316,0.2193931022920578,LV,0.0,0
19,uc605836.2,uc605836,2,0.9483723589791562,0.2193931022920578,LV,0.0016276410208437841,1
19,uc1607303.2,uc1607303,2,0.9831688627607641,0.2193931022920578,LV,0.0,0
19,uc637705.2,uc637705,2,0.9844596466071581,0.2193931022920578,LV,0.0,0
19,uc1637704.2,uc1637704,2,1.0015827362931364,0.2193931022920578,LV,0.0,0
19,uc637576.2,uc637576,2,0.9848335485901041,0.2193931022920578,LV,0.0,0
19,uc637918.2,uc637918,2,0.9834461521986883,0.2193931022920578,LV,0.0,0
19,uc637360.2,uc637360,2,0.985098946947584,0.2193931022920578,LV,0.0,0
19,uc637397.2,uc637397,2,0.9781884309447157,0.2193931022920578,LV,0.0,0
19,uc636933.2,uc636933,2,0.9774851630654485,0.2193931022920578,LV,0.0,0
19,uc605908.2,uc605908,2,0.9929682916324782,0.2193931022920578,LV,0.0,0
19,uc635963.2,uc635963,2,0.9882768028850457,0.2193931022920578,LV,0.0,0
19,uc635543.2,uc635543,2,0.9858221485742593,0.2193931022920578,LV,0.0,0
19,uc635966.2,uc635966,2,0.9858050476616036,0.2193931022920578,LV,0.0,0
19,uc627328.2,uc627328,2,0.9669705601309616,0.2193931022920578,LV,0.0,0
19,uc635550.2,uc635550,2,0.9894207231435816,0.2193931022920578,LV,0.0,0
19,uc635862.2,uc635862,2,0.9826729740630055,0.2193931022920578,LV,0.0,0
19,uc3435739.2,uc3435739,2,0.9720734824034634,0.2193931022920578,LV,0.0,0
19,uc634166.2,uc634166,2,0.9884244411362406,0.2193931022920578,LV,0.0,0
19,uc1633671.2,uc1633671,2,0.9864124544926071,0.2193931022920578,LV,0.0,0
19,uc633056.2,uc633056,2,0.9865375470047081,0.2193931022920578,LV,0.0,0
19,uc632607.2,uc632607,2,0.9457963702093276,0.2193931022920578,LV,0.004203629790672347,1
19,uc1632402.2,uc1632402,2,0.9795134184122759,0.2193931022920578,LV,0.0,0
19,uc1131858.2,uc1131858,2,0.9730111264281994,0.2193931022920578,LV,0.0,0
19,uc631391.2,uc631391,2,0.9786329771023219,0.2193931022920578,LV,0.0,0
19,uc1630759.2,uc1630759,2,0.9775208591036216,0.2193931022920578,LV,0.0,0
19,uc630758.2,uc630758,2,0.9718903191160516,0.2193931022920578,LV,0.0,0
19,uc630753.2,uc630753,2,0.9770408251274084,0.2193931022920578,LV,0.0,0
19,uc628766.2,uc628766,2,0.9882637430514023,0.2193931022920578,LV,0.0,0
19,uc627346.2,uc627346,2,0.9902375506742163,0.2193931022920578,LV,0.0,0
19,uc1629422.2,uc1629422,2,0.9831903719350351,0.2193931022920578,LV,0.0,0
19,60651.3,60651,3,0.9931464679190224,13.336791218280357,MV,0.0,0
19,60721.3,60721,3,0.9931030260564178,13.336791218280357,MV,0.0,0
19,164151.3,164151,3,0.9935126602933181,13.336791218280357,MV,0.0,0
19,302191.3,302191,3,0.9877519298776057,13.336791218280357,MV,0.0,0
19,320841.3,320841,3,0.9910868759368461,13.336791218280357,MV,0.0,0
19,337711.3,337711,3,0.9877926577107679,13.336791218280357,MV,0.0,0
19,358691.3,358691,3,0.9983968105968047,13.336791218280357,MV,0.0,0
19,et6_1177.3,et6_1177,3,0.9901573810709227,0.2193931022920578,LV,0.0,0
19,461501.3,461501,3,0.9931176011803733,13.336791218280357,MV,0.0,0
19,686891.3,686891,3,0.9921246881564688,13.336791218280357,MV,0.0,0
19,703601.3,703601,3,0.9936534137009738,13.336791218280357,MV,0.0,0
19,713791.3,713791,3,0.9918484015528538,13.336791218280357,MV,0.0,0
19,725731.3,725731,3,0.9913153630793304,13.336791218280357,MV,0.0,0
19,809501.3,809501,3,0.9923523284867898,13.336791218280357,MV,0.0,0
19,811221.3,811221,3,0.9935377778407054,13.336791218280357,MV,0.0,0
19,815111.3,815111,3,0.987746771890264,13.336791218280357,MV,0.0,0
19,822371.3,822371,3,0.9915089402091534,13.336791218280357,MV,0.0,0
19,820611.3,820611,3,0.9928711341857438,13.336791218280357,MV,0.0,0
19,822641.3,822641,3,0.9915695591685575,13.336791218280357,MV,0.0,0
19,618431.3,618431,3,0.9931468040210777,13.336791218280357,MV,0.0,0
19,bt10401.3,bt10401,3,0.9875607863091709,0.2193931022920578,LV,0.0,0
19,bt197792.3,bt197792,3,0.9871895827441715,0.2193931022920578,LV,0.0,0
19,bt800551.3,bt800551,3,0.9872541675190033,0.2193931022920578,LV,0.0,0
19,bt295341.3,bt295341,3,0.9871012771056225,0.2193931022920578,LV,0.0,0
19,bt800541.3,bt800541,3,0.987138238201981,0.2193931022920578,LV,0.0,0
19,bt295361.3,bt295361,3,0.9871012777795074,0.2193931022920578,LV,0.0,0
19,bt474991.3,bt474991,3,0.9871012782380173,0.2193931022920578,LV,0.0,0
19,uc627336.3,uc627336,3,0.9895791426304346,0.2193931022920578,LV,0.0,0
19,uc1620373.3,uc1620373,3,0.9872262293040016,0.2193931022920578,LV,0.0,0
19,uc1607302.3,uc1607302,3,0.9865957083658878,0.2193931022920578,LV,0.0,0
19,uc1607304.3,uc1607304,3,0.9865071473738597,0.2193931022920578,LV,0.0,0
19,uc1607298.3,uc1607298,3,0.988547886075662,0.2193931022920578,LV,0.0,0
19,uc1607280.3,uc1607280,3,0.9832029124105925,0.2193931022920578,LV,0.0,0
19,uc1607285.3,uc1607285,3,0.9857991128477888,0.2193931022920578,LV,0.0,0
19,uc1607279.3,uc1607279,3,0.9855513067360185,0.2193931022920578,LV,0.0,0
19,uc1607347.3,uc1607347,3,0.9852652099249287,0.2193931022920578,LV,0.0,0
19,uc1124340.3,uc1124340,3,0.9857740186259533,0.2193931022920578,LV,0.0,0
19,uc605816.3,uc605816,3,0.9781468361521497,0.2193931022920578,LV,0.0,0
19,uc605815.3,uc605815,3,0.9816545700156879,0.2193931022920578,LV,0.0,0
19,uc621171.3,uc621171,3,0.986463289764109,0.2193931022920578,LV,0.0,0
19,uc607384.3,uc607384,3,0.9859037939198158,0.2193931022920578,LV,0.0,0
19,uc606117.3,uc606117,3,0.9902107164563899,0.2193931022920578,LV,0.0,0
19,uc606120.3,uc606120,3,0.989277130663142,0.2193931022920578,LV,0.0,0
19,uc623007.3,uc623007,3,0.989441347408492,0.2193931022920578,LV,0.0,0
19,uc605867.3,uc605867,3,0.9815689676513102,0.2193931022920578,LV,0.0,0
19,uc606150.3,uc606150,3,0.995188465028604,0.2193931022920578,LV,0.0,0
19,uc606109.3,uc606109,3,0.9870143893754124,0.2193931022920578,LV,0.0,0
19,uc606110.3,uc606110,3,0.9856307026919819,0.2193931022920578,LV,0.0,0
19,uc606111.3,uc606111,3,0.9900097589846308,0.2193931022920578,LV,0.0,0
19,uc622722.3,uc622722,3,0.982540453148371,0.2193931022920578,LV,0.0,0
19,uc623004.3,uc623004,3,0.9802293752127009,0.2193931022920578,LV,0.0,0
19,uc606101.3,uc606101,3,0.9898716081525162,0.2193931022920578,LV,0.0,0
19,uc606132.3,uc606132,3,0.9860163845066727,0.2193931022920578,LV,0.0,0
19,uc605910.3,uc605910,3,0.9891262104443274,0.2193931022920578,LV,0.0,0
19,uc605911.3,uc605911,3,0.9906943832947486,0.2193931022920578,LV,0.0,0
19,uc605904.3,uc605904,3,0.9898567909337347,0.2193931022920578,LV,0.0,0
19,uc1239552.3,uc1239552,3,0.9882101602376029,0.2193931022920578,LV,0.0,0
19,uc605821.3,uc605821,3,0.9833010569472747,0.2193931022920578,LV,0.0,0
19,uc639280.3,uc639280,3,0.9863493178782905,0.2193931022920578,LV,0.0,0
19,uc605898.3,uc605898,3,0.9899840298959367,0.2193931022920578,LV,0.0,0
19,uc605902.3,uc605902,3,0.985154532502093,0.2193931022920578,LV,0.0,0
19,uc606126.3,uc606126,3,0.9893359269605875,0.2193931022920578,LV,0.0,0
19,uc606127.3,uc606127,3,0.9869174678479479,0.2193931022920578,LV,0.0,0
19,uc606121.3,uc606121,3,0.9856928063939961,0.2193931022920578,LV,0.0,0
19,uc606122.3,uc606122,3,0.9802470355498861,0.2193931022920578,LV,0.0,0
19,uc639277.3,uc639277,3,0.9835599234443226,0.2193931022920578,LV,0.0,0
19,uc1139390.3,uc1139390,3,0.9881738467775499,0.2193931022920578,LV,0.0,0
19,uc637576.3,uc637576,3,0.9860529767068967,0.2193931022920578,LV,0.0,0
19,uc637918.3,uc637918,3,0.9849394401215615,0.2193931022920578,LV,0.0,0
19,uc637360.3,uc637360,3,0.9863136411204146,0.2193931022920578,LV,0.0,0
19,uc637397.3,uc637397,3,0.9805296581430842,0.2193931022920578,LV,0.0,0
19,uc635963.3,uc635963,3,0.9894943600023153,0.2193931022920578,LV,0.0,0
19,uc635543.3,uc635543,3,0.9870375919464031,0.2193931022920578,LV,0.0,0
19,uc635966.3,uc635966,3,0.9870204804889533,0.2193931022920578,LV,0.0,0
19,uc635550.3,uc635550,3,0.9906459329133629,0.2193931022920578,LV,0.0,0
19,uc635862.3,uc635862,3,0.9819687454209277,0.2193931022920578,LV,0.0,0
19,uc1633671.3,uc1633671,3,0.986586158804547,0.2193931022920578,LV,0.0,0
19,uc632607.3,uc632607,3,0.9481078501235468,0.2193931022920578,LV,0.001892149876453142,1
19,uc1629422.3,uc1629422,3,0.9890921727324679,0.2193931022920578,LV,0.0,0
20,60651.1,60651,1,0.9937629044718901,13.336791218280357,MV,0.0,0
20,60721.1,60721,1,0.9937270356099486,13.336791218280357,MV,0.0,0
20,164151.1,164151,1,0.9940644644186624,13.336791218280357,MV,0.0,0
20,302191.1,302191,1,0.9891103945503356,13.336791218280357,MV,0.0,0
20,320841.1,320841,1,0.9920416153645162,13.336791218280357,MV,0.0,0
20,337711.1,337711,1,0.9891431428796775,13.336791218280357,MV,0.0,0
20,358691.1,358691,1,0.9984431428798966,13.336791218280357,MV,0.0,0
20,et6_1177.1,et6_1177,1,0.9929551600064145,0.2193931022920578,LV,0.0,0
20,461501.1,461501,1,0.993706121082248,13.336791218280357,MV,0.0,0
20,686891.1,686891,1,0.9928575804450612,13.336791218280357,MV,0.0,0
20,703601.1,703601,1,0.9941844778401202,13.336791218280357,MV,0.0,0
20,713791.1,713791,1,0.9926460537776948,13.336791218280357,MV,0.0,0
20,725731.1,725731,1,0.9922346964897735,13.336791218280357,MV,0.0,0
20,809501.1,809501,1,0.9930467681178535,13.336791218280357,MV,0.0,0
20,811221.1,811221,1,0.9940857193609656,13.336791218280357,MV,0.0,0
20,815111.1,815111,1,0.9891066088850574,13.336791218280357,MV,0.0,0
20,822371.1,822371,1,0.9923818491422514,13.336791218280357,MV,0.0,0
20,820611.1,820611,1,0.9935138306798252,13.336791218280357,MV,0.0,0
20,822641.1,822641,1,0.9924292842256595,13.336791218280357,MV,0.0,0
20,618431.1,618431,1,0.9937631845087642,13.336791218280357,MV,0.0,0
20,bt10401.1,bt10401,1,0.9836769473705296,0.2193931022920578,LV,0.0,0
20,bt197792.1,bt197792,1,0.9825730011298868,0.2193931022920578,LV,0.0,0
20,bt800551.1,bt800551,1,0.9828185049670018,0.2193931022920578,LV,0.0,0
20,bt295341.1,bt295341,1,0.9816607060188551,0.2193931022920578,LV,0.0,0
20,bt800541.1,bt800541,1,0.9821899911709864,0.2193931022920578,LV,0.0,0
20,bt295361.1,bt295361,1,0.9811566086642951,0.2193931022920578,LV,0.0,0
20,bt474991.1,bt474991,1,0.9807596414180134,0.2193931022920578,LV,0.0,0
20,uc626695.1,uc626695,1,0.9776670898789815,0.2193931022920578,LV,0.0,0
20,uc1627323.1,uc1627323,1,0.9856127540982075,0.2193931022920578,LV,0.0,0
20,uc1627342.1,uc1627342,1,0.9965092970974615,0.2193931022920578,LV,0.0,0
20,uc627343.1,uc627343,1,0.9932080108408459,0.2193931022920578,LV,0.0,0
20,uc627344.1,uc627344,1,0.9943618273300099,0.2193931022920578,LV,0.0,0
20,uc1626672.1,uc1626672,1,0.0,0.1270170592217177,LV,0.95,1
20,uc1626490.1,uc1626490,1,0.9930613135043048,0.2193931022920578,LV,0.0,0
20,uc3422706.1,uc3422706,1,0.9917100211951413,0.2193931022920578,LV,0.0,0
20,uc3425629.1,uc3425629,1,0.991803475856612,0.2193931022920578,LV,0.0,0
20,uc3422597.1,uc3422597,1,0.9878837003793264,0.2193931022920578,LV,0.0,0
20,uc3405843.1,uc3405843,1,0.9886176079719875,0.2193931022920578,LV,0.0,0
20,uc3405844.1,uc3405844,1,0.9883128713109225,0.2193931022920578,LV,0.0,0
20,uc3405845.1,uc3405845,1,0.9882446265763406,0.2193931022920578,LV,0.0,0
20,uc3405846.1,uc3405846,1,0.9889082245803852,0.2193931022920578,LV,0.0,0
20,uc1626486.1,uc1626486,1,0.9970299890577232,0.2193931022920578,LV,0.0,0
20,uc1626487.1,uc1626487,1,0.9890820490325356,0.2193931022920578,LV,0.0,0
20,uc626481.1,uc626481,1,0.9908367128727482,0.2193931022920578,LV,0.0,0
20,uc626678.1,uc626678,1,0.9858066276581714,0.2193931022920578,LV,0.0,0
20,uc626698.1,uc626698,1,0.993081235180198,0.2193931022920578,LV,0.0,0
20,uc626476.1,uc626476,1,0.9811493768612688,0.2193931022920578,LV,0.0,0
20,uc1627321.1,uc1627321,1,0.9960663089168349,0.2193931022920578,LV,0.0,0
20,uc1607319.1,uc1607319,1,0.986465844404514,0.2193931022920578,LV,0.0,0
20,uc1607308.1,uc1607308,1,0.9888951261212654,0.2193931022920578,LV,0.0,0
20,uc1624026.1,uc1624026,1,0.0,0.1270170592217177,LV,0.95,1
20,uc1625170.1,uc1625170,1,0.9942044061050972,0.2193931022920578,LV,0.0,0
20,uc1621994.1,uc1621994,1,0.9964714918380105,0.2193931022920578,LV,0.0,0
20,uc1620360.1,uc1620360,1,0.996930570862093,0.2193931022920578,LV,0.0,0
20,uc1620373.1,uc1620373,1,0.9894099920428417,0.2193931022920578,LV,0.0,0
20,uc1607302.1,uc1607302,1,0.9890348269390642,0.2193931022920578,LV,0.0,0
20,uc1607304.1,uc1607304,1,0.9871404151583499,0.2193931022920578,LV,0.0,0
20,uc1607305.1,uc1607305,1,0.9864396673640512,0.2193931022920578,LV,0.0,0
20,uc1607306.1,uc1607306,1,0.9880732083490301,0.2193931022920578,LV,0.0,0
20,uc1607297.1,uc1607297,1,0.9927298254708704,0.2193931022920578,LV,0.0,0
20,uc1607298.1,uc1607298,1,0.9904039382870472,0.2193931022920578,LV,0.0,0
20,uc1607289.1,uc1607289,1,0.9940166136033609,0.2193931022920578,LV,0.0,0
20,uc1607290.1,uc1607290,1,0.9941443668782917,0.2193931022920578,LV,0.0,0
20,uc1607291.1,uc1607291,1,0.9928815983628052,0.2193931022920578,LV,0.0,0
20,uc1607280.1,uc1607280,1,0.986881890057072,0.2193931022920578,LV,0.0,0
20,uc1607283.1,uc1607283,1,0.9822462986063113,0.2193931022920578,LV,0.0,0
20,uc1607285.1,uc1607285,1,0.9849339324326135,0.2193931022920578,LV,0.0,0
20,uc1607287.1,uc1607287,1,0.9869862139783329,0.2193931022920578,LV,0.0,0
20,uc1607288.1,uc1607288,1,0.9904206381843602,0.2193931022920578,LV,0.0,0
20,uc1607279.1,uc1607279,1,0.9885123266990047,0.2193931022920578,LV,0.0,0
20,uc1607357.1,uc1607357,1,0.992628666132844,0.2193931022920578,LV,0.0,0
20,uc1607358.1,uc1607358,1,0.9918743009056702,0.2193931022920578,LV,0.0,0
20,uc1607368.1,uc1607368,1,0.0,0.1270170592217177,LV,0.95,1
20,uc1607277.1,uc1607277,1,0.9971812316949663,0.2193931022920578,LV,0.0,0
20,uc1607278.1,uc1607278,1,0.9999443205128804,0.2193931022920578,LV,0.0,0
20,uc1607272.1,uc1607272,1,0.9876755977512678,0.2193931022920578,LV,0.0,0
20,uc1607273.1,uc1607273,1,1.000070804463312,0.2193931022920578,LV,0.0,0
20,uc1607353.1,uc1607353,1,0.9927184172172927,0.2193931022920578,LV,0.0,0
20,uc1607347.1,uc1607347,1,0.9880271122054961,0.2193931022920578,LV,0.0,0
20,uc1607349.1,uc1607349,1,0.9929127136789091,0.2193931022920578,LV,0.0,0
20,uc1107342.1,uc1107342,1,0.9855890571451806,0.2193931022920578,LV,0.0,0
20,uc1107340.1,uc1107340,1,0.9807698237206129,0.2193931022920578,LV,0.0,0
20,uc1105833.1,uc1105833,1,0.9900489932838827,0.2193931022920578,LV,0.0,0
20,uc1107330.1,uc1107330,1,0.9798568636067989,0.2193931022920578,LV,0.0,0
20,uc1607265.1,uc1607265,1,0.9819392579092597,0.2193931022920578,LV,0.0,0
20,uc1607268.1,uc1607268,1,0.9962119971520059,0.2193931022920578,LV,0.0,0
20,uc1607252.1,uc1607252,1,0.988337701905263,0.2193931022920578,LV,0.0,0
20,uc1605991.1,uc1605991,1,0.9907988911761173,0.2193931022920578,LV,0.0,0
20,uc1605996.1,uc1605996,1,0.9882346198602185,0.2193931022920578,LV,0.0,0
20,uc1607257.1,uc1607257,1,0.9912218996817865,0.2193931022920578,LV,0.0,0
20,uc1607258.1,uc1607258,1,0.9883506068984796,0.2193931022920578,LV,0.0,0
20,uc1124340.1,uc1124340,1,0.9863822845883123,0.2193931022920578,LV,0.0,0
20,uc605816.1,uc605816,1,0.9829549571694401,0.2193931022920578,LV,0.0,0
20,uc605813.1,uc605813,1,0.9923290145880634,0.2193931022920578,LV,0.0,0
20,uc609684.1,uc609684,1,0.9949882840319809,0.2193931022920578,LV,0.0,0
20,uc609686.1,uc609686,1,0.9955502298102682,0.2193931022920578,LV,0.0,0
20,uc609688.1,uc609688,1,0.9882041637709565,0.2193931022920578,LV,0.0,0
20,uc621168.1,uc621168,1,0.9919811294141678,0.2193931022920578,LV,0.0,0
20,uc621171.1,uc621171,1,0.9894976297018753,0.2193931022920578,LV,0.0,0
20,uc605808.1,uc605808,1,0.9960196622529508,0.2193931022920578,LV,0.0,0
20,uc605809.1,uc605809,1,0.9825104613318271,0.2193931022920578,LV,0.0,0
20,uc605810.1,uc605810,1,0.9934906952076766,0.2193931022920578,LV,0.0,0
20,uc605970.1,uc605970,1,0.9911962845984773,0.2193931022920578,LV,0.0,0
20,uc605803.1,uc605803,1,0.9919029486401574,0.2193931022920578,LV,0.0,0
20,uc605804.1,uc605804,1,0.9936771260687898,0.2193931022920578,LV,0.0,0
20,uc605806.1,uc605806,1,0.9912338351944124,0.2193931022920578,LV,0.0,0
20,uc607384.1,uc607384,1,0.9891263891938409,0.2193931022920578,LV,0.0,0
20,uc607387.1,uc607387,1,0.9918911761304116,0.2193931022920578,LV,0.0,0
20,uc609682.1,uc609682,1,0.9837458065802752,0.2193931022920578,LV,0.0,0
20,uc624033.1,uc624033,1,0.9975587654585709,0.2193931022920578,LV,0.0,0
20,uc625156.1,uc625156,1,0.9919459208889467,0.2193931022920578,LV,0.0,0
20,uc625624.1,uc625624,1,0.9854345360066885,0.2193931022920578,LV,0.0,0
20,uc625625.1,uc625625,1,0.9953517150162008,0.2193931022920578,LV,0.0,0
20,uc607366.1,uc607366,1,0.9824594553769508,0.2193931022920578,LV,0.0,0
20,uc607367.1,uc607367,1,0.993246313696021,0.2193931022920578,LV,0.0,0
20,uc606114.1,uc606114,1,0.9905847485901893,0.2193931022920578,LV,0.0,0
20,uc606117.1,uc606117,1,0.9921008688648875,0.2193931022920578,LV,0.0,0
20,uc606120.1,uc606120,1,0.9914633500398858,0.2193931022920578,LV,0.0,0
20,uc623015.1,uc623015,1,0.9813546049265868,0.2193931022920578,LV,0.0,0
20,uc623432.1,uc623432,1,0.988526498138179,0.2193931022920578,LV,0.0,0
20,uc624028.1,uc624028,1,0.9901297647329258,0.2193931022920578,LV,0.0,0
20,uc605873.1,uc605873,1,0.9924222306932673,0.2193931022920578,LV,0.0,0
20,uc623007.1,uc623007,1,0.9924582578572823,0.2193931022920578,LV,0.0,0
20,uc606147.1,uc606147,1,0.989959311055673,0.2193931022920578,LV,0.0,0
20,uc606148.1,uc606148,1,0.9983368144486537,0.2193931022920578,LV,0.0,0
20,uc606150.1,uc606150,1,0.9964346490264842,0.2193931022920578,LV,0.0,0
20,uc606109.1,uc606109,1,0.9898927286902139,0.2193931022920578,LV,0.0,0
20,uc606110.1,uc606110,1,0.9889319096778569,0.2193931022920578,LV,0.0,0
20,uc606111.1,uc606111,1,0.9919644544425646,0.2193931022920578,LV,0.0,0
20,uc622777.1,uc622777,1,0.9994851375905668,0.2193931022920578,LV,0.0,0
20,uc623004.1,uc623004,1,0.9836959541496343,0.2193931022920578,LV,0.0,0
20,uc606103.1,uc606103,1,0.9911951539803874,0.2193931022920578,LV,0.0,0
20,uc606139.1,uc606139,1,0.992332438818736,0.2193931022920578,LV,0.0,0
20,uc606141.1,uc606141,1,0.9879763576668166,0.2193931022920578,LV,0.0,0
20,uc606143.1,uc606143,1,0.9930252439658446,0.2193931022920578,LV,0.0,0
20,uc605921.1,uc605921,1,0.9909144878018894,0.2193931022920578,LV,0.0,0
20,uc622713.1,uc622713,1,0.9918014352117168,0.2193931022920578,LV,0.0,0
20,uc622714.1,uc622714,1,0.9896497935388366,0.2193931022920578,LV,0.0,0
20,uc605993.1,uc605993,1,0.9925946026041402,0.2193931022920578,LV,0.0,0
20,uc606101.1,uc606101,1,0.9908070253619591,0.2193931022920578,LV,0.0,0
20,uc606102.1,uc606102,1,0.9901476211235278,0.2193931022920578,LV,0.0,0
20,uc622273.1,uc622273,1,0.9914027732740596,0.2193931022920578,LV,0.0,0
20,uc622703.1,uc622703,1,0.9777342673442591,0.2193931022920578,LV,0.0,0
20,uc605989.1,uc605989,1,0.9941379266911372,0.2193931022920578,LV,0.0,0
20,uc606130.1,uc606130,1,0.994346662951588,0.2193931022920578,LV,0.0,0
20,uc606132.1,uc606132,1,0.9892092226057498,0.2193931022920578,LV,0.0,0
20,uc605914.1,uc605914,1,1.0018175246254086,0.2193931022920578,LV,0.0,0
20,uc622257.1,uc622257,1,0.9949088417095887,0.2193931022920578,LV,0.0,0
20,uc605909.1,uc605909,1,0.9953501922860244,0.2193931022920578,LV,0.0,0
20,uc605910.1,uc605910,1,0.9914207522742102,0.2193931022920578,LV,0.0,0
20,uc605911.1,uc605911,1,0.9925008588304882,0.2193931022920578,LV,0.0,0
20,uc606128.1,uc606128,1,0.9931001622691652,0.2193931022920578,LV,0.0,0
20,uc605823.1,uc605823,1,0.984189424041654,0.2193931022920578,LV,0.0,0
20,uc605824.1,uc605824,1,0.990736197402051,0.2193931022920578,LV,0.0,0
20,uc605904.1,uc605904,1,0.9919962408451611,0.2193931022920578,LV,0.0,0
20,uc621999.1,uc621999,1,0.9924833177243738,0.2193931022920578,LV,0.0,0
20,uc639553.1,uc639553,1,0.9897770101561427,0.2193931022920578,LV,0.0,0
20,uc1239552.1,uc1239552,1,0.9900833056082369,0.2193931022920578,LV,0.0,0
20,uc605817.1,uc605817,1,0.991326318317407,0.2193931022920578,LV,0.0,0
20,uc605819.1,uc605819,1,0.9884008767959861,0.2193931022920578,LV,0.0,0
20,uc605820.1,uc605820,1,0.9880850022853818,0.2193931022920578,LV,0.0,0
20,uc605821.1,uc605821,1,0.985254870122315,0.2193931022920578,LV,0.0,0
20,uc639280.1,uc639280,1,0.9892691500066474,0.2193931022920578,LV,0.0,0
20,uc605898.1,uc605898,1,0.9924120851556062,0.2193931022920578,LV,0.0,0
20,uc605901.1,uc605901,1,0.9945091253476023,0.2193931022920578,LV,0.0,0
20,uc605902.1,uc605902,1,0.9887673335195132,0.2193931022920578,LV,0.0,0
20,uc605985.1,uc605985,1,0.9868040737626547,0.2193931022920578,LV,0.0,0
20,uc606126.1,uc606126,1,0.9915159702813833,0.2193931022920578,LV,0.0,0
20,uc606127.1,uc606127,1,0.9898233953908768,0.2193931022920578,LV,0.0,0
20,uc605896.1,uc605896,1,0.9842463698565802,0.2193931022920578,LV,0.0,0
20,uc606121.1,uc606121,1,0.989009325645763,0.2193931022920578,LV,0.0,0
20,uc606122.1,uc606122,1,0.9852254974911341,0.2193931022920578,LV,0.0,0
20,uc606123.1,uc606123,1,0.989391915679025,0.2193931022920578,LV,0.0,0
20,uc606124.1,uc606124,1,0.9949552343582571,0.2193931022920578,LV,0.0,0
20,uc605825.1,uc605825,1,0.9867756894312638,0.2193931022920578,LV,0.0,0
20,uc623427.1,uc623427,1,0.9893919285829885,0.2193931022920578,LV,0.0,0
20,uc609687.1,uc609687,1,0.9961511253959392,0.2193931022920578,LV,0.0,0
20,uc639277.1,uc639277,1,0.9854345360127494,0.2193931022920578,LV,0.0,0
20,uc1139390.1,uc1139390,1,0.9900469233187776,0.2193931022920578,LV,0.0,0
20,uc605863.1,uc605863,1,0.9848571094460394,0.2193931022920578,LV,0.0,0
20,uc605865.1,uc605865,1,0.9852830938058939,0.2193931022920578,LV,0.0,0
20,uc1138614.1,uc1138614,1,0.9871656488960736,0.2193931022920578,LV,0.0,0
20,uc605855.1,uc605855,1,0.9858959585245977,0.2193931022920578,LV,0.0,0
20,uc605828.1,uc605828,1,0.9825186050280544,0.2193931022920578,LV,0.0,0
20,uc605829.1,uc605829,1,0.9895156018818281,0.2193931022920578,LV,0.0,0
20,uc605834.1,uc605834,1,0.9784228474637789,0.2193931022920578,LV,0.0,0
20,uc605835.1,uc605835,1,0.9785246024689863,0.2193931022920578,LV,0.0,0
20,uc605827.1,uc605827,1,0.9824302995333102,0.2193931022920578,LV,0.0,0
20,uc627337.1,uc627337,1,0.9894528387731447,0.2193931022920578,LV,0.0,0
20,uc637912.1,uc637912,1,0.9896302727760196,0.2193931022920578,LV,0.0,0
20,uc637576.1,uc637576,1,0.989237735160399,0.2193931022920578,LV,0.0,0
20,uc637356.1,uc637356,1,0.9918016278430916,0.2193931022920578,LV,0.0,0
20,uc637918.1,uc637918,1,0.9882906450418368,0.2193931022920578,LV,0.0,0
20,uc637360.1,uc637360,1,0.9894158336239752,0.2193931022920578,LV,0.0,0
20,uc637399.1,uc637399,1,0.9819673065914878,0.2193931022920578,LV,0.0,0
20,uc637397.1,uc637397,1,0.9846322531896787,0.2193931022920578,LV,0.0,0
20,uc1137150.1,uc1137150,1,0.9894670849480821,0.2193931022920578,LV,0.0,0
20,uc1636598.1,uc1636598,1,0.0,0.1270170592217177,LV,0.95,1
20,uc636933.1,uc636933,1,0.9919903745984471,0.2193931022920578,LV,0.0,0
20,uc635963.1,uc635963,1,0.9916127060443443,0.2193931022920578,LV,0.0,0
20,uc635543.1,uc635543,1,0.9899084165386597,0.2193931022920578,LV,0.0,0
20,uc635966.1,uc635966,1,0.9898965382424324,0.2193931022920578,LV,0.0,0
20,uc635550.1,uc635550,1,0.9924186449841296,0.2193931022920578,LV,0.0,0
20,uc635862.1,uc635862,1,0.9877458684004771,0.2193931022920578,LV,0.0,0
20,uc1635694.1,uc1635694,1,1.0011950866947474,0.2193931022920578,LV,0.0,0
20,uc3435739.1,uc3435739,1,0.9866066802083129,0.2193931022920578,LV,0.0,0
20,uc1635060.1,uc1635060,1,0.9935539353351024,0.2193931022920578,LV,0.0,0
20,uc1607271.1,uc1607271,1,0.9953194359580736,0.2193931022920578,LV,0.0,0
20,uc605884.1,uc605884,1,0.9918920186343408,0.2193931022920578,LV,0.0,0
20,uc1609690.1,uc1609690,1,0.9974356477470331,0.2193931022920578,LV,0.0,0
20,uc1134165.1,uc1134165,1,0.9809361243117002,0.2193931022920578,LV,0.0,0
20,uc634166.1,uc634166,1,0.9941240443632258,0.2193931022920578,LV,0.0,0
20,uc1633896.1,uc1633896,1,0.9951738213897956,0.2193931022920578,LV,0.0,0
20,uc3433894.1,uc3433894,1,0.9895147159815713,0.2193931022920578,LV,0.0,0
20,uc1633892.1,uc1633892,1,0.9966034758249223,0.2193931022920578,LV,0.0,0
20,uc633672.1,uc633672,1,0.9961979791246414,0.2193931022920578,LV,0.0,0
20,uc1633671.1,uc1633671,1,0.9865944242938991,0.2193931022920578,LV,0.0,0
20,uc1632306.1,uc1632306,1,0.9958431731558927,0.2193931022920578,LV,0.0,0
20,uc632607.1,uc632607,1,0.962147471386573,0.2193931022920578,LV,0.0,0
20,uc632613.1,uc632613,1,0.9880115411428804,0.2193931022920578,LV,0.0,0
20,uc3432407.1,uc3432407,1,0.9878414266178258,0.2193931022920578,LV,0.0,0
20,uc1632402.1,uc1632402,1,0.9830558485724631,0.2193931022920578,LV,0.0,0
20,uc1132019.1,uc1132019,1,0.987167628570669,0.2193931022920578,LV,0.0,0
20,uc632016.1,uc632016,1,0.9932059738046692,0.2193931022920578,LV,0.0,0
20,uc1132015.1,uc1132015,1,0.9834977535444147,0.2193931022920578,LV,0.0,0
20,uc1132012.1,uc1132012,1,0.9918545607833229,0.2193931022920578,LV,0.0,0
20,uc631859.1,uc631859,1,0.9930482097718115,0.2193931022920578,LV,0.0,0
20,uc1631852.1,uc1631852,1,0.9921754373996367,0.2193931022920578,LV,0.0,0
20,uc1130761.1,uc1130761,1,0.978431304755387,0.2193931022920578,LV,0.0,0
20,uc1630759.1,uc1630759,1,0.9817438368292456,0.2193931022920578,LV,0.0,0
20,uc630758.1,uc630758,1,0.9879828114076445,0.2193931022920578,LV,0.0,0
20,uc629428.1,uc629428,1,0.9936170345798476,0.2193931022920578,LV,0.0,0
20,uc1629639.1,uc1629639,1,0.9981708282734038,0.2193931022920578,LV,0.0,0
20,uc1229546.1,uc1229546,1,0.9870964710038528,0.2193931022920578,LV,0.0,0
20,uc628768.1,uc628768,1,0.9906677661312219,0.2193931022920578,LV,0.0,0
20,uc628757.1,uc628757,1,0.997780437261652,0.2193931022920578,LV,0.0,0
20,uc628766.1,uc628766,1,0.9943621376881864,0.2193931022920578,LV,0.0,0
20,uc628753.1,uc628753,1,0.9988167356434334,0.2193931022920578,LV,0.0,0
20,uc627346.1,uc627346,1,0.9946046016712222,0.2193931022920578,LV,0.0,0
20,uc1628760.1,uc1628760,1,0.9981435642333397,0.2193931022920578,LV,0.0,0
20,uc1629422.1,uc1629422,1,0.9906688113867883,0.2193931022920578,LV,0.0,0
20,uc626699.1,uc626699,1,0.9960056086976005,0.2193931022920578,LV,0.0,0
20,60651.2,60651,2,0.9948456935862795,13.336791218280357,MV,0.0,0
20,60721.2,60721,2,0.9948098135036031,13.336791218280357,MV,0.0,0
20,164151.2,164151,2,0.9951473679973698,13.336791218280357,MV,0.0,0
20,302191.2,302191,2,0.9910593770913938,13.336791218280357,MV,0.0,0
20,320841.2,320841,2,0.9933177682968098,13.336791218280357,MV,0.0,0
20,337711.2,337711,2,0.9910921499489895,13.336791218280357,MV,0.0,0
20,358691.2,358691,2,0.9989110079609873,13.336791218280357,MV,0.0,0
20,et6_1177.2,et6_1177,2,0.9926632825440203,0.2193931022920578,LV,0.0,0
20,461501.2,461501,2,0.9949445074763162,13.336791218280357,MV,0.0,0
20,686891.2,686891,2,0.9941022973944914,13.336791218280357,MV,0.0,0
20,703601.2,703601,2,0.9952569353449304,13.336791218280357,MV,0.0,0
20,713791.2,713791,2,0.9939202350188443,13.336791218280357,MV,0.0,0
20,725731.2,725731,2,0.9935109337724853,13.336791218280357,MV,0.0,0
20,809501.2,809501,2,0.9942864359776803,13.336791218280357,MV,0.0,0
20,811221.2,811221,2,0.995166909270813,13.336791218280357,MV,0.0,0
20,815111.2,815111,2,0.9910555893274081,13.336791218280357,MV,0.0,0
20,822371.2,822371,2,0.9936581584284699,13.336791218280357,MV,0.0,0
20,820611.2,820611,2,0.9946515837646208,13.336791218280357,MV,0.0,0
20,822641.2,822641,2,0.9937168114467019,13.336791218280357,MV,0.0,0
20,618431.2,618431,2,0.9948459737167172,13.336791218280357,MV,0.0,0
20,bt10401.2,bt10401,2,0.9794006664853964,0.2193931022920578,LV,0.0,0
20,bt197792.2,bt197792,2,0.9788415922329549,0.2193931022920578,LV,0.0,0
20,bt800551.2,bt800551,2,0.9788415922541892,0.2193931022920578,LV,0.0,0
20,bt295341.2,bt295341,2,0.9777932339678662,0.2193931022920578,LV,0.0,0
20,bt800541.2,bt800541,2,0.978308772284937,0.2193931022920578,LV,0.0,0
20,bt295361.2,bt295361,2,0.976963460218073,0.2193931022920578,LV,0.0,0
20,bt474991.2,bt474991,2,0.9767085824674697,0.2193931022920578,LV,0.0,0
20,uc1627323.2,uc1627323,2,0.976495176014576,0.2193931022920578,LV,0.0,0
20,uc3405987.2,uc3405987,2,0.981151780774432,0.2193931022920578,LV,0.0,0
20,uc3405846.2,uc3405846,2,0.9845887492728335,0.2193931022920578,LV,0.0,0
20,uc3405847.2,uc3405847,2,0.9822238744943196,0.2193931022920578,LV,0.0,0
20,uc3405838.2,uc3405838,2,0.9795169443287515,0.2193931022920578,LV,0.0,0
20,uc1607326.2,uc1607326,2,0.9833755814488245,0.2193931022920578,LV,0.0,0
20,uc1607316.2,uc1607316,2,0.9814264012585596,0.2193931022920578,LV,0.0,0
20,uc1607308.2,uc1607308,2,0.9865478187384052,0.2193931022920578,LV,0.0,0
20,uc1623434.2,uc1623434,2,0.0,0.1270170592217177,LV,0.95,1
20,uc1620373.2,uc1620373,2,0.9891014470628822,0.2193931022920578,LV,0.0,0
20,uc1607302.2,uc1607302,2,0.9887385874483928,0.2193931022920578,LV,0.0,0
20,uc1607304.2,uc1607304,2,0.9886220376581255,0.2193931022920578,LV,0.0,0
20,uc1607306.2,uc1607306,2,0.9857262998783605,0.2193931022920578,LV,0.0,0
20,uc1607299.2,uc1607299,2,0.9893485772148841,0.2193931022920578,LV,0.0,0
20,uc1607297.2,uc1607297,2,0.9904958361416452,0.2193931022920578,LV,0.0,0
20,uc1607298.2,uc1607298,2,0.9896131771043137,0.2193931022920578,LV,0.0,0
20,uc1607289.2,uc1607289,2,0.9930679281609418,0.2193931022920578,LV,0.0,0
20,uc1607291.2,uc1607291,2,0.9898332903816859,0.2193931022920578,LV,0.0,0
20,uc1607292.2,uc1607292,2,0.9890501303314685,0.2193931022920578,LV,0.0,0
20,uc1607280.2,uc1607280,2,0.9866142402933048,0.2193931022920578,LV,0.0,0
20,uc1607284.2,uc1607284,2,0.9870662838132442,0.2193931022920578,LV,0.0,0
20,uc1607285.2,uc1607285,2,0.9869028201672424,0.2193931022920578,LV,0.0,0
20,uc1607288.2,uc1607288,2,0.9873504549157223,0.2193931022920578,LV,0.0,0
20,uc1607279.2,uc1607279,2,0.9882447866671257,0.2193931022920578,LV,0.0,0
20,uc1607355.2,uc1607355,2,0.9894215385560232,0.2193931022920578,LV,0.0,0
20,uc1607357.2,uc1607357,2,0.9919195418431149,0.2193931022920578,LV,0.0,0
20,uc1607358.2,uc1607358,2,0.9887619323460679,0.2193931022920578,LV,0.0,0
20,uc1607368.2,uc1607368,2,0.0,0.1270170592217177,LV,0.95,1
20,uc1607276.2,uc1607276,2,0.9970896018179485,0.2193931022920578,LV,0.0,0
20,uc1607278.2,uc1607278,2,0.9972255025735818,0.2193931022920578,LV,0.0,0
20,uc1607273.2,uc1607273,2,0.9954007768068065,0.2193931022920578,LV,0.0,0
20,uc1607328.2,uc1607328,2,0.982668319913206,0.2193931022920578,LV,0.0,0
20,uc1607347.2,uc1607347,2,0.9877183873707209,0.2193931022920578,LV,0.0,0
20,uc1607350.2,uc1607350,2,0.9884404389812022,0.2193931022920578,LV,0.0,0
20,uc1107341.2,uc1107341,2,0.9813456945920525,0.2193931022920578,LV,0.0,0
20,uc1107333.2,uc1107333,2,0.9838428058794026,0.2193931022920578,LV,0.0,0
20,uc1607268.2,uc1607268,2,0.9955296967391812,0.2193931022920578,LV,0.0,0
20,uc1607252.2,uc1607252,2,0.9835078416116765,0.2193931022920578,LV,0.0,0
20,uc1606000.2,uc1606000,2,0.9867554388194572,0.2193931022920578,LV,0.0,0
20,uc1607255.2,uc1607255,2,0.988637978916959,0.2193931022920578,LV,0.0,0
20,uc1607258.2,uc1607258,2,0.9835208111566682,0.2193931022920578,LV,0.0,0
20,uc1124041.2,uc1124041,2,0.9849703829268821,0.2193931022920578,LV,0.0,0
20,uc1124340.2,uc1124340,2,0.986530140533869,0.2193931022920578,LV,0.0,0
20,uc1121173.2,uc1121173,2,0.9839860339093747,0.2193931022920578,LV,0.0,0
20,uc1107345.2,uc1107345,2,0.9864989996083492,0.2193931022920578,LV,0.0,0
20,uc605816.2,uc605816,2,0.9825702113399876,0.2193931022920578,LV,0.0,0
20,uc605812.2,uc605812,2,0.976763932016106,0.2193931022920578,LV,0.0,0
20,uc605813.2,uc605813,2,0.9923691870591773,0.2193931022920578,LV,0.0,0
20,uc609685.2,uc609685,2,0.9935279823753089,0.2193931022920578,LV,0.0,0
20,uc609688.2,uc609688,2,0.9864278656853233,0.2193931022920578,LV,0.0,0
20,uc621168.2,uc621168,2,0.9885330147161202,0.2193931022920578,LV,0.0,0
20,uc621171.2,uc621171,2,0.9891495738527308,0.2193931022920578,LV,0.0,0
20,uc605810.2,uc605810,2,0.9917193570804578,0.2193931022920578,LV,0.0,0
20,uc605807.2,uc605807,2,0.9793676826883579,0.2193931022920578,LV,0.0,0
20,uc605801.2,uc605801,2,0.9886693214616973,0.2193931022920578,LV,0.0,0
20,uc607384.2,uc607384,2,0.9887876928112004,0.2193931022920578,LV,0.0,0
20,uc607385.2,uc607385,2,0.9836333067604847,0.2193931022920578,LV,0.0,0
20,uc609682.2,uc609682,2,0.9786151114770338,0.2193931022920578,LV,0.0,0
20,uc609683.2,uc609683,2,0.9912829618666734,0.2193931022920578,LV,0.0,0
20,uc607377.2,uc607377,2,0.9939704802873867,0.2193931022920578,LV,0.0,0
20,uc607382.2,uc607382,2,0.9897260765001392,0.2193931022920578,LV,0.0,0
20,uc606117.2,uc606117,2,0.9917535053324201,0.2193931022920578,LV,0.0,0
20,uc606120.2,uc606120,2,0.9911158275259245,0.2193931022920578,LV,0.0,0
20,uc623433.2,uc623433,2,0.9790480435702431,0.2193931022920578,LV,0.0,0
20,uc623007.2,uc623007,2,0.9921663820708837,0.2193931022920578,LV,0.0,0
20,uc606147.2,uc606147,2,0.984811601461188,0.2193931022920578,LV,0.0,0
20,uc606148.2,uc606148,2,0.9984240472414851,0.2193931022920578,LV,0.0,0
20,uc606150.2,uc606150,2,0.9963200790195409,0.2193931022920578,LV,0.0,0
20,uc606109.2,uc606109,2,0.9895447604818182,0.2193931022920578,LV,0.0,0
20,uc606110.2,uc606110,2,0.9885840091125853,0.2193931022920578,LV,0.0,0
20,uc606111.2,uc606111,2,0.9916170319288595,0.2193931022920578,LV,0.0,0
20,uc622720.2,uc622720,2,0.9883554379359101,0.2193931022920578,LV,0.0,0
20,uc623004.2,uc623004,2,0.9815910502697496,0.2193931022920578,LV,0.0,0
20,uc606103.2,uc606103,2,0.9882708679615207,0.2193931022920578,LV,0.0,0
20,uc606139.2,uc606139,2,0.985202031531687,0.2193931022920578,LV,0.0,0
20,uc606143.2,uc606143,2,0.9884292201844692,0.2193931022920578,LV,0.0,0
20,uc605921.2,uc605921,2,0.9895837742676664,0.2193931022920578,LV,0.0,0
20,uc605915.2,uc605915,2,0.9899750569436573,0.2193931022920578,LV,0.0,0
20,uc606101.2,uc606101,2,0.9915680433374415,0.2193931022920578,LV,0.0,0
20,uc622273.2,uc622273,2,0.9868049337362088,0.2193931022920578,LV,0.0,0
20,uc605990.2,uc605990,2,0.9777930332022944,0.2193931022920578,LV,0.0,0
20,uc606130.2,uc606130,2,0.9921655229109269,0.2193931022920578,LV,0.0,0
20,uc606132.2,uc606132,2,0.9888794314512771,0.2193931022920578,LV,0.0,0
20,uc622258.2,uc622258,2,0.9925492268070037,0.2193931022920578,LV,0.0,0
20,uc622270.2,uc622270,2,0.9960122149292034,0.2193931022920578,LV,0.0,0
20,uc605905.2,uc605905,2,0.9878260696745712,0.2193931022920578,LV,0.0,0
20,uc605909.2,uc605909,2,0.9943120742439606,0.2193931022920578,LV,0.0,0
20,uc605910.2,uc605910,2,0.9910683341885232,0.2193931022920578,LV,0.0,0
20,uc605911.2,uc605911,2,0.9921488603249519,0.2193931022920578,LV,0.0,0
20,uc606128.2,uc606128,2,0.9905893137323304,0.2193931022920578,LV,0.0,0
20,uc605904.2,uc605904,2,0.9879430348555185,0.2193931022920578,LV,0.0,0
20,uc1239552.2,uc1239552,2,0.9897753832438729,0.2193931022920578,LV,0.0,0
20,uc605817.2,uc605817,2,0.9902846278641133,0.2193931022920578,LV,0.0,0
20,uc605819.2,uc605819,2,0.9866249576116287,0.2193931022920578,LV,0.0,0
20,uc605820.2,uc605820,2,0.9793887616226264,0.2193931022920578,LV,0.0,0
20,uc605821.2,uc605821,2,0.9836068051329839,0.2193931022920578,LV,0.0,0
20,uc605822.2,uc605822,2,0.9791833340702814,0.2193931022920578,LV,0.0,0
20,uc639280.2,uc639280,2,0.9890085804566078,0.2193931022920578,LV,0.0,0
20,uc605898.2,uc605898,2,0.9938467873259246,0.2193931022920578,LV,0.0,0
20,uc605902.2,uc605902,2,0.9884259089683742,0.2193931022920578,LV,0.0,0
20,uc605982.2,uc605982,2,0.9792041876845882,0.2193931022920578,LV,0.0,0
20,uc605988.2,uc605988,2,0.976843192498842,0.2193931022920578,LV,0.0,0
20,uc606126.2,uc606126,2,0.9911906499906243,0.2193931022920578,LV,0.0,0
20,uc606127.2,uc606127,2,0.9894973989939218,0.2193931022920578,LV,0.0,0
20,uc605896.2,uc605896,2,0.9801975287722525,0.2193931022920578,LV,0.0,0
20,uc606121.2,uc606121,2,0.9886599970218544,0.2193931022920578,LV,0.0,0
20,uc606122.2,uc606122,2,0.9848744805431894,0.2193931022920578,LV,0.0,0
20,uc606123.2,uc606123,2,0.9890615120126831,0.2193931022920578,LV,0.0,0
20,uc622709.2,uc622709,2,0.9886059484715953,0.2193931022920578,LV,0.0,0
20,uc639277.2,uc639277,2,0.9837863475476325,0.2193931022920578,LV,0.0,0
20,uc1139390.2,uc1139390,2,0.9897390122680183,0.2193931022920578,LV,0.0,0
20,uc605864.2,uc605864,2,0.9837114440221153,0.2193931022920578,LV,0.0,0
20,uc605865.2,uc605865,2,0.9831834825717302,0.2193931022920578,LV,0.0,0
20,uc638617.2,uc638617,2,0.9826128264247442,0.2193931022920578,LV,0.0,0
20,uc605855.2,uc605855,2,0.9807671404836846,0.2193931022920578,LV,0.0,0
20,uc1638606.2,uc1638606,2,0.9923839060808625,0.2193931022920578,LV,0.0,0
20,uc1638954.2,uc1638954,2,0.9949713550524011,0.2193931022920578,LV,0.0,0
20,uc605836.2,uc605836,2,0.9646627216085579,0.2193931022920578,LV,0.0,0
20,uc1607303.2,uc1607303,2,0.9885673773668375,0.2193931022920578,LV,0.0,0
20,uc637705.2,uc637705,2,0.9877273699760752,0.2193931022920578,LV,0.0,0
20,uc1637704.2,uc1637704,2,1.0019055419964669,0.2193931022920578,LV,0.0,0
20,uc637576.2,uc637576,2,0.988907355196192,0.2193931022920578,LV,0.0,0
20,uc637918.2,uc637918,2,0.9880301766554974,0.2193931022920578,LV,0.0,0
20,uc637360.2,uc637360,2,0.9890675975597178,0.2193931022920578,LV,0.0,0
20,uc637397.2,uc637397,2,0.9842460897166485,0.2193931022920578,LV,0.0,0
20,uc636933.2,uc636933,2,0.9848576698257289,0.2193931022920578,LV,0.0,0
20,uc605908.2,uc605908,2,0.9954493294558734,0.2193931022920578,LV,0.0,0
20,uc635963.2,uc635963,2,0.9912652391119594,0.2193931022920578,LV,0.0,0
20,uc635543.2,uc635543,2,0.9895603636805499,0.2193931022920578,LV,0.0,0
20,uc635966.2,uc635966,2,0.9895484872379676,0.2193931022920578,LV,0.0,0
20,uc627328.2,uc627328,2,0.9764252572737873,0.2193931022920578,LV,0.0,0
20,uc635550.2,uc635550,2,0.9920953953435515,0.2193931022920578,LV,0.0,0
20,uc635862.2,uc635862,2,0.9873621127077948,0.2193931022920578,LV,0.0,0
20,uc3435739.2,uc3435739,2,0.9808882281610403,0.2193931022920578,LV,0.0,0
20,uc634166.2,uc634166,2,0.9922925448630653,0.2193931022920578,LV,0.0,0
20,uc1633671.2,uc1633671,2,0.990445000927694,0.2193931022920578,LV,0.0,0
20,uc633056.2,uc633056,2,0.9911124676680203,0.2193931022920578,LV,0.0,0
20,uc632607.2,uc632607,2,0.9617428588639916,0.2193931022920578,LV,0.0,0
20,uc1632402.2,uc1632402,2,0.9861119390826529,0.2193931022920578,LV,0.0,0
20,uc1131858.2,uc1131858,2,0.9814945253848831,0.2193931022920578,LV,0.0,0
20,uc631391.2,uc631391,2,0.9803769829376122,0.2193931022920578,LV,0.0,0
20,uc1630759.2,uc1630759,2,0.9847276359382642,0.2193931022920578,LV,0.0,0
20,uc630758.2,uc630758,2,0.9807837872223873,0.2193931022920578,LV,0.0,0
20,uc630753.2,uc630753,2,0.9834434313847019,0.2193931022920578,LV,0.0,0
20,uc628766.2,uc628766,2,0.992181028977408,0.2193931022920578,LV,0.0,0
20,uc627346.2,uc627346,2,0.9935405378862534,0.2193931022920578,LV,0.0,0
20,uc1629422.2,uc1629422,2,0.9877626488849932,0.2193931022920578,LV,0.0,0
20,60651.3,60651,3,0.9948085021758127,13.336791218280357,MV,0.0,0
20,60721.3,60721,3,0.9947726205903735,13.336791218280357,MV,0.0,0
20,164151.3,164151,3,0.9951102064059386,13.336791218280357,MV,0.0,0
20,302191.3,302191,3,0.9909462557884466,13.336791218280357,MV,0.0,0
20,320841.3,320841,3,0.9932487349006406,13.336791218280357,MV,0.0,0
20,337711.3,337711,3,0.9909790363039664,13.336791218280357,MV,0.0,0
20,358691.3,358691,3,0.9987947883653054,13.336791218280357,MV,0.0,0
20,et6_1177.3,et6_1177,3,0.992276293047063,0.2193931022920578,LV,0.0,0
20,461501.3,461501,3,0.9948559537766991,13.336791218280357,MV,0.0,0
20,686891.3,686891,3,0.9940408362785397,13.336791218280357,MV,0.0,0
20,703601.3,703601,3,0.9952208933217127,13.336791218280357,MV,0.0,0
20,713791.3,713791,3,0.9938528290914584,13.336791218280357,MV,0.0,0
20,725731.3,725731,3,0.9934418795201078,13.336791218280357,MV,0.0,0
20,809501.3,809501,3,0.9942281049729176,13.336791218280357,MV,0.0,0
20,811221.3,811221,3,0.995129934095809,13.336791218280357,MV,0.0,0
20,815111.3,815111,3,0.990942466963147,13.336791218280357,MV,0.0,0
20,822371.3,822371,3,0.9935891665019692,13.336791218280357,MV,0.0,0
20,820611.3,820611,3,0.9946069674850485,13.336791218280357,MV,0.0,0
20,822641.3,822641,3,0.9936431153665043,13.336791218280357,MV,0.0,0
20,618431.3,618431,3,0.9948087823270273,13.336791218280357,MV,0.0,0
20,bt10401.3,bt10401,3,0.9893412808740594,0.2193931022920578,LV,0.0,0
20,bt197792.3,bt197792,3,0.9889699514486218,0.2193931022920578,LV,0.0,0
20,bt800551.3,bt800551,3,0.9890345555224861,0.2193931022920578,LV,0.0,0
20,bt295341.3,bt295341,3,0.9888816032740485,0.2193931022920578,LV,0.0,0
20,bt800541.3,bt800541,3,0.9889185804209841,0.2193931022920578,LV,0.0,0
20,bt295361.3,bt295361,3,0.9888816039529564,0.2193931022920578,LV,0.0,0
20,bt474991.3,bt474991,3,0.988881604416182,0.2193931022920578,LV,0.0,0
20,uc627336.3,uc627336,3,0.9923311021230616,0.2193931022920578,LV,0.0,0
20,uc1620373.3,uc1620373,3,0.990587780975639,0.2193931022920578,LV,0.0,0
20,uc1607302.3,uc1607302,3,0.9901744804018261,0.2193931022920578,LV,0.0,0
20,uc1607304.3,uc1607304,3,0.9901051672882851,0.2193931022920578,LV,0.0,0
20,uc1607298.3,uc1607298,3,0.9915357881004406,0.2193931022920578,LV,0.0,0
20,uc1607280.3,uc1607280,3,0.987888847402354,0.2193931022920578,LV,0.0,0
20,uc1607285.3,uc1607285,3,0.9896642524359989,0.2193931022920578,LV,0.0,0
20,uc1607279.3,uc1607279,3,0.9895204612811747,0.2193931022920578,LV,0.0,0
20,uc1607347.3,uc1607347,3,0.9892037148262753,0.2193931022920578,LV,0.0,0
20,uc1124340.3,uc1124340,3,0.9895980279120394,0.2193931022920578,LV,0.0,0
20,uc605816.3,uc605816,3,0.9843061121608215,0.2193931022920578,LV,0.0,0
20,uc605815.3,uc605815,3,0.9867532146564206,0.2193931022920578,LV,0.0,0
20,uc621171.3,uc621171,3,0.9900340623126866,0.2193931022920578,LV,0.0,0
20,uc607384.3,uc607384,3,0.9896768119138157,0.2193931022920578,LV,0.0,0
20,uc606117.3,uc606117,3,0.99263959076385,0.2193931022920578,LV,0.0,0
20,uc606120.3,uc606120,3,0.9920015397850394,0.2193931022920578,LV,0.0,0
20,uc623007.3,uc623007,3,0.9917791259746976,0.2193931022920578,LV,0.0,0
20,uc605867.3,uc605867,3,0.986701522125263,0.2193931022920578,LV,0.0,0
20,uc606150.3,uc606150,3,0.996534360090446,0.2193931022920578,LV,0.0,0
20,uc606109.3,uc606109,3,0.9904295015179417,0.2193931022920578,LV,0.0,0
20,uc606110.3,uc606110,3,0.9894682866504804,0.2193931022920578,LV,0.0,0
20,uc606111.3,uc606111,3,0.992503026021519,0.2193931022920578,LV,0.0,0
20,uc622722.3,uc622722,3,0.987376560124038,0.2193931022920578,LV,0.0,0
20,uc623004.3,uc623004,3,0.9857706502104153,0.2193931022920578,LV,0.0,0
20,uc606101.3,uc606101,3,0.9924437364603443,0.2193931022920578,LV,0.0,0
20,uc606132.3,uc606132,3,0.9897712255219483,0.2193931022920578,LV,0.0,0
20,uc605910.3,uc605910,3,0.9919483919548127,0.2193931022920578,LV,0.0,0
20,uc605911.3,uc605911,3,0.9930296250917368,0.2193931022920578,LV,0.0,0
20,uc605904.3,uc605904,3,0.9924902076936281,0.2193931022920578,LV,0.0,0
20,uc1239552.3,uc1239552,3,0.9912623679968331,0.2193931022920578,LV,0.0,0
20,uc605821.3,uc605821,3,0.98789859799975,0.2193931022920578,LV,0.0,0
20,uc639280.3,uc639280,3,0.9900998809440884,0.2193931022920578,LV,0.0,0
20,uc605898.3,uc605898,3,0.9926122731423401,0.2193931022920578,LV,0.0,0
20,uc605902.3,uc605902,3,0.989229724734004,0.2193931022920578,LV,0.0,0
20,uc606126.3,uc606126,3,0.9920839122689346,0.2193931022920578,LV,0.0,0
20,uc606127.3,uc606127,3,0.990389567135751,0.2193931022920578,LV,0.0,0
20,uc606121.3,uc606121,3,0.9895433258365062,0.2193931022920578,LV,0.0,0
20,uc606122.3,uc606122,3,0.9857548329523407,0.2193931022920578,LV,0.0,0
20,uc639277.3,uc639277,3,0.9880783642810564,0.2193931022920578,LV,0.0,0
20,uc1139390.3,uc1139390,3,0.9912259423782245,0.2193931022920578,LV,0.0,0
20,uc637576.3,uc637576,3,0.9897976086373382,0.2193931022920578,LV,0.0,0
20,uc637918.3,uc637918,3,0.9891209402363277,0.2193931022920578,LV,0.0,0
20,uc637360.3,uc637360,3,0.9899518837138835,0.2193931022920578,LV,0.0,0
20,uc637397.3,uc637397,3,0.9859768159046683,0.2193931022920578,LV,0.0,0
20,uc635963.3,uc635963,3,0.9921510510530852,0.2193931022920578,LV,0.0,0
20,uc635543.3,uc635543,3,0.9904450822641497,0.2193931022920578,LV,0.0,0
20,uc635966.3,uc635966,3,0.990433200484629,0.2193931022920578,LV,0.0,0
20,uc635550.3,uc635550,3,0.9929899679567838,0.2193931022920578,LV,0.0,0
20,uc635862.3,uc635862,3,0.9869714059637065,0.2193931022920578,LV,0.0,0
20,uc1633671.3,uc1633671,3,0.9905793435467393,0.2193931022920578,LV,0.0,0
20,uc632607.3,uc632607,3,0.9634597642867375,0.2193931022920578,LV,0.0,0
20,uc1629422.3,uc1629422,3,0.9919403499127517,0.2193931022920578,LV,0.0,0
21,60651.1,60651,1,0.994857501209619,13.336791218280357,MV,0.0,0
21,60721.1,60721,1,0.9948246753297836,13.336791218280357,MV,0.0,0
21,164151.1,164151,1,0.9951331138624862,13.336791218280357,MV,0.0,0
21,302191.1,302191,1,0.9912687201603984,13.336791218280357,MV,0.0,0
21,320841.1,320841,1,0.9934156266791649,13.336791218280357,MV,0.0,0
21,337711.1,337711,1,0.9912981334641151,13.336791218280357,MV,0.0,0
21,358691.1,358691,1,0.9987372272539036,13.336791218280357,MV,0.0,0
21,et6_1177.1,et6_1177,1,0.9943616786108634,0.2193931022920578,LV,0.0,0
21,461501.1,461501,1,0.9948979518669867,13.336791218280357,MV,0.0,0
21,686891.1,686891,1,0.9941081324295995,13.336791218280357,MV,0.0,0
21,703601.1,703601,1,0.9952374641126932,13.336791218280357,MV,0.0,0
21,713791.1,713791,1,0.9939485228195188,13.336791218280357,MV,0.0,0
21,725731.1,725731,1,0.99359673527725,13.336791218280357,MV,0.0,0
21,809501.1,809501,1,0.9942803397409106,13.336791218280357,MV,0.0,0
21,811221.1,811221,1,0.9951516154700444,13.336791218280357,MV,0.0,0
21,815111.1,815111,1,0.9912654863673255,13.336791218280357,MV,0.0,0
21,822371.1,822371,1,0.9937202559475167,13.336791218280357,MV,0.0,0
21,820611.1,820611,1,0.9946565134867035,13.336791218280357,MV,0.0,0
21,822641.1,822641,1,0.9937691865109138,13.336791218280357,MV,0.0,0
21,618431.1,618431,1,0.9948577587338298,13.336791218280357,MV,0.0,0
21,bt10401.1,bt10401,1,0.9848247856727983,0.2193931022920578,LV,0.0,0
21,bt197792.1,bt197792,1,0.9837931090799799,0.2193931022920578,LV,0.0,0
21,bt800551.1,bt800551,1,0.9839707692758178,0.2193931022920578,LV,0.0,0
21,bt295341.1,bt295341,1,0.9826963897913578,0.2193931022920578,LV,0.0,0
21,bt800541.1,bt800541,1,0.9832940774774508,0.2193931022920578,LV,0.0,0
21,bt295361.1,bt295361,1,0.9821292180896933,0.2193931022920578,LV,0.0,0
21,bt474991.1,bt474991,1,0.9816825825874193,0.2193931022920578,LV,0.0,0
21,uc626695.1,uc626695,1,0.9781720850371675,0.2193931022920578,LV,0.0,0
21,uc1627323.1,uc1627323,1,0.9897069714667828,0.2193931022920578,LV,0.0,0
21,uc1627342.1,uc1627342,1,0.9981789450399056,0.2193931022920578,LV,0.0,0
21,uc627343.1,uc627343,1,0.9951144994504557,0.2193931022920578,LV,0.0,0
21,uc627344.1,uc627344,1,0.9960853098805412,0.2193931022920578,LV,0.0,0
21,uc1626672.1,uc1626672,1,0.0,0.1270170592217177,LV,0.95,1
21,uc1626490.1,uc1626490,1,0.9921384577018297,0.2193931022920578,LV,0.0,0
21,uc3422706.1,uc3422706,1,0.9940024899254905,0.2193931022920578,LV,0.0,0
21,uc3425629.1,uc3425629,1,0.9940701289373282,0.2193931022920578,LV,0.0,0
21,uc3422597.1,uc3422597,1,0.9912453686529463,0.2193931022920578,LV,0.0,0
21,uc3405843.1,uc3405843,1,0.9917530673797036,0.2193931022920578,LV,0.0,0
21,uc3405844.1,uc3405844,1,0.9915407367041358,0.2193931022920578,LV,0.0,0
21,uc3405845.1,uc3405845,1,0.991491344582784,0.2193931022920578,LV,0.0,0
21,uc3405846.1,uc3405846,1,0.9919768556847615,0.2193931022920578,LV,0.0,0
21,uc1626486.1,uc1626486,1,0.9984035335713658,0.2193931022920578,LV,0.0,0
21,uc1626487.1,uc1626487,1,0.9915180374390992,0.2193931022920578,LV,0.0,0
21,uc626481.1,uc626481,1,0.9934171973877715,0.2193931022920578,LV,0.0,0
21,uc626678.1,uc626678,1,0.98966962156478,0.2193931022920578,LV,0.0,0
21,uc626698.1,uc626698,1,0.9952115273044908,0.2193931022920578,LV,0.0,0
21,uc626476.1,uc626476,1,0.9865671282228589,0.2193931022920578,LV,0.0,0
21,uc1627321.1,uc1627321,1,0.9978583636016494,0.2193931022920578,LV,0.0,0
21,uc1607319.1,uc1607319,1,0.9890380221953048,0.2193931022920578,LV,0.0,0
21,uc1607308.1,uc1607308,1,0.9919486635380637,0.2193931022920578,LV,0.0,0
21,uc1624026.1,uc1624026,1,0.0,0.1270170592217177,LV,0.95,1
21,uc1625170.1,uc1625170,1,0.9959560032427284,0.2193931022920578,LV,0.0,0
21,uc1621994.1,uc1621994,1,0.9979924498339099,0.2193931022920578,LV,0.0,0
21,uc1620360.1,uc1620360,1,0.997917807681243,0.2193931022920578,LV,0.0,0
21,uc1620373.1,uc1620373,1,0.9915500559131908,0.2193931022920578,LV,0.0,0
21,uc1607302.1,uc1607302,1,0.9913133113369396,0.2193931022920578,LV,0.0,0
21,uc1607304.1,uc1607304,1,0.989921053324662,0.2193931022920578,LV,0.0,0
21,uc1607305.1,uc1607305,1,0.9894138735063688,0.2193931022920578,LV,0.0,0
21,uc1607306.1,uc1607306,1,0.9913534760899122,0.2193931022920578,LV,0.0,0
21,uc1607297.1,uc1607297,1,0.9947724551835092,0.2193931022920578,LV,0.0,0
21,uc1607298.1,uc1607298,1,0.9923117739427542,0.2193931022920578,LV,0.0,0
21,uc1607289.1,uc1607289,1,0.9957296192630201,0.2193931022920578,LV,0.0,0
21,uc1607290.1,uc1607290,1,0.9958220959716663,0.2193931022920578,LV,0.0,0
21,uc1607291.1,uc1607291,1,0.9948823450453468,0.2193931022920578,LV,0.0,0
21,uc1607280.1,uc1607280,1,0.9898521646644327,0.2193931022920578,LV,0.0,0
21,uc1607283.1,uc1607283,1,0.9864470623647211,0.2193931022920578,LV,0.0,0
21,uc1607285.1,uc1607285,1,0.9883931665844864,0.2193931022920578,LV,0.0,0
21,uc1607287.1,uc1607287,1,0.9905980702928299,0.2193931022920578,LV,0.0,0
21,uc1607288.1,uc1607288,1,0.9923553248141761,0.2193931022920578,LV,0.0,0
21,uc1607279.1,uc1607279,1,0.9910327589446213,0.2193931022920578,LV,0.0,0
21,uc1607357.1,uc1607357,1,0.9948379943218523,0.2193931022920578,LV,0.0,0
21,uc1607358.1,uc1607358,1,0.9942297423634355,0.2193931022920578,LV,0.0,0
21,uc1607368.1,uc1607368,1,0.0,0.1270170592217177,LV,0.95,1
21,uc1607277.1,uc1607277,1,0.9968152712461711,0.2193931022920578,LV,0.0,0
21,uc1607278.1,uc1607278,1,1.0006681794598116,0.2193931022920578,LV,0.0,0
21,uc1607272.1,uc1607272,1,0.9909311197789784,0.2193931022920578,LV,0.0,0
21,uc1607273.1,uc1607273,1,1.000678955896461,0.2193931022920578,LV,0.0,0
21,uc1607353.1,uc1607353,1,0.9948172877778333,0.2193931022920578,LV,0.0,0
21,uc1607347.1,uc1607347,1,0.9905159829515418,0.2193931022920578,LV,0.0,0
21,uc1607349.1,uc1607349,1,0.9949645146981604,0.2193931022920578,LV,0.0,0
21,uc1107342.1,uc1107342,1,0.988792305760975,0.2193931022920578,LV,0.0,0
21,uc1107340.1,uc1107340,1,0.9860584335381576,0.2193931022920578,LV,0.0,0
21,uc1105833.1,uc1105833,1,0.9928372974973522,0.2193931022920578,LV,0.0,0
21,uc1107330.1,uc1107330,1,0.9853976100625242,0.2193931022920578,LV,0.0,0
21,uc1607265.1,uc1607265,1,0.9870130274963448,0.2193931022920578,LV,0.0,0
21,uc1607268.1,uc1607268,1,0.9977552981463614,0.2193931022920578,LV,0.0,0
21,uc1607252.1,uc1607252,1,0.9917262244117984,0.2193931022920578,LV,0.0,0
21,uc1605991.1,uc1605991,1,0.9934472457354042,0.2193931022920578,LV,0.0,0
21,uc1605996.1,uc1605996,1,0.9913357110271568,0.2193931022920578,LV,0.0,0
21,uc1607257.1,uc1607257,1,0.9937612812837107,0.2193931022920578,LV,0.0,0
21,uc1607258.1,uc1607258,1,0.9917355711559099,0.2193931022920578,LV,0.0,0
21,uc1124340.1,uc1124340,1,0.9893665737812674,0.2193931022920578,LV,0.0,0
21,uc605816.1,uc605816,1,0.9868852557217644,0.2193931022920578,LV,0.0,0
21,uc605813.1,uc605813,1,0.9939082859674957,0.2193931022920578,LV,0.0,0
21,uc609684.1,uc609684,1,0.9966016768156364,0.2193931022920578,LV,0.0,0
21,uc609686.1,uc609686,1,0.9970084980861885,0.2193931022920578,LV,0.0,0
21,uc609688.1,uc609688,1,0.9914171855584807,0.2193931022920578,LV,0.0,0
21,uc621168.1,uc621168,1,0.9941891251110557,0.2193931022920578,LV,0.0,0
21,uc621171.1,uc621171,1,0.9916105563047409,0.2193931022920578,LV,0.0,0
21,uc605808.1,uc605808,1,0.997338916712851,0.2193931022920578,LV,0.0,0
21,uc605809.1,uc605809,1,0.9837478558517223,0.2193931022920578,LV,0.0,0
21,uc605810.1,uc605810,1,0.9954696984156868,0.2193931022920578,LV,0.0,0
21,uc605970.1,uc605970,1,0.9936218724480493,0.2193931022920578,LV,0.0,0
21,uc605803.1,uc605803,1,0.9940505238008884,0.2193931022920578,LV,0.0,0
21,uc605804.1,uc605804,1,0.9955983543653862,0.2193931022920578,LV,0.0,0
21,uc605806.1,uc605806,1,0.9930865885789285,0.2193931022920578,LV,0.0,0
21,uc607384.1,uc607384,1,0.9913799742253475,0.2193931022920578,LV,0.0,0
21,uc607387.1,uc607387,1,0.9935913559483147,0.2193931022920578,LV,0.0,0
21,uc609682.1,uc609682,1,0.9881871620882602,0.2193931022920578,LV,0.0,0
21,uc624033.1,uc624033,1,0.9986139996190866,0.2193931022920578,LV,0.0,0
21,uc625156.1,uc625156,1,0.994081625213815,0.2193931022920578,LV,0.0,0
21,uc625624.1,uc625624,1,0.9886895285567685,0.2193931022920578,LV,0.0,0
21,uc625625.1,uc625625,1,0.996864762935269,0.2193931022920578,LV,0.0,0
21,uc607366.1,uc607366,1,0.9837109486211514,0.2193931022920578,LV,0.0,0
21,uc607367.1,uc607367,1,0.9952864504750869,0.2193931022920578,LV,0.0,0
21,uc606114.1,uc606114,1,0.9932015647415239,0.2193931022920578,LV,0.0,0
21,uc606117.1,uc606117,1,0.9934966174686519,0.2193931022920578,LV,0.0,0
21,uc606120.1,uc606120,1,0.993045537212075,0.2193931022920578,LV,0.0,0
21,uc623015.1,uc623015,1,0.9823489457496728,0.2193931022920578,LV,0.0,0
21,uc623432.1,uc623432,1,0.991640366258937,0.2193931022920578,LV,0.0,0
21,uc624028.1,uc624028,1,0.9928492646888335,0.2193931022920578,LV,0.0,0
21,uc605873.1,uc605873,1,0.9945210189130321,0.2193931022920578,LV,0.0,0
21,uc623007.1,uc623007,1,0.9940020407470045,0.2193931022920578,LV,0.0,0
21,uc606147.1,uc606147,1,0.9931320002551965,0.2193931022920578,LV,0.0,0
21,uc606148.1,uc606148,1,0.9990167282840485,0.2193931022920578,LV,0.0,0
21,uc606150.1,uc606150,1,0.9972503530165522,0.2193931022920578,LV,0.0,0
21,uc606109.1,uc606109,1,0.9919087498567674,0.2193931022920578,LV,0.0,0
21,uc606110.1,uc606110,1,0.9912131523196305,0.2193931022920578,LV,0.0,0
21,uc606111.1,uc606111,1,0.993401412197399,0.2193931022920578,LV,0.0,0
21,uc622777.1,uc622777,1,1.0000891167190646,0.2193931022920578,LV,0.0,0
21,uc623004.1,uc623004,1,0.9874353216116071,0.2193931022920578,LV,0.0,0
21,uc606103.1,uc606103,1,0.9936516418185112,0.2193931022920578,LV,0.0,0
21,uc606139.1,uc606139,1,0.994759006487483,0.2193931022920578,LV,0.0,0
21,uc606141.1,uc606141,1,0.9916711900462171,0.2193931022920578,LV,0.0,0
21,uc606143.1,uc606143,1,0.9953272354394251,0.2193931022920578,LV,0.0,0
21,uc605921.1,uc605921,1,0.9934821156021292,0.2193931022920578,LV,0.0,0
21,uc622713.1,uc622713,1,0.9934659977762185,0.2193931022920578,LV,0.0,0
21,uc622714.1,uc622714,1,0.9928688229576237,0.2193931022920578,LV,0.0,0
21,uc605993.1,uc605993,1,0.9946865033312295,0.2193931022920578,LV,0.0,0
21,uc606101.1,uc606101,1,0.9921588262144555,0.2193931022920578,LV,0.0,0
21,uc606102.1,uc606102,1,0.991103046457441,0.2193931022920578,LV,0.0,0
21,uc622273.1,uc622273,1,0.9941523605770708,0.2193931022920578,LV,0.0,0
21,uc622703.1,uc622703,1,0.9782483328072435,0.2193931022920578,LV,0.0,0
21,uc605989.1,uc605989,1,0.9959764424077822,0.2193931022920578,LV,0.0,0
21,uc606130.1,uc606130,1,0.9959482769184405,0.2193931022920578,LV,0.0,0
21,uc606132.1,uc606132,1,0.9914531370098549,0.2193931022920578,LV,0.0,0
21,uc605914.1,uc605914,1,1.0019556398424718,0.2193931022920578,LV,0.0,0
21,uc622257.1,uc622257,1,0.9963457803841242,0.2193931022920578,LV,0.0,0
21,uc605909.1,uc605909,1,0.996691731967538,0.2193931022920578,LV,0.0,0
21,uc605910.1,uc605910,1,0.9930847858898745,0.2193931022920578,LV,0.0,0
21,uc605911.1,uc605911,1,0.9938591560157835,0.2193931022920578,LV,0.0,0
21,uc606128.1,uc606128,1,0.9950301225075747,0.2193931022920578,LV,0.0,0
21,uc605823.1,uc605823,1,0.98778811812559,0.2193931022920578,LV,0.0,0
21,uc605824.1,uc605824,1,0.9933406576705753,0.2193931022920578,LV,0.0,0
21,uc605904.1,uc605904,1,0.9935558720906372,0.2193931022920578,LV,0.0,0
21,uc621999.1,uc621999,1,0.9947333306523395,0.2193931022920578,LV,0.0,0
21,uc639553.1,uc639553,1,0.9918323322447271,0.2193931022920578,LV,0.0,0
21,uc1239552.1,uc1239552,1,0.9920152744695406,0.2193931022920578,LV,0.0,0
21,uc605817.1,uc605817,1,0.9937717246829296,0.2193931022920578,LV,0.0,0
21,uc605819.1,uc605819,1,0.9915595915268176,0.2193931022920578,LV,0.0,0
21,uc605820.1,uc605820,1,0.9914287346516952,0.2193931022920578,LV,0.0,0
21,uc605821.1,uc605821,1,0.9885594786940213,0.2193931022920578,LV,0.0,0
21,uc639280.1,uc639280,1,0.9916296866824338,0.2193931022920578,LV,0.0,0
21,uc605898.1,uc605898,1,0.9939080835063197,0.2193931022920578,LV,0.0,0
21,uc605901.1,uc605901,1,0.9961302910412594,0.2193931022920578,LV,0.0,0
21,uc605902.1,uc605902,1,0.9912340322648208,0.2193931022920578,LV,0.0,0
21,uc605985.1,uc605985,1,0.9896860724408812,0.2193931022920578,LV,0.0,0
21,uc606126.1,uc606126,1,0.993128338783945,0.2193931022920578,LV,0.0,0
21,uc606127.1,uc606127,1,0.9918904623603766,0.2193931022920578,LV,0.0,0
21,uc605896.1,uc605896,1,0.9853941914586442,0.2193931022920578,LV,0.0,0
21,uc606121.1,uc606121,1,0.991312248466938,0.2193931022920578,LV,0.0,0
21,uc606122.1,uc606122,1,0.9885726708273971,0.2193931022920578,LV,0.0,0
21,uc606123.1,uc606123,1,0.9915863660326488,0.2193931022920578,LV,0.0,0
21,uc606124.1,uc606124,1,0.9963436409414652,0.2193931022920578,LV,0.0,0
21,uc605825.1,uc605825,1,0.9904614843481584,0.2193931022920578,LV,0.0,0
21,uc623427.1,uc623427,1,0.9915863789652518,0.2193931022920578,LV,0.0,0
21,uc609687.1,uc609687,1,0.9974340359880804,0.2193931022920578,LV,0.0,0
21,uc639277.1,uc639277,1,0.9886895285629899,0.2193931022920578,LV,0.0,0
21,uc1139390.1,uc1139390,1,0.9919788211866095,0.2193931022920578,LV,0.0,0
21,uc605863.1,uc605863,1,0.9882761517902219,0.2193931022920578,LV,0.0,0
21,uc605865.1,uc605865,1,0.988584592414282,0.2193931022920578,LV,0.0,0
21,uc1138614.1,uc1138614,1,0.9907338042220667,0.2193931022920578,LV,0.0,0
21,uc605855.1,uc605855,1,0.9897443917637219,0.2193931022920578,LV,0.0,0
21,uc605828.1,uc605828,1,0.9872928124085215,0.2193931022920578,LV,0.0,0
21,uc605829.1,uc605829,1,0.9923638026243077,0.2193931022920578,LV,0.0,0
21,uc605834.1,uc605834,1,0.9843166351073178,0.2193931022920578,LV,0.0,0
21,uc605835.1,uc605835,1,0.9843902686737019,0.2193931022920578,LV,0.0,0
21,uc605827.1,uc605827,1,0.9872289060550512,0.2193931022920578,LV,0.0,0
21,uc627337.1,uc627337,1,0.9925367310856711,0.2193931022920578,LV,0.0,0
21,uc637912.1,uc637912,1,0.9924467798881617,0.2193931022920578,LV,0.0,0
21,uc637576.1,uc637576,1,0.99147477382851,0.2193931022920578,LV,0.0,0
21,uc637356.1,uc637356,1,0.9942392129162398,0.2193931022920578,LV,0.0,0
21,uc637918.1,uc637918,1,0.9909214653586523,0.2193931022920578,LV,0.0,0
21,uc637360.1,uc637360,1,0.9915709227180228,0.2193931022920578,LV,0.0,0
21,uc637399.1,uc637399,1,0.983132950828304,0.2193931022920578,LV,0.0,0
21,uc637397.1,uc637397,1,0.9881128071168772,0.2193931022920578,LV,0.0,0
21,uc1137150.1,uc1137150,1,0.9923244814159293,0.2193931022920578,LV,0.0,0
21,uc1636598.1,uc1636598,1,0.0,0.1270170592217177,LV,0.95,1
21,uc636933.1,uc636933,1,0.9945111998181445,0.2193931022920578,LV,0.0,0
21,uc635963.1,uc635963,1,0.993151539725988,0.2193931022920578,LV,0.0,0
21,uc635543.1,uc635543,1,0.9919187364758175,0.2193931022920578,LV,0.0,0
21,uc635966.1,uc635966,1,0.9919101393290835,0.2193931022920578,LV,0.0,0
21,uc635550.1,uc635550,1,0.9937779192620848,0.2193931022920578,LV,0.0,0
21,uc635862.1,uc635862,1,0.9903650186044595,0.2193931022920578,LV,0.0,0
21,uc1635694.1,uc1635694,1,1.0015305205234648,0.2193931022920578,LV,0.0,0
21,uc3435739.1,uc3435739,1,0.9903203622595264,0.2193931022920578,LV,0.0,0
21,uc1635060.1,uc1635060,1,0.9958307104884949,0.2193931022920578,LV,0.0,0
21,uc1607271.1,uc1607271,1,0.9971090447962857,0.2193931022920578,LV,0.0,0
21,uc605884.1,uc605884,1,0.9941818917841876,0.2193931022920578,LV,0.0,0
21,uc1609690.1,uc1609690,1,0.9986449812197741,0.2193931022920578,LV,0.0,0
21,uc1134165.1,uc1134165,1,0.98617879012511,0.2193931022920578,LV,0.0,0
21,uc634166.1,uc634166,1,0.9958005825640938,0.2193931022920578,LV,0.0,0
21,uc1633896.1,uc1633896,1,0.9970035939859871,0.2193931022920578,LV,0.0,0
21,uc3433894.1,uc3433894,1,0.9924117160472326,0.2193931022920578,LV,0.0,0
21,uc1633892.1,uc1633892,1,0.9982471367747037,0.2193931022920578,LV,0.0,0
21,uc633672.1,uc633672,1,0.9974679514039566,0.2193931022920578,LV,0.0,0
21,uc1633671.1,uc1633671,1,0.9901474971496202,0.2193931022920578,LV,0.0,0
21,uc1632306.1,uc1632306,1,0.9971556887687509,0.2193931022920578,LV,0.0,0
21,uc632607.1,uc632607,1,0.971828463494752,0.2193931022920578,LV,0.0,0
21,uc632613.1,uc632613,1,0.9916820917718409,0.2193931022920578,LV,0.0,0
21,uc3432407.1,uc3432407,1,0.991214772893122,0.2193931022920578,LV,0.0,0
21,uc1632402.1,uc1632402,1,0.9878211274614898,0.2193931022920578,LV,0.0,0
21,uc1132019.1,uc1132019,1,0.9907352370193586,0.2193931022920578,LV,0.0,0
21,uc632016.1,uc632016,1,0.995257253973205,0.2193931022920578,LV,0.0,0
21,uc1132015.1,uc1132015,1,0.9880345061980546,0.2193931022920578,LV,0.0,0
21,uc1132012.1,uc1132012,1,0.9941384937509069,0.2193931022920578,LV,0.0,0
21,uc631859.1,uc631859,1,0.9951430714264619,0.2193931022920578,LV,0.0,0
21,uc1631852.1,uc1631852,1,0.9945100087195933,0.2193931022920578,LV,0.0,0
21,uc1130761.1,uc1130761,1,0.9843277310132115,0.2193931022920578,LV,0.0,0
21,uc1630759.1,uc1630759,1,0.9868710966025659,0.2193931022920578,LV,0.0,0
21,uc630758.1,uc630758,1,0.991378431829118,0.2193931022920578,LV,0.0,0
21,uc629428.1,uc629428,1,0.995291466912224,0.2193931022920578,LV,0.0,0
21,uc1629639.1,uc1629639,1,0.9991631411017349,0.2193931022920578,LV,0.0,0
21,uc1229546.1,uc1229546,1,0.9908273864548998,0.2193931022920578,LV,0.0,0
21,uc628768.1,uc628768,1,0.9932466487967485,0.2193931022920578,LV,0.0,0
21,uc628757.1,uc628757,1,0.9984590415389637,0.2193931022920578,LV,0.0,0
21,uc628766.1,uc628766,1,0.9959594802343251,0.2193931022920578,LV,0.0,0
21,uc628753.1,uc628753,1,0.9995159498120546,0.2193931022920578,LV,0.0,0
21,uc627346.1,uc627346,1,0.996114118959042,0.2193931022920578,LV,0.0,0
21,uc1628760.1,uc1628760,1,0.9992094962867639,0.2193931022920578,LV,0.0,0
21,uc1629422.1,uc1629422,1,0.9925350579556286,0.2193931022920578,LV,0.0,0
21,uc626699.1,uc626699,1,0.9971397112423824,0.2193931022920578,LV,0.0,0
21,60651.2,60651,2,0.9956628844432339,13.336791218280357,MV,0.0,0
21,60721.2,60721,2,0.9956300508845131,13.336791218280357,MV,0.0,0
21,164151.2,164151,2,0.9959385761496699,13.336791218280357,MV,0.0,0
21,302191.2,302191,2,0.9927218059302875,13.336791218280357,MV,0.0,0
21,320841.2,320841,2,0.9943737630978365,13.336791218280357,MV,0.0,0
21,337711.2,337711,2,0.9927512360113452,13.336791218280357,MV,0.0,0
21,358691.2,358691,2,0.9990844235987415,13.336791218280357,MV,0.0,0
21,et6_1177.2,et6_1177,2,0.9941274999623679,0.2193931022920578,LV,0.0,0
21,461501.2,461501,2,0.9958179495413647,13.336791218280357,MV,0.0,0
21,686891.2,686891,2,0.9950398345479351,13.336791218280357,MV,0.0,0
21,703601.2,703601,2,0.9960348060013816,13.336791218280357,MV,0.0,0
21,713791.2,713791,2,0.9949054111978536,13.336791218280357,MV,0.0,0
21,725731.2,725731,2,0.9945549310515391,13.336791218280357,MV,0.0,0
21,809501.2,809501,2,0.9952082257148006,13.336791218280357,MV,0.0,0
21,811221.2,811221,2,0.9959557450814964,13.336791218280357,MV,0.0,0
21,815111.2,815111,2,0.9927185708509554,13.336791218280357,MV,0.0,0
21,822371.2,822371,2,0.9946784987124864,13.336791218280357,MV,0.0,0
21,820611.2,820611,2,0.9955045463216006,13.336791218280357,MV,0.0,0
21,822641.2,822641,2,0.9947368991687118,13.336791218280357,MV,0.0,0
21,618431.2,618431,2,0.995663142032046,13.336791218280357,MV,0.0,0
21,bt10401.2,bt10401,2,0.9843826059542417,0.2193931022920578,LV,0.0,0
21,bt197792.2,bt197792,2,0.9839708453614352,0.2193931022920578,LV,0.0,0
21,bt800551.2,bt800551,2,0.9839708453830031,0.2193931022920578,LV,0.0,0
21,bt295341.2,bt295341,2,0.9831987150398322,0.2193931022920578,LV,0.0,0
21,bt800541.2,bt800541,2,0.9835784177337403,0.2193931022920578,LV,0.0,0
21,bt295361.2,bt295361,2,0.9825878678172666,0.2193931022920578,LV,0.0,0
21,bt474991.2,bt474991,2,0.9824033804213682,0.2193931022920578,LV,0.0,0
21,uc1627323.2,uc1627323,2,0.9830779949213722,0.2193931022920578,LV,0.0,0
21,uc3405987.2,uc3405987,2,0.9863654985203758,0.2193931022920578,LV,0.0,0
21,uc3405846.2,uc3405846,2,0.9888490855012267,0.2193931022920578,LV,0.0,0
21,uc3405847.2,uc3405847,2,0.9871419021781213,0.2193931022920578,LV,0.0,0
21,uc3405838.2,uc3405838,2,0.9851981182262636,0.2193931022920578,LV,0.0,0
21,uc1607326.2,uc1607326,2,0.9861361031020026,0.2193931022920578,LV,0.0,0
21,uc1607316.2,uc1607316,2,0.9838358515947453,0.2193931022920578,LV,0.0,0
21,uc1607308.2,uc1607308,2,0.9902547000036571,0.2193931022920578,LV,0.0,0
21,uc1623434.2,uc1623434,2,0.0,0.1270170592217177,LV,0.95,1
21,uc1620373.2,uc1620373,2,0.991281850105436,0.2193931022920578,LV,0.0,0
21,uc1607302.2,uc1607302,2,0.9910557834827444,0.2193931022920578,LV,0.0,0
21,uc1607304.2,uc1607304,2,0.9909507264159273,0.2193931022920578,LV,0.0,0
21,uc1607306.2,uc1607306,2,0.9896597151416728,0.2193931022920578,LV,0.0,0
21,uc1607299.2,uc1607299,2,0.99150522981786,0.2193931022920578,LV,0.0,0
21,uc1607297.2,uc1607297,2,0.9931601858460029,0.2193931022920578,LV,0.0,0
21,uc1607298.2,uc1607298,2,0.991696780587215,0.2193931022920578,LV,0.0,0
21,uc1607289.2,uc1607289,2,0.9950478417843472,0.2193931022920578,LV,0.0,0
21,uc1607291.2,uc1607291,2,0.9926803601519557,0.2193931022920578,LV,0.0,0
21,uc1607292.2,uc1607292,2,0.9921133365671593,0.2193931022920578,LV,0.0,0
21,uc1607280.2,uc1607280,2,0.9896205873307398,0.2193931022920578,LV,0.0,0
21,uc1607284.2,uc1607284,2,0.9899012117627801,0.2193931022920578,LV,0.0,0
21,uc1607285.2,uc1607285,2,0.9897828774192157,0.2193931022920578,LV,0.0,0
21,uc1607288.2,uc1607288,2,0.9900901669597629,0.2193931022920578,LV,0.0,0
21,uc1607279.2,uc1607279,2,0.990801223195461,0.2193931022920578,LV,0.0,0
21,uc1607355.2,uc1607355,2,0.9916663815123369,0.2193931022920578,LV,0.0,0
21,uc1607357.2,uc1607357,2,0.9943296863942126,0.2193931022920578,LV,0.0,0
21,uc1607358.2,uc1607358,2,0.9919832486389951,0.2193931022920578,LV,0.0,0
21,uc1607368.2,uc1607368,2,0.0,0.1270170592217177,LV,0.95,1
21,uc1607276.2,uc1607276,2,0.9979939268014575,0.2193931022920578,LV,0.0,0
21,uc1607278.2,uc1607278,2,0.9987069267149195,0.2193931022920578,LV,0.0,0
21,uc1607273.2,uc1607273,2,0.9973078596945713,0.2193931022920578,LV,0.0,0
21,uc1607328.2,uc1607328,2,0.9856240706773918,0.2193931022920578,LV,0.0,0
21,uc1607347.2,uc1607347,2,0.990247689042265,0.2193931022920578,LV,0.0,0
21,uc1607350.2,uc1607350,2,0.9917368962407945,0.2193931022920578,LV,0.0,0
21,uc1107341.2,uc1107341,2,0.9864518152726407,0.2193931022920578,LV,0.0,0
21,uc1107333.2,uc1107333,2,0.9882618252634672,0.2193931022920578,LV,0.0,0
21,uc1607268.2,uc1607268,2,0.9972699853675966,0.2193931022920578,LV,0.0,0
21,uc1607252.2,uc1607252,2,0.9882248544203297,0.2193931022920578,LV,0.0,0
21,uc1606000.2,uc1606000,2,0.9896593365690424,0.2193931022920578,LV,0.0,0
21,uc1607255.2,uc1607255,2,0.991121280929032,0.2193931022920578,LV,0.0,0
21,uc1607258.2,uc1607258,2,0.9882342348742601,0.2193931022920578,LV,0.0,0
21,uc1124041.2,uc1124041,2,0.9891704331449511,0.2193931022920578,LV,0.0,0
21,uc1124340.2,uc1124340,2,0.9894299950443547,0.2193931022920578,LV,0.0,0
21,uc1121173.2,uc1121173,2,0.9883655907227614,0.2193931022920578,LV,0.0,0
21,uc1107345.2,uc1107345,2,0.989407461245307,0.2193931022920578,LV,0.0,0
21,uc605816.2,uc605816,2,0.9865612498829635,0.2193931022920578,LV,0.0,0
21,uc605812.2,uc605812,2,0.9824434877786978,0.2193931022920578,LV,0.0,0
21,uc605813.2,uc605813,2,0.9939146592620349,0.2193931022920578,LV,0.0,0
21,uc609685.2,uc609685,2,0.9955505202583279,0.2193931022920578,LV,0.0,0
21,uc609688.2,uc609688,2,0.9901330764479246,0.2193931022920578,LV,0.0,0
21,uc621168.2,uc621168,2,0.9916972822449035,0.2193931022920578,LV,0.0,0
21,uc621171.2,uc621171,2,0.9913304469482401,0.2193931022920578,LV,0.0,0
21,uc605810.2,uc605810,2,0.9941933962235535,0.2193931022920578,LV,0.0,0
21,uc605807.2,uc605807,2,0.9843587350003474,0.2193931022920578,LV,0.0,0
21,uc605801.2,uc605801,2,0.9900649143153898,0.2193931022920578,LV,0.0,0
21,uc607384.2,uc607384,2,0.991107426840998,0.2193931022920578,LV,0.0,0
21,uc607385.2,uc607385,2,0.9873433605708863,0.2193931022920578,LV,0.0,0
21,uc609682.2,uc609682,2,0.9844635855201537,0.2193931022920578,LV,0.0,0
21,uc609683.2,uc609683,2,0.9939244927186837,0.2193931022920578,LV,0.0,0
21,uc607377.2,uc607377,2,0.9958665616718699,0.2193931022920578,LV,0.0,0
21,uc607382.2,uc607382,2,0.9927507571339022,0.2193931022920578,LV,0.0,0
21,uc606117.2,uc606117,2,0.9932168682316197,0.2193931022920578,LV,0.0,0
21,uc606120.2,uc606120,2,0.9927657032757283,0.2193931022920578,LV,0.0,0
21,uc623433.2,uc623433,2,0.9841274115257049,0.2193931022920578,LV,0.0,0
21,uc623007.2,uc623007,2,0.9937678340956142,0.2193931022920578,LV,0.0,0
21,uc606147.2,uc606147,2,0.9893994034258575,0.2193931022920578,LV,0.0,0
21,uc606148.2,uc606148,2,0.9992094962785276,0.2193931022920578,LV,0.0,0
21,uc606150.2,uc606150,2,0.9971601800910467,0.2193931022920578,LV,0.0,0
21,uc606109.2,uc606109,2,0.9916286830084706,0.2193931022920578,LV,0.0,0
21,uc606110.2,uc606110,2,0.9909331286545273,0.2193931022920578,LV,0.0,0
21,uc606111.2,uc606111,2,0.9931216315770575,0.2193931022920578,LV,0.0,0
21,uc622720.2,uc622720,2,0.9915758052087474,0.2193931022920578,LV,0.0,0
21,uc623004.2,uc623004,2,0.9858639743277422,0.2193931022920578,LV,0.0,0
21,uc606103.2,uc606103,2,0.9915373939888507,0.2193931022920578,LV,0.0,0
21,uc606139.2,uc606139,2,0.9895893520173861,0.2193931022920578,LV,0.0,0
21,uc606143.2,uc606143,2,0.9920018124473626,0.2193931022920578,LV,0.0,0
21,uc605921.2,uc605921,2,0.9925223982963598,0.2193931022920578,LV,0.0,0
21,uc605915.2,uc605915,2,0.9917035624728551,0.2193931022920578,LV,0.0,0
21,uc606101.2,uc606101,2,0.9931381450890393,0.2193931022920578,LV,0.0,0
21,uc622273.2,uc622273,2,0.9908259764857917,0.2193931022920578,LV,0.0,0
21,uc605990.2,uc605990,2,0.9831985319959327,0.2193931022920578,LV,0.0,0
21,uc606130.2,uc606130,2,0.9943774720494745,0.2193931022920578,LV,0.0,0
21,uc606132.2,uc606132,2,0.9911860945710804,0.2193931022920578,LV,0.0,0
21,uc622258.2,uc622258,2,0.994647850472292,0.2193931022920578,LV,0.0,0
21,uc622270.2,uc622270,2,0.9974966723246086,0.2193931022920578,LV,0.0,0
21,uc605905.2,uc605905,2,0.9905077022956672,0.2193931022920578,LV,0.0,0
21,uc605909.2,uc605909,2,0.9959521914992062,0.2193931022920578,LV,0.0,0
21,uc605910.2,uc605910,2,0.9928015734973751,0.2193931022920578,LV,0.0,0
21,uc605911.2,uc605911,2,0.9935761678351717,0.2193931022920578,LV,0.0,0
21,uc606128.2,uc606128,2,0.9932213662011963,0.2193931022920578,LV,0.0,0
21,uc605904.2,uc605904,2,0.9905919775661131,0.2193931022920578,LV,0.0,0
21,uc1239552.2,uc1239552,2,0.9917473890323083,0.2193931022920578,LV,0.0,0
21,uc605817.2,uc605817,2,0.9930244215592913,0.2193931022920578,LV,0.0,0
21,uc605819.2,uc605819,2,0.9902756789024103,0.2193931022920578,LV,0.0,0
21,uc605820.2,uc605820,2,0.9851327826359019,0.2193931022920578,LV,0.0,0
21,uc605821.2,uc605821,2,0.9873217449187804,0.2193931022920578,LV,0.0,0
21,uc605822.2,uc605822,2,0.9849835801790856,0.2193931022920578,LV,0.0,0
21,uc639280.2,uc639280,2,0.9914099588901052,0.2193931022920578,LV,0.0,0
21,uc605898.2,uc605898,2,0.9949230754479708,0.2193931022920578,LV,0.0,0
21,uc605902.2,uc605902,2,0.9909613904188981,0.2193931022920578,LV,0.0,0
21,uc605982.2,uc605982,2,0.9842404122115522,0.2193931022920578,LV,0.0,0
21,uc605988.2,uc605988,2,0.9825008407837025,0.2193931022920578,LV,0.0,0
21,uc606126.2,uc606126,2,0.9928643832855286,0.2193931022920578,LV,0.0,0
21,uc606127.2,uc606127,2,0.9916261511596551,0.2193931022920578,LV,0.0,0
21,uc605896.2,uc605896,2,0.9849618939837318,0.2193931022920578,LV,0.0,0
21,uc606121.2,uc606121,2,0.991031266381091,0.2193931022920578,LV,0.0,0
21,uc606122.2,uc606122,2,0.988290621073219,0.2193931022920578,LV,0.0,0
21,uc606123.2,uc606123,2,0.9913189644165901,0.2193931022920578,LV,0.0,0
21,uc622709.2,uc622709,2,0.9918083189626195,0.2193931022920578,LV,0.0,0
21,uc639277.2,uc639277,2,0.9874517278162105,0.2193931022920578,LV,0.0,0
21,uc1139390.2,uc1139390,2,0.9917109455917553,0.2193931022920578,LV,0.0,0
21,uc605864.2,uc605864,2,0.9874000122998186,0.2193931022920578,LV,0.0,0
21,uc605865.2,uc605865,2,0.9870173837159347,0.2193931022920578,LV,0.0,0
21,uc638617.2,uc638617,2,0.9866042181032962,0.2193931022920578,LV,0.0,0
21,uc605855.2,uc605855,2,0.98602181955509,0.2193931022920578,LV,0.0,0
21,uc1638606.2,uc1638606,2,0.9952132708980113,0.2193931022920578,LV,0.0,0
21,uc1638954.2,uc1638954,2,0.9969970294178782,0.2193931022920578,LV,0.0,0
21,uc605836.2,uc605836,2,0.9745365737595933,0.2193931022920578,LV,0.0,0
21,uc1607303.2,uc1607303,2,0.9916944802852,0.2193931022920578,LV,0.0,0
21,uc637705.2,uc637705,2,0.9889670236428441,0.2193931022920578,LV,0.0,0
21,uc1637704.2,uc1637704,2,1.0020940188098282,0.2193931022920578,LV,0.0,0
21,uc637576.2,uc637576,2,0.9912073865312441,0.2193931022920578,LV,0.0,0
21,uc637918.2,uc637918,2,0.9907018010894395,0.2193931022920578,LV,0.0,0
21,uc637360.2,uc637360,2,0.9912907336933453,0.2193931022920578,LV,0.0,0
21,uc637397.2,uc637397,2,0.9877878374969288,0.2193931022920578,LV,0.0,0
21,uc636933.2,uc636933,2,0.9893403448512346,0.2193931022920578,LV,0.0,0
21,uc605908.2,uc605908,2,0.996760152105305,0.2193931022920578,LV,0.0,0
21,uc635963.2,uc635963,2,0.9928717347369959,0.2193931022920578,LV,0.0,0
21,uc635543.2,uc635543,2,0.9916386227560098,0.2193931022920578,LV,0.0,0
21,uc635966.2,uc635966,2,0.9916300266969665,0.2193931022920578,LV,0.0,0
21,uc627328.2,uc627328,2,0.9821983709987375,0.2193931022920578,LV,0.0,0
21,uc635550.2,uc635550,2,0.9935152549607027,0.2193931022920578,LV,0.0,0
21,uc635862.2,uc635862,2,0.9900413540640343,0.2193931022920578,LV,0.0,0
21,uc3435739.2,uc3435739,2,0.9861759874142588,0.2193931022920578,LV,0.0,0
21,uc634166.2,uc634166,2,0.9944810198263788,0.2193931022920578,LV,0.0,0
21,uc1633671.2,uc1633671,2,0.9929333363702386,0.2193931022920578,LV,0.0,0
21,uc633056.2,uc633056,2,0.9938010896774155,0.2193931022920578,LV,0.0,0
21,uc632607.2,uc632607,2,0.971493890630612,0.2193931022920578,LV,0.0,0
21,uc1632402.2,uc1632402,2,0.9900377533281794,0.2193931022920578,LV,0.0,0
21,uc1131858.2,uc1131858,2,0.9865595311913942,0.2193931022920578,LV,0.0,0
21,uc631391.2,uc631391,2,0.9795407588710088,0.2193931022920578,LV,0.0,0
21,uc1630759.2,uc1630759,2,0.9890355803844713,0.2193931022920578,LV,0.0,0
21,uc630758.2,uc630758,2,0.986149581370745,0.2193931022920578,LV,0.0,0
21,uc630753.2,uc630753,2,0.9872035412118619,0.2193931022920578,LV,0.0,0
21,uc628766.2,uc628766,2,0.9943886915903861,0.2193931022920578,LV,0.0,0
21,uc627346.2,uc627346,2,0.9953556473016822,0.2193931022920578,LV,0.0,0
21,uc1629422.2,uc1629422,2,0.9903885395111566,0.2193931022920578,LV,0.0,0
21,60651.3,60651,3,0.9956431652126839,13.336791218280357,MV,0.0,0
21,60721.3,60721,3,0.9956103303000833,13.336791218280357,MV,0.0,0
21,164151.3,164151,3,0.9959188795844992,13.336791218280357,MV,0.0,0
21,302191.3,302191,3,0.9926754079667848,13.336791218280357,MV,0.0,0
21,320841.3,320841,3,0.9943305744176681,13.336791218280357,MV,0.0,0
21,337711.3,337711,3,0.9927048442585523,13.336791218280357,MV,0.0,0
21,358691.3,358691,3,0.9989980239514927,13.336791218280357,MV,0.0,0
21,et6_1177.3,et6_1177,3,0.9934258368117167,0.2193931022920578,LV,0.0,0
21,461501.3,461501,3,0.9957631617652596,13.336791218280357,MV,0.0,0
21,686891.3,686891,3,0.9950022988495374,13.336791218280357,MV,0.0,0
21,703601.3,703601,3,0.9960159156952966,13.336791218280357,MV,0.0,0
21,713791.3,713791,3,0.9948631073201958,13.336791218280357,MV,0.0,0
21,725731.3,725731,3,0.9945117282144503,13.336791218280357,MV,0.0,0
21,809501.3,809501,3,0.9951729849639256,13.336791218280357,MV,0.0,0
21,811221.3,811221,3,0.9959361834740744,13.336791218280357,MV,0.0,0
21,815111.3,815111,3,0.9926721721147083,13.336791218280357,MV,0.0,0
21,822371.3,822371,3,0.9946353412786175,13.336791218280357,MV,0.0,0
21,820611.3,820611,3,0.9954794424793778,13.336791218280357,MV,0.0,0
21,822641.3,822641,3,0.9946896352950385,13.336791218280357,MV,0.0,0
21,618431.3,618431,3,0.9956434228186541,13.336791218280357,MV,0.0,0
21,bt10401.3,bt10401,3,0.9902734415192518,0.2193931022920578,LV,0.0,0
21,bt197792.3,bt197792,3,0.9899020194456853,0.2193931022920578,LV,0.0,0
21,bt800551.3,bt800551,3,0.9899666376517549,0.2193931022920578,LV,0.0,0
21,bt295341.3,bt295341,3,0.9898136389438281,0.2193931022920578,LV,0.0,0
21,bt800541.3,bt800541,3,0.9898506282449576,0.2193931022920578,LV,0.0,0
21,bt295361.3,bt295361,3,0.9898136396238847,0.2193931022920578,LV,0.0,0
21,bt474991.3,bt474991,3,0.9898136400888142,0.2193931022920578,LV,0.0,0
21,uc627336.3,uc627336,3,0.993858174331667,0.2193931022920578,LV,0.0,0
21,uc1620373.3,uc1620373,3,0.9924395170160953,0.2193931022920578,LV,0.0,0
21,uc1607302.3,uc1607302,3,0.9921731612475844,0.2193931022920578,LV,0.0,0
21,uc1607304.3,uc1607304,3,0.9921064753928195,0.2193931022920578,LV,0.0,0
21,uc1607298.3,uc1607298,3,0.9931644955418019,0.2193931022920578,LV,0.0,0
21,uc1607280.3,uc1607280,3,0.9906098228590668,0.2193931022920578,LV,0.0,0
21,uc1607285.3,uc1607285,3,0.99185542274423,0.2193931022920578,LV,0.0,0
21,uc1607279.3,uc1607279,3,0.9917910643551926,0.2193931022920578,LV,0.0,0
21,uc1607347.3,uc1607347,3,0.9914047731082499,0.2193931022920578,LV,0.0,0
21,uc1124340.3,uc1124340,3,0.9917415063808174,0.2193931022920578,LV,0.0,0
21,uc605816.3,uc605816,3,0.9879200406859455,0.2193931022920578,LV,0.0,0
21,uc605815.3,uc605815,3,0.9897000502119506,0.2193931022920578,LV,0.0,0
21,uc621171.3,uc621171,3,0.9920142895224523,0.2193931022920578,LV,0.0,0
21,uc607384.3,uc607384,3,0.9917949432775578,0.2193931022920578,LV,0.0,0
21,uc606117.3,uc606117,3,0.9939016213001731,0.2193931022920578,LV,0.0,0
21,uc606120.3,uc606120,3,0.9934502502022533,0.2193931022920578,LV,0.0,0
21,uc623007.3,uc623007,3,0.9930660428669958,0.2193931022920578,LV,0.0,0
21,uc605867.3,uc605867,3,0.9896691313390811,0.2193931022920578,LV,0.0,0
21,uc606150.3,uc606150,3,0.9973236671261111,0.2193931022920578,LV,0.0,0
21,uc606109.3,uc606109,3,0.9923126767502046,0.2193931022920578,LV,0.0,0
21,uc606110.3,uc606110,3,0.9916168615920296,0.2193931022920578,LV,0.0,0
21,uc606111.3,uc606111,3,0.9938063340428239,0.2193931022920578,LV,0.0,0
21,uc622722.3,uc622722,3,0.9901578702437824,0.2193931022920578,LV,0.0,0
21,uc623004.3,uc623004,3,0.9889951496466165,0.2193931022920578,LV,0.0,0
21,uc606101.3,uc606101,3,0.9938128030265813,0.2193931022920578,LV,0.0,0
21,uc606132.3,uc606132,3,0.9918779708109303,0.2193931022920578,LV,0.0,0
21,uc605910.3,uc605910,3,0.9934816063422741,0.2193931022920578,LV,0.0,0
21,uc605911.3,uc605911,3,0.9942565993029872,0.2193931022920578,LV,0.0,0
21,uc605904.3,uc605904,3,0.9939243538852229,0.2193931022920578,LV,0.0,0
21,uc1239552.3,uc1239552,3,0.9929054399853561,0.2193931022920578,LV,0.0,0
21,uc605821.3,uc605821,3,0.9905289848070097,0.2193931022920578,LV,0.0,0
21,uc639280.3,uc639280,3,0.9922538274984216,0.2193931022920578,LV,0.0,0
21,uc605898.3,uc605898,3,0.9940616740032405,0.2193931022920578,LV,0.0,0
21,uc605902.3,uc605902,3,0.9915796435584763,0.2193931022920578,LV,0.0,0
21,uc606126.3,uc606126,3,0.9935573306223374,0.2193931022920578,LV,0.0,0
21,uc606127.3,uc606127,3,0.9923184620579242,0.2193931022920578,LV,0.0,0
21,uc606121.3,uc606121,3,0.9917142254596875,0.2193931022920578,LV,0.0,0
21,uc606122.3,uc606122,3,0.9889716603168509,0.2193931022920578,LV,0.0,0
21,uc639277.3,uc639277,3,0.9906590918169028,0.2193931022920578,LV,0.0,0
21,uc1139390.3,uc1139390,3,0.9928689539892775,0.2193931022920578,LV,0.0,0
21,uc637576.3,uc637576,3,0.991897785887584,0.2193931022920578,LV,0.0,0
21,uc637918.3,uc637918,3,0.9915453687313158,0.2193931022920578,LV,0.0,0
21,uc637360.3,uc637360,3,0.9919744259679115,0.2193931022920578,LV,0.0,0
21,uc637397.3,uc637397,3,0.9891424885080178,0.2193931022920578,LV,0.0,0
21,uc635963.3,uc635963,3,0.993556337990861,0.2193931022920578,LV,0.0,0
21,uc635543.3,uc635543,3,0.9923226026490614,0.2193931022920578,LV,0.0,0
21,uc635966.3,uc635966,3,0.9923140036006702,0.2193931022920578,LV,0.0,0
21,uc635550.3,uc635550,3,0.9942093561107436,0.2193931022920578,LV,0.0,0
21,uc635862.3,uc635862,3,0.9898579760142748,0.2193931022920578,LV,0.0,0
21,uc1633671.3,uc1633671,3,0.9930395731439807,0.2193931022920578,LV,0.0,0
21,uc632607.3,uc632607,3,0.9728417457685109,0.2193931022920578,LV,0.0,0
21,uc1629422.3,uc1629422,3,0.9934882154064395,0.2193931022920578,LV,0.0,0
22,60651.1,60651,1,0.9948720569837859,13.336791218280357,MV,0.0,0
22,60721.1,60721,1,0.9948376446413865,13.336791218280357,MV,0.0,0
22,164151.1,164151,1,0.9951612073265804,13.336791218280357,MV,0.0,0
22,302191.1,302191,1,0.9914857770071733,13.336791218280357,MV,0.0,0
22,320841.1,320841,1,0.9934146131682758,13.336791218280357,MV,0.0,0
22,337711.1,337711,1,0.9915166198914227,13.336791218280357,MV,0.0,0
22,358691.1,358691,1,0.9987545039238408,13.336791218280357,MV,0.0,0
22,et6_1177.1,et6_1177,1,0.9944974262406941,0.2193931022920578,LV,0.0,0
22,461501.1,461501,1,0.9949769670730988,13.336791218280357,MV,0.0,0
22,686891.1,686891,1,0.9941208161495988,13.336791218280357,MV,0.0,0
22,703601.1,703601,1,0.9952685890734505,13.336791218280357,MV,0.0,0
22,713791.1,713791,1,0.9939668088718896,13.336791218280357,MV,0.0,0
22,725731.1,725731,1,0.993606968617088,13.336791218280357,MV,0.0,0
22,809501.1,809501,1,0.9943008485072877,13.336791218280357,MV,0.0,0
22,811221.1,811221,1,0.9951803025297404,13.336791218280357,MV,0.0,0
22,815111.1,815111,1,0.9914822573198586,13.336791218280357,MV,0.0,0
22,822371.1,822371,1,0.9937316846179444,13.336791218280357,MV,0.0,0
22,820611.1,820611,1,0.9946727543118973,13.336791218280357,MV,0.0,0
22,822641.1,822641,1,0.9937875827539007,13.336791218280357,MV,0.0,0
22,618431.1,618431,1,0.9948723262550292,13.336791218280357,MV,0.0,0
22,bt10401.1,bt10401,1,0.9852461933376735,0.2193931022920578,LV,0.0,0
22,bt197792.1,bt197792,1,0.9842646654261271,0.2193931022920578,LV,0.0,0
22,bt800551.1,bt800551,1,0.9844236511337757,0.2193931022920578,LV,0.0,0
22,bt295341.1,bt295341,1,0.9831739129229882,0.2193931022920578,LV,0.0,0
22,bt800541.1,bt800541,1,0.9837625314699135,0.2193931022920578,LV,0.0,0
22,bt295361.1,bt295361,1,0.9826151103732742,0.2193931022920578,LV,0.0,0
22,bt474991.1,bt474991,1,0.982175065242256,0.2193931022920578,LV,0.0,0
22,uc626695.1,uc626695,1,0.9787197338292873,0.2193931022920578,LV,0.0,0
22,uc1627323.1,uc1627323,1,0.9905406765309793,0.2193931022920578,LV,0.0,0
22,uc1627342.1,uc1627342,1,0.9986191677282263,0.2193931022920578,LV,0.0,0
22,uc627343.1,uc627343,1,0.9952812021379877,0.2193931022920578,LV,0.0,0
22,uc627344.1,uc627344,1,0.9963043621473733,0.2193931022920578,LV,0.0,0
22,uc1626672.1,uc1626672,1,0.0,0.1270170592217177,LV,0.95,1
22,uc1626490.1,uc1626490,1,0.9923267906124025,0.2193931022920578,LV,0.0,0
22,uc3422706.1,uc3422706,1,0.9942715999099919,0.2193931022920578,LV,0.0,0
22,uc3425629.1,uc3425629,1,0.9943321311209659,0.2193931022920578,LV,0.0,0
22,uc3422597.1,uc3422597,1,0.9918089547241425,0.2193931022920578,LV,0.0,0
22,uc3405843.1,uc3405843,1,0.992254825343849,0.2193931022920578,LV,0.0,0
22,uc3405844.1,uc3405844,1,0.9920681153446114,0.2193931022920578,LV,0.0,0
22,uc3405845.1,uc3405845,1,0.9920239136267184,0.2193931022920578,LV,0.0,0
22,uc3405846.1,uc3405846,1,0.9924597185453624,0.2193931022920578,LV,0.0,0
22,uc1626486.1,uc1626486,1,0.9986859909327388,0.2193931022920578,LV,0.0,0
22,uc1626487.1,uc1626487,1,0.9919512565472053,0.2193931022920578,LV,0.0,0
22,uc626481.1,uc626481,1,0.9937650977444294,0.2193931022920578,LV,0.0,0
22,uc626678.1,uc626678,1,0.9903787448955922,0.2193931022920578,LV,0.0,0
22,uc626698.1,uc626698,1,0.9955581604972515,0.2193931022920578,LV,0.0,0
22,uc626476.1,uc626476,1,0.9878157210952907,0.2193931022920578,LV,0.0,0
22,uc1627321.1,uc1627321,1,0.9983322820103876,0.2193931022920578,LV,0.0,0
22,uc1607319.1,uc1607319,1,0.9897103061788611,0.2193931022920578,LV,0.0,0
22,uc1607308.1,uc1607308,1,0.9924287733231726,0.2193931022920578,LV,0.0,0
22,uc1624026.1,uc1624026,1,0.0,0.1270170592217177,LV,0.95,1
22,uc1625170.1,uc1625170,1,0.9961347142708794,0.2193931022920578,LV,0.0,0
22,uc1621994.1,uc1621994,1,0.9983117686259345,0.2193931022920578,LV,0.0,0
22,uc1620360.1,uc1620360,1,0.9980896290153719,0.2193931022920578,LV,0.0,0
22,uc1620373.1,uc1620373,1,0.9917784561347275,0.2193931022920578,LV,0.0,0
22,uc1607302.1,uc1607302,1,0.991594221122652,0.2193931022920578,LV,0.0,0
22,uc1607304.1,uc1607304,1,0.9903280761249732,0.2193931022920578,LV,0.0,0
22,uc1607305.1,uc1607305,1,0.9898741939331643,0.2193931022920578,LV,0.0,0
22,uc1607306.1,uc1607306,1,0.9918960826606924,0.2193931022920578,LV,0.0,0
22,uc1607297.1,uc1607297,1,0.9949898341275305,0.2193931022920578,LV,0.0,0
22,uc1607298.1,uc1607298,1,0.9924929799556853,0.2193931022920578,LV,0.0,0
22,uc1607289.1,uc1607289,1,0.9958641133047184,0.2193931022920578,LV,0.0,0
22,uc1607290.1,uc1607290,1,0.9959468757037363,0.2193931022920578,LV,0.0,0
22,uc1607291.1,uc1607291,1,0.9950881839997024,0.2193931022920578,LV,0.0,0
22,uc1607280.1,uc1607280,1,0.9903600976467326,0.2193931022920578,LV,0.0,0
22,uc1607283.1,uc1607283,1,0.9872778699846808,0.2193931022920578,LV,0.0,0
22,uc1607285.1,uc1607285,1,0.9890196541527299,0.2193931022920578,LV,0.0,0
22,uc1607287.1,uc1607287,1,0.9912648236101194,0.2193931022920578,LV,0.0,0
22,uc1607288.1,uc1607288,1,0.9925539572437324,0.2193931022920578,LV,0.0,0
22,uc1607279.1,uc1607279,1,0.9914167297971719,0.2193931022920578,LV,0.0,0
22,uc1607357.1,uc1607357,1,0.9951517029155046,0.2193931022920578,LV,0.0,0
22,uc1607358.1,uc1607358,1,0.994570231497221,0.2193931022920578,LV,0.0,0
22,uc1607368.1,uc1607368,1,0.0,0.1270170592217177,LV,0.95,1
22,uc1607277.1,uc1607277,1,0.9969301932757849,0.2193931022920578,LV,0.0,0
22,uc1607278.1,uc1607278,1,1.000848153731215,0.2193931022920578,LV,0.0,0
22,uc1607272.1,uc1607272,1,0.9917661379988684,0.2193931022920578,LV,0.0,0
22,uc1607273.1,uc1607273,1,1.0007825076625625,0.2193931022920578,LV,0.0,0
22,uc1607353.1,uc1607353,1,0.9950956403134489,0.2193931022920578,LV,0.0,0
22,uc1607347.1,uc1607347,1,0.9908216192521002,0.2193931022920578,LV,0.0,0
22,uc1607349.1,uc1607349,1,0.9952295852654133,0.2193931022920578,LV,0.0,0
22,uc1107342.1,uc1107342,1,0.9893160286676116,0.2193931022920578,LV,0.0,0
22,uc1107340.1,uc1107340,1,0.9871574349693124,0.2193931022920578,LV,0.0,0
22,uc1105833.1,uc1105833,1,0.993241965255657,0.2193931022920578,LV,0.0,0
22,uc1107330.1,uc1107330,1,0.9865660240853086,0.2193931022920578,LV,0.0,0
22,uc1607265.1,uc1607265,1,0.9881113196287934,0.2193931022920578,LV,0.0,0
22,uc1607268.1,uc1607268,1,0.9980539651200205,0.2193931022920578,LV,0.0,0
22,uc1607252.1,uc1607252,1,0.9923593573349324,0.2193931022920578,LV,0.0,0
22,uc1605991.1,uc1605991,1,0.9938494029689916,0.2193931022920578,LV,0.0,0
22,uc1605996.1,uc1605996,1,0.9921282142092187,0.2193931022920578,LV,0.0,0
22,uc1607257.1,uc1607257,1,0.9941640233033152,0.2193931022920578,LV,0.0,0
22,uc1607258.1,uc1607258,1,0.9923677235402794,0.2193931022920578,LV,0.0,0
22,uc1124340.1,uc1124340,1,0.9898299764115778,0.2193931022920578,LV,0.0,0
22,uc605816.1,uc605816,1,0.987609843684394,0.2193931022920578,LV,0.0,0
22,uc605813.1,uc605813,1,0.9940916498013831,0.2193931022920578,LV,0.0,0
22,uc609684.1,uc609684,1,0.9968015503990816,0.2193931022920578,LV,0.0,0
22,uc609686.1,uc609686,1,0.9971656187678459,0.2193931022920578,LV,0.0,0
22,uc609688.1,uc609688,1,0.9919465442260342,0.2193931022920578,LV,0.0,0
22,uc621168.1,uc621168,1,0.9944459408243399,0.2193931022920578,LV,0.0,0
22,uc621171.1,uc621171,1,0.9918236055485319,0.2193931022920578,LV,0.0,0
22,uc605808.1,uc605808,1,0.9974577963885595,0.2193931022920578,LV,0.0,0
22,uc605809.1,uc605809,1,0.9842241703623,0.2193931022920578,LV,0.0,0
22,uc605810.1,uc605810,1,0.9957588833447408,0.2193931022920578,LV,0.0,0
22,uc605970.1,uc605970,1,0.9939300720495381,0.2193931022920578,LV,0.0,0
22,uc605803.1,uc605803,1,0.994422590990083,0.2193931022920578,LV,0.0,0
22,uc605804.1,uc605804,1,0.9958719453576239,0.2193931022920578,LV,0.0,0
22,uc605806.1,uc605806,1,0.9933345568995744,0.2193931022920578,LV,0.0,0
22,uc607384.1,uc607384,1,0.9916472304894638,0.2193931022920578,LV,0.0,0
22,uc607387.1,uc607387,1,0.9938080195614656,0.2193931022920578,LV,0.0,0
22,uc609682.1,uc609682,1,0.9890549073025439,0.2193931022920578,LV,0.0,0
22,uc624033.1,uc624033,1,0.9987271998944148,0.2193931022920578,LV,0.0,0
22,uc625156.1,uc625156,1,0.9944504241093767,0.2193931022920578,LV,0.0,0
22,uc625624.1,uc625624,1,0.9892278016010889,0.2193931022920578,LV,0.0,0
22,uc625625.1,uc625625,1,0.9970369925475151,0.2193931022920578,LV,0.0,0
22,uc607366.1,uc607366,1,0.9841911438055505,0.2193931022920578,LV,0.0,0
22,uc607367.1,uc607367,1,0.995592803390762,0.2193931022920578,LV,0.0,0
22,uc606114.1,uc606114,1,0.9935699799381467,0.2193931022920578,LV,0.0,0
22,uc606117.1,uc606117,1,0.9935117207551841,0.2193931022920578,LV,0.0,0
22,uc606120.1,uc606120,1,0.9931132348635402,0.2193931022920578,LV,0.0,0
22,uc623015.1,uc623015,1,0.9828319620711693,0.2193931022920578,LV,0.0,0
22,uc623432.1,uc623432,1,0.9921424333873718,0.2193931022920578,LV,0.0,0
22,uc624028.1,uc624028,1,0.9932385072980295,0.2193931022920578,LV,0.0,0
22,uc605873.1,uc605873,1,0.9947366410035693,0.2193931022920578,LV,0.0,0
22,uc623007.1,uc623007,1,0.9941755813115679,0.2193931022920578,LV,0.0,0
22,uc606147.1,uc606147,1,0.9938306080016929,0.2193931022920578,LV,0.0,0
22,uc606148.1,uc606148,1,0.999093057097017,0.2193931022920578,LV,0.0,0
22,uc606150.1,uc606150,1,0.9973973238015993,0.2193931022920578,LV,0.0,0
22,uc606109.1,uc606109,1,0.992096124039979,0.2193931022920578,LV,0.0,0
22,uc606110.1,uc606110,1,0.9914736014695175,0.2193931022920578,LV,0.0,0
22,uc606111.1,uc606111,1,0.9934289681537335,0.2193931022920578,LV,0.0,0
22,uc622777.1,uc622777,1,1.000112158077459,0.2193931022920578,LV,0.0,0
22,uc623004.1,uc623004,1,0.9881070081534735,0.2193931022920578,LV,0.0,0
22,uc606103.1,uc606103,1,0.993992319922303,0.2193931022920578,LV,0.0,0
22,uc606139.1,uc606139,1,0.995202106401594,0.2193931022920578,LV,0.0,0
22,uc606141.1,uc606141,1,0.9925020887752852,0.2193931022920578,LV,0.0,0
22,uc606143.1,uc606143,1,0.9957743620692859,0.2193931022920578,LV,0.0,0
22,uc605921.1,uc605921,1,0.9938263602410602,0.2193931022920578,LV,0.0,0
22,uc622713.1,uc622713,1,0.9936422441227699,0.2193931022920578,LV,0.0,0
22,uc622714.1,uc622714,1,0.9935694853517232,0.2193931022920578,LV,0.0,0
22,uc605993.1,uc605993,1,0.9949406104907382,0.2193931022920578,LV,0.0,0
22,uc606101.1,uc606101,1,0.9922473531819093,0.2193931022920578,LV,0.0,0
22,uc606102.1,uc606102,1,0.9911599188887176,0.2193931022920578,LV,0.0,0
22,uc622273.1,uc622273,1,0.9947228189602959,0.2193931022920578,LV,0.0,0
22,uc622703.1,uc622703,1,0.9787947742743259,0.2193931022920578,LV,0.0,0
22,uc605989.1,uc605989,1,0.996238468262238,0.2193931022920578,LV,0.0,0
22,uc606130.1,uc606130,1,0.9960317386123745,0.2193931022920578,LV,0.0,0
22,uc606132.1,uc606132,1,0.9917176133829821,0.2193931022920578,LV,0.0,0
22,uc605914.1,uc605914,1,1.0019400842597619,0.2193931022920578,LV,0.0,0
22,uc622257.1,uc622257,1,0.9963828043736769,0.2193931022920578,LV,0.0,0
22,uc605909.1,uc605909,1,0.9967308843481115,0.2193931022920578,LV,0.0,0
22,uc605910.1,uc605910,1,0.9932078019085779,0.2193931022920578,LV,0.0,0
22,uc605911.1,uc605911,1,0.9938977784701117,0.2193931022920578,LV,0.0,0
22,uc606128.1,uc606128,1,0.9952068298927451,0.2193931022920578,LV,0.0,0
22,uc605823.1,uc605823,1,0.9884210743224281,0.2193931022920578,LV,0.0,0
22,uc605824.1,uc605824,1,0.9936948394520481,0.2193931022920578,LV,0.0,0
22,uc605904.1,uc605904,1,0.9936773731335373,0.2193931022920578,LV,0.0,0
22,uc621999.1,uc621999,1,0.9950976253956045,0.2193931022920578,LV,0.0,0
22,uc639553.1,uc639553,1,0.9920295531169151,0.2193931022920578,LV,0.0,0
22,uc1239552.1,uc1239552,1,0.9921665079725684,0.2193931022920578,LV,0.0,0
22,uc605817.1,uc605817,1,0.9940820928512003,0.2193931022920578,LV,0.0,0
22,uc605819.1,uc605819,1,0.9920739953868073,0.2193931022920578,LV,0.0,0
22,uc605820.1,uc605820,1,0.991986295757166,0.2193931022920578,LV,0.0,0
22,uc605821.1,uc605821,1,0.9891114157221245,0.2193931022920578,LV,0.0,0
22,uc639280.1,uc639280,1,0.9919986397577772,0.2193931022920578,LV,0.0,0
22,uc605898.1,uc605898,1,0.9940378859104616,0.2193931022920578,LV,0.0,0
22,uc605901.1,uc605901,1,0.9962833287160159,0.2193931022920578,LV,0.0,0
22,uc605902.1,uc605902,1,0.9916184926905791,0.2193931022920578,LV,0.0,0
22,uc605985.1,uc605985,1,0.99012143365671,0.2193931022920578,LV,0.0,0
22,uc606126.1,uc606126,1,0.9932185636592546,0.2193931022920578,LV,0.0,0
22,uc606127.1,uc606127,1,0.9921062480609514,0.2193931022920578,LV,0.0,0
22,uc605896.1,uc605896,1,0.985796693501979,0.2193931022920578,LV,0.0,0
22,uc606121.1,uc606121,1,0.9915987317951477,0.2193931022920578,LV,0.0,0
22,uc606122.1,uc606122,1,0.9891516410177991,0.2193931022920578,LV,0.0,0
22,uc606123.1,uc606123,1,0.9918373292505732,0.2193931022920578,LV,0.0,0
22,uc606124.1,uc606124,1,0.9963745810971587,0.2193931022920578,LV,0.0,0
22,uc605825.1,uc605825,1,0.9911144868332066,0.2193931022920578,LV,0.0,0
22,uc623427.1,uc623427,1,0.9918373421864556,0.2193931022920578,LV,0.0,0
22,uc609687.1,uc609687,1,0.9975428915676324,0.2193931022920578,LV,0.0,0
22,uc639277.1,uc639277,1,0.9892278016073526,0.2193931022920578,LV,0.0,0
22,uc1139390.1,uc1139390,1,0.9921300491323066,0.2193931022920578,LV,0.0,0
22,uc605863.1,uc605863,1,0.9888595481611385,0.2193931022920578,LV,0.0,0
22,uc605865.1,uc605865,1,0.9891355977310037,0.2193931022920578,LV,0.0,0
22,uc1138614.1,uc1138614,1,0.9913539952558497,0.2193931022920578,LV,0.0,0
22,uc605855.1,uc605855,1,0.9904487098773195,0.2193931022920578,LV,0.0,0
22,uc605828.1,uc605828,1,0.9882530120779418,0.2193931022920578,LV,0.0,0
22,uc605829.1,uc605829,1,0.9927925922851127,0.2193931022920578,LV,0.0,0
22,uc605834.1,uc605834,1,0.9855863062625521,0.2193931022920578,LV,0.0,0
22,uc605835.1,uc605835,1,0.9856522009249141,0.2193931022920578,LV,0.0,0
22,uc605827.1,uc605827,1,0.9881958217304354,0.2193931022920578,LV,0.0,0
22,uc627337.1,uc627337,1,0.9931312332614272,0.2193931022920578,LV,0.0,0
22,uc637912.1,uc637912,1,0.9928668478895121,0.2193931022920578,LV,0.0,0
22,uc637576.1,uc637576,1,0.9917374632479014,0.2193931022920578,LV,0.0,0
22,uc637356.1,uc637356,1,0.9946158158790463,0.2193931022920578,LV,0.0,0
22,uc637918.1,uc637918,1,0.9913648370033027,0.2193931022920578,LV,0.0,0
22,uc637360.1,uc637360,1,0.9917956131603981,0.2193931022920578,LV,0.0,0
22,uc637399.1,uc637399,1,0.9836183483162709,0.2193931022920578,LV,0.0,0
22,uc637397.1,uc637397,1,0.9887133351612846,0.2193931022920578,LV,0.0,0
22,uc1137150.1,uc1137150,1,0.9927556093212117,0.2193931022920578,LV,0.0,0
22,uc1636598.1,uc1636598,1,0.0,0.1270170592217177,LV,0.95,1
22,uc636933.1,uc636933,1,0.9949802821765367,0.2193931022920578,LV,0.0,0
22,uc635963.1,uc635963,1,0.9932061091814666,0.2193931022920578,LV,0.0,0
22,uc635543.1,uc635543,1,0.9921034731384114,0.2193931022920578,LV,0.0,0
22,uc635966.1,uc635966,1,0.9920957794123578,0.2193931022920578,LV,0.0,0
22,uc635550.1,uc635550,1,0.993798322901896,0.2193931022920578,LV,0.0,0
22,uc635862.1,uc635862,1,0.990727569235349,0.2193931022920578,LV,0.0,0
22,uc1635694.1,uc1635694,1,1.0015878072729387,0.2193931022920578,LV,0.0,0
22,uc3435739.1,uc3435739,1,0.990980962842972,0.2193931022920578,LV,0.0,0
22,uc1635060.1,uc1635060,1,0.9963314434766157,0.2193931022920578,LV,0.0,0
22,uc1607271.1,uc1607271,1,0.9974755661195532,0.2193931022920578,LV,0.0,0
22,uc605884.1,uc605884,1,0.9944495240291593,0.2193931022920578,LV,0.0,0
22,uc1609690.1,uc1609690,1,0.9988596331816423,0.2193931022920578,LV,0.0,0
22,uc1134165.1,uc1134165,1,0.9872651442194093,0.2193931022920578,LV,0.0,0
22,uc634166.1,uc634166,1,0.9959413711200804,0.2193931022920578,LV,0.0,0
22,uc1633896.1,uc1633896,1,0.9973811842409052,0.2193931022920578,LV,0.0,0
22,uc3433894.1,uc3433894,1,0.9928477448030246,0.2193931022920578,LV,0.0,0
22,uc1633892.1,uc1633892,1,0.998680200314264,0.2193931022920578,LV,0.0,0
22,uc633672.1,uc633672,1,0.9975732462803716,0.2193931022920578,LV,0.0,0
22,uc1633671.1,uc1633671,1,0.9910645991621512,0.2193931022920578,LV,0.0,0
22,uc1632306.1,uc1632306,1,0.9972182042353179,0.2193931022920578,LV,0.0,0
22,uc632607.1,uc632607,1,0.974139112548997,0.2193931022920578,LV,0.0,0
22,uc632613.1,uc632613,1,0.9925072367482031,0.2193931022920578,LV,0.0,0
22,uc3432407.1,uc3432407,1,0.9917815741201873,0.2193931022920578,LV,0.0,0
22,uc1632402.1,uc1632402,1,0.9888345014438136,0.2193931022920578,LV,0.0,0
22,uc1132019.1,uc1132019,1,0.9913552774871276,0.2193931022920578,LV,0.0,0
22,uc632016.1,uc632016,1,0.9955666749880181,0.2193931022920578,LV,0.0,0
22,uc1132015.1,uc1132015,1,0.9889262093592273,0.2193931022920578,LV,0.0,0
22,uc1132012.1,uc1132012,1,0.9944041164811391,0.2193931022920578,LV,0.0,0
22,uc631859.1,uc631859,1,0.9954644915195863,0.2193931022920578,LV,0.0,0
22,uc1631852.1,uc1631852,1,0.9948581944073795,0.2193931022920578,LV,0.0,0
22,uc1130761.1,uc1130761,1,0.9855986424268309,0.2193931022920578,LV,0.0,0
22,uc1630759.1,uc1630759,1,0.9879842084309025,0.2193931022920578,LV,0.0,0
22,uc630758.1,uc630758,1,0.9919971836525073,0.2193931022920578,LV,0.0,0
22,uc629428.1,uc629428,1,0.9955331943863382,0.2193931022920578,LV,0.0,0
22,uc1629639.1,uc1629639,1,0.9993159369843767,0.2193931022920578,LV,0.0,0
22,uc1229546.1,uc1229546,1,0.991554888533868,0.2193931022920578,LV,0.0,0
22,uc628768.1,uc628768,1,0.9935937996219755,0.2193931022920578,LV,0.0,0
22,uc628757.1,uc628757,1,0.998555771056048,0.2193931022920578,LV,0.0,0
22,uc628766.1,uc628766,1,0.9960417654179566,0.2193931022920578,LV,0.0,0
22,uc628753.1,uc628753,1,0.9995217977939793,0.2193931022920578,LV,0.0,0
22,uc627346.1,uc627346,1,0.996174974656905,0.2193931022920578,LV,0.0,0
22,uc1628760.1,uc1628760,1,0.9994072175235987,0.2193931022920578,LV,0.0,0
22,uc1629422.1,uc1629422,1,0.9927148153464893,0.2193931022920578,LV,0.0,0
22,uc626699.1,uc626699,1,0.9970932472867061,0.2193931022920578,LV,0.0,0
22,60651.2,60651,2,0.9955953088606008,13.336791218280357,MV,0.0,0
22,60721.2,60721,2,0.9955608892817375,13.336791218280357,MV,0.0,0
22,164151.2,164151,2,0.9958845341912852,13.336791218280357,MV,0.0,0
22,302191.2,302191,2,0.9927956793861894,13.336791218280357,MV,0.0,0
22,320841.2,320841,2,0.9942777815239799,13.336791218280357,MV,0.0,0
22,337711.2,337711,2,0.9928265384009203,13.336791218280357,MV,0.0,0
22,358691.2,358691,2,0.9990662343601775,13.336791218280357,MV,0.0,0
22,et6_1177.2,et6_1177,2,0.9942794014364722,0.2193931022920578,LV,0.0,0
22,461501.2,461501,2,0.9958030876538497,13.336791218280357,MV,0.0,0
22,686891.2,686891,2,0.9949593763421133,13.336791218280357,MV,0.0,0
22,703601.2,703601,2,0.9959845148301809,13.336791218280357,MV,0.0,0
22,713791.2,713791,2,0.9948289316458709,13.336791218280357,MV,0.0,0
22,725731.2,725731,2,0.9944701936118618,13.336791218280357,MV,0.0,0
22,809501.2,809501,2,0.9951359358621013,13.336791218280357,MV,0.0,0
22,811221.2,811221,2,0.9959024146434017,13.336791218280357,MV,0.0,0
22,815111.2,815111,2,0.9927921583036325,13.336791218280357,MV,0.0,0
22,822371.2,822371,2,0.9945949534320843,13.336791218280357,MV,0.0,0
22,820611.2,820611,2,0.9954348843086273,13.336791218280357,MV,0.0,0
22,822641.2,822641,2,0.9946598228246194,13.336791218280357,MV,0.0,0
22,618431.2,618431,2,0.9955955781925903,13.336791218280357,MV,0.0,0
22,bt10401.2,bt10401,2,0.9855128822394649,0.2193931022920578,LV,0.0,0
22,bt197792.2,bt197792,2,0.985141740212138,0.2193931022920578,LV,0.0,0
22,bt800551.2,bt800551,2,0.9851417402338482,0.2193931022920578,LV,0.0,0
22,bt295341.2,bt295341,2,0.9844457749037208,0.2193931022920578,LV,0.0,0
22,bt800541.2,bt800541,2,0.9847880231237273,0.2193931022920578,LV,0.0,0
22,bt295361.2,bt295361,2,0.9838951826528393,0.2193931022920578,LV,0.0,0
22,bt474991.2,bt474991,2,0.9837300686249495,0.2193931022920578,LV,0.0,0
22,uc1627323.2,uc1627323,2,0.9846039347036601,0.2193931022920578,LV,0.0,0
22,uc3405987.2,uc3405987,2,0.9874422814365683,0.2193931022920578,LV,0.0,0
22,uc3405846.2,uc3405846,2,0.989662846283894,0.2193931022920578,LV,0.0,0
22,uc3405847.2,uc3405847,2,0.9881371884813386,0.2193931022920578,LV,0.0,0
22,uc3405838.2,uc3405838,2,0.9864006670593167,0.2193931022920578,LV,0.0,0
22,uc1607326.2,uc1607326,2,0.9868059239627205,0.2193931022920578,LV,0.0,0
22,uc1607316.2,uc1607316,2,0.9845280810829528,0.2193931022920578,LV,0.0,0
22,uc1607308.2,uc1607308,2,0.9909161633986707,0.2193931022920578,LV,0.0,0
22,uc1623434.2,uc1623434,2,0.0,0.1270170592217177,LV,0.95,1
22,uc1620373.2,uc1620373,2,0.9915237157993844,0.2193931022920578,LV,0.0,0
22,uc1607302.2,uc1607302,2,0.9913494475282976,0.2193931022920578,LV,0.0,0
22,uc1607304.2,uc1607304,2,0.991235118420736,0.2193931022920578,LV,0.0,0
22,uc1607306.2,uc1607306,2,0.9903836336634784,0.2193931022920578,LV,0.0,0
22,uc1607299.2,uc1607299,2,0.9917571478476646,0.2193931022920578,LV,0.0,0
22,uc1607297.2,uc1607297,2,0.993549640060434,0.2193931022920578,LV,0.0,0
22,uc1607298.2,uc1607298,2,0.9919285725551077,0.2193931022920578,LV,0.0,0
22,uc1607289.2,uc1607289,2,0.9952562227256082,0.2193931022920578,LV,0.0,0
22,uc1607291.2,uc1607291,2,0.9931201878686263,0.2193931022920578,LV,0.0,0
22,uc1607292.2,uc1607292,2,0.9926127155803697,0.2193931022920578,LV,0.0,0
22,uc1607280.2,uc1607280,2,0.9901398106868992,0.2193931022920578,LV,0.0,0
22,uc1607284.2,uc1607284,2,0.9903565702278463,0.2193931022920578,LV,0.0,0
22,uc1607285.2,uc1607285,2,0.9902506644149948,0.2193931022920578,LV,0.0,0
22,uc1607288.2,uc1607288,2,0.9905126964736124,0.2193931022920578,LV,0.0,0
22,uc1607279.2,uc1607279,2,0.9911964711295586,0.2193931022920578,LV,0.0,0
22,uc1607355.2,uc1607355,2,0.9919837504600364,0.2193931022920578,LV,0.0,0
22,uc1607357.2,uc1607357,2,0.994699064489041,0.2193931022920578,LV,0.0,0
22,uc1607358.2,uc1607358,2,0.9925637399023012,0.2193931022920578,LV,0.0,0
22,uc1607368.2,uc1607368,2,0.0,0.1270170592217177,LV,0.95,1
22,uc1607276.2,uc1607276,2,0.9982939109758564,0.2193931022920578,LV,0.0,0
22,uc1607278.2,uc1607278,2,0.9990958230011896,0.2193931022920578,LV,0.0,0
22,uc1607273.2,uc1607273,2,0.9977688668870867,0.2193931022920578,LV,0.0,0
22,uc1607328.2,uc1607328,2,0.9863476643270567,0.2193931022920578,LV,0.0,0
22,uc1607347.2,uc1607347,2,0.9905668093689367,0.2193931022920578,LV,0.0,0
22,uc1607350.2,uc1607350,2,0.9923454273803298,0.2193931022920578,LV,0.0,0
22,uc1107341.2,uc1107341,2,0.9875045658197205,0.2193931022920578,LV,0.0,0
22,uc1107333.2,uc1107333,2,0.989124407149706,0.2193931022920578,LV,0.0,0
22,uc1607268.2,uc1607268,2,0.9976230294770202,0.2193931022920578,LV,0.0,0
22,uc1607252.2,uc1607252,2,0.9892267976487475,0.2193931022920578,LV,0.0,0
22,uc1606000.2,uc1606000,2,0.9901271163329447,0.2193931022920578,LV,0.0,0
22,uc1607255.2,uc1607255,2,0.9915151924804968,0.2193931022920578,LV,0.0,0
22,uc1607258.2,uc1607258,2,0.9892351908110931,0.2193931022920578,LV,0.0,0
22,uc1124041.2,uc1124041,2,0.9899651485372388,0.2193931022920578,LV,0.0,0
22,uc1124340.2,uc1124340,2,0.989872450293343,0.2193931022920578,LV,0.0,0
22,uc1121173.2,uc1121173,2,0.9892172875417421,0.2193931022920578,LV,0.0,0
22,uc1107345.2,uc1107345,2,0.9898522856139792,0.2193931022920578,LV,0.0,0
22,uc605816.2,uc605816,2,0.9873048259284003,0.2193931022920578,LV,0.0,0
22,uc605812.2,uc605812,2,0.9837659719965526,0.2193931022920578,LV,0.0,0
22,uc605813.2,uc605813,2,0.9940889240160208,0.2193931022920578,LV,0.0,0
22,uc609685.2,uc609685,2,0.9958634392787195,0.2193931022920578,LV,0.0,0
22,uc609688.2,uc609688,2,0.9907990167146039,0.2193931022920578,LV,0.0,0
22,uc621168.2,uc621168,2,0.9922192168263543,0.2193931022920578,LV,0.0,0
22,uc621171.2,uc621171,2,0.9915630397770203,0.2193931022920578,LV,0.0,0
22,uc605810.2,uc605810,2,0.994619603683944,0.2193931022920578,LV,0.0,0
22,uc605807.2,uc605807,2,0.9854915194104374,0.2193931022920578,LV,0.0,0
22,uc605801.2,uc605801,2,0.9904519746979777,0.2193931022920578,LV,0.0,0
22,uc607384.2,uc607384,2,0.9913937068251881,0.2193931022920578,LV,0.0,0
22,uc607385.2,uc607385,2,0.9880095969299917,0.2193931022920578,LV,0.0,0
22,uc609682.2,uc609682,2,0.9857225735128181,0.2193931022920578,LV,0.0,0
22,uc609683.2,uc609683,2,0.9944080752285922,0.2193931022920578,LV,0.0,0
22,uc607377.2,uc607377,2,0.9961446074120456,0.2193931022920578,LV,0.0,0
22,uc607382.2,uc607382,2,0.993328143864285,0.2193931022920578,LV,0.0,0
22,uc606117.2,uc606117,2,0.9932514391780565,0.2193931022920578,LV,0.0,0
22,uc606120.2,uc606120,2,0.9928528856457407,0.2193931022920578,LV,0.0,0
22,uc623433.2,uc623433,2,0.9852845021846316,0.2193931022920578,LV,0.0,0
22,uc623007.2,uc623007,2,0.9939575241540851,0.2193931022920578,LV,0.0,0
22,uc606147.2,uc606147,2,0.9904903555663691,0.2193931022920578,LV,0.0,0
22,uc606148.2,uc606148,2,0.9992990698320336,0.2193931022920578,LV,0.0,0
22,uc606150.2,uc606150,2,0.9973141772440779,0.2193931022920578,LV,0.0,0
22,uc606109.2,uc606109,2,0.9918355905843168,0.2193931022920578,LV,0.0,0
22,uc606110.2,uc606110,2,0.9912131052422581,0.2193931022920578,LV,0.0,0
22,uc606111.2,uc606111,2,0.993168661539594,0.2193931022920578,LV,0.0,0
22,uc622720.2,uc622720,2,0.9921035923751594,0.2193931022920578,LV,0.0,0
22,uc623004.2,uc623004,2,0.9866854299803793,0.2193931022920578,LV,0.0,0
22,uc606103.2,uc606103,2,0.9921026556011372,0.2193931022920578,LV,0.0,0
22,uc606139.2,uc606139,2,0.9905761142253171,0.2193931022920578,LV,0.0,0
22,uc606143.2,uc606143,2,0.9928007741320389,0.2193931022920578,LV,0.0,0
22,uc605921.2,uc605921,2,0.9929695005750276,0.2193931022920578,LV,0.0,0
22,uc605915.2,uc605915,2,0.9919642430021628,0.2193931022920578,LV,0.0,0
22,uc606101.2,uc606101,2,0.9932265502533046,0.2193931022920578,LV,0.0,0
22,uc622273.2,uc622273,2,0.9917484595717726,0.2193931022920578,LV,0.0,0
22,uc605990.2,uc605990,2,0.9844456097171405,0.2193931022920578,LV,0.0,0
22,uc606130.2,uc606130,2,0.9946299593285033,0.2193931022920578,LV,0.0,0
22,uc606132.2,uc606132,2,0.9914686670903402,0.2193931022920578,LV,0.0,0
22,uc622258.2,uc622258,2,0.9948676025619839,0.2193931022920578,LV,0.0,0
22,uc622270.2,uc622270,2,0.9977190370009971,0.2193931022920578,LV,0.0,0
22,uc605905.2,uc605905,2,0.9909398214183428,0.2193931022920578,LV,0.0,0
22,uc605909.2,uc605909,2,0.9960739554658233,0.2193931022920578,LV,0.0,0
22,uc605910.2,uc605910,2,0.9929444970204917,0.2193931022920578,LV,0.0,0
22,uc605911.2,uc605911,2,0.9936346528119502,0.2193931022920578,LV,0.0,0
22,uc606128.2,uc606128,2,0.9935926160460163,0.2193931022920578,LV,0.0,0
22,uc605904.2,uc605904,2,0.9910151709285332,0.2193931022920578,LV,0.0,0
22,uc1239552.2,uc1239552,2,0.9919120211224338,0.2193931022920578,LV,0.0,0
22,uc605817.2,uc605817,2,0.9934163900879214,0.2193931022920578,LV,0.0,0
22,uc605819.2,uc605819,2,0.9909266245565574,0.2193931022920578,LV,0.0,0
22,uc605820.2,uc605820,2,0.9863543139346211,0.2193931022920578,LV,0.0,0
22,uc605821.2,uc605821,2,0.9879894227960677,0.2193931022920578,LV,0.0,0
22,uc605822.2,uc605822,2,0.9862206549169835,0.2193931022920578,LV,0.0,0
22,uc639280.2,uc639280,2,0.9917908963749507,0.2193931022920578,LV,0.0,0
22,uc605898.2,uc605898,2,0.994937735848827,0.2193931022920578,LV,0.0,0
22,uc605902.2,uc605902,2,0.9913655455629609,0.2193931022920578,LV,0.0,0
22,uc605982.2,uc605982,2,0.9853856291179569,0.2193931022920578,LV,0.0,0
22,uc605988.2,uc605988,2,0.983817299077512,0.2193931022920578,LV,0.0,0
22,uc606126.2,uc606126,2,0.9929723326804427,0.2193931022920578,LV,0.0,0
22,uc606127.2,uc606127,2,0.991859734689711,0.2193931022920578,LV,0.0,0
22,uc605896.2,uc605896,2,0.9860335562785603,0.2193931022920578,LV,0.0,0
22,uc606121.2,uc606121,2,0.9913374007542604,0.2193931022920578,LV,0.0,0
22,uc606122.2,uc606122,2,0.9888894018576225,0.2193931022920578,LV,0.0,0
22,uc606123.2,uc606123,2,0.9915880826066497,0.2193931022920578,LV,0.0,0
22,uc622709.2,uc622709,2,0.9923279461890157,0.2193931022920578,LV,0.0,0
22,uc639277.2,uc639277,2,0.9881057544028327,0.2193931022920578,LV,0.0,0
22,uc1139390.2,uc1139390,2,0.9918755716321954,0.2193931022920578,LV,0.0,0
22,uc605864.2,uc605864,2,0.9880603137040614,0.2193931022920578,LV,0.0,0
22,uc605865.2,uc605865,2,0.9877177980528162,0.2193931022920578,LV,0.0,0
22,uc638617.2,uc638617,2,0.9873480219854999,0.2193931022920578,LV,0.0,0
22,uc605855.2,uc605855,2,0.9871171832032029,0.2193931022920578,LV,0.0,0
22,uc1638606.2,uc1638606,2,0.9959716383722851,0.2193931022920578,LV,0.0,0
22,uc1638954.2,uc1638954,2,0.997490691675085,0.2193931022920578,LV,0.0,0
22,uc605836.2,uc605836,2,0.9768841151841515,0.2193931022920578,LV,0.0,0
22,uc1607303.2,uc1607303,2,0.9922061019997541,0.2193931022920578,LV,0.0,0
22,uc637705.2,uc637705,2,0.989366864100737,0.2193931022920578,LV,0.0,0
22,uc1637704.2,uc1637704,2,1.002129516375146,0.2193931022920578,LV,0.0,0
22,uc637576.2,uc637576,2,0.9914882286958937,0.2193931022920578,LV,0.0,0
22,uc637918.2,uc637918,2,0.991157147768141,0.2193931022920578,LV,0.0,0
22,uc637360.2,uc637360,2,0.9915349911788703,0.2193931022920578,LV,0.0,0
22,uc637397.2,uc637397,2,0.9884074833234189,0.2193931022920578,LV,0.0,0
22,uc636933.2,uc636933,2,0.9903533297208325,0.2193931022920578,LV,0.0,0
22,uc605908.2,uc605908,2,0.9967962410961816,0.2193931022920578,LV,0.0,0
22,uc635963.2,uc635963,2,0.9929457828186883,0.2193931022920578,LV,0.0,0
22,uc635543.2,uc635543,2,0.9918429015813655,0.2193931022920578,LV,0.0,0
22,uc635966.2,uc635966,2,0.991835208762482,0.2193931022920578,LV,0.0,0
22,uc627328.2,uc627328,2,0.9835465987918802,0.2193931022920578,LV,0.0,0
22,uc635550.2,uc635550,2,0.9935531728699794,0.2193931022920578,LV,0.0,0
22,uc635862.2,uc635862,2,0.9904227494255461,0.2193931022920578,LV,0.0,0
22,uc3435739.2,uc3435739,2,0.9872729633704563,0.2193931022920578,LV,0.0,0
22,uc634166.2,uc634166,2,0.9947635334841765,0.2193931022920578,LV,0.0,0
22,uc1633671.2,uc1633671,2,0.9935569865756647,0.2193931022920578,LV,0.0,0
22,uc633056.2,uc633056,2,0.994297638261897,0.2193931022920578,LV,0.0,0
22,uc632607.2,uc632607,2,0.9738255879421059,0.2193931022920578,LV,0.0,0
22,uc1632402.2,uc1632402,2,0.9908204792987582,0.2193931022920578,LV,0.0,0
22,uc1131858.2,uc1131858,2,0.9876009627491136,0.2193931022920578,LV,0.0,0
22,uc631391.2,uc631391,2,0.9798370669732283,0.2193931022920578,LV,0.0,0
22,uc1630759.2,uc1630759,2,0.989923568058441,0.2193931022920578,LV,0.0,0
22,uc630758.2,uc630758,2,0.9873156475430961,0.2193931022920578,LV,0.0,0
22,uc630753.2,uc630753,2,0.9878836481950223,0.2193931022920578,LV,0.0,0
22,uc628766.2,uc628766,2,0.9946399990637965,0.2193931022920578,LV,0.0,0
22,uc627346.2,uc627346,2,0.9955010945489676,0.2193931022920578,LV,0.0,0
22,uc1629422.2,uc1629422,2,0.9907797271096442,0.2193931022920578,LV,0.0,0
22,60651.3,60651,3,0.9955811302414518,13.336791218280357,MV,0.0,0
22,60721.3,60721,3,0.9955467092716833,13.336791218280357,MV,0.0,0
22,164151.3,164151,3,0.9958703778228722,13.336791218280357,MV,0.0,0
22,302191.3,302191,3,0.992766727721157,13.336791218280357,MV,0.0,0
22,320841.3,320841,3,0.9942427431340425,13.336791218280357,MV,0.0,0
22,337711.3,337711,3,0.992797592319751,13.336791218280357,MV,0.0,0
22,358691.3,358691,3,0.9989884314145598,13.336791218280357,MV,0.0,0
22,et6_1177.3,et6_1177,3,0.9934874630817934,0.2193931022920578,LV,0.0,0
22,461501.3,461501,3,0.9957586033368742,13.336791218280357,MV,0.0,0
22,686891.3,686891,3,0.9949293758905847,13.336791218280357,MV,0.0,0
22,703601.3,703601,3,0.995971067720312,13.336791218280357,MV,0.0,0
22,713791.3,713791,3,0.9947945908006772,13.336791218280357,MV,0.0,0
22,725731.3,725731,3,0.99443514364123,13.336791218280357,MV,0.0,0
22,809501.3,809501,3,0.9951080005547241,13.336791218280357,MV,0.0,0
22,811221.3,811221,3,0.9958883773409827,13.336791218280357,MV,0.0,0
22,815111.3,815111,3,0.9927632059814538,13.336791218280357,MV,0.0,0
22,822371.3,822371,3,0.9945599448940791,13.336791218280357,MV,0.0,0
22,820611.3,820611,3,0.9954159518610474,13.336791218280357,MV,0.0,0
22,822641.3,822641,3,0.9946208962376378,13.336791218280357,MV,0.0,0
22,618431.3,618431,3,0.9955813995903354,13.336791218280357,MV,0.0,0
22,bt10401.3,bt10401,3,0.9902683250545139,0.2193931022920578,LV,0.0,0
22,bt197792.3,bt197792,3,0.9898968916606484,0.2193931022920578,LV,0.0,0
22,bt800551.3,bt800551,3,0.9899615114851453,0.2193931022920578,LV,0.0,0
22,bt295341.3,bt295341,3,0.9898085069550402,0.2193931022920578,LV,0.0,0
22,bt800541.3,bt800541,3,0.9898454977885985,0.2193931022920578,LV,0.0,0
22,bt295361.3,bt295361,3,0.989808507636218,0.2193931022920578,LV,0.0,0
22,bt474991.3,bt474991,3,0.9898085081021119,0.2193931022920578,LV,0.0,0
22,uc627336.3,uc627336,3,0.9939935107838704,0.2193931022920578,LV,0.0,0
22,uc1620373.3,uc1620373,3,0.9925845732995673,0.2193931022920578,LV,0.0,0
22,uc1607302.3,uc1607302,3,0.9923730849309336,0.2193931022920578,LV,0.0,0
22,uc1607304.3,uc1607304,3,0.9922943437497431,0.2193931022920578,LV,0.0,0
22,uc1607298.3,uc1607298,3,0.9932649525349472,0.2193931022920578,LV,0.0,0
22,uc1607280.3,uc1607280,3,0.9910451958901507,0.2193931022920578,LV,0.0,0
22,uc1607285.3,uc1607285,3,0.9921274037046784,0.2193931022920578,LV,0.0,0
22,uc1607279.3,uc1607279,3,0.9921023539837412,0.2193931022920578,LV,0.0,0
22,uc1607347.3,uc1607347,3,0.991627173711478,0.2193931022920578,LV,0.0,0
22,uc1124340.3,uc1124340,3,0.9919688487013705,0.2193931022920578,LV,0.0,0
22,uc605816.3,uc605816,3,0.988553406717572,0.2193931022920578,LV,0.0,0
22,uc605815.3,uc605815,3,0.9901494485354255,0.2193931022920578,LV,0.0,0
22,uc621171.3,uc621171,3,0.9921869045535908,0.2193931022920578,LV,0.0,0
22,uc607384.3,uc607384,3,0.9920209824112891,0.2193931022920578,LV,0.0,0
22,uc606117.3,uc606117,3,0.9938760541001294,0.2193931022920578,LV,0.0,0
22,uc606120.3,uc606120,3,0.9934773334272252,0.2193931022920578,LV,0.0,0
22,uc623007.3,uc623007,3,0.9931654878357592,0.2193931022920578,LV,0.0,0
22,uc605867.3,uc605867,3,0.9901241817664151,0.2193931022920578,LV,0.0,0
22,uc606150.3,uc606150,3,0.9974626133214113,0.2193931022920578,LV,0.0,0
22,uc606109.3,uc606109,3,0.992459582744902,0.2193931022920578,LV,0.0,0
22,uc606110.3,uc606110,3,0.9918368839625936,0.2193931022920578,LV,0.0,0
22,uc606111.3,uc606111,3,0.9937932356673064,0.2193931022920578,LV,0.0,0
22,uc622722.3,uc622722,3,0.9905615941513211,0.2193931022920578,LV,0.0,0
22,uc623004.3,uc623004,3,0.9895210050861284,0.2193931022920578,LV,0.0,0
22,uc606101.3,uc606101,3,0.9938412012377925,0.2193931022920578,LV,0.0,0
22,uc606132.3,uc606132,3,0.992100766924777,0.2193931022920578,LV,0.0,0
22,uc605910.3,uc605910,3,0.9935647560415208,0.2193931022920578,LV,0.0,0
22,uc605911.3,uc605911,3,0.9942552388771715,0.2193931022920578,LV,0.0,0
22,uc605904.3,uc605904,3,0.994008033128899,0.2193931022920578,LV,0.0,0
22,uc1239552.3,uc1239552,3,0.9929731877902838,0.2193931022920578,LV,0.0,0
22,uc605821.3,uc605821,3,0.9908909046124142,0.2193931022920578,LV,0.0,0
22,uc639280.3,uc639280,3,0.9925619864060663,0.2193931022920578,LV,0.0,0
22,uc605898.3,uc605898,3,0.9941756251125964,0.2193931022920578,LV,0.0,0
22,uc605902.3,uc605902,3,0.9919286824872167,0.2193931022920578,LV,0.0,0
22,uc606126.3,uc606126,3,0.9936054169193338,0.2193931022920578,LV,0.0,0
22,uc606127.3,uc606127,3,0.9924922902811193,0.2193931022920578,LV,0.0,0
22,uc606121.3,uc606121,3,0.9919604582650284,0.2193931022920578,LV,0.0,0
22,uc606122.3,uc606122,3,0.9895107943286575,0.2193931022920578,LV,0.0,0
22,uc639277.3,uc639277,3,0.991007337546991,0.2193931022920578,LV,0.0,0
22,uc1139390.3,uc1139390,3,0.9929366993046972,0.2193931022920578,LV,0.0,0
22,uc637576.3,uc637576,3,0.9921188668629193,0.2193931022920578,LV,0.0,0
22,uc637918.3,uc637918,3,0.9919279916567577,0.2193931022920578,LV,0.0,0
22,uc637360.3,uc637360,3,0.9921587168690058,0.2193931022920578,LV,0.0,0
22,uc637397.3,uc637397,3,0.9896522353794198,0.2193931022920578,LV,0.0,0
22,uc635963.3,uc635963,3,0.9935702764055172,0.2193931022920578,LV,0.0,0
22,uc635543.3,uc635543,3,0.9924668814787713,0.2193931022920578,LV,0.0,0
22,uc635966.3,uc635966,3,0.9924591862190714,0.2193931022920578,LV,0.0,0
22,uc635550.3,uc635550,3,0.9941873767928524,0.2193931022920578,LV,0.0,0
22,uc635862.3,uc635862,3,0.9902907809116178,0.2193931022920578,LV,0.0,0
22,uc1633671.3,uc1633671,3,0.9936540384237104,0.2193931022920578,LV,0.0,0
22,uc632607.3,uc632607,3,0.975065136070609,0.2193931022920578,LV,0.0,0
22,uc1629422.3,uc1629422,3,0.9935762800846372,0.2193931022920578,LV,0.0,0
23,60651.1,60651,1,0.9951288525480695,13.336791218280357,MV,0.0,0
23,60721.1,60721,1,0.9950956775842729,13.336791218280357,MV,0.0,0
23,164151.1,164151,1,0.9954074481996935,13.336791218280357,MV,0.0,0
23,302191.1,302191,1,0.9919299172343972,13.336791218280357,MV,0.0,0
23,320841.1,320841,1,0.9937430888114731,13.336791218280357,MV,0.0,0
23,337711.1,337711,1,0.9919595080567325,13.336791218280357,MV,0.0,0
23,358691.1,358691,1,0.9988193818508271,13.336791218280357,MV,0.0,0
23,et6_1177.1,et6_1177,1,0.9947827733269461,0.2193931022920578,LV,0.0,0
23,461501.1,461501,1,0.9952363853933168,13.336791218280357,MV,0.0,0
23,686891.1,686891,1,0.9944156567492954,13.336791218280357,MV,0.0,0
23,703601.1,703601,1,0.9955101020059325,13.336791218280357,MV,0.0,0
23,713791.1,713791,1,0.9942722698580443,13.336791218280357,MV,0.0,0
23,725731.1,725731,1,0.993928889849034,13.336791218280357,MV,0.0,0
23,809501.1,809501,1,0.9945891304823102,13.336791218280357,MV,0.0,0
23,811221.1,811221,1,0.9954256928862036,13.336791218280357,MV,0.0,0
23,815111.1,815111,1,0.9919266214003054,13.336791218280357,MV,0.0,0
23,822371.1,822371,1,0.994047743608562,13.336791218280357,MV,0.0,0
23,820611.1,820611,1,0.9949405294765957,13.336791218280357,MV,0.0,0
23,822641.1,822641,1,0.9941016637261211,13.336791218280357,MV,0.0,0
23,618431.1,618431,1,0.9951291126615924,13.336791218280357,MV,0.0,0
23,bt10401.1,bt10401,1,0.9857950149639702,0.2193931022920578,LV,0.0,0
23,bt197792.1,bt197792,1,0.9848481460885109,0.2193931022920578,LV,0.0,0
23,bt800551.1,bt800551,1,0.9849977625268345,0.2193931022920578,LV,0.0,0
23,bt295341.1,bt295341,1,0.9837781977144409,0.2193931022920578,LV,0.0,0
23,bt800541.1,bt800541,1,0.9843535078363883,0.2193931022920578,LV,0.0,0
23,bt295361.1,bt295361,1,0.9832316721850501,0.2193931022920578,LV,0.0,0
23,bt474991.1,bt474991,1,0.9828012946944604,0.2193931022920578,LV,0.0,0
23,uc626695.1,uc626695,1,0.9794270381707371,0.2193931022920578,LV,0.0,0
23,uc1627323.1,uc1627323,1,0.9912177794843428,0.2193931022920578,LV,0.0,0
23,uc1627342.1,uc1627342,1,0.9988560591413583,0.2193931022920578,LV,0.0,0
23,uc627343.1,uc627343,1,0.9956685685614903,0.2193931022920578,LV,0.0,0
23,uc627344.1,uc627344,1,0.9966406593002388,0.2193931022920578,LV,0.0,0
23,uc1626672.1,uc1626672,1,0.0,0.1270170592217177,LV,0.95,1
23,uc1626490.1,uc1626490,1,0.9925933438120409,0.2193931022920578,LV,0.0,0
23,uc3422706.1,uc3422706,1,0.9947237865857883,0.2193931022920578,LV,0.0,0
23,uc3425629.1,uc3425629,1,0.9947807508447432,0.2193931022920578,LV,0.0,0
23,uc3422597.1,uc3422597,1,0.992408373156647,0.2193931022920578,LV,0.0,0
23,uc3405843.1,uc3405843,1,0.9928236222956063,0.2193931022920578,LV,0.0,0
23,uc3405844.1,uc3405844,1,0.9926496811971967,0.2193931022920578,LV,0.0,0
23,uc3405845.1,uc3405845,1,0.99260808425608,0.2193931022920578,LV,0.0,0
23,uc3405846.1,uc3405846,1,0.9930187969121321,0.2193931022920578,LV,0.0,0
23,uc1626486.1,uc1626486,1,0.9989089971413071,0.2193931022920578,LV,0.0,0
23,uc1626487.1,uc1626487,1,0.9927759476821193,0.2193931022920578,LV,0.0,0
23,uc626481.1,uc626481,1,0.994249026551453,0.2193931022920578,LV,0.0,0
23,uc626678.1,uc626678,1,0.9910526144292084,0.2193931022920578,LV,0.0,0
23,uc626698.1,uc626698,1,0.9959432800272457,0.2193931022920578,LV,0.0,0
23,uc626476.1,uc626476,1,0.9886548286985862,0.2193931022920578,LV,0.0,0
23,uc1627321.1,uc1627321,1,0.9985860838235572,0.2193931022920578,LV,0.0,0
23,uc1607319.1,uc1607319,1,0.9913437491285619,0.2193931022920578,LV,0.0,0
23,uc1607308.1,uc1607308,1,0.9929820428029544,0.2193931022920578,LV,0.0,0
23,uc1624026.1,uc1624026,1,0.0,0.1270170592217177,LV,0.95,1
23,uc1625170.1,uc1625170,1,0.9964827303651169,0.2193931022920578,LV,0.0,0
23,uc1621994.1,uc1621994,1,0.9985564271432011,0.2193931022920578,LV,0.0,0
23,uc1620360.1,uc1620360,1,0.9983111919652586,0.2193931022920578,LV,0.0,0
23,uc1620373.1,uc1620373,1,0.9922054656172132,0.2193931022920578,LV,0.0,0
23,uc1607302.1,uc1607302,1,0.9920351748073539,0.2193931022920578,LV,0.0,0
23,uc1607304.1,uc1607304,1,0.9908431586506324,0.2193931022920578,LV,0.0,0
23,uc1607305.1,uc1607305,1,0.9904160208128486,0.2193931022920578,LV,0.0,0
23,uc1607306.1,uc1607306,1,0.9924806951635511,0.2193931022920578,LV,0.0,0
23,uc1607297.1,uc1607297,1,0.9953975181927204,0.2193931022920578,LV,0.0,0
23,uc1607298.1,uc1607298,1,0.99288172507511,0.2193931022920578,LV,0.0,0
23,uc1607289.1,uc1607289,1,0.996224773268554,0.2193931022920578,LV,0.0,0
23,uc1607290.1,uc1607290,1,0.9963026604849274,0.2193931022920578,LV,0.0,0
23,uc1607291.1,uc1607291,1,0.9954900795825852,0.2193931022920578,LV,0.0,0
23,uc1607280.1,uc1607280,1,0.9908834414954076,0.2193931022920578,LV,0.0,0
23,uc1607283.1,uc1607283,1,0.9879778355221724,0.2193931022920578,LV,0.0,0
23,uc1607285.1,uc1607285,1,0.9896171047504588,0.2193931022920578,LV,0.0,0
23,uc1607287.1,uc1607287,1,0.9918918189657947,0.2193931022920578,LV,0.0,0
23,uc1607288.1,uc1607288,1,0.99294276431058,0.2193931022920578,LV,0.0,0
23,uc1607279.1,uc1607279,1,0.9918778871407771,0.2193931022920578,LV,0.0,0
23,uc1607357.1,uc1607357,1,0.9955599603929197,0.2193931022920578,LV,0.0,0
23,uc1607358.1,uc1607358,1,0.9950074514494893,0.2193931022920578,LV,0.0,0
23,uc1607368.1,uc1607368,1,0.0,0.1270170592217177,LV,0.95,1
23,uc1607277.1,uc1607277,1,0.9970886799712994,0.2193931022920578,LV,0.0,0
23,uc1607278.1,uc1607278,1,1.0009544785733069,0.2193931022920578,LV,0.0,0
23,uc1607272.1,uc1607272,1,0.9922383329805298,0.2193931022920578,LV,0.0,0
23,uc1607273.1,uc1607273,1,1.0008881397455105,0.2193931022920578,LV,0.0,0
23,uc1607353.1,uc1607353,1,0.9955014142565226,0.2193931022920578,LV,0.0,0
23,uc1607347.1,uc1607347,1,0.9913032214125763,0.2193931022920578,LV,0.0,0
23,uc1607349.1,uc1607349,1,0.995628663096667,0.2193931022920578,LV,0.0,0
23,uc1107342.1,uc1107342,1,0.989890038052246,0.2193931022920578,LV,0.0,0
23,uc1107340.1,uc1107340,1,0.9880206120808126,0.2193931022920578,LV,0.0,0
23,uc1105833.1,uc1105833,1,0.9937541269443767,0.2193931022920578,LV,0.0,0
23,uc1107330.1,uc1107330,1,0.9874640451785179,0.2193931022920578,LV,0.0,0
23,uc1607265.1,uc1607265,1,0.9889291400524838,0.2193931022920578,LV,0.0,0
23,uc1607268.1,uc1607268,1,0.9983114052803393,0.2193931022920578,LV,0.0,0
23,uc1607252.1,uc1607252,1,0.9929314681013788,0.2193931022920578,LV,0.0,0
23,uc1605991.1,uc1605991,1,0.9943296998533434,0.2193931022920578,LV,0.0,0
23,uc1605996.1,uc1605996,1,0.9925790720320027,0.2193931022920578,LV,0.0,0
23,uc1607257.1,uc1607257,1,0.9946228365891074,0.2193931022920578,LV,0.0,0
23,uc1607258.1,uc1607258,1,0.9929393420711944,0.2193931022920578,LV,0.0,0
23,uc1124340.1,uc1124340,1,0.990373724366914,0.2193931022920578,LV,0.0,0
23,uc605816.1,uc605816,1,0.9882846020157529,0.2193931022920578,LV,0.0,0
23,uc605813.1,uc605813,1,0.9944008758674165,0.2193931022920578,LV,0.0,0
23,uc609684.1,uc609684,1,0.9971154533085937,0.2193931022920578,LV,0.0,0
23,uc609686.1,uc609686,1,0.9974580861064658,0.2193931022920578,LV,0.0,0
23,uc609688.1,uc609688,1,0.9925304662302195,0.2193931022920578,LV,0.0,0
23,uc621168.1,uc621168,1,0.9948800119140557,0.2193931022920578,LV,0.0,0
23,uc621171.1,uc621171,1,0.9922456875916771,0.2193931022920578,LV,0.0,0
23,uc605808.1,uc605808,1,0.9977310960844237,0.2193931022920578,LV,0.0,0
23,uc605809.1,uc605809,1,0.9848100387149789,0.2193931022920578,LV,0.0,0
23,uc605810.1,uc605810,1,0.9961303129890193,0.2193931022920578,LV,0.0,0
23,uc605970.1,uc605970,1,0.9943971281987979,0.2193931022920578,LV,0.0,0
23,uc605803.1,uc605803,1,0.9948468745390253,0.2193931022920578,LV,0.0,0
23,uc605804.1,uc605804,1,0.9962355580447525,0.2193931022920578,LV,0.0,0
23,uc605806.1,uc605806,1,0.9936859119240353,0.2193931022920578,LV,0.0,0
23,uc607384.1,uc607384,1,0.9920835861969544,0.2193931022920578,LV,0.0,0
23,uc607387.1,uc607387,1,0.9941339534793093,0.2193931022920578,LV,0.0,0
23,uc609682.1,uc609682,1,0.9898082448096801,0.2193931022920578,LV,0.0,0
23,uc624033.1,uc624033,1,0.9989349995953837,0.2193931022920578,LV,0.0,0
23,uc625156.1,uc625156,1,0.9948730674910548,0.2193931022920578,LV,0.0,0
23,uc625624.1,uc625624,1,0.989809101787463,0.2193931022920578,LV,0.0,0
23,uc625625.1,uc625625,1,0.9973370298242367,0.2193931022920578,LV,0.0,0
23,uc607366.1,uc607366,1,0.9847789595125495,0.2193931022920578,LV,0.0,0
23,uc607367.1,uc607367,1,0.995972850489624,0.2193931022920578,LV,0.0,0
23,uc606114.1,uc606114,1,0.9940562762405033,0.2193931022920578,LV,0.0,0
23,uc606117.1,uc606117,1,0.9938347363826195,0.2193931022920578,LV,0.0,0
23,uc606120.1,uc606120,1,0.9934616225710875,0.2193931022920578,LV,0.0,0
23,uc623015.1,uc623015,1,0.9834443032787423,0.2193931022920578,LV,0.0,0
23,uc623432.1,uc623432,1,0.9927127010063458,0.2193931022920578,LV,0.0,0
23,uc624028.1,uc624028,1,0.9937461070136862,0.2193931022920578,LV,0.0,0
23,uc605873.1,uc605873,1,0.9951620965642152,0.2193931022920578,LV,0.0,0
23,uc623007.1,uc623007,1,0.9944798942389543,0.2193931022920578,LV,0.0,0
23,uc606147.1,uc606147,1,0.9943300545050687,0.2193931022920578,LV,0.0,0
23,uc606148.1,uc606148,1,0.9992633089899614,0.2193931022920578,LV,0.0,0
23,uc606150.1,uc606150,1,0.9975375761781032,0.2193931022920578,LV,0.0,0
23,uc606109.1,uc606109,1,0.9925044743005597,0.2193931022920578,LV,0.0,0
23,uc606110.1,uc606110,1,0.9919186050951294,0.2193931022920578,LV,0.0,0
23,uc606111.1,uc606111,1,0.9937573152583862,0.2193931022920578,LV,0.0,0
23,uc622777.1,uc622777,1,1.000245601196058,0.2193931022920578,LV,0.0,0
23,uc623004.1,uc623004,1,0.9887553388892202,0.2193931022920578,LV,0.0,0
23,uc606103.1,uc606103,1,0.9944556954263057,0.2193931022920578,LV,0.0,0
23,uc606139.1,uc606139,1,0.9956147477033084,0.2193931022920578,LV,0.0,0
23,uc606141.1,uc606141,1,0.9930775651742699,0.2193931022920578,LV,0.0,0
23,uc606143.1,uc606143,1,0.9961572432048893,0.2193931022920578,LV,0.0,0
23,uc605921.1,uc605921,1,0.9943085125844372,0.2193931022920578,LV,0.0,0
23,uc622713.1,uc622713,1,0.9939722202514698,0.2193931022920578,LV,0.0,0
23,uc622714.1,uc622714,1,0.9940795887277212,0.2193931022920578,LV,0.0,0
23,uc605993.1,uc605993,1,0.9953487633233027,0.2193931022920578,LV,0.0,0
23,uc606101.1,uc606101,1,0.9926056289384828,0.2193931022920578,LV,0.0,0
23,uc606102.1,uc606102,1,0.9915266028912886,0.2193931022920578,LV,0.0,0
23,uc622273.1,uc622273,1,0.9951675915134596,0.2193931022920578,LV,0.0,0
23,uc622703.1,uc622703,1,0.9795003092575745,0.2193931022920578,LV,0.0,0
23,uc605989.1,uc605989,1,0.9965835171820702,0.2193931022920578,LV,0.0,0
23,uc606130.1,uc606130,1,0.9963759379838598,0.2193931022920578,LV,0.0,0
23,uc606132.1,uc606132,1,0.992152698274622,0.2193931022920578,LV,0.0,0
23,uc605914.1,uc605914,1,1.0019774893658122,0.2193931022920578,LV,0.0,0
23,uc622257.1,uc622257,1,0.9967053362848513,0.2193931022920578,LV,0.0,0
23,uc605909.1,uc605909,1,0.9970329561161663,0.2193931022920578,LV,0.0,0
23,uc605910.1,uc605910,1,0.993556449130387,0.2193931022920578,LV,0.0,0
23,uc605911.1,uc605911,1,0.994204200740384,0.2193931022920578,LV,0.0,0
23,uc606128.1,uc606128,1,0.9955987256645775,0.2193931022920578,LV,0.0,0
23,uc605823.1,uc605823,1,0.9890498775825525,0.2193931022920578,LV,0.0,0
23,uc605824.1,uc605824,1,0.9941818810026798,0.2193931022920578,LV,0.0,0
23,uc605904.1,uc605904,1,0.9940017961324425,0.2193931022920578,LV,0.0,0
23,uc621999.1,uc621999,1,0.9955067234902125,0.2193931022920578,LV,0.0,0
23,uc639553.1,uc639553,1,0.9924436511627883,0.2193931022920578,LV,0.0,0
23,uc1239552.1,uc1239552,1,0.9925713761134293,0.2193931022920578,LV,0.0,0
23,uc605817.1,uc605817,1,0.9945472016605388,0.2193931022920578,LV,0.0,0
23,uc605819.1,uc605819,1,0.9926504105909099,0.2193931022920578,LV,0.0,0
23,uc605820.1,uc605820,1,0.9925751721080243,0.2193931022920578,LV,0.0,0
23,uc605821.1,uc605821,1,0.9896995720581376,0.2193931022920578,LV,0.0,0
23,uc639280.1,uc639280,1,0.9924271642748322,0.2193931022920578,LV,0.0,0
23,uc605898.1,uc605898,1,0.9943445671633029,0.2193931022920578,LV,0.0,0
23,uc605901.1,uc605901,1,0.9966156318554118,0.2193931022920578,LV,0.0,0
23,uc605902.1,uc605902,1,0.9920639312849073,0.2193931022920578,LV,0.0,0
23,uc605985.1,uc605985,1,0.9906512382797402,0.2193931022920578,LV,0.0,0
23,uc606126.1,uc606126,1,0.9935663665769344,0.2193931022920578,LV,0.0,0
23,uc606127.1,uc606127,1,0.9925168374157531,0.2193931022920578,LV,0.0,0
23,uc605896.1,uc605896,1,0.9863308551589421,0.2193931022920578,LV,0.0,0
23,uc606121.1,uc606121,1,0.9920399896809448,0.2193931022920578,LV,0.0,0
23,uc606122.1,uc606122,1,0.989735823636705,0.2193931022920578,LV,0.0,0
23,uc606123.1,uc606123,1,0.9922654976183599,0.2193931022920578,LV,0.0,0
23,uc606124.1,uc606124,1,0.9966956725850015,0.2193931022920578,LV,0.0,0
23,uc605825.1,uc605825,1,0.9917510376185943,0.2193931022920578,LV,0.0,0
23,uc623427.1,uc623427,1,0.9922655105598295,0.2193931022920578,LV,0.0,0
23,uc609687.1,uc609687,1,0.9978111689287941,0.2193931022920578,LV,0.0,0
23,uc639277.1,uc639277,1,0.9898091017937497,0.2193931022920578,LV,0.0,0
23,uc1139390.1,uc1139390,1,0.9925349023956014,0.2193931022920578,LV,0.0,0
23,uc605863.1,uc605863,1,0.9894635974831493,0.2193931022920578,LV,0.0,0
23,uc605865.1,uc605865,1,0.9897233990820904,0.2193931022920578,LV,0.0,0
23,uc1138614.1,uc1138614,1,0.9919738911179098,0.2193931022920578,LV,0.0,0
23,uc605855.1,uc605855,1,0.9911200539663818,0.2193931022920578,LV,0.0,0
23,uc605828.1,uc605828,1,0.9890531451370638,0.2193931022920578,LV,0.0,0
23,uc605829.1,uc605829,1,0.9933261054250269,0.2193931022920578,LV,0.0,0
23,uc605834.1,uc605834,1,0.9865417354381076,0.2193931022920578,LV,0.0,0
23,uc605835.1,uc605835,1,0.9866037456832966,0.2193931022920578,LV,0.0,0
23,uc605827.1,uc605827,1,0.9889993254910363,0.2193931022920578,LV,0.0,0
23,uc627337.1,uc627337,1,0.9936557751820337,0.2193931022920578,LV,0.0,0
23,uc637912.1,uc637912,1,0.993395982721071,0.2193931022920578,LV,0.0,0
23,uc637576.1,uc637576,1,0.992171516182973,0.2193931022920578,LV,0.0,0
23,uc637356.1,uc637356,1,0.9950556213280992,0.2193931022920578,LV,0.0,0
23,uc637918.1,uc637918,1,0.9918307083257201,0.2193931022920578,LV,0.0,0
23,uc637360.1,uc637360,1,0.9922234961807384,0.2193931022920578,LV,0.0,0
23,uc637399.1,uc637399,1,0.9842178270512852,0.2193931022920578,LV,0.0,0
23,uc637397.1,uc637397,1,0.9893258418299414,0.2193931022920578,LV,0.0,0
23,uc1137150.1,uc1137150,1,0.9932901612420618,0.2193931022920578,LV,0.0,0
23,uc1636598.1,uc1636598,1,0.0,0.1270170592217177,LV,0.95,1
23,uc636933.1,uc636933,1,0.9954059681828178,0.2193931022920578,LV,0.0,0
23,uc635963.1,uc635963,1,0.9935488979263464,0.2193931022920578,LV,0.0,0
23,uc635543.1,uc635543,1,0.9925113748523194,0.2193931022920578,LV,0.0,0
23,uc635966.1,uc635966,1,0.9925041344858581,0.2193931022920578,LV,0.0,0
23,uc635550.1,uc635550,1,0.9941111526154307,0.2193931022920578,LV,0.0,0
23,uc635862.1,uc635862,1,0.991220965413034,0.2193931022920578,LV,0.0,0
23,uc1635694.1,uc1635694,1,1.001647961651165,0.2193931022920578,LV,0.0,0
23,uc3435739.1,uc3435739,1,0.9916290856623636,0.2193931022920578,LV,0.0,0
23,uc1635060.1,uc1635060,1,0.9966902929977488,0.2193931022920578,LV,0.0,0
23,uc1607271.1,uc1607271,1,0.9977670600963063,0.2193931022920578,LV,0.0,0
23,uc605884.1,uc605884,1,0.9948932715013156,0.2193931022920578,LV,0.0,0
23,uc1609690.1,uc1609690,1,0.9990679166625691,0.2193931022920578,LV,0.0,0
23,uc1134165.1,uc1134165,1,0.9881219738111156,0.2193931022920578,LV,0.0,0
23,uc634166.1,uc634166,1,0.9962914396848949,0.2193931022920578,LV,0.0,0
23,uc1633896.1,uc1633896,1,0.997678232318207,0.2193931022920578,LV,0.0,0
23,uc3433894.1,uc3433894,1,0.9933835276515142,0.2193931022920578,LV,0.0,0
23,uc1633892.1,uc1633892,1,0.9989134983321952,0.2193931022920578,LV,0.0,0
23,uc633672.1,uc633672,1,0.9978397360772121,0.2193931022920578,LV,0.0,0
23,uc1633671.1,uc1633671,1,0.9915780033189997,0.2193931022920578,LV,0.0,0
23,uc1632306.1,uc1632306,1,0.9975038358581321,0.2193931022920578,LV,0.0,0
23,uc632607.1,uc632607,1,0.975607710522264,0.2193931022920578,LV,0.0,0
23,uc632613.1,uc632613,1,0.9930798059162048,0.2193931022920578,LV,0.0,0
23,uc3432407.1,uc3432407,1,0.9923826060693135,0.2193931022920578,LV,0.0,0
23,uc1632402.1,uc1632402,1,0.98960970186492,0.2193931022920578,LV,0.0,0
23,uc1132019.1,uc1132019,1,0.9919750977887896,0.2193931022920578,LV,0.0,0
23,uc632016.1,uc632016,1,0.9959482617782025,0.2193931022920578,LV,0.0,0
23,uc1132015.1,uc1132015,1,0.9896853870688951,0.2193931022920578,LV,0.0,0
23,uc1132012.1,uc1132012,1,0.9948465964192661,0.2193931022920578,LV,0.0,0
23,uc631859.1,uc631859,1,0.9958520998960727,0.2193931022920578,LV,0.0,0
23,uc1631852.1,uc1631852,1,0.9952837527890398,0.2193931022920578,LV,0.0,0
23,uc1130761.1,uc1130761,1,0.9865538412843757,0.2193931022920578,LV,0.0,0
23,uc1630759.1,uc1630759,1,0.9888094549021165,0.2193931022920578,LV,0.0,0
23,uc630758.1,uc630758,1,0.9925823157018461,0.2193931022920578,LV,0.0,0
23,uc629428.1,uc629428,1,0.9958920877829853,0.2193931022920578,LV,0.0,0
23,uc1629639.1,uc1629639,1,0.9994984536679952,0.2193931022920578,LV,0.0,0
23,uc1229546.1,uc1229546,1,0.9921743366364637,0.2193931022920578,LV,0.0,0
23,uc628768.1,uc628768,1,0.994084866693462,0.2193931022920578,LV,0.0,0
23,uc628757.1,uc628757,1,0.9987427699188031,0.2193931022920578,LV,0.0,0
23,uc628766.1,uc628766,1,0.9963853743189467,0.2193931022920578,LV,0.0,0
23,uc628753.1,uc628753,1,0.9996836316963923,0.2193931022920578,LV,0.0,0
23,uc627346.1,uc627346,1,0.996508873423219,0.2193931022920578,LV,0.0,0
23,uc1628760.1,uc1628760,1,0.9995877322720078,0.2193931022920578,LV,0.0,0
23,uc1629422.1,uc1629422,1,0.9930941626210517,0.2193931022920578,LV,0.0,0
23,uc626699.1,uc626699,1,0.9973739558289364,0.2193931022920578,LV,0.0,0
23,60651.2,60651,2,0.9958098579809889,13.336791218280357,MV,0.0,0
23,60721.2,60721,2,0.9957766764482826,13.336791218280357,MV,0.0,0
23,164151.2,164151,2,0.9960885218211717,13.336791218280357,MV,0.0,0
23,302191.2,302191,2,0.993166797357861,13.336791218280357,MV,0.0,0
23,320841.2,320841,2,0.9945571105081624,13.336791218280357,MV,0.0,0
23,337711.2,337711,2,0.9931964028132383,13.336791218280357,MV,0.0,0
23,358691.2,358691,2,0.99911282046519,13.336791218280357,MV,0.0,0
23,et6_1177.2,et6_1177,2,0.9945755855443756,0.2193931022920578,LV,0.0,0
23,461501.2,461501,2,0.9960141513387646,13.336791218280357,MV,0.0,0
23,686891.2,686891,2,0.995206101095527,13.336791218280357,MV,0.0,0
23,703601.2,703601,2,0.9961841562526864,13.336791218280357,MV,0.0,0
23,713791.2,713791,2,0.9950853313977835,13.336791218280357,MV,0.0,0
23,725731.2,725731,2,0.9947429630909586,13.336791218280357,MV,0.0,0
23,809501.2,809501,2,0.995376271106196,13.336791218280357,MV,0.0,0
23,811221.2,811221,2,0.9961056142771328,13.336791218280357,MV,0.0,0
23,815111.2,815111,2,0.9931635003357745,13.336791218280357,MV,0.0,0
23,822371.2,822371,2,0.9948618564808368,13.336791218280357,MV,0.0,0
23,820611.2,820611,2,0.9956584108993667,13.336791218280357,MV,0.0,0
23,822641.2,822641,2,0.9949244890759835,13.336791218280357,MV,0.0,0
23,618431.2,618431,2,0.9958101181498361,13.336791218280357,MV,0.0,0
23,bt10401.2,bt10401,2,0.9863171434380322,0.2193931022920578,LV,0.0,0
23,bt197792.2,bt197792,2,0.9859666384351193,0.2193931022920578,LV,0.0,0
23,bt800551.2,bt800551,2,0.9859666384569234,0.2193931022920578,LV,0.0,0
23,bt295341.2,bt295341,2,0.9853093703989835,0.2193931022920578,LV,0.0,0
23,bt800541.2,bt800541,2,0.9856325890343655,0.2193931022920578,LV,0.0,0
23,bt295361.2,bt295361,2,0.9847890125884612,0.2193931022920578,LV,0.0,0
23,bt474991.2,bt474991,2,0.9846336197317891,0.2193931022920578,LV,0.0,0
23,uc1627323.2,uc1627323,2,0.9856275942109824,0.2193931022920578,LV,0.0,0
23,uc3405987.2,uc3405987,2,0.988298241079098,0.2193931022920578,LV,0.0,0
23,uc3405846.2,uc3405846,2,0.9903872625129403,0.2193931022920578,LV,0.0,0
23,uc3405847.2,uc3405847,2,0.9889522621612701,0.2193931022920578,LV,0.0,0
23,uc3405838.2,uc3405838,2,0.987318983364488,0.2193931022920578,LV,0.0,0
23,uc1607326.2,uc1607326,2,0.9876694724362551,0.2193931022920578,LV,0.0,0
23,uc1607316.2,uc1607316,2,0.9854402460413679,0.2193931022920578,LV,0.0,0
23,uc1607308.2,uc1607308,2,0.9915600562440693,0.2193931022920578,LV,0.0,0
23,uc1623434.2,uc1623434,2,0.0,0.1270170592217177,LV,0.95,1
23,uc1620373.2,uc1620373,2,0.991965189511605,0.2193931022920578,LV,0.0,0
23,uc1607302.2,uc1607302,2,0.9918039404326227,0.2193931022920578,LV,0.0,0
23,uc1607304.2,uc1607304,2,0.9916965590124698,0.2193931022920578,LV,0.0,0
23,uc1607306.2,uc1607306,2,0.9910588502302705,0.2193931022920578,LV,0.0,0
23,uc1607299.2,uc1607299,2,0.9921883517418127,0.2193931022920578,LV,0.0,0
23,uc1607297.2,uc1607297,2,0.9940433024375684,0.2193931022920578,LV,0.0,0
23,uc1607298.2,uc1607298,2,0.9923496816810246,0.2193931022920578,LV,0.0,0
23,uc1607289.2,uc1607289,2,0.995653795900512,0.2193931022920578,LV,0.0,0
23,uc1607291.2,uc1607291,2,0.9936391140362967,0.2193931022920578,LV,0.0,0
23,uc1607292.2,uc1607292,2,0.9931615160671262,0.2193931022920578,LV,0.0,0
23,uc1607280.2,uc1607280,2,0.9906743238949147,0.2193931022920578,LV,0.0,0
23,uc1607284.2,uc1607284,2,0.9908746187084285,0.2193931022920578,LV,0.0,0
23,uc1607285.2,uc1607285,2,0.9907749503095349,0.2193931022920578,LV,0.0,0
23,uc1607288.2,uc1607288,2,0.9910203493758722,0.2193931022920578,LV,0.0,0
23,uc1607279.2,uc1607279,2,0.9916687942477759,0.2193931022920578,LV,0.0,0
23,uc1607355.2,uc1607355,2,0.9924095148263988,0.2193931022920578,LV,0.0,0
23,uc1607357.2,uc1607357,2,0.9951351036306748,0.2193931022920578,LV,0.0,0
23,uc1607358.2,uc1607358,2,0.9931209518765793,0.2193931022920578,LV,0.0,0
23,uc1607368.2,uc1607368,2,0.0,0.1270170592217177,LV,0.95,1
23,uc1607276.2,uc1607276,2,0.9984935792414967,0.2193931022920578,LV,0.0,0
23,uc1607278.2,uc1607278,2,0.9993070182718397,0.2193931022920578,LV,0.0,0
23,uc1607273.2,uc1607273,2,0.998053672396,0.2193931022920578,LV,0.0,0
23,uc1607328.2,uc1607328,2,0.9872381799424857,0.2193931022920578,LV,0.0,0
23,uc1607347.2,uc1607347,2,0.991062881959586,0.2193931022920578,LV,0.0,0
23,uc1607350.2,uc1607350,2,0.9929160810758024,0.2193931022920578,LV,0.0,0
23,uc1107341.2,uc1107341,2,0.9883499602165877,0.2193931022920578,LV,0.0,0
23,uc1107333.2,uc1107333,2,0.9898745482438153,0.2193931022920578,LV,0.0,0
23,uc1607268.2,uc1607268,2,0.9979076945861046,0.2193931022920578,LV,0.0,0
23,uc1607252.2,uc1607252,2,0.9899833412244038,0.2193931022920578,LV,0.0,0
23,uc1606000.2,uc1606000,2,0.9906574622677129,0.2193931022920578,LV,0.0,0
23,uc1607255.2,uc1607255,2,0.9919693191886413,0.2193931022920578,LV,0.0,0
23,uc1607258.2,uc1607258,2,0.9899912390466683,0.2193931022920578,LV,0.0,0
23,uc1124041.2,uc1124041,2,0.990672162290911,0.2193931022920578,LV,0.0,0
23,uc1124340.2,uc1124340,2,0.9904141018392032,0.2193931022920578,LV,0.0,0
23,uc1121173.2,uc1121173,2,0.9899619696691511,0.2193931022920578,LV,0.0,0
23,uc1107345.2,uc1107345,2,0.9903951260939432,0.2193931022920578,LV,0.0,0
23,uc605816.2,uc605816,2,0.9879973856422433,0.2193931022920578,LV,0.0,0
23,uc605812.2,uc605812,2,0.9846674134528144,0.2193931022920578,LV,0.0,0
23,uc605813.2,uc605813,2,0.9943963362010232,0.2193931022920578,LV,0.0,0
23,uc609685.2,uc609685,2,0.9962337906653919,0.2193931022920578,LV,0.0,0
23,uc609688.2,uc609688,2,0.9914511831205652,0.2193931022920578,LV,0.0,0
23,uc621168.2,uc621168,2,0.9927857330930547,0.2193931022920578,LV,0.0,0
23,uc621171.2,uc621171,2,0.9919970685744197,0.2193931022920578,LV,0.0,0
23,uc605810.2,uc605810,2,0.9950595798844183,0.2193931022920578,LV,0.0,0
23,uc605807.2,uc605807,2,0.9862970392895578,0.2193931022920578,LV,0.0,0
23,uc605801.2,uc605801,2,0.9909524081791852,0.2193931022920578,LV,0.0,0
23,uc607384.2,uc607384,2,0.9918417417198956,0.2193931022920578,LV,0.0,0
23,uc607385.2,uc607385,2,0.9886633282082277,0.2193931022920578,LV,0.0,0
23,uc609682.2,uc609682,2,0.986671495646769,0.2193931022920578,LV,0.0,0
23,uc609683.2,uc609683,2,0.994864025332045,0.2193931022920578,LV,0.0,0
23,uc607377.2,uc607377,2,0.9964975190054278,0.2193931022920578,LV,0.0,0
23,uc607382.2,uc607382,2,0.9938434934211576,0.2193931022920578,LV,0.0,0
23,uc606117.2,uc606117,2,0.9935863672602174,0.2193931022920578,LV,0.0,0
23,uc606120.2,uc606120,2,0.9932131935287838,0.2193931022920578,LV,0.0,0
23,uc623433.2,uc623433,2,0.9861022199156966,0.2193931022920578,LV,0.0,0
23,uc623007.2,uc623007,2,0.9942726722488132,0.2193931022920578,LV,0.0,0
23,uc606147.2,uc606147,2,0.9911864972909402,0.2193931022920578,LV,0.0,0
23,uc606148.2,uc606148,2,0.9994709908471344,0.2193931022920578,LV,0.0,0
23,uc606150.2,uc606150,2,0.9974586625975816,0.2193931022920578,LV,0.0,0
23,uc606109.2,uc606109,2,0.9922558830700198,0.2193931022920578,LV,0.0,0
23,uc606110.2,uc606110,2,0.9916700477648291,0.2193931022920578,LV,0.0,0
23,uc606111.2,uc606111,2,0.9935089239942839,0.2193931022920578,LV,0.0,0
23,uc622720.2,uc622720,2,0.9926804761207807,0.2193931022920578,LV,0.0,0
23,uc623004.2,uc623004,2,0.9874170098173145,0.2193931022920578,LV,0.0,0
23,uc606103.2,uc606103,2,0.9926782666783925,0.2193931022920578,LV,0.0,0
23,uc606139.2,uc606139,2,0.9912610487151046,0.2193931022920578,LV,0.0,0
23,uc606143.2,uc606143,2,0.9933598840194456,0.2193931022920578,LV,0.0,0
23,uc605921.2,uc605921,2,0.9935030408862096,0.2193931022920578,LV,0.0,0
23,uc605915.2,uc605915,2,0.99245029121527,0.2193931022920578,LV,0.0,0
23,uc606101.2,uc606101,2,0.9935679994828273,0.2193931022920578,LV,0.0,0
23,uc622273.2,uc622273,2,0.9923695479726136,0.2193931022920578,LV,0.0,0
23,uc605990.2,uc605990,2,0.9853092585743711,0.2193931022920578,LV,0.0,0
23,uc606130.2,uc606130,2,0.9950585774423433,0.2193931022920578,LV,0.0,0
23,uc606132.2,uc606132,2,0.9919149664150864,0.2193931022920578,LV,0.0,0
23,uc622258.2,uc622258,2,0.995281553751038,0.2193931022920578,LV,0.0,0
23,uc622270.2,uc622270,2,0.9979893439030291,0.2193931022920578,LV,0.0,0
23,uc605905.2,uc605905,2,0.9914219362882575,0.2193931022920578,LV,0.0,0
23,uc605909.2,uc605909,2,0.9964173021690087,0.2193931022920578,LV,0.0,0
23,uc605910.2,uc605910,2,0.9933052780804029,0.2193931022920578,LV,0.0,0
23,uc605911.2,uc605911,2,0.9939531882846586,0.2193931022920578,LV,0.0,0
23,uc606128.2,uc606128,2,0.9940816874112243,0.2193931022920578,LV,0.0,0
23,uc605904.2,uc605904,2,0.9914927938448085,0.2193931022920578,LV,0.0,0
23,uc1239552.2,uc1239552,2,0.9923313242825749,0.2193931022920578,LV,0.0,0
23,uc605817.2,uc605817,2,0.9939222662187132,0.2193931022920578,LV,0.0,0
23,uc605819.2,uc605819,2,0.9915712658773403,0.2193931022920578,LV,0.0,0
23,uc605820.2,uc605820,2,0.9872751317917886,0.2193931022920578,LV,0.0,0
23,uc605821.2,uc605821,2,0.9886438236516351,0.2193931022920578,LV,0.0,0
23,uc605822.2,uc605822,2,0.9871492843951535,0.2193931022920578,LV,0.0,0
23,uc639280.2,uc639280,2,0.9922295318770299,0.2193931022920578,LV,0.0,0
23,uc605898.2,uc605898,2,0.9951888960950896,0.2193931022920578,LV,0.0,0
23,uc605902.2,uc605902,2,0.9918229763134813,0.2193931022920578,LV,0.0,0
23,uc605982.2,uc605982,2,0.9861973881287512,0.2193931022920578,LV,0.0,0
23,uc605988.2,uc605988,2,0.9847157169150282,0.2193931022920578,LV,0.0,0
23,uc606126.2,uc606126,2,0.9933311664247912,0.2193931022920578,LV,0.0,0
23,uc606127.2,uc606127,2,0.992281388344474,0.2193931022920578,LV,0.0,0
23,uc605896.2,uc605896,2,0.9868091463021598,0.2193931022920578,LV,0.0,0
23,uc606121.2,uc606121,2,0.99179065835285,0.2193931022920578,LV,0.0,0
23,uc606122.2,uc606122,2,0.989485660399059,0.2193931022920578,LV,0.0,0
23,uc606123.2,uc606123,2,0.9920274932121924,0.2193931022920578,LV,0.0,0
23,uc622709.2,uc622709,2,0.9928975210161928,0.2193931022920578,LV,0.0,0
23,uc639277.2,uc639277,2,0.9887533053839582,0.2193931022920578,LV,0.0,0
23,uc1139390.2,uc1139390,2,0.992294859384331,0.2193931022920578,LV,0.0,0
23,uc605864.2,uc605864,2,0.9887110704589699,0.2193931022920578,LV,0.0,0
23,uc605865.2,uc605865,2,0.9883886661731268,0.2193931022920578,LV,0.0,0
23,uc638617.2,uc638617,2,0.9880406592617605,0.2193931022920578,LV,0.0,0
23,uc605855.2,uc605855,2,0.9879840217131574,0.2193931022920578,LV,0.0,0
23,uc1638606.2,uc1638606,2,0.9963679561621954,0.2193931022920578,LV,0.0,0
23,uc1638954.2,uc1638954,2,0.9977918863543439,0.2193931022920578,LV,0.0,0
23,uc605836.2,uc605836,2,0.978373280804897,0.2193931022920578,LV,0.0,0
23,uc1607303.2,uc1607303,2,0.9927747723211261,0.2193931022920578,LV,0.0,0
23,uc637705.2,uc637705,2,0.9898911980769232,0.2193931022920578,LV,0.0,0
23,uc1637704.2,uc1637704,2,1.0021624750636426,0.2193931022920578,LV,0.0,0
23,uc637576.2,uc637576,2,0.9919335227343762,0.2193931022920578,LV,0.0,0
23,uc637918.2,uc637918,2,0.9916331245056696,0.2193931022920578,LV,0.0,0
23,uc637360.2,uc637360,2,0.9919748321185624,0.2193931022920578,LV,0.0,0
23,uc637397.2,uc637397,2,0.9890378601004602,0.2193931022920578,LV,0.0,0
23,uc636933.2,uc636933,2,0.9910514193736175,0.2193931022920578,LV,0.0,0
23,uc605908.2,uc605908,2,0.9970973985900576,0.2193931022920578,LV,0.0,0
23,uc635963.2,uc635963,2,0.9933004889797324,0.2193931022920578,LV,0.0,0
23,uc635543.2,uc635543,2,0.9922627496910312,0.2193931022920578,LV,0.0,0
23,uc635966.2,uc635966,2,0.992255510140274,0.2193931022920578,LV,0.0,0
23,uc627328.2,uc627328,2,0.9844609574495399,0.2193931022920578,LV,0.0,0
23,uc635550.2,uc635550,2,0.9938769289889203,0.2193931022920578,LV,0.0,0
23,uc635862.2,uc635862,2,0.9909338885190625,0.2193931022920578,LV,0.0,0
23,uc3435739.2,uc3435739,2,0.9881390542110317,0.2193931022920578,LV,0.0,0
23,uc634166.2,uc634166,2,0.9951844212262018,0.2193931022920578,LV,0.0,0
23,uc1633671.2,uc1633671,2,0.993923684652024,0.2193931022920578,LV,0.0,0
23,uc633056.2,uc633056,2,0.9947600955120378,0.2193931022920578,LV,0.0,0
23,uc632607.2,uc632607,2,0.9753129114506456,0.2193931022920578,LV,0.0,0
23,uc1632402.2,uc1632402,2,0.9914797301904099,0.2193931022920578,LV,0.0,0
23,uc1131858.2,uc1131858,2,0.9884406765225012,0.2193931022920578,LV,0.0,0
23,uc631391.2,uc631391,2,0.9805383830100476,0.2193931022920578,LV,0.0,0
23,uc1630759.2,uc1630759,2,0.9906356333026256,0.2193931022920578,LV,0.0,0
23,uc630758.2,uc630758,2,0.9881745783258948,0.2193931022920578,LV,0.0,0
23,uc630753.2,uc630753,2,0.9885442876235291,0.2193931022920578,LV,0.0,0
23,uc628766.2,uc628766,2,0.9950680251944203,0.2193931022920578,LV,0.0,0
23,uc627346.2,uc627346,2,0.9958772441415751,0.2193931022920578,LV,0.0,0
23,uc1629422.2,uc1629422,2,0.9912716495787609,0.2193931022920578,LV,0.0,0
23,60651.3,60651,3,0.9957968400732589,13.336791218280357,MV,0.0,0
23,60721.3,60721,3,0.9957636572208822,13.336791218280357,MV,0.0,0
23,164151.3,164151,3,0.9960755245012205,13.336791218280357,MV,0.0,0
23,302191.3,302191,3,0.9931393769738506,13.336791218280357,MV,0.0,0
23,320841.3,320841,3,0.9945246461321069,13.336791218280357,MV,0.0,0
23,337711.3,337711,3,0.9931689877009502,13.336791218280357,MV,0.0,0
23,358691.3,358691,3,0.9990389685582963,13.336791218280357,MV,0.0,0
23,et6_1177.3,et6_1177,3,0.9937350015137565,0.2193931022920578,LV,0.0,0
23,461501.3,461501,3,0.9959725849993432,13.336791218280357,MV,0.0,0
23,686891.3,686891,3,0.9951783334246035,13.336791218280357,MV,0.0,0
23,703601.3,703601,3,0.9961718150086945,13.336791218280357,MV,0.0,0
23,713791.3,713791,3,0.9950534717910579,13.336791218280357,MV,0.0,0
23,725731.3,725731,3,0.9947104878776933,13.336791218280357,MV,0.0,0
23,809501.3,809501,3,0.9953504530529338,13.336791218280357,MV,0.0,0
23,811221.3,811221,3,0.996092727282131,13.336791218280357,MV,0.0,0
23,815111.3,815111,3,0.9931360793357593,13.336791218280357,MV,0.0,0
23,822371.3,822371,3,0.9948294199024724,13.336791218280357,MV,0.0,0
23,820611.3,820611,3,0.9956409780210591,13.336791218280357,MV,0.0,0
23,822641.3,822641,3,0.9948882333935551,13.336791218280357,MV,0.0,0
23,618431.3,618431,3,0.9957971002580366,13.336791218280357,MV,0.0,0
23,bt10401.3,bt10401,3,0.9904881798794068,0.2193931022920578,LV,0.0,0
23,bt197792.3,bt197792,3,0.9901167383177991,0.2193931022920578,LV,0.0,0
23,bt800551.3,bt800551,3,0.9901813594360949,0.2193931022920578,LV,0.0,0
23,bt295341.3,bt295341,3,0.9900283512331103,0.2193931022920578,LV,0.0,0
23,bt800541.3,bt800541,3,0.9900653429858856,0.2193931022920578,LV,0.0,0
23,bt295361.3,bt295361,3,0.9900283519153257,0.2193931022920578,LV,0.0,0
23,bt474991.3,bt474991,3,0.9900283523820128,0.2193931022920578,LV,0.0,0
23,uc627336.3,uc627336,3,0.9943027378749653,0.2193931022920578,LV,0.0,0
23,uc1620373.3,uc1620373,3,0.9929693959440821,0.2193931022920578,LV,0.0,0
23,uc1607302.3,uc1607302,3,0.9927730731819018,0.2193931022920578,LV,0.0,0
23,uc1607304.3,uc1607304,3,0.9926992669009925,0.2193931022920578,LV,0.0,0
23,uc1607298.3,uc1607298,3,0.9936128620470367,0.2193931022920578,LV,0.0,0
23,uc1607280.3,uc1607280,3,0.9915318845119877,0.2193931022920578,LV,0.0,0
23,uc1607285.3,uc1607285,3,0.9925469496228826,0.2193931022920578,LV,0.0,0
23,uc1607279.3,uc1607279,3,0.9925267986017214,0.2193931022920578,LV,0.0,0
23,uc1607347.3,uc1607347,3,0.9920666503164463,0.2193931022920578,LV,0.0,0
23,uc1124340.3,uc1124340,3,0.992393919532923,0.2193931022920578,LV,0.0,0
23,uc605816.3,uc605816,3,0.9891820008735757,0.2193931022920578,LV,0.0,0
23,uc605815.3,uc605815,3,0.9906858226053287,0.2193931022920578,LV,0.0,0
23,uc621171.3,uc621171,3,0.9925882810602383,0.2193931022920578,LV,0.0,0
23,uc607384.3,uc607384,3,0.9924362269492568,0.2193931022920578,LV,0.0,0
23,uc606117.3,uc606117,3,0.9941782508550135,0.2193931022920578,LV,0.0,0
23,uc606120.3,uc606120,3,0.9938049286731109,0.2193931022920578,LV,0.0,0
23,uc623007.3,uc623007,3,0.9934320043520398,0.2193931022920578,LV,0.0,0
23,uc605867.3,uc605867,3,0.9906634691501603,0.2193931022920578,LV,0.0,0
23,uc606150.3,uc606150,3,0.9975988516562558,0.2193931022920578,LV,0.0,0
23,uc606109.3,uc606109,3,0.9928472107307219,0.2193931022920578,LV,0.0,0
23,uc606110.3,uc606110,3,0.9922611849031769,0.2193931022920578,LV,0.0,0
23,uc606111.3,uc606111,3,0.9941007712679875,0.2193931022920578,LV,0.0,0
23,uc622722.3,uc622722,3,0.9910751312098435,0.2193931022920578,LV,0.0,0
23,uc623004.3,uc623004,3,0.9900957976604252,0.2193931022920578,LV,0.0,0
23,uc606101.3,uc606101,3,0.9941499817236252,0.2193931022920578,LV,0.0,0
23,uc606132.3,uc606132,3,0.9925145102137667,0.2193931022920578,LV,0.0,0
23,uc605910.3,uc605910,3,0.993892978035682,0.2193931022920578,LV,0.0,0
23,uc605911.3,uc605911,3,0.9945411799468052,0.2193931022920578,LV,0.0,0
23,uc605904.3,uc605904,3,0.9943131987182374,0.2193931022920578,LV,0.0,0
23,uc1239552.3,uc1239552,3,0.9933358094748296,0.2193931022920578,LV,0.0,0
23,uc605821.3,uc605821,3,0.9913834625916141,0.2193931022920578,LV,0.0,0
23,uc639280.3,uc639280,3,0.9929596195635001,0.2193931022920578,LV,0.0,0
23,uc605898.3,uc605898,3,0.9944741204620402,0.2193931022920578,LV,0.0,0
23,uc605902.3,uc605902,3,0.9923560889784768,0.2193931022920578,LV,0.0,0
23,uc606126.3,uc606126,3,0.9939316523099418,0.2193931022920578,LV,0.0,0
23,uc606127.3,uc606127,3,0.9928813992165284,0.2193931022920578,LV,0.0,0
23,uc606121.3,uc606121,3,0.9923810941797934,0.2193931022920578,LV,0.0,0
23,uc606122.3,uc606122,3,0.9900745551705988,0.2193931022920578,LV,0.0,0
23,uc639277.3,uc639277,3,0.9914930345554923,0.2193931022920578,LV,0.0,0
23,uc1139390.3,uc1139390,3,0.9932993076640937,0.2193931022920578,LV,0.0,0
23,uc637576.3,uc637576,3,0.9925316126709447,0.2193931022920578,LV,0.0,0
23,uc637918.3,uc637918,3,0.99236299284532,0.2193931022920578,LV,0.0,0
23,uc637360.3,uc637360,3,0.9925659110158612,0.2193931022920578,LV,0.0,0
23,uc637397.3,uc637397,3,0.9902188025785521,0.2193931022920578,LV,0.0,0
23,uc635963.3,uc635963,3,0.9938922651156337,0.2193931022920578,LV,0.0,0
23,uc635543.3,uc635543,3,0.9928540663417795,0.2193931022920578,LV,0.0,0
23,uc635966.3,uc635966,3,0.9928468246139758,0.2193931022920578,LV,0.0,0
23,uc635550.3,uc635550,3,0.9944785180878214,0.2193931022920578,LV,0.0,0
23,uc635862.3,uc635862,3,0.9908188276906915,0.2193931022920578,LV,0.0,0
23,uc1633671.3,uc1633671,3,0.99401548414246,0.2193931022920578,LV,0.0,0
23,uc632607.3,uc632607,3,0.9764895159717412,0.2193931022920578,LV,0.0,0
23,uc1629422.3,uc1629422,3,0.9939094275055873,0.2193931022920578,LV,0.0,0
