hour,transformer,apparentPowerKva,ratedKva,loadingPct,isOverloaded
0,trf_6_1030a,0.5283731147252818,10.0,5.2837311472528175,0
0,trf_6_878a,0.1050682795156145,10.0,1.050682795156145,0
0,trf_16_1585a,0.16002051811249146,15.0,1.0668034540832765,0
0,trf_16_3545a,0.044949182063198964,10.0,0.44949182063198967,0
0,trf_16_1143a,2.26521221095802,30.0,7.550707369860066,0
0,trf_16_6460a,0.7286506192514174,25.0,2.91460247700567,0
0,trf_6_725a,0.04958710119659039,10.0,0.4958710119659039,0
0,trf_6_3820a,0.7301711979297308,15.0,4.867807986198206,0
0,trf_6_3538a,0.4901983125424523,10.0,4.901983125424523,0
0,trf_6_4910a,7.959840077453846,30.0,26.532800258179485,0
0,trf_6_1870a,0.24203649165809663,15.0,1.6135766110539775,0
0,trf_6_127a,0.9570412035639944,15.0,6.38027469042663,0
0,trf_6_1541a,0.656674750575571,15.0,4.377831670503807,0
0,trf_6_1503a,0.2803405001749208,10.0,2.8034050017492076,0
0,trf_6_6272a,0.22152373021095714,15.0,1.4768248680730476,0
0,trf_6_128a,0.3619155296214278,15.0,2.4127701974761853,0
0,trf_6_1260a,0.04458988693484368,10.0,0.44589886934843675,0
0,trf_6_1350a,0.721432690350081,45.0,1.6031837563335132,0
0,trf_6_808a,0.5610351337312756,15.0,3.7402342248751705,0
0,trf_6_1475a,0.7871327513650279,15.0,5.247551675766853,0
0,trf_6_1138a,0.8853113281836653,10.0,8.853113281836652,0
0,trf_6_1146a,0.8527137748792895,10.0,8.527137748792894,0
0,trf_16_2916a,0.5031251633051016,10.0,5.031251633051015,0
0,trf_16_1140a,0.044904579285166585,10.0,0.44904579285166585,0
0,trf_16_5474a,0.43770413099912997,10.0,4.3770413099913,0
0,trf_16_3548a,0.8112680655894419,10.0,8.112680655894419,0
0,trf_16_1141a,0.5321370580167534,15.0,3.547580386778356,0
0,trf_6_810a,0.9189334048456557,30.0,3.063111349485519,0
0,trf_16_300a,0.4500935880084509,15.0,3.0006239200563396,0
0,trf_16_3130a,1.2889253868756323,30.0,4.296417956252108,0
0,trf_11_4955a,1.9550235876842934,15.0,13.033490584561955,0
0,trf_11_131a,0.8484021057883981,10.0,8.484021057883982,0
0,trf_6_1048a,0.21830807638312397,15.0,1.4553871758874932,0
0,trf_6_129a,0.40816319923886757,10.0,4.081631992388676,0
0,trf_34_1018a,0.2430264508486996,5.0,4.860529016973992,0
0,trf_16_5730a,0.3521258000303152,25.0,1.4085032001212607,0
0,trf_16_1144a,0.5625451236443251,15.0,3.7503008242955005,0
0,trf_6_6273a,1.3324413681147322,30.0,4.4414712270491075,0
0,trf_6_1238a,0.5696332843692536,15.0,3.7975552291283576,0
0,trf_6_731a,0.21145835747089084,15.0,1.4097223831392722,0
0,trf_6_732a,0.8075213675748907,30.0,2.6917378919163024,0
0,trf_16_6082a,0.3838972165519735,15.0,2.5593147770131566,0
0,trf_16_537a,0.20816929257952274,5.0,4.163385851590455,0
0,trf_16_3996a,1.5447195794591773,15.0,10.298130529727848,0
0,trf_16_1095a,0.41100316008288107,15.0,2.740021067219207,0
0,trf_6_730a,0.2892878124737106,15.0,1.928585416491404,0
0,trf_34_1649a,0.13927865407436124,5.0,2.785573081487225,0
0,trf_34_5029a,0.36959669055713995,10.0,3.6959669055713995,0
0,trf_34_1581a,0.5534798101072732,10.0,5.534798101072733,0
0,trf_11_132a,0.3513191403072576,10.0,3.513191403072576,0
0,trf_16_3221a,1.0864456059481515,25.0,4.345782423792606,0
0,trf_16_504a,0.9496478397802973,15.0,6.330985598535316,0
0,trf_6_735a,0.17416997949910937,10.0,1.7416997949910935,0
0,trf_6_4489a,2.158777194486727,25.0,8.635108777946908,0
0,trf_6_729a,0.9543023538892059,15.0,6.3620156925947065,0
0,trf_16_299a,1.3576465017243966,45.0,3.016992226054215,0
0,trf_16_1301a,0.41845351757788485,10.0,4.184535175778849,0
0,trf_16_2139a,1.4816060051763504,25.0,5.926424020705401,0
0,trf_16_6081a,0.17027434834429547,10.0,1.702743483442955,0
0,trf_6_1019a,1.806745028768213,25.0,7.226980115072852,0
0,trf_11_2597a,0.4143883317252225,10.0,4.143883317252225,0
0,trf_11_130a,0.36284881421216314,15.0,2.4189920947477543,0
0,trf_6_4704a,1.1437528015650418,10.0,11.437528015650418,0
0,trf_6_733a,0.04987122058102854,10.0,0.49871220581028536,0
0,trf_11_305a,0.9334542049585117,75.0,1.244605606611349,0
0,trf_16_539a,0.04957436341940846,10.0,0.4957436341940847,0
0,trf_6_1151a,0.6250056949611625,30.0,2.0833523165372085,0
0,trf_6_4764a,0.26818418892952955,75.0,0.3575789185727061,0
0,trf_6_4765a,0.44695699559159385,150.0,0.2979713303943959,0
0,trf_16_538a,0.47660355053356407,30.0,1.5886785017785467,0
0,trf_11_133a,0.049422228904848445,10.0,0.4942222890484844,0
0,trf_6_723a,0.5646259418560964,15.0,3.764172945707309,0
0,trf_6_722a,0.19032857242698037,15.0,1.2688571495132024,0
0,trf_6_726a,0.07932553115890136,15.0,0.5288368743926757,0
0,trf_6_737a,0.5330651095306569,15.0,3.553767396871046,0
0,trf_6_728a,0.9811640842644695,30.0,3.270546947548232,0
0,trf_6_125a,0.04887179630355271,10.0,0.48871796303552717,0
0,trf_6_3011a,0.2174574275006767,10.0,2.174574275006767,0
0,trf_6_3819a,1.2327626816055741,30.0,4.109208938685247,0
0,trf_6_1344a,0.14945302589973417,10.0,1.4945302589973415,0
0,trf_6_122a,0.08486975595307261,10.0,0.848697559530726,0
0,trf_6_1212a,0.4618114730949739,25.0,1.8472458923798956,0
0,trf_6_1213a,0.17033205545799632,10.0,1.7033205545799632,0
0,trf_6_1139a,0.9609711900676843,15.0,6.4064746004512285,0
0,trf_6_1145a,0.3076447032559511,10.0,3.0764470325595115,0
0,trf_16_302a,0.12168484794656007,10.0,1.2168484794656007,0
0,trf_16_301a,0.42412808843583855,25.0,1.6965123537433542,0
0,trf_6_124a,1.5894277453567476,45.0,3.532061656348328,0
0,trf_16_6318a,1.1389624796195021,45.0,2.5310277324877823,0
0,trf_16_303a,0.4845210660195562,15.0,3.230140440130375,0
0,trf_6_1256a,0.1772354508961414,10.0,1.772354508961414,0
0,trf_6_2090a,0.6487540514582834,15.0,4.3250270097218895,0
0,trf_6_1445a,0.30132154927914534,10.0,3.0132154927914536,0
0,trf_6_4766a,0.3676781016865055,112.5,0.32682497927689375,0
0,trf_16_3549a,0.0,10.0,0.0,0
0,trf_11_4675a,0.4450115759039556,150.0,0.29667438393597045,0
0,trf_16_4173a,0.21188312046929916,10.0,2.1188312046929916,0
0,trf_6_4662a,0.7286470163930537,300.0,0.2428823387976846,0
0,trf_6_2860a,0.4502405033992671,10.0,4.502405033992671,0
0,trf_6_1178a,0.368567702304257,15.0,2.4571180153617136,0
0,trf_6_4249a,0.5898814114300073,25.0,2.359525645720029,0
0,trf_6_2887a,0.332309619217706,10.0,3.32309619217706,0
0,trf_6_2064a,0.14260662407709884,5.0,2.8521324815419766,0
0,trf_6_4161a,0.1433203988228425,10.0,1.433203988228425,0
0,trf_6_1960a,0.2746881250557213,10.0,2.7468812505572133,0
0,trf_6_6394a,0.5165845759873962,25.0,2.0663383039495846,0
0,trf_6_3613a,0.13136534853672338,10.0,1.3136534853672337,0
0,trf_6_738a,0.03476506403908165,5.0,0.695301280781633,0
0,trf_16_2195a,1.6604784879258814,15.0,11.069856586172541,0
0,trf_16_4674a,0.6181038954145217,225.0,0.27471284240645405,0
0,trf_6_2417a,0.3342905485065632,10.0,3.342905485065632,0
0,trf_16_4687a,0.2695762510879502,75.0,0.35943500145060026,0
0,trf_16_2428a,0.18803111315050897,5.0,3.760622263010179,0
0,trf_16_2658a,0.20173918863891233,15.0,1.3449279242594154,0
0,trf_6_1177a,2.316678055272177,75.0,3.088904073696236,0
0,trf_6_4661a,0.44708442741211557,150.0,0.2980562849414104,0
0,trf_6_3019a,0.2245528911229144,10.0,2.245528911229144,0
0,trf_6_3013a,0.48015371914565197,5.0,9.60307438291304,0
0,trf_16_3364a,0.3118451237539748,15.0,2.0789674916931653,0
0,trf_6_3563a,0.5112376794446443,10.0,5.112376794446442,0
0,trf_16_3328a,0.20034406841244104,10.0,2.0034406841244103,0
0,trf_6_3721a,0.02976697251728294,5.0,0.5953394503456588,0
0,trf_6_3434a,0.32481132582122807,5.0,6.496226516424561,0
0,trf_6_3010a,0.09971170375948213,10.0,0.9971170375948212,0
0,trf_6_3509a,0.844458637888404,5.0,16.88917275776808,0
0,trf_16_6165a,0.0,15.0,0.0,0
0,trf_6_3142a,0.15911185878766948,10.0,1.591118587876695,0
0,trf_16_3908a,0.0,10.0,0.0,0
0,trf_6_3604a,0.0733440405245633,10.0,0.7334404052456329,0
0,trf_6_3012a,0.13098974167824215,10.0,1.3098974167824216,0
0,trf_6_3507a,0.20822244178797242,10.0,2.0822244178797242,0
0,trf_34_5142a,0.14037238779371225,10.0,1.4037238779371226,0
0,trf_6_3508a,0.04468012286586259,10.0,0.4468012286586259,0
0,trf_6_3634a,0.4214634033804402,10.0,4.214634033804402,0
0,trf_6_3224a,0.124457274684401,5.0,2.48914549368802,0
0,trf_16_3904a,0.3213620362526127,10.0,3.2136203625261275,0
0,trf_11_3987a,0.3503982159379844,5.0,7.007964318759688,0
0,trf_16_3997a,0.5532765423980114,30.0,1.8442551413267048,0
0,trf_6_3817a,0.1102422279055078,5.0,2.204844558110156,0
0,trf_6_3818a,0.36977128351412336,10.0,3.697712835141233,0
0,trf_16_1142a,1.0899900184270297,45.0,2.422200040948955,0
0,trf_34_5260a,0.3185059960361173,10.0,3.185059960361173,0
0,trf_6_5725a,0.7293727063932932,300.0,0.2431242354644311,0
0,trf_6_5472a,0.37863786005457833,15.0,2.5242524003638556,0
0,trf_6_4925a,0.36773345175916544,112.5,0.3268741793414804,0
0,trf_6_3256a,1.4369947104829686,15.0,9.579964736553125,0
0,trf_6_4998a,0.3670976163110906,112.5,0.326308992276525,0
0,trf_16_5055a,0.727822435111561,10.0,7.278224351115609,0
0,trf_6_724a,0.5355824225434349,30.0,1.7852747418114496,0
0,trf_11_4785a,0.18939118855914502,10.0,1.89391188559145,0
0,trf_16_5003a,0.0728354180618005,15.0,0.4855694537453366,0
0,trf_6_5157a,0.7288630888531096,300.0,0.2429543629510365,0
0,trf_6_5085a,0.9245761835042449,30.0,3.081920611680816,0
0,trf_6_5595a,0.6245055649723682,30.0,2.0816852165745607,0
0,trf_11_5652a,0.05937058088242512,15.0,0.3958038725495008,0
0,trf_16_5666a,0.09524947736503167,10.0,0.9524947736503167,0
0,trf_6_5711a,0.47734744036209886,30.0,1.5911581345403296,0
0,trf_6_5712a,1.052772159860023,30.0,3.5092405328667433,0
0,trf_6_5659a,0.2913181700270947,30.0,0.9710605667569824,0
0,trf_6_1262a,0.34731882937293324,10.0,3.473188293729332,0
0,trf_16_6019a,0.05451261232659899,10.0,0.5451261232659899,0
0,trf_16_6122a,0.0449696537515596,10.0,0.449696537515596,0
0,trf_6_6158a,2.0363176488219694,45.0,4.525150330715487,0
0,trf_6_6197a,3.0673515630184,75.0,4.089802084024533,0
0,trf_6_6153a,4.037831833494934,30.0,13.459439444983113,0
0,trf_6_1504a,0.38675811480219696,30.0,1.289193716007323,0
0,trf_6_6249a,1.4022371774427718,30.0,4.674123924809239,0
0,trf_16_6312a,0.35486580247686855,30.0,1.1828860082562285,0
0,trf_6_6386a,0.4466722489381655,150.0,0.2977814992921103,0
0,trf_6_4627a,0.3676879124584679,112.5,0.32683369996308254,0
0,trf_11_6443a,0.44500973097162316,150.0,0.2966731539810821,0
0,trf_12_6577a,0.1384601252715195,30.0,0.46153375090506493,0
0,trf_12_6578a,0.18296741114606832,45.0,0.4065942469912629,0
0,trf_11_6482a,0.1829539696006994,45.0,0.4065643768904431,0
0,trf_6_1647a,0.20694218944332274,10.0,2.069421894433227,0
0,trf_6_6496a,0.3669720094318398,112.5,0.32619734171719095,0
0,trf_6_727a,1.2405940094325905,30.0,4.1353133647753015,0
1,trf_6_1030a,0.5084801687402942,10.0,5.084801687402942,0
1,trf_6_878a,0.10254387236197787,10.0,1.0254387236197788,0
1,trf_16_1585a,0.15665314228708604,15.0,1.044354281913907,0
1,trf_16_3545a,0.04495163284631162,10.0,0.4495163284631162,0
1,trf_16_1143a,2.1766520351285283,30.0,7.255506783761761,0
1,trf_16_6460a,0.7015281003196148,25.0,2.806112401278459,0
1,trf_6_725a,0.049607720712059246,10.0,0.49607720712059244,0
1,trf_6_3820a,0.7023953409330246,15.0,4.682635606220163,0
1,trf_6_3538a,0.4717475702467437,10.0,4.717475702467437,0
1,trf_6_4910a,7.637609998817325,30.0,25.45869999605775,0
1,trf_6_1870a,0.2344208913500775,15.0,1.5628059423338498,0
1,trf_6_127a,0.9199437505427038,15.0,6.132958336951359,0
1,trf_6_1541a,0.6327114618071885,15.0,4.218076412047924,0
1,trf_6_1503a,0.270509589384359,10.0,2.70509589384359,0
1,trf_6_6272a,0.21476633190825536,15.0,1.4317755460550359,0
1,trf_6_128a,0.3493539954502702,15.0,2.3290266363351346,0
1,trf_6_1260a,0.044610121903315265,10.0,0.4461012190331527,0
1,trf_6_1350a,0.6989361274030536,45.0,1.5531913942290079,0
1,trf_6_808a,0.5409711647439639,15.0,3.6064744316264257,0
1,trf_6_1475a,0.7544557226792827,15.0,5.029704817861885,0
1,trf_6_1138a,0.8504060324800082,10.0,8.504060324800083,0
1,trf_6_1146a,0.8191403262873391,10.0,8.19140326287339,0
1,trf_16_2916a,0.48400089451015593,10.0,4.84000894510156,0
1,trf_16_1140a,0.044909238492409354,10.0,0.4490923849240936,0
1,trf_16_5474a,0.42129517200495403,10.0,4.21295172004954,0
1,trf_16_3548a,0.775661522404319,10.0,7.756615224043189,0
1,trf_16_1141a,0.5123739977716919,15.0,3.415826651811279,0
1,trf_6_810a,0.8864279765169643,30.0,2.9547599217232143,0
1,trf_16_300a,0.4338640357077454,15.0,2.892426904718303,0
1,trf_16_3130a,1.241151151611562,30.0,4.1371705053718735,0
1,trf_11_4955a,1.8768303920182754,15.0,12.51220261345517,0
1,trf_11_131a,0.8153672880177681,10.0,8.153672880177682,0
1,trf_6_1048a,0.21248935661406004,15.0,1.4165957107604004,0
1,trf_6_129a,0.3931066210789895,10.0,3.931066210789895,0
1,trf_34_1018a,0.2341731281396243,5.0,4.683462562792486,0
1,trf_16_5730a,0.3407324739238887,25.0,1.362929895695555,0
1,trf_16_1144a,0.5415550323658104,15.0,3.610366882438736,0
1,trf_6_6273a,1.282816855853177,30.0,4.276056186177256,0
1,trf_6_1238a,0.5484322750567331,15.0,3.6562151670448872,0
1,trf_6_731a,0.20592379331906635,15.0,1.3728252887937757,0
1,trf_6_732a,0.7796207351913387,30.0,2.598735783971129,0
1,trf_16_6082a,0.37039085073491534,15.0,2.469272338232769,0
1,trf_16_537a,0.20093765915214148,5.0,4.01875318304283,0
1,trf_16_3996a,1.4832209158361882,15.0,9.888139438907922,0
1,trf_16_1095a,0.3963685828405681,15.0,2.6424572189371203,0
1,trf_6_730a,0.2798235146833246,15.0,1.8654900978888307,0
1,trf_34_1649a,0.13471300246453427,5.0,2.6942600492906856,0
1,trf_34_5029a,0.356101448969697,10.0,3.56101448969697,0
1,trf_34_1581a,0.5323935316532086,10.0,5.3239353165320855,0
1,trf_11_132a,0.33858963044003965,10.0,3.3858963044003962,0
1,trf_16_3221a,1.0446349363903775,25.0,4.17853974556151,0
1,trf_16_504a,0.8622190059423386,15.0,5.748126706282258,0
1,trf_6_735a,0.16895461761001823,10.0,1.6895461761001822,0
1,trf_6_4489a,2.0727104373805276,25.0,8.29084174952211,0
1,trf_6_729a,0.9179676166790789,15.0,6.11978411119386,0
1,trf_16_299a,1.3087727734082162,45.0,2.908383940907147,0
1,trf_16_1301a,0.4031133055311706,10.0,4.031133055311706,0
1,trf_16_2139a,1.4235665688909898,25.0,5.694266275563959,0
1,trf_16_6081a,0.16502307203530708,10.0,1.6502307203530708,0
1,trf_6_1019a,1.7353372871486226,25.0,6.94134914859449,0
1,trf_11_2597a,0.39904156799816465,10.0,3.990415679981646,0
1,trf_11_130a,0.3510291815151772,15.0,2.3401945434345146,0
1,trf_6_4704a,1.091856051483234,10.0,10.91856051483234,0
1,trf_6_733a,0.04967103440327424,10.0,0.4967103440327424,0
1,trf_11_305a,0.9056455050294043,75.0,1.2075273400392057,0
1,trf_16_539a,0.049595171704785224,10.0,0.4959517170478522,0
1,trf_6_1151a,0.6046668162458333,30.0,2.0155560541527775,0
1,trf_6_4764a,0.2682730618519519,75.0,0.3576974158026025,0
1,trf_6_4765a,0.44710601571543285,150.0,0.2980706771436219,0
1,trf_16_538a,0.462472436352552,30.0,1.5415747878418398,0
1,trf_11_133a,0.04944989462460924,10.0,0.4944989462460924,0
1,trf_6_723a,0.5444151797298019,15.0,3.629434531532013,0
1,trf_6_722a,0.1856829631077554,15.0,1.2378864207183693,0
1,trf_6_726a,0.07935888586596478,15.0,0.5290592391064318,0
1,trf_6_737a,0.514142995774616,15.0,3.427619971830773,0
1,trf_6_728a,0.9460819133138069,30.0,3.1536063777126895,0
1,trf_6_125a,0.04871424364941849,10.0,0.48714243649418487,0
1,trf_6_3011a,0.21045966180574885,10.0,2.1045966180574887,0
1,trf_6_3819a,1.1873757237794202,30.0,3.9579190792647343,0
1,trf_6_1344a,0.14507946384274634,10.0,1.4507946384274635,0
1,trf_6_122a,0.08340592714252587,10.0,0.8340592714252587,0
1,trf_6_1212a,0.44589069988690033,25.0,1.7835627995476013,0
1,trf_6_1213a,0.1643371240025782,10.0,1.6433712400257818,0
1,trf_6_1139a,0.923493580240908,15.0,6.15662386827272,0
1,trf_6_1145a,0.29590028620765424,10.0,2.9590028620765425,0
1,trf_16_302a,0.11846540737051467,10.0,1.1846540737051465,0
1,trf_16_301a,0.4101616862750011,25.0,1.6406467451000042,0
1,trf_6_124a,1.5310839521112147,45.0,3.4024087824693656,0
1,trf_16_6318a,1.0991885371428738,45.0,2.4426411936508305,0
1,trf_16_303a,0.4672598954979061,15.0,3.115065969986041,0
1,trf_6_1256a,0.17189497783443786,10.0,1.7189497783443783,0
1,trf_6_2090a,0.6250573832901246,15.0,4.167049221934164,0
1,trf_6_1445a,0.2906240942516103,10.0,2.906240942516103,0
1,trf_6_4766a,0.3677936018471568,112.5,0.32692764608636166,0
1,trf_16_3549a,0.0,10.0,0.0,0
1,trf_11_4675a,0.4452517109657863,150.0,0.29683447397719087,0
1,trf_16_4173a,0.204872930250722,10.0,2.04872930250722,0
1,trf_6_4662a,0.7289615457035646,300.0,0.2429871819011882,0
1,trf_6_2860a,0.433391634654168,10.0,4.33391634654168,0
1,trf_6_1178a,0.3556766598765248,15.0,2.3711777325101653,0
1,trf_6_4249a,0.5686914948088703,25.0,2.274765979235481,0
1,trf_6_2887a,0.3203257006833675,10.0,3.203257006833675,0
1,trf_6_2064a,0.13789238903860804,5.0,2.7578477807721606,0
1,trf_6_4161a,0.13918374207157688,10.0,1.3918374207157689,0
1,trf_6_1960a,0.2650855671324477,10.0,2.650855671324477,0
1,trf_6_6394a,0.4983424290136415,25.0,1.993369716054566,0
1,trf_6_3613a,0.12772860189930035,10.0,1.2772860189930035,0
1,trf_6_738a,0.034776397590188406,5.0,0.6955279518037681,0
1,trf_16_2195a,1.5942708735839735,15.0,10.628472490559824,0
1,trf_16_4674a,0.6184361814619332,225.0,0.27486052509419256,0
1,trf_6_2417a,0.3222301173158825,10.0,3.222301173158825,0
1,trf_16_4687a,0.26959701438024164,75.0,0.3594626858403222,0
1,trf_16_2428a,0.18140752041805963,5.0,3.6281504083611926,0
1,trf_16_2658a,0.1966216592649305,15.0,1.3108110617662032,0
1,trf_6_1177a,2.269708529994569,75.0,3.026278039992759,0
1,trf_6_4661a,0.44722771204865247,150.0,0.29815180803243496,0
1,trf_6_3019a,0.21705681692550163,10.0,2.1705681692550165,0
1,trf_6_3013a,0.461431123949549,5.0,9.22862247899098,0
1,trf_16_3364a,0.3021330483426365,15.0,2.014220322284243,0
1,trf_6_3563a,0.49185298747327,10.0,4.9185298747327,0
1,trf_16_3328a,0.19383644121422278,10.0,1.9383644121422279,0
1,trf_6_3721a,0.029778578294706794,5.0,0.5955715658941358,0
1,trf_6_3434a,0.31257745731184494,5.0,6.251549146236899,0
1,trf_6_3010a,0.09739794534230423,10.0,0.9739794534230424,0
1,trf_6_3509a,0.8107137517275347,5.0,16.214275034550692,0
1,trf_16_6165a,0.0,15.0,0.0,0
1,trf_6_3142a,0.15432036750438446,10.0,1.5432036750438445,0
1,trf_16_3908a,0.0,10.0,0.0,0
1,trf_6_3604a,0.07215150410294364,10.0,0.7215150410294364,0
1,trf_6_3012a,0.12736352216148944,10.0,1.2736352216148945,0
1,trf_6_3507a,0.2014023121400635,10.0,2.0140231214006348,0
1,trf_34_5142a,0.13637160622344885,10.0,1.3637160622344884,0
1,trf_6_3508a,0.04469609135849885,10.0,0.4469609135849885,0
1,trf_6_3634a,0.4057788258178862,10.0,4.057788258178862,0
1,trf_6_3224a,0.12048617441002195,5.0,2.409723488200439,0
1,trf_16_3904a,0.309787444097194,10.0,3.09787444097194,0
1,trf_11_3987a,0.3371024802360473,5.0,6.742049604720945,0
1,trf_16_3997a,0.5359688025753087,30.0,1.7865626752510289,0
1,trf_6_3817a,0.10687303951930013,5.0,2.137460790386003,0
1,trf_6_3818a,0.3562374709724623,10.0,3.5623747097246232,0
1,trf_16_1142a,1.0520156264075775,45.0,2.33781250312795,0
1,trf_34_5260a,0.3071206527590799,10.0,3.0712065275907987,0
1,trf_6_5725a,0.7296514307164327,300.0,0.24321714357214422,0
1,trf_6_5472a,0.3653353613539111,15.0,2.4355690756927406,0
1,trf_6_4925a,0.3678464043804704,112.5,0.32697458167152926,0
1,trf_6_3256a,1.3801368796334545,15.0,9.200912530889697,0
1,trf_6_4998a,0.36724290643320656,112.5,0.3264381390517392,0
1,trf_16_5055a,0.6993461245691943,10.0,6.993461245691944,0
1,trf_6_724a,0.5189906080012208,30.0,1.7299686933374026,0
1,trf_11_4785a,0.1833492443481942,10.0,1.833492443481942,0
1,trf_16_5003a,0.07230152710639597,15.0,0.4820101807093064,0
1,trf_6_5157a,0.7291695254321293,300.0,0.24305650847737642,0
1,trf_6_5085a,0.8918172739326781,30.0,2.9727242464422603,0
1,trf_6_5595a,0.6042576609263219,30.0,2.01419220308774,0
1,trf_11_5652a,0.05940140658406765,15.0,0.39600937722711765,0
1,trf_16_5666a,0.09312067536892842,10.0,0.9312067536892842,0
1,trf_6_5711a,0.46318262887528683,30.0,1.543942096250956,0
1,trf_6_5712a,1.0147249235823381,30.0,3.382416411941127,0
1,trf_6_5659a,0.28494409070458326,30.0,0.9498136356819441,0
1,trf_6_1262a,0.3349186132468414,10.0,3.3491861324684145,0
1,trf_16_6019a,0.05411275237944811,10.0,0.5411275237944811,0
1,trf_16_6122a,0.04497098711736959,10.0,0.44970987117369593,0
1,trf_6_6158a,1.959526097666465,45.0,4.354502439258811,0
1,trf_6_6197a,2.951073929472571,75.0,3.934765239296761,0
1,trf_6_6153a,3.9114257951167835,30.0,13.038085983722612,0
1,trf_6_1504a,0.3763682347401802,30.0,1.2545607824672673,0
1,trf_6_6249a,1.3497053832906665,30.0,4.499017944302222,0
1,trf_16_6312a,0.3458255565672235,30.0,1.1527518552240785,0
1,trf_6_6386a,0.4468382288458157,150.0,0.29789215256387713,0
1,trf_6_4627a,0.36780294994196044,112.5,0.32693595550396487,0
1,trf_11_6443a,0.4452500280984696,150.0,0.29683335206564637,0
1,trf_12_6577a,0.1385347578736873,30.0,0.4617825262456243,0
1,trf_12_6578a,0.18306603400951366,45.0,0.40681340891003037,0
1,trf_11_6482a,0.18305258521888454,45.0,0.40678352270863233,0
1,trf_6_1647a,0.20015803629110543,10.0,2.0015803629110542,0
1,trf_6_6496a,0.3671231725453974,112.5,0.3263317089292421,0
1,trf_6_727a,1.1947624599569286,30.0,3.982541533189762,0
2,trf_6_1030a,0.48313061178595823,10.0,4.831306117859582,0
2,trf_6_878a,0.09931764887723996,10.0,0.9931764887723995,0
2,trf_16_1585a,0.1523456506982101,15.0,1.0156376713214006,0
2,trf_16_3545a,0.044952738250591075,10.0,0.44952738250591073,0
2,trf_16_1143a,2.0641688704729777,30.0,6.880562901576592,0
2,trf_16_6460a,0.667080336517251,25.0,2.6683213460690043,0
2,trf_6_725a,0.04961879077106066,10.0,0.4961879077106066,0
2,trf_6_3820a,0.666989539613778,15.0,4.4465969307585205,0
2,trf_6_3538a,0.44822319174936387,10.0,4.482231917493639,0
2,trf_6_4910a,7.226892135043314,30.0,24.08964045014438,0
2,trf_6_1870a,0.22470523641519535,15.0,1.4980349094346357,0
2,trf_6_127a,0.8726511124279765,15.0,5.817674082853177,0
2,trf_6_1541a,0.6021577693607681,15.0,4.014385129071788,0
2,trf_6_1503a,0.257991020404855,10.0,2.57991020404855,0
2,trf_6_6272a,0.20614190223493178,15.0,1.3742793482328786,0
2,trf_6_128a,0.333330382182112,15.0,2.222202547880747,0
2,trf_6_1260a,0.04462235175632887,10.0,0.44622351756328876,0
2,trf_6_1350a,0.6702431462942462,45.0,1.4894292139872138,0
2,trf_6_808a,0.5153974451282328,15.0,3.4359829675215523,0
2,trf_6_1475a,0.715481579594133,15.0,4.76987719729422,0
2,trf_6_1138a,0.805996247487385,10.0,8.05996247487385,0
2,trf_6_1146a,0.7764412709401186,10.0,7.764412709401187,0
2,trf_16_2916a,0.45970192737869514,10.0,4.597019273786952,0
2,trf_16_1140a,0.04491154707123966,10.0,0.44911547071239666,0
2,trf_16_5474a,0.4004470911027744,10.0,4.004470911027743,0
2,trf_16_3548a,0.7343598613933587,10.0,7.343598613933587,0
2,trf_16_1141a,0.4872867002184292,15.0,3.2485780014561945,0
2,trf_6_810a,0.8449939215914551,30.0,2.8166464053048506,0
2,trf_16_300a,0.4131764703315546,15.0,2.754509802210364,0
2,trf_16_3130a,1.1802725659380544,30.0,3.9342418864601814,0
2,trf_11_4955a,1.7771621134928755,15.0,11.847747423285835,0
2,trf_11_131a,0.7732593598664845,10.0,7.732593598664846,0
2,trf_6_1048a,0.2050592158797748,15.0,1.3670614391984985,0
2,trf_6_129a,0.3739043577529821,10.0,3.739043577529821,0
2,trf_34_1018a,0.22288456933623568,5.0,4.457691386724713,0
2,trf_16_5730a,0.32620510557766697,25.0,1.304820422310668,0
2,trf_16_1144a,0.5148762528985658,15.0,3.4325083526571047,0
2,trf_6_6273a,1.2195763691252206,30.0,4.065254563750735,0
2,trf_6_1238a,0.5214166398488213,15.0,3.476110932325475,0
2,trf_6_731a,0.19885980947234405,15.0,1.3257320631489604,0
2,trf_6_732a,0.7440615860878981,30.0,2.4802052869596602,0
2,trf_16_6082a,0.3531808435157336,15.0,2.3545389567715573,0
2,trf_16_537a,0.19172437581697616,5.0,3.834487516339523,0
2,trf_16_3996a,1.4049104174743778,15.0,9.366069449829185,0
2,trf_16_1095a,0.37771946906542436,15.0,2.518129793769496,0
2,trf_6_730a,0.26847547594719856,15.0,1.789836506314657,0
2,trf_34_1649a,0.1288887257082068,5.0,2.577774514164136,0
2,trf_34_5029a,0.3388951649459378,10.0,3.388951649459378,0
2,trf_34_1581a,0.5055145203828044,10.0,5.055145203828045,0
2,trf_11_132a,0.3223576387497398,10.0,3.223576387497398,0
2,trf_16_3221a,0.9913927546410389,25.0,3.9655710185641557,0
2,trf_16_504a,0.8038688859073354,15.0,5.359125906048902,0
2,trf_6_735a,0.16230396586071352,10.0,1.6230396586071354,0
2,trf_6_4489a,1.9630901822121998,25.0,7.852360728848799,0
2,trf_6_729a,0.8716719416805768,15.0,5.811146277870511,0
2,trf_16_299a,1.2465015063159741,45.0,2.7700033473688315,0
2,trf_16_1301a,0.38357052976053396,10.0,3.8357052976053394,0
2,trf_16_2139a,1.3496339634719605,25.0,5.398535853887841,0
2,trf_16_6081a,0.15832841029853043,10.0,1.5832841029853042,0
2,trf_6_1019a,1.6443266864077943,25.0,6.577306745631177,0
2,trf_11_2597a,0.3794784035306087,10.0,3.794784035306087,0
2,trf_11_130a,0.33595132143035117,15.0,2.239675476202341,0
2,trf_6_4704a,1.032591339027759,10.0,10.32591339027759,0
2,trf_6_733a,0.049403877388857514,10.0,0.4940387738885751,0
2,trf_11_305a,0.8701454519791619,75.0,1.160193935972216,0
2,trf_16_539a,0.04960905116364026,10.0,0.4960905116364026,0
2,trf_6_1151a,0.5787576677084967,30.0,1.929192225694989,0
2,trf_6_4764a,0.26831994110861906,75.0,0.35775992147815877,0
2,trf_6_4765a,0.44718438914027414,150.0,0.2981229260935161,0
2,trf_16_538a,0.44445780092336984,30.0,1.4815260030778994,0
2,trf_11_133a,0.049469742919059305,10.0,0.49469742919059306,0
2,trf_6_723a,0.5186500236168996,15.0,3.457666824112664,0
2,trf_6_722a,0.17974670772339638,15.0,1.1983113848226425,0
2,trf_6_726a,0.07937644227031403,15.0,0.5291762818020935,0
2,trf_6_737a,0.49004099625876996,15.0,3.2669399750584662,0
2,trf_6_728a,0.9013585991011489,30.0,3.0045286636704964,0
2,trf_6_125a,0.048499647707116574,10.0,0.4849964770711657,0
2,trf_6_3011a,0.20153238556366682,10.0,2.015323855636668,0
2,trf_6_3819a,1.129508493992536,30.0,3.7650283133084534,0
2,trf_6_1344a,0.13949600104463056,10.0,1.3949600104463056,0
2,trf_6_122a,0.08152832234773438,10.0,0.8152832234773438,0
2,trf_6_1212a,0.4255890127473908,25.0,1.7023560509895632,0
2,trf_6_1213a,0.15748552331720495,10.0,1.5748552331720496,0
2,trf_6_1139a,0.8758335999288063,15.0,5.838890666192042,0
2,trf_6_1145a,0.2817625962276635,10.0,2.817625962276635,0
2,trf_16_302a,0.1143534719285546,10.0,1.143534719285546,0
2,trf_16_301a,0.3923518984434683,25.0,1.5694075937738732,0
2,trf_6_124a,1.4566958367351999,45.0,3.2371018594115553,0
2,trf_16_6318a,1.0484721125798773,45.0,2.329938027955283,0
2,trf_16_303a,0.4452516827472997,15.0,2.9683445516486646,0
2,trf_6_1256a,0.16508234452253032,10.0,1.6508234452253032,0
2,trf_6_2090a,0.5948562908342113,15.0,3.965708605561409,0
2,trf_6_1445a,0.27698917790347255,10.0,2.7698917790347255,0
2,trf_6_4766a,0.3678561595483318,112.5,0.32698325293185043,0
2,trf_16_3549a,0.0,10.0,0.0,0
2,trf_11_4675a,0.4454098579696951,150.0,0.2969399053131301,0
2,trf_16_4173a,0.1959626232120672,10.0,1.9596262321206719,0
2,trf_6_4662a,0.7291242659759186,300.0,0.24304142199197287,0
2,trf_6_2860a,0.4119186963864336,10.0,4.119186963864336,0
2,trf_6_1178a,0.3392612216721167,15.0,2.2617414778141116,0
2,trf_6_4249a,0.5416689683496538,25.0,2.1666758733986153,0
2,trf_6_2887a,0.3050666120766595,10.0,3.0506661207665955,0
2,trf_6_2064a,0.13188815331412557,5.0,2.637763066282511,0
2,trf_6_4161a,0.1339143753947448,10.0,1.339143753947448,0
2,trf_6_1960a,0.25286050249823294,10.0,2.5286050249823293,0
2,trf_6_6394a,0.475118669875086,25.0,1.900474679500344,0
2,trf_6_3613a,0.12309532231022885,10.0,1.2309532231022886,0
2,trf_6_738a,0.03478289028142841,5.0,0.6956578056285683,0
2,trf_16_2195a,1.509950941000565,15.0,10.066339606670432,0
2,trf_16_4674a,0.6186554656917405,225.0,0.27495798475188465,0
2,trf_6_2417a,0.306862733773242,10.0,3.06862733773242,0
2,trf_16_4687a,0.2696085267669447,75.0,0.35947803568925957,0
2,trf_16_2428a,0.1729897034259338,5.0,3.4597940685186765,0
2,trf_16_2658a,0.19008356091346548,15.0,1.2672237394231032,0
2,trf_6_1177a,2.2097758904970393,75.0,2.9463678539960525,0
2,trf_6_4661a,0.44731302509734583,150.0,0.29820868339823053,0
2,trf_6_3019a,0.20749646765653285,10.0,2.0749646765653287,0
2,trf_6_3013a,0.43761881015734644,5.0,8.752376203146929,0
2,trf_16_3364a,0.28974436512741103,15.0,1.9316291008494069,0
2,trf_6_3563a,0.4671732642262716,10.0,4.671732642262716,0
2,trf_16_3328a,0.1855437327766246,10.0,1.855437327766246,0
2,trf_6_3721a,0.029784357499725002,5.0,0.5956871499945,0
2,trf_6_3434a,0.29698330888714103,5.0,5.93966617774282,0
2,trf_6_3010a,0.09445481589731912,10.0,0.9445481589731912,0
2,trf_6_3509a,0.7677648472212869,5.0,15.355296944425737,0
2,trf_16_6165a,0.0,15.0,0.0,0
2,trf_6_3142a,0.14820806758639418,10.0,1.482080675863942,0
2,trf_16_3908a,0.0,10.0,0.0,0
2,trf_6_3604a,0.07062151442587883,10.0,0.7062151442587883,0
2,trf_6_3012a,0.12274895325782371,10.0,1.2274895325782371,0
2,trf_6_3507a,0.19270334437075684,10.0,1.9270334437075682,0
2,trf_34_5142a,0.13126402205112067,10.0,1.3126402205112067,0
2,trf_6_3508a,0.04470407283703257,10.0,0.4470407283703257,0
2,trf_6_3634a,0.38581430599405286,10.0,3.8581430599405286,0
2,trf_6_3224a,0.11543495651739082,5.0,2.3086991303478164,0
2,trf_16_3904a,0.2950816479358043,10.0,2.9508164793580436,0
2,trf_11_3987a,0.3201561947062965,5.0,6.4031238941259305,0
2,trf_16_3997a,0.5138944874565909,30.0,1.7129816248553031,0
2,trf_6_3817a,0.10258093072876438,5.0,2.0516186145752875,0
2,trf_6_3818a,0.33898941936854593,10.0,3.389894193685459,0
2,trf_16_1142a,1.0037787014832693,45.0,2.2306193366294873,0
2,trf_34_5260a,0.29260322276219847,10.0,2.9260322276219846,0
2,trf_6_5725a,0.729797820310747,300.0,0.24326594010358235,0
2,trf_6_5472a,0.348383986719153,15.0,2.32255991146102,0
2,trf_6_4925a,0.36790799314656375,112.5,0.32702932724139,0
2,trf_6_3256a,1.3076579237242867,15.0,8.717719491495245,0
2,trf_6_4998a,0.3673201211135362,112.5,0.3265067743231433,0
2,trf_16_5055a,0.6631951082958796,10.0,6.631951082958795,0
2,trf_6_724a,0.49782391651356145,30.0,1.6594130550452049,0
2,trf_11_4785a,0.1756422292989773,10.0,1.756422292989773,0
2,trf_16_5003a,0.07160780810787026,15.0,0.4773853873858017,0
2,trf_6_5157a,0.7293307559137632,300.0,0.2431102519712544,0
2,trf_6_5085a,0.8500831637129088,30.0,2.8336105457096963,0
2,trf_6_5595a,0.5784278616166746,30.0,1.928092872055582,0
2,trf_11_5652a,0.0594223791924245,15.0,0.3961491946161633,0
2,trf_16_5666a,0.09041907297232633,10.0,0.9041907297232633,0
2,trf_6_5711a,0.4451073595246583,30.0,1.4836911984155277,0
2,trf_6_5712a,0.9662237005945218,30.0,3.220745668648406,0
2,trf_6_5659a,0.27679396583160903,30.0,0.9226465527720301,0
2,trf_6_1262a,0.31911304200524643,10.0,3.191130420052464,0
2,trf_16_6019a,0.05360500172230349,10.0,0.5360500172230349,0
2,trf_16_6122a,0.044972012722126024,10.0,0.4497201272212602,0
2,trf_6_6158a,1.8616324462284908,45.0,4.136960991618868,0
2,trf_6_6197a,2.802880903789322,75.0,3.737174538385763,0
2,trf_6_6153a,3.7593962653544737,30.0,12.531320884514912,0
2,trf_6_1504a,0.36312531445455337,30.0,1.2104177148485111,0
2,trf_6_6249a,1.282808916798634,30.0,4.276029722662114,0
2,trf_16_6312a,0.33428934452448644,30.0,1.1142978150816214,0
2,trf_6_6386a,0.446926556472045,150.0,0.29795103764803,0
2,trf_6_4627a,0.36786533669846594,112.5,0.3269914103986364,0
2,trf_11_6443a,0.4454082187147551,150.0,0.2969388124765034,0
2,trf_12_6577a,0.13858394100695012,30.0,0.4619464700231671,0
2,trf_12_6578a,0.18313102680472618,45.0,0.40695783734383595,0
2,trf_11_6482a,0.1831175732395126,45.0,0.4069279405322503,0
2,trf_6_1647a,0.19151389032252697,10.0,1.91513890322527,0
2,trf_6_6496a,0.36720274823791227,112.5,0.32640244287814424,0
2,trf_6_727a,1.1363576670674689,30.0,3.7878588902248964,0
3,trf_6_1030a,0.4411514215819787,10.0,4.411514215819787,0
3,trf_6_878a,0.09396464594120198,10.0,0.9396464594120199,0
3,trf_16_1585a,0.14519455020050462,15.0,0.9679636680033641,0
3,trf_16_3545a,0.04495174201962694,10.0,0.4495174201962694,0
3,trf_16_1143a,1.8783487886061772,30.0,6.2611626286872575,0
3,trf_16_6460a,0.6101785551554955,25.0,2.440714220621982,0
3,trf_6_725a,0.04961561606025747,10.0,0.49615616060257467,0
3,trf_6_3820a,0.6083352610516884,15.0,4.055568407011256,0
3,trf_6_3538a,0.40924572288693095,10.0,4.092457228869309,0
3,trf_6_4910a,6.5465352733540385,30.0,21.821784244513463,0
3,trf_6_1870a,0.20860324279643566,15.0,1.3906882853095712,0
3,trf_6_127a,0.7942970474892416,15.0,5.295313649928277,0
3,trf_6_1541a,0.5515354749407481,15.0,3.676903166271654,0
3,trf_6_1503a,0.23727217595596506,10.0,2.3727217595596506,0
3,trf_6_6272a,0.19184457062219482,15.0,1.2789638041479656,0
3,trf_6_128a,0.3067741629492941,15.0,2.0451610863286276,0
3,trf_6_1260a,0.04462346660725783,10.0,0.4462346660725783,0
3,trf_6_1350a,0.6227051567130529,45.0,1.3837892371401175,0
3,trf_6_808a,0.4730416781285532,15.0,3.153611187523688,0
3,trf_6_1475a,0.6564564514958782,15.0,4.3763763433058545,0
3,trf_6_1138a,0.7325383259982884,10.0,7.325383259982884,0
3,trf_6_1146a,0.7058334911677044,10.0,7.058334911677045,0
3,trf_16_2916a,0.4195518916481379,10.0,4.195518916481379,0
3,trf_16_1140a,0.04491028416008644,10.0,0.44910284160086433,0
3,trf_16_5474a,0.36600076669446846,10.0,3.660007666944685,0
3,trf_16_3548a,0.6743226232490172,10.0,6.743226232490171,0
3,trf_16_1141a,0.4458643351584119,15.0,2.972428901056079,0
3,trf_6_810a,0.7763677274068039,30.0,2.5878924246893464,0
3,trf_16_300a,0.3789088571659243,15.0,2.5260590477728284,0
3,trf_16_3130a,1.0794539796646052,30.0,3.5981799322153507,0
3,trf_11_4955a,1.6120547949721071,15.0,10.747031966480714,0
3,trf_11_131a,0.7035061462029873,10.0,7.035061462029873,0
3,trf_6_1048a,0.19273982281116203,15.0,1.2849321520744137,0
3,trf_6_129a,0.34208443795658683,10.0,3.4208443795658683,0
3,trf_34_1018a,0.2041814799378263,5.0,4.083629598756525,0
3,trf_16_5730a,0.30214101698843865,25.0,1.2085640679537546,0
3,trf_16_1144a,0.4707833173127581,15.0,3.138555448751721,0
3,trf_6_6273a,1.1148462484036483,30.0,3.7161541613454943,0
3,trf_6_1238a,0.47667861511818627,15.0,3.177857434121242,0
3,trf_6_731a,0.18715202300903153,15.0,1.2476801533935433,0
3,trf_6_732a,0.6851746077737084,30.0,2.283915359245695,0
3,trf_16_6082a,0.32468210804541464,15.0,2.164547386969431,0
3,trf_16_537a,0.1764700178083299,5.0,3.5294003561665983,0
3,trf_16_3996a,1.275287112579878,15.0,8.501914083865852,0
3,trf_16_1095a,0.34683608950411116,15.0,2.3122405966940742,0
3,trf_6_730a,0.2511755349797972,15.0,1.6745035665319814,0
3,trf_34_1649a,0.11923697593363017,5.0,2.3847395186726033,0
3,trf_34_5029a,0.3103895897667152,10.0,3.103895897667152,0
3,trf_34_1581a,0.4609893136757543,10.0,4.6098931367575435,0
3,trf_11_132a,0.29546188556597813,10.0,2.954618855659781,0
3,trf_16_3221a,0.903264937772663,25.0,3.613059751090652,0
3,trf_16_504a,0.734424804921064,15.0,4.896165366140426,0
3,trf_6_735a,0.15128727319181676,10.0,1.5128727319181676,0
3,trf_6_4489a,1.7816115524843632,25.0,7.126446209937453,0
3,trf_6_729a,0.795012882295226,15.0,5.300085881968173,0
3,trf_16_299a,1.1433917022066387,45.0,2.540870449348086,0
3,trf_16_1301a,0.3512128112880899,10.0,3.512128112880899,0
3,trf_16_2139a,1.2272234169313427,25.0,4.908893667725371,0
3,trf_16_6081a,0.14724020810127453,10.0,1.4724020810127452,0
3,trf_6_1019a,1.4935802765167072,25.0,5.974321106066828,0
3,trf_11_2597a,0.34707016420973286,10.0,3.4707016420973282,0
3,trf_11_130a,0.3109640696517624,15.0,2.073093797678416,0
3,trf_6_4704a,0.9487278174470924,10.0,9.487278174470925,0
3,trf_6_733a,0.04894459514007148,10.0,0.48944595140071484,0
3,trf_11_305a,0.8112898738708576,75.0,1.08171983182781,0
3,trf_16_539a,0.04961420180320409,10.0,0.4961420180320409,0
3,trf_6_1151a,0.5358707145680454,30.0,1.786235715226818,0
3,trf_6_4764a,0.26830402214693555,75.0,0.3577386961959141,0
3,trf_6_4765a,0.44715697998371773,150.0,0.2981046533224785,0
3,trf_16_538a,0.414623833615288,30.0,1.3820794453842933,0
3,trf_11_133a,0.04948092456563186,10.0,0.4948092456563186,0
3,trf_6_723a,0.47597205153906746,15.0,3.17314701026045,0
3,trf_6_722a,0.16989944375303134,15.0,1.1326629583535424,0
3,trf_6_726a,0.07937032361962448,15.0,0.5291354907974966,0
3,trf_6_737a,0.450143720793818,15.0,3.0009581386254536,0
3,trf_6_728a,0.8272783038114121,30.0,2.75759434603804,0
3,trf_6_125a,0.04812523820894707,10.0,0.48125238208947063,0
3,trf_6_3011a,0.18673671411828954,10.0,1.8673671411828956,0
3,trf_6_3819a,1.0336344382050062,30.0,3.4454481273500206,0
3,trf_6_1344a,0.1302383447188169,10.0,1.302383447188169,0
3,trf_6_122a,0.07840403283280192,10.0,0.7840403283280193,0
3,trf_6_1212a,0.39195104698440075,25.0,1.567804187937603,0
3,trf_6_1213a,0.14778439592978398,10.0,1.4778439592978398,0
3,trf_6_1139a,0.7970280957609412,15.0,5.313520638406275,0
3,trf_6_1145a,0.26004700776798473,10.0,2.600470077679847,0
3,trf_16_302a,0.1075342146379938,10.0,1.075342146379938,0
3,trf_16_301a,0.36284502063936885,25.0,1.4513800825574754,0
3,trf_6_124a,1.333449802617989,45.0,2.963221783595531,0
3,trf_16_6318a,0.9644465484674165,45.0,2.1432145521498147,0
3,trf_16_303a,0.4087893369471356,15.0,2.7252622463142373,0
3,trf_6_1256a,0.15379401836926646,10.0,1.5379401836926645,0
3,trf_6_2090a,0.5448392729155215,15.0,3.63226181943681,0
3,trf_6_1445a,0.2544071438471575,10.0,2.5440714384715752,0
3,trf_6_4766a,0.3678405006566319,112.5,0.3269693339170061,0
3,trf_16_3549a,0.0,10.0,0.0,0
3,trf_11_4675a,0.4454648379334379,150.0,0.29697655862229194,0
3,trf_16_4173a,0.1812383038236479,10.0,1.812383038236479,0
3,trf_6_4662a,0.7290578537466458,300.0,0.24301928458221525,0
3,trf_6_2860a,0.37635528475377505,10.0,3.7635528475377504,0
3,trf_6_1178a,0.3120927332748606,15.0,2.080618221832404,0
3,trf_6_4249a,0.4968901566948474,25.0,1.9875606267793895,0
3,trf_6_2887a,0.27981250673407065,10.0,2.7981250673407065,0
3,trf_6_2064a,0.12194990898735555,5.0,2.438998179747111,0
3,trf_6_4161a,0.1251934489266734,10.0,1.251934489266734,0
3,trf_6_1960a,0.2326312842985119,10.0,2.3263128429851188,0
3,trf_6_6394a,0.43668942486005685,25.0,1.7467576994402274,0
3,trf_6_3613a,0.11542659826366,10.0,1.1542659826366,0
3,trf_6_738a,0.03478247797226647,5.0,0.6956495594453294,0
3,trf_16_2195a,1.3703588458249898,15.0,9.135725638833264,0
3,trf_16_4674a,0.6187329329266359,225.0,0.2749924146340604,0
3,trf_6_2417a,0.28141620491945224,10.0,2.8141620491945227,0
3,trf_16_4687a,0.26960653577180893,75.0,0.35947538102907856,0
3,trf_16_2428a,0.15907964666288232,5.0,3.1815929332576465,0
3,trf_16_2658a,0.17923895484120778,15.0,1.1949263656080518,0
3,trf_6_1177a,2.110404420478487,75.0,2.8138725606379826,0
3,trf_6_4661a,0.4473174699552337,150.0,0.2982116466368224,0
3,trf_6_3019a,0.19165430350935717,10.0,1.9165430350935715,0
3,trf_6_3013a,0.398241832010721,5.0,7.96483664021442,0
3,trf_16_3364a,0.26921636296554213,15.0,1.7947757531036141,0
3,trf_6_3563a,0.42632889360010356,10.0,4.263288936001036,0
3,trf_16_3328a,0.17181268683835738,10.0,1.718126868383574,0
3,trf_6_3721a,0.029781261414459685,5.0,0.5956252282891936,0
3,trf_6_3434a,0.27115069144392273,5.0,5.423013828878455,0
3,trf_6_3010a,0.08959071662108319,10.0,0.8959071662108318,0
3,trf_6_3509a,0.6967002216608205,5.0,13.93400443321641,0
3,trf_16_6165a,0.0,15.0,0.0,0
3,trf_6_3142a,0.1380806795872776,10.0,1.3808067958727759,0
3,trf_16_3908a,0.0,10.0,0.0,0
3,trf_6_3604a,0.06807546880387388,10.0,0.6807546880387388,0
3,trf_6_3012a,0.11511841710032569,10.0,1.151184171003257,0
3,trf_6_3507a,0.17828813357644474,10.0,1.7828813357644475,0
3,trf_34_5142a,0.12279640013736787,10.0,1.2279640013736786,0
3,trf_6_3508a,0.044699803001442426,10.0,0.44699803001442423,0
3,trf_6_3634a,0.3527802268178459,10.0,3.5278022681784584,0
3,trf_6_3224a,0.10708372823159351,5.0,2.1416745646318702,0
3,trf_16_3904a,0.27078545947332217,10.0,2.7078545947332215,0
3,trf_11_3987a,0.2920860083830961,5.0,5.841720167661922,0
3,trf_16_3997a,0.47732142466274236,30.0,1.5910714155424743,0
3,trf_6_3817a,0.0954762810629295,5.0,1.9095256212585903,0
3,trf_6_3818a,0.3104258651822014,10.0,3.104258651822014,0
3,trf_16_1142a,0.9241009241897182,45.0,2.0535576093104853,0
3,trf_34_5260a,0.2685512692763319,10.0,2.685512692763319,0
3,trf_6_5725a,0.7297457913430057,300.0,0.24324859711433522,0
3,trf_6_5472a,0.32031368093417084,15.0,2.135424539561139,0
3,trf_6_4925a,0.36789394994833674,112.5,0.3270168443985215,0
3,trf_6_3256a,1.1875884614916061,15.0,7.9172564099440415,0
3,trf_6_4998a,0.36729576017274984,112.5,0.32648512015355546,0
3,trf_16_5055a,0.6034962703490895,10.0,6.034962703490895,0
3,trf_6_724a,0.46274962708942974,30.0,1.5424987569647657,0
3,trf_11_4785a,0.1628707840672753,10.0,1.6287078406727526,0
3,trf_16_5003a,0.07044068423544163,15.0,0.46960456156961083,0
3,trf_6_5157a,0.7292743467530106,300.0,0.2430914489176702,0
3,trf_6_5085a,0.7809889557238153,30.0,2.6032965190793846,0
3,trf_6_5595a,0.5356217353814435,30.0,1.7854057846048117,0
3,trf_11_5652a,0.059431211795944315,15.0,0.39620807863962876,0
3,trf_16_5666a,0.08596250663848777,10.0,0.8596250663848777,0
3,trf_6_5711a,0.4151509867098943,30.0,1.3838366223663143,0
3,trf_6_5712a,0.8858873353118633,30.0,2.9529577843728774,0
3,trf_6_5659a,0.26326792427434254,30.0,0.8775597475811417,0
3,trf_6_1262a,0.2929348573956889,10.0,2.929348573956889,0
3,trf_16_6019a,0.05276689683695683,10.0,0.5276689683695683,0
3,trf_16_6122a,0.04497275769938487,10.0,0.44972757699384874,0
3,trf_6_6158a,1.6994567442950428,45.0,3.7765705428778724,0
3,trf_6_6197a,2.5574493227892496,75.0,3.409932430385666,0
3,trf_6_6153a,3.5248640890409697,30.0,11.749546963469898,0
3,trf_6_1504a,0.34119897148335704,30.0,1.1373299049445234,0
3,trf_6_6249a,1.1720820053428314,30.0,3.906940017809438,0
3,trf_16_6312a,0.31517226207297905,30.0,1.0505742069099302,0
3,trf_6_6386a,0.4468991223914869,150.0,0.29793274826099125,0
3,trf_6_4627a,0.36784998665992436,112.5,0.3269777659199327,0
3,trf_11_6443a,0.4454630405826087,150.0,0.29697536038840583,0
3,trf_12_6577a,0.13860112726605098,30.0,0.46200375755350326,0
3,trf_12_6578a,0.18315373749697744,45.0,0.40700830554883877,0
3,trf_11_6482a,0.1831402822632608,45.0,0.40697840502946847,0
3,trf_6_1647a,0.17720227014038323,10.0,1.7720227014038321,0
3,trf_6_6496a,0.36717505664653083,112.5,0.3263778281302496,0
3,trf_6_727a,1.0396395435078971,30.0,3.4654651450263234,0
4,trf_6_1030a,0.44546427274073425,10.0,4.454642727407342,0
4,trf_6_878a,0.09451487189994219,10.0,0.945148718999422,0
4,trf_16_1585a,0.14592896218995163,15.0,0.9728597479330109,0
4,trf_16_3545a,0.04495195977876326,10.0,0.4495195977876326,0
4,trf_16_1143a,1.8974235703623497,30.0,6.324745234541166,0
4,trf_16_6460a,0.6160201906832165,25.0,2.464080762732866,0
4,trf_6_725a,0.0496167774509178,10.0,0.49616777450917793,0
4,trf_6_3820a,0.6143613657061564,15.0,4.095742438041042,0
4,trf_6_3538a,0.41324727218773777,10.0,4.132472721877377,0
4,trf_6_4910a,6.61636730673354,30.0,22.0545576891118,0
4,trf_6_1870a,0.21025784731594496,15.0,1.4017189821062996,0
4,trf_6_127a,0.8023414695824611,15.0,5.348943130549741,0
4,trf_6_1541a,0.5567341236361576,15.0,3.7115608242410505,0
4,trf_6_1503a,0.23939935704158227,10.0,2.3939935704158226,0
4,trf_6_6272a,0.19331200841170554,15.0,1.2887467227447036,0
4,trf_6_128a,0.30949905865663885,15.0,2.063327057710926,0
4,trf_6_1260a,0.044623924830297264,10.0,0.4462392483029727,0
4,trf_6_1350a,0.627589282034058,45.0,1.3946428489645732,0
4,trf_6_808a,0.4773932880558417,15.0,3.182621920372278,0
4,trf_6_1475a,0.6709964636442504,15.0,4.4733097576283365,0
4,trf_6_1138a,0.740082738754809,10.0,7.400827387548089,0
4,trf_6_1146a,0.7130838227045259,10.0,7.130838227045258,0
4,trf_16_2916a,0.4236739843425592,10.0,4.236739843425592,0
4,trf_16_1140a,0.044910609623565384,10.0,0.44910609623565384,0
4,trf_16_5474a,0.3695371882008437,10.0,3.6953718820084367,0
4,trf_16_3548a,0.6931471888377365,10.0,6.931471888377365,0
4,trf_16_1141a,0.4501161066426254,15.0,3.0007740442841695,0
4,trf_6_810a,0.7834183114003198,30.0,2.6113943713343994,0
4,trf_16_300a,0.3824264956049643,15.0,2.5495099706997615,0
4,trf_16_3130a,1.0898075469480062,30.0,3.632691823160021,0
4,trf_11_4955a,1.6290021266433299,15.0,10.8600141776222,0
4,trf_11_131a,0.7106685090288057,10.0,7.106685090288058,0
4,trf_6_1048a,0.19400576840526493,15.0,1.293371789368433,0
4,trf_6_129a,0.34534816115355405,10.0,3.4534816115355405,0
4,trf_34_1018a,0.2061019988938919,5.0,4.122039977877838,0
4,trf_16_5730a,0.304611991909926,25.0,1.218447967639704,0
4,trf_16_1144a,0.47531017126989716,15.0,3.1687344751326476,0
4,trf_6_6273a,1.1256060751071941,30.0,3.7520202503573135,0
4,trf_6_1238a,0.4812737050673426,15.0,3.208491367115618,0
4,trf_6_731a,0.18835490244278977,15.0,1.2556993496185984,0
4,trf_6_732a,0.6912241724929485,30.0,2.304080574976495,0
4,trf_16_6082a,0.3276081880253872,15.0,2.1840545868359147,0
4,trf_16_537a,0.17803676457305045,5.0,3.560735291461009,0
4,trf_16_3996a,1.2886033719790146,15.0,8.590689146526763,0
4,trf_16_1095a,0.35000894504801566,15.0,2.333392966986771,0
4,trf_6_730a,0.2552763896928959,15.0,1.7018425979526393,0
4,trf_34_1649a,0.12022790220968436,5.0,2.4045580441936876,0
4,trf_34_5029a,0.31331651884613076,10.0,3.133165188461308,0
4,trf_34_1581a,0.46556152154599795,10.0,4.65561521545998,0
4,trf_11_132a,0.2982230402346984,10.0,2.9822304023469846,0
4,trf_16_3221a,0.9123182065661426,25.0,3.6492728262645704,0
4,trf_16_504a,0.8098264719925018,15.0,5.398843146616679,0
4,trf_6_735a,0.15241908036489454,10.0,1.5241908036489453,0
4,trf_6_4489a,1.800250615070597,25.0,7.201002460282387,0
4,trf_6_729a,0.8028880033223853,15.0,5.352586688815903,0
4,trf_16_299a,1.1539808196958647,45.0,2.564401821546366,0
4,trf_16_1301a,0.35453645159156655,10.0,3.545364515915666,0
4,trf_16_2139a,1.239788436881012,25.0,4.959153747524048,0
4,trf_16_6081a,0.14837844747824355,10.0,1.4837844747824356,0
4,trf_6_1019a,1.5090601556092857,25.0,6.036240622437143,0
4,trf_11_2597a,0.3504001814031605,10.0,3.504001814031605,0
4,trf_11_130a,0.3135299710780617,15.0,2.0901998071870778,0
4,trf_6_4704a,0.9794491255274641,10.0,9.794491255274641,0
4,trf_6_733a,0.04899224586789077,10.0,0.4899224586789077,0
4,trf_11_305a,0.8173345451802904,75.0,1.0897793935737206,0
4,trf_16_539a,0.04961425327038775,10.0,0.4961425327038775,0
4,trf_6_1151a,0.5402758906982387,30.0,1.8009196356607957,0
4,trf_6_4764a,0.268309153365758,75.0,0.35774553782101065,0
4,trf_6_4765a,0.4471656827936773,150.0,0.29811045519578483,0
4,trf_16_538a,0.41768663762269437,30.0,1.3922887920756477,0
4,trf_11_133a,0.04948043524920277,10.0,0.4948043524920277,0
4,trf_6_723a,0.4803569768071539,15.0,3.2023798453810257,0
4,trf_6_722a,0.17091149034823638,15.0,1.1394099356549092,0
4,trf_6_726a,0.0793723031152173,15.0,0.5291486874347819,0
4,trf_6_737a,0.4542418196802313,15.0,3.0282787978682086,0
4,trf_6_728a,0.8348896115140706,30.0,2.7829653717135683,0
4,trf_6_125a,0.048164035082719193,10.0,0.4816403508271919,0
4,trf_6_3011a,0.188256485837797,10.0,1.88256485837797,0
4,trf_6_3819a,1.0434796463920746,30.0,3.478265487973582,0
4,trf_6_1344a,0.13118845626099881,10.0,1.3118845626099882,0
4,trf_6_122a,0.07872520061951647,10.0,0.7872520061951647,0
4,trf_6_1212a,0.39540745257373217,25.0,1.5816298102949287,0
4,trf_6_1213a,0.15134342849929586,10.0,1.5134342849929587,0
4,trf_6_1139a,0.805119681789893,15.0,5.367464545265954,0
4,trf_6_1145a,0.26483521820737965,10.0,2.6483521820737965,0
4,trf_16_302a,0.1082340682742906,10.0,1.082340682742906,0
4,trf_16_301a,0.3658758970079491,25.0,1.4635035880317964,0
4,trf_6_124a,1.3461054099612098,45.0,2.991345355469355,0
4,trf_16_6318a,0.9730764935965623,45.0,2.1623922079923608,0
4,trf_16_303a,0.412534800751144,15.0,2.7502320050076268,0
4,trf_6_1256a,0.154953860112796,10.0,1.54953860112796,0
4,trf_6_2090a,0.5499779481096798,15.0,3.666519654064532,0
4,trf_6_1445a,0.256727628003887,10.0,2.56727628003887,0
4,trf_6_4766a,0.3678464751166723,112.5,0.32697464454815317,0
4,trf_16_3549a,0.0,10.0,0.0,0
4,trf_11_4675a,0.4454647074361914,150.0,0.2969764716241276,0
4,trf_16_4173a,0.18274964476860717,10.0,1.8274964476860718,0
4,trf_6_4662a,0.7290776837271745,300.0,0.24302589457572485,0
4,trf_6_2860a,0.3800083272517474,10.0,3.800083272517474,0
4,trf_6_1178a,0.3148821210038427,15.0,2.099214140025618,0
4,trf_6_4249a,0.5014871656762837,25.0,2.005948662705135,0
4,trf_6_2887a,0.282405371347667,10.0,2.82405371347667,0
4,trf_6_2064a,0.12297024688297918,5.0,2.459404937659584,0
4,trf_6_4161a,0.12608878672627533,10.0,1.2608878672627533,0
4,trf_6_1960a,0.23470846029355497,10.0,2.3470846029355497,0
4,trf_6_6394a,0.4406354152840258,25.0,1.7625416611361033,0
4,trf_6_3613a,0.11621389211564963,10.0,1.1621389211564963,0
4,trf_6_738a,0.034782850423977295,5.0,0.6956570084795459,0
4,trf_16_2195a,1.3846923293460252,15.0,9.231282195640167,0
4,trf_16_4674a,0.6187325567078945,225.0,0.27499224742573086,0
4,trf_6_2417a,0.2840297284042591,10.0,2.840297284042591,0
4,trf_16_4687a,0.2696074980347213,75.0,0.3594766640462951,0
4,trf_16_2428a,0.1605077025186878,5.0,3.210154050373756,0
4,trf_16_2658a,0.18035265028114084,15.0,1.2023510018742722,0
4,trf_6_1177a,2.1206172561333454,75.0,2.8274896748444607,0
4,trf_6_4661a,0.4473214464372743,150.0,0.2982142976248495,0
4,trf_6_3019a,0.1932821876317986,10.0,1.9328218763179863,0
4,trf_6_3013a,0.4022849912135504,5.0,8.045699824271008,0
4,trf_16_3364a,0.27132447195196424,15.0,1.8088298130130949,0
4,trf_6_3563a,0.4305222925256781,10.0,4.30522292525678,0
4,trf_16_3328a,0.17322331613280964,10.0,1.7322331613280966,0
4,trf_6_3721a,0.029782091035624302,5.0,0.5956418207124861,0
4,trf_6_3434a,0.27380494363840396,5.0,5.476098872768079,0
4,trf_6_3010a,0.0900899598736136,10.0,0.9008995987361359,0
4,trf_6_3509a,0.7039967720158413,5.0,14.079935440316826,0
4,trf_16_6165a,0.0,15.0,0.0,0
4,trf_6_3142a,0.1391212715220738,10.0,1.3912127152207379,0
4,trf_16_3908a,0.0,10.0,0.0,0
4,trf_6_3604a,0.06833747377323726,10.0,0.6833747377323726,0
4,trf_6_3012a,0.11590180149154725,10.0,1.1590180149154725,0
4,trf_6_3507a,0.179769363867053,10.0,1.79769363867053,0
4,trf_34_5142a,0.12366571685275855,10.0,1.2366571685275856,0
4,trf_6_3508a,0.044701005361459774,10.0,0.4470100536145978,0
4,trf_6_3634a,0.35617216415776753,10.0,3.5617216415776753,0
4,trf_6_3224a,0.10794115467495925,5.0,2.158823093499185,0
4,trf_16_3904a,0.2732797047825354,10.0,2.7327970478253536,0
4,trf_11_3987a,0.2949701987656346,5.0,5.8994039753126915,0
4,trf_16_3997a,0.4810764389540655,30.0,1.6035881298468848,0
4,trf_6_3817a,0.09620559442862546,5.0,1.9241118885725093,0
4,trf_6_3818a,0.313360609981507,10.0,3.13360609981507,0
4,trf_16_1142a,0.9322796763344494,45.0,2.0717326140765544,0
4,trf_34_5260a,0.2710209371382283,10.0,2.710209371382283,0
4,trf_6_5725a,0.7297622743393951,300.0,0.24325409144646504,0
4,trf_6_5472a,0.32319668039192745,15.0,2.1546445359461828,0
4,trf_6_4925a,0.36789961377836256,112.5,0.32702187891410006,0
4,trf_6_3256a,1.1999175924750192,15.0,7.999450616500128,0
4,trf_6_4998a,0.367304008157169,112.5,0.32649245169526137,0
4,trf_16_5055a,0.6096244823589166,10.0,6.096244823589166,0
4,trf_6_724a,0.46635344129697215,30.0,1.5545114709899073,0
4,trf_11_4785a,0.16418315351580962,10.0,1.641831535158096,0
4,trf_16_5003a,0.07056133361725273,15.0,0.47040889078168485,0
4,trf_6_5157a,0.7292925568585922,300.0,0.24309751895286405,0
4,trf_6_5085a,0.7880859092509622,30.0,2.6269530308365407,0
4,trf_6_5595a,0.5400180473912807,30.0,1.8000601579709357,0
4,trf_11_5652a,0.059431380773804256,15.0,0.39620920515869507,0
4,trf_16_5666a,0.08641956444488533,10.0,0.8641956444488533,0
4,trf_6_5711a,0.4182290320930813,30.0,1.3940967736436043,0
4,trf_6_5712a,0.8941414451114221,30.0,2.9804714837047404,0
4,trf_6_5659a,0.2646582143925256,30.0,0.8821940479750854,0
4,trf_6_1262a,0.29562450507400206,10.0,2.9562450507400206,0
4,trf_16_6019a,0.05285285429258571,10.0,0.528528542925857,0
4,trf_16_6122a,0.044972685493640925,10.0,0.4497268549364093,0
4,trf_6_6158a,1.716112064890626,45.0,3.813582366423613,0
4,trf_6_6197a,2.5826655740021165,75.0,3.4435540986694884,0
4,trf_6_6153a,3.5743089681198597,30.0,11.914363227066199,0
4,trf_6_1504a,0.3434505030398991,30.0,1.144835010132997,0
4,trf_6_6249a,1.183453521125428,30.0,3.944845070418093,0
4,trf_16_6312a,0.31713483666511255,30.0,1.0571161222170418,0
4,trf_6_6386a,0.4469084478700998,150.0,0.2979389652467332,0
4,trf_6_4627a,0.367855902639253,112.5,0.32698302456822487,0
4,trf_11_6443a,0.44546293726195724,150.0,0.2969752915079715,0
4,trf_12_6577a,0.13860107290792115,30.0,0.46200357635973716,0
4,trf_12_6578a,0.18315366566596167,45.0,0.4070081459243593,0
4,trf_11_6482a,0.1831402104375651,45.0,0.40697824541681127,0
4,trf_6_1647a,0.1786719877343079,10.0,1.786719877343079,0
4,trf_6_6496a,0.367183992951935,112.5,0.3263857715128311,0
4,trf_6_727a,1.0495759441615269,30.0,3.498586480538423,0
5,trf_6_1030a,0.8878302271655619,10.0,8.878302271655619,0
5,trf_6_878a,0.1509752187535865,10.0,1.509752187535865,0
5,trf_16_1585a,0.22143504884711257,15.0,1.4762336589807503,0
5,trf_16_3545a,0.04492931024743121,10.0,0.4492931024743121,0
5,trf_16_1143a,3.863283075078938,30.0,12.877610250263128,0
5,trf_16_6460a,1.2183236774205515,25.0,4.873294709682206,0
5,trf_6_725a,0.04940706274211228,10.0,0.49407062742112284,0
5,trf_6_3820a,1.231084810592323,15.0,8.207232070615486,0
5,trf_6_3538a,0.8229135304067661,10.0,8.229135304067661,0
5,trf_6_4910a,13.764602718565337,30.0,45.88200906188445,0
5,trf_6_1870a,0.37982892946466884,15.0,2.532192863097792,0
5,trf_6_127a,1.6256800843164108,15.0,10.837867228776073,0
5,trf_6_1541a,1.0891417234550484,15.0,7.260944823033657,0
5,trf_6_1503a,0.4580061112051298,10.0,4.580061112051299,0
5,trf_6_6272a,0.343819451145299,15.0,2.2921296743019934,0
5,trf_6_128a,0.5886388798661069,15.0,3.924259199107379,0
5,trf_6_1260a,0.044400254682631674,10.0,0.44400254682631674,0
5,trf_6_1350a,1.129142201948327,45.0,2.5092048932185045,0
5,trf_6_808a,0.9238493978254397,15.0,6.158995985502931,0
5,trf_6_1475a,0.9796995153397248,15.0,6.531330102264832,0
5,trf_6_1138a,1.5153943762973088,10.0,15.153943762973089,0
5,trf_6_1146a,1.458684363125315,10.0,14.586843631253151,0
5,trf_16_2916a,0.8484239944219731,10.0,8.484239944219732,0
5,trf_16_1140a,0.04486481157001697,10.0,0.44864811570016966,0
5,trf_16_5474a,0.7340110884242032,10.0,7.340110884242032,0
5,trf_16_3548a,0.8592798934059213,10.0,8.592798934059212,0
5,trf_16_1141a,0.8889471553693901,15.0,5.926314369129267,0
5,trf_6_810a,1.5067964461692875,30.0,5.022654820564292,0
5,trf_16_300a,0.7430950092891828,15.0,4.953966728594552,0
5,trf_16_3130a,2.1515023023805027,30.0,7.171674341268342,0
5,trf_11_4955a,3.3641557389007026,15.0,22.427704926004687,0
5,trf_11_131a,1.4440752045178136,10.0,14.440752045178135,0
5,trf_6_1048a,0.32408424675557557,15.0,2.1605616450371703,0
5,trf_6_129a,0.6796518191332342,10.0,6.796518191332342,0
5,trf_34_1018a,0.4028077126161253,5.0,8.056154252322505,0
5,trf_16_5730a,0.5583574212916752,25.0,2.233429685166701,0
5,trf_16_1144a,0.9415697559797198,15.0,6.277131706531465,0
5,trf_6_6273a,2.2292998105472117,30.0,7.430999368490705,0
5,trf_6_1238a,0.9526775206188709,15.0,6.351183470792473,0
5,trf_6_731a,0.31207137882411823,15.0,2.080475858827455,0
5,trf_6_732a,1.3123194870980457,30.0,4.374398290326819,0
5,trf_16_6082a,0.6278756076360398,15.0,4.185837384240265,0
5,trf_16_537a,0.33886718176438096,5.0,6.777343635287619,0
5,trf_16_3996a,2.654343160259973,15.0,17.69562106839982,0
5,trf_16_1095a,0.6754138445415754,15.0,4.5027589636105025,0
5,trf_6_730a,0.351507425355567,15.0,2.34338283570378,0
5,trf_34_1649a,0.22184179511244134,5.0,4.436835902248827,0
5,trf_34_5029a,0.6132423014876083,10.0,6.132423014876083,0
5,trf_34_1581a,0.9339701588510345,10.0,9.339701588510346,0
5,trf_11_132a,0.5810647083484252,10.0,5.810647083484252,0
5,trf_16_3221a,1.8412937650944947,25.0,7.365175060377978,0
5,trf_16_504a,1.2007300442608335,15.0,8.004866961738891,0
5,trf_6_735a,0.26874705644848873,10.0,2.6874705644848875,0
5,trf_6_4489a,3.7120510305661916,25.0,14.848204122264768,0
5,trf_6_729a,1.6107106813351377,15.0,10.738071208900918,0
5,trf_16_299a,2.2405759651137522,45.0,4.979057700252782,0
5,trf_16_1301a,0.6954919412138857,10.0,6.954919412138857,0
5,trf_16_2139a,2.5283290767277635,25.0,10.113316306911054,0
5,trf_16_6081a,0.2653488243351959,10.0,2.6534882433519593,0
5,trf_6_1019a,3.0945461996002823,25.0,12.37818479840113,0
5,trf_11_2597a,0.6913896092587185,10.0,6.913896092587185,0
5,trf_11_130a,0.5766097207027745,15.0,3.8440648046851633,0
5,trf_6_4704a,1.045789522317292,10.0,10.457895223172919,0
5,trf_6_733a,0.05367025056597874,10.0,0.5367025056597874,0
5,trf_11_305a,1.4375095740221155,75.0,1.9166794320294873,0
5,trf_16_539a,0.04936113699052559,10.0,0.49361136990525595,0
5,trf_6_1151a,0.993221296233937,30.0,3.3107376541131233,0
5,trf_6_4764a,0.26741275527977276,75.0,0.35655034037303035,0
5,trf_6_4765a,0.4456660379327868,150.0,0.2971106919551912,0
5,trf_16_538a,0.7326298492778381,30.0,2.442099497592794,0
5,trf_11_133a,0.04912040349528741,10.0,0.4912040349528741,0
5,trf_6_723a,0.9301459519476888,15.0,6.2009730129845915,0
5,trf_6_722a,0.27492034536633475,15.0,1.8328023024422317,0
5,trf_6_726a,0.07903604926598379,15.0,0.5269069951065586,0
5,trf_6_737a,0.875170377623085,15.0,5.8344691841539005,0
5,trf_6_728a,1.6156406957788396,30.0,5.3854689859294655,0
5,trf_6_125a,0.05190755868288356,10.0,0.5190755868288356,0
5,trf_6_3011a,0.3439947983926998,10.0,3.4399479839269977,0
5,trf_6_3819a,2.051808985016923,30.0,6.839363283389743,0
5,trf_6_1344a,0.22865438541441963,10.0,2.2865438541441963,0
5,trf_6_122a,0.11164747714369845,10.0,1.1164747714369845,0
5,trf_6_1212a,0.7494624024823165,25.0,2.9978496099292666,0
5,trf_6_1213a,0.15858597947249906,10.0,1.5858597947249904,0
5,trf_6_1139a,1.6373894194031622,15.0,10.915929462687748,0
5,trf_6_1145a,0.3996334472718367,10.0,3.9963344727183667,0
5,trf_16_302a,0.1801287776561605,10.0,1.801287776561605,0
5,trf_16_301a,0.6767229925747662,25.0,2.706891970299065,0
5,trf_6_124a,2.6423599797547985,45.0,5.871911066121775,0
5,trf_16_6318a,1.8577902786176643,45.0,4.128422841372587,0
5,trf_16_303a,0.7963120129877036,15.0,5.3087467532513575,0
5,trf_6_1256a,0.2740794060628655,10.0,2.740794060628655,0
5,trf_6_2090a,1.0771410411316902,15.0,7.180940274211268,0
5,trf_6_1445a,0.49479873580080214,10.0,4.947987358008022,0
5,trf_6_4766a,0.36665753318846883,112.5,0.32591780727863895,0
5,trf_16_3549a,0.0,10.0,0.0,0
5,trf_11_4675a,0.4425562199311196,150.0,0.29503747995407975,0
5,trf_16_4173a,0.3386438771610985,10.0,3.3864387716109854,0
5,trf_6_4662a,0.7259494687401571,300.0,0.241983156246719,0
5,trf_6_2860a,0.7546489713134406,10.0,7.546489713134406,0
5,trf_6_1178a,0.6015392244616822,15.0,4.010261496411214,0
5,trf_6_4249a,0.9722482487882103,25.0,3.888992995152841,0
5,trf_6_2887a,0.5487928819963487,10.0,5.4879288199634875,0
5,trf_6_2064a,0.22785687934822182,5.0,4.557137586964436,0
5,trf_6_4161a,0.21832022688197086,10.0,2.1832022688197084,0
5,trf_6_1960a,0.44826438665282814,10.0,4.4826438665282815,0
5,trf_6_6394a,0.8462656361894406,25.0,3.3850625447577625,0
5,trf_6_3613a,0.1973472040224456,10.0,1.9734720402244559,0
5,trf_6_738a,0.03466152776040424,5.0,0.6932305552080847,0
5,trf_16_2195a,2.854356724726292,15.0,19.029044831508614,0
5,trf_16_4674a,0.6147012598467189,225.0,0.2732005599318751,0
5,trf_6_2417a,0.5522911865887229,10.0,5.522911865887229,0
5,trf_16_4687a,0.2693896484960748,75.0,0.35918619799476637,0
5,trf_16_2428a,0.3077242612185017,5.0,6.154485224370034,0
5,trf_16_2658a,0.29476575978531916,15.0,1.9651050652354611,0
5,trf_6_1177a,2.9746880394401947,75.0,3.9662507192535927,0
5,trf_6_4661a,0.4457347726840702,150.0,0.29715651512271346,0
5,trf_6_3019a,0.36004123885609707,10.0,3.600412388560971,0
5,trf_6_3013a,0.8180896613899151,5.0,16.3617932277983,0
5,trf_16_3364a,0.487713320937817,15.0,3.2514221395854466,0
5,trf_6_3563a,0.8611413660381884,10.0,8.611413660381883,0
5,trf_16_3328a,0.3181108847147493,10.0,3.1811088471474926,0
5,trf_6_3721a,0.029667980633398046,5.0,0.593359612667961,0
5,trf_6_3434a,0.5455533490622654,5.0,10.911066981245309,0
5,trf_6_3010a,0.14176342634685835,10.0,1.4176342634685835,0
5,trf_6_3509a,1.4532324651437125,5.0,29.06464930287425,0
5,trf_16_6165a,0.0,15.0,0.0,0
5,trf_6_3142a,0.2460035301944061,10.0,2.4600353019440613,0
5,trf_16_3908a,0.0,10.0,0.0,0
5,trf_6_3604a,0.09520844254310186,10.0,0.9520844254310186,0
5,trf_6_3012a,0.19674853046513813,10.0,1.9674853046513814,0
5,trf_6_3507a,0.3315487434975792,10.0,3.315487434975792,0
5,trf_34_5142a,0.21291514186351732,10.0,2.129151418635173,0
5,trf_6_3508a,0.044545548507662944,10.0,0.44545548507662946,0
5,trf_6_3634a,0.7047302444547419,10.0,7.047302444547418,0
5,trf_6_3224a,0.1963296317449025,5.0,3.92659263489805,0
5,trf_16_3904a,0.5304589472972256,10.0,5.304589472972256,0
5,trf_11_3987a,0.5903587385879159,5.0,11.807174771758318,0
5,trf_16_3997a,0.8665934204582191,30.0,2.8886447348607303,0
5,trf_6_3817a,0.17125998351225358,5.0,3.425199670245072,0
5,trf_6_3818a,0.6144561687547937,10.0,6.144561687547936,0
5,trf_16_1142a,1.7762051944978061,45.0,3.947122654439569,0
5,trf_34_5260a,0.524136118418846,10.0,5.24136118418846,0
5,trf_6_5725a,0.7269612951739285,300.0,0.24232043172464282,0
5,trf_6_5472a,0.6191850608322121,15.0,4.127900405548081,0
5,trf_6_4925a,0.366730846545635,112.5,0.3259829747072311,0
5,trf_6_3256a,2.4615936589646124,15.0,16.410624393097414,0
5,trf_6_4998a,0.3658302714886369,112.5,0.32518246354545505,0
5,trf_16_5055a,1.24164360877051,10.0,12.416436087705101,0
5,trf_6_724a,0.8363695424059883,30.0,2.7878984746866275,0
5,trf_11_4785a,0.29873441192738365,10.0,2.9873441192738364,0
5,trf_16_5003a,0.08273538617861712,15.0,0.5515692411907808,0
5,trf_6_5157a,0.7262043456162277,300.0,0.24206811520540925,0
5,trf_6_5085a,1.5168685605648937,30.0,5.056228535216312,0
5,trf_6_5595a,0.9906804928012808,30.0,3.302268309337603,0
5,trf_11_5652a,0.05904443761331671,15.0,0.3936295840887781,0
5,trf_16_5666a,0.13390181279650257,10.0,1.3390181279650257,0
5,trf_6_5711a,0.7343368383334957,30.0,2.4477894611116526,0
5,trf_6_5712a,1.7407860613580937,30.0,5.802620204526979,0
5,trf_6_5659a,0.40758378184398236,30.0,1.358612606146608,0
5,trf_6_1262a,0.5715395396357738,10.0,5.715395396357737,0
5,trf_16_6019a,0.06179174065719729,10.0,0.6179174065719729,0
5,trf_16_6122a,0.0449552494271134,10.0,0.4495524942711341,0
5,trf_6_6158a,3.421755902239949,45.0,7.603902004977664,0
5,trf_6_6197a,5.168716621276599,75.0,6.891622161702132,0
5,trf_6_6153a,4.914753497039938,30.0,16.382511656799792,0
5,trf_6_1504a,0.5753375089791701,30.0,1.917791696597234,0
5,trf_6_6249a,2.350917118379654,30.0,7.836390394598847,0
5,trf_16_6312a,0.519097170296407,30.0,1.7303239009880234,0
5,trf_6_6386a,0.445223611552491,150.0,0.29681574103499403,0
5,trf_6_4627a,0.3666705510563632,112.5,0.3259293787167673,0
5,trf_11_6443a,0.44255343189388935,150.0,0.2950356212625929,0
5,trf_12_6577a,0.1376966534829966,30.0,0.458988844943322,0
5,trf_12_6578a,0.18195852532885926,45.0,0.40435227850857614,0
5,trf_11_6482a,0.18194515790040677,45.0,0.404322573112015,0
5,trf_6_1647a,0.32973467758749675,10.0,3.297346775874968,0
5,trf_6_6496a,0.3656608306734174,112.5,0.32503184948748215,0
5,trf_6_727a,2.0690208192786077,30.0,6.896736064262026,0
6,trf_6_1030a,1.5904677085466392,10.0,15.904677085466393,0
6,trf_6_878a,0.24118509591042314,10.0,2.4118509591042314,0
6,trf_16_1585a,0.34261143143548084,15.0,2.2840762095698723,0
6,trf_16_3545a,0.044924356931832166,10.0,0.4492435693183216,0
6,trf_16_1143a,5.875042617083021,30.0,19.58347539027674,0
6,trf_16_6460a,2.17539132224744,25.0,8.70156528898976,0
6,trf_6_725a,0.04928807818471803,10.0,0.4928807818471803,0
6,trf_6_3820a,2.206224160257468,15.0,14.708161068383118,0
6,trf_6_3538a,1.4702473298880099,10.0,14.702473298880099,0
6,trf_6_4910a,25.045801735515735,30.0,83.48600578505244,0
6,trf_6_1870a,0.6491224088879242,15.0,4.327482725919494,0
6,trf_6_127a,2.92567399912562,15.0,19.504493327504132,0
6,trf_6_1541a,1.1561027140615356,15.0,7.707351427076904,0
6,trf_6_1503a,0.8051852499695215,10.0,8.051852499695215,0
6,trf_6_6272a,0.5826789747292781,15.0,3.884526498195187,0
6,trf_6_128a,1.0298764424775368,15.0,6.865842949850245,0
6,trf_6_1260a,0.04425160745679476,10.0,0.4425160745679476,0
6,trf_6_1350a,0.9515549942210467,45.0,2.1145666538245482,0
6,trf_6_808a,1.6338291194108936,15.0,10.892194129405958,0
6,trf_6_1475a,1.5139221991280671,15.0,10.092814660853781,0
6,trf_6_1138a,2.28422483648176,10.0,22.8422483648176,0
6,trf_6_1146a,1.90532977500916,10.0,19.0532977500916,0
6,trf_16_2916a,1.5236244708461864,10.0,15.236244708461863,0
6,trf_16_1140a,0.044848268344062685,10.0,0.44848268344062686,0
6,trf_16_5474a,1.3134980753591818,10.0,13.134980753591819,0
6,trf_16_3548a,1.1891652623431996,10.0,11.891652623431996,0
6,trf_16_1141a,1.5865837691769031,15.0,10.57722512784602,0
6,trf_6_810a,2.6572099527773747,30.0,8.857366509257917,0
6,trf_16_300a,1.3142762545059592,15.0,8.761841696706394,0
6,trf_16_3130a,3.83491309141251,30.0,12.7830436380417,0
6,trf_11_4955a,6.103600325380006,15.0,40.69066883586671,0
6,trf_11_131a,2.6034516500390157,10.0,26.034516500390158,0
6,trf_6_1048a,0.5321215271622385,15.0,3.5474768477482566,0
6,trf_6_129a,1.2073975315487004,10.0,12.073975315487004,0
6,trf_34_1018a,0.7143318756597822,5.0,14.286637513195643,0
6,trf_16_5730a,0.9623454373120666,25.0,3.8493817492482663,0
6,trf_16_1144a,1.6825863220144803,15.0,11.217242146763201,0
6,trf_6_6273a,2.149520396373403,30.0,7.165067987911343,0
6,trf_6_1238a,1.701034191170884,15.0,11.340227941139227,0
6,trf_6_731a,0.5100116402707975,15.0,3.4000776018053163,0
6,trf_6_732a,2.300765146418193,30.0,7.669217154727309,0
6,trf_16_6082a,0.5539226033038439,15.0,3.6928173553589594,0
6,trf_16_537a,0.5942267496879517,5.0,11.884534993759036,0
6,trf_16_3996a,4.81880712094219,15.0,32.125380806281264,0
6,trf_16_1095a,1.1919113570717752,15.0,7.946075713811835,0
6,trf_6_730a,0.5174364192658379,15.0,3.4495761284389195,0
6,trf_34_1649a,0.3832169038696924,5.0,7.6643380773938485,0
6,trf_34_5029a,0.6296869734995445,10.0,6.296869734995445,0
6,trf_34_1581a,1.6761858233655096,10.0,16.761858233655097,0
6,trf_11_132a,1.0286226556511302,10.0,10.286226556511302,0
6,trf_16_3221a,3.3153590288431936,25.0,13.261436115372774,0
6,trf_16_504a,1.7307596373224594,15.0,11.53839758214973,0
6,trf_6_735a,0.4543328413249134,10.0,4.543328413249134,0
6,trf_6_4489a,5.043650525138282,25.0,20.174602100553127,0
6,trf_6_729a,2.893636296447627,15.0,19.29090864298418,0
6,trf_16_299a,3.9654180666288226,45.0,8.81204014806405,0
6,trf_16_1301a,1.2363658210362727,10.0,12.363658210362725,0
6,trf_16_2139a,4.566726692054108,25.0,18.266906768216433,0
6,trf_16_6081a,0.4513667293968569,10.0,4.5136672939685685,0
6,trf_6_1019a,4.865431871299929,25.0,19.461727485199717,0
6,trf_11_2597a,1.2315258507816396,10.0,12.315258507816395,0
6,trf_11_130a,0.9942107635853844,15.0,6.6280717572358965,0
6,trf_6_4704a,1.2675204685978536,10.0,12.675204685978537,0
6,trf_6_733a,0.06139136046332208,10.0,0.6139136046332208,0
6,trf_11_305a,4.392566189370152,75.0,5.856754919160203,0
6,trf_16_539a,0.049161746836923585,10.0,0.49161746836923587,0
6,trf_6_1151a,1.7147884176453707,30.0,5.715961392151235,0
6,trf_6_4764a,0.2669760251373957,75.0,0.3559680335165276,0
6,trf_6_4765a,0.44494432210812324,150.0,0.29662954807208214,0
6,trf_16_538a,1.2341330231144307,30.0,4.113776743714769,0
6,trf_11_133a,0.048809391772917425,10.0,0.48809391772917426,0
6,trf_6_723a,1.6454444611618457,15.0,10.96962974107897,0
6,trf_6_722a,0.44158701140307155,15.0,2.9439134093538106,0
6,trf_6_726a,0.07885551612775935,15.0,0.5257034408517289,0
6,trf_6_737a,1.544493985471733,15.0,10.296626569811554,0
6,trf_6_728a,2.857251556829528,30.0,9.524171856098427,0
6,trf_6_125a,0.058177483375823534,10.0,0.5817748337582354,0
6,trf_6_3011a,0.5910042859349616,10.0,5.910042859349615,0
6,trf_6_3819a,3.6479992685030713,30.0,12.159997561676905,0
6,trf_6_1344a,0.3834025186377064,10.0,3.834025186377064,0
6,trf_6_122a,0.16459947100678832,10.0,1.6459947100678831,0
6,trf_6_1212a,1.3109000014217846,25.0,5.243600005687139,0
6,trf_6_1213a,0.18379631427584964,10.0,1.8379631427584964,0
6,trf_6_1139a,1.6164354979053859,15.0,10.776236652702574,0
6,trf_6_1145a,0.6275531015871183,10.0,6.275531015871183,0
6,trf_16_302a,0.29469203197756466,10.0,2.946920319775647,0
6,trf_16_301a,1.1703596478605505,25.0,4.681438591442202,0
6,trf_6_124a,4.142409722632972,45.0,9.205354939184382,0
6,trf_16_6318a,3.262186098073583,45.0,7.249302440163517,0
6,trf_16_303a,1.4048171502916758,15.0,9.365447668611173,0
6,trf_6_1256a,0.4640546509263675,10.0,4.640546509263675,0
6,trf_6_2090a,1.9151789919853555,15.0,12.767859946569038,0
6,trf_6_1445a,0.8734996378168944,10.0,8.734996378168944,0
6,trf_6_4766a,0.3660330687676627,112.5,0.32536272779347797,0
6,trf_16_3549a,0.0,10.0,0.0,0
6,trf_11_4675a,0.44046776035648033,150.0,0.29364517357098685,0
6,trf_16_4173a,0.5867842517863471,10.0,5.867842517863471,0
6,trf_6_4662a,0.7243123755642734,300.0,0.24143745852142448,0
6,trf_6_2860a,1.3493906027753473,10.0,13.493906027753473,0
6,trf_6_1178a,1.0567867936649458,15.0,7.045245291099638,0
6,trf_6_4249a,1.1667065172979152,25.0,4.666826069191661,0
6,trf_6_2887a,0.9716122535893453,10.0,9.716122535893453,0
6,trf_6_2064a,0.3944869640996842,5.0,7.889739281993684,0
6,trf_6_4161a,0.36543929455758045,10.0,3.654392945575805,0
6,trf_6_1960a,0.7876714475019653,10.0,7.876714475019652,0
6,trf_6_6394a,1.4907236765028888,25.0,5.962894706011556,0
6,trf_6_3613a,0.32687226933678315,10.0,3.268722693367832,0
6,trf_6_738a,0.03458922491836272,5.0,0.6917844983672544,0
6,trf_16_2195a,5.179318063613137,15.0,34.52878709075425,0
6,trf_16_4674a,0.6117850073684217,225.0,0.2719044477192985,0
6,trf_6_2417a,0.9785024785194539,10.0,9.78502478519454,0
6,trf_16_4687a,0.2692642089082696,75.0,0.3590189452110261,0
6,trf_16_2428a,0.5419907523592677,5.0,10.839815047185356,0
6,trf_16_2658a,0.4776243463582806,15.0,3.184162309055204,0
6,trf_6_1177a,3.98646103390416,75.0,5.315281378538881,0
6,trf_6_4661a,0.44472515581787636,150.0,0.29648343721191756,0
6,trf_6_3019a,0.6245359869791407,10.0,6.245359869791407,0
6,trf_6_3013a,1.478217633411761,5.0,29.564352668235216,0
6,trf_16_3364a,0.8320457842363693,15.0,5.546971894909129,0
6,trf_6_3563a,1.5438091276547763,10.0,15.438091276547762,0
6,trf_16_3328a,0.5486390218157267,10.0,5.486390218157267,0
6,trf_6_3721a,0.02961974257071566,5.0,0.5923948514143131,0
6,trf_6_3434a,0.9757748928840921,5.0,19.515497857681844,0
6,trf_6_3010a,0.2246208437105389,10.0,2.246208437105389,0
6,trf_6_3509a,2.6402976494303574,5.0,52.805952988607146,0
6,trf_16_6165a,0.0,15.0,0.0,0
6,trf_6_3142a,0.4165638552937062,10.0,4.165638552937063,0
6,trf_16_3908a,0.0,10.0,0.0,0
6,trf_6_3604a,0.13866255830495336,10.0,1.3866255830495335,0
6,trf_6_3012a,0.3258936057688908,10.0,3.2589360576889077,0
6,trf_6_3507a,0.5724542346400954,10.0,5.724542346400954,0
6,trf_34_5142a,0.3551467959603589,10.0,3.551467959603589,0
6,trf_6_3508a,0.044473215093847114,10.0,0.4447321509384712,0
6,trf_6_3634a,1.2580874146101109,10.0,12.580874146101108,0
6,trf_6_3224a,0.3372214423205677,5.0,6.744428846411354,0
6,trf_16_3904a,0.9395982678413722,10.0,9.395982678413722,0
6,trf_11_3987a,1.0583852092297117,5.0,21.167704184594236,0
6,trf_16_3997a,1.4795911502972634,30.0,4.931970500990878,0
6,trf_6_3817a,0.29074959084917223,5.0,5.814991816983445,0
6,trf_6_3818a,1.0934266774118682,10.0,10.934266774118681,0
6,trf_16_1142a,3.119217955972358,45.0,6.931595457716352,0
6,trf_34_5260a,0.9256620135742039,10.0,9.256620135742038,0
6,trf_6_5725a,0.7256057348537807,300.0,0.24186857828459357,0
6,trf_6_5472a,1.0896958892032946,15.0,7.264639261355297,0
6,trf_6_4925a,0.36610739643211837,112.5,0.32542879682854964,0
6,trf_6_3256a,4.4549912457946,15.0,29.69994163863067,0
6,trf_6_4998a,0.36504961750924747,112.5,0.3244885488971089,0
6,trf_16_5055a,2.2452139711976424,10.0,22.45213971197642,0
6,trf_6_724a,1.4263391344445735,30.0,4.754463781481912,0
6,trf_11_4785a,0.5126162436221336,10.0,5.126162436221337,0
6,trf_16_5003a,0.10261417292223989,15.0,0.684094486148266,0
6,trf_6_5157a,0.7245480958236831,300.0,0.2415160319412277,0
6,trf_6_5085a,2.675585943494858,30.0,8.918619811649528,0
6,trf_6_5595a,0.9465884495993571,30.0,3.155294831997857,0
6,trf_11_5652a,0.05873449634773038,15.0,0.39156330898486924,0
6,trf_16_5666a,0.2100137861576106,10.0,2.1001378615761057,0
6,trf_6_5711a,1.2387780226813543,30.0,4.129260075604514,0
6,trf_6_5712a,2.647261403186451,30.0,8.82420467728817,0
6,trf_6_5659a,0.6371466913066797,30.0,2.1238223043555986,0
6,trf_6_1262a,1.0101627945337337,10.0,10.101627945337338,0
6,trf_16_6019a,0.07624300524370697,10.0,0.7624300524370697,0
6,trf_16_6122a,0.044940419297155046,10.0,0.4494041929715505,0
6,trf_6_6158a,6.121593016302939,45.0,13.603540036228754,0
6,trf_6_6197a,9.278296864593127,75.0,12.371062486124169,0
6,trf_6_6153a,6.792781985236947,30.0,22.642606617456487,0
6,trf_6_1504a,0.9455789987528882,30.0,3.151929995842961,0
6,trf_6_6249a,2.8407112555919833,30.0,9.469037518639944,0
6,trf_16_6312a,0.841707355674701,30.0,2.805691185582337,0
6,trf_6_6386a,0.44434834871200196,150.0,0.29623223247466796,0
6,trf_6_4627a,0.3660538855341742,112.5,0.32538123158593263,0
6,trf_11_6443a,0.44047533581055254,150.0,0.2936502238737017,0
6,trf_12_6577a,0.1370473749709136,30.0,0.45682458323637865,0
6,trf_12_6578a,0.18110053962189518,45.0,0.40244564360421153,0
6,trf_11_6482a,0.181087235224681,45.0,0.4024160782770689,0
6,trf_6_1647a,0.5701541481987719,10.0,5.701541481987719,0
6,trf_6_6496a,0.3648544471789268,112.5,0.324315064159046,0
6,trf_6_727a,3.6894411630315878,30.0,12.298137210105292,0
7,trf_6_1030a,1.618888637563335,10.0,16.18888637563335,0
7,trf_6_878a,0.24463519517770607,10.0,2.4463519517770607,0
7,trf_16_1585a,0.3472190864110625,15.0,2.3147939094070837,0
7,trf_16_3545a,0.04487102161634538,10.0,0.4487102161634538,0
7,trf_16_1143a,4.825400626852138,30.0,16.084668756173794,0
7,trf_16_6460a,2.222748254752864,25.0,8.890993019011455,0
7,trf_6_725a,0.048864792621917036,10.0,0.48864792621917036,0
7,trf_6_3820a,2.2464678878583637,15.0,14.976452585722425,0
7,trf_6_3538a,1.4973532056262213,10.0,14.973532056262211,0
7,trf_6_4910a,25.522089854597077,30.0,85.07363284865691,0
7,trf_6_1870a,0.6599259030332892,15.0,4.399506020221929,0
7,trf_6_127a,2.9803235513840725,15.0,19.868823675893815,0
7,trf_6_1541a,0.35615042079125675,15.0,2.374336138608378,0
7,trf_6_1503a,0.8203545692265645,10.0,8.203545692265646,0
7,trf_6_6272a,0.5923919757340311,15.0,3.949279838226874,0
7,trf_6_128a,1.0481782402210948,15.0,6.9878549348073,0
7,trf_6_1260a,0.04389408979623592,10.0,0.43894089796235924,0
7,trf_6_1350a,0.113788351056006,45.0,0.25286300234668,0
7,trf_6_808a,1.662454034272326,15.0,11.083026895148839,0
7,trf_6_1475a,1.4664144521237956,15.0,9.77609634749197,0
7,trf_6_1138a,1.8380406069048523,10.0,18.380406069048522,0
7,trf_6_1146a,1.1623494533288632,10.0,11.623494533288632,0
7,trf_16_2916a,1.5564511383324249,10.0,15.564511383324248,0
7,trf_16_1140a,0.04475272404427197,10.0,0.4475272404427197,0
7,trf_16_5474a,1.3417244219768465,10.0,13.417244219768467,0
7,trf_16_3548a,1.1003447883346658,10.0,11.003447883346658,0
7,trf_16_1141a,1.6220875134213293,15.0,10.813916756142195,0
7,trf_6_810a,2.703522737253085,30.0,9.011742457510282,0
7,trf_16_300a,1.3383057586063016,15.0,8.922038390708678,0
7,trf_16_3130a,3.905672324462972,30.0,13.018907748209907,0
7,trf_11_4955a,6.218771527105913,15.0,41.45847684737275,0
7,trf_11_131a,2.6515931963431894,10.0,26.515931963431893,0
7,trf_6_1048a,0.5399334627797786,15.0,3.5995564185318574,0
7,trf_6_129a,1.2294775369251703,10.0,12.294775369251703,0
7,trf_34_1018a,0.7273344348106932,5.0,14.546688696213863,0
7,trf_16_5730a,0.9790465974269306,25.0,3.9161863897077223,0
7,trf_16_1144a,1.7179968810773154,15.0,11.453312540515435,0
7,trf_6_6273a,0.23954250148270512,30.0,0.7984750049423504,0
7,trf_6_1238a,1.7318393901034217,15.0,11.54559593402281,0
7,trf_6_731a,0.5176965361382974,15.0,3.4513102409219827,0
7,trf_6_732a,2.3408918441400393,30.0,7.802972813800131,0
7,trf_16_6082a,0.03469615639547603,15.0,0.23130770930317357,0
7,trf_16_537a,0.6050543225759399,5.0,12.1010864515188,0
7,trf_16_3996a,4.911524048488046,15.0,32.74349365658697,0
7,trf_16_1095a,1.2133948666121845,15.0,8.089299110747897,0
7,trf_6_730a,0.50407319155739,15.0,3.3604879437159334,0
7,trf_34_1649a,0.3898528662451219,5.0,7.797057324902438,0
7,trf_34_5029a,0.15390053692977995,10.0,1.5390053692977994,0
7,trf_34_1581a,1.707284215112509,10.0,17.07284215112509,0
7,trf_11_132a,1.0471905316526948,10.0,10.471905316526948,0
7,trf_16_3221a,3.378403299347116,25.0,13.513613197388462,0
7,trf_16_504a,1.7624896897601672,15.0,11.749931265067781,0
7,trf_6_735a,0.4617545795235211,10.0,4.617545795235211,0
7,trf_6_4489a,3.339126172325191,25.0,13.356504689300763,0
7,trf_6_729a,2.946087812022886,15.0,19.64058541348591,0
7,trf_16_299a,4.038439590816574,45.0,8.974310201814609,0
7,trf_16_1301a,1.2592791445952898,10.0,12.592791445952898,0
7,trf_16_2139a,4.654702548427411,25.0,18.618810193709646,0
7,trf_16_6081a,0.45918380379252555,10.0,4.591838037925255,0
7,trf_6_1019a,4.167646370851918,25.0,16.67058548340767,0
7,trf_11_2597a,1.253663075044702,10.0,12.53663075044702,0
7,trf_11_130a,1.0111920571550619,15.0,6.741280381033746,0
7,trf_6_4704a,1.0910407668001374,10.0,10.910407668001373,0
7,trf_6_733a,0.06139915321411687,10.0,0.6139915321411686,0
7,trf_11_305a,11.637063286752566,75.0,15.516084382336755,0
7,trf_16_539a,0.04883365400520352,10.0,0.48833654005203525,0
7,trf_6_1151a,1.745179712084547,30.0,5.81726570694849,0
7,trf_6_4764a,0.2651870010457016,75.0,0.3535826680609354,0
7,trf_6_4765a,0.441940309553418,150.0,0.294626873035612,0
7,trf_16_538a,1.2552069829670542,30.0,4.1840232765568475,0
7,trf_11_133a,0.048422413210432134,10.0,0.48422413210432136,0
7,trf_6_723a,1.673749966998159,15.0,11.15833311332106,0
7,trf_6_722a,0.44771660913624556,15.0,2.9847773942416373,0
7,trf_6_726a,0.07816424294165492,15.0,0.5210949529443661,0
7,trf_6_737a,1.572703580666156,15.0,10.484690537774375,0
7,trf_6_728a,2.9064206061118507,30.0,9.688068687039502,0
7,trf_6_125a,0.05813308213189908,10.0,0.5813308213189907,0
7,trf_6_3011a,0.601010259011428,10.0,6.010102590114281,0
7,trf_6_3819a,3.714276079510316,30.0,12.380920265034385,0
7,trf_6_1344a,0.38966684567043336,10.0,3.896668456704334,0
7,trf_6_122a,0.16648423420356087,10.0,1.6648423420356089,0
7,trf_6_1212a,1.333705299309044,25.0,5.334821197236176,0
7,trf_6_1213a,0.16305002099744245,10.0,1.6305002099744246,0
7,trf_6_1139a,0.24307768232103255,15.0,1.620517882140217,0
7,trf_6_1145a,0.6168391111152188,10.0,6.168391111152188,0
7,trf_16_302a,0.29924172727079773,10.0,2.9924172727079776,0
7,trf_16_301a,1.190524935617223,25.0,4.762099742468892,0
7,trf_6_124a,3.627167038171848,45.0,8.06037119593744,0
7,trf_16_6318a,3.3195936432522872,45.0,7.37687476278286,0
7,trf_16_303a,1.429684034057977,15.0,9.531226893719849,0
7,trf_6_1256a,0.4714817242606172,10.0,4.714817242606172,0
7,trf_6_2090a,1.9489936850174685,15.0,12.99329123344979,0
7,trf_6_1445a,0.888639197901265,10.0,8.88639197901265,0
7,trf_6_4766a,0.36375656148238183,112.5,0.3233391657621172,0
7,trf_16_3549a,0.0,10.0,0.0,0
7,trf_11_4675a,0.4368449947168536,150.0,0.29122999647790243,0
7,trf_16_4173a,0.5986288307476003,10.0,5.986288307476004,0
7,trf_6_4662a,0.7176725530616548,300.0,0.23922418435388493,0
7,trf_6_2860a,1.3736286006650273,10.0,13.736286006650275,0
7,trf_6_1178a,1.0766737920185783,15.0,7.177825280123855,0
7,trf_6_4249a,0.6000646305934378,25.0,2.4002585223737514,0
7,trf_6_2887a,0.9901349160085651,10.0,9.901349160085651,0
7,trf_6_2064a,0.4017314685685554,5.0,8.034629371371107,0
7,trf_6_4161a,0.37177852435821995,10.0,3.7177852435822,0
7,trf_6_1960a,0.8025716281203319,10.0,8.02571628120332,0
7,trf_6_6394a,1.5190435255073618,25.0,6.076174102029447,0
7,trf_6_3613a,0.3324282396055062,10.0,3.3242823960550623,0
7,trf_6_738a,0.0343792441083369,5.0,0.687584882166738,0
7,trf_16_2195a,5.280247028603876,15.0,35.20164685735917,0
7,trf_16_4674a,0.6067740365517125,225.0,0.2696773495785389,0
7,trf_6_2417a,0.9961765155612349,10.0,9.96176515561235,0
7,trf_16_4687a,0.26885768585857517,75.0,0.3584769144781002,0
7,trf_16_2428a,0.5532196207275434,5.0,11.064392414550868,0
7,trf_16_2658a,0.48473343826666404,15.0,3.2315562551110935,0
7,trf_6_1177a,3.9820813986361703,75.0,5.309441864848227,0
7,trf_6_4661a,0.44216695320610405,150.0,0.29477796880406937,0
7,trf_6_3019a,0.6352395577743234,10.0,6.352395577743234,0
7,trf_6_3013a,1.5086786532366763,5.0,30.173573064733525,0
7,trf_16_3364a,0.8460324583793097,15.0,5.640216389195398,0
7,trf_6_3563a,1.5738605778947081,10.0,15.73860577894708,0
7,trf_16_3328a,0.5582611960510009,10.0,5.582611960510009,0
7,trf_6_3721a,0.029375604722108782,5.0,0.5875120944421757,0
7,trf_6_3434a,0.9934670431216731,5.0,19.86934086243346,0
7,trf_6_3010a,0.2284388889369897,10.0,2.2843888893698967,0
7,trf_6_3509a,2.6930807601221693,5.0,53.86161520244339,0
7,trf_16_6165a,0.0,15.0,0.0,0
7,trf_6_3142a,0.4232563729412277,10.0,4.232563729412277,0
7,trf_16_3908a,0.0,10.0,0.0,0
7,trf_6_3604a,0.1401213153541612,10.0,1.4012131535416121,0
7,trf_6_3012a,0.33171538784040344,10.0,3.317153878404034,0
7,trf_6_3507a,0.582169422916392,10.0,5.821694229163919,0
7,trf_34_5142a,0.36087993587441114,10.0,3.608799358744111,0
7,trf_6_3508a,0.044126911548571804,10.0,0.441269115485718,0
7,trf_6_3634a,1.2826150137417782,10.0,12.82615013741778,0
7,trf_6_3224a,0.34367963829161147,5.0,6.87359276583223,0
7,trf_16_3904a,0.9595053808250965,10.0,9.595053808250965,0
7,trf_11_3987a,1.0776021763156085,5.0,21.55204352631217,0
7,trf_16_3997a,1.504764287761763,30.0,5.015880959205877,0
7,trf_6_3817a,0.295901237031974,5.0,5.91802474063948,0
7,trf_6_3818a,1.112785774230236,10.0,11.12785774230236,0
7,trf_16_1142a,3.1851668027356617,45.0,7.078148450523693,0
7,trf_34_5260a,0.9423532983556189,10.0,9.42353298355619,0
7,trf_6_5725a,0.719968072897527,300.0,0.23998935763250898,0
7,trf_6_5472a,1.109175384416816,15.0,7.394502562778773,0
7,trf_6_4925a,0.3638949750464044,112.5,0.3234622000412483,0
7,trf_6_3256a,4.5393144728191,15.0,30.26209648546067,0
7,trf_6_4998a,0.36209227444029224,112.5,0.321859799502482,0
7,trf_16_5055a,2.2962780149437965,10.0,22.962780149437965,0
7,trf_6_724a,1.4491506900411635,30.0,4.830502300137212,0
7,trf_11_4785a,0.5211822962259591,10.0,5.211822962259591,0
7,trf_16_5003a,0.10309924432472395,15.0,0.6873282954981597,0
7,trf_6_5157a,0.7181953716201998,300.0,0.23939845720673322,0
7,trf_6_5085a,2.723989816032544,30.0,9.079966053441813,0
7,trf_6_5595a,0.16318593266110762,30.0,0.5439531088703587,0
7,trf_11_5652a,0.05826117439081785,15.0,0.38840782927211903,0
7,trf_16_5666a,0.21384582792556603,10.0,2.1384582792556603,0
7,trf_6_5711a,1.258107669221643,30.0,4.19369223073881,0
7,trf_6_5712a,2.2229540671361647,30.0,7.409846890453882,0
7,trf_6_5659a,0.645588348277141,30.0,2.151961160923803,0
7,trf_6_1262a,1.0278143916409903,10.0,10.278143916409903,0
7,trf_16_6019a,0.07697428921675711,10.0,0.7697428921675711,0
7,trf_16_6122a,0.04492555529814546,10.0,0.44925555298145453,0
7,trf_6_6158a,6.23393204817553,45.0,13.853182329278955,0
7,trf_6_6197a,9.442329214404454,75.0,12.589772285872606,0
7,trf_6_6153a,6.666713254894555,30.0,22.222377516315184,0
7,trf_6_1504a,0.9611529864841415,30.0,3.203843288280472,0
7,trf_6_6249a,1.4421083006957403,30.0,4.807027668985801,0
7,trf_16_6312a,0.854886210428271,30.0,2.8496207014275696,0
7,trf_6_6386a,0.4409948021863212,150.0,0.2939965347908808,0
7,trf_6_4627a,0.3637976642725812,112.5,0.3233757015756277,0
7,trf_11_6443a,0.4368586688122362,150.0,0.29123911254149076,0
7,trf_12_6577a,0.13592340485721602,30.0,0.4530780161907201,0
7,trf_12_6578a,0.17961527517149325,45.0,0.39914505593665167,0
7,trf_11_6482a,0.17960207988793098,45.0,0.39911573308429105,0
7,trf_6_1647a,0.5802289826268822,10.0,5.802289826268821,0
7,trf_6_6496a,0.3617339912002684,112.5,0.3215413255113497,0
7,trf_6_727a,3.755115785366188,30.0,12.517052617887293,0
8,trf_6_1030a,1.1040692418590305,10.0,11.040692418590305,0
8,trf_6_878a,0.1783491325276995,10.0,1.7834913252769948,0
8,trf_16_1585a,0.25804248036575084,15.0,1.7202832024383388,0
8,trf_16_3545a,0.04482097524520193,10.0,0.4482097524520193,0
8,trf_16_1143a,1.5036029391887835,30.0,5.012009797295945,0
8,trf_16_6460a,1.5247693971092964,25.0,6.0990775884371855,0
8,trf_6_725a,0.048515810874861065,10.0,0.48515810874861065,0
8,trf_6_3820a,1.5335939708743125,15.0,10.22395980582875,0
8,trf_6_3538a,1.0245674351726068,10.0,10.24567435172607,0
8,trf_6_4910a,17.284448130968723,30.0,57.61482710322908,0
8,trf_6_1870a,0.46268482164496705,15.0,3.0845654776331135,0
8,trf_6_127a,2.031136050254735,15.0,13.540907001698233,0
8,trf_6_1541a,0.9999594737568709,15.0,6.666396491712473,0
8,trf_6_1503a,0.5664962128230571,10.0,5.664962128230571,0
8,trf_6_6272a,0.4175855790572419,15.0,2.7839038603816126,0
8,trf_6_128a,0.725715384761322,15.0,4.83810256507548,0
8,trf_6_1260a,0.04364514108136031,10.0,0.43645141081360317,0
8,trf_6_1350a,1.613429986866914,45.0,3.5853999708153643,0
8,trf_6_808a,1.142108304764509,15.0,7.6140553650967275,0
8,trf_6_1475a,1.1051992532043833,15.0,7.367995021362556,0
8,trf_6_1138a,0.5032158685169348,10.0,5.032158685169348,0
8,trf_6_1146a,0.3956771574810143,10.0,3.956771574810143,0
8,trf_16_2916a,1.0638342371978633,10.0,10.638342371978634,0
8,trf_16_1140a,0.044669355345882455,10.0,0.4466935534588245,0
8,trf_16_5474a,0.9189393604196369,10.0,9.189393604196368,0
8,trf_16_3548a,0.9051548588579369,10.0,9.051548588579369,0
8,trf_16_1141a,1.1136326758671429,15.0,7.424217839114286,0
8,trf_6_810a,1.8603106457131342,30.0,6.201035485710447,0
8,trf_16_300a,0.9207372692711693,15.0,6.138248461807795,0
8,trf_16_3130a,2.6745598378154534,30.0,8.915199459384844,0
8,trf_11_4955a,4.218259609347815,15.0,28.12173072898543,0
8,trf_11_131a,1.8041774351770596,10.0,18.041774351770595,0
8,trf_6_1048a,0.3868388895057855,15.0,2.57892593003857,0
8,trf_6_129a,0.8439721624704003,10.0,8.439721624704003,0
8,trf_34_1018a,0.4996395730546832,5.0,9.992791461093663,0
8,trf_16_5730a,0.6832172298113112,25.0,2.7328689192452447,0
8,trf_16_1144a,1.1771653320209106,15.0,7.847768880139403,0
8,trf_6_6273a,2.800641533369884,30.0,9.335471777899613,0
8,trf_6_1238a,1.1838818644957725,15.0,7.89254576330515,0
8,trf_6_731a,0.37214822423201477,15.0,2.480988161546765,0
8,trf_6_732a,1.6163168610023888,30.0,5.387722870007963,0
8,trf_16_6082a,0.8873646305619618,15.0,5.915764203746412,0
8,trf_16_537a,0.41821906467838765,5.0,8.364381293567753,0
8,trf_16_3996a,3.32921944253547,15.0,22.1947962835698,0
8,trf_16_1095a,0.8353921447662361,15.0,5.5692809651082404,0
8,trf_6_730a,0.38995434994073397,15.0,2.59969566627156,0
8,trf_34_1649a,0.2717841465289664,5.0,5.435682930579327,0
8,trf_34_5029a,0.6287959968458311,10.0,6.287959968458312,0
8,trf_34_1581a,1.1648903443760579,10.0,11.648903443760577,0
8,trf_11_132a,0.7200488130989898,10.0,7.200488130989898,0
8,trf_16_3221a,2.3004031838786307,25.0,9.201612735514523,0
8,trf_16_504a,1.446524984502159,15.0,9.64349989668106,0
8,trf_6_735a,0.3255321646407733,10.0,3.255321646407733,0
8,trf_6_4489a,0.47277585277431344,25.0,1.8911034110972538,0
8,trf_6_729a,2.0064464459856604,15.0,13.376309639904402,0
8,trf_16_299a,2.7767998266585905,45.0,6.170666281463534,0
8,trf_16_1301a,0.8636798542107577,10.0,8.636798542107577,0
8,trf_16_2139a,3.16569978245224,25.0,12.66279912980896,0
8,trf_16_6081a,0.32301601938852637,10.0,3.2301601938852635,0
8,trf_6_1019a,1.6344800397375743,25.0,6.537920158950297,0
8,trf_11_2597a,0.8585526444259116,10.0,8.585526444259116,0
8,trf_11_130a,0.7055132970338978,15.0,4.7034219802259845,0
8,trf_6_4704a,1.0041680690023314,10.0,10.041680690023314,0
8,trf_6_733a,0.055403680543642086,10.0,0.5540368054364209,0
8,trf_11_305a,18.67209498023774,75.0,24.89612664031699,0
8,trf_16_539a,0.048660710548132056,10.0,0.4866071054813205,0
8,trf_6_1151a,1.2165215101092088,30.0,4.05507170036403,0
8,trf_6_4764a,0.2636957561132356,75.0,0.3515943414843141,0
8,trf_6_4765a,0.43942838910237136,150.0,0.29295225940158093,0
8,trf_16_538a,0.8879152922839331,30.0,2.9597176409464434,0
8,trf_11_133a,0.04828582637780361,10.0,0.4828582637780361,0
8,trf_6_723a,1.1491997386406292,15.0,7.661331590937528,0
8,trf_6_722a,0.32490521843027126,15.0,2.1660347895351415,0
8,trf_6_726a,0.07758648214141,15.0,0.5172432142760666,0
8,trf_6_737a,1.0826156882601772,15.0,7.217437921734515,0
8,trf_6_728a,1.9959278524961543,30.0,6.653092841653848,0
8,trf_6_125a,0.053249171869598905,10.0,0.532491718695989,0
8,trf_6_3011a,0.42020742265044636,10.0,4.202074226504464,0
8,trf_6_3819a,2.547606517071034,30.0,8.492021723570113,0
8,trf_6_1344a,0.276389055991898,10.0,2.76389055991898,0
8,trf_6_122a,0.1274061107642294,10.0,1.2740611076422939,0
8,trf_6_1212a,0.9228042605098523,25.0,3.6912170420394093,0
8,trf_6_1213a,0.153081889462518,10.0,1.53081889462518,0
8,trf_6_1139a,1.9591520553108472,15.0,13.061013702072314,0
8,trf_6_1145a,0.4593685759267274,10.0,4.593685759267275,0
8,trf_16_302a,0.21522371759923017,10.0,2.152237175992302,0
8,trf_16_301a,0.8290703041548795,25.0,3.316281216619518,0
8,trf_6_124a,1.6022324844721787,45.0,3.5605166321603976,0
8,trf_16_6318a,2.291704160241327,45.0,5.092675911647393,0
8,trf_16_303a,0.984383434337138,15.0,6.5625562289142545,0
8,trf_6_1256a,0.3319710023754321,10.0,3.319710023754321,0
8,trf_6_2090a,1.3348479620732714,15.0,8.89898641382181,0
8,trf_6_1445a,0.6109716023691254,10.0,6.109716023691254,0
8,trf_6_4766a,0.3619155204438083,112.5,0.32170268483894077,0
8,trf_16_3549a,0.0,10.0,0.0,0
8,trf_11_4675a,0.4349687227599721,150.0,0.2899791485066481,0
8,trf_16_4173a,0.41745658934139246,10.0,4.1745658934139245,0
8,trf_6_4662a,0.7120228644873555,300.0,0.2373409548291185,0
8,trf_6_2860a,0.938081877105012,10.0,9.38081877105012,0
8,trf_6_1178a,0.7437931597645809,15.0,4.958621065097206,0
8,trf_6_4249a,0.4730339264212468,25.0,1.892135705684987,0
8,trf_6_2887a,0.6810379111877856,10.0,6.810379111877856,0
8,trf_6_2064a,0.2798543642613879,5.0,5.597087285227757,0
8,trf_6_4161a,0.2640147615667926,10.0,2.6401476156679258,0
8,trf_6_1960a,0.5543432847815382,10.0,5.543432847815382,0
8,trf_6_6394a,1.047764071872839,25.0,4.191056287491356,0
8,trf_6_3613a,0.23751676446797076,10.0,2.3751676446797076,0
8,trf_6_738a,0.03422170515260135,5.0,0.6844341030520271,0
8,trf_16_2195a,3.582139840214298,15.0,23.880932268095318,0
8,trf_16_4674a,0.6041947580228693,225.0,0.2685310035657197,0
8,trf_6_2417a,0.6840804707095887,10.0,6.840804707095887,0
8,trf_16_4687a,0.26853740287634276,75.0,0.3580498705017903,0
8,trf_16_2428a,0.38220178882451766,5.0,7.6440357764903535,0
8,trf_16_2658a,0.35044906174729634,15.0,2.3363270783153087,0
8,trf_6_1177a,2.763467049059695,75.0,3.684622732079593,0
8,trf_6_4661a,0.4403748130298286,150.0,0.2935832086865524,0
8,trf_6_3019a,0.4416247936268268,10.0,4.416247936268268,0
8,trf_6_3013a,1.0266266091763516,5.0,20.53253218352703,0
8,trf_16_3364a,0.5937765102677016,15.0,3.958510068451344,0
8,trf_6_3563a,1.0750232568215432,10.0,10.750232568215432,0
8,trf_16_3328a,0.38942475975939495,10.0,3.8942475975939495,0
8,trf_6_3721a,0.02916336895232235,5.0,0.5832673790464471,0
8,trf_6_3434a,0.6788524735208196,5.0,13.577049470416393,0
8,trf_6_3010a,0.16777596528546745,10.0,1.6777596528546745,0
8,trf_6_3509a,1.8259034820240392,5.0,36.51806964048079,0
8,trf_16_6165a,0.0,15.0,0.0,0
8,trf_6_3142a,0.29801560774252006,10.0,2.9801560774252005,0
8,trf_16_3908a,0.0,10.0,0.0,0
8,trf_6_3604a,0.10790226770509646,10.0,1.0790226770509646,0
8,trf_6_3012a,0.23719855581517052,10.0,2.3719855581517053,0
8,trf_6_3507a,0.4057727413534641,10.0,4.057727413534641,0
8,trf_34_5142a,0.2566731783486679,10.0,2.5667317834866785,0
8,trf_6_3508a,0.04382351347220975,10.0,0.4382351347220975,0
8,trf_6_3634a,0.8781689031785881,10.0,8.78168903178588,0
8,trf_6_3224a,0.24067081440768576,5.0,4.813416288153715,0
8,trf_16_3904a,0.6609554986096229,10.0,6.60955498609623,0
8,trf_11_3987a,0.7352395548771812,5.0,14.704791097543623,0
8,trf_16_3997a,1.0558507114002065,30.0,3.5195023713340214,0
8,trf_6_3817a,0.20843742360151218,5.0,4.168748472030243,0
8,trf_6_3818a,0.7617728635402385,10.0,7.6177286354023845,0
8,trf_16_1142a,2.205299202131938,45.0,4.900664893626529,0
8,trf_34_5260a,0.6487756162553785,10.0,6.487756162553785,0
8,trf_6_5725a,0.7152456720719514,300.0,0.23841522402398382,0
8,trf_6_5472a,0.7645721877315782,15.0,5.0971479182105215,0
8,trf_6_4925a,0.3621204439414222,112.5,0.3218848390590419,0
8,trf_6_3256a,3.0834040942564864,15.0,20.556027295043243,0
8,trf_6_4998a,0.35964473221960463,112.5,0.31968420641742634,0
8,trf_16_5055a,1.5650309322740463,10.0,15.650309322740464,0
8,trf_6_724a,1.015827127166641,30.0,3.3860904238888034,0
8,trf_11_4785a,0.3644680115253992,10.0,3.644680115253992,0
8,trf_16_5003a,0.08813987746129692,15.0,0.5875991830753128,0
8,trf_6_5157a,0.7128835133586581,300.0,0.23762783778621938,0
8,trf_6_5085a,1.8754173149612012,30.0,6.251391049870671,0
8,trf_6_5595a,1.1085201674210863,30.0,3.6950672247369543,0
8,trf_11_5652a,0.05803661497802951,15.0,0.38691076652019674,0
8,trf_16_5666a,0.1582892260384182,10.0,1.582892260384182,0
8,trf_6_5711a,0.8873995774317247,30.0,2.957998591439082,0
8,trf_6_5712a,0.8133998421904715,30.0,2.7113328073015714,0
8,trf_6_5659a,0.4763061087439059,30.0,1.587687029146353,0
8,trf_6_1262a,0.7063293390801015,10.0,7.063293390801016,0
8,trf_16_6019a,0.06640180343011898,10.0,0.6640180343011898,0
8,trf_16_6122a,0.04492343206789101,10.0,0.4492343206789101,0
8,trf_6_6158a,4.260805950189205,45.0,9.468457667087122,0
8,trf_6_6197a,6.430327044423766,75.0,8.573769392565021,0
8,trf_6_6153a,4.902902571353986,30.0,16.343008571179954,0
8,trf_6_1504a,0.6897056008145158,30.0,2.299018669381719,0
8,trf_6_6249a,1.2138246398297199,30.0,4.046082132765733,0
8,trf_16_6312a,0.6182242281760387,30.0,2.0607474272534625,0
8,trf_6_6386a,0.4382237470115363,150.0,0.2921491646743576,0
8,trf_6_4627a,0.36197652501815053,112.5,0.32175691112724486,0
8,trf_11_6443a,0.43498658784891525,150.0,0.2899910585659435,0
8,trf_12_6577a,0.13534308510654353,30.0,0.4511436170218117,0
8,trf_12_6578a,0.178848414660141,45.0,0.39744092146698,0
8,trf_11_6482a,0.17883527571337018,45.0,0.39741172380748935,0
8,trf_6_1647a,0.4041144313292369,10.0,4.041144313292369,0
8,trf_6_6496a,0.35912560274657845,112.5,0.3192227579969586,0
8,trf_6_727a,2.5677440260587536,30.0,8.559146753529179,0
9,trf_6_1030a,0.8151726826423206,10.0,8.151726826423205,0
9,trf_6_878a,0.14139700077425468,10.0,1.4139700077425468,0
9,trf_16_1585a,0.20849306689897007,15.0,1.3899537793264671,0
9,trf_16_3545a,0.044823710438342095,10.0,0.44823710438342096,0
9,trf_16_1143a,2.001852535234786,30.0,6.6728417841159535,0
9,trf_16_6460a,1.1287938478271105,25.0,4.515175391308442,0
9,trf_6_725a,0.048527409761565055,10.0,0.48527409761565055,0
9,trf_6_3820a,1.1326260352563724,15.0,7.550840235042483,0
9,trf_6_3538a,0.7586649611367248,10.0,7.586649611367248,0
9,trf_6_4910a,12.644612393281351,30.0,42.14870797760451,0
9,trf_6_1870a,0.3521534087751867,15.0,2.347689391834578,0
9,trf_6_127a,1.496918048666376,15.0,9.97945365777584,0
9,trf_6_1541a,2.890253378696774,15.0,19.268355857978495,0
9,trf_6_1503a,0.4235882368651087,10.0,4.235882368651088,0
9,trf_6_6272a,0.3196490775030205,15.0,2.130993850020137,0
9,trf_6_128a,0.5444480668470242,15.0,3.6296537789801615,0
9,trf_6_1260a,0.043715145538006296,10.0,0.43715145538006295,0
9,trf_6_1350a,3.9287063190418166,45.0,8.730458486759593,0
9,trf_6_808a,0.8504495608120818,15.0,5.669663738747213,0
9,trf_6_1475a,0.8984086658420264,15.0,5.989391105613509,0
9,trf_6_1138a,0.9253548357545135,10.0,9.253548357545135,0
9,trf_6_1146a,2.3407766294471903,10.0,23.407766294471905,0
9,trf_16_2916a,0.7848564624976236,10.0,7.848564624976237,0
9,trf_16_1140a,0.044678875734857945,10.0,0.4467887573485794,0
9,trf_16_5474a,0.6794995432631133,10.0,6.794995432631133,0
9,trf_16_3548a,0.7883864623178883,10.0,7.883864623178883,0
9,trf_16_1141a,0.8247746865835184,15.0,5.4984979105567895,0
9,trf_6_810a,1.3877031497099563,30.0,4.625677165699854,0
9,trf_16_300a,0.685954375744719,15.0,4.57302917163146,0
9,trf_16_3130a,1.9826406436637738,30.0,6.608802145545912,0
9,trf_11_4955a,3.091906802131073,15.0,20.61271201420715,0
9,trf_11_131a,1.3274276007029293,10.0,13.274276007029295,0
9,trf_6_1048a,0.3014308595469141,15.0,2.009539063646094,0
9,trf_6_129a,0.627010751919165,10.0,6.27010751919165,0
9,trf_34_1018a,0.37177024228955663,5.0,7.435404845791133,0
9,trf_16_5730a,0.5175414518316818,25.0,2.070165807326727,0
9,trf_16_1144a,0.8711501213021438,15.0,5.807667475347626,0
9,trf_6_6273a,7.195514660409216,30.0,23.985048868030724,0
9,trf_6_1238a,0.8761940434143194,15.0,5.841293622762129,0
9,trf_6_731a,0.29087215393041344,15.0,1.939147692869423,0
9,trf_6_732a,1.210098434397536,30.0,4.033661447991787,0
9,trf_16_6082a,2.1697434368821935,15.0,14.464956245881291,0
9,trf_16_537a,0.31317862561698445,5.0,6.263572512339689,0
9,trf_16_3996a,2.4381058530102626,15.0,16.25403902006842,0
9,trf_16_1095a,0.623040461183477,15.0,4.153603074556513,0
9,trf_6_730a,0.32537479639650013,15.0,2.169165309310001,0
9,trf_34_1649a,0.2056390576202752,5.0,4.112781152405504,0
9,trf_34_5029a,1.733285068165607,10.0,17.33285068165607,0
9,trf_34_1581a,0.8603658630919889,10.0,8.60365863091989,0
9,trf_11_132a,0.536237418281261,10.0,5.36237418281261,0
9,trf_16_3221a,1.6937778996318853,25.0,6.775111598527541,0
9,trf_16_504a,1.2953577053790384,15.0,8.635718035860256,0
9,trf_6_735a,0.2492806434663923,10.0,2.4928064346639234,0
9,trf_6_4489a,5.061080063224162,25.0,20.24432025289665,0
9,trf_6_729a,1.4789479570033133,15.0,9.859653046688754,0
9,trf_16_299a,2.0678253157470876,45.0,4.5951673683268615,0
9,trf_16_1301a,0.6412197656818928,10.0,6.412197656818928,0
9,trf_16_2139a,2.3266094620923976,25.0,9.30643784836959,0
9,trf_16_6081a,0.2466049453102865,10.0,2.466049453102865,0
9,trf_6_1019a,0.8787616394010688,25.0,3.515046557604275,0
9,trf_11_2597a,0.6366114569258231,10.0,6.366114569258231,0
9,trf_11_130a,0.5341758771815104,15.0,3.5611725145434026,0
9,trf_6_4704a,0.9470526551093023,10.0,9.470526551093023,0
9,trf_6_733a,0.052247249331083226,10.0,0.5224724933108322,0
9,trf_11_305a,32.127800643421516,75.0,42.83706752456202,0
9,trf_16_539a,0.04877140272214335,10.0,0.48771402722143353,0
9,trf_6_1151a,0.91972611760532,30.0,3.0657537253510667,0
9,trf_6_4764a,0.26384031966890054,75.0,0.3517870928918674,0
9,trf_6_4765a,0.4396704575597242,150.0,0.29311363837314947,0
9,trf_16_538a,0.6818587378211729,30.0,2.2728624594039095,0
9,trf_11_133a,0.048481217699612146,10.0,0.48481217699612145,0
9,trf_6_723a,0.8553175305262635,15.0,5.7021168701750895,0
9,trf_6_722a,0.25650103146503855,15.0,1.7100068764335903,0
9,trf_6_726a,0.0776051604199568,15.0,0.5173677361330453,0
9,trf_6_737a,0.8072562897892972,15.0,5.381708598595314,0
9,trf_6_728a,1.4857967152025244,30.0,4.952655717341748,0
9,trf_6_125a,0.05079545585771482,10.0,0.5079545585771481,0
9,trf_6_3011a,0.3188080708216374,10.0,3.1880807082163742,0
9,trf_6_3819a,1.8922258371466902,30.0,6.307419457155634,0
9,trf_6_1344a,0.21295664909513243,10.0,2.129566490951324,0
9,trf_6_122a,0.10579611105717446,10.0,1.0579611105717446,0
9,trf_6_1212a,0.6922380374338238,25.0,2.768952149735296,0
9,trf_6_1213a,0.14678137565795657,10.0,1.4678137565795657,0
9,trf_6_1139a,5.074164178613818,15.0,33.827761190758785,0
9,trf_6_1145a,0.3693266642746935,10.0,3.693266642746935,0
9,trf_16_302a,0.16828329434194766,10.0,1.6828329434194766,0
9,trf_16_301a,0.6263327516934288,25.0,2.5053310067737153,0
9,trf_6_124a,0.36425761941364676,45.0,0.8094613764747706,0
9,trf_16_6318a,1.7153685092246247,45.0,3.8119300204991657,0
9,trf_16_303a,0.7344690937071725,15.0,4.896460624714483,0
9,trf_6_1256a,0.2539336332256073,10.0,2.539336332256073,0
9,trf_6_2090a,0.9904974451696771,15.0,6.603316301131181,0
9,trf_6_1445a,0.4553425690730006,10.0,4.5534256907300055,0
9,trf_6_4766a,0.36214140221593777,112.5,0.32190346863638913,0
9,trf_16_3549a,0.0,10.0,0.0,0
9,trf_11_4675a,0.4365626160586491,150.0,0.29104174403909944,0
9,trf_16_4173a,0.315030465014236,10.0,3.1503046501423597,0
9,trf_6_4662a,0.7120611532790176,300.0,0.23735371775967257,0
9,trf_6_2860a,0.6936609576337835,10.0,6.936609576337835,0
9,trf_6_1178a,0.5563983683403627,15.0,3.7093224556024182,0
9,trf_6_4249a,1.8893910698936482,25.0,7.557564279574593,0
9,trf_6_2887a,0.5069587061638712,10.0,5.069587061638712,0
9,trf_6_2064a,0.2112608697760039,5.0,4.225217395520078,0
9,trf_6_4161a,0.20349384987509786,10.0,2.0349384987509787,0
9,trf_6_1960a,0.41458369996925704,10.0,4.145836999692571,0
9,trf_6_6394a,0.7823568973978646,25.0,3.1294275895914585,0
9,trf_6_3613a,0.18424506237057944,10.0,1.8424506237057945,0
9,trf_6_738a,0.034254885209863674,5.0,0.6850977041972734,0
9,trf_16_2195a,2.6248240843235626,15.0,17.49882722882375,0
9,trf_16_4674a,0.6063903591700032,225.0,0.26950682629777917,0
9,trf_6_2417a,0.5088555232647509,10.0,5.08855523264751,0
9,trf_16_4687a,0.26857710102049803,75.0,0.3581028013606641,0
9,trf_16_2428a,0.28548205244811936,5.0,5.709641048962387,0
9,trf_16_2658a,0.2756034587289626,15.0,1.837356391526417,0
9,trf_6_1177a,2.078019438126969,75.0,2.7706925841692924,0
9,trf_6_4661a,0.44089487417811335,150.0,0.29392991611874225,0
9,trf_6_3019a,0.3330092728469805,10.0,3.330092728469805,0
9,trf_6_3013a,0.7543015698766529,5.0,15.086031397533057,0
9,trf_16_3364a,0.45254274214830953,15.0,3.016951614322063,0
9,trf_6_3563a,0.7938232537480875,10.0,7.938232537480874,0
9,trf_16_3328a,0.2946508853389478,10.0,2.946508853389478,0
9,trf_6_3721a,0.029175095468749215,5.0,0.5835019093749843,0
9,trf_6_3434a,0.5020585724856169,5.0,10.041171449712339,0
9,trf_6_3010a,0.13365875932415916,10.0,1.3365875932415916,0
9,trf_6_3509a,1.336503809823683,5.0,26.730076196473657,0
9,trf_16_6165a,0.0,15.0,0.0,0
9,trf_6_3142a,0.22799586343646283,10.0,2.279958634364628,0
9,trf_16_3908a,0.0,10.0,0.0,0
9,trf_6_3604a,0.09011000743199878,10.0,0.9011000743199877,0
9,trf_6_3012a,0.1840151625979848,10.0,1.840151625979848,0
9,trf_6_3507a,0.3068703275533658,10.0,3.0687032755336583,0
9,trf_34_5142a,0.19847158943355242,10.0,1.9847158943355243,0
9,trf_6_3508a,0.0438218061526554,10.0,0.43821806152655396,0
9,trf_6_3634a,0.6502523282546769,10.0,6.50252328254677,0
9,trf_6_3224a,0.18261234272243174,5.0,3.6522468544486344,0
9,trf_16_3904a,0.4919328933282633,10.0,4.9193289332826335,0
9,trf_11_3987a,0.5429398579297384,5.0,10.858797158594768,0
9,trf_16_3997a,0.804240264846568,30.0,2.680800882821893,0
9,trf_6_3817a,0.15928742366686927,5.0,3.185748473337385,0
9,trf_6_3818a,0.5650540247832476,10.0,5.650540247832476,0
9,trf_16_1142a,1.6502555159263155,45.0,3.667234479836257,0
9,trf_34_5260a,0.4841277109821798,10.0,4.841277109821798,0
9,trf_6_5725a,0.715667230161989,300.0,0.23855574338732966,0
9,trf_6_5472a,0.5711672065446038,15.0,3.8077813769640256,0
9,trf_6_4925a,0.3623540745082866,112.5,0.32209251067403255,0
9,trf_6_3256a,2.264140661639404,15.0,15.094271077596026,0
9,trf_6_4998a,0.35980056649472136,112.5,0.3198227257730857,0
9,trf_16_5055a,1.1493126117492842,10.0,11.493126117492842,0
9,trf_6_724a,0.7735239311257777,30.0,2.5784131037525926,0
9,trf_11_4785a,0.27668822572571794,10.0,2.7668822572571794,0
9,trf_16_5003a,0.08002439717463412,15.0,0.5334959811642275,0
9,trf_6_5157a,0.7130535570804033,300.0,0.23768451902680107,0
9,trf_6_5085a,1.3988578162999021,30.0,4.662859387666341,0
9,trf_6_5595a,2.9475619081196056,30.0,9.825206360398685,0
9,trf_11_5652a,0.058223678196468516,15.0,0.3881578546431234,0
9,trf_16_5666a,0.12687657586851955,10.0,1.2687657586851955,0
9,trf_6_5711a,0.6802486944567612,30.0,2.267495648189204,0
9,trf_6_5712a,0.6411803779893698,30.0,2.1372679266312327,0
9,trf_6_5659a,0.38218027049887304,30.0,1.2739342349962435,0
9,trf_6_1262a,0.5260812500714024,10.0,5.260812500714024,0
9,trf_16_6019a,0.060463919281618435,10.0,0.6046391928161843,0
9,trf_16_6122a,0.04493684285264619,10.0,0.4493684285264619,0
9,trf_6_6158a,3.1522025470280353,45.0,7.00489454895119,0
9,trf_6_6197a,4.741801447134825,75.0,6.3224019295130995,0
9,trf_6_6153a,3.87675558192907,30.0,12.922518606430232,0
9,trf_6_1504a,0.5374802415986493,30.0,1.7916008053288308,0
9,trf_6_6249a,4.710211054434204,30.0,15.700703514780681,0
9,trf_16_6312a,0.48585995768496953,30.0,1.6195331922832317,0
9,trf_6_6386a,0.4384441478353475,150.0,0.29229609855689836,0
9,trf_6_4627a,0.3622199073185715,112.5,0.32197325094984136,0
9,trf_11_6443a,0.43659964673393264,150.0,0.2910664311559551,0
9,trf_12_6577a,0.13584112099036907,30.0,0.4528037366345636,0
9,trf_12_6578a,0.17950654158393436,45.0,0.3989034257420764,0
9,trf_11_6482a,0.1794933542884567,45.0,0.3988741206410149,0
9,trf_6_1647a,0.3052457996357771,10.0,3.052457996357771,0
9,trf_6_6496a,0.3592319027994715,112.5,0.31931724693286356,0
9,trf_6_727a,1.9017436243133399,30.0,6.339145414377799,0
10,trf_6_1030a,0.5665423488006047,10.0,5.665423488006047,0
10,trf_6_878a,0.1097728339437236,10.0,1.0977283394372361,0
10,trf_16_1585a,0.16622295887085248,15.0,1.1081530591390165,0
10,trf_16_3545a,0.04484578472601105,10.0,0.4484578472601105,0
10,trf_16_1143a,6.3488434399358455,30.0,21.16281146645282,0
10,trf_16_6460a,0.7871006391110987,25.0,3.148402556444395,0
10,trf_6_725a,0.048668168642756846,10.0,0.4866816864275685,0
10,trf_6_3820a,0.7864729213867362,15.0,5.243152809244908,0
10,trf_6_3538a,0.5289119263575629,10.0,5.289119263575629,0
10,trf_6_4910a,8.632206743306677,30.0,28.77402247768892,0
10,trf_6_1870a,0.25705276498481583,15.0,1.7136850998987723,0
10,trf_6_127a,1.0350660643153726,15.0,6.9004404287691505,0
10,trf_6_1541a,5.428544724782906,15.0,36.190298165219374,0
10,trf_6_1503a,0.30044822940305893,10.0,3.004482294030589,0
10,trf_6_6272a,0.23535351307882132,15.0,1.5690234205254754,0
10,trf_6_128a,0.3879604101832321,15.0,2.5864027345548806,0
10,trf_6_1260a,0.04391225097575304,10.0,0.43912250975753037,0
10,trf_6_1350a,7.132013337370839,45.0,15.848918527490754,0
10,trf_6_808a,0.5996001454272395,15.0,3.9973343028482633,0
10,trf_6_1475a,0.7287324352970431,15.0,4.858216235313621,0
10,trf_6_1138a,2.707318417299357,10.0,27.07318417299357,0
10,trf_6_1146a,4.881048175813462,10.0,48.81048175813463,0
10,trf_16_2916a,0.5441974771918888,10.0,5.441974771918888,0
10,trf_16_1140a,0.04472349987048409,10.0,0.44723499870484085,0
10,trf_16_5474a,0.4729641456368397,10.0,4.729641456368396,0
10,trf_16_3548a,0.6999756615012467,10.0,6.999756615012467,0
10,trf_16_1141a,0.5754603222395901,15.0,3.836402148263934,0
10,trf_6_810a,0.9812575230337004,30.0,3.2708584101123344,0
10,trf_16_300a,0.48340615359261413,15.0,3.2227076906174275,0
10,trf_16_3130a,1.3860666363129828,30.0,4.620222121043276,0
10,trf_11_4955a,2.1181210784200326,15.0,14.120807189466884,0
10,trf_11_131a,0.9157290207267594,10.0,9.157290207267595,0
10,trf_6_1048a,0.22832362829076924,15.0,1.5221575219384615,0
10,trf_6_129a,0.4395094250701458,10.0,4.395094250701458,0
10,trf_34_1018a,0.26143943454731056,5.0,5.228788690946211,0
10,trf_16_5730a,0.375082192866869,25.0,1.500328771467476,0
10,trf_16_1144a,0.6072090914690959,15.0,4.048060609793972,0
10,trf_6_6273a,13.187835138233071,30.0,43.95945046077691,0
10,trf_6_1238a,0.6112260932861737,15.0,4.074840621907825,0
10,trf_6_731a,0.22128987941743547,15.0,1.475265862782903,0
10,trf_6_732a,0.8608628389318198,30.0,2.8695427964393994,0
10,trf_16_6082a,3.917455528236551,15.0,26.11637018824367,0
10,trf_16_537a,0.22269565439405356,5.0,4.453913087881071,0
10,trf_16_3996a,1.669460580717348,15.0,11.12973720478232,0
10,trf_16_1095a,0.44012290407082466,15.0,2.934152693805498,0
10,trf_6_730a,0.27241801489911927,15.0,1.8161200993274618,0
10,trf_34_1649a,0.148688120948864,5.0,2.9737624189772798,0
10,trf_34_5029a,3.223315174531056,10.0,32.233151745310565,0
10,trf_34_1581a,0.5975805252984357,10.0,5.975805252984357,0
10,trf_11_132a,0.377598392206438,10.0,3.7759839220643796,0
10,trf_16_3221a,1.1708841636227179,25.0,4.683536654490871,0
10,trf_16_504a,1.1494558614790964,15.0,7.663039076527309,0
10,trf_6_735a,0.18384819102134164,10.0,1.8384819102134167,0
10,trf_6_4489a,10.978766505500051,25.0,43.915066022000204,0
10,trf_6_729a,1.0248424358125416,15.0,6.832282905416944,0
10,trf_16_299a,1.4569071216128857,45.0,3.2375713813619678,0
10,trf_16_1301a,0.44946594086735087,10.0,4.494659408673509,0
10,trf_16_2139a,1.601931811103964,25.0,6.407727244415856,0
10,trf_16_6081a,0.18087257791029915,10.0,1.8087257791029916,0
10,trf_6_1019a,3.938666113848952,25.0,15.754664455395806,0
10,trf_11_2597a,0.4452213360774836,10.0,4.452213360774836,0
10,trf_11_130a,0.3866646036386757,15.0,2.577764024257838,0
10,trf_6_4704a,0.9204739565210759,10.0,9.204739565210758,0
10,trf_6_733a,0.04966897323483371,10.0,0.49668973234833713,0
10,trf_11_305a,51.03540947722383,75.0,68.04721263629844,0
10,trf_16_539a,0.049003149228113795,10.0,0.4900314922811379,0
10,trf_6_1151a,0.6646056324501918,30.0,2.215352108167306,0
10,trf_6_4764a,0.2645999490527803,75.0,0.3527999320703737,0
10,trf_6_4765a,0.44094855399625144,150.0,0.29396570266416766,0
10,trf_16_538a,0.5047335559923318,30.0,1.682445186641106,0
10,trf_11_133a,0.048831031549888,10.0,0.48831031549888,0
10,trf_6_723a,0.6026459815619487,15.0,4.017639877079658,0
10,trf_6_722a,0.1980404664773258,15.0,1.3202697765155054,0
10,trf_6_726a,0.07783863060841463,15.0,0.5189242040560975,0
10,trf_6_737a,0.5702841535944063,15.0,3.801894357296042,0
10,trf_6_728a,1.0471936039273417,30.0,3.4906453464244724,0
10,trf_6_125a,0.04887747268492467,10.0,0.4887747268492467,0
10,trf_6_3011a,0.23148415389601307,10.0,2.3148415389601307,0
10,trf_6_3819a,1.3266257596654498,30.0,4.422085865551499,0
10,trf_6_1344a,0.1583917677434026,10.0,1.5839176774340262,0
10,trf_6_122a,0.08743422635400822,10.0,0.8743422635400823,0
10,trf_6_1212a,0.4935907242346248,25.0,1.9743628969384992,0
10,trf_6_1213a,0.144149393606865,10.0,1.44149393606865,0
10,trf_6_1139a,9.207277690572534,15.0,61.38185127048356,0
10,trf_6_1145a,0.2942993738458384,10.0,2.9429937384583837,0
10,trf_16_302a,0.12801637625007314,10.0,1.2801637625007314,0
10,trf_16_301a,0.45181890281009335,25.0,1.8072756112403736,0
10,trf_6_124a,2.715746977729911,45.0,6.034993283844247,0
10,trf_16_6318a,1.2189883960908168,45.0,2.7088631024240373,0
10,trf_16_303a,0.51909569425269,15.0,3.4606379616845997,0
10,trf_6_1256a,0.1869757825472523,10.0,1.869757825472523,0
10,trf_6_2090a,0.6942709423528244,15.0,4.628472949018829,0
10,trf_6_1445a,0.32154065589623365,10.0,3.2154065589623366,0
10,trf_6_4766a,0.3631508865132453,112.5,0.3228007880117736,0
10,trf_16_3549a,0.0,10.0,0.0,0
10,trf_11_4675a,0.4397136969724675,150.0,0.2931424646483117,0
10,trf_16_4173a,0.2267753591873244,10.0,2.2677535918732437,0
10,trf_6_4662a,0.7141165551676761,300.0,0.2380388517225587,0
10,trf_6_2860a,0.4831941426564317,10.0,4.831941426564317,0
10,trf_6_1178a,0.39492651572886833,15.0,2.6328434381924555,0
10,trf_6_4249a,3.7871949714344235,25.0,15.148779885737694,0
10,trf_6_2887a,0.356898564198299,10.0,3.56898564198299,0
10,trf_6_2064a,0.15218320211667039,5.0,3.0436640423334076,0
10,trf_6_4161a,0.15150607646563047,10.0,1.5150607646563048,0
10,trf_6_1960a,0.29420386419787936,10.0,2.9420386419787934,0
10,trf_6_6394a,0.5537060656830288,25.0,2.2148242627321153,0
10,trf_6_3613a,0.13851386442547692,10.0,1.3851386442547693,0
10,trf_6_738a,0.034362699724722556,5.0,0.6872539944944511,0
10,trf_16_2195a,1.7979689262844691,15.0,11.986459508563128,0
10,trf_16_4674a,0.6107274313110032,225.0,0.2714344139160014,0
10,trf_6_2417a,0.3580127507589703,10.0,3.580127507589703,0
10,trf_16_4687a,0.2687521694945402,75.0,0.3583362259927203,0
10,trf_16_2428a,0.20211643558545453,5.0,4.042328711709091,0
10,trf_16_2658a,0.21152308737131473,15.0,1.4101539158087648,0
10,trf_6_1177a,1.4880587144325699,75.0,1.9840782859100932,0
10,trf_6_4661a,0.4423403749475142,150.0,0.2948935832983428,0
10,trf_6_3019a,0.23946055736208777,10.0,2.394605573620878,0
10,trf_6_3013a,0.5193916964649349,5.0,10.387833929298697,0
10,trf_16_3364a,0.33112943312217213,15.0,2.207529554147814,0
10,trf_6_3563a,0.5512302190975861,10.0,5.512302190975861,0
10,trf_16_3328a,0.21313592028988929,10.0,2.131359202898893,0
10,trf_6_3721a,0.029269395964800268,5.0,0.5853879192960053,0
10,trf_6_3434a,0.3495367385911974,5.0,6.990734771823948,0
10,trf_6_3010a,0.10441206973708722,10.0,1.044120697370872,0
10,trf_6_3509a,0.9141215141393229,5.0,18.282430282786457,0
10,trf_16_6165a,0.0,15.0,0.0,0
10,trf_6_3142a,0.1679324029177963,10.0,1.679324029177963,0
10,trf_16_3908a,0.0,10.0,0.0,0
10,trf_6_3604a,0.07502110965409557,10.0,0.7502110965409556,0
10,trf_6_3012a,0.13833355347215429,10.0,1.3833355347215428,0
10,trf_6_3507a,0.22172847200106346,10.0,2.2172847200106345,0
10,trf_34_5142a,0.14850691316154402,10.0,1.48506913161544,0
10,trf_6_3508a,0.04392749173478068,10.0,0.43927491734780677,0
10,trf_6_3634a,0.4537633581442156,10.0,4.537633581442156,0
10,trf_6_3224a,0.13265610864341446,5.0,2.653122172868289,0
10,trf_16_3904a,0.34619056986450586,10.0,3.461905698645059,0
10,trf_11_3987a,0.37711660132910246,5.0,7.5423320265820495,0
10,trf_16_3997a,0.5878183665470338,30.0,1.9593945551567793,0
10,trf_6_3817a,0.11701714656842557,5.0,2.340342931368512,0
10,trf_6_3818a,0.39586665229335466,10.0,3.9586665229335467,0
10,trf_16_1142a,1.171708992950404,45.0,2.603797762112009,0
10,trf_34_5260a,0.34218740412382714,10.0,3.4218740412382713,0
10,trf_6_5725a,0.7180174300733244,300.0,0.23933914335777481,0
10,trf_6_5472a,0.4047324877277957,15.0,2.6982165848519712,0
10,trf_6_4925a,0.3633515385148027,112.5,0.32297914534649125,0
10,trf_6_3256a,1.556027627402712,15.0,10.37351751601808,0
10,trf_6_4998a,0.3609125839069261,112.5,0.3208111856950454,0
10,trf_16_5055a,0.7902886659983802,10.0,7.902886659983802,0
10,trf_6_724a,0.565615053195503,30.0,1.8853835106516768,0
10,trf_11_4785a,0.20119611552309313,10.0,2.011961155230931,0
10,trf_16_5003a,0.07324103481182077,15.0,0.4882735654121385,0
10,trf_6_5157a,0.7151974867362575,300.0,0.23839916224541918,0
10,trf_6_5085a,0.9887517373753191,30.0,3.295839124584397,0
10,trf_6_5595a,5.465856297572678,30.0,18.21952099190893,0
10,trf_11_5652a,0.05859299818535274,15.0,0.39061998790235164,0
10,trf_16_5666a,0.09990077061180841,10.0,0.9990077061180841,0
10,trf_6_5711a,0.5026230973446713,30.0,1.6754103244822374,0
10,trf_6_5712a,2.433146237303407,30.0,8.110487457678023,0
10,trf_6_5659a,0.30188042905869916,30.0,1.0062680968623305,0
10,trf_6_1262a,0.37103795315815663,10.0,3.710379531581566,0
10,trf_16_6019a,0.055390627751839984,10.0,0.5539062775183998,0
10,trf_16_6122a,0.044958520871201085,10.0,0.44958520871201085,0
10,trf_6_6158a,2.19530456807279,45.0,4.878454595717311,0
10,trf_6_6197a,3.2891603762384736,75.0,4.385547168317965,0
10,trf_6_6153a,3.018454853424387,30.0,10.06151617808129,0
10,trf_6_1504a,0.40687372994681065,30.0,1.3562457664893688,0
10,trf_6_6249a,9.367317078590684,30.0,31.224390261968946,0
10,trf_16_6312a,0.3723918419555191,30.0,1.2413061398517304,0
10,trf_6_6386a,0.4397743785883193,150.0,0.29318291905887955,0
10,trf_6_4627a,0.3632509620998066,112.5,0.322889744088717,0
10,trf_11_6443a,0.4397809846113896,150.0,0.2931873230742597,0
10,trf_12_6577a,0.13682373301471865,30.0,0.45607911004906215,0
10,trf_12_6578a,0.18080500912408926,45.0,0.4017889091646428,0
10,trf_11_6482a,0.18079172643776872,45.0,0.40175939208393047,0
10,trf_6_1647a,0.2202203996819433,10.0,2.2022039968194327,0
10,trf_6_6496a,0.3603217833032498,112.5,0.3202860296028887,0
10,trf_6_727a,1.3287502607829778,30.0,4.429167535943259,0
11,trf_6_1030a,0.5425502437931948,10.0,5.425502437931948,0
11,trf_6_878a,0.10670087404045757,10.0,1.0670087404045758,0
11,trf_16_1585a,0.162111673652606,15.0,1.0807444910173734,0
11,trf_16_3545a,0.04483894121827928,10.0,0.44838941218279277,0
11,trf_16_1143a,7.366834205445349,30.0,24.556114018151163,0
11,trf_16_6460a,0.7547088833631972,25.0,3.0188355334527888,0
11,trf_6_725a,0.048607138896055134,10.0,0.48607138896055135,0
11,trf_6_3820a,0.7531655338747152,15.0,5.021103559164768,0
11,trf_6_3538a,0.5068624652560512,10.0,5.068624652560511,0
11,trf_6_4910a,8.247067608093221,30.0,27.49022536031074,0
11,trf_6_1870a,0.24787365345044057,15.0,1.6524910230029373,0
11,trf_6_127a,0.9907540101982071,15.0,6.605026734654714,0
11,trf_6_1541a,6.0859824296225105,15.0,40.5732161974834,0
11,trf_6_1503a,0.2886509437372655,10.0,2.886509437372655,0
11,trf_6_6272a,0.22724099499093106,15.0,1.5149399666062071,0
11,trf_6_128a,0.37291908690754877,15.0,2.486127246050325,0
11,trf_6_1260a,0.04387497519294985,10.0,0.43874975192949844,0
11,trf_6_1350a,7.985931662812632,45.0,17.746514806250293,0
11,trf_6_808a,0.5753874952793068,15.0,3.8359166351953786,0
11,trf_6_1475a,0.6834113085113325,15.0,4.5560753900755495,0
11,trf_6_1138a,3.1285875709528095,10.0,31.285875709528096,0
11,trf_6_1146a,5.517167725573,10.0,55.17167725572999,0
11,trf_16_2916a,0.5213536075613395,10.0,5.213536075613396,0
11,trf_16_1140a,0.04471217568466029,10.0,0.4471217568466028,0
11,trf_16_5474a,0.45336284718390146,10.0,4.533628471839014,0
11,trf_16_3548a,0.6481501700029918,10.0,6.481501700029918,0
11,trf_16_1141a,0.5518946040805816,15.0,3.6792973605372103,0
11,trf_6_810a,0.942014628467699,30.0,3.1400487615589965,0
11,trf_16_300a,0.46395251497340023,15.0,3.0930167664893347,0
11,trf_16_3130a,1.3287544793234538,30.0,4.429181597744845,0
11,trf_11_4955a,2.024654800979833,15.0,13.497698673198888,0
11,trf_11_131a,0.876139732335537,10.0,8.76139732335537,0
11,trf_6_1048a,0.22118743266841698,15.0,1.474582884456113,0
11,trf_6_129a,0.4214964743432959,10.0,4.214964743432959,0
11,trf_34_1018a,0.2508433630552145,5.0,5.01686726110429,0
11,trf_16_5730a,0.36137757688257577,25.0,1.445510307530303,0
11,trf_16_1144a,0.5821133774568361,15.0,3.8807558497122403,0
11,trf_6_6273a,14.761527375804997,30.0,49.205091252683324,0
11,trf_6_1238a,0.5857065226060587,15.0,3.904710150707058,0
11,trf_6_731a,0.21452171913571652,15.0,1.4301447942381103,0
11,trf_6_732a,0.8271515520839954,30.0,2.7571718402799847,0
11,trf_16_6082a,4.37735331281196,15.0,29.182355418746397,0
11,trf_16_537a,0.21400133425191128,5.0,4.280026685038226,0
11,trf_16_3996a,1.595711811445557,15.0,10.63807874297038,0
11,trf_16_1095a,0.42251941694109824,15.0,2.816796112940655,0
11,trf_6_730a,0.25927189279112683,15.0,1.7284792852741788,0
11,trf_34_1649a,0.1432129015613303,5.0,2.8642580312266057,0
11,trf_34_5029a,3.610465619543329,10.0,36.10465619543329,0
11,trf_34_1581a,0.5723663204216947,10.0,5.723663204216947,0
11,trf_11_132a,0.3623536817383881,10.0,3.6235368173838807,0
11,trf_16_3221a,1.1207019130969857,25.0,4.482807652387943,0
11,trf_16_504a,1.13952465169584,15.0,7.596831011305599,0
11,trf_6_735a,0.17751299622849198,10.0,1.77512996228492,0
11,trf_6_4489a,12.441649237013312,25.0,49.76659694805325,0
11,trf_6_729a,0.9810746091632653,15.0,6.540497394421768,0
11,trf_16_299a,1.398241394128494,45.0,3.1072030980633194,0
11,trf_16_1301a,0.43104799395536875,10.0,4.310479939553687,0
11,trf_16_2139a,1.5324749947817016,25.0,6.129899979126807,0
11,trf_16_6081a,0.17455516890612424,10.0,1.7455516890612426,0
11,trf_6_1019a,4.638023515815176,25.0,18.552094063260704,0
11,trf_11_2597a,0.42679498215105344,10.0,4.267949821510534,0
11,trf_11_130a,0.37245601694851693,15.0,2.4830401129901127,0
11,trf_6_4704a,0.8421738844404838,10.0,8.421738844404839,0
11,trf_6_733a,0.04936957010495446,10.0,0.4936957010495446,0
11,trf_11_305a,56.19513811259208,75.0,74.92685081678945,0
11,trf_16_539a,0.04897667777584225,10.0,0.4897667777584225,0
11,trf_6_1151a,0.6400482785344024,30.0,2.1334942617813413,0
11,trf_6_4764a,0.26437579016198376,75.0,0.3525010535493117,0
11,trf_6_4765a,0.4405730826435239,150.0,0.29371538842901596,0
11,trf_16_538a,0.4876927378629652,30.0,1.6256424595432173,0
11,trf_11_133a,0.04881255043050211,10.0,0.4881255043050211,0
11,trf_6_723a,0.578206496105598,15.0,3.8547099740373203,0
11,trf_6_722a,0.19231343589339284,15.0,1.282089572622619,0
11,trf_6_726a,0.07774002838548609,15.0,0.5182668559032406,0
11,trf_6_737a,0.5474900896724906,15.0,3.649933931149937,0
11,trf_6_728a,1.0047722714445644,30.0,3.3492409048152143,0
11,trf_6_125a,0.048657751092768,10.0,0.48657751092768003,0
11,trf_6_3011a,0.2230668944532834,10.0,2.230668944532834,0
11,trf_6_3819a,1.272286083256467,30.0,4.24095361085489,0
11,trf_6_1344a,0.1531386128337967,10.0,1.531386128337967,0
11,trf_6_122a,0.0856343803197802,10.0,0.856343803197802,0
11,trf_6_1212a,0.47444700428278047,25.0,1.8977880171311219,0
11,trf_6_1213a,0.13508296311461124,10.0,1.3508296311461123,0
11,trf_6_1139a,10.270025519427866,15.0,68.46683679618577,0
11,trf_6_1145a,0.2783755827118713,10.0,2.7837558271187133,0
11,trf_16_302a,0.12412683012000232,10.0,1.2412683012000232,0
11,trf_16_301a,0.43499887688649086,25.0,1.7399955075459637,0
11,trf_6_124a,3.247177996030877,45.0,7.2159511022908385,0
11,trf_16_6318a,1.1712002236986765,45.0,2.6026671637748366,0
11,trf_16_303a,0.49835203826354246,15.0,3.32234692175695,0
11,trf_6_1256a,0.1804783969935019,10.0,1.8047839699350192,0
11,trf_6_2090a,0.6656812827865344,15.0,4.437875218576895,0
11,trf_6_1445a,0.3086089700291044,10.0,3.086089700291044,0
11,trf_6_4766a,0.36287183384202387,112.5,0.3225527411929101,0
11,trf_16_3549a,0.0,10.0,0.0,0
11,trf_11_4675a,0.43953742273744684,150.0,0.2930249484916312,0
11,trf_16_4173a,0.2183865147162725,10.0,2.1838651471627246,0
11,trf_6_4662a,0.7131352886574994,300.0,0.23771176288583315,0
11,trf_6_2860a,0.4629111063544854,10.0,4.629111063544854,0
11,trf_6_1178a,0.3794561699845524,15.0,2.529707799897016,0
11,trf_6_4249a,4.274695349280654,25.0,17.098781397122615,0
11,trf_6_2887a,0.342526565016655,10.0,3.42526565016655,0
11,trf_6_2064a,0.14651860416124923,5.0,2.930372083224985,0
11,trf_6_4161a,0.14651260758220988,10.0,1.465126075822099,0
11,trf_6_1960a,0.2826711493218597,10.0,2.826711493218597,0
11,trf_6_6394a,0.5318026665919714,25.0,2.1272106663678856,0
11,trf_6_3613a,0.13411844732061162,10.0,1.3411844732061162,0
11,trf_6_738a,0.03433949469949963,5.0,0.6867898939899926,0
11,trf_16_2195a,1.7187611224006358,15.0,11.458407482670905,0
11,trf_16_4674a,0.6104787128680143,225.0,0.2713238723857841,0
11,trf_6_2417a,0.3434917319280335,10.0,3.434917319280335,0
11,trf_16_4687a,0.26870053469006855,75.0,0.3582673795867581,0
11,trf_16_2428a,0.194193001717947,5.0,3.8838600343589404,0
11,trf_16_2658a,0.20531582405241972,15.0,1.3687721603494647,0
11,trf_6_1177a,1.431479983139122,75.0,1.9086399775188294,0
11,trf_6_4661a,0.44207843540318553,150.0,0.294718956935457,0
11,trf_6_3019a,0.23044023802225924,10.0,2.3044023802225926,0
11,trf_6_3013a,0.49698734369066017,5.0,9.939746873813203,0
11,trf_16_3364a,0.3194264817626763,15.0,2.1295098784178417,0
11,trf_6_3563a,0.5280073871112575,10.0,5.280073871112576,0
11,trf_16_3328a,0.20528742162133812,10.0,2.0528742162133815,0
11,trf_6_3721a,0.02923709882273524,5.0,0.5847419764547048,0
11,trf_6_3434a,0.33485998970265884,5.0,6.6971997940531764,0
11,trf_6_3010a,0.10162014156092072,10.0,1.0162014156092072,0
11,trf_6_3509a,0.8737140340692047,5.0,17.474280681384094,0
11,trf_16_6165a,0.0,15.0,0.0,0
11,trf_6_3142a,0.16210792259541412,10.0,1.6210792259541413,0
11,trf_16_3908a,0.0,10.0,0.0,0
11,trf_6_3604a,0.073518099426371,10.0,0.73518099426371,0
11,trf_6_3012a,0.1339636517410226,10.0,1.3396365174102258,0
11,trf_6_3507a,0.21351572010326883,10.0,2.1351572010326882,0
11,trf_34_5142a,0.14369544418098568,10.0,1.4369544418098568,0
11,trf_6_3508a,0.043876517776449644,10.0,0.4387651777644964,0
11,trf_6_3634a,0.43496371145794427,10.0,4.349637114579442,0
11,trf_6_3224a,0.12788742170019246,5.0,2.557748434003849,0
11,trf_16_3904a,0.33235812664848646,10.0,3.3235812664848643,0
11,trf_11_3987a,0.36115679414462326,5.0,7.223135882892466,0
11,trf_16_3997a,0.5669729702893468,30.0,1.8899099009644893,0
11,trf_6_3817a,0.11296061004247629,5.0,2.259212200849526,0
11,trf_6_3818a,0.3795431666222799,10.0,3.795431666222799,0
11,trf_16_1142a,1.12633297870375,45.0,2.502962174897222,0
11,trf_34_5260a,0.32855811530124085,10.0,3.2855811530124086,0
11,trf_6_5725a,0.7173049527228255,300.0,0.23910165090760852,0
11,trf_6_5472a,0.38870580009705097,15.0,2.5913720006470062,0
11,trf_6_4925a,0.3630829954890314,112.5,0.3227404404346945,0
11,trf_6_3256a,1.4880691991053294,15.0,9.920461327368862,0
11,trf_6_4998a,0.3605126553500894,112.5,0.320455693644524,0
11,trf_16_5055a,0.7563432987828447,10.0,7.563432987828446,0
11,trf_6_724a,0.5454236331633646,30.0,1.8180787772112155,0
11,trf_11_4785a,0.19390655790543926,10.0,1.9390655790543925,0
11,trf_16_5003a,0.07253293959827548,15.0,0.48355293065516985,0
11,trf_6_5157a,0.7142910984874723,300.0,0.23809703282915742,0
11,trf_6_5085a,0.9492748298394375,30.0,3.1642494327981248,0
11,trf_6_5595a,6.130719555379824,30.0,20.43573185126608,0
11,trf_11_5652a,0.058560998799138876,15.0,0.3904066586609259,0
11,trf_16_5666a,0.09735626526904,10.0,0.9735626526904,0
11,trf_6_5711a,0.4853472125999552,30.0,1.6178240419998506,0
11,trf_6_5712a,2.8528701420288076,30.0,9.509567140096026,0
11,trf_6_5659a,0.29400911938675106,30.0,0.9800303979558368,0
11,trf_6_1262a,0.3560662142224753,10.0,3.5606621422247526,0
11,trf_16_6019a,0.05491286412441853,10.0,0.5491286412441853,0
11,trf_16_6122a,0.044959447962831835,10.0,0.44959447962831833,0
11,trf_6_6158a,2.1033968450352085,45.0,4.6742152111893525,0
11,trf_6_6197a,3.1488764079837703,75.0,4.198501877311694,0
11,trf_6_6153a,2.821697741558539,30.0,9.405659138528462,0
11,trf_6_1504a,0.3942920784674523,30.0,1.314306928224841,0
11,trf_6_6249a,10.558537324228835,30.0,35.195124414096114,0
11,trf_16_6312a,0.3614384683415453,30.0,1.2047948944718176,0
11,trf_6_6386a,0.4393345260641462,150.0,0.2928896840427641,0
11,trf_6_4627a,0.3629805923996269,112.5,0.322649415466335,0
11,trf_11_6443a,0.4396123688727659,150.0,0.2930749125818439,0
11,trf_12_6577a,0.13676999478621546,30.0,0.45589998262071824,0
11,trf_12_6578a,0.18073399702218068,45.0,0.40163110449373485,0
11,trf_11_6482a,0.18072071955269484,45.0,0.4016015990059885,0
11,trf_6_1647a,0.2120357823139097,10.0,2.120357823139097,0
11,trf_6_6496a,0.3598839798790823,112.5,0.3198968710036288,0
11,trf_6_727a,1.273469463571907,30.0,4.2448982119063565,0
12,trf_6_1030a,0.548329835898595,10.0,5.48329835898595,0
12,trf_6_878a,0.10759283674514945,10.0,1.0759283674514946,0
12,trf_16_1585a,0.1633610461424365,15.0,1.0890736409495765,0
12,trf_16_3545a,0.04486052056216004,10.0,0.44860520562160044,0
12,trf_16_1143a,7.965641315728249,30.0,26.552137719094162,0
12,trf_16_6460a,0.7614678515353339,25.0,3.0458714061413357,0
12,trf_6_725a,0.04876104884095323,10.0,0.4876104884095323,0
12,trf_6_3820a,0.7614724016746476,15.0,5.076482677830984,0
12,trf_6_3538a,0.5125164828716353,10.0,5.125164828716353,0
12,trf_6_4910a,8.342685418104404,30.0,27.808951393681347,0
12,trf_6_1870a,0.25030073364607364,15.0,1.668671557640491,0
12,trf_6_127a,1.0020119940054837,15.0,6.680079960036559,0
12,trf_6_1541a,6.506067693630252,15.0,43.373784624201676,0
12,trf_6_1503a,0.2914789872613913,10.0,2.9147898726139134,0
12,trf_6_6272a,0.22946580023113944,15.0,1.5297720015409297,0
12,trf_6_128a,0.3768606684590499,15.0,2.512404456393666,0
12,trf_6_1260a,0.04402124326296939,10.0,0.44021243262969395,0
12,trf_6_1350a,8.541358561215791,45.0,18.980796802701757,0
12,trf_6_808a,0.5813502540770995,15.0,3.875668360513997,0
12,trf_6_1475a,0.6529523847494295,15.0,4.35301589832953,0
12,trf_6_1138a,3.37746205614927,10.0,33.7746205614927,0
12,trf_6_1146a,5.9133811267930385,10.0,59.13381126793039,0
12,trf_16_2916a,0.5262369044163031,10.0,5.262369044163031,0
12,trf_16_1140a,0.04475131942671346,10.0,0.44751319426713465,0
12,trf_16_5474a,0.45754868437571705,10.0,4.5754868437571705,0
12,trf_16_3548a,0.5977460864175047,10.0,5.977460864175047,0
12,trf_16_1141a,0.556691680799973,15.0,3.71127787199982,0
12,trf_6_810a,0.9517046272335883,30.0,3.172348757445294,0
12,trf_16_300a,0.4688485181085054,15.0,3.125656787390036,0
12,trf_16_3130a,1.3429062416527835,30.0,4.476354138842612,0
12,trf_11_4955a,2.04800127733615,15.0,13.653341848907665,0
12,trf_11_131a,0.8859641079542334,10.0,8.859641079542333,0
12,trf_6_1048a,0.22309330353509832,15.0,1.4872886902339888,0
12,trf_6_129a,0.42611820953472895,10.0,4.261182095347289,0
12,trf_34_1018a,0.2535710923829972,5.0,5.071421847659943,0
12,trf_16_5730a,0.364929326626895,25.0,1.45971730650758,0
12,trf_16_1144a,0.5875707009481059,15.0,3.917138006320706,0
12,trf_6_6273a,15.776809851951219,30.0,52.589366173170724,0
12,trf_6_1238a,0.5919096290910754,15.0,3.946064193940502,0
12,trf_6_731a,0.21631324320366663,15.0,1.442088288024444,0
12,trf_6_732a,0.8354193871504083,30.0,2.784731290501361,0
12,trf_16_6082a,4.674925612172108,15.0,31.166170747814053,0
12,trf_16_537a,0.21612884199391869,5.0,4.322576839878374,0
12,trf_16_3996a,1.613087998613263,15.0,10.753919990755087,0
12,trf_16_1095a,0.4268538771727798,15.0,2.8456925144851986,0
12,trf_6_730a,0.2513469669318817,15.0,1.6756464462125444,0
12,trf_34_1649a,0.14467391274124997,5.0,2.8934782548249993,0
12,trf_34_5029a,3.8585611086414646,10.0,38.585611086414644,0
12,trf_34_1581a,0.5787818252654858,10.0,5.7878182526548585,0
12,trf_11_132a,0.3662764332063131,10.0,3.662764332063131,0
12,trf_16_3221a,1.132580705500388,25.0,4.530322822001552,0
12,trf_16_504a,1.0496398967958702,15.0,6.9975993119724675,0
12,trf_6_735a,0.1791208004306193,10.0,1.7912080043061926,0
12,trf_6_4489a,13.342246321148664,25.0,53.36898528459466,0
12,trf_6_729a,0.9915891864761015,15.0,6.610594576507343,0
12,trf_16_299a,1.4126822537983557,45.0,3.1392938973296793,0
12,trf_16_1301a,0.4355304260067124,10.0,4.355304260067124,0
12,trf_16_2139a,1.5492486714597276,25.0,6.196994685838911,0
12,trf_16_6081a,0.17618257001576385,10.0,1.7618257001576385,0
12,trf_6_1019a,5.034928153775324,25.0,20.139712615101296,0
12,trf_11_2597a,0.43141337542931324,10.0,4.314133754293133,0
12,trf_11_130a,0.37620880055973627,15.0,2.508058670398242,0
12,trf_6_4704a,0.7538263679457663,10.0,7.538263679457662,0
12,trf_6_733a,0.04956457235161219,10.0,0.4956457235161219,0
12,trf_11_305a,59.65800450914921,75.0,79.54400601219893,0
12,trf_16_539a,0.049116704964671874,10.0,0.49116704964671876,0
12,trf_6_1151a,0.6459991873342742,30.0,2.1533306244475807,0
12,trf_6_4764a,0.2650765304178886,75.0,0.35343537389051816,0
12,trf_6_4765a,0.44175169353152016,150.0,0.29450112902101344,0
12,trf_16_538a,0.492062858666812,30.0,1.6402095288893732,0
12,trf_11_133a,0.04898926120641962,10.0,0.48989261206419615,0
12,trf_6_723a,0.5842145307218363,15.0,3.894763538145575,0
12,trf_6_722a,0.1938874829075362,15.0,1.2925832193835747,0
12,trf_6_726a,0.0779932354296738,15.0,0.5199549028644921,0
12,trf_6_737a,0.5529461625653188,15.0,3.686307750435459,0
12,trf_6_728a,1.0152004267604118,30.0,3.384001422534706,0
12,trf_6_125a,0.04888032071041948,10.0,0.48880320710419484,0
12,trf_6_3011a,0.22529384739504946,10.0,2.2529384739504943,0
12,trf_6_3819a,1.2861955751594911,30.0,4.2873185838649706,0
12,trf_6_1344a,0.15460369100632038,10.0,1.5460369100632039,0
12,trf_6_122a,0.0862450085830924,10.0,0.862450085830924,0
12,trf_6_1212a,0.4793607481952915,25.0,1.917442992781166,0
12,trf_6_1213a,0.12500709954121056,10.0,1.2500709954121056,0
12,trf_6_1139a,10.949779412280252,15.0,72.99852941520167,0
12,trf_6_1145a,0.2695320446699914,10.0,2.695320446699914,0
12,trf_16_302a,0.12523061635025914,10.0,1.2523061635025914,0
12,trf_16_301a,0.4393243054309486,25.0,1.7572972217237943,0
12,trf_6_124a,3.5435730929349325,45.0,7.874606873188739,0
12,trf_16_6318a,1.1834671834488968,45.0,2.629927074330882,0
12,trf_16_303a,0.5036222181992688,15.0,3.357481454661792,0
12,trf_6_1256a,0.18214431197683398,10.0,1.8214431197683396,0
12,trf_6_2090a,0.6726622320124943,15.0,4.484414880083295,0
12,trf_6_1445a,0.3117705523040839,10.0,3.117705523040839,0
12,trf_6_4766a,0.3637673653937265,112.5,0.323348769238868,0
12,trf_16_3549a,0.0,10.0,0.0,0
12,trf_11_4675a,0.441249436256209,150.0,0.2941662908374727,0
12,trf_16_4173a,0.22024011958518253,10.0,2.202401195851825,0
12,trf_6_4662a,0.7155279349950244,300.0,0.23850931166500813,0
12,trf_6_2860a,0.46787615615270833,10.0,4.678761561527083,0
12,trf_6_1178a,0.3831667042086226,15.0,2.554444694724151,0
12,trf_6_4249a,4.582633461303462,25.0,18.330533845213846,0
12,trf_6_2887a,0.34595034882986375,10.0,3.4595034882986377,0
12,trf_6_2064a,0.14789472323858666,5.0,2.957894464771733,0
12,trf_6_4161a,0.14774473251638778,10.0,1.4774473251638778,0
12,trf_6_1960a,0.28539706457723485,10.0,2.853970645772349,0
12,trf_6_6394a,0.5369687797950441,25.0,2.1478751191801764,0
12,trf_6_3613a,0.13521415167628,10.0,1.3521415167628001,0
12,trf_6_738a,0.03442466183538666,5.0,0.6884932367077331,0
12,trf_16_2195a,1.7377063484911868,15.0,11.584708989941245,0
12,trf_16_4674a,0.6128379267630806,225.0,0.2723724118947025,0
12,trf_6_2417a,0.34703103770310406,10.0,3.4703103770310406,0
12,trf_16_4687a,0.2688577123263766,75.0,0.35847694976850214,0
12,trf_16_2428a,0.19591809560026505,5.0,3.918361912005301,0
12,trf_16_2658a,0.2070975658210823,15.0,1.3806504388072154,0
12,trf_6_1177a,1.444975255569566,75.0,1.926633674092755,0
12,trf_6_4661a,0.4431332570191518,150.0,0.2954221713461012,0
12,trf_6_3019a,0.23277956781323242,10.0,2.327795678132324,0
12,trf_6_3013a,0.5019936627205026,5.0,10.039873254410052,0
12,trf_16_3364a,0.32251463492771953,15.0,2.150097566184797,0
12,trf_6_3563a,0.5334792506129147,10.0,5.334792506129147,0
12,trf_16_3328a,0.20723285519720322,10.0,2.0723285519720323,0
12,trf_6_3721a,0.029331057015670237,5.0,0.5866211403134047,0
12,trf_6_3434a,0.3385296965607449,5.0,6.770593931214897,0
12,trf_6_3010a,0.102277450563723,10.0,1.0227745056372302,0
12,trf_6_3509a,0.8830123521332853,5.0,17.66024704266571,0
12,trf_16_6165a,0.0,15.0,0.0,0
12,trf_6_3142a,0.16360815738984869,10.0,1.6360815738984869,0
12,trf_16_3908a,0.0,10.0,0.0,0
12,trf_6_3604a,0.07399880886622553,10.0,0.7399880886622554,0
12,trf_6_3012a,0.13499816427201158,10.0,1.349981642720116,0
12,trf_6_3507a,0.21565706411444482,10.0,2.156570641144448,0
12,trf_34_5142a,0.14504679167418877,10.0,1.4504679167418877,0
12,trf_6_3508a,0.044001946963798784,10.0,0.4400194696379878,0
12,trf_6_3634a,0.4393574897759109,10.0,4.393574897759109,0
12,trf_6_3224a,0.12898061395214044,5.0,2.579612279042809,0
12,trf_16_3904a,0.3353217089470402,10.0,3.3532170894704025,0
12,trf_11_3987a,0.36512207046960915,5.0,7.302441409392183,0
12,trf_16_3997a,0.5724232471248414,30.0,1.908077490416138,0
12,trf_6_3817a,0.1139653275900181,5.0,2.279306551800362,0
12,trf_6_3818a,0.38353341768470467,10.0,3.8353341768470464,0
12,trf_16_1142a,1.1359720648054485,45.0,2.52438236623433,0
12,trf_34_5260a,0.3320960838282382,10.0,3.3209608382823816,0
12,trf_6_5725a,0.7195034153860849,300.0,0.2398344717953616,0
12,trf_6_5472a,0.3926384701122587,15.0,2.6175898007483913,0
12,trf_6_4925a,0.36395587217937625,112.5,0.3235163308261122,0
12,trf_6_3256a,1.50509514748092,15.0,10.0339676498728,0
12,trf_6_4998a,0.36162579381024634,112.5,0.3214451500535523,0
12,trf_16_5055a,0.7632492091315709,10.0,7.632492091315709,0
12,trf_6_724a,0.5505811693071974,30.0,1.8352705643573244,0
12,trf_11_4785a,0.19581260371411402,10.0,1.9581260371411404,0
12,trf_16_5003a,0.07285014316451874,15.0,0.48566762109679157,0
12,trf_6_5157a,0.7166179294622693,300.0,0.2388726431540898,0
12,trf_6_5085a,0.9588023860918641,30.0,3.1960079536395467,0
12,trf_6_5595a,6.559924394612948,30.0,21.866414648709828,0
12,trf_11_5652a,0.058768120037056545,15.0,0.3917874669137103,0
12,trf_16_5666a,0.09789648095711717,10.0,0.9789648095711717,0
12,trf_6_5711a,0.48981688221984243,30.0,1.632722940732808,0
12,trf_6_5712a,3.096042898351774,30.0,10.320142994505913,0
12,trf_6_5659a,0.2962616482103628,30.0,0.9875388273678761,0
12,trf_6_1262a,0.35974452917630534,10.0,3.5974452917630537,0
12,trf_16_6019a,0.055019296536647895,10.0,0.550192965366479,0
12,trf_16_6122a,0.04496824344056734,10.0,0.44968243440567335,0
12,trf_6_6158a,2.126731676810827,45.0,4.726070392912948,0
12,trf_6_6197a,3.182883177879181,75.0,4.243844237172241,0
12,trf_6_6153a,2.6855956923472393,30.0,8.951985641157465,0
12,trf_6_1504a,0.3974905857796323,30.0,1.324968619265441,0
12,trf_6_6249a,11.31101576459022,30.0,37.7033858819674,0
12,trf_16_6312a,0.3644111030713509,30.0,1.214703676904503,0
12,trf_6_6386a,0.4406166492023584,150.0,0.29374443280157225,0
12,trf_6_4627a,0.3638765556662495,112.5,0.32344582725888843,0
12,trf_11_6443a,0.44133174914371653,150.0,0.294221166095811,0
12,trf_12_6577a,0.13730232603966008,30.0,0.4576744201322003,0
12,trf_12_6578a,0.18143744338343143,45.0,0.4031943186298476,0
12,trf_11_6482a,0.18142411423581314,45.0,0.403164698301807,0
12,trf_6_1647a,0.21404528173903647,10.0,2.1404528173903645,0
12,trf_6_6496a,0.36103775414089895,112.5,0.3209224481252435,0
12,trf_6_727a,1.2868665220786328,30.0,4.289555073595443,0
13,trf_6_1030a,0.5386505293770981,10.0,5.386505293770981,0
13,trf_6_878a,0.10629171679744451,10.0,1.0629171679744451,0
13,trf_16_1585a,0.16159724265797493,15.0,1.077314951053166,0
13,trf_16_3545a,0.04484987165575679,10.0,0.4484987165575679,0
13,trf_16_1143a,8.006164650374835,30.0,26.68721550124945,0
13,trf_16_6460a,0.7488115451315236,25.0,2.995246180526094,0
13,trf_6_725a,0.048682207223621904,10.0,0.48682207223621904,0
13,trf_6_3820a,0.7479026838808859,15.0,4.986017892539239,0
13,trf_6_3538a,0.5034639773375136,10.0,5.034639773375136,0
13,trf_6_4910a,8.185851148908833,30.0,27.28617049636278,0
13,trf_6_1870a,0.24650683951245578,15.0,1.6433789300830386,0
13,trf_6_127a,0.9838612813412413,15.0,6.559075208941609,0
13,trf_6_1541a,6.517378554980896,15.0,43.449190366539305,0
13,trf_6_1503a,0.28672108573953775,10.0,2.8672108573953774,0
13,trf_6_6272a,0.2260780069418605,15.0,1.5071867129457366,0
13,trf_6_128a,0.3706516211979658,15.0,2.471010807986439,0
13,trf_6_1260a,0.0439521761061419,10.0,0.439521761061419,0
13,trf_6_1350a,8.552438887255708,45.0,19.00541974945713,0
13,trf_6_808a,0.5715280176756846,15.0,3.8101867845045643,0
13,trf_6_1475a,0.638070660047879,15.0,4.2538044003191935,0
13,trf_6_1138a,3.3937600312777527,10.0,33.937600312777526,0
13,trf_6_1146a,5.9287576748675335,10.0,59.287576748675335,0
13,trf_16_2916a,0.5172625165541352,10.0,5.172625165541353,0
13,trf_16_1140a,0.04473233632904757,10.0,0.44732336329047573,0
13,trf_16_5474a,0.449849970724407,10.0,4.49849970724407,0
13,trf_16_3548a,0.5822464100147057,10.0,5.822464100147057,0
13,trf_16_1141a,0.5475313246066897,15.0,3.650208830711265,0
13,trf_6_810a,0.9357749475475671,30.0,3.119249825158557,0
13,trf_16_300a,0.46090369673952875,15.0,3.072691311596858,0
13,trf_16_3130a,1.3196168325073623,30.0,4.398722775024541,0
13,trf_11_4955a,2.0098846212646797,15.0,13.399230808431197,0
13,trf_11_131a,0.8698525087253407,10.0,8.698525087253406,0
13,trf_6_1048a,0.22014201739919181,15.0,1.4676134493279454,0
13,trf_6_129a,0.4187217440177966,10.0,4.187217440177966,0
13,trf_34_1018a,0.24921688896840577,5.0,4.984337779368116,0
13,trf_16_5730a,0.35929240075912,25.0,1.43716960303648,0
13,trf_16_1144a,0.5776744516435244,15.0,3.8511630109568293,0
13,trf_6_6273a,15.800302348370666,30.0,52.66767449456889,0
13,trf_6_1238a,0.5815882131188285,15.0,3.877254754125523,0
13,trf_6_731a,0.21351988188051357,15.0,1.4234658792034238,0
13,trf_6_732a,0.8217599807246392,30.0,2.7391999357487973,0
13,trf_16_6082a,4.681092890995691,15.0,31.20728593997127,0
13,trf_16_537a,0.2126051579893769,5.0,4.252103159787538,0
13,trf_16_3996a,1.5834684817402533,15.0,10.556456544935022,0
13,trf_16_1095a,0.41970872588793334,15.0,2.7980581725862224,0
13,trf_6_730a,0.24690370637898765,15.0,1.6460247091932512,0
13,trf_34_1649a,0.14240333784252493,5.0,2.848066756850499,0
13,trf_34_5029a,3.86490768509256,10.0,38.649076850925596,0
13,trf_34_1581a,0.5684507414345616,10.0,5.6845074143456165,0
13,trf_11_132a,0.36001427148685167,10.0,3.600142714868517,0
13,trf_16_3221a,1.1124058454589334,25.0,4.449623381835734,0
13,trf_16_504a,1.069625157582839,15.0,7.130834383885594,0
13,trf_6_735a,0.17653304245032525,10.0,1.7653304245032526,0
13,trf_6_4489a,13.382120692504738,25.0,53.528482770018954,0
13,trf_6_729a,0.9739394270574934,15.0,6.492929513716622,0
13,trf_16_299a,1.3888638536795168,45.0,3.086364119287815,0
13,trf_16_1301a,0.4280747806696954,10.0,4.2807478066969535,0
13,trf_16_2139a,1.521169549898401,25.0,6.084678199593604,0
13,trf_16_6081a,0.17358869544323802,10.0,1.7358869544323803,0
13,trf_6_1019a,5.069300908403586,25.0,20.277203633614345,0
13,trf_11_2597a,0.42389859227289123,10.0,4.238985922728912,0
13,trf_11_130a,0.3703353372742079,15.0,2.4689022484947194,0
13,trf_6_4704a,0.7309745541881782,10.0,7.309745541881783,0
13,trf_6_733a,0.049395514777853596,10.0,0.49395514777853594,0
13,trf_11_305a,59.66453167949556,75.0,79.55270890599408,0
13,trf_16_539a,0.04905306738296112,10.0,0.4905306738296112,0
13,trf_6_1151a,0.6360768043806518,30.0,2.1202560146021727,0
13,trf_6_4764a,0.26473198282438515,75.0,0.35297597709918016,0
13,trf_6_4765a,0.44117259197860537,150.0,0.2941150613190702,0
13,trf_16_538a,0.48507531224490835,30.0,1.6169177074830279,0
13,trf_11_133a,0.04891310829766155,10.0,0.4891310829766155,0
13,trf_6_723a,0.5743076564404542,15.0,3.828717709603028,0
13,trf_6_722a,0.19150174683969964,15.0,1.2766783122646643,0
13,trf_6_726a,0.07786391363834831,15.0,0.5190927575889888,0
13,trf_6_737a,0.5437616578757363,15.0,3.6250777191715753,0
13,trf_6_728a,0.9980044120867676,30.0,3.3266813736225584,0
13,trf_6_125a,0.04872318271089589,10.0,0.4872318271089589,0
13,trf_6_3011a,0.22181321190655975,10.0,2.2181321190655976,0
13,trf_6_3819a,1.263902397134877,30.0,4.21300799044959,0
13,trf_6_1344a,0.1524000284913862,10.0,1.5240002849138619,0
13,trf_6_122a,0.08544730689979876,10.0,0.8544730689979877,0
13,trf_6_1212a,0.47150720223216624,25.0,1.886028808928665,0
13,trf_6_1213a,0.12230339119517256,10.0,1.2230339119517255,0
13,trf_6_1139a,10.965827703518276,15.0,73.10551802345518,0
13,trf_6_1145a,0.2642058870703837,10.0,2.6420588707038375,0
13,trf_16_302a,0.12359234216368109,10.0,1.235923421636811,0
13,trf_16_301a,0.4324218243828235,25.0,1.729687297531294,0
13,trf_6_124a,3.5720051577640595,45.0,7.937789239475688,0
13,trf_16_6318a,1.1638588816256328,45.0,2.5863530702791837,0
13,trf_16_303a,0.49513360569276793,15.0,3.300890704618453,0
13,trf_6_1256a,0.17948383118078218,10.0,1.794838311807822,0
13,trf_6_2090a,0.6610890165513681,15.0,4.407260110342453,0
13,trf_6_1445a,0.3065356797968251,10.0,3.065356797968251,0
13,trf_6_4766a,0.3633291960540647,112.5,0.3229592853813909,0
13,trf_16_3549a,0.0,10.0,0.0,0
13,trf_11_4675a,0.4405108575777147,150.0,0.2936739050518098,0
13,trf_16_4173a,0.21692070004929617,10.0,2.169207000492962,0
13,trf_6_4662a,0.7142921013174195,300.0,0.2380973671058065,0
13,trf_6_2860a,0.45965857149127953,10.0,4.596585714912796,0
13,trf_6_1178a,0.3769266419363087,15.0,2.512844279575391,0
13,trf_6_4249a,4.592948285330184,25.0,18.371793141320737,0
13,trf_6_2887a,0.3401624128764422,10.0,3.401624128764422,0
13,trf_6_2064a,0.1456030423310956,5.0,2.912060846621912,0
13,trf_6_4161a,0.14571795701563234,10.0,1.4571795701563235,0
13,trf_6_1960a,0.2807626383205333,10.0,2.8076263832053328,0
13,trf_6_6394a,0.5281711507110209,25.0,2.1126846028440838,0
13,trf_6_3613a,0.13342577519898927,10.0,1.3342577519898926,0
13,trf_6_738a,0.03438392420727399,5.0,0.6876784841454799,0
13,trf_16_2195a,1.7057622401366337,15.0,11.371748267577557,0
13,trf_16_4674a,0.6118185980855836,225.0,0.271919376926926,0
13,trf_6_2417a,0.3411540627435331,10.0,3.4115406274353313,0
13,trf_16_4687a,0.26878011589388384,75.0,0.3583734878585118,0
13,trf_16_2428a,0.1927929614063147,5.0,3.855859228126294,0
13,trf_16_2658a,0.20447581347436264,15.0,1.3631720898290842,0
13,trf_6_1177a,1.422192454590523,75.0,1.8962566061206974,0
13,trf_6_4661a,0.44263585518837095,150.0,0.29509057012558065,0
13,trf_6_3019a,0.22906943649722686,10.0,2.2906943649722686,0
13,trf_6_3013a,0.4931042407237017,5.0,9.862084814474034,0
13,trf_16_3364a,0.3176797495773218,15.0,2.1178649971821453,0
13,trf_6_3563a,0.5241502723393181,10.0,5.241502723393181,0
13,trf_16_3328a,0.20404308791560594,10.0,2.0404308791560597,0
13,trf_6_3721a,0.029284133777236567,5.0,0.5856826755447313,0
13,trf_6_3434a,0.33254702696014227,5.0,6.650940539202845,0
13,trf_6_3010a,0.10115696117529491,10.0,1.011569611752949,0
13,trf_6_3509a,0.8668721756726294,5.0,17.33744351345259,0
13,trf_16_6165a,0.0,15.0,0.0,0
13,trf_6_3142a,0.16121958081954368,10.0,1.6121958081954368,0
13,trf_16_3908a,0.0,10.0,0.0,0
13,trf_6_3604a,0.07334583614712045,10.0,0.7334583614712045,0
13,trf_6_3012a,0.13324176776025376,10.0,1.3324176776025376,0
13,trf_6_3507a,0.2122746929964756,10.0,2.122746929964756,0
13,trf_34_5142a,0.14302455600492356,10.0,1.4302455600492356,0
13,trf_6_3508a,0.04393729136263202,10.0,0.4393729136263202,0
13,trf_6_3634a,0.4318212128470966,10.0,4.318212128470966,0
13,trf_6_3224a,0.1270779590690106,5.0,2.541559181380212,0
13,trf_16_3904a,0.32988510832122603,10.0,3.29885108321226,0
13,trf_11_3987a,0.3586275073447271,5.0,7.172550146894542,0
13,trf_16_3997a,0.5638312467430459,30.0,1.8794374891434862,0
13,trf_6_3817a,0.11231668537166477,5.0,2.2463337074332954,0
13,trf_6_3818a,0.37692274210011467,10.0,3.7692274210011467,0
13,trf_16_1142a,1.118172685254638,45.0,2.4848281894547513,0
13,trf_34_5260a,0.326483585877145,10.0,3.2648358587714497,0
13,trf_6_5725a,0.7184200758435328,300.0,0.23947335861451094,0
13,trf_6_5472a,0.3861417392835012,15.0,2.574278261890008,0
13,trf_6_4925a,0.363529759592422,112.5,0.3231375640821529,0
13,trf_6_3256a,1.4773566355332972,15.0,9.849044236888648,0
13,trf_6_4998a,0.36106659128424323,112.5,0.32094808114154955,0
13,trf_16_5055a,0.7500552155276404,10.0,7.500552155276404,0
13,trf_6_724a,0.5423215173580899,30.0,1.8077383911936329,0
13,trf_11_4785a,0.19280893264111804,10.0,1.9280893264111802,0
13,trf_16_5003a,0.07250656103120795,15.0,0.4833770735413863,0
13,trf_6_5157a,0.7154294516589251,300.0,0.2384764838863084,0
13,trf_6_5085a,0.9428641677524137,30.0,3.142880559174712,0
13,trf_6_5595a,6.569916770644931,30.0,21.89972256881644,0
13,trf_11_5652a,0.05867594404275605,15.0,0.3911729602850403,0
13,trf_16_5666a,0.09689866891445963,10.0,0.9689866891445963,0
13,trf_6_5711a,0.4827279380972558,30.0,1.6090931269908526,0
13,trf_6_5712a,3.1146025160509905,30.0,10.382008386836636,0
13,trf_6_5659a,0.2929463293449261,30.0,0.9764877644830869,0
13,trf_6_1262a,0.35367533929619727,10.0,3.5367533929619723,0
13,trf_16_6019a,0.05482994037062804,10.0,0.5482994037062804,0
13,trf_16_6122a,0.044965004127795874,10.0,0.44965004127795877,0
13,trf_6_6158a,2.089103718867009,45.0,4.642452708593353,0
13,trf_6_6197a,3.126202455513214,75.0,4.168269940684285,0
13,trf_6_6153a,2.6922619422172334,30.0,8.974206474057445,0
13,trf_6_1504a,0.3923465666843395,30.0,1.3078218889477984,0
13,trf_6_6249a,11.335823902811033,30.0,37.78607967603678,0
13,trf_16_6312a,0.3598545835781962,30.0,1.1995152785939875,0
13,trf_6_6386a,0.4399782506145667,150.0,0.29331883374304446,0
13,trf_6_4627a,0.3634406041347216,112.5,0.3230583147864192,0
13,trf_11_6443a,0.4405922990749112,150.0,0.29372819938327416,0
13,trf_12_6577a,0.13707297015252573,30.0,0.4569099005084191,0
13,trf_12_6578a,0.1811343622414048,45.0,0.4025208049808996,0
13,trf_11_6482a,0.18112105535946554,45.0,0.40249123413214566,0
13,trf_6_1647a,0.2107273646528837,10.0,2.107273646528837,0
13,trf_6_6496a,0.36045165806415036,112.5,0.32040147383480033,0
13,trf_6_727a,1.2645300780901594,30.0,4.215100260300532,0
14,trf_6_1030a,0.5067268035783098,10.0,5.067268035783098,0
14,trf_6_878a,0.10237725163568201,10.0,1.02377251635682,0
14,trf_16_1585a,0.15642805391299078,15.0,1.0428536927532719,0
14,trf_16_3545a,0.04488006704465347,10.0,0.4488006704465347,0
14,trf_16_1143a,8.290713067625033,30.0,27.635710225416776,0
14,trf_16_6460a,0.7035974182046227,25.0,2.814389672818491,0
14,trf_6_725a,0.048911114935563244,10.0,0.48911114935563244,0
14,trf_6_3820a,0.7031906864384118,15.0,4.687937909589412,0
14,trf_6_3538a,0.47371141232774155,10.0,4.737114123277416,0
14,trf_6_4910a,7.664215976177218,30.0,25.547386587257392,0
14,trf_6_1870a,0.2344079651988761,15.0,1.5627197679925073,0
14,trf_6_127a,0.9239282929055833,15.0,6.159521952703888,0
14,trf_6_1541a,6.651472947925189,15.0,44.34315298616793,0
14,trf_6_1503a,0.27076700430056905,10.0,2.707670043005691,0
14,trf_6_6272a,0.21534609813693742,15.0,1.4356406542462494,0
14,trf_6_128a,0.350505388657633,15.0,2.3367025910508867,0
14,trf_6_1260a,0.044160273109732404,10.0,0.44160273109732406,0
14,trf_6_1350a,8.71452240661584,45.0,19.3656053480352,0
14,trf_6_808a,0.5394151783663594,15.0,3.596101189109063,0
14,trf_6_1475a,0.5867668797380261,15.0,3.911779198253507,0
14,trf_6_1138a,3.5080128893197333,10.0,35.08012889319733,0
14,trf_6_1146a,6.073889664413837,10.0,60.738896644138364,0
14,trf_16_2916a,0.4854999217156471,10.0,4.854999217156471,0
14,trf_16_1140a,0.04478706240092114,10.0,0.4478706240092114,0
14,trf_16_5474a,0.42259030784848806,10.0,4.225903078484881,0
14,trf_16_3548a,0.5260693006589839,10.0,5.26069300658984,0
14,trf_16_1141a,0.5143927564859857,15.0,3.4292850432399047,0
14,trf_6_810a,0.8837852973694602,30.0,2.945950991231534,0
14,trf_16_300a,0.4347494039780444,15.0,2.898329359853629,0
14,trf_16_3130a,1.2425385992442235,30.0,4.1417953308140785,0
14,trf_11_4955a,1.8834093076174028,15.0,12.556062050782685,0
14,trf_11_131a,0.8165834250490424,10.0,8.165834250490423,0
14,trf_6_1048a,0.21106522830964333,15.0,1.4071015220642888,0
14,trf_6_129a,0.3944745639366531,10.0,3.9447456393665306,0
14,trf_34_1018a,0.2349741054423435,5.0,4.699482108846871,0
14,trf_16_5730a,0.34107172071750697,25.0,1.3642868828700279,0
14,trf_16_1144a,0.5429414192021639,15.0,3.619609461347759,0
14,trf_6_6273a,16.110609490839288,30.0,53.70203163613096,0
14,trf_6_1238a,0.547487421531858,15.0,3.64991614354572,0
14,trf_6_731a,0.20483782665716632,15.0,1.3655855110477755,0
14,trf_6_732a,0.7770975924718299,30.0,2.590325308239433,0
14,trf_16_6082a,4.770552752905011,15.0,31.80368501936674,0
14,trf_16_537a,0.2009403643036733,5.0,4.018807286073466,0
14,trf_16_3996a,1.4836345131420872,15.0,9.89089675428058,0
14,trf_16_1095a,0.39616613290836183,15.0,2.641107552722412,0
14,trf_6_730a,0.23243062726019703,15.0,1.54953751506798,0
14,trf_34_1649a,0.13511250416865767,5.0,2.7022500833731535,0
14,trf_34_5029a,3.9430571210198075,10.0,39.430571210198075,0
14,trf_34_1581a,0.534433959022117,10.0,5.3443395902211694,0
14,trf_11_132a,0.33955329806350865,10.0,3.3955329806350867,0
14,trf_16_3221a,1.0446137658216983,25.0,4.178455063286793,0
14,trf_16_504a,1.0082347942019896,15.0,6.721565294679931,0
14,trf_6_735a,0.16825465207536186,10.0,1.6825465207536188,0
14,trf_6_4489a,13.726321842817407,25.0,54.90528737126963,0
14,trf_6_729a,0.9155072446434395,15.0,6.103381630956263,0
14,trf_16_299a,1.3099795513920744,45.0,2.9110656697601653,0
14,trf_16_1301a,0.40329184494247855,10.0,4.032918449424786,0
14,trf_16_2139a,1.4269135018391348,25.0,5.707654007356539,0
14,trf_16_6081a,0.165176275951185,10.0,1.65176275951185,0
14,trf_6_1019a,5.277431449502735,25.0,21.109725798010935,0
14,trf_11_2597a,0.3992465117150856,10.0,3.992465117150856,0
14,trf_11_130a,0.3514916604357199,15.0,2.3432777362381327,0
14,trf_6_4704a,0.6518224076032805,10.0,6.518224076032804,0
14,trf_6_733a,0.049231492643330606,10.0,0.4923149264333061,0
14,trf_11_305a,60.50043450119172,75.0,80.66724600158896,0
14,trf_16_539a,0.04925149061610531,10.0,0.4925149061610531,0
14,trf_6_1151a,0.6033603307899161,30.0,2.011201102633054,0
14,trf_6_4764a,0.2657351608260195,75.0,0.35431354776802604,0
14,trf_6_4765a,0.44285802851893685,150.0,0.29523868567929124,0
14,trf_16_538a,0.4624600485079189,30.0,1.5415334950263964,0
14,trf_11_133a,0.04915951573757181,10.0,0.49159515737571813,0
14,trf_6_723a,0.5420541253252701,15.0,3.6136941688351336,0
14,trf_6_722a,0.18431820581341873,15.0,1.228788038756125,0
14,trf_6_726a,0.07823833241085178,15.0,0.5215888827390118,0
14,trf_6_737a,0.513237232726698,15.0,3.4215815515113195,0
14,trf_6_728a,0.9420130675619961,30.0,3.140043558539987,0
14,trf_6_125a,0.04864999953459544,10.0,0.48649999534595434,0
14,trf_6_3011a,0.2106688203675714,10.0,2.1066882036757137,0
14,trf_6_3819a,1.190879151084611,30.0,3.9695971702820367,0
14,trf_6_1344a,0.14547647817395418,10.0,1.454764781739542,0
14,trf_6_122a,0.08327010404800156,10.0,0.8327010404800156,0
14,trf_6_1212a,0.4460489671060495,25.0,1.784195868424198,0
14,trf_6_1213a,0.1133646762694101,10.0,1.133646762694101,0
14,trf_6_1139a,11.180018514500993,15.0,74.53345676333996,0
14,trf_6_1145a,0.24550139890445968,10.0,2.455013989044597,0
14,trf_16_302a,0.11853974845766084,10.0,1.1853974845766084,0
14,trf_16_301a,0.4101110757809033,25.0,1.640444303123613,0
14,trf_6_124a,3.7358819979396016,45.0,8.301959995421337,0
14,trf_16_6318a,1.1001773850779932,45.0,2.4448386335066514,0
14,trf_16_303a,0.4674712754901122,15.0,3.1164751699340814,0
14,trf_6_1256a,0.17104132870200914,10.0,1.7104132870200914,0
14,trf_6_2090a,0.6231228151672074,15.0,4.154152101114716,0
14,trf_6_1445a,0.2894368585044435,10.0,2.894368585044435,0
14,trf_6_4766a,0.3646119256043764,112.5,0.32409948942611233,0
14,trf_16_3549a,0.0,10.0,0.0,0
14,trf_11_4675a,0.44282642979892595,150.0,0.29521761986595063,0
14,trf_16_4173a,0.2053435129963047,10.0,2.0534351299630473,0
14,trf_6_4662a,0.7178536026856851,300.0,0.2392845342285617,0
14,trf_6_2860a,0.43260107536337244,10.0,4.3260107536337244,0
14,trf_6_1178a,0.3560089363525067,15.0,2.373392909016711,0
14,trf_6_4249a,4.697535785583556,25.0,18.790143142334223,0
14,trf_6_2887a,0.32068879359831065,10.0,3.2068879359831066,0
14,trf_6_2064a,0.13797407773056994,5.0,2.7594815546113987,0
14,trf_6_4161a,0.1390615978561442,10.0,1.3906159785614418,0
14,trf_6_1960a,0.26516250842322153,10.0,2.6516250842322155,0
14,trf_6_6394a,0.49852158242832334,25.0,1.9940863297132934,0
14,trf_6_3613a,0.1275876638130053,10.0,1.2758766381300528,0
14,trf_6_738a,0.03450478894519761,5.0,0.6900957789039521,0
14,trf_16_2195a,1.5980660356042342,15.0,10.653773570694893,0
14,trf_16_4674a,0.6150156664941931,225.0,0.2733402962196414,0
14,trf_6_2417a,0.32175142487504155,10.0,3.2175142487504154,0
14,trf_16_4687a,0.26900783887647906,75.0,0.35867711850197204,0
14,trf_16_2428a,0.18183397506086452,5.0,3.63667950121729,0
14,trf_16_2658a,0.1964948684976797,15.0,1.3099657899845312,0
14,trf_6_1177a,1.345971672082496,75.0,1.7946288961099948,0
14,trf_6_4661a,0.4441290921138196,150.0,0.2960860614092131,0
14,trf_6_3019a,0.21710856731445574,10.0,2.1710856731445576,0
14,trf_6_3013a,0.4623159770821986,5.0,9.246319541643974,0
14,trf_16_3364a,0.30222562457211866,15.0,2.014837497147458,0
14,trf_6_3563a,0.4925783887322137,10.0,4.925783887322138,0
14,trf_16_3328a,0.19359881270257998,10.0,1.9359881270257997,0
14,trf_6_3721a,0.0294191842526817,5.0,0.5883836850536339,0
14,trf_6_3434a,0.31287038217530355,5.0,6.257407643506071,0
14,trf_6_3010a,0.09739163873828491,10.0,0.973916387382849,0
14,trf_6_3509a,0.8117358530928896,5.0,16.234717061857793,0
14,trf_16_6165a,0.0,15.0,0.0,0
14,trf_6_3142a,0.15364260865934168,10.0,1.536426086593417,0
14,trf_16_3908a,0.0,10.0,0.0,0
14,trf_6_3604a,0.07158662136926279,10.0,0.7158662136926279,0
14,trf_6_3012a,0.12735107464168827,10.0,1.2735107464168827,0
14,trf_6_3507a,0.20140824950599168,10.0,2.0140824950599168,0
14,trf_34_5142a,0.13670667655330246,10.0,1.3670667655330244,0
14,trf_6_3508a,0.04412288909065718,10.0,0.4412288909065718,0
14,trf_6_3634a,0.40625253119488963,10.0,4.062525311948896,0
14,trf_6_3224a,0.12058164692866816,5.0,2.411632938573363,0
14,trf_16_3904a,0.3106685899941163,10.0,3.106685899941163,0
14,trf_11_3987a,0.3372425012936937,5.0,6.744850025873875,0
14,trf_16_3997a,0.5362207518068092,30.0,1.7874025060226972,0
14,trf_6_3817a,0.10688726220895589,5.0,2.1377452441791176,0
14,trf_6_3818a,0.3552329461367869,10.0,3.5523294613678695,0
14,trf_16_1142a,1.055017207595302,45.0,2.3444826835451154,0
14,trf_34_5260a,0.30819194961698665,10.0,3.081919496169866,0
14,trf_6_5725a,0.7215719172672626,300.0,0.24052397242242085,0
14,trf_6_5472a,0.3647678114346833,15.0,2.4317854095645552,0
14,trf_6_4925a,0.3647791477733247,112.5,0.32424813135406644,0
14,trf_6_3256a,1.3853914724883498,15.0,9.235943149922331,0
14,trf_6_4998a,0.3626922190677263,112.5,0.3223930836157567,0
14,trf_16_5055a,0.7023002275759327,10.0,7.023002275759327,0
14,trf_6_724a,0.5161092677134285,30.0,1.7203642257114282,0
14,trf_11_4785a,0.18320513374199177,10.0,1.8320513374199177,0
14,trf_16_5003a,0.0718311761994597,15.0,0.47887450799639797,0
14,trf_6_5157a,0.7188701114034534,300.0,0.2396233704678178,0
14,trf_6_5085a,0.8901108152594843,30.0,2.9670360508649476,0
14,trf_6_5595a,6.700099533113409,30.0,22.333665110378032,0
14,trf_11_5652a,0.05896723021210735,15.0,0.39311486808071566,0
14,trf_16_5666a,0.09334845902736807,10.0,0.9334845902736808,0
14,trf_6_5711a,0.46043072336670854,30.0,1.5347690778890284,0
14,trf_6_5712a,3.2322703940730255,30.0,10.774234646910084,0
14,trf_6_5659a,0.2831616684442051,30.0,0.9438722281473503,0
14,trf_6_1262a,0.3338349507867952,10.0,3.338349507867952,0
14,trf_16_6019a,0.05416720629032469,10.0,0.541672062903247,0
14,trf_16_6122a,0.04497613138893039,10.0,0.44976131388930385,0
14,trf_6_6158a,1.965382854658973,45.0,4.367517454797718,0
14,trf_6_6197a,2.9399623685757295,75.0,3.9199498247676394,0
14,trf_6_6153a,2.5195653984266024,30.0,8.398551328088676,0
14,trf_6_1504a,0.3757592678457818,30.0,1.2525308928192727,0
14,trf_6_6249a,11.592373958731951,30.0,38.6412465291065,0
14,trf_16_6312a,0.34557241302963293,30.0,1.1519080434321096,0
14,trf_6_6386a,0.44183678239142377,150.0,0.2945578549276158,0
14,trf_6_4627a,0.36471825049089396,112.5,0.3241940004363502,0
14,trf_11_6443a,0.44291151241307997,150.0,0.29527434160871996,0
14,trf_12_6577a,0.13779234444466346,30.0,0.45930781481554483,0
14,trf_12_6578a,0.18208497565158513,45.0,0.4046332792257447,0
14,trf_11_6482a,0.1820715989336312,45.0,0.4046035531858471,0
14,trf_6_1647a,0.1998266105159412,10.0,1.9982661051594122,0
14,trf_6_6496a,0.3621498836523031,112.5,0.3219110076909361,0
14,trf_6_727a,1.191007357863985,30.0,3.9700245262132836,0
15,trf_6_1030a,0.5273730645746998,10.0,5.273730645746998,0
15,trf_6_878a,0.10509527246206743,10.0,1.0509527246206742,0
15,trf_16_1585a,0.1600909231754579,15.0,1.0672728211697193,0
15,trf_16_3545a,0.04489530480171826,10.0,0.4489530480171826,0
15,trf_16_1143a,7.8898941109753045,30.0,26.29964703658435,0
15,trf_16_6460a,0.7309519551461299,25.0,2.9238078205845195,0
15,trf_6_725a,0.04902796511209415,10.0,0.4902796511209416,0
15,trf_6_3820a,0.7320451826044658,15.0,4.8803012173631055,0
15,trf_6_3538a,0.49290584307329516,10.0,4.929058430732952,0
15,trf_6_4910a,7.997898494430747,30.0,26.65966164810249,0
15,trf_6_1870a,0.2424217901516381,15.0,1.6161452676775874,0
15,trf_6_127a,0.9624547378961756,15.0,6.416364919307838,0
15,trf_6_1541a,6.412195797667309,15.0,42.74797198444873,0
15,trf_6_1503a,0.28091819061299833,10.0,2.809181906129983,0
15,trf_6_6272a,0.22247301037011868,15.0,1.483153402467458,0
15,trf_6_128a,0.363636384618407,15.0,2.4242425641227134,0
15,trf_6_1260a,0.04425699545363983,10.0,0.4425699545363983,0
15,trf_6_1350a,8.40723322323252,45.0,18.682740496072267,0
15,trf_6_808a,0.5603173255986795,15.0,3.7354488373245305,0
15,trf_6_1475a,0.613959342011795,15.0,4.093062280078633,0
15,trf_6_1138a,3.342752227367586,10.0,33.42752227367586,0
15,trf_6_1146a,5.83640706204231,10.0,58.36407062042311,0
15,trf_16_2916a,0.5048542816502077,10.0,5.048542816502077,0
15,trf_16_1140a,0.04481392725018151,10.0,0.44813927250181507,0
15,trf_16_5474a,0.4391945468229519,10.0,4.391945468229519,0
15,trf_16_3548a,0.5525614533795548,10.0,5.525614533795547,0
15,trf_16_1141a,0.5342337343343172,15.0,3.561558228895448,0
15,trf_6_810a,0.9176738611429583,30.0,3.0589128704765276,0
15,trf_16_300a,0.4516212897639194,15.0,3.0108085984261295,0
15,trf_16_3130a,1.2920937410322724,30.0,4.306979136774242,0
15,trf_11_4955a,1.9644522865314724,15.0,13.096348576876483,0
15,trf_11_131a,0.8508580984598529,10.0,8.50858098459853,0
15,trf_6_1048a,0.21728717535292608,15.0,1.4485811690195072,0
15,trf_6_129a,0.4101539498747532,10.0,4.101539498747532,0
15,trf_34_1018a,0.24420006793378832,5.0,4.884001358675766,0
15,trf_16_5730a,0.35299975655615673,25.0,1.411999026224627,0
15,trf_16_1144a,0.5642502404152212,15.0,3.761668269434808,0
15,trf_6_6273a,15.541540303848961,30.0,51.8051343461632,0
15,trf_6_1238a,0.5694849735571874,15.0,3.7965664903812497,0
15,trf_6_731a,0.21073192216895362,15.0,1.4048794811263574,0
15,trf_6_732a,0.806173121754994,30.0,2.6872437391833137,0
15,trf_16_6082a,4.605100482207814,15.0,30.700669881385426,0
15,trf_16_537a,0.2084433069440977,5.0,4.168866138881954,0
15,trf_16_3996a,1.5469624928284853,15.0,10.313083285523236,0
15,trf_16_1095a,0.41137250007171244,15.0,2.7424833338114163,0
15,trf_6_730a,0.2405878241142697,15.0,1.6039188274284648,0
15,trf_34_1649a,0.13990332168830552,5.0,2.7980664337661105,0
15,trf_34_5029a,3.802571841821453,10.0,38.02571841821453,0
15,trf_34_1581a,0.5563531118077535,10.0,5.563531118077535,0
15,trf_11_132a,0.3528238173501483,10.0,3.528238173501483,0
15,trf_16_3221a,1.0877243234365082,25.0,4.350897293746033,0
15,trf_16_504a,1.0349962903694199,15.0,6.899975269129466,0
15,trf_6_735a,0.17374164552590385,10.0,1.7374164552590385,0
15,trf_6_4489a,13.174985045418328,25.0,52.69994018167331,0
15,trf_6_729a,0.9531639421481058,15.0,6.354426280987372,0
15,trf_16_299a,1.3606691401023552,45.0,3.0237092002274557,0
15,trf_16_1301a,0.4191788609791776,10.0,4.191788609791776,0
15,trf_16_2139a,1.4868023936380477,25.0,5.947209574552191,0
15,trf_16_6081a,0.1706683924426575,10.0,1.706683924426575,0
15,trf_6_1019a,4.993434196857017,25.0,19.973736787428066,0
15,trf_11_2597a,0.4152157805922636,10.0,4.152157805922636,0
15,trf_11_130a,0.36389910030160527,15.0,2.425994002010702,0
15,trf_6_4704a,0.6886219467797935,10.0,6.886219467797934,0
15,trf_6_733a,0.04954661406477323,10.0,0.49546614064773226,0
15,trf_11_305a,58.73829947193445,75.0,78.31773262924592,0
15,trf_16_539a,0.04933775800556578,10.0,0.4933775800556578,0
15,trf_6_1151a,0.6245009455039677,30.0,2.081669818346559,0
15,trf_6_4764a,0.26623040483441673,75.0,0.3549738731125556,0
15,trf_6_4765a,0.44368999055051805,150.0,0.29579332703367867,0
15,trf_16_538a,0.4772581853156226,30.0,1.590860617718742,0
15,trf_11_133a,0.04925817582796477,10.0,0.4925817582796476,0
15,trf_6_723a,0.5631396709667695,15.0,3.754264473111797,0
15,trf_6_722a,0.18933101718776577,15.0,1.2622067812517719,0
15,trf_6_726a,0.07842937200741533,15.0,0.5228624800494355,0
15,trf_6_737a,0.5328350723120121,15.0,3.5522338154134143,0
15,trf_6_728a,0.9786126383792355,30.0,3.2620421279307847,0
15,trf_6_125a,0.04892179692161028,10.0,0.4892179692161028,0
15,trf_6_3011a,0.21802093197631042,10.0,2.180209319763104,0
15,trf_6_3819a,1.238149288626999,30.0,4.12716429542333,0
15,trf_6_1344a,0.15010316855793146,10.0,1.5010316855793147,0
15,trf_6_122a,0.08490479448735246,10.0,0.8490479448735245,0
15,trf_6_1212a,0.4626944517521339,25.0,1.8507778070085357,0
15,trf_6_1213a,0.11768722313905748,10.0,1.1768722313905748,0
15,trf_6_1139a,10.797365991850338,15.0,71.98243994566892,0
15,trf_6_1145a,0.2555404383513837,10.0,2.555404383513837,0
15,trf_16_302a,0.12197110740803559,10.0,1.2197110740803558,0
15,trf_16_301a,0.42473341538971543,25.0,1.698933661558862,0
15,trf_6_124a,3.5170477561523668,45.0,7.815661680338592,0
15,trf_16_6318a,1.1417305564247542,45.0,2.5371790142772315,0
15,trf_16_303a,0.4854813363144859,15.0,3.236542242096573,0
15,trf_6_1256a,0.17667692165061907,10.0,1.7667692165061908,0
15,trf_6_2090a,0.6477731709305252,15.0,4.3184878062035015,0
15,trf_6_1445a,0.30058485037019794,10.0,3.005848503701979,0
15,trf_6_4766a,0.3652395296024602,112.5,0.3246573596466313,0
15,trf_16_3549a,0.0,10.0,0.0,0
15,trf_11_4675a,0.44378196270501036,150.0,0.29585464180334026,0
15,trf_16_4173a,0.2124788826521137,10.0,2.124788826521137,0
15,trf_6_4662a,0.7196929168296313,300.0,0.23989763894321045,0
15,trf_6_2860a,0.4501035190965534,10.0,4.501035190965534,0
15,trf_6_1178a,0.36932157882286154,15.0,2.462143858819077,0
15,trf_6_4249a,4.51700696138738,25.0,18.06802784554952,0
15,trf_6_2887a,0.33304624676330524,10.0,3.3304624676330525,0
15,trf_6_2064a,0.1428563098478346,5.0,2.857126196956692,0
15,trf_6_4161a,0.14337063414110768,10.0,1.4337063414110767,0
15,trf_6_1960a,0.2750637012700402,10.0,2.7506370127004023,0
15,trf_6_6394a,0.5173218298213115,25.0,2.069287319285246,0
15,trf_6_3613a,0.1313854099847475,10.0,1.3138540998474748,0
15,trf_6_738a,0.03456211506452514,5.0,0.6912423012905028,0
15,trf_16_2195a,1.6662679595564112,15.0,11.108453063709408,0
15,trf_16_4674a,0.6163362105044599,225.0,0.27392720466864884,0
15,trf_6_2417a,0.33427193508173164,10.0,3.3427193508173163,0
15,trf_16_4687a,0.2691195428970557,75.0,0.35882605719607424,0
15,trf_16_2428a,0.18856125799554802,5.0,3.7712251599109607,0
15,trf_16_2658a,0.20197815176676212,15.0,1.346521011778414,0
15,trf_6_1177a,1.3945965444957655,75.0,1.8594620593276874,0
15,trf_6_4661a,0.4448218842855673,150.0,0.2965479228570449,0
15,trf_6_3019a,0.22496298778151427,10.0,2.249629877815143,0
15,trf_6_3013a,0.4814114775033294,5.0,9.628229550066589,0
15,trf_16_3364a,0.31243748622539924,15.0,2.0829165748359952,0
15,trf_6_3563a,0.5125202350730071,10.0,5.1252023507300715,0
15,trf_16_3328a,0.20038053112928642,10.0,2.003805311292864,0
15,trf_6_3721a,0.029487239207411906,5.0,0.5897447841482382,0
15,trf_6_3434a,0.3255878323551161,5.0,6.511756647102322,0
15,trf_6_3010a,0.0997829392313262,10.0,0.997829392313262,0
15,trf_6_3509a,0.8463205311589211,5.0,16.926410623178423,0
15,trf_16_6165a,0.0,15.0,0.0,0
15,trf_6_3142a,0.15869870102821165,10.0,1.5869870102821166,0
15,trf_16_3908a,0.0,10.0,0.0,0
15,trf_6_3604a,0.07293351977781617,10.0,0.7293351977781618,0
15,trf_6_3012a,0.13109934259439399,10.0,1.31099342594394,0
15,trf_6_3507a,0.20856420563546885,10.0,2.0856420563546885,0
15,trf_34_5142a,0.1409477762241122,10.0,1.409477762241122,0
15,trf_6_3508a,0.044219009512803185,10.0,0.44219009512803187,0
15,trf_6_3634a,0.422373633399232,10.0,4.22373633399232,0
15,trf_6_3224a,0.1246564711343307,5.0,2.493129422686614,0
15,trf_16_3904a,0.3223894094035854,10.0,3.223894094035854,0
15,trf_11_3987a,0.3510562625981936,5.0,7.021125251963872,0
15,trf_16_3997a,0.554385337036748,30.0,1.8479511234558266,0
15,trf_6_3817a,0.11039169865521914,5.0,2.207833973104383,0
15,trf_6_3818a,0.3693102890311727,10.0,3.6931028903117267,0
15,trf_16_1142a,1.0934191937080702,45.0,2.429820430462378,0
15,trf_34_5260a,0.32007246212368134,10.0,3.2007246212368137,0
15,trf_6_5725a,0.723132652501867,300.0,0.24104421750062235,0
15,trf_6_5472a,0.3785984003288303,15.0,2.523989335525535,0
15,trf_6_4925a,0.365388446054314,112.5,0.3247897298260569,0
15,trf_6_3256a,1.4443479360375249,15.0,9.628986240250166,0
15,trf_6_4998a,0.36350902025600773,112.5,0.32311912911645135,0
15,trf_16_5055a,0.7308827658513786,10.0,7.308827658513787,0
15,trf_6_724a,0.533612475390927,30.0,1.77870825130309,0
15,trf_11_4785a,0.18955693005368449,10.0,1.8955693005368448,0
15,trf_16_5003a,0.07250914159683045,15.0,0.48339427731220297,0
15,trf_6_5157a,0.7206258618470129,300.0,0.24020862061567097,0
15,trf_6_5085a,0.9240926901901027,30.0,3.080308967300342,0
15,trf_6_5595a,6.4591535498182076,30.0,21.53051183272736,0
15,trf_11_5652a,0.05909020155480817,15.0,0.3939346770320544,0
15,trf_16_5666a,0.09549920022480551,10.0,0.9549920022480551,0
15,trf_6_5711a,0.47543100371157,30.0,1.5847700123719,0
15,trf_6_5712a,3.0642883563042065,30.0,10.21429452101402,0
15,trf_6_5659a,0.29009477593374255,30.0,0.9669825864458086,0
15,trf_6_1262a,0.3467542288254219,10.0,3.4675422882542186,0
15,trf_16_6019a,0.05457341821088726,10.0,0.5457341821088726,0
15,trf_16_6122a,0.04497974392787655,10.0,0.4497974392787655,0
15,trf_6_6158a,2.0452417415205026,45.0,4.544981647823339,0
15,trf_6_6197a,3.0607882735534386,75.0,4.081051031404585,0
15,trf_6_6153a,2.627845767274663,30.0,8.759485890915544,0
15,trf_6_1504a,0.38665959966871793,30.0,1.28886533222906,0
15,trf_6_6249a,11.152407479879788,30.0,37.17469159959929,0
15,trf_16_6312a,0.35515991771099586,30.0,1.1838663923699861,0
15,trf_6_6386a,0.4427632866369529,150.0,0.29517552442463524,0
15,trf_6_4627a,0.36534016282691806,112.5,0.32474681140170497,0
15,trf_11_6443a,0.44386547211686933,150.0,0.2959103147445795,0
15,trf_12_6577a,0.13808872445929307,30.0,0.4602957481976436,0
15,trf_12_6578a,0.18247662547787905,45.0,0.4055036121730645,0
15,trf_11_6482a,0.18246321998766774,45.0,0.4054738221948172,0
15,trf_6_1647a,0.20688749545127233,10.0,2.068874954512723,0
15,trf_6_6496a,0.36301251908040244,112.5,0.3226777947381355,0
15,trf_6_727a,1.238619004289216,30.0,4.128730014297386,0
16,trf_6_1030a,0.7683283457170226,10.0,7.683283457170226,0
16,trf_6_878a,0.13594982423429322,10.0,1.3594982423429323,0
16,trf_16_1585a,0.2013758134208246,15.0,1.3425054228054976,0
16,trf_16_3545a,0.04489946712014944,10.0,0.4489946712014944,0
16,trf_16_1143a,4.687372745885362,30.0,15.624575819617876,0
16,trf_16_6460a,1.0590617179643194,25.0,4.236246871857277,0
16,trf_6_725a,0.049067497358024986,10.0,0.49067497358024986,0
16,trf_6_3820a,1.0684548012089357,15.0,7.123032008059571,0
16,trf_6_3538a,0.7165929036592875,10.0,7.165929036592876,0
16,trf_6_4910a,11.899073618089139,30.0,39.6635787269638,0
16,trf_6_1870a,0.33498110864918046,15.0,2.2332073909945365,0
16,trf_6_127a,1.4120042685378005,15.0,9.413361790252003,0
16,trf_6_1541a,4.647790762444582,15.0,30.985271749630545,0
16,trf_6_1503a,0.40012545473627026,10.0,4.001254547362703,0
16,trf_6_6272a,0.3046717380377157,15.0,2.031144920251438,0
16,trf_6_128a,0.5160553972885031,15.0,3.440369315256688,0
16,trf_6_1260a,0.044237679448003164,10.0,0.4423767944800316,0
16,trf_6_1350a,6.19317736956105,45.0,13.762616376802335,0
16,trf_6_808a,0.8036374947016696,15.0,5.35758329801113,0
16,trf_6_1475a,0.7860789210605144,15.0,5.240526140403429,0
16,trf_6_1138a,2.0334523812716165,10.0,20.334523812716164,0
16,trf_6_1146a,4.035850548826763,10.0,40.358505488267625,0
16,trf_16_2916a,0.7362877334015498,10.0,7.362877334015498,0
16,trf_16_1140a,0.04481703682800194,10.0,0.44817036828001944,0
16,trf_16_5474a,0.6377883319483273,10.0,6.3778833194832725,0
16,trf_16_3548a,0.648322082595434,10.0,6.483220825954341,0
16,trf_16_1141a,0.7732903938233795,15.0,5.155269292155864,0
16,trf_6_810a,1.3119446519916647,30.0,4.373148839972216,0
16,trf_16_300a,0.6484284904093767,15.0,4.3228566027291775,0
16,trf_16_3130a,1.8711649294455448,30.0,6.237216431485149,0
16,trf_11_4955a,2.91149804287931,15.0,19.409986952528733,0
16,trf_11_131a,1.2509296936033525,10.0,12.509296936033525,0
16,trf_6_1048a,0.28833311111108006,15.0,1.9222207407405338,0
16,trf_6_129a,0.5926689862318304,10.0,5.9266898623183035,0
16,trf_34_1018a,0.3515866075258529,5.0,7.031732150517058,0
16,trf_16_5730a,0.49148251341007604,25.0,1.965930053640304,0
16,trf_16_1144a,0.8183227388365832,15.0,5.455484925577222,0
16,trf_6_6273a,11.389649136600939,30.0,37.965497122003136,0
16,trf_6_1238a,0.8263924566427333,15.0,5.509283044284889,0
16,trf_6_731a,0.2782983624766534,15.0,1.8553224165110227,0
16,trf_6_732a,1.144702109373065,30.0,3.815673697910216,0
16,trf_16_6082a,3.4013920905666915,15.0,22.67594727044461,0
16,trf_16_537a,0.2961540413522472,5.0,5.923080827044944,0
16,trf_16_3996a,2.29121137199397,15.0,15.2747424799598,0
16,trf_16_1095a,0.5888119635838888,15.0,3.9254130905592586,0
16,trf_6_730a,0.2941990371690847,15.0,1.9613269144605645,0
16,trf_34_1649a,0.19538736035653123,5.0,3.9077472071306247,0
16,trf_34_5029a,2.7691370598059386,10.0,27.691370598059386,0
16,trf_34_1581a,0.81205907900084,10.0,8.1205907900084,0
16,trf_11_132a,0.507221853527999,10.0,5.07221853527999,0
16,trf_16_3221a,1.593993561804662,25.0,6.375974247218648,0
16,trf_16_504a,1.211085510954347,15.0,8.073903406362314,0
16,trf_6_735a,0.2372077951583847,10.0,2.372077951583847,0
16,trf_6_4489a,8.95533788315594,25.0,35.82135153262376,0
16,trf_6_729a,1.3932100101333067,15.0,9.288066734222044,0
16,trf_16_299a,1.9533111663668468,45.0,4.340691480815215,0
16,trf_16_1301a,0.6051008626607399,10.0,6.051008626607399,0
16,trf_16_2139a,2.1896086393037946,25.0,8.758434557215178,0
16,trf_16_6081a,0.23450742063417354,10.0,2.3450742063417356,0
16,trf_6_1019a,2.692355864039964,25.0,10.769423456159856,0
16,trf_11_2597a,0.601206445533806,10.0,6.01206445533806,0
16,trf_11_130a,0.5075095496733508,15.0,3.383396997822339,0
16,trf_6_4704a,0.7350672310551689,10.0,7.35067231055169,0
16,trf_6_733a,0.0521939383717049,10.0,0.521939383717049,0
16,trf_11_305a,46.33773463330821,75.0,61.78364617774428,0
16,trf_16_539a,0.04928107196455786,10.0,0.49281071964557854,0
16,trf_6_1151a,0.8714491653625291,30.0,2.90483055120843,0
16,trf_6_4764a,0.26630814416584003,75.0,0.3550775255544534,0
16,trf_6_4765a,0.4438205392045979,150.0,0.2958803594697319,0
16,trf_16_538a,0.6491679488370373,30.0,2.1638931627901243,0
16,trf_11_133a,0.049135121876088046,10.0,0.4913512187608805,0
16,trf_6_723a,0.8082104246879325,15.0,5.38806949791955,0
16,trf_6_722a,0.2461872567130441,15.0,1.6412483780869607,0
16,trf_6_726a,0.07849301853697732,15.0,0.5232867902465155,0
16,trf_6_737a,0.76224142686557,15.0,5.081609512437134,0
16,trf_6_728a,1.404016176135494,30.0,4.680053920451646,0
16,trf_6_125a,0.050993096737633636,10.0,0.5099309673763364,0
16,trf_6_3011a,0.30304168951214355,10.0,3.0304168951214354,0
16,trf_6_3819a,1.7885546736391889,30.0,5.9618489121306295,0
16,trf_6_1344a,0.20333875845572522,10.0,2.033387584557252,0
16,trf_6_122a,0.10292283655185408,10.0,1.0292283655185408,0
16,trf_6_1212a,0.6558790124491704,25.0,2.6235160497966814,0
16,trf_6_1213a,0.12285821111685105,10.0,1.2285821111685107,0
16,trf_6_1139a,7.964962496335916,15.0,53.09974997557278,0
16,trf_6_1145a,0.33008930027394473,10.0,3.300893002739447,0
16,trf_16_302a,0.16124361548681568,10.0,1.6124361548681567,0
16,trf_16_301a,0.5943574687053962,25.0,2.3774298748215847,0
16,trf_6_124a,1.72886223639938,45.0,3.8419160808875112,0
16,trf_16_6318a,1.6244717636763568,45.0,3.609937252614126,0
16,trf_16_303a,0.6948624627068973,15.0,4.632416418045982,0
16,trf_6_1256a,0.2416716085228962,10.0,2.4167160852289618,0
16,trf_6_2090a,0.9350141560941722,15.0,6.2334277072944815,0
16,trf_6_1445a,0.43029982018485546,10.0,4.302998201848554,0
16,trf_6_4766a,0.36530386700369055,112.5,0.32471454844772496,0
16,trf_16_3549a,0.0,10.0,0.0,0
16,trf_11_4675a,0.4428199974087433,150.0,0.29521333160582885,0
16,trf_16_4173a,0.29745321932495933,10.0,2.974532193249593,0
16,trf_6_4662a,0.7204285769109726,300.0,0.24014285897032422,0
16,trf_6_2860a,0.6542792096593337,10.0,6.542792096593336,0
16,trf_6_1178a,0.5256384750635967,15.0,3.504256500423978,0
16,trf_6_4249a,3.17590676111042,25.0,12.70362704444168,0
16,trf_6_2887a,0.4782963954588387,10.0,4.782963954588387,0
16,trf_6_2064a,0.20006372594533892,5.0,4.001274518906778,0
16,trf_6_4161a,0.19369016913512016,10.0,1.9369016913512016,0
16,trf_6_1960a,0.3914879584096515,10.0,3.914879584096515,0
16,trf_6_6394a,0.7384523978010175,25.0,2.95380959120407,0
16,trf_6_3613a,0.17565795629931166,10.0,1.7565795629931167,0
16,trf_6_738a,0.03455745949010663,5.0,0.6911491898021326,0
16,trf_16_2195a,2.4677627106571247,15.0,16.451751404380833,0
16,trf_16_4674a,0.6150141272488234,225.0,0.2733396121105882,0
16,trf_6_2417a,0.48049863102168794,10.0,4.804986310216879,0
16,trf_16_4687a,0.26913259604166034,75.0,0.35884346138888046,0
16,trf_16_2428a,0.268788445084432,5.0,5.37576890168864,0
16,trf_16_2658a,0.26448584862805463,15.0,1.7632389908536976,0
16,trf_6_1177a,1.9653113810636775,75.0,2.62041517475157,0
16,trf_6_4661a,0.4446670312777317,150.0,0.2964446875184878,0
16,trf_6_3019a,0.31596593943154505,10.0,3.1596593943154505,0
16,trf_6_3013a,0.7079904999331034,5.0,14.159809998662066,0
16,trf_16_3364a,0.4305526374836386,15.0,2.8703509165575904,0
16,trf_6_3563a,0.7472875290983945,10.0,7.472875290983945,0
16,trf_16_3328a,0.2794038853006737,10.0,2.7940388530067373,0
16,trf_6_3721a,0.029504947644382874,5.0,0.5900989528876575,0
16,trf_6_3434a,0.4738162205541974,5.0,9.476324411083947,0
16,trf_6_3010a,0.1279749743636261,10.0,1.279749743636261,0
16,trf_6_3509a,1.2546196305593114,5.0,25.092392611186227,0
16,trf_16_6165a,0.0,15.0,0.0,0
16,trf_6_3142a,0.2170154084303873,10.0,2.1701540843038734,0
16,trf_16_3908a,0.0,10.0,0.0,0
16,trf_6_3604a,0.08768153004659741,10.0,0.8768153004659741,0
16,trf_6_3012a,0.17519852240934589,10.0,1.751985224093459,0
16,trf_6_3507a,0.29139652572879154,10.0,2.9139652572879156,0
16,trf_34_5142a,0.1896922897797667,10.0,1.8969228977976669,0
16,trf_6_3508a,0.04425943584408903,10.0,0.4425943584408903,0
16,trf_6_3634a,0.6123770542637973,10.0,6.123770542637972,0
16,trf_6_3224a,0.17284476585827782,5.0,3.4568953171655563,0
16,trf_16_3904a,0.4625291478640098,10.0,4.625291478640098,0
16,trf_11_3987a,0.5121449792266567,5.0,10.242899584533134,0
16,trf_16_3997a,0.7648258342904896,30.0,2.5494194476349654,0
16,trf_6_3817a,0.15133833019256165,5.0,3.0267666038512333,0
16,trf_6_3818a,0.5333784021832882,10.0,5.333784021832882,0
16,trf_16_1142a,1.5532738336903507,45.0,3.4517196304230016,0
16,trf_34_5260a,0.4582620588669821,10.0,4.582620588669821,0
16,trf_6_5725a,0.7234048841635156,300.0,0.24113496138783855,0
16,trf_6_5472a,0.539963420223752,15.0,3.5997561348250136,0
16,trf_6_4925a,0.3654390662237391,112.5,0.32483472553221254,0
16,trf_6_3256a,2.1330284361403304,15.0,14.220189574268868,0
16,trf_6_4998a,0.3637137648150608,112.5,0.32330112428005403,0
16,trf_16_5055a,1.075174067197218,10.0,10.75174067197218,0
16,trf_6_724a,0.7354413116076967,30.0,2.4514710386923224,0
16,trf_11_4785a,0.2629859422823143,10.0,2.629859422823143,0
16,trf_16_5003a,0.07924985710322294,15.0,0.5283323806881529,0
16,trf_6_5157a,0.7212121471742219,300.0,0.24040404905807397,0
16,trf_6_5085a,1.3213191031417941,30.0,4.404397010472647,0
16,trf_6_5595a,4.70948283101546,30.0,15.698276103384869,0
16,trf_11_5652a,0.05898287364409591,15.0,0.393219157627306,0
16,trf_16_5666a,0.12137639394877067,10.0,1.2137639394877069,0
16,trf_6_5711a,0.6479175163219754,30.0,2.1597250544065845,0
16,trf_6_5712a,1.7269309046121575,30.0,5.756436348707192,0
16,trf_6_5659a,0.3682814443236401,30.0,1.2276048144121334,0
16,trf_6_1262a,0.49712253389528915,10.0,4.971225338952892,0
16,trf_16_6019a,0.05944165583859228,10.0,0.5944165583859229,0
16,trf_16_6122a,0.04496979009822786,10.0,0.4496979009822786,0
16,trf_6_6158a,2.976182100181036,45.0,6.613738000402302,0
16,trf_6_6197a,4.469267397733574,75.0,5.959023196978099,0
16,trf_6_6153a,3.4748559074605088,30.0,11.582853024868363,0
16,trf_6_1504a,0.5132094610540153,30.0,1.7106982035133844,0
16,trf_6_6249a,7.872024777742208,30.0,26.240082592474028,0
16,trf_16_6312a,0.4654804244794741,30.0,1.5516014149315802,0
16,trf_6_6386a,0.442956334387676,150.0,0.2953042229251173,0
16,trf_6_4627a,0.3653860830078167,112.5,0.32478762934028155,0
16,trf_11_6443a,0.44288492802021295,150.0,0.29525661868014197,0
16,trf_12_6577a,0.13778713257826383,30.0,0.45929044192754614,0
16,trf_12_6578a,0.18207808845793413,45.0,0.4046179743509647,0
16,trf_11_6482a,0.18206471224601267,45.0,0.4045882494355837,0
16,trf_6_1647a,0.28926478462570826,10.0,2.892647846257083,0
16,trf_6_6496a,0.36327996383972655,112.5,0.32291552341309027,0
16,trf_6_727a,1.7940165771137864,30.0,5.980055257045955,0
17,trf_6_1030a,1.3166192801941794,10.0,13.166192801941794,0
17,trf_6_878a,0.20616605608253166,10.0,2.0616605608253167,0
17,trf_16_1585a,0.2955574672160239,15.0,1.9703831147734927,0
17,trf_16_3545a,0.044891699004936864,10.0,0.44891699004936864,0
17,trf_16_1143a,1.141364817168568,30.0,3.8045493905618932,0
17,trf_16_6460a,1.80735240854718,25.0,7.22940963418872,0
17,trf_6_725a,0.0490121523286103,10.0,0.49012152328610303,0
17,trf_6_3820a,1.829815741810768,15.0,12.198771612071786,0
17,trf_6_3538a,1.2218848111575937,10.0,12.218848111575937,0
17,trf_6_4910a,20.71021373906628,30.0,69.0340457968876,0
17,trf_6_1870a,0.5449530000952942,15.0,3.633020000635295,0
17,trf_6_127a,2.4270543389232904,15.0,16.180362259488604,0
17,trf_6_1541a,1.6314341347120898,15.0,10.876227564747266,0
17,trf_6_1503a,0.6711345325139019,10.0,6.7113453251390185,0
17,trf_6_6272a,0.49083166228510455,15.0,3.2722110819006973,0
17,trf_6_128a,0.8604332855020375,15.0,5.736221903346916,0
17,trf_6_1260a,0.04408865625497964,10.0,0.4408865625497964,0
17,trf_6_1350a,2.5074537325880395,45.0,5.572119405751199,0
17,trf_6_808a,1.3573690960514073,15.0,9.049127307009382,0
17,trf_6_1475a,1.15565483076913,15.0,7.704365538460865,0
17,trf_6_1138a,0.33753356798824463,10.0,3.375335679882446,0
17,trf_6_1146a,0.8873234246493799,10.0,8.873234246493798,0
17,trf_16_2916a,1.2639019831097418,10.0,12.639019831097418,0
17,trf_16_1140a,0.044794618558886605,10.0,0.447946185588866,0
17,trf_16_5474a,1.0906060563417888,10.0,10.906060563417887,0
17,trf_16_3548a,0.8347628574417829,10.0,8.34762857441783,0
17,trf_16_1141a,1.318835710983474,15.0,8.79223807322316,0
17,trf_6_810a,2.2091998044957797,30.0,7.363999348319266,0
17,trf_16_300a,1.0942392448928278,15.0,7.294928299285518,0
17,trf_16_3130a,3.18478992699422,30.0,10.615966423314067,0
17,trf_11_4955a,5.051010566369219,15.0,33.673403775794796,0
17,trf_11_131a,2.15624242773778,10.0,21.5624242773778,0
17,trf_6_1048a,0.4504976727327961,15.0,3.003317818218641,0
17,trf_6_129a,1.0047703634962133,10.0,10.047703634962133,0
17,trf_34_1018a,0.5945635561132746,5.0,11.891271122265492,0
17,trf_16_5730a,0.8062359640611411,25.0,3.2249438562445643,0
17,trf_16_1144a,1.3972944552984408,15.0,9.315296368656272,0
17,trf_6_6273a,4.387436445809915,30.0,14.624788152699718,0
17,trf_6_1238a,1.4104012918833724,15.0,9.402675279222482,0
17,trf_6_731a,0.43257454250622324,15.0,2.8838302833748215,0
17,trf_6_732a,1.9156789570685984,30.0,6.385596523561995,0
17,trf_16_6082a,1.3713454392105164,15.0,9.142302928070109,0
17,trf_16_537a,0.49544842139823914,5.0,9.908968427964783,0
17,trf_16_3996a,3.981328944038421,15.0,26.54219296025614,0
17,trf_16_1095a,0.9918365288685348,15.0,6.612243525790232,0
17,trf_6_730a,0.41045339342504505,15.0,2.736355956166967,0
17,trf_34_1649a,0.3211233958212033,5.0,6.422467916424066,0
17,trf_34_5029a,1.009977471110424,10.0,10.099774711104239,0
17,trf_34_1581a,1.390865061171276,10.0,13.908650611712762,0
17,trf_11_132a,0.8564739972209129,10.0,8.564739972209129,0
17,trf_16_3221a,2.7446290136206573,25.0,10.978516054482629,0
17,trf_16_504a,1.5496371090252876,15.0,10.330914060168585,0
17,trf_6_735a,0.3819252677307724,10.0,3.819252677307724,0
17,trf_6_4489a,1.497572949198096,25.0,5.990291796792384,0
17,trf_6_729a,2.3942907117848296,15.0,15.961938078565531,0
17,trf_16_299a,3.299033324500636,45.0,7.331185165556969,0
17,trf_16_1301a,1.0272565870446673,10.0,10.272565870446673,0
17,trf_16_2139a,3.7817388537061363,25.0,15.126955414824545,0
17,trf_16_6081a,0.379566900145941,10.0,3.79566900145941,0
17,trf_6_1019a,1.5395663911446245,25.0,6.158265564578497,0
17,trf_11_2597a,1.0227084358472311,10.0,10.227084358472311,0
17,trf_11_130a,0.833082854433625,15.0,5.5538856962241665,0
17,trf_6_4704a,0.784411081449242,10.0,7.84411081449242,0
17,trf_6_733a,0.058175285659478215,10.0,0.5817528565947822,0
17,trf_11_305a,25.91814241608316,75.0,34.557523221444214,0
17,trf_16_539a,0.049062359895516175,10.0,0.4906235989551617,0
17,trf_6_1151a,1.434341230932067,30.0,4.781137436440223,0
17,trf_6_4764a,0.26592413696398026,75.0,0.35456551595197366,0
17,trf_6_4765a,0.44317793782159143,150.0,0.2954519585477276,0
17,trf_16_538a,1.0402328515869446,30.0,3.4674428386231484,0
17,trf_11_133a,0.04876377170599747,10.0,0.4876377170599747,0
17,trf_6_723a,1.3661512825127236,15.0,9.10767521675149,0
17,trf_6_722a,0.37607225646788767,15.0,2.5071483764525846,0
17,trf_6_726a,0.07840381234765732,15.0,0.5226920823177155,0
17,trf_6_737a,1.2845321981322837,15.0,8.563547987548558,0
17,trf_6_728a,2.3724968768338757,30.0,7.908322922779586,0
17,trf_6_125a,0.0556745799097465,10.0,0.556745799097465,0
17,trf_6_3011a,0.4956890891922429,10.0,4.956890891922429,0
17,trf_6_3819a,3.0338996724713585,30.0,10.112998908237863,0
17,trf_6_1344a,0.32391592136367325,10.0,3.239159213636732,0
17,trf_6_122a,0.144014612306057,10.0,1.4401461230605699,0
17,trf_6_1212a,1.0938358376104564,25.0,4.375343350441826,0
17,trf_6_1213a,0.1280459129248031,10.0,1.280459129248031,0
17,trf_6_1139a,3.0630292355128774,15.0,20.420194903419183,0
17,trf_6_1145a,0.4936157010526139,10.0,4.936157010526139,0
17,trf_16_302a,0.25045389853072,10.0,2.5045389853072,0
17,trf_16_301a,0.9793801095533876,25.0,3.917520438213551,0
17,trf_6_124a,1.5855788111275007,45.0,3.523508469172224,0
17,trf_16_6318a,2.719528071534636,45.0,6.043395714521413,0
17,trf_16_303a,1.1695886277912926,15.0,7.7972575186086175,0
17,trf_6_1256a,0.3898161989987852,10.0,3.8981619899878526,0
17,trf_6_2090a,1.5887138253713289,15.0,10.591425502475525,0
17,trf_6_1445a,0.7256933676893998,10.0,7.256933676893999,0
17,trf_6_4766a,0.3647404699073736,112.5,0.3242137510287765,0
17,trf_16_3549a,0.0,10.0,0.0,0
17,trf_11_4675a,0.4398102870713838,150.0,0.29320685804758917,0
17,trf_16_4173a,0.4912712801857098,10.0,4.912712801857098,0
17,trf_6_4662a,0.7198113667535437,300.0,0.23993712225118127,0
17,trf_6_2860a,1.1183347677014184,10.0,11.183347677014185,0
17,trf_6_1178a,0.8810087075532049,15.0,5.873391383688033,0
17,trf_6_4249a,0.8845462592840083,25.0,3.5381850371360333,0
17,trf_6_2887a,0.8084014078311681,10.0,8.08401407831168,0
17,trf_6_2064a,0.33013514870073224,5.0,6.602702974014645,0
17,trf_6_4161a,0.3084470371492556,10.0,3.084470371492556,0
17,trf_6_1960a,0.6564390708829569,10.0,6.564390708829569,0
17,trf_6_6394a,1.2415822248753183,25.0,4.966328899501273,0
17,trf_6_3613a,0.27667340062223517,10.0,2.7667340062223515,0
17,trf_6_738a,0.034484261853286194,5.0,0.6896852370657239,0
17,trf_16_2195a,4.283914071563173,15.0,28.559427143754487,0
17,trf_16_4674a,0.6108626742364065,225.0,0.27149452188284734,0
17,trf_6_2417a,0.8130588048422147,10.0,8.130588048422148,0
17,trf_16_4687a,0.26903192331039877,75.0,0.35870923108053165,0
17,trf_16_2428a,0.45177852119093004,5.0,9.035570423818601,0
17,trf_16_2658a,0.406761332081842,15.0,2.711742213878947,0
17,trf_6_1177a,3.3799936562593005,75.0,4.506658208345734,0
17,trf_6_4661a,0.4435697693621853,150.0,0.2957131795747902,0
17,trf_6_3019a,0.5222758576720825,10.0,5.2227585767208256,0
17,trf_6_3013a,1.223654582486984,5.0,24.47309164973968,0
17,trf_16_3364a,0.6988822007677121,15.0,4.659214671784748,0
17,trf_6_3563a,1.280450672507735,10.0,12.80450672507735,0
17,trf_16_3328a,0.4592262794271738,10.0,4.592262794271738,0
17,trf_6_3721a,0.029466697840168185,5.0,0.5893339568033638,0
17,trf_6_3434a,0.8095839568493115,5.0,16.19167913698623,0
17,trf_6_3010a,0.1925803930065815,10.0,1.9258039300658152,0
17,trf_6_3509a,2.1820736973371635,5.0,43.64147394674327,0
17,trf_16_6165a,0.0,15.0,0.0,0
17,trf_6_3142a,0.34996124187252436,10.0,3.4996124187252433,0
17,trf_16_3908a,0.0,10.0,0.0,0
17,trf_6_3604a,0.1214742088917652,10.0,1.2147420889176521,0
17,trf_6_3012a,0.27594639036231483,10.0,2.7594639036231485,0
17,trf_6_3507a,0.4792689507035952,10.0,4.792689507035952,0
17,trf_34_5142a,0.3003669561732518,10.0,3.003669561732518,0
17,trf_6_3508a,0.04423376260588807,10.0,0.44233762605888066,0
17,trf_6_3634a,1.0444385498966573,10.0,10.444385498966572,0
17,trf_6_3224a,0.28280467415874916,5.0,5.656093483174983,0
17,trf_16_3904a,0.7821925228544997,10.0,7.8219252285449965,0
17,trf_11_3987a,0.8773555794042277,5.0,17.547111588084555,0
17,trf_16_3997a,1.2427252569130371,30.0,4.1424175230434575,0
17,trf_6_3817a,0.2445586597006177,5.0,4.891173194012354,0
17,trf_6_3818a,0.906874142237153,10.0,9.06874142237153,0
17,trf_16_1142a,2.60270695788692,45.0,5.783793239748712,0
17,trf_34_5260a,0.7712438643934302,10.0,7.712438643934301,0
17,trf_6_5725a,0.7222519109592684,300.0,0.24075063698642282,0
17,trf_6_5472a,0.9070411363631352,15.0,6.046940909087568,0
17,trf_6_4925a,0.36486700136173583,112.5,0.32432622343265405,0
17,trf_6_3256a,3.68911136482758,15.0,24.5940757655172,0
17,trf_6_4998a,0.36320820145075244,112.5,0.3228517346228911,0
17,trf_16_5055a,1.8602092101270316,10.0,18.602092101270316,0
17,trf_6_724a,1.1954817064701575,30.0,3.984939021567192,0
17,trf_11_4785a,0.42973217185046886,10.0,4.297321718504689,0
17,trf_16_5003a,0.09465049552212478,15.0,0.6310033034808318,0
17,trf_6_5157a,0.720395274048549,300.0,0.24013175801618297,0
17,trf_6_5085a,2.2254436657671284,30.0,7.418145552557094,0
17,trf_6_5595a,1.7709220110316235,30.0,5.903073370105412,0
17,trf_11_5652a,0.05861864332553165,15.0,0.39079095550354437,0
17,trf_16_5666a,0.18077100107053679,10.0,1.8077100107053679,0
17,trf_6_5711a,1.0412272338977202,30.0,3.470757446325734,0
17,trf_6_5712a,0.708880354771618,30.0,2.3629345159053936,0
17,trf_6_5659a,0.5470325344472098,30.0,1.8234417814906994,0
17,trf_6_1262a,0.839293701691994,10.0,8.39293701691994,0
17,trf_16_6019a,0.070679581006988,10.0,0.7067958100698799,0
17,trf_16_6122a,0.0449457961344439,10.0,0.44945796134443894,0
17,trf_6_6158a,5.082687871493286,45.0,11.294861936651747,0
17,trf_6_6197a,7.674979473505298,75.0,10.23330596467373,0
17,trf_6_6153a,5.4246365357468695,30.0,18.0821217858229,0
17,trf_6_1504a,0.8019084840876868,30.0,2.673028280292289,0
17,trf_6_6249a,2.2311142284505014,30.0,7.437047428168339,0
17,trf_16_6312a,0.7167932375799686,30.0,2.3893107919332284,0
17,trf_6_6386a,0.4423132552349224,150.0,0.29487550348994823,0
17,trf_6_4627a,0.3647961724744999,112.5,0.3242632644217777,0
17,trf_11_6443a,0.4398453898270782,150.0,0.2932302598847188,0
17,trf_12_6577a,0.13684750134821677,30.0,0.45615833782738924,0
17,trf_12_6578a,0.18083641766479824,45.0,0.4018587059217739,0
17,trf_11_6482a,0.18082313267104427,45.0,0.40182918371343174,0
17,trf_6_1647a,0.47683616081718877,10.0,4.768361608171888,0
17,trf_6_6496a,0.36284257149845617,112.5,0.32252673022084993,0
17,trf_6_727a,3.0581368203786203,30.0,10.193789401262068,0
18,trf_6_1030a,1.6852576109095663,10.0,16.85257610909566,0
18,trf_6_878a,0.2531061890875415,10.0,2.531061890875415,0
18,trf_16_1585a,0.3586180690577412,15.0,2.390787127051608,0
18,trf_16_3545a,0.04488691334914718,10.0,0.44886913349147173,0
18,trf_16_1143a,6.314586373301969,30.0,21.048621244339895,0
18,trf_16_6460a,2.3104651163286802,25.0,9.241860465314721,0
18,trf_6_725a,0.04900242387593692,10.0,0.4900242387593692,0
18,trf_6_3820a,2.3369706563100903,15.0,15.579804375400602,0
18,trf_6_3538a,1.5569292933028116,10.0,15.569292933028118,0
18,trf_6_4910a,26.56157396085276,30.0,88.53857986950919,0
18,trf_6_1870a,0.6850314156726143,15.0,4.566876104484095,0
18,trf_6_127a,3.0998791019463336,15.0,20.665860679642222,0
18,trf_6_1541a,1.268510311280268,15.0,8.45673540853512,0
18,trf_6_1503a,0.8525897991778006,10.0,8.525897991778006,0
18,trf_6_6272a,0.6144874240533392,15.0,4.096582827022262,0
18,trf_6_128a,1.0888637253859617,15.0,7.259091502573077,0
18,trf_6_1260a,0.043993033550721226,10.0,0.4399303355072123,0
18,trf_6_1350a,1.058505018812775,45.0,2.3522333751395,0
18,trf_6_808a,1.7294148733104437,15.0,11.529432488736292,0
18,trf_6_1475a,1.4723266395825498,15.0,9.815510930550333,0
18,trf_6_1138a,2.4533257162920394,10.0,24.533257162920396,0
18,trf_6_1146a,2.068710271010359,10.0,20.687102710103588,0
18,trf_16_2916a,1.6184135369517154,10.0,16.184135369517154,0
18,trf_16_1140a,0.04478001799310548,10.0,0.44780017993105475,0
18,trf_16_5474a,1.3948942414480465,10.0,13.948942414480465,0
18,trf_16_3548a,1.06446252589797,10.0,10.644625258979701,0
18,trf_16_1141a,1.6857530657461512,15.0,11.238353771641009,0
18,trf_6_810a,2.8120439044774037,30.0,9.373479681591345,0
18,trf_16_300a,1.3912141580305253,15.0,9.274761053536833,0
18,trf_16_3130a,4.062079097526141,30.0,13.540263658420468,0
18,trf_11_4955a,6.471416509579972,15.0,43.14277673053314,0
18,trf_11_131a,2.7591649170362675,10.0,27.59164917036268,0
18,trf_6_1048a,0.5598273770739302,15.0,3.732182513826201,0
18,trf_6_129a,1.2781058713647306,10.0,12.781058713647306,0
18,trf_34_1018a,0.7560534282703293,5.0,15.121068565406585,0
18,trf_16_5730a,1.0166132051199626,25.0,4.06645282047985,0
18,trf_16_1144a,1.786140813488512,15.0,11.907605423256745,0
18,trf_6_6273a,2.3852966041498336,30.0,7.950988680499446,0
18,trf_6_1238a,1.8021393454406924,15.0,12.014262302937949,0
18,trf_6_731a,0.5365193817003271,15.0,3.5767958780021805,0
18,trf_6_732a,2.434161469631221,30.0,8.113871565437403,0
18,trf_16_6082a,0.6180757725377682,15.0,4.120505150251788,0
18,trf_16_537a,0.6288391194962811,5.0,12.576782389925622,0
18,trf_16_3996a,5.112904198622228,15.0,34.086027990814856,0
18,trf_16_1095a,1.261591683794654,15.0,8.410611225297693,0
18,trf_6_730a,0.5078993405195584,15.0,3.3859956034637224,0
18,trf_34_1649a,0.4047596644045712,5.0,8.095193288091423,0
18,trf_34_5029a,0.6931145352005047,10.0,6.931145352005046,0
18,trf_34_1581a,1.7756885584028612,10.0,17.756885584028613,0
18,trf_11_132a,1.088566827675162,10.0,10.88566827675162,0
18,trf_16_3221a,3.51571397248707,25.0,14.06285588994828,0
18,trf_16_504a,1.8133126591751,15.0,12.088751061167333,0
18,trf_6_735a,0.4793180889112041,10.0,4.793180889112041,0
18,trf_6_4489a,5.453098230121572,25.0,21.81239292048629,0
18,trf_6_729a,3.066934653203605,15.0,20.446231021357367,0
18,trf_16_299a,4.198721664749711,45.0,9.33049258833269,0
18,trf_16_1301a,1.30961695057219,10.0,13.0961695057219,0
18,trf_16_2139a,4.843205387099355,25.0,19.37282154839742,0
18,trf_16_6081a,0.4764735366182203,10.0,4.764735366182203,0
18,trf_6_1019a,5.201586146431407,25.0,20.80634458572563,0
18,trf_11_2597a,1.303934628618707,10.0,13.039346286187069,0
18,trf_11_130a,1.0499868788168927,15.0,6.999912525445951,0
18,trf_6_4704a,0.9983623510373962,10.0,9.983623510373963,0
18,trf_6_733a,0.062232962197256304,10.0,0.622329621972563,0
18,trf_11_305a,4.2622651239525515,75.0,5.683020165270069,0
18,trf_16_539a,0.04890795922943752,10.0,0.48907959229437514,0
18,trf_6_1151a,1.8128917617262403,30.0,6.042972539087468,0
18,trf_6_4764a,0.2657281353483003,75.0,0.35430418046440043,0
18,trf_6_4765a,0.4428489369174737,150.0,0.2952326246116491,0
18,trf_16_538a,1.301901063039028,30.0,4.339670210130094,0
18,trf_11_133a,0.04849034234566458,10.0,0.48490342345664583,0
18,trf_6_723a,1.7415455190101645,15.0,11.610303460067763,0
18,trf_6_722a,0.4637092208052434,15.0,3.091394805368289,0
18,trf_6_726a,0.07838758207927518,15.0,0.5225838805285012,0
18,trf_6_737a,1.6354609379892888,15.0,10.903072919928594,0
18,trf_6_728a,3.0240804170283293,30.0,10.080268056761097,0
18,trf_6_125a,0.05877602372676031,10.0,0.5877602372676031,0
18,trf_6_3011a,0.6239671410829336,10.0,6.239671410829336,0
18,trf_6_3819a,3.8617378388473806,30.0,12.872459462824601,0
18,trf_6_1344a,0.4039780626235226,10.0,4.039780626235226,0
18,trf_6_122a,0.17148920611121668,10.0,1.7148920611121667,0
18,trf_6_1212a,1.3859827850788418,25.0,5.543931140315367,0
18,trf_6_1213a,0.1523300081041051,10.0,1.523300081041051,0
18,trf_6_1139a,1.798244973639948,15.0,11.988299824266319,0
18,trf_6_1145a,0.6245778110687612,10.0,6.245778110687612,0
18,trf_16_302a,0.3099216091683374,10.0,3.099216091683374,0
18,trf_16_301a,1.236580841296537,25.0,4.946323365186148,0
18,trf_6_124a,4.416924166394282,45.0,9.815387036431739,0
18,trf_16_6318a,3.450328244499046,45.0,7.66739609888677,0
18,trf_16_303a,1.4863825312506953,15.0,9.909216875004635,0
18,trf_6_1256a,0.4895197979666334,10.0,4.895197979666334,0
18,trf_6_2090a,2.0280828178701795,15.0,13.52055211913453,0
18,trf_6_1445a,0.9244759690631116,10.0,9.244759690631117,0
18,trf_6_4766a,0.3644319860430726,112.5,0.3239395431493978,0
18,trf_16_3549a,0.0,10.0,0.0,0
18,trf_11_4675a,0.43751973678687084,150.0,0.2916798245245806,0
18,trf_16_4173a,0.6214606740217081,10.0,6.214606740217081,0
18,trf_6_4662a,0.7198641240445062,300.0,0.2399547080148354,0
18,trf_6_2860a,1.4295520423827583,10.0,14.295520423827583,0
18,trf_6_1178a,1.1189426533348361,15.0,7.459617688898907,0
18,trf_6_4249a,1.2661213791161816,25.0,5.0644855164647264,0
18,trf_6_2887a,1.0293703896005184,10.0,10.293703896005184,0
18,trf_6_2064a,0.4172103544618223,5.0,8.344207089236445,0
18,trf_6_4161a,0.3855172080016568,10.0,3.8551720800165676,0
18,trf_6_1960a,0.8341463363055258,10.0,8.341463363055258,0
18,trf_6_6394a,1.578977800220178,25.0,6.315911200880712,0
18,trf_6_3613a,0.3445346078420168,10.0,3.445346078420168,0
18,trf_6_738a,0.03443885064618577,5.0,0.6887770129237154,0
18,trf_16_2195a,5.495220840769198,15.0,36.63480560512799,0
18,trf_16_4674a,0.6077114161296017,225.0,0.2700939627242674,0
18,trf_6_2417a,1.0361733135361022,10.0,10.361733135361023,0
18,trf_16_4687a,0.268978925926337,75.0,0.35863856790178267,0
18,trf_16_2428a,0.5747689839482604,5.0,11.495379678965207,0
18,trf_16_2658a,0.5018647319673758,15.0,3.3457648797825055,0
18,trf_6_1177a,4.9804484357538,75.0,6.6405979143384,0
18,trf_6_4661a,0.4428349266849987,150.0,0.2952232844566658,0
18,trf_6_3019a,0.6598694577631639,10.0,6.598694577631639,0
18,trf_6_3013a,1.569623767757165,5.0,31.3924753551433,0
18,trf_16_3364a,0.8781330087600573,15.0,5.854220058400382,0
18,trf_6_3563a,1.6371308680235916,10.0,16.371308680235916,0
18,trf_16_3328a,0.579812634346862,10.0,5.7981263434686205,0
18,trf_6_3721a,0.029451277616085007,5.0,0.5890255523217001,0
18,trf_6_3434a,1.0334523047157858,5.0,20.669046094315714,0
18,trf_6_3010a,0.23612283729061614,10.0,2.3612283729061616,0
18,trf_6_3509a,2.8031428872521214,5.0,56.06285774504242,0
18,trf_16_6165a,0.0,15.0,0.0,0
18,trf_6_3142a,0.439417557866964,10.0,4.394175578669641,0
18,trf_16_3908a,0.0,10.0,0.0,0
18,trf_6_3604a,0.1443382434578479,10.0,1.4433824345784791,0
18,trf_6_3012a,0.34370441922149036,10.0,3.4370441922149033,0
18,trf_6_3507a,0.6046241139181712,10.0,6.046241139181712,0
18,trf_34_5142a,0.3740503688662072,10.0,3.740503688662072,0
18,trf_6_3508a,0.0442406309083997,10.0,0.442406309083997,0
18,trf_6_3634a,1.33395489887128,10.0,13.339548988712801,0
18,trf_6_3224a,0.3567244646361008,5.0,7.134489292722016,0
18,trf_16_3904a,0.9970612326301589,10.0,9.970612326301588,0
18,trf_11_3987a,1.1211961731712643,5.0,22.423923463425286,0
18,trf_16_3997a,1.5618426754467405,30.0,5.206142251489135,0
18,trf_6_3817a,0.3070232837095436,5.0,6.140465674190873,0
18,trf_6_3818a,1.1579526161859943,10.0,11.579526161859942,0
18,trf_16_1142a,3.308352821081735,45.0,7.351895157959411,0
18,trf_34_5260a,0.9793972445800958,10.0,9.793972445800957,0
18,trf_6_5725a,0.7216900555369178,300.0,0.24056335184563926,0
18,trf_6_5472a,1.1533382807583827,15.0,7.688921871722552,0
18,trf_6_4925a,0.3645466543426708,112.5,0.3240414705268185,0
18,trf_6_3256a,4.7228296722295395,15.0,31.48553114819693,0
18,trf_6_4998a,0.36302099544875094,112.5,0.3226853292877786,0
18,trf_16_5055a,2.3877930418823796,10.0,23.877930418823798,0
18,trf_6_724a,1.5052920103729293,30.0,5.017640034576431,0
18,trf_11_4785a,0.5411813257763585,10.0,5.411813257763585,0
18,trf_16_5003a,0.10507716084920701,15.0,0.7005144056613801,0
18,trf_6_5157a,0.7202482954975472,300.0,0.2400827651658491,0
18,trf_6_5085a,2.832741769472501,30.0,9.442472564908336,0
18,trf_6_5595a,1.0418652436214713,30.0,3.472884145404904,0
18,trf_11_5652a,0.058356437539989946,15.0,0.3890429169332663,0
18,trf_16_5666a,0.22081080526582067,10.0,2.208108052658207,0
18,trf_6_5711a,1.306182574084405,30.0,4.353941913614684,0
18,trf_6_5712a,2.828053673038936,30.0,9.426845576796454,0
18,trf_6_5659a,0.6675705123657962,30.0,2.225235041219321,0
18,trf_6_1262a,1.0692224613505166,10.0,10.692224613505164,0
18,trf_16_6019a,0.0783025430363556,10.0,0.783025430363556,0
18,trf_16_6122a,0.04492653191092813,10.0,0.44926531910928136,0
18,trf_6_6158a,6.483358701402424,45.0,14.407463780894275,0
18,trf_6_6197a,9.831250436173987,75.0,13.10833391489865,0
18,trf_6_6153a,7.675060264464269,30.0,25.5835342148809,0
18,trf_6_1504a,0.9958166364531952,30.0,3.3193887881773176,0
18,trf_6_6249a,3.092341221246756,30.0,10.30780407082252,0
18,trf_16_6312a,0.8850243149923283,30.0,2.9500810499744277,0
18,trf_6_6386a,0.44203122637877373,150.0,0.2946874842525158,0
18,trf_6_4627a,0.36446019455067963,112.5,0.3239646173783819,0
18,trf_11_6443a,0.43752452087822447,150.0,0.2916830139188163,0
18,trf_12_6577a,0.13613155366314264,30.0,0.4537718455438088,0
18,trf_12_6578a,0.17989033232654975,45.0,0.39975629405899943,0
18,trf_11_6482a,0.17987711683610197,45.0,0.3997269263024488,0
18,trf_6_1647a,0.602776204415488,10.0,6.02776204415488,0
18,trf_6_6496a,0.36273403097083173,112.5,0.3224302497518505,0
18,trf_6_727a,3.9080369682507325,30.0,13.026789894169108,0
19,trf_6_1030a,1.3320956199495155,10.0,13.320956199495154,0
19,trf_6_878a,0.2078205675386822,10.0,2.0782056753868217,0
19,trf_16_1585a,0.2977015747624183,15.0,1.9846771650827888,0
19,trf_16_3545a,0.04490422091080704,10.0,0.44904220910807047,0
19,trf_16_1143a,5.844703031872553,30.0,19.482343439575175,0
19,trf_16_6460a,1.8258428044861748,25.0,7.303371217944699,0
19,trf_6_725a,0.0491815604262353,10.0,0.49181560426235305,0
19,trf_6_3820a,1.84763113461506,15.0,12.317540897433734,0
19,trf_6_3538a,1.2320471434407678,10.0,12.320471434407677,0
19,trf_6_4910a,20.89915734745588,30.0,69.66385782485294,0
19,trf_6_1870a,0.5498567866890085,15.0,3.6657119112600567,0
19,trf_6_127a,2.4475249090535063,15.0,16.316832727023375,0
19,trf_6_1541a,1.6216452283245273,15.0,10.81096818883018,0
19,trf_6_1503a,0.6776910400202054,10.0,6.776910400202054,0
19,trf_6_6272a,0.494581533848561,15.0,3.2972102256570737,0
19,trf_6_128a,0.8674734850689716,15.0,5.783156567126477,0
19,trf_6_1260a,0.044163524169101756,10.0,0.44163524169101753,0
19,trf_6_1350a,1.6340087072449618,45.0,3.6311304605443593,0
19,trf_6_808a,1.3724883516244286,15.0,9.149922344162858,0
19,trf_6_1475a,1.2523995347849086,15.0,8.34933023189939,0
19,trf_6_1138a,2.295013110946635,10.0,22.950131109466348,0
19,trf_6_1146a,2.2087646565019066,10.0,22.087646565019064,0
19,trf_16_2916a,1.2766957226655289,10.0,12.76695722665529,0
19,trf_16_1140a,0.044814678329917805,10.0,0.44814678329917806,0
19,trf_16_5474a,1.101580302859017,10.0,11.01580302859017,0
19,trf_16_3548a,0.9710538493634251,10.0,9.71053849363425,0
19,trf_16_1141a,1.332020686226232,15.0,8.88013790817488,0
19,trf_6_810a,2.2337312393451167,30.0,7.445770797817056,0
19,trf_16_300a,1.1042046358540203,15.0,7.361364239026802,0
19,trf_16_3130a,3.215749075769043,30.0,10.719163585896808,0
19,trf_11_4955a,5.096541377552378,15.0,33.97694251701585,0
19,trf_11_131a,2.177208863174105,10.0,21.77208863174105,0
19,trf_6_1048a,0.455318575803087,15.0,3.0354571720205796,0
19,trf_6_129a,1.0133063338166197,10.0,10.133063338166197,0
19,trf_34_1018a,0.5995845845006661,5.0,11.991691690013322,0
19,trf_16_5730a,0.813374441126105,25.0,3.25349776450442,0
19,trf_16_1144a,1.4114197570424738,15.0,9.409465046949826,0
19,trf_6_6273a,3.337948588872991,30.0,11.126495296243304,0
19,trf_6_1238a,1.4258827261582132,15.0,9.505884841054755,0
19,trf_6_731a,0.4369740372069614,15.0,2.913160248046409,0
19,trf_6_732a,1.9370053740936253,30.0,6.456684580312085,0
19,trf_16_6082a,0.9289882456628277,15.0,6.193254971085518,0
19,trf_16_537a,0.5003579528705726,5.0,10.007159057411453,0
19,trf_16_3996a,4.024092305192546,15.0,26.827282034616974,0
19,trf_16_1095a,1.0019325150494967,15.0,6.679550100329978,0
19,trf_6_730a,0.4381370821297277,15.0,2.9209138808648514,0
19,trf_34_1649a,0.323683581370401,5.0,6.473671627408019,0
19,trf_34_5029a,0.9135119584788081,10.0,9.13511958478808,0
19,trf_34_1581a,1.4027584214692903,10.0,14.027584214692903,0
19,trf_11_132a,0.8638828746395696,10.0,8.638828746395696,0
19,trf_16_3221a,2.773892691730595,25.0,11.09557076692238,0
19,trf_16_504a,1.6203568069221177,15.0,10.802378712814118,0
19,trf_6_735a,0.38596549892974313,10.0,3.8596549892974314,0
19,trf_6_4489a,5.629476144712165,25.0,22.51790457884866,0
19,trf_6_729a,2.4219291865308707,15.0,16.14619457687247,0
19,trf_16_299a,3.331004233532238,45.0,7.40223163007164,0
19,trf_16_1301a,1.0375594812754352,10.0,10.375594812754352,0
19,trf_16_2139a,3.8182703280383126,25.0,15.273081312153248,0
19,trf_16_6081a,0.3828856817609237,10.0,3.828856817609237,0
19,trf_6_1019a,4.680343631585456,25.0,18.721374526341823,0
19,trf_11_2597a,1.0327609164268834,10.0,10.327609164268834,0
19,trf_11_130a,0.8402790156890114,15.0,5.60186010459341,0
19,trf_6_4704a,1.0152641248785794,10.0,10.152641248785795,0
19,trf_6_733a,0.05841359348320343,10.0,0.5841359348320343,0
19,trf_11_305a,2.06044826193066,75.0,2.74726434924088,0
19,trf_16_539a,0.04909435770751058,10.0,0.4909435770751058,0
19,trf_6_1151a,1.4494487286508777,30.0,4.831495762169593,0
19,trf_6_4764a,0.26644431469643465,75.0,0.3552590862619129,0
19,trf_6_4765a,0.4440454447806488,150.0,0.2960302965204325,0
19,trf_16_538a,1.049485725429066,30.0,3.4982857514302195,0
19,trf_11_133a,0.04874412812075544,10.0,0.4874412812075544,0
19,trf_6_723a,1.3821361698921253,15.0,9.21424113261417,0
19,trf_6_722a,0.37999044118734265,15.0,2.533269607915618,0
19,trf_6_726a,0.07867336435529683,15.0,0.5244890957019789,0
19,trf_6_737a,1.2984927020506285,15.0,8.656618013670856,0
19,trf_6_728a,2.4002118199205813,30.0,8.000706066401937,0
19,trf_6_125a,0.05568446250301726,10.0,0.5568446250301726,0
19,trf_6_3011a,0.49999006611813257,10.0,4.999900661181326,0
19,trf_6_3819a,3.0603077552014164,30.0,10.201025850671387,0
19,trf_6_1344a,0.3263059214843041,10.0,3.263059214843041,0
19,trf_6_122a,0.14490997426148214,10.0,1.4490997426148213,0
19,trf_6_1212a,1.104134390068026,25.0,4.416537560272104,0
19,trf_6_1213a,0.15458411307263734,10.0,1.5458411307263735,0
19,trf_6_1139a,2.474720024612659,15.0,16.498133497417726,0
19,trf_6_1145a,0.5242673394829969,10.0,5.242673394829969,0
19,trf_16_302a,0.252379859405403,10.0,2.5237985940540297,0
19,trf_16_301a,0.9885663556048099,25.0,3.954265422419239,0
19,trf_6_124a,3.938943569758255,45.0,8.753207932796121,0
19,trf_16_6318a,2.7447523263841305,45.0,6.099449614186956,0
19,trf_16_303a,1.180785989194093,15.0,7.871906594627287,0
19,trf_6_1256a,0.39404101197652996,10.0,3.9404101197653,0
19,trf_6_2090a,1.6067971034708075,15.0,10.711980689805383,0
19,trf_6_1445a,0.7341251275129238,10.0,7.341251275129238,0
19,trf_6_4766a,0.3653760026638575,112.5,0.32477866903454,0
19,trf_16_3549a,0.0,10.0,0.0,0
19,trf_11_4675a,0.43948652711592795,150.0,0.2929910180772853,0
19,trf_16_4173a,0.4959417814283596,10.0,4.959417814283595,0
19,trf_6_4662a,0.722569944687522,300.0,0.240856648229174,0
19,trf_6_2860a,1.1306299954956185,10.0,11.306299954956184,0
19,trf_6_1178a,0.8896068765103623,15.0,5.930712510069082,0
19,trf_6_4249a,1.4426382142135092,25.0,5.770552856854036,0
19,trf_6_2887a,0.8163821329383877,10.0,8.163821329383877,0
19,trf_6_2064a,0.3332846253173005,5.0,6.66569250634601,0
19,trf_6_4161a,0.31134636636445656,10.0,3.1134636636445654,0
19,trf_6_1960a,0.6630737896843206,10.0,6.630737896843206,0
19,trf_6_6394a,1.254174243802828,25.0,5.016696975211312,0
19,trf_6_3613a,0.27923095416560095,10.0,2.7923095416560093,0
19,trf_6_738a,0.0345320585313583,5.0,0.690641170627166,0
19,trf_16_2195a,4.325929726105944,15.0,28.839531507372957,0
19,trf_16_4674a,0.6104472095547873,225.0,0.27130987091323877,0
19,trf_6_2417a,0.8217756893996575,10.0,8.217756893996576,0
19,trf_16_4687a,0.2691549725046296,75.0,0.3588732966728395,0
19,trf_16_2428a,0.45624261196033666,5.0,9.124852239206733,0
19,trf_16_2658a,0.4099867273877569,15.0,2.7332448492517125,0
19,trf_6_1177a,4.2189422495874185,75.0,5.625256332783224,0
19,trf_6_4661a,0.444036846432432,150.0,0.296024564288288,0
19,trf_6_3019a,0.5271083362096867,10.0,5.271083362096866,0
19,trf_6_3013a,1.2363772455393618,5.0,24.727544910787238,0
19,trf_16_3364a,0.7050627470812265,15.0,4.700418313874843,0
19,trf_6_3563a,1.2933231573460704,10.0,12.933231573460706,0
19,trf_16_3328a,0.4638166995776354,10.0,4.638166995776354,0
19,trf_6_3721a,0.02954387232836343,5.0,0.5908774465672686,0
19,trf_6_3434a,0.8174842037916222,5.0,16.349684075832446,0
19,trf_6_3010a,0.19418900340922057,10.0,1.9418900340922058,0
19,trf_6_3509a,2.2051468321274945,5.0,44.10293664254989,0
19,trf_16_6165a,0.0,15.0,0.0,0
19,trf_6_3142a,0.3536701104780316,10.0,3.536701104780316,0
19,trf_16_3908a,0.0,10.0,0.0,0
19,trf_6_3604a,0.1225024682790655,10.0,1.225024682790655,0
19,trf_6_3012a,0.27846518138888715,10.0,2.7846518138888716,0
19,trf_6_3507a,0.4836878952345186,10.0,4.836878952345186,0
19,trf_34_5142a,0.3025732613585873,10.0,3.025732613585873,0
19,trf_6_3508a,0.044376116539717944,10.0,0.44376116539717947,0
19,trf_6_3634a,1.0550414018510748,10.0,10.550414018510747,0
19,trf_6_3224a,0.28553458320520686,5.0,5.710691664104138,0
19,trf_16_3904a,0.789946639280641,10.0,7.89946639280641,0
19,trf_11_3987a,0.8861671744814629,5.0,17.723343489629258,0
19,trf_16_3997a,1.2536977422980182,30.0,4.178992474326727,0
19,trf_6_3817a,0.24682095280198604,5.0,4.936419056039721,0
19,trf_6_3818a,0.9170998182929021,10.0,9.170998182929022,0
19,trf_16_1142a,2.6282006594178697,45.0,5.840445909817489,0
19,trf_34_5260a,0.7776375088009364,10.0,7.776375088009364,0
19,trf_6_5725a,0.723937348660549,300.0,0.24131244955351633,0
19,trf_6_5472a,0.9166343810035528,15.0,6.110895873357019,0
19,trf_6_4925a,0.36547169115762557,112.5,0.32486372547344494,0
19,trf_6_3256a,3.7216597885324147,15.0,24.811065256882767,0
19,trf_6_4998a,0.3642416098759351,112.5,0.3237703198897201,0
19,trf_16_5055a,1.8791564569524664,10.0,18.791564569524663,0
19,trf_6_724a,1.2088782440942465,30.0,4.029594146980822,0
19,trf_11_4785a,0.43377114678442863,10.0,4.3377114678442865,0
19,trf_16_5003a,0.09511803567179876,15.0,0.6341202378119917,0
19,trf_6_5157a,0.7228732496221774,300.0,0.24095774987405913,0
19,trf_6_5085a,2.249585721466099,30.0,7.498619071553663,0
19,trf_6_5595a,1.4422981978524343,30.0,4.807660659508114,0
19,trf_11_5652a,0.05863630889366311,15.0,0.39090872595775406,0
19,trf_16_5666a,0.1821658509535981,10.0,1.8216585095359812,0
19,trf_6_5711a,1.0527584335978237,30.0,3.5091947786594124,0
19,trf_6_5712a,2.5915138777118334,30.0,8.638379592372779,0
19,trf_6_5659a,0.5521896635274738,30.0,1.840632211758246,0
19,trf_6_1262a,0.8487535576411962,10.0,8.487535576411961,0
19,trf_16_6019a,0.07093591242941481,10.0,0.7093591242941482,0
19,trf_16_6122a,0.04493720261143823,10.0,0.44937202611438226,0
19,trf_6_6158a,5.127693901076882,45.0,11.394875335726404,0
19,trf_6_6197a,7.766169005960635,75.0,10.354892007947512,0
19,trf_6_6153a,6.5981015871369655,30.0,21.99367195712322,0
19,trf_6_1504a,0.8092999683120476,30.0,2.6976665610401587,0
19,trf_6_6249a,3.523286388763208,30.0,11.744287962544027,0
19,trf_16_6312a,0.7226802651137244,30.0,2.408934217045748,0
19,trf_6_6386a,0.44340676267829765,150.0,0.29560450845219843,0
19,trf_6_4627a,0.36539301511482464,112.5,0.3247937912131775,0
19,trf_11_6443a,0.4394825679554519,150.0,0.2929883786369679,0
19,trf_12_6577a,0.136742155371671,30.0,0.4558071845722367,0
19,trf_12_6578a,0.18069720877262196,45.0,0.40154935282804877,0
19,trf_11_6482a,0.1806839340057455,45.0,0.40151985334610113,0
19,trf_6_1647a,0.4817407626387898,10.0,4.817407626387898,0
19,trf_6_6496a,0.3640177362318072,112.5,0.32357132109493975,0
19,trf_6_727a,3.0933360045226617,30.0,10.31112001507554,0
20,trf_6_1030a,0.9415507245135867,10.0,9.415507245135867,0
20,trf_6_878a,0.15785061743940318,10.0,1.5785061743940318,0
20,trf_16_1585a,0.2306486563493049,15.0,1.537657708995366,0
20,trf_16_3545a,0.044926980211603455,10.0,0.4492698021160345,0
20,trf_16_1143a,4.102261625975642,30.0,13.674205419918808,0
20,trf_16_6460a,1.291578004001308,25.0,5.166312016005232,0
20,trf_6_725a,0.04938566350166665,10.0,0.49385663501666655,0
20,trf_6_3820a,1.305774987305145,15.0,8.7051665820343,0
20,trf_6_3538a,0.8725014085600129,10.0,8.72501408560013,0
20,trf_6_4910a,14.629322409499707,30.0,48.76440803166569,0
20,trf_6_1870a,0.4004118575170489,15.0,2.6694123834469923,0
20,trf_6_127a,1.7253050647204617,15.0,11.502033764803079,0
20,trf_6_1541a,1.1536416493184405,15.0,7.690944328789603,0
20,trf_6_1503a,0.48455879821457015,10.0,4.845587982145702,0
20,trf_6_6272a,0.3620799196089745,15.0,2.413866130726497,0
20,trf_6_128a,0.6224368847367924,15.0,4.149579231578616,0
20,trf_6_1260a,0.04437687035646002,10.0,0.4437687035646002,0
20,trf_6_1350a,1.19016309277529,45.0,2.644806872833978,0
20,trf_6_808a,0.9780906851769453,15.0,6.520604567846302,0
20,trf_6_1475a,1.0200165224877253,15.0,6.800110149918169,0
20,trf_6_1138a,1.6095580985788354,10.0,16.095580985788352,0
20,trf_6_1146a,1.5492538104663864,10.0,15.492538104663865,0
20,trf_16_2916a,0.9000762563824303,10.0,9.000762563824303,0
20,trf_16_1140a,0.04485999268474195,10.0,0.44859992684741956,0
20,trf_16_5474a,0.7783389718454257,10.0,7.783389718454257,0
20,trf_16_3548a,0.8837377858090301,10.0,8.837377858090301,0
20,trf_16_1141a,0.9423430665276284,15.0,6.282287110184189,0
20,trf_6_810a,1.5946858246977795,30.0,5.315619415659265,0
20,trf_16_300a,0.7868156848789933,15.0,5.2454378991932895,0
20,trf_16_3130a,2.2802730705340073,30.0,7.600910235113358,0
20,trf_11_4955a,3.5741205154969538,15.0,23.827470103313026,0
20,trf_11_131a,1.5328917786566099,10.0,15.328917786566098,0
20,trf_6_1048a,0.33994006885227035,15.0,2.2662671256818023,0
20,trf_6_129a,0.7201013937290668,10.0,7.201013937290668,0
20,trf_34_1018a,0.42663719882049866,5.0,8.532743976409973,0
20,trf_16_5730a,0.5891871829670023,25.0,2.3567487318680094,0
20,trf_16_1144a,0.9982569252680008,15.0,6.655046168453339,0
20,trf_6_6273a,2.3633463492612417,30.0,7.877821164204138,0
20,trf_6_1238a,1.0099093966961923,15.0,6.732729311307948,0
20,trf_6_731a,0.327156276091417,15.0,2.1810418406094465,0
20,trf_6_732a,1.3878185179153668,30.0,4.626061726384555,0
20,trf_16_6082a,0.6643073209151691,15.0,4.428715472767794,0
20,trf_16_537a,0.35839555398109346,5.0,7.167911079621869,0
20,trf_16_3996a,2.8199993762804234,15.0,18.79999584186949,0
20,trf_16_1095a,0.7149074273085124,15.0,4.766049515390082,0
20,trf_6_730a,0.364003216594767,15.0,2.4266881106317797,0
20,trf_34_1649a,0.23416863111666347,5.0,4.68337262233327,0
20,trf_34_5029a,0.6495931582227452,10.0,6.495931582227452,0
20,trf_34_1581a,0.9907251269316875,10.0,9.907251269316875,0
20,trf_11_132a,0.61532746033632,10.0,6.1532746033632,0
20,trf_16_3221a,1.9540393279106258,25.0,7.8161573116425025,0
20,trf_16_504a,1.3796496749936495,15.0,9.197664499957662,0
20,trf_6_735a,0.28290944414720176,10.0,2.8290944414720176,0
20,trf_6_4489a,3.9439927300188,25.0,15.7759709200752,0
20,trf_6_729a,1.708797722207946,15.0,11.39198481471964,0
20,trf_16_299a,2.3724502792689908,45.0,5.272111731708868,0
20,trf_16_1301a,0.7368674645670599,10.0,7.368674645670599,0
20,trf_16_2139a,2.6844751073758606,25.0,10.737900429503442,0
20,trf_16_6081a,0.2795630362496648,10.0,2.795630362496648,0
20,trf_6_1019a,3.2865733797737353,25.0,13.146293519094941,0
20,trf_11_2597a,0.7327223966432718,10.0,7.327223966432717,0
20,trf_11_130a,0.6085297292605839,15.0,4.0568648617372265,0
20,trf_6_4704a,1.0612751096383568,10.0,10.612751096383567,0
20,trf_6_733a,0.054245733173758706,10.0,0.5424573317375871,0
20,trf_11_305a,1.5128781370908058,75.0,2.017170849454408,0
20,trf_16_539a,0.049333365628107716,10.0,0.49333365628107717,0
20,trf_6_1151a,1.0483238137549264,30.0,3.4944127125164215,0
20,trf_6_4764a,0.2673198752908194,75.0,0.3564265003877592,0
20,trf_6_4765a,0.4455108304732488,150.0,0.2970072203154992,0
20,trf_16_538a,0.7709277059568179,30.0,2.56975901985606,0
20,trf_11_133a,0.04908032860254915,10.0,0.4908032860254915,0
20,trf_6_723a,0.9847951131296365,15.0,6.565300754197577,0
20,trf_6_722a,0.28761167316108366,15.0,1.9174111544072245,0
20,trf_6_726a,0.07900155982561397,15.0,0.5266770655040931,0
20,trf_6_737a,0.9263231350365353,15.0,6.175487566910236,0
20,trf_6_728a,1.7105015409040647,30.0,5.701671803013549,0
20,trf_6_125a,0.05236645462452253,10.0,0.5236645462452253,0
20,trf_6_3011a,0.36288741331836516,10.0,3.628874133183652,0
20,trf_6_3819a,2.1739626797780964,30.0,7.246542265926989,0
20,trf_6_1344a,0.24048261381446634,10.0,2.404826138144663,0
20,trf_6_122a,0.11566855289907328,10.0,1.156685528990733,0
20,trf_6_1212a,0.7924027458218444,25.0,3.169610983287378,0
20,trf_6_1213a,0.1603264704035199,10.0,1.6032647040351993,0
20,trf_6_1139a,1.7384886228912666,15.0,11.589924152608443,0
20,trf_6_1145a,0.41688983135671076,10.0,4.168898313567107,0
20,trf_16_302a,0.18887170299352327,10.0,1.8887170299352327,0
20,trf_16_301a,0.7144598715119395,25.0,2.857839486047758,0
20,trf_6_124a,2.799400620449749,45.0,6.220890267666108,0
20,trf_16_6318a,1.9651315123997442,45.0,4.366958916443876,0
20,trf_16_303a,0.8428573932657827,15.0,5.619049288438551,0
20,trf_6_1256a,0.2885783891517524,10.0,2.885783891517524,0
20,trf_6_2090a,1.1411780906842375,15.0,7.607853937894917,0
20,trf_6_1445a,0.5237286243107214,10.0,5.2372862431072145,0
20,trf_6_4766a,0.3665330935589336,112.5,0.3258071942746077,0
20,trf_16_3549a,0.0,10.0,0.0,0
20,trf_11_4675a,0.44223310234254415,150.0,0.29482206822836277,0
20,trf_16_4173a,0.3576172881255957,10.0,3.576172881255957,0
20,trf_6_4662a,0.7256306125646406,300.0,0.2418768708548802,0
20,trf_6_2860a,0.8001288032970272,10.0,8.001288032970272,0
20,trf_6_1178a,0.6363575568843958,15.0,4.2423837125626385,0
20,trf_6_4249a,1.0292546160812654,25.0,4.117018464325062,0
20,trf_6_2887a,0.5811390990397964,10.0,5.811390990397965,0
20,trf_6_2064a,0.24060043596430725,5.0,4.812008719286145,0
20,trf_6_4161a,0.2295528668770527,10.0,2.295528668770527,0
20,trf_6_1960a,0.474217429775041,10.0,4.74217429775041,0
20,trf_6_6394a,0.8955526754591876,25.0,3.58221070183675,0
20,trf_6_3613a,0.20723307753303857,10.0,2.0723307753303857,0
20,trf_6_738a,0.034648803533712476,5.0,0.6929760706742496,0
20,trf_16_2195a,3.0324659828494034,15.0,20.216439885662687,0
20,trf_16_4674a,0.6142531152555892,225.0,0.2730013845580397,0
20,trf_6_2417a,0.5848748082113194,10.0,5.848748082113195,0
20,trf_16_4687a,0.26936663751917866,75.0,0.3591555166922382,0
20,trf_16_2428a,0.3256358875760223,5.0,6.512717751520446,0
20,trf_16_2658a,0.3086968723356189,15.0,2.057979148904126,0
20,trf_6_1177a,3.2940334656748136,75.0,4.3920446208997515,0
20,trf_6_4661a,0.44556140318005716,150.0,0.29704093545337146,0
20,trf_6_3019a,0.38026921489926463,10.0,3.8026921489926466,0
20,trf_6_3013a,0.8685975487864879,5.0,17.371950975729757,0
20,trf_16_3364a,0.5140031378529747,15.0,3.4266875856864982,0
20,trf_6_3563a,0.9133971209884886,10.0,9.133971209884887,0
20,trf_16_3328a,0.3357207465682157,10.0,3.357207465682157,0
20,trf_6_3721a,0.029656274352057907,5.0,0.5931254870411581,0
20,trf_6_3434a,0.5784835767496513,5.0,11.569671534993027,0
20,trf_6_3010a,0.14807788017076667,10.0,1.4807788017076668,0
20,trf_6_3509a,1.5441398670399131,5.0,30.882797340798266,0
20,trf_16_6165a,0.0,15.0,0.0,0
20,trf_6_3142a,0.25901369871632757,10.0,2.590136987163276,0
20,trf_16_3908a,0.0,10.0,0.0,0
20,trf_6_3604a,0.0985006218636481,10.0,0.985006218636481,0
20,trf_6_3012a,0.20660416231563694,10.0,2.0660416231563694,0
20,trf_6_3507a,0.3499662435871926,10.0,3.499662435871926,0
20,trf_34_5142a,0.22376123209412516,10.0,2.2376123209412517,0
20,trf_6_3508a,0.04452955448361867,10.0,0.4452955448361867,0
20,trf_6_3634a,0.7470619724174119,10.0,7.470619724174119,0
20,trf_6_3224a,0.20709076471996302,5.0,4.14181529439926,0
20,trf_16_3904a,0.5617483712089512,10.0,5.617483712089511,0
20,trf_11_3987a,0.6261681415722904,5.0,12.523362831445807,0
20,trf_16_3997a,0.9134207900184029,30.0,3.04473596672801,0
20,trf_6_3817a,0.18038944486305314,5.0,3.607788897261063,0
20,trf_6_3818a,0.6510390057755823,10.0,6.5103900577558225,0
20,trf_16_1142a,1.878917697661604,45.0,4.175372661470231,0
20,trf_34_5260a,0.5548218822081664,10.0,5.5482188220816635,0
20,trf_6_5725a,0.726673186274666,300.0,0.24222439542488866,0
20,trf_6_5472a,0.6551466180904532,15.0,4.367644120603021,0
20,trf_6_4925a,0.3666081588530458,112.5,0.3258739189804851,0
20,trf_6_3256a,2.61425813004042,15.0,17.428387533602802,0
20,trf_6_4998a,0.3656783473151134,112.5,0.3250474198356564,0
20,trf_16_5055a,1.3184987795073069,10.0,13.18498779507307,0
20,trf_6_724a,0.8813939990211666,30.0,2.9379799967372215,0
20,trf_11_4785a,0.3150741529291731,10.0,3.1507415292917313,0
20,trf_16_5003a,0.08422906501623038,15.0,0.5615271001082025,0
20,trf_6_5157a,0.7258876264176284,300.0,0.24196254213920948,0
20,trf_6_5085a,1.6054242666606198,30.0,5.351414222202066,0
20,trf_6_5595a,1.0453547500961098,30.0,3.4845158336536994,0
20,trf_11_5652a,0.0590013363789404,15.0,0.3933422425262693,0
20,trf_16_5666a,0.13970821169289152,10.0,1.3970821169289152,0
20,trf_6_5711a,0.7728202517656915,30.0,2.5760675058856384,0
20,trf_6_5712a,1.8436462263548408,30.0,6.145487421182803,0
20,trf_6_5659a,0.42504360126214896,30.0,1.4168120042071632,0
20,trf_6_1262a,0.6050592541803734,10.0,6.050592541803734,0
20,trf_16_6019a,0.0628885042913359,10.0,0.628885042913359,0
20,trf_16_6122a,0.04495330314612807,10.0,0.4495330314612807,0
20,trf_6_6158a,3.628374943187513,45.0,8.063055429305583,0
20,trf_6_6197a,5.482788824148307,75.0,7.310385098864409,0
20,trf_6_6153a,5.342738630557153,30.0,17.809128768523845,0
20,trf_6_1504a,0.6035885723260781,30.0,2.0119619077535935,0
20,trf_6_6249a,2.4926351424873547,30.0,8.308783808291183,0
20,trf_16_6312a,0.5436957036893378,30.0,1.8123190122977928,0
20,trf_6_6386a,0.4450494340707351,150.0,0.2966996227138234,0
20,trf_6_4627a,0.36654641902876,112.5,0.3258190391366756,0
20,trf_11_6443a,0.4422302410523177,150.0,0.2948201607015451,0
20,trf_12_6577a,0.137596157123994,30.0,0.45865385707998,0
20,trf_12_6578a,0.18182572493926966,45.0,0.40405716653171037,0
20,trf_11_6482a,0.18181236726689115,45.0,0.40402748281531364,0
20,trf_6_1647a,0.3481038235407707,10.0,3.481038235407707,0
20,trf_6_6496a,0.3655044851488047,112.5,0.3248928756878264,0
20,trf_6_727a,2.1928548727786104,30.0,7.309516242595367,0
21,trf_6_1030a,0.6951412353254186,10.0,6.951412353254186,0
21,trf_6_878a,0.12633032317849063,10.0,1.2633032317849062,0
21,trf_16_1585a,0.18843518416191163,15.0,1.2562345610794108,0
21,trf_16_3545a,0.0449382373678193,10.0,0.44938237367819306,0
21,trf_16_1143a,3.006504146438241,30.0,10.021680488127469,0
21,trf_16_6460a,0.9557458033755434,25.0,3.8229832135021735,0
21,trf_6_725a,0.04949011488667248,10.0,0.49490114886672476,0
21,trf_6_3820a,0.9627979518166218,15.0,6.418653012110812,0
21,trf_6_3538a,0.6447307885172591,10.0,6.44730788517259,0
21,trf_6_4910a,10.65684478422429,30.0,35.5228159474143,0
21,trf_6_1870a,0.3059584061140549,15.0,2.0397227074270328,0
21,trf_6_127a,1.267648494124907,15.0,8.450989960832713,0
21,trf_6_1541a,0.8574669655796984,15.0,5.716446437197989,0
21,trf_6_1503a,0.3627568241043113,10.0,3.627568241043113,0
21,trf_6_6272a,0.27825974203181003,15.0,1.8550649468787337,0
21,trf_6_128a,0.4671998527092,15.0,3.114665684728,0
21,trf_6_1260a,0.044489475708952474,10.0,0.4448947570895247,0
21,trf_6_1350a,0.9104123588452102,45.0,2.0231385752115782,0
21,trf_6_808a,0.7293212810224048,15.0,4.862141873482699,0
21,trf_6_1475a,0.9157897629033943,15.0,6.105265086022628,0
21,trf_6_1138a,1.1776471890188436,10.0,11.776471890188436,0
21,trf_6_1146a,1.1338549756883427,10.0,11.338549756883427,0
21,trf_16_2916a,0.6632688743009856,10.0,6.632688743009855,0
21,trf_16_1140a,0.04488296842247494,10.0,0.4488296842247494,0
21,trf_16_5474a,0.5751192002250882,10.0,5.751192002250883,0
21,trf_16_3548a,0.8924079821583534,10.0,8.924079821583534,0
21,trf_16_1141a,0.6975930555880362,15.0,4.650620370586908,0
21,trf_6_810a,1.191597613906499,30.0,3.971992046354997,0
21,trf_16_300a,0.5861065897149428,15.0,3.907377264766285,0
21,trf_16_3130a,1.6892681072148867,30.0,5.630893690716289,0
21,trf_11_4955a,2.6096275086800444,15.0,17.397516724533627,0
21,trf_11_131a,1.1250498149953672,10.0,11.250498149953671,0
21,trf_6_1048a,0.2672910863619687,15.0,1.781940575746458,0
21,trf_6_129a,0.534278656676255,10.0,5.34278656676255,0
21,trf_34_1018a,0.31720963805214525,5.0,6.344192761042905,0
21,trf_16_5730a,0.4477568811406979,25.0,1.7910275245627916,0
21,trf_16_1144a,0.7383396838290689,15.0,4.922264558860459,0
21,trf_6_6273a,1.7485047426935796,30.0,5.828349142311932,0
21,trf_6_1238a,0.7473594067581503,15.0,4.982396045054335,0
21,trf_6_731a,0.25804535055812833,15.0,1.7203023370541888,0
21,trf_6_732a,1.0416107995884167,30.0,3.472035998628056,0
21,trf_16_6082a,0.4971158575289975,15.0,3.3141057168599835,0
21,trf_16_537a,0.26880396554550395,5.0,5.376079310910079,0
21,trf_16_3996a,2.0597595108020816,15.0,13.731730072013878,0
21,trf_16_1095a,0.5336895306963357,15.0,3.5579302046422385,0
21,trf_6_730a,0.3289188236909217,15.0,2.192792157939478,0
21,trf_34_1649a,0.17758522002326976,5.0,3.5517044004653955,0
21,trf_34_5029a,0.4826948954514214,10.0,4.826948954514214,0
21,trf_34_1581a,0.7301269604306964,10.0,7.301269604306964,0
21,trf_11_132a,0.457990813010236,10.0,4.57990813010236,0
21,trf_16_3221a,1.4367256038846636,25.0,5.7469024155386546,0
21,trf_16_504a,1.266828853337746,15.0,8.445525688918307,0
21,trf_6_735a,0.217996310130534,10.0,2.17996310130534,0
21,trf_6_4489a,2.8797170911206575,25.0,11.51886836448263,0
21,trf_6_729a,1.2588559171502207,15.0,8.392372781001471,0
21,trf_16_299a,1.7673248534575459,45.0,3.9273885632389907,0
21,trf_16_1301a,0.5470138856145746,10.0,5.470138856145747,0
21,trf_16_2139a,1.967620819203868,25.0,7.870483276815472,0
21,trf_16_6081a,0.21436083441918108,10.0,2.1436083441918106,0
21,trf_6_1019a,2.4047381241427637,25.0,9.618952496571055,0
21,trf_11_2597a,0.5429815449967403,10.0,5.429815449967403,0
21,trf_11_130a,0.46202649275815877,15.0,3.0801766183877253,0
21,trf_6_4704a,1.2006527078452562,10.0,12.006527078452562,0
21,trf_6_733a,0.051617459508083545,10.0,0.5161745950808354,0
21,trf_11_305a,1.167141618586797,75.0,1.5561888247823963,0
21,trf_16_539a,0.04946379682489522,10.0,0.49463796824895223,0
21,trf_6_1151a,0.7957017280621703,30.0,2.6523390935405677,0
21,trf_6_4764a,0.26776731720987373,75.0,0.357023089613165,0
21,trf_6_4765a,0.44625903581392595,150.0,0.2975060238759506,0
21,trf_16_538a,0.5952859519471918,30.0,1.9842865064906394,0
21,trf_11_133a,0.049267979463436966,10.0,0.4926797946343696,0
21,trf_6_723a,0.7341623151579203,15.0,4.8944154343861355,0
21,trf_6_722a,0.2294811797825777,15.0,1.5298745318838514,0
21,trf_6_726a,0.07916923300669607,15.0,0.527794886711307,0
21,trf_6_737a,0.6917351537967684,15.0,4.611567691978456,0
21,trf_6_728a,1.275448476031868,30.0,4.251494920106227,0
21,trf_6_125a,0.05026408645974699,10.0,0.5026408645974698,0
21,trf_6_3011a,0.2761736976192537,10.0,2.761736976192537,0
21,trf_6_3819a,1.6130457206716764,30.0,5.376819068905588,0
21,trf_6_1344a,0.18619074420700968,10.0,1.861907442070097,0
21,trf_6_122a,0.09725199246512044,10.0,0.9725199246512044,0
21,trf_6_1212a,0.5953094318956644,25.0,2.3812377275826577,0
21,trf_6_1213a,0.17674474727535538,10.0,1.7674474727535538,0
21,trf_6_1139a,1.2747967269162794,15.0,8.49864484610853,0
21,trf_6_1145a,0.3621918613222392,10.0,3.621918613222392,0
21,trf_16_302a,0.14876969052035396,10.0,1.4876969052035398,0
21,trf_16_301a,0.5413105358495531,25.0,2.1652421433982125,0
21,trf_6_124a,2.0782922113193294,45.0,4.6184271362651765,0
21,trf_16_6318a,1.4725111938059419,45.0,3.2722470973465376,0
21,trf_16_303a,0.6292297547132274,15.0,4.194865031421516,0
21,trf_6_1256a,0.2221163435684056,10.0,2.2211634356840557,0
21,trf_6_2090a,0.8474705382957916,15.0,5.64980358863861,0
21,trf_6_1445a,0.3910550493820334,10.0,3.9105504938203337,0
21,trf_6_4766a,0.3671290209725155,112.5,0.3263369075311249,0
21,trf_16_3549a,0.0,10.0,0.0,0
21,trf_11_4675a,0.4437352325055486,150.0,0.2958234883370324,0
21,trf_16_4173a,0.27064761318633496,10.0,2.70647613186335,0
21,trf_6_4662a,0.7271861074532755,300.0,0.24239536915109183,0
21,trf_6_2860a,0.5914855741602694,10.0,5.914855741602694,0
21,trf_6_1178a,0.47663948599479455,15.0,3.17759657329863,0
21,trf_6_4249a,0.7674383062825576,25.0,3.0697532251302304,0
21,trf_6_2887a,0.43274741693768315,10.0,4.327474169376831,0
21,trf_6_2064a,0.18214634736280969,5.0,3.6429269472561936,0
21,trf_6_4161a,0.17807113066626598,10.0,1.7807113066626599,0
21,trf_6_1960a,0.3551949610599645,10.0,3.551949610599645,0
21,trf_6_6394a,0.6695062773990152,25.0,2.678025109596061,0
21,trf_6_3613a,0.16193050882025115,10.0,1.6193050882025115,0
21,trf_6_738a,0.03470982781176483,5.0,0.6941965562352965,0
21,trf_16_2195a,2.2148144060925006,15.0,14.765429373950004,0
21,trf_16_4674a,0.6163357115327632,225.0,0.2739269829034503,0
21,trf_6_2417a,0.4354197413136204,10.0,4.354197413136204,0
21,trf_16_4687a,0.26947628943892227,75.0,0.35930171925189636,0
21,trf_16_2428a,0.24352836406054,5.0,4.8705672812108,0
21,trf_16_2658a,0.24482646053494872,15.0,1.6321764035663249,0
21,trf_6_1177a,2.7109583609142027,75.0,3.614611147885604,0
21,trf_6_4661a,0.44636858912819133,150.0,0.29757905941879426,0
21,trf_6_3019a,0.28742677798117944,10.0,2.8742677798117944,0
21,trf_6_3013a,0.636939993979324,5.0,12.73879987958648,0
21,trf_16_3364a,0.39339678125813904,15.0,2.6226452083875937,0
21,trf_6_3563a,0.6736217042502176,10.0,6.736217042502176,0
21,trf_16_3328a,0.25495293936031455,10.0,2.5495293936031453,0
21,trf_6_3721a,0.029713270166487452,5.0,0.594265403329749,0
21,trf_6_3434a,0.4272999773207148,5.0,8.545999546414297,0
21,trf_6_3010a,0.11916967427120678,10.0,1.1916967427120677,0
21,trf_6_3509a,1.1270195574976252,5.0,22.540391149952505,0
21,trf_16_6165a,0.0,15.0,0.0,0
21,trf_6_3142a,0.19937828364558585,10.0,1.9937828364558583,0
21,trf_16_3908a,0.0,10.0,0.0,0
21,trf_6_3604a,0.08344292892250138,10.0,0.8344292892250138,0
21,trf_6_3012a,0.1614480385868663,10.0,1.614480385868663,0
21,trf_6_3507a,0.26544315136281776,10.0,2.654431513628178,0
21,trf_34_5142a,0.1740000444021244,10.0,1.7400004440212442,0
21,trf_6_3508a,0.04460687127122901,10.0,0.4460687127122901,0
21,trf_6_3634a,0.5528840753575489,10.0,5.528840753575489,0
21,trf_6_3224a,0.15776853650496625,5.0,3.155370730099325,0
21,trf_16_3904a,0.41831758851927964,10.0,4.183175885192797,0
21,trf_11_3987a,0.4617933814233503,5.0,9.235867628467005,0
21,trf_16_3997a,0.6985794720504354,30.0,2.328598240168118,0
21,trf_6_3817a,0.13852776289680155,5.0,2.7705552579360306,0
21,trf_6_3818a,0.4832653676356179,10.0,4.832653676356179,0
21,trf_16_1142a,1.408133917542628,45.0,3.1291864834280623,0
21,trf_34_5260a,0.4139453119542927,10.0,4.139453119542926,0
21,trf_6_5725a,0.7280691175142279,300.0,0.24268970583807595,0
21,trf_6_5472a,0.4902115740804495,15.0,3.26807716053633,0
21,trf_6_4925a,0.36719461666629694,112.5,0.32639521481448613,0
21,trf_6_3256a,1.9129688121212227,15.0,12.753125414141484,0
21,trf_6_4998a,0.36641404906758296,112.5,0.3257013769489626,0
21,trf_16_5055a,0.9661467592768337,10.0,9.661467592768336,0
21,trf_6_724a,0.6749911989268881,30.0,2.249970663089627,0
21,trf_11_4785a,0.24010734441012602,10.0,2.40107344410126,0
21,trf_16_5003a,0.07739919016126773,15.0,0.5159946010751182,0
21,trf_6_5157a,0.7274274563678073,300.0,0.24247581878926908,0
21,trf_6_5085a,1.1992924454032223,30.0,3.9976414846774078,0
21,trf_6_5595a,0.7944013023813569,30.0,2.6480043412711893,0
21,trf_11_5652a,0.05920279700255218,15.0,0.3946853133503479,0
21,trf_16_5666a,0.11313294195219609,10.0,1.1313294195219608,0
21,trf_6_5711a,0.5964282349605752,30.0,1.9880941165352506,0
21,trf_6_5712a,1.3718993960837602,30.0,4.572997986945867,0
21,trf_6_5659a,0.34510057457965393,30.0,1.1503352485988465,0
21,trf_6_1262a,0.45132435343786287,10.0,4.513243534378629,0
21,trf_16_6019a,0.05787602243259034,10.0,0.5787602243259033,0
21,trf_16_6122a,0.04496225430599312,10.0,0.44962254305993116,0
21,trf_6_6158a,2.6796081399218825,45.0,5.954684755381962,0
21,trf_6_6197a,4.042219368465792,75.0,5.389625824621056,0
21,trf_6_6153a,4.6705312220563515,30.0,15.568437406854505,0
21,trf_6_1504a,0.4741094201880763,30.0,1.5803647339602545,0
21,trf_6_6249a,1.8424190833098562,30.0,6.141396944366187,0
21,trf_16_6312a,0.43093249295580527,30.0,1.4364416431860176,0
21,trf_6_6386a,0.4458908339528225,150.0,0.2972605559685483,0
21,trf_6_4627a,0.367140670402323,112.5,0.3263472625798427,0
21,trf_11_6443a,0.4437328154786805,150.0,0.295821876985787,0
21,trf_12_6577a,0.13806329868407224,30.0,0.46021099561357415,0
21,trf_12_6578a,0.18244302671970555,45.0,0.40542894826601233,0
21,trf_11_6482a,0.18242962369774904,45.0,0.40539916377277563,0
21,trf_6_1647a,0.26387636108049867,10.0,2.638763610804987,0
21,trf_6_6496a,0.36626389179734353,112.5,0.3255679038198609,0
21,trf_6_727a,1.6248859206477302,30.0,5.416286402159101,0
22,trf_6_1030a,0.6269471939637674,10.0,6.269471939637674,0
22,trf_6_878a,0.11759566282028518,10.0,1.1759566282028517,0
22,trf_16_1585a,0.17674413765053598,15.0,1.1782942510035732,0
22,trf_16_3545a,0.044936967370632235,10.0,0.44936967370632236,0
22,trf_16_1143a,2.7044380167948043,30.0,9.014793389316015,0
22,trf_16_6460a,0.8631894070486538,25.0,3.4527576281946155,0
22,trf_6_725a,0.049486338690549,10.0,0.49486338690549003,0
22,trf_6_3820a,0.8677227598071802,15.0,5.784818398714535,0
22,trf_6_3538a,0.5815707051106331,10.0,5.815707051106331,0
22,trf_6_4910a,9.55536252582488,30.0,31.851208419416263,0
22,trf_6_1870a,0.27978234782112266,15.0,1.8652156521408179,0
22,trf_6_127a,1.1407336026092754,15.0,7.604890684061835,0
22,trf_6_1541a,0.7753676733777133,15.0,5.169117822518088,0
22,trf_6_1503a,0.32907947639193347,10.0,3.2907947639193345,0
22,trf_6_6272a,0.25502148500246546,15.0,1.70014323334977,0
22,trf_6_128a,0.4241435687710945,15.0,2.8276237918072966,0
22,trf_6_1260a,0.04449198589211389,10.0,0.4449198589211389,0
22,trf_6_1350a,0.8329936896630634,45.0,1.851097088140141,0
22,trf_6_808a,0.6604728341049063,15.0,4.403152227366042,0
22,trf_6_1475a,0.8652331889868585,15.0,5.768221259912391,0
22,trf_6_1138a,1.0583209763901937,10.0,10.583209763901937,0
22,trf_6_1146a,1.0191451715336675,10.0,10.191451715336674,0
22,trf_16_2916a,0.5979744748227889,10.0,5.979744748227889,0
22,trf_16_1140a,0.044881479611131425,10.0,0.44881479611131425,0
22,trf_16_5474a,0.5190912262547223,10.0,5.190912262547223,0
22,trf_16_3548a,0.8625137673222424,10.0,8.625137673222424,0
22,trf_16_1141a,0.630190685467383,15.0,4.2012712364492195,0
22,trf_6_810a,1.0800368791581356,30.0,3.6001229305271187,0
22,trf_16_300a,0.5305052715011505,15.0,3.5367018100076697,0
22,trf_16_3130a,1.5256275702081863,30.0,5.085425234027287,0
22,trf_11_4955a,2.342215807333597,15.0,15.614772048890645,0
22,trf_11_131a,1.012004815410126,10.0,10.120048154101259,0
22,trf_6_1048a,0.2471832935647495,15.0,1.6478886237649966,0
22,trf_6_129a,0.4827370247259458,10.0,4.8273702472594575,0
22,trf_34_1018a,0.2868781828519011,5.0,5.737563657038022,0
22,trf_16_5730a,0.40861016617378904,25.0,1.6344406646951561,0
22,trf_16_1144a,0.6666400598383312,15.0,4.444267065588875,0
22,trf_6_6273a,1.5783464325596668,30.0,5.261154775198889,0
22,trf_6_1238a,0.6746949964650996,15.0,4.497966643100664,0
22,trf_6_731a,0.23892883455352218,15.0,1.5928588970234814,0
22,trf_6_732a,0.9458309330343772,30.0,3.1527697767812572,0
22,trf_16_6082a,0.45083458192932163,15.0,3.0055638795288107,0
22,trf_16_537a,0.24401435267922153,5.0,4.88028705358443,0
22,trf_16_3996a,1.849404353194945,15.0,12.329362354632966,0
22,trf_16_1095a,0.48352421987304106,15.0,3.223494799153607,0
22,trf_6_730a,0.31319328842993993,15.0,2.0879552561995998,0
22,trf_34_1649a,0.16190479321691365,5.0,3.2380958643382725,0
22,trf_34_5029a,0.43644601944695594,10.0,4.36446019446956,0
22,trf_34_1581a,0.6579166086800196,10.0,6.579166086800195,0
22,trf_11_132a,0.414374184896885,10.0,4.143741848968849,0
22,trf_16_3221a,1.293624824899767,25.0,5.174499299599068,0
22,trf_16_504a,1.1867598142502327,15.0,7.911732095001551,0
22,trf_6_735a,0.20004126292046087,10.0,2.0004126292046087,0
22,trf_6_4489a,2.5851984748381844,25.0,10.34079389935274,0
22,trf_6_729a,1.1343437548802533,15.0,7.562291699201689,0
22,trf_16_299a,1.599849915655891,45.0,3.555222034790869,0
22,trf_16_1301a,0.4944698458178758,10.0,4.944698458178758,0
22,trf_16_2139a,1.7691321356828624,25.0,7.07652854273145,0
22,trf_16_6081a,0.1963169260000777,10.0,1.963169260000777,0
22,trf_6_1019a,2.1603702899161883,25.0,8.641481159664753,0
22,trf_11_2597a,0.4904042221955723,10.0,4.904042221955723,0
22,trf_11_130a,0.4214270865143899,15.0,2.8095139100959328,0
22,trf_6_4704a,1.1824851817412816,10.0,11.824851817412817,0
22,trf_6_733a,0.05086758589480107,10.0,0.5086758589480107,0
22,trf_11_305a,1.07134200548306,75.0,1.4284560073107466,0
22,trf_16_539a,0.04947303343664766,10.0,0.49473033436647657,0
22,trf_6_1151a,0.7258740878494989,30.0,2.4195802928316628,0
22,trf_6_4764a,0.2677485579008081,75.0,0.35699807720107746,0
22,trf_6_4765a,0.4462264783633361,150.0,0.29748431890889077,0
22,trf_16_538a,0.5466984892187478,30.0,1.8223282973958257,0
22,trf_11_133a,0.04928727604541446,10.0,0.49287276045414463,0
22,trf_6_723a,0.6647881163811153,15.0,4.431920775874103,0
22,trf_6_722a,0.2133907461764001,15.0,1.422604974509334,0
22,trf_6_726a,0.07916197456412885,15.0,0.5277464970941923,0
22,trf_6_737a,0.6268655826434266,15.0,4.179103884289511,0
22,trf_6_728a,1.155028118381116,30.0,3.850093727937053,0
22,trf_6_125a,0.04965506305210176,10.0,0.49655063052101756,0
22,trf_6_3011a,0.2521369727444351,10.0,2.521369727444351,0
22,trf_6_3819a,1.4575659583823064,30.0,4.858553194607689,0
22,trf_6_1344a,0.17113727408504753,10.0,1.7113727408504755,0
22,trf_6_122a,0.09214180348974746,10.0,0.9214180348974746,0
22,trf_6_1212a,0.5406911479931108,25.0,2.162764591972443,0
22,trf_6_1213a,0.17467765160446191,10.0,1.7467765160446191,0
22,trf_6_1139a,1.146764519673823,15.0,7.645096797825486,0
22,trf_6_1145a,0.3405509699629922,10.0,3.405509699629922,0
22,trf_16_302a,0.13765795493652186,10.0,1.3765795493652186,0
22,trf_16_301a,0.493352622802104,25.0,1.973410491208416,0
22,trf_6_124a,1.878412988814336,45.0,4.17425108625408,0
22,trf_16_6318a,1.3360456876861728,45.0,2.968990417080384,0
22,trf_16_303a,0.5700399701694339,15.0,3.800266467796226,0
22,trf_6_1256a,0.2037236941107124,10.0,2.037236941107124,0
22,trf_6_2090a,0.7661873105490877,15.0,5.107915403660585,0
22,trf_6_1445a,0.35434008054679905,10.0,3.5434008054679906,0
22,trf_6_4766a,0.3671123773190377,112.5,0.3263221131724779,0
22,trf_16_3549a,0.0,10.0,0.0,0
22,trf_11_4675a,0.4438387864228686,150.0,0.2958925242819124,0
22,trf_16_4173a,0.24666689049644028,10.0,2.466668904964403,0
22,trf_6_4662a,0.7271041749815194,300.0,0.24236805832717315,0
22,trf_6_2860a,0.5337287130098591,10.0,5.337287130098591,0
22,trf_6_1178a,0.43247806620966417,15.0,2.8831871080644276,0
22,trf_6_4249a,0.6948372823557902,25.0,2.779349129423161,0
22,trf_6_2887a,0.39171510188372005,10.0,3.9171510188372003,0
22,trf_6_2064a,0.16598314455521548,5.0,3.31966289110431,0
22,trf_6_4161a,0.16384973652841042,10.0,1.6384973652841044,0
22,trf_6_1960a,0.32230020877331855,10.0,3.2230020877331853,0
22,trf_6_6394a,0.6070289022322095,25.0,2.428115608928838,0
22,trf_6_3613a,0.1494173501084633,10.0,1.4941735010846329,0
22,trf_6_738a,0.034709860864316634,5.0,0.6941972172863327,0
22,trf_16_2195a,1.9884606559685942,15.0,13.256404373123962,0
22,trf_16_4674a,0.6164811539209596,225.0,0.2739916239648709,0
22,trf_6_2417a,0.394067340833694,10.0,3.94067340833694,0
22,trf_16_4687a,0.26947457028621297,75.0,0.35929942704828394,0
22,trf_16_2428a,0.2208883008232885,5.0,4.41776601646577,0
22,trf_16_2658a,0.22713459598982047,15.0,1.5142306399321366,0
22,trf_6_1177a,2.54950816668622,75.0,3.3993442222482932,0
22,trf_6_4661a,0.4463847720012398,150.0,0.29758984800082655,0
22,trf_6_3019a,0.26169594806646446,10.0,2.6169594806646446,0
22,trf_6_3013a,0.5729671452968517,5.0,11.459342905937033,0
22,trf_16_3364a,0.35999793863226226,15.0,2.3999862575484148,0
22,trf_6_3563a,0.6073088965703255,10.0,6.0730889657032545,0
22,trf_16_3328a,0.23261057433310792,10.0,2.3261057433310794,0
22,trf_6_3721a,0.02970954381109828,5.0,0.5941908762219656,0
22,trf_6_3434a,0.3854030786156689,5.0,7.708061572313379,0
22,trf_6_3010a,0.11120854694280267,10.0,1.1120854694280267,0
22,trf_6_3509a,1.0116852558783223,5.0,20.233705117566444,0
22,trf_16_6165a,0.0,15.0,0.0,0
22,trf_6_3142a,0.18287584478416813,10.0,1.8287584478416814,0
22,trf_16_3908a,0.0,10.0,0.0,0
22,trf_6_3604a,0.07927014840331681,10.0,0.7927014840331681,0
22,trf_6_3012a,0.14899178383110362,10.0,1.4899178383110363,0
22,trf_6_3507a,0.24202047651900563,10.0,2.4202047651900562,0
22,trf_34_5142a,0.1602129139481881,10.0,1.602129139481881,0
22,trf_6_3508a,0.044601421651966275,10.0,0.4460142165196627,0
22,trf_6_3634a,0.4992126533332955,10.0,4.992126533332955,0
22,trf_6_3224a,0.14416055808445202,5.0,2.8832111616890406,0
22,trf_16_3904a,0.37877949516408715,10.0,3.7877949516408713,0
22,trf_11_3987a,0.41625405954581063,5.0,8.325081190916212,0
22,trf_16_3997a,0.639088868644567,30.0,2.1302962288152236,0
22,trf_6_3817a,0.12695655578255544,5.0,2.5391311156511085,0
22,trf_6_3818a,0.4368397499217839,10.0,4.368397499217839,0
22,trf_16_1142a,1.2784066606592186,45.0,2.8409036903538194,0
22,trf_34_5260a,0.3749091271279455,10.0,3.749091271279455,0
22,trf_6_5725a,0.728006704537171,300.0,0.24266890151239034,0
22,trf_6_5472a,0.4445785258998394,15.0,2.963856839332263,0
22,trf_6_4925a,0.3671803033044764,112.5,0.3263824918262012,0
22,trf_6_3256a,1.7185460207838197,15.0,11.45697347189213,0
22,trf_6_4998a,0.36638575512285027,112.5,0.32567622677586694,0
22,trf_16_5055a,0.8690770946855473,10.0,8.690770946855473,0
22,trf_6_724a,0.6178623328270936,30.0,2.0595411094236455,0
22,trf_11_4785a,0.2193394595239848,10.0,2.1933945952398477,0
22,trf_16_5003a,0.07548921559177767,15.0,0.5032614372785178,0
22,trf_6_5157a,0.7273604618938246,300.0,0.24245348729794156,0
22,trf_6_5085a,1.0869612611879114,30.0,3.6232042039597046,0
22,trf_6_5595a,0.7248506730656761,30.0,2.41616891021892,0
22,trf_11_5652a,0.059219012770450434,15.0,0.39479341846966953,0
22,trf_16_5666a,0.10583283460322523,10.0,1.0583283460322523,0
22,trf_6_5711a,0.5476054821777269,30.0,1.8253516072590896,0
22,trf_6_5712a,1.2413234590433657,30.0,4.137744863477886,0
22,trf_6_5659a,0.3229744115623924,30.0,1.0765813718746415,0
22,trf_6_1262a,0.4087747675947765,10.0,4.087747675947766,0
22,trf_16_6019a,0.05650154254413694,10.0,0.5650154254413694,0
22,trf_16_6122a,0.04496338086461113,10.0,0.44963380864611124,0
22,trf_6_6158a,2.416643812880467,45.0,5.370319584178816,0
22,trf_6_6197a,3.643500222302545,75.0,4.858000296403394,0
22,trf_6_6153a,4.417838353520052,30.0,14.72612784506684,0
22,trf_6_1504a,0.4383290754577815,30.0,1.461096918192605,0
22,trf_6_6249a,1.6625779016910263,30.0,5.541926338970088,0
22,trf_16_6312a,0.3997369838676992,30.0,1.3324566128923305,0
22,trf_6_6386a,0.4458591135971718,150.0,0.2972394090647812,0
22,trf_6_4627a,0.36712447349011945,112.5,0.32633286532455064,0
22,trf_11_6443a,0.4438361367600273,150.0,0.2958907578400182,0
22,trf_12_6577a,0.13809563579201803,30.0,0.46031878597339343,0
22,trf_12_6578a,0.18248575842242454,45.0,0.4055239076053878,0
22,trf_11_6482a,0.1824723522612829,45.0,0.4054941161361842,0
22,trf_6_1647a,0.24058497148419702,10.0,2.4058497148419704,0
22,trf_6_6496a,0.36623096145689266,112.5,0.3255386324061268,0
22,trf_6_727a,1.4677190526182526,30.0,4.892396842060842,0
23,trf_6_1030a,0.592920500314792,10.0,5.929205003147921,0
23,trf_6_878a,0.1132617311995252,10.0,1.132617311995252,0
23,trf_16_1585a,0.1709547201482259,15.0,1.139698134321506,0
23,trf_16_3545a,0.044940017320484,10.0,0.44940017320483994,0
23,trf_16_1143a,2.552968056282634,30.0,8.509893520942112,0
23,trf_16_6460a,0.8167871550349799,25.0,3.267148620139919,0
23,trf_6_725a,0.04951226516380115,10.0,0.49512265163801156,0
23,trf_6_3820a,0.820257319966313,15.0,5.468382133108753,0
23,trf_6_3538a,0.5500451366300355,10.0,5.500451366300355,0
23,trf_6_4910a,9.005001933684257,30.0,30.016673112280856,0
23,trf_6_1870a,0.2667445077500311,15.0,1.7782967183335407,0
23,trf_6_127a,1.077363777280038,15.0,7.18242518186692,0
23,trf_6_1541a,0.7344051344133462,15.0,4.896034229422308,0
23,trf_6_1503a,0.31225827182183036,10.0,3.1225827182183035,0
23,trf_6_6272a,0.2434520079387904,15.0,1.6230133862586027,0
23,trf_6_128a,0.40266753630104385,15.0,2.684450242006959,0
23,trf_6_1260a,0.044518047823008874,10.0,0.4451804782300887,0
23,trf_6_1350a,0.794448822156411,45.0,1.7654418270142467,0
23,trf_6_808a,0.6261400053948459,15.0,4.174266702632306,0
23,trf_6_1475a,0.8332845043212997,15.0,5.555230028808665,0
23,trf_6_1138a,0.9986324026988154,10.0,9.986324026988154,0
23,trf_6_1146a,0.9617321829582336,10.0,9.617321829582336,0
23,trf_16_2916a,0.565258353592744,10.0,5.65258353592744,0
23,trf_16_1140a,0.044887364296713465,10.0,0.44887364296713467,0
23,trf_16_5474a,0.49101802881857953,10.0,4.910180288185796,0
23,trf_16_3548a,0.8373993731685252,10.0,8.373993731685252,0
23,trf_16_1141a,0.596375920351014,15.0,3.97583946900676,0
23,trf_6_810a,1.0244104492773738,30.0,3.414701497591246,0
23,trf_16_300a,0.5027551797782006,15.0,3.3517011985213374,0
23,trf_16_3130a,1.4439389710393156,30.0,4.813129903464385,0
23,trf_11_4955a,2.208654447474364,15.0,14.724362983162425,0
23,trf_11_131a,0.9555573219439135,10.0,9.555573219439136,0
23,trf_6_1048a,0.2371969914823976,15.0,1.5813132765493172,0
23,trf_6_129a,0.457007895475202,10.0,4.57007895475202,0
23,trf_34_1018a,0.2717443653689749,5.0,5.434887307379498,0
23,trf_16_5730a,0.3891030012859815,25.0,1.556412005143926,0
23,trf_16_1144a,0.630731524255573,15.0,4.2048768283704865,0
23,trf_6_6273a,1.4934576223678069,30.0,4.978192074559357,0
23,trf_6_1238a,0.638431822496004,15.0,4.2562121499733605,0
23,trf_6_731a,0.2294293067991822,15.0,1.529528711994548,0
23,trf_6_732a,0.8980715599233845,30.0,2.9935718664112816,0
23,trf_16_6082a,0.4277322041302234,15.0,2.8515480275348226,0
23,trf_16_537a,0.23164097742707232,5.0,4.6328195485414465,0
23,trf_16_3996a,1.7442787424454136,15.0,11.628524949636091,0
23,trf_16_1095a,0.45849018725238744,15.0,3.0566012483492497,0
23,trf_6_730a,0.30355317502078755,15.0,2.023687833471917,0
23,trf_34_1649a,0.15409196722665439,5.0,3.081839344533088,0
23,trf_34_5029a,0.4133742450642044,10.0,4.133742450642044,0
23,trf_34_1581a,0.621878067070246,10.0,6.2187806707024595,0
23,trf_11_132a,0.3926139712887057,10.0,3.926139712887057,0
23,trf_16_3221a,1.222131516192748,25.0,4.888526064770992,0
23,trf_16_504a,1.054311642582513,15.0,7.02874428388342,0
23,trf_6_735a,0.19110160583794045,10.0,1.9110160583794045,0
23,trf_6_4489a,2.438065255595802,25.0,9.752261022383207,0
23,trf_6_729a,1.0722005348645178,15.0,7.148003565763452,0
23,trf_16_299a,1.5162533234777704,45.0,3.369451829950601,0
23,trf_16_1301a,0.46823468322113454,10.0,4.682346832211346,0
23,trf_16_2139a,1.6699427249096812,25.0,6.679770899638725,0
23,trf_16_6081a,0.18732314352626578,10.0,1.8732314352626578,0
23,trf_6_1019a,2.0383622072043592,25.0,8.153448828817437,0
23,trf_11_2597a,0.4641677200863416,10.0,4.641677200863416,0
23,trf_11_130a,0.4011989394653991,15.0,2.674659596435994,0
23,trf_6_4704a,1.156071027309789,10.0,11.56071027309789,0
23,trf_6_733a,0.05051632051874961,10.0,0.5051632051874961,0
23,trf_11_305a,1.0236942155133888,75.0,1.3649256206845184,0
23,trf_16_539a,0.04950076762588203,10.0,0.49500767625882025,0
23,trf_6_1151a,0.6910410923039454,30.0,2.303470307679818,0
23,trf_6_4764a,0.2678605474224097,75.0,0.3571473965632129,0
23,trf_6_4765a,0.44641413344297987,150.0,0.2976094222953199,0
23,trf_16_538a,0.5224866572850181,30.0,1.7416221909500602,0
23,trf_11_133a,0.04932508888225873,10.0,0.4932508888225873,0
23,trf_6_723a,0.630202878634288,15.0,4.201352524228587,0
23,trf_6_722a,0.20541053756488287,15.0,1.3694035837658858,0
23,trf_6_726a,0.07920395814408733,15.0,0.5280263876272488,0
23,trf_6_737a,0.5944850619636517,15.0,3.963233746424345,0
23,trf_6_728a,1.0949942270421138,30.0,3.649980756807046,0
23,trf_6_125a,0.049376894867597554,10.0,0.4937689486759755,0
23,trf_6_3011a,0.24016099247188125,10.0,2.4016099247188123,0
23,trf_6_3819a,1.379986513389876,30.0,4.59995504463292,0
23,trf_6_1344a,0.16364651004389358,10.0,1.636465100438936,0
23,trf_6_122a,0.08962101398949258,10.0,0.8962101398949258,0
23,trf_6_1212a,0.5134576057165068,25.0,2.053830422866027,0
23,trf_6_1213a,0.17165521408833068,10.0,1.7165521408833069,0
23,trf_6_1139a,1.0826738863401542,15.0,7.217825908934361,0
23,trf_6_1145a,0.32768889063443435,10.0,3.276888906344343,0
23,trf_16_302a,0.13213648547570453,10.0,1.3213648547570451,0
23,trf_16_301a,0.4694483922273982,25.0,1.8777935689095928,0
23,trf_6_124a,1.7786830674414358,45.0,3.9526290387587464,0
23,trf_16_6318a,1.2680053377461662,45.0,2.817789639435925,0
23,trf_16_303a,0.5405190089250137,15.0,3.6034600595000916,0
23,trf_6_1256a,0.19457019249193147,10.0,1.9457019249193148,0
23,trf_6_2090a,0.7256447843327096,15.0,4.8376318955513975,0
23,trf_6_1445a,0.3360329167861769,10.0,3.3603291678617695,0
23,trf_6_4766a,0.36725880793344323,112.5,0.32645227371861624,0
23,trf_16_3549a,0.0,10.0,0.0,0
23,trf_11_4675a,0.4441606620973245,150.0,0.296107108064883,0
23,trf_16_4173a,0.23466421091828416,10.0,2.3466421091828416,0
23,trf_6_4662a,0.7274985007861082,300.0,0.24249950026203607,0
23,trf_6_2860a,0.5049109820669285,10.0,5.049109820669285,0
23,trf_6_1178a,0.4104206095317653,15.0,2.7361373968784353,0
23,trf_6_4249a,0.6586178426815447,25.0,2.6344713707261787,0
23,trf_6_2887a,0.3712149420875554,10.0,3.712149420875554,0
23,trf_6_2064a,0.1579136141486208,5.0,3.158272282972416,0
23,trf_6_4161a,0.15675833421295127,10.0,1.5675833421295127,0
23,trf_6_1960a,0.3058672611800313,10.0,3.058672611800313,0
23,trf_6_6394a,0.575814252729936,25.0,2.303257010919744,0
23,trf_6_3613a,0.14318048888854992,10.0,1.4318048888854993,0
23,trf_6_738a,0.03472441344443433,5.0,0.6944882688886866,0
23,trf_16_2195a,1.8753194357977547,15.0,12.502129571985032,0
23,trf_16_4674a,0.6169268037114836,225.0,0.2741896905384371,0
23,trf_6_2417a,0.3734326404481686,10.0,3.734326404481686,0
23,trf_16_4687a,0.2695010581700461,75.0,0.3593347442267282,0
23,trf_16_2428a,0.20955211784094746,5.0,4.191042356818949,0
23,trf_16_2658a,0.21835183489237903,15.0,1.455678899282527,0
23,trf_6_1177a,2.4690821334657382,75.0,3.2921095112876513,0
23,trf_6_4661a,0.4465707477339805,150.0,0.29771383182265365,0
23,trf_6_3019a,0.24887036782579985,10.0,2.4887036782579988,0
23,trf_6_3013a,0.5409494347597175,5.0,10.81898869519435,0
23,trf_16_3364a,0.34336488589003905,15.0,2.289099239266927,0
23,trf_6_3563a,0.5741626612659102,10.0,5.741626612659102,0
23,trf_16_3328a,0.22146792058519657,10.0,2.214679205851966,0
23,trf_6_3721a,0.029724139002818218,5.0,0.5944827800563643,0
23,trf_6_3434a,0.3644921101491436,5.0,7.289842202982872,0
23,trf_6_3010a,0.10723590087305643,10.0,1.0723590087305643,0
23,trf_6_3509a,0.9539980987841095,5.0,19.07996197568219,0
23,trf_16_6165a,0.0,15.0,0.0,0
23,trf_6_3142a,0.1746635270951213,10.0,1.746635270951213,0
23,trf_16_3908a,0.0,10.0,0.0,0
23,trf_6_3604a,0.07721440784440771,10.0,0.7721440784440772,0
23,trf_6_3012a,0.14277392416725554,10.0,1.4277392416725554,0
23,trf_6_3507a,0.23034856964503717,10.0,2.303485696450372,0
23,trf_34_5142a,0.1533565733077634,10.0,1.533565733077634,0
23,trf_6_3508a,0.044621313340725506,10.0,0.44621313340725505,0
23,trf_6_3634a,0.4723850462012208,10.0,4.723850462012208,0
23,trf_6_3224a,0.13735891687487128,5.0,2.747178337497426,0
23,trf_16_3904a,0.35897227417800054,10.0,3.5897227417800055,0
23,trf_11_3987a,0.39352563493842435,5.0,7.870512698768486,0
23,trf_16_3997a,0.6094515646314979,30.0,2.0315052154383264,0
23,trf_6_3817a,0.12118459748967694,5.0,2.4236919497935387,0
23,trf_6_3818a,0.41368438886882536,10.0,4.1368438886882535,0
23,trf_16_1142a,1.2134074353183972,45.0,2.696460967374216,0
23,trf_34_5260a,0.35544055616737796,10.0,3.5544055616737795,0
23,trf_6_5725a,0.728357279641563,300.0,0.242785759880521,0
23,trf_6_5472a,0.42181345448348684,15.0,2.812089696556579,0
23,trf_6_4925a,0.3673237363260698,112.5,0.32650998784539537,0
23,trf_6_3256a,1.6214155303331748,15.0,10.809436868887833,0
23,trf_6_4998a,0.3665689581786855,112.5,0.3258390739366093,0
23,trf_16_5055a,0.8203695262569057,10.0,8.203695262569058,0
23,trf_6_724a,0.5894308365959581,30.0,1.9647694553198602,0
23,trf_11_4785a,0.20899488921065504,10.0,2.0899488921065505,0
23,trf_16_5003a,0.07456357319398733,15.0,0.49709048795991556,0
23,trf_6_5157a,0.7277461357787479,300.0,0.24258204525958263,0
23,trf_6_5085a,1.0309030413972644,30.0,3.4363434713242147,0
23,trf_6_5595a,0.6901985285828321,30.0,2.300661761942774,0
23,trf_11_5652a,0.05926059895941495,15.0,0.395070659729433,0
23,trf_16_5666a,0.10217858759469625,10.0,1.0217858759469625,0
23,trf_6_5711a,0.5233221551058005,30.0,1.7444071836860016,0
23,trf_6_5712a,1.1762207688914461,30.0,3.9207358963048202,0
23,trf_6_5659a,0.31201454035364384,30.0,1.0400484678454796,0
23,trf_6_1262a,0.38755597162390815,10.0,3.8755597162390814,0
23,trf_16_6019a,0.05581444500688596,10.0,0.5581444500688596,0
23,trf_16_6122a,0.044965181783155506,10.0,0.44965181783155506,0
23,trf_6_6158a,2.285402338497461,45.0,5.078671863327691,0
23,trf_6_6197a,3.444608462465292,75.0,4.592811283287055,0
23,trf_6_6153a,4.269830702756164,30.0,14.232769009187214,0
23,trf_6_1504a,0.4205076695740735,30.0,1.4016922319135783,0
23,trf_6_6249a,1.5727378126375948,30.0,5.242459375458649,0
23,trf_16_6312a,0.384225077583971,30.0,1.2807502586132367,0
23,trf_6_6386a,0.4460685013106626,150.0,0.29737900087377506,0
23,trf_6_4627a,0.36727036230254556,112.5,0.3264625442689294,0
23,trf_11_6443a,0.4441581936146382,150.0,0.29610546240975877,0
23,trf_12_6577a,0.13819569112360472,30.0,0.4606523037453491,0
23,trf_12_6578a,0.18261797601910837,45.0,0.40581772448690745,0
23,trf_11_6482a,0.1826045601446669,45.0,0.40578791143259313,0
23,trf_6_1647a,0.22896783979534904,10.0,2.2896783979534905,0
23,trf_6_6496a,0.36642120090871994,112.5,0.32570773414108434,0
23,trf_6_727a,1.3893114164740512,30.0,4.631038054913504,0
