{
  "type": "FeatureCollection",
  "features": [
    {
      "type": "Feature",
      "geometry": {
        "type": "LineString",
        "coordinates": [
          [
            -53.596523966307984,
            -27.64835845527847
          ],
          [
            -53.595723160495425,
            -27.64791331514732
          ]
        ]
      },
      "properties": {
        "nome": "smt_37255",
        "is_switch": false,
        "normAmps": 163.8,
        "length_m": 110.4,
        "kVBase": 0.127,
        "max_loading_pct": 0.0,
        "ano_saturacao": 0,
        "status": "normal"
      }
    },
    {
      "type": "Feature",
      "geometry": {
        "type": "LineString",
        "coordinates": [
          [
            -53.59728512011219,
            -27.64969755569757
          ],
          [
            -53.597760691502685,
            -27.650527726173607
          ]
        ]
      },
      "properties": {
        "nome": "smt_2716",
        "is_switch": false,
        "normAmps": 163.8,
        "length_m": 78.7,
        "kVBase": 0.127,
        "max_loading_pct": 0.0,
        "ano_saturacao": 0,
        "status": "normal"
      }
    },
    {
      "type": "Feature",
      "geometry": {
        "type": "LineString",
        "coordinates": [
          [
            -53.60001616601323,
            -27.645649396002796
          ],
          [
            -53.600565283960634,
            -27.646162392680253
          ]
        ]
      },
      "properties": {
        "nome": "smt_4735",
        "is_switch": false,
        "normAmps": 163.8,
        "length_m": 71.1,
        "kVBase": 0.127,
        "max_loading_pct": 0.0,
        "ano_saturacao": 0,
        "status": "normal"
      }
    },
    {
      "type": "Feature",
      "geometry": {
        "type": "LineString",
        "coordinates": [
          [
            -53.59954870920552,
            -27.645161932876874
          ],
          [
            -53.60001616601323,
            -27.645649396002796
          ]
        ]
      },
      "properties": {
        "nome": "smt_4734",
        "is_switch": false,
        "normAmps": 163.8,
        "length_m": 100.8,
        "kVBase": 0.127,
        "max_loading_pct": 0.0,
        "ano_saturacao": 0,
        "status": "normal"
      }
    },
    {
      "type": "Feature",
      "geometry": {
        "type": "LineString",
        "coordinates": [
          [
            -53.596523966307984,
            -27.64835845527847
          ],
          [
            -53.598046275715035,
            -27.646766493378948
          ]
        ]
      },
      "properties": {
        "nome": "smt_5057",
        "is_switch": false,
        "normAmps": 163.8,
        "length_m": 93.2,
        "kVBase": 0.127,
        "max_loading_pct": 0.0,
        "ano_saturacao": 0,
        "status": "normal"
      }
    },
    {
      "type": "Feature",
      "geometry": {
        "type": "LineString",
        "coordinates": [
          [
            -53.600565283960634,
            -27.646162392680253
          ],
          [
            -53.60001616601323,
            -27.645649396002796
          ]
        ]
      },
      "properties": {
        "nome": "smt_18744",
        "is_switch": false,
        "normAmps": 163.8,
        "length_m": 78.6,
        "kVBase": 0.127,
        "max_loading_pct": 0.0,
        "ano_saturacao": 0,
        "status": "normal"
      }
    },
    {
      "type": "Feature",
      "geometry": {
        "type": "LineString",
        "coordinates": [
          [
            -53.597760691502685,
            -27.650527726173607
          ],
          [
            -53.59728512011219,
            -27.64969755569757
          ]
        ]
      },
      "properties": {
        "nome": "smt_29539",
        "is_switch": false,
        "normAmps": 163.8,
        "length_m": 103.3,
        "kVBase": 0.127,
        "max_loading_pct": 0.0,
        "ano_saturacao": 0,
        "status": "normal"
      }
    },
    {
      "type": "Feature",
      "geometry": {
        "type": "LineString",
        "coordinates": [
          [
            -53.598424380380834,
            -27.64637990990485
          ],
          [
            -53.5989068702558,
            -27.6458687001803
          ]
        ]
      },
      "properties": {
        "nome": "smt_31095",
        "is_switch": false,
        "normAmps": 163.8,
        "length_m": 56.8,
        "kVBase": 0.127,
        "max_loading_pct": 0.0,
        "ano_saturacao": 0,
        "status": "normal"
      }
    },
    {
      "type": "Feature",
      "geometry": {
        "type": "LineString",
        "coordinates": [
          [
            -53.598046275715035,
            -27.646766493378948
          ],
          [
            -53.598424380380834,
            -27.64637990990485
          ]
        ]
      },
      "properties": {
        "nome": "smt_31094",
        "is_switch": false,
        "normAmps": 163.8,
        "length_m": 231.8,
        "kVBase": 0.127,
        "max_loading_pct": 0.0,
        "ano_saturacao": 0,
        "status": "normal"
      }
    },
    {
      "type": "Feature",
      "geometry": {
        "type": "LineString",
        "coordinates": [
          [
            -53.5989068702558,
            -27.6458687001803
          ],
          [
            -53.59954870920552,
            -27.645161932876874
          ]
        ]
      },
      "properties": {
        "nome": "smt_31093",
        "is_switch": false,
        "normAmps": 163.8,
        "length_m": 74.0,
        "kVBase": 0.127,
        "max_loading_pct": 0.0,
        "ano_saturacao": 0,
        "status": "normal"
      }
    },
    {
      "type": "Feature",
      "geometry": {
        "type": "LineString",
        "coordinates": [
          [
            -53.68517036701877,
            -27.638396991427953
          ],
          [
            -53.68499585267642,
            -27.638120597387626
          ]
        ]
      },
      "properties": {
        "nome": "sbt_35173",
        "is_switch": false,
        "normAmps": 128.1,
        "length_m": 37.2,
        "kVBase": 0.219,
        "max_loading_pct": 4.6,
        "ano_saturacao": 0,
        "status": "normal"
      }
    },
    {
      "type": "Feature",
      "geometry": {
        "type": "LineString",
        "coordinates": [
          [
            -53.72404903213709,
            -27.67095716194342
          ],
          [
            -53.72459182245461,
            -27.671040599244236
          ]
        ]
      },
      "properties": {
        "nome": "sbt_34893",
        "is_switch": false,
        "normAmps": 216.3,
        "length_m": 40.8,
        "kVBase": 0.219,
        "max_loading_pct": 0.1,
        "ano_saturacao": 0,
        "status": "normal"
      }
    },
    {
      "type": "Feature",
      "geometry": {
        "type": "LineString",
        "coordinates": [
          [
            -53.72459182245461,
            -27.671040599244236
          ],
          [
            -53.72404903213709,
            -27.67095716194342
          ]
        ]
      },
      "properties": {
        "nome": "sbt_34894",
        "is_switch": false,
        "normAmps": 216.3,
        "length_m": 54.4,
        "kVBase": 0.219,
        "max_loading_pct": 0.1,
        "ano_saturacao": 0,
        "status": "normal"
      }
    },
    {
      "type": "Feature",
      "geometry": {
        "type": "LineString",
        "coordinates": [
          [
            -53.686519739494315,
            -27.677588381398664
          ],
          [
            -53.68717142152383,
            -27.67785126762186
          ]
        ]
      },
      "properties": {
        "nome": "sbt_34896",
        "is_switch": false,
        "normAmps": 216.3,
        "length_m": 70.6,
        "kVBase": 0.219,
        "max_loading_pct": 2.2,
        "ano_saturacao": 0,
        "status": "normal"
      }
    },
    {
      "type": "Feature",
      "geometry": {
        "type": "LineString",
        "coordinates": [
          [
            -53.65921092444455,
            -27.871133441255267
          ],
          [
            -53.65933144618924,
            -27.871422361952398
          ]
        ]
      },
      "properties": {
        "nome": "sbt_34898",
        "is_switch": false,
        "normAmps": 216.3,
        "length_m": 34.2,
        "kVBase": 0.219,
        "max_loading_pct": 0.0,
        "ano_saturacao": 0,
        "status": "normal"
      }
    },
    {
      "type": "Feature",
      "geometry": {
        "type": "LineString",
        "coordinates": [
          [
            -53.63254547988993,
            -27.713947259458394
          ],
          [
            -53.63270029458289,
            -27.714061601961305
          ]
        ]
      },
      "properties": {
        "nome": "sbt_34378",
        "is_switch": false,
        "normAmps": 128.1,
        "length_m": 43.0,
        "kVBase": 0.219,
        "max_loading_pct": 19.2,
        "ano_saturacao": 0,
        "status": "normal"
      }
    },
    {
      "type": "Feature",
      "geometry": {
        "type": "LineString",
        "coordinates": [
          [
            -53.63224263858689,
            -27.71405132810628
          ],
          [
            -53.63254547988993,
            -27.713947259458394
          ]
        ]
      },
      "properties": {
        "nome": "sbt_34379",
        "is_switch": false,
        "normAmps": 128.1,
        "length_m": 22.8,
        "kVBase": 0.219,
        "max_loading_pct": 19.2,
        "ano_saturacao": 0,
        "status": "normal"
      }
    },
    {
      "type": "Feature",
      "geometry": {
        "type": "LineString",
        "coordinates": [
          [
            -53.643670385879545,
            -27.719563433005987
          ],
          [
            -53.64442888398577,
            -27.719485779245247
          ]
        ]
      },
      "properties": {
        "nome": "sbt_34381",
        "is_switch": false,
        "normAmps": 163.8,
        "length_m": 163.5,
        "kVBase": 0.219,
        "max_loading_pct": 2.1,
        "ano_saturacao": 0,
        "status": "normal"
      }
    },
    {
      "type": "Feature",
      "geometry": {
        "type": "LineString",
        "coordinates": [
          [
            -53.63224263858689,
            -27.71405132810628
          ],
          [
            -53.631976732440194,
            -27.71415132822119
          ]
        ]
      },
      "properties": {
        "nome": "sbt_34382",
        "is_switch": false,
        "normAmps": 128.1,
        "length_m": 40.8,
        "kVBase": 0.219,
        "max_loading_pct": 3.3,
        "ano_saturacao": 0,
        "status": "normal"
      }
    },
    {
      "type": "Feature",
      "geometry": {
        "type": "LineString",
        "coordinates": [
          [
            -53.63125839176132,
            -27.71438676983354
          ],
          [
            -53.63171135599424,
            -27.714251841848977
          ]
        ]
      },
      "properties": {
        "nome": "sbt_34383",
        "is_switch": false,
        "normAmps": 128.1,
        "length_m": 30.5,
        "kVBase": 0.219,
        "max_loading_pct": 9.0,
        "ano_saturacao": 0,
        "status": "normal"
      }
    },
    {
      "type": "Feature",
      "geometry": {
        "type": "LineString",
        "coordinates": [
          [
            -53.63090611022875,
            -27.714492714467156
          ],
          [
            -53.63125839176132,
            -27.71438676983354
          ]
        ]
      },
      "properties": {
        "nome": "sbt_34384",
        "is_switch": false,
        "normAmps": 128.1,
        "length_m": 49.1,
        "kVBase": 0.219,
        "max_loading_pct": 9.0,
        "ano_saturacao": 0,
        "status": "normal"
      }
    },
    {
      "type": "Feature",
      "geometry": {
        "type": "LineString",
        "coordinates": [
          [
            -53.6400587067439,
            -27.71735882415038
          ],
          [
            -53.64076139292388,
            -27.71748976544029
          ]
        ]
      },
      "properties": {
        "nome": "sbt_34385",
        "is_switch": false,
        "normAmps": 163.8,
        "length_m": 70.8,
        "kVBase": 0.219,
        "max_loading_pct": 1.5,
        "ano_saturacao": 0,
        "status": "normal"
      }
    },
    {
      "type": "Feature",
      "geometry": {
        "type": "LineString",
        "coordinates": [
          [
            -53.62208179863603,
            -27.71618032016562
          ],
          [
            -53.62188555397512,
            -27.71585491577173
          ]
        ]
      },
      "properties": {
        "nome": "sbt_34386",
        "is_switch": false,
        "normAmps": 216.3,
        "length_m": 40.9,
        "kVBase": 0.219,
        "max_loading_pct": 0.9,
        "ano_saturacao": 0,
        "status": "normal"
      }
    },
    {
      "type": "Feature",
      "geometry": {
        "type": "LineString",
        "coordinates": [
          [
            -53.62208179863603,
            -27.71618032016562
          ],
          [
            -53.62229716378306,
            -27.7165328067436
          ]
        ]
      },
      "properties": {
        "nome": "sbt_34388",
        "is_switch": false,
        "normAmps": 216.3,
        "length_m": 66.5,
        "kVBase": 0.219,
        "max_loading_pct": 1.6,
        "ano_saturacao": 0,
        "status": "normal"
      }
    },
    {
      "type": "Feature",
      "geometry": {
        "type": "LineString",
        "coordinates": [
          [
            -53.62967370807513,
            -27.714254502043616
          ],
          [
            -53.63090611022875,
            -27.714492714467156
          ]
        ]
      },
      "properties": {
        "nome": "sbt_34389",
        "is_switch": false,
        "normAmps": 128.1,
        "length_m": 38.7,
        "kVBase": 0.219,
        "max_loading_pct": 3.6,
        "ano_saturacao": 0,
        "status": "normal"
      }
    },
    {
      "type": "Feature",
      "geometry": {
        "type": "LineString",
        "coordinates": [
          [
            -53.63090611022875,
            -27.714492714467156
          ],
          [
            -53.62967370807513,
            -27.714254502043616
          ]
        ]
      },
      "properties": {
        "nome": "sbt_34390",
        "is_switch": false,
        "normAmps": 163.8,
        "length_m": 124.4,
        "kVBase": 0.219,
        "max_loading_pct": 2.7,
        "ano_saturacao": 0,
        "status": "normal"
      }
    },
    {
      "type": "Feature",
      "geometry": {
        "type": "LineString",
        "coordinates": [
          [
            -53.62188555397512,
            -27.71585491577173
          ],
          [
            -53.62208179863603,
            -27.71618032016562
          ]
        ]
      },
      "properties": {
        "nome": "sbt_34391",
        "is_switch": false,
        "normAmps": 216.3,
        "length_m": 44.5,
        "kVBase": 0.219,
        "max_loading_pct": 0.9,
        "ano_saturacao": 0,
        "status": "normal"
      }
    },
    {
      "type": "Feature",
      "geometry": {
        "type": "LineString",
        "coordinates": [
          [
            -53.63171135599424,
            -27.714251841848977
          ],
          [
            -53.631976732440194,
            -27.71415132822119
          ]
        ]
      },
      "properties": {
        "nome": "sbt_34392",
        "is_switch": false,
        "normAmps": 128.1,
        "length_m": 31.5,
        "kVBase": 0.219,
        "max_loading_pct": 9.0,
        "ano_saturacao": 0,
        "status": "normal"
      }
    },
    {
      "type": "Feature",
      "geometry": {
        "type": "LineString",
        "coordinates": [
          [
            -53.631976732440194,
            -27.71415132822119
          ],
          [
            -53.63224263858689,
            -27.71405132810628
          ]
        ]
      },
      "properties": {
        "nome": "sbt_34393",
        "is_switch": false,
        "normAmps": 128.1,
        "length_m": 33.0,
        "kVBase": 0.219,
        "max_loading_pct": 10.4,
        "ano_saturacao": 0,
        "status": "normal"
      }
    },
    {
      "type": "Feature",
      "geometry": {
        "type": "LineString",
        "coordinates": [
          [
            -53.61084928876363,
            -27.663228812759485
          ],
          [
            -53.611280533469824,
            -27.663040235718256
          ]
        ]
      },
      "properties": {
        "nome": "sbt_34094",
        "is_switch": false,
        "normAmps": 128.1,
        "length_m": 49.4,
        "kVBase": 0.219,
        "max_loading_pct": 0.0,
        "ano_saturacao": 0,
        "status": "normal"
      }
    },
    {
      "type": "Feature",
      "geometry": {
        "type": "LineString",
        "coordinates": [
          [
            -53.596523966307984,
            -27.64835845527847
          ],
          [
            -53.595723160495425,
            -27.64791331514732
          ]
        ]
      },
      "properties": {
        "nome": "sbt_34001",
        "is_switch": false,
        "normAmps": 216.3,
        "length_m": 90.7,
        "kVBase": 0.219,
        "max_loading_pct": 0.3,
        "ano_saturacao": 0,
        "status": "normal"
      }
    },
    {
      "type": "Feature",
      "geometry": {
        "type": "LineString",
        "coordinates": [
          [
            -53.595723160495425,
            -27.64791331514732
          ],
          [
            -53.596523966307984,
            -27.64835845527847
          ]
        ]
      },
      "properties": {
        "nome": "sbt_34003",
        "is_switch": false,
        "normAmps": 216.3,
        "length_m": 93.2,
        "kVBase": 0.219,
        "max_loading_pct": 0.0,
        "ano_saturacao": 0,
        "status": "normal"
      }
    },
    {
      "type": "Feature",
      "geometry": {
        "type": "LineString",
        "coordinates": [
          [
            -53.595723160495425,
            -27.64791331514732
          ],
          [
            -53.59495274187549,
            -27.647467600349444
          ]
        ]
      },
      "properties": {
        "nome": "sbt_34000",
        "is_switch": false,
        "normAmps": 216.3,
        "length_m": 39.8,
        "kVBase": 0.219,
        "max_loading_pct": 3.4,
        "ano_saturacao": 0,
        "status": "normal"
      }
    },
    {
      "type": "Feature",
      "geometry": {
        "type": "LineString",
        "coordinates": [
          [
            -53.74144404470684,
            -27.68398179852113
          ],
          [
            -53.742908525008374,
            -27.683375392860057
          ]
        ]
      },
      "properties": {
        "nome": "sbt_37537",
        "is_switch": false,
        "normAmps": 216.3,
        "length_m": 78.6,
        "kVBase": 0.219,
        "max_loading_pct": 3.4,
        "ano_saturacao": 0,
        "status": "normal"
      }
    },
    {
      "type": "Feature",
      "geometry": {
        "type": "LineString",
        "coordinates": [
          [
            -53.742908525008374,
            -27.683375392860057
          ],
          [
            -53.743008934314844,
            -27.68374329741522
          ]
        ]
      },
      "properties": {
        "nome": "sbt_37538",
        "is_switch": false,
        "normAmps": 216.3,
        "length_m": 49.6,
        "kVBase": 0.219,
        "max_loading_pct": 3.4,
        "ano_saturacao": 0,
        "status": "normal"
      }
    },
    {
      "type": "Feature",
      "geometry": {
        "type": "LineString",
        "coordinates": [
          [
            -53.743008934314844,
            -27.68374329741522
          ],
          [
            -53.74478563045244,
            -27.683464491393124
          ]
        ]
      },
      "properties": {
        "nome": "sbt_37539",
        "is_switch": false,
        "normAmps": 216.3,
        "length_m": 50.5,
        "kVBase": 0.219,
        "max_loading_pct": 3.4,
        "ano_saturacao": 0,
        "status": "normal"
      }
    },
    {
      "type": "Feature",
      "geometry": {
        "type": "LineString",
        "coordinates": [
          [
            -53.74363848402879,
            -27.682576031358735
          ],
          [
            -53.74478563045244,
            -27.683464491393124
          ]
        ]
      },
      "properties": {
        "nome": "sbt_37540",
        "is_switch": false,
        "normAmps": 216.3,
        "length_m": 50.5,
        "kVBase": 0.219,
        "max_loading_pct": 1.8,
        "ano_saturacao": 0,
        "status": "normal"
      }
    },
    {
      "type": "Feature",
      "geometry": {
        "type": "LineString",
        "coordinates": [
          [
            -53.74298157244158,
            -27.68062229828041
          ],
          [
            -53.74338611627621,
            -27.68180515948046
          ]
        ]
      },
      "properties": {
        "nome": "sbt_37541",
        "is_switch": false,
        "normAmps": 216.3,
        "length_m": 89.0,
        "kVBase": 0.219,
        "max_loading_pct": 0.0,
        "ano_saturacao": 0,
        "status": "normal"
      }
    },
    {
      "type": "Feature",
      "geometry": {
        "type": "LineString",
        "coordinates": [
          [
            -53.74338611627621,
            -27.68180515948046
          ],
          [
            -53.74363848402879,
            -27.682576031358735
          ]
        ]
      },
      "properties": {
        "nome": "sbt_37542",
        "is_switch": false,
        "normAmps": 216.3,
        "length_m": 67.7,
        "kVBase": 0.219,
        "max_loading_pct": 1.8,
        "ano_saturacao": 0,
        "status": "normal"
      }
    },
    {
      "type": "Feature",
      "geometry": {
        "type": "LineString",
        "coordinates": [
          [
            -53.745502790321495,
            -27.68336907422338
          ],
          [
            -53.74478563045244,
            -27.683464491393124
          ]
        ]
      },
      "properties": {
        "nome": "sbt_37544",
        "is_switch": false,
        "normAmps": 216.3,
        "length_m": 77.9,
        "kVBase": 0.219,
        "max_loading_pct": 1.5,
        "ano_saturacao": 0,
        "status": "normal"
      }
    },
    {
      "type": "Feature",
      "geometry": {
        "type": "LineString",
        "coordinates": [
          [
            -53.642970841031456,
            -27.671623786208727
          ],
          [
            -53.6433503387471,
            -27.672654099007445
          ]
        ]
      },
      "properties": {
        "nome": "sbt_33399",
        "is_switch": false,
        "normAmps": 163.8,
        "length_m": 100.6,
        "kVBase": 0.219,
        "max_loading_pct": 0.1,
        "ano_saturacao": 0,
        "status": "normal"
      }
    },
    {
      "type": "Feature",
      "geometry": {
        "type": "LineString",
        "coordinates": [
          [
            -53.64272358772337,
            -27.67097655042744
          ],
          [
            -53.642970841031456,
            -27.671623786208727
          ]
        ]
      },
      "properties": {
        "nome": "sbt_33400",
        "is_switch": false,
        "normAmps": 163.8,
        "length_m": 120.2,
        "kVBase": 0.219,
        "max_loading_pct": 0.1,
        "ano_saturacao": 0,
        "status": "normal"
      }
    },
    {
      "type": "Feature",
      "geometry": {
        "type": "LineString",
        "coordinates": [
          [
            -53.59692564849985,
            -27.64906370002967
          ],
          [
            -53.596523966307984,
            -27.64835845527847
          ]
        ]
      },
      "properties": {
        "nome": "sbt_15527",
        "is_switch": false,
        "normAmps": 216.3,
        "length_m": 87.7,
        "kVBase": 0.127,
        "max_loading_pct": 0.0,
        "ano_saturacao": 0,
        "status": "normal"
      }
    },
    {
      "type": "Feature",
      "geometry": {
        "type": "LineString",
        "coordinates": [
          [
            -53.685354331437225,
            -27.6556332610661
          ],
          [
            -53.68547996133111,
            -27.65331215403262
          ]
        ]
      },
      "properties": {
        "nome": "sbt_31047",
        "is_switch": false,
        "normAmps": 163.8,
        "length_m": 82.2,
        "kVBase": 0.219,
        "max_loading_pct": 0.0,
        "ano_saturacao": 0,
        "status": "normal"
      }
    },
    {
      "type": "Feature",
      "geometry": {
        "type": "LineString",
        "coordinates": [
          [
            -53.68534840760287,
            -27.656219810595758
          ],
          [
            -53.685354331437225,
            -27.6556332610661
          ]
        ]
      },
      "properties": {
        "nome": "sbt_31048",
        "is_switch": false,
        "normAmps": 163.8,
        "length_m": 97.4,
        "kVBase": 0.219,
        "max_loading_pct": 0.0,
        "ano_saturacao": 0,
        "status": "normal"
      }
    },
    {
      "type": "Feature",
      "geometry": {
        "type": "LineString",
        "coordinates": [
          [
            -53.685354331437225,
            -27.6556332610661
          ],
          [
            -53.68534840760287,
            -27.656219810595758
          ]
        ]
      },
      "properties": {
        "nome": "sbt_31049",
        "is_switch": false,
        "normAmps": 163.8,
        "length_m": 65.0,
        "kVBase": 0.219,
        "max_loading_pct": 0.0,
        "ano_saturacao": 0,
        "status": "normal"
      }
    },
    {
      "type": "Feature",
      "geometry": {
        "type": "LineString",
        "coordinates": [
          [
            -53.676362935700865,
            -27.65130523684718
          ],
          [
            -53.67586976187994,
            -27.65185608958683
          ]
        ]
      },
      "properties": {
        "nome": "sbt_31061",
        "is_switch": false,
        "normAmps": 163.8,
        "length_m": 90.0,
        "kVBase": 0.219,
        "max_loading_pct": 0.0,
        "ano_saturacao": 0,
        "status": "normal"
      }
    },
    {
      "type": "Feature",
      "geometry": {
        "type": "LineString",
        "coordinates": [
          [
            -53.67586976187994,
            -27.65185608958683
          ],
          [
            -53.676362935700865,
            -27.65130523684718
          ]
        ]
      },
      "properties": {
        "nome": "sbt_31062",
        "is_switch": false,
        "normAmps": 163.8,
        "length_m": 78.1,
        "kVBase": 0.219,
        "max_loading_pct": 0.0,
        "ano_saturacao": 0,
        "status": "normal"
      }
    },
    {
      "type": "Feature",
      "geometry": {
        "type": "LineString",
        "coordinates": [
          [
            -53.59673632502137,
            -27.850692754067325
          ],
          [
            -53.596698717172046,
            -27.850987884583162
          ]
        ]
      },
      "properties": {
        "nome": "sbt_31020",
        "is_switch": false,
        "normAmps": 216.3,
        "length_m": 32.9,
        "kVBase": 0.219,
        "max_loading_pct": 0.6,
        "ano_saturacao": 0,
        "status": "normal"
      }
    },
    {
      "type": "Feature",
      "geometry": {
        "type": "LineString",
        "coordinates": [
          [
            -53.596698717172046,
            -27.850987884583162
          ],
          [
            -53.59673632502137,
            -27.850692754067325
          ]
        ]
      },
      "properties": {
        "nome": "sbt_31021",
        "is_switch": false,
        "normAmps": 216.3,
        "length_m": 66.7,
        "kVBase": 0.219,
        "max_loading_pct": 0.6,
        "ano_saturacao": 0,
        "status": "normal"
      }
    },
    {
      "type": "Feature",
      "geometry": {
        "type": "LineString",
        "coordinates": [
          [
            -53.64581984650869,
            -27.83461575191535
          ],
          [
            -53.64532998039425,
            -27.834662859303478
          ]
        ]
      },
      "properties": {
        "nome": "sbt_30492",
        "is_switch": false,
        "normAmps": 124.95,
        "length_m": 48.6,
        "kVBase": 0.219,
        "max_loading_pct": 2.3,
        "ano_saturacao": 0,
        "status": "normal"
      }
    },
    {
      "type": "Feature",
      "geometry": {
        "type": "LineString",
        "coordinates": [
          [
            -53.724367978499345,
            -27.619054459195866
          ],
          [
            -53.72338940639594,
            -27.61880302583893
          ]
        ]
      },
      "properties": {
        "nome": "sbt_29861",
        "is_switch": false,
        "normAmps": 163.8,
        "length_m": 39.2,
        "kVBase": 0.219,
        "max_loading_pct": 1.6,
        "ano_saturacao": 0,
        "status": "normal"
      }
    },
    {
      "type": "Feature",
      "geometry": {
        "type": "LineString",
        "coordinates": [
          [
            -53.72338940639594,
            -27.61880302583893
          ],
          [
            -53.724032108694814,
            -27.620215867068566
          ]
        ]
      },
      "properties": {
        "nome": "sbt_29862",
        "is_switch": false,
        "normAmps": 163.8,
        "length_m": 30.3,
        "kVBase": 0.219,
        "max_loading_pct": 1.6,
        "ano_saturacao": 0,
        "status": "normal"
      }
    },
    {
      "type": "Feature",
      "geometry": {
        "type": "LineString",
        "coordinates": [
          [
            -53.7421750415449,
            -27.679979685014416
          ],
          [
            -53.74159114591458,
            -27.679729616828297
          ]
        ]
      },
      "properties": {
        "nome": "sbt_2728",
        "is_switch": false,
        "normAmps": 163.8,
        "length_m": 64.0,
        "kVBase": 0.219,
        "max_loading_pct": 0.0,
        "ano_saturacao": 0,
        "status": "normal"
      }
    },
    {
      "type": "Feature",
      "geometry": {
        "type": "LineString",
        "coordinates": [
          [
            -53.59901366474878,
            -27.748730891317564
          ],
          [
            -53.59871013006841,
            -27.747906543951785
          ]
        ]
      },
      "properties": {
        "nome": "sbt_15418",
        "is_switch": false,
        "normAmps": 216.3,
        "length_m": 96.2,
        "kVBase": 0.219,
        "max_loading_pct": 0.0,
        "ano_saturacao": 0,
        "status": "normal"
      }
    },
    {
      "type": "Feature",
      "geometry": {
        "type": "LineString",
        "coordinates": [
          [
            -53.75050364862443,
            -27.661716787999296
          ],
          [
            -53.750555792216005,
            -27.660966944069173
          ]
        ]
      },
      "properties": {
        "nome": "sbt_18132",
        "is_switch": false,
        "normAmps": 216.3,
        "length_m": 94.3,
        "kVBase": 0.219,
        "max_loading_pct": 0.0,
        "ano_saturacao": 0,
        "status": "normal"
      }
    },
    {
      "type": "Feature",
      "geometry": {
        "type": "LineString",
        "coordinates": [
          [
            -53.652756875029695,
            -27.676101133860186
          ],
          [
            -53.65274967415809,
            -27.676729757272426
          ]
        ]
      },
      "properties": {
        "nome": "sbt_7428",
        "is_switch": false,
        "normAmps": 216.3,
        "length_m": 69.7,
        "kVBase": 0.219,
        "max_loading_pct": 0.0,
        "ano_saturacao": 0,
        "status": "normal"
      }
    },
    {
      "type": "Feature",
      "geometry": {
        "type": "LineString",
        "coordinates": [
          [
            -53.58527230627186,
            -27.676114469007473
          ],
          [
            -53.58610346870006,
            -27.67655007092901
          ]
        ]
      },
      "properties": {
        "nome": "sbt_21224",
        "is_switch": false,
        "normAmps": 163.8,
        "length_m": 95.2,
        "kVBase": 0.219,
        "max_loading_pct": 1.4,
        "ano_saturacao": 0,
        "status": "normal"
      }
    },
    {
      "type": "Feature",
      "geometry": {
        "type": "LineString",
        "coordinates": [
          [
            -53.58126542545898,
            -27.705241553155133
          ],
          [
            -53.58250808168259,
            -27.70463190633734
          ]
        ]
      },
      "properties": {
        "nome": "sbt_13256",
        "is_switch": false,
        "normAmps": 163.8,
        "length_m": 140.0,
        "kVBase": 0.219,
        "max_loading_pct": 0.0,
        "ano_saturacao": 0,
        "status": "normal"
      }
    },
    {
      "type": "Feature",
      "geometry": {
        "type": "LineString",
        "coordinates": [
          [
            -53.61859769552717,
            -27.844393574204048
          ],
          [
            -53.61760106233913,
            -27.84431325125547
          ]
        ]
      },
      "properties": {
        "nome": "sbt_13265",
        "is_switch": false,
        "normAmps": 216.3,
        "length_m": 104.5,
        "kVBase": 0.219,
        "max_loading_pct": 0.0,
        "ano_saturacao": 0,
        "status": "normal"
      }
    },
    {
      "type": "Feature",
      "geometry": {
        "type": "LineString",
        "coordinates": [
          [
            -53.74363949216877,
            -27.66153717000435
          ],
          [
            -53.74457797789131,
            -27.661789230188788
          ]
        ]
      },
      "properties": {
        "nome": "sbt_10155",
        "is_switch": false,
        "normAmps": 163.8,
        "length_m": 96.8,
        "kVBase": 0.219,
        "max_loading_pct": 0.0,
        "ano_saturacao": 0,
        "status": "normal"
      }
    },
    {
      "type": "Feature",
      "geometry": {
        "type": "LineString",
        "coordinates": [
          [
            -53.69240728257,
            -27.64533753899616
          ],
          [
            -53.6930699983817,
            -27.64633512906289
          ]
        ]
      },
      "properties": {
        "nome": "sbt_7545",
        "is_switch": false,
        "normAmps": 163.8,
        "length_m": 79.3,
        "kVBase": 0.219,
        "max_loading_pct": 0.9,
        "ano_saturacao": 0,
        "status": "normal"
      }
    },
    {
      "type": "Feature",
      "geometry": {
        "type": "LineString",
        "coordinates": [
          [
            -53.68362584525653,
            -27.635060314182113
          ],
          [
            -53.683523711949704,
            -27.636271253115808
          ]
        ]
      },
      "properties": {
        "nome": "sbt_7561",
        "is_switch": false,
        "normAmps": 216.3,
        "length_m": 70.8,
        "kVBase": 0.219,
        "max_loading_pct": 0.6,
        "ano_saturacao": 0,
        "status": "normal"
      }
    },
    {
      "type": "Feature",
      "geometry": {
        "type": "LineString",
        "coordinates": [
          [
            -53.7066689851855,
            -27.645628066781796
          ],
          [
            -53.70645482962664,
            -27.646805108468925
          ]
        ]
      },
      "properties": {
        "nome": "sbt_7598",
        "is_switch": false,
        "normAmps": 163.8,
        "length_m": 61.4,
        "kVBase": 0.219,
        "max_loading_pct": 1.7,
        "ano_saturacao": 0,
        "status": "normal"
      }
    },
    {
      "type": "Feature",
      "geometry": {
        "type": "LineString",
        "coordinates": [
          [
            -53.72940466759127,
            -27.641609401252822
          ],
          [
            -53.72791035587818,
            -27.63977129311064
          ]
        ]
      },
      "properties": {
        "nome": "sbt_7151",
        "is_switch": false,
        "normAmps": 216.3,
        "length_m": 80.1,
        "kVBase": 0.219,
        "max_loading_pct": 0.9,
        "ano_saturacao": 0,
        "status": "normal"
      }
    },
    {
      "type": "Feature",
      "geometry": {
        "type": "LineString",
        "coordinates": [
          [
            -53.6861282736009,
            -27.657449734217835
          ],
          [
            -53.68530616374841,
            -27.656978482271086
          ]
        ]
      },
      "properties": {
        "nome": "sbt_6276",
        "is_switch": false,
        "normAmps": 216.3,
        "length_m": 41.1,
        "kVBase": 0.219,
        "max_loading_pct": 0.6,
        "ano_saturacao": 0,
        "status": "normal"
      }
    },
    {
      "type": "Feature",
      "geometry": {
        "type": "LineString",
        "coordinates": [
          [
            -53.685440041324796,
            -27.657481123255195
          ],
          [
            -53.68530616374841,
            -27.656978482271086
          ]
        ]
      },
      "properties": {
        "nome": "sbt_6286",
        "is_switch": false,
        "normAmps": 216.3,
        "length_m": 96.5,
        "kVBase": 0.219,
        "max_loading_pct": 1.8,
        "ano_saturacao": 0,
        "status": "normal"
      }
    },
    {
      "type": "Feature",
      "geometry": {
        "type": "LineString",
        "coordinates": [
          [
            -53.65115774823147,
            -27.663599931491603
          ],
          [
            -53.65402264113192,
            -27.665300600742114
          ]
        ]
      },
      "properties": {
        "nome": "sbt_6494",
        "is_switch": false,
        "normAmps": 163.8,
        "length_m": 108.0,
        "kVBase": 0.219,
        "max_loading_pct": 0.5,
        "ano_saturacao": 0,
        "status": "normal"
      }
    },
    {
      "type": "Feature",
      "geometry": {
        "type": "LineString",
        "coordinates": [
          [
            -53.72680598300968,
            -27.629147171904435
          ],
          [
            -53.72691678398235,
            -27.629938921543953
          ]
        ]
      },
      "properties": {
        "nome": "sbt_6049",
        "is_switch": false,
        "normAmps": 163.8,
        "length_m": 63.6,
        "kVBase": 0.219,
        "max_loading_pct": 6.0,
        "ano_saturacao": 0,
        "status": "normal"
      }
    },
    {
      "type": "Feature",
      "geometry": {
        "type": "LineString",
        "coordinates": [
          [
            -53.72704940340719,
            -27.630793393500255
          ],
          [
            -53.72718023497981,
            -27.631575726338667
          ]
        ]
      },
      "properties": {
        "nome": "sbt_29015",
        "is_switch": false,
        "normAmps": 216.3,
        "length_m": 100.5,
        "kVBase": 0.219,
        "max_loading_pct": 0.0,
        "ano_saturacao": 0,
        "status": "normal"
      }
    },
    {
      "type": "Feature",
      "geometry": {
        "type": "LineString",
        "coordinates": [
          [
            -53.750493670646335,
            -27.663340906957274
          ],
          [
            -53.75108893640527,
            -27.663238865381288
          ]
        ]
      },
      "properties": {
        "nome": "sbt_28873",
        "is_switch": false,
        "normAmps": 216.3,
        "length_m": 59.8,
        "kVBase": 0.219,
        "max_loading_pct": 0.0,
        "ano_saturacao": 0,
        "status": "normal"
      }
    },
    {
      "type": "Feature",
      "geometry": {
        "type": "LineString",
        "coordinates": [
          [
            -53.72658595128058,
            -27.62762679603975
          ],
          [
            -53.72648751598604,
            -27.626925022671628
          ]
        ]
      },
      "properties": {
        "nome": "sbt_28835",
        "is_switch": false,
        "normAmps": 163.8,
        "length_m": 51.1,
        "kVBase": 0.219,
        "max_loading_pct": 0.4,
        "ano_saturacao": 0,
        "status": "normal"
      }
    },
    {
      "type": "Feature",
      "geometry": {
        "type": "LineString",
        "coordinates": [
          [
            -53.65921092444455,
            -27.871133441255267
          ],
          [
            -53.65917146039453,
            -27.87034929268566
          ]
        ]
      },
      "properties": {
        "nome": "sbt_28854",
        "is_switch": false,
        "normAmps": 216.3,
        "length_m": 93.7,
        "kVBase": 0.219,
        "max_loading_pct": 0.0,
        "ano_saturacao": 0,
        "status": "normal"
      }
    },
    {
      "type": "Feature",
      "geometry": {
        "type": "LineString",
        "coordinates": [
          [
            -53.73643593786818,
            -27.661562395987744
          ],
          [
            -53.73800573597589,
            -27.659907441075518
          ]
        ]
      },
      "properties": {
        "nome": "sbt_28804",
        "is_switch": false,
        "normAmps": 163.8,
        "length_m": 64.9,
        "kVBase": 0.219,
        "max_loading_pct": 4.2,
        "ano_saturacao": 0,
        "status": "normal"
      }
    },
    {
      "type": "Feature",
      "geometry": {
        "type": "LineString",
        "coordinates": [
          [
            -53.68547996133111,
            -27.65331215403262
          ],
          [
            -53.68552792307514,
            -27.652372929067383
          ]
        ]
      },
      "properties": {
        "nome": "sbt_28762",
        "is_switch": false,
        "normAmps": 163.8,
        "length_m": 104.5,
        "kVBase": 0.219,
        "max_loading_pct": 0.3,
        "ano_saturacao": 0,
        "status": "normal"
      }
    },
    {
      "type": "Feature",
      "geometry": {
        "type": "LineString",
        "coordinates": [
          [
            -53.68416966799572,
            -27.656495273837777
          ],
          [
            -53.685440041324796,
            -27.657481123255195
          ]
        ]
      },
      "properties": {
        "nome": "sbt_28637",
        "is_switch": false,
        "normAmps": 216.3,
        "length_m": 53.2,
        "kVBase": 0.219,
        "max_loading_pct": 0.0,
        "ano_saturacao": 0,
        "status": "normal"
      }
    },
    {
      "type": "Feature",
      "geometry": {
        "type": "LineString",
        "coordinates": [
          [
            -53.60895455840608,
            -27.77264211893862
          ],
          [
            -53.60887514916874,
            -27.773139843329034
          ]
        ]
      },
      "properties": {
        "nome": "sbt_28453",
        "is_switch": false,
        "normAmps": 216.3,
        "length_m": 81.6,
        "kVBase": 0.219,
        "max_loading_pct": 1.1,
        "ano_saturacao": 0,
        "status": "normal"
      }
    },
    {
      "type": "Feature",
      "geometry": {
        "type": "LineString",
        "coordinates": [
          [
            -53.603670764394224,
            -27.661342923636994
          ],
          [
            -53.602690215580935,
            -27.66144255413053
          ]
        ]
      },
      "properties": {
        "nome": "sbt_28279",
        "is_switch": false,
        "normAmps": 216.3,
        "length_m": 67.2,
        "kVBase": 0.219,
        "max_loading_pct": 6.2,
        "ano_saturacao": 0,
        "status": "normal"
      }
    },
    {
      "type": "Feature",
      "geometry": {
        "type": "LineString",
        "coordinates": [
          [
            -53.7133785068126,
            -27.681819168219988
          ],
          [
            -53.71138855263956,
            -27.682083705598473
          ]
        ]
      },
      "properties": {
        "nome": "sbt_27937",
        "is_switch": false,
        "normAmps": 216.3,
        "length_m": 87.0,
        "kVBase": 0.219,
        "max_loading_pct": 0.0,
        "ano_saturacao": 0,
        "status": "normal"
      }
    },
    {
      "type": "Feature",
      "geometry": {
        "type": "LineString",
        "coordinates": [
          [
            -53.58247095137324,
            -27.67808853126064
          ],
          [
            -53.58295895049514,
            -27.677723040485887
          ]
        ]
      },
      "properties": {
        "nome": "sbt_27826",
        "is_switch": false,
        "normAmps": 163.8,
        "length_m": 77.5,
        "kVBase": 0.219,
        "max_loading_pct": 0.4,
        "ano_saturacao": 0,
        "status": "normal"
      }
    },
    {
      "type": "Feature",
      "geometry": {
        "type": "LineString",
        "coordinates": [
          [
            -53.585984328314055,
            -27.683535676330337
          ],
          [
            -53.58484231342197,
            -27.683674295132562
          ]
        ]
      },
      "properties": {
        "nome": "sbt_27797",
        "is_switch": false,
        "normAmps": 216.3,
        "length_m": 73.5,
        "kVBase": 0.219,
        "max_loading_pct": 0.9,
        "ano_saturacao": 0,
        "status": "normal"
      }
    },
    {
      "type": "Feature",
      "geometry": {
        "type": "LineString",
        "coordinates": [
          [
            -53.58619991109697,
            -27.69611795797732
          ],
          [
            -53.58574370211011,
            -27.696974591004505
          ]
        ]
      },
      "properties": {
        "nome": "sbt_27518",
        "is_switch": false,
        "normAmps": 216.3,
        "length_m": 106.0,
        "kVBase": 0.219,
        "max_loading_pct": 1.7,
        "ano_saturacao": 0,
        "status": "normal"
      }
    },
    {
      "type": "Feature",
      "geometry": {
        "type": "LineString",
        "coordinates": [
          [
            -53.6579245242973,
            -27.68780247020777
          ],
          [
            -53.65751268606158,
            -27.687963934487925
          ]
        ]
      },
      "properties": {
        "nome": "sbt_27416",
        "is_switch": false,
        "normAmps": 216.3,
        "length_m": 44.4,
        "kVBase": 0.219,
        "max_loading_pct": 3.7,
        "ano_saturacao": 0,
        "status": "normal"
      }
    },
    {
      "type": "Feature",
      "geometry": {
        "type": "LineString",
        "coordinates": [
          [
            -53.72768955343008,
            -27.64026282207152
          ],
          [
            -53.72791035587818,
            -27.63977129311064
          ]
        ]
      },
      "properties": {
        "nome": "sbt_27354",
        "is_switch": false,
        "normAmps": 163.8,
        "length_m": 104.1,
        "kVBase": 0.219,
        "max_loading_pct": 1.2,
        "ano_saturacao": 0,
        "status": "normal"
      }
    },
    {
      "type": "Feature",
      "geometry": {
        "type": "LineString",
        "coordinates": [
          [
            -53.596523966307984,
            -27.64835845527847
          ],
          [
            -53.59692564849985,
            -27.64906370002967
          ]
        ]
      },
      "properties": {
        "nome": "sbt_27288",
        "is_switch": false,
        "normAmps": 216.3,
        "length_m": 78.7,
        "kVBase": 0.127,
        "max_loading_pct": 0.0,
        "ano_saturacao": 0,
        "status": "normal"
      }
    },
    {
      "type": "Feature",
      "geometry": {
        "type": "LineString",
        "coordinates": [
          [
            -53.67252651868387,
            -27.656864746810584
          ],
          [
            -53.672366198341365,
            -27.657355033807733
          ]
        ]
      },
      "properties": {
        "nome": "sbt_26790",
        "is_switch": false,
        "normAmps": 216.3,
        "length_m": 31.8,
        "kVBase": 0.219,
        "max_loading_pct": 2.2,
        "ano_saturacao": 0,
        "status": "normal"
      }
    },
    {
      "type": "Feature",
      "geometry": {
        "type": "LineString",
        "coordinates": [
          [
            -53.7116273019584,
            -27.685182572417716
          ],
          [
            -53.71138855263956,
            -27.682083705598473
          ]
        ]
      },
      "properties": {
        "nome": "sbt_26794",
        "is_switch": false,
        "normAmps": 216.3,
        "length_m": 168.3,
        "kVBase": 0.219,
        "max_loading_pct": 0.4,
        "ano_saturacao": 0,
        "status": "normal"
      }
    },
    {
      "type": "Feature",
      "geometry": {
        "type": "LineString",
        "coordinates": [
          [
            -53.5906368234306,
            -27.65005660732652
          ],
          [
            -53.58995919865805,
            -27.650538444293716
          ]
        ]
      },
      "properties": {
        "nome": "sbt_26614",
        "is_switch": false,
        "normAmps": 162.75,
        "length_m": 85.6,
        "kVBase": 0.219,
        "max_loading_pct": 2.4,
        "ano_saturacao": 0,
        "status": "normal"
      }
    },
    {
      "type": "Feature",
      "geometry": {
        "type": "LineString",
        "coordinates": [
          [
            -53.60076900558511,
            -27.656480221884692
          ],
          [
            -53.60050109664826,
            -27.65671983455269
          ]
        ]
      },
      "properties": {
        "nome": "sbt_26496",
        "is_switch": false,
        "normAmps": 216.3,
        "length_m": 119.6,
        "kVBase": 0.219,
        "max_loading_pct": 0.0,
        "ano_saturacao": 0,
        "status": "normal"
      }
    },
    {
      "type": "Feature",
      "geometry": {
        "type": "LineString",
        "coordinates": [
          [
            -53.58995919865805,
            -27.650538444293716
          ],
          [
            -53.5906368234306,
            -27.65005660732652
          ]
        ]
      },
      "properties": {
        "nome": "sbt_26512",
        "is_switch": false,
        "normAmps": 162.75,
        "length_m": 31.0,
        "kVBase": 0.219,
        "max_loading_pct": 2.4,
        "ano_saturacao": 0,
        "status": "normal"
      }
    },
    {
      "type": "Feature",
      "geometry": {
        "type": "LineString",
        "coordinates": [
          [
            -53.599627106705555,
            -27.657467054261076
          ],
          [
            -53.59893093251651,
            -27.658021462920146
          ]
        ]
      },
      "properties": {
        "nome": "sbt_26470",
        "is_switch": false,
        "normAmps": 216.3,
        "length_m": 64.9,
        "kVBase": 0.219,
        "max_loading_pct": 0.0,
        "ano_saturacao": 0,
        "status": "normal"
      }
    },
    {
      "type": "Feature",
      "geometry": {
        "type": "LineString",
        "coordinates": [
          [
            -53.586187271125596,
            -27.698590341770796
          ],
          [
            -53.5860189099447,
            -27.697898759520115
          ]
        ]
      },
      "properties": {
        "nome": "sbt_26310",
        "is_switch": false,
        "normAmps": 163.8,
        "length_m": 46.3,
        "kVBase": 0.219,
        "max_loading_pct": 2.9,
        "ano_saturacao": 0,
        "status": "normal"
      }
    },
    {
      "type": "Feature",
      "geometry": {
        "type": "LineString",
        "coordinates": [
          [
            -53.64824647909171,
            -27.71384606594313
          ],
          [
            -53.64746231163633,
            -27.713698676952333
          ]
        ]
      },
      "properties": {
        "nome": "sbt_26269",
        "is_switch": false,
        "normAmps": 216.3,
        "length_m": 79.1,
        "kVBase": 0.219,
        "max_loading_pct": 4.1,
        "ano_saturacao": 0,
        "status": "normal"
      }
    },
    {
      "type": "Feature",
      "geometry": {
        "type": "LineString",
        "coordinates": [
          [
            -53.5792722310286,
            -27.705405035513934
          ],
          [
            -53.57868829402952,
            -27.705145245656524
          ]
        ]
      },
      "properties": {
        "nome": "sbt_26027",
        "is_switch": false,
        "normAmps": 163.8,
        "length_m": 64.4,
        "kVBase": 0.219,
        "max_loading_pct": 1.0,
        "ano_saturacao": 0,
        "status": "normal"
      }
    },
    {
      "type": "Feature",
      "geometry": {
        "type": "LineString",
        "coordinates": [
          [
            -53.58250808168259,
            -27.70463190633734
          ],
          [
            -53.5792722310286,
            -27.705405035513934
          ]
        ]
      },
      "properties": {
        "nome": "sbt_26028",
        "is_switch": false,
        "normAmps": 163.8,
        "length_m": 126.2,
        "kVBase": 0.219,
        "max_loading_pct": 0.0,
        "ano_saturacao": 0,
        "status": "normal"
      }
    },
    {
      "type": "Feature",
      "geometry": {
        "type": "LineString",
        "coordinates": [
          [
            -53.619471934582066,
            -27.844449148709202
          ],
          [
            -53.61859769552717,
            -27.844393574204048
          ]
        ]
      },
      "properties": {
        "nome": "sbt_26034",
        "is_switch": false,
        "normAmps": 216.3,
        "length_m": 98.6,
        "kVBase": 0.219,
        "max_loading_pct": 0.0,
        "ano_saturacao": 0,
        "status": "normal"
      }
    },
    {
      "type": "Feature",
      "geometry": {
        "type": "LineString",
        "coordinates": [
          [
            -53.65933144618924,
            -27.871422361952398
          ],
          [
            -53.65921092444455,
            -27.871133441255267
          ]
        ]
      },
      "properties": {
        "nome": "sbt_25976",
        "is_switch": false,
        "normAmps": 216.3,
        "length_m": 87.0,
        "kVBase": 0.219,
        "max_loading_pct": 0.0,
        "ano_saturacao": 0,
        "status": "normal"
      }
    },
    {
      "type": "Feature",
      "geometry": {
        "type": "LineString",
        "coordinates": [
          [
            -53.61760106233913,
            -27.84431325125547
          ],
          [
            -53.61440998892982,
            -27.844148228357994
          ]
        ]
      },
      "properties": {
        "nome": "sbt_25935",
        "is_switch": false,
        "normAmps": 216.3,
        "length_m": 94.3,
        "kVBase": 0.219,
        "max_loading_pct": 0.0,
        "ano_saturacao": 0,
        "status": "normal"
      }
    },
    {
      "type": "Feature",
      "geometry": {
        "type": "LineString",
        "coordinates": [
          [
            -53.61248272379862,
            -27.842506626579507
          ],
          [
            -53.61216780280182,
            -27.84291858982101
          ]
        ]
      },
      "properties": {
        "nome": "sbt_25939",
        "is_switch": false,
        "normAmps": 216.3,
        "length_m": 135.2,
        "kVBase": 0.219,
        "max_loading_pct": 0.6,
        "ano_saturacao": 0,
        "status": "normal"
      }
    },
    {
      "type": "Feature",
      "geometry": {
        "type": "LineString",
        "coordinates": [
          [
            -53.6133647941499,
            -27.84415901662527
          ],
          [
            -53.61440998892982,
            -27.844148228357994
          ]
        ]
      },
      "properties": {
        "nome": "sbt_25895",
        "is_switch": false,
        "normAmps": 216.3,
        "length_m": 116.2,
        "kVBase": 0.219,
        "max_loading_pct": 0.6,
        "ano_saturacao": 0,
        "status": "normal"
      }
    },
    {
      "type": "Feature",
      "geometry": {
        "type": "LineString",
        "coordinates": [
          [
            -53.7109229160597,
            -27.681695859476292
          ],
          [
            -53.71138855263956,
            -27.682083705598473
          ]
        ]
      },
      "properties": {
        "nome": "sbt_25906",
        "is_switch": false,
        "normAmps": 216.3,
        "length_m": 116.0,
        "kVBase": 0.219,
        "max_loading_pct": 0.0,
        "ano_saturacao": 0,
        "status": "normal"
      }
    },
    {
      "type": "Feature",
      "geometry": {
        "type": "LineString",
        "coordinates": [
          [
            -53.7085256391469,
            -27.708961382961434
          ],
          [
            -53.70877169545736,
            -27.708587406183824
          ]
        ]
      },
      "properties": {
        "nome": "sbt_25907",
        "is_switch": false,
        "normAmps": 216.3,
        "length_m": 60.3,
        "kVBase": 0.219,
        "max_loading_pct": 4.8,
        "ano_saturacao": 0,
        "status": "normal"
      }
    },
    {
      "type": "Feature",
      "geometry": {
        "type": "LineString",
        "coordinates": [
          [
            -53.68646994403264,
            -27.65194867209351
          ],
          [
            -53.687017887465515,
            -27.651568141056828
          ]
        ]
      },
      "properties": {
        "nome": "sbt_25781",
        "is_switch": false,
        "normAmps": 216.3,
        "length_m": 68.6,
        "kVBase": 0.219,
        "max_loading_pct": 0.0,
        "ano_saturacao": 0,
        "status": "normal"
      }
    },
    {
      "type": "Feature",
      "geometry": {
        "type": "LineString",
        "coordinates": [
          [
            -53.68530616374841,
            -27.656978482271086
          ],
          [
            -53.685440041324796,
            -27.657481123255195
          ]
        ]
      },
      "properties": {
        "nome": "sbt_25782",
        "is_switch": false,
        "normAmps": 216.3,
        "length_m": 57.3,
        "kVBase": 0.219,
        "max_loading_pct": 1.8,
        "ano_saturacao": 0,
        "status": "normal"
      }
    },
    {
      "type": "Feature",
      "geometry": {
        "type": "LineString",
        "coordinates": [
          [
            -53.58038549549417,
            -27.684650662098306
          ],
          [
            -53.581941485411164,
            -27.686597571120956
          ]
        ]
      },
      "properties": {
        "nome": "sbt_25580",
        "is_switch": false,
        "normAmps": 216.3,
        "length_m": 129.1,
        "kVBase": 0.219,
        "max_loading_pct": 0.0,
        "ano_saturacao": 0,
        "status": "normal"
      }
    },
    {
      "type": "Feature",
      "geometry": {
        "type": "LineString",
        "coordinates": [
          [
            -53.58091474202166,
            -27.683882909068927
          ],
          [
            -53.580101991413756,
            -27.68423189008962
          ]
        ]
      },
      "properties": {
        "nome": "sbt_25581",
        "is_switch": false,
        "normAmps": 216.3,
        "length_m": 54.2,
        "kVBase": 0.219,
        "max_loading_pct": 0.0,
        "ano_saturacao": 0,
        "status": "normal"
      }
    },
    {
      "type": "Feature",
      "geometry": {
        "type": "LineString",
        "coordinates": [
          [
            -53.596346824146565,
            -27.814481449359334
          ],
          [
            -53.595683952752154,
            -27.81391649255204
          ]
        ]
      },
      "properties": {
        "nome": "sbt_25351",
        "is_switch": false,
        "normAmps": 163.8,
        "length_m": 81.3,
        "kVBase": 0.219,
        "max_loading_pct": 0.4,
        "ano_saturacao": 0,
        "status": "normal"
      }
    },
    {
      "type": "Feature",
      "geometry": {
        "type": "LineString",
        "coordinates": [
          [
            -53.57331271071297,
            -27.717976030669263
          ],
          [
            -53.57262504590909,
            -27.717618900891523
          ]
        ]
      },
      "properties": {
        "nome": "sbt_25244",
        "is_switch": false,
        "normAmps": 216.3,
        "length_m": 78.5,
        "kVBase": 0.219,
        "max_loading_pct": 0.0,
        "ano_saturacao": 0,
        "status": "normal"
      }
    },
    {
      "type": "Feature",
      "geometry": {
        "type": "LineString",
        "coordinates": [
          [
            -53.76549842101525,
            -27.674138806860412
          ],
          [
            -53.76359446271425,
            -27.672976934937537
          ]
        ]
      },
      "properties": {
        "nome": "sbt_24981",
        "is_switch": false,
        "normAmps": 163.8,
        "length_m": 100.6,
        "kVBase": 0.219,
        "max_loading_pct": 1.2,
        "ano_saturacao": 0,
        "status": "normal"
      }
    },
    {
      "type": "Feature",
      "geometry": {
        "type": "LineString",
        "coordinates": [
          [
            -53.76297274249805,
            -27.671627062438915
          ],
          [
            -53.76374847880919,
            -27.672252123636554
          ]
        ]
      },
      "properties": {
        "nome": "sbt_24982",
        "is_switch": false,
        "normAmps": 163.8,
        "length_m": 81.8,
        "kVBase": 0.219,
        "max_loading_pct": 0.0,
        "ano_saturacao": 0,
        "status": "normal"
      }
    },
    {
      "type": "Feature",
      "geometry": {
        "type": "LineString",
        "coordinates": [
          [
            -53.76231228218603,
            -27.67115306666068
          ],
          [
            -53.76297274249805,
            -27.671627062438915
          ]
        ]
      },
      "properties": {
        "nome": "sbt_24966",
        "is_switch": false,
        "normAmps": 163.8,
        "length_m": 103.3,
        "kVBase": 0.219,
        "max_loading_pct": 0.0,
        "ano_saturacao": 0,
        "status": "normal"
      }
    },
    {
      "type": "Feature",
      "geometry": {
        "type": "LineString",
        "coordinates": [
          [
            -53.758833741384024,
            -27.668218177726658
          ],
          [
            -53.75818510086168,
            -27.66821305518829
          ]
        ]
      },
      "properties": {
        "nome": "sbt_24835",
        "is_switch": false,
        "normAmps": 163.8,
        "length_m": 139.6,
        "kVBase": 0.219,
        "max_loading_pct": 1.3,
        "ano_saturacao": 0,
        "status": "normal"
      }
    },
    {
      "type": "Feature",
      "geometry": {
        "type": "LineString",
        "coordinates": [
          [
            -53.59001488018254,
            -27.694662270347465
          ],
          [
            -53.59096258575471,
            -27.694341685420397
          ]
        ]
      },
      "properties": {
        "nome": "sbt_24791",
        "is_switch": false,
        "normAmps": 163.8,
        "length_m": 72.2,
        "kVBase": 0.219,
        "max_loading_pct": 15.6,
        "ano_saturacao": 0,
        "status": "normal"
      }
    },
    {
      "type": "Feature",
      "geometry": {
        "type": "LineString",
        "coordinates": [
          [
            -53.58675810680114,
            -27.721487597274745
          ],
          [
            -53.587148198530485,
            -27.722120892665032
          ]
        ]
      },
      "properties": {
        "nome": "sbt_24630",
        "is_switch": false,
        "normAmps": 286.65,
        "length_m": 80.1,
        "kVBase": 0.219,
        "max_loading_pct": 0.9,
        "ano_saturacao": 0,
        "status": "normal"
      }
    },
    {
      "type": "Feature",
      "geometry": {
        "type": "LineString",
        "coordinates": [
          [
            -53.587148198530485,
            -27.722120892665032
          ],
          [
            -53.584532369273404,
            -27.72040140330205
          ]
        ]
      },
      "properties": {
        "nome": "sbt_24513",
        "is_switch": false,
        "normAmps": 286.65,
        "length_m": 149.0,
        "kVBase": 0.219,
        "max_loading_pct": 0.9,
        "ano_saturacao": 0,
        "status": "normal"
      }
    },
    {
      "type": "Feature",
      "geometry": {
        "type": "LineString",
        "coordinates": [
          [
            -53.73937630457277,
            -27.659609686337888
          ],
          [
            -53.73909994290801,
            -27.659497868231995
          ]
        ]
      },
      "properties": {
        "nome": "sbt_24012",
        "is_switch": false,
        "normAmps": 163.8,
        "length_m": 100.2,
        "kVBase": 0.219,
        "max_loading_pct": 0.0,
        "ano_saturacao": 0,
        "status": "normal"
      }
    },
    {
      "type": "Feature",
      "geometry": {
        "type": "LineString",
        "coordinates": [
          [
            -53.66746545976309,
            -27.678344746312973
          ],
          [
            -53.66723629811662,
            -27.67767250218418
          ]
        ]
      },
      "properties": {
        "nome": "sbt_22959",
        "is_switch": false,
        "normAmps": 163.8,
        "length_m": 64.8,
        "kVBase": 0.219,
        "max_loading_pct": 0.0,
        "ano_saturacao": 0,
        "status": "normal"
      }
    },
    {
      "type": "Feature",
      "geometry": {
        "type": "LineString",
        "coordinates": [
          [
            -53.70460658162841,
            -27.647039682235516
          ],
          [
            -53.705269017750936,
            -27.64719816796105
          ]
        ]
      },
      "properties": {
        "nome": "sbt_22971",
        "is_switch": false,
        "normAmps": 163.8,
        "length_m": 52.8,
        "kVBase": 0.219,
        "max_loading_pct": 0.4,
        "ano_saturacao": 0,
        "status": "normal"
      }
    },
    {
      "type": "Feature",
      "geometry": {
        "type": "LineString",
        "coordinates": [
          [
            -53.68899809748416,
            -27.61530609030376
          ],
          [
            -53.68934559192547,
            -27.615019667023944
          ]
        ]
      },
      "properties": {
        "nome": "sbt_22840",
        "is_switch": false,
        "normAmps": 163.8,
        "length_m": 46.8,
        "kVBase": 0.219,
        "max_loading_pct": 56.9,
        "ano_saturacao": 0,
        "status": "normal"
      }
    },
    {
      "type": "Feature",
      "geometry": {
        "type": "LineString",
        "coordinates": [
          [
            -53.70732372940654,
            -27.648763946998486
          ],
          [
            -53.70720383179139,
            -27.647187442646327
          ]
        ]
      },
      "properties": {
        "nome": "sbt_22849",
        "is_switch": false,
        "normAmps": 163.8,
        "length_m": 80.8,
        "kVBase": 0.219,
        "max_loading_pct": 0.0,
        "ano_saturacao": 0,
        "status": "normal"
      }
    },
    {
      "type": "Feature",
      "geometry": {
        "type": "LineString",
        "coordinates": [
          [
            -53.683523711949704,
            -27.636271253115808
          ],
          [
            -53.6844609889834,
            -27.636072659425622
          ]
        ]
      },
      "properties": {
        "nome": "sbt_22826",
        "is_switch": false,
        "normAmps": 216.3,
        "length_m": 98.8,
        "kVBase": 0.219,
        "max_loading_pct": 1.8,
        "ano_saturacao": 0,
        "status": "normal"
      }
    },
    {
      "type": "Feature",
      "geometry": {
        "type": "LineString",
        "coordinates": [
          [
            -53.69610520129396,
            -27.64905488667364
          ],
          [
            -53.69544160684461,
            -27.648436256527987
          ]
        ]
      },
      "properties": {
        "nome": "sbt_22794",
        "is_switch": false,
        "normAmps": 163.8,
        "length_m": 147.8,
        "kVBase": 0.219,
        "max_loading_pct": 0.0,
        "ano_saturacao": 0,
        "status": "normal"
      }
    },
    {
      "type": "Feature",
      "geometry": {
        "type": "LineString",
        "coordinates": [
          [
            -53.68567124982826,
            -27.637510789591204
          ],
          [
            -53.68506589457536,
            -27.63678270835527
          ]
        ]
      },
      "properties": {
        "nome": "sbt_22795",
        "is_switch": false,
        "normAmps": 216.3,
        "length_m": 80.8,
        "kVBase": 0.219,
        "max_loading_pct": 0.0,
        "ano_saturacao": 0,
        "status": "normal"
      }
    },
    {
      "type": "Feature",
      "geometry": {
        "type": "LineString",
        "coordinates": [
          [
            -53.65274967415809,
            -27.676729757272426
          ],
          [
            -53.65371327165013,
            -27.67500014603985
          ]
        ]
      },
      "properties": {
        "nome": "sbt_22747",
        "is_switch": false,
        "normAmps": 216.3,
        "length_m": 94.8,
        "kVBase": 0.219,
        "max_loading_pct": 0.0,
        "ano_saturacao": 0,
        "status": "normal"
      }
    },
    {
      "type": "Feature",
      "geometry": {
        "type": "LineString",
        "coordinates": [
          [
            -53.654296731109184,
            -27.67440252045992
          ],
          [
            -53.65447787345505,
            -27.674768957321476
          ]
        ]
      },
      "properties": {
        "nome": "sbt_22748",
        "is_switch": false,
        "normAmps": 216.3,
        "length_m": 79.7,
        "kVBase": 0.219,
        "max_loading_pct": 9.0,
        "ano_saturacao": 0,
        "status": "normal"
      }
    },
    {
      "type": "Feature",
      "geometry": {
        "type": "LineString",
        "coordinates": [
          [
            -53.70925376984559,
            -27.609913606927364
          ],
          [
            -53.710690025823965,
            -27.609425418048545
          ]
        ]
      },
      "properties": {
        "nome": "sbt_22728",
        "is_switch": false,
        "normAmps": 163.8,
        "length_m": 84.4,
        "kVBase": 0.219,
        "max_loading_pct": 0.0,
        "ano_saturacao": 0,
        "status": "normal"
      }
    },
    {
      "type": "Feature",
      "geometry": {
        "type": "LineString",
        "coordinates": [
          [
            -53.682365427422496,
            -27.636546294575794
          ],
          [
            -53.68296944448423,
            -27.636390249610315
          ]
        ]
      },
      "properties": {
        "nome": "sbt_22686",
        "is_switch": false,
        "normAmps": 216.3,
        "length_m": 56.3,
        "kVBase": 0.219,
        "max_loading_pct": 1.2,
        "ano_saturacao": 0,
        "status": "normal"
      }
    },
    {
      "type": "Feature",
      "geometry": {
        "type": "LineString",
        "coordinates": [
          [
            -53.68296944448423,
            -27.636390249610315
          ],
          [
            -53.682365427422496,
            -27.636546294575794
          ]
        ]
      },
      "properties": {
        "nome": "sbt_22687",
        "is_switch": false,
        "normAmps": 216.3,
        "length_m": 62.1,
        "kVBase": 0.219,
        "max_loading_pct": 1.2,
        "ano_saturacao": 0,
        "status": "normal"
      }
    },
    {
      "type": "Feature",
      "geometry": {
        "type": "LineString",
        "coordinates": [
          [
            -53.68552792307514,
            -27.652372929067383
          ],
          [
            -53.68547996133111,
            -27.65331215403262
          ]
        ]
      },
      "properties": {
        "nome": "sbt_22703",
        "is_switch": false,
        "normAmps": 216.3,
        "length_m": 78.1,
        "kVBase": 0.219,
        "max_loading_pct": 0.2,
        "ano_saturacao": 0,
        "status": "normal"
      }
    },
    {
      "type": "Feature",
      "geometry": {
        "type": "LineString",
        "coordinates": [
          [
            -53.687017887465515,
            -27.651568141056828
          ],
          [
            -53.68646994403264,
            -27.65194867209351
          ]
        ]
      },
      "properties": {
        "nome": "sbt_22706",
        "is_switch": false,
        "normAmps": 216.3,
        "length_m": 104.2,
        "kVBase": 0.219,
        "max_loading_pct": 0.0,
        "ano_saturacao": 0,
        "status": "normal"
      }
    },
    {
      "type": "Feature",
      "geometry": {
        "type": "LineString",
        "coordinates": [
          [
            -53.70704580831733,
            -27.6473529259967
          ],
          [
            -53.70720383179139,
            -27.647187442646327
          ]
        ]
      },
      "properties": {
        "nome": "sbt_22709",
        "is_switch": false,
        "normAmps": 163.8,
        "length_m": 24.1,
        "kVBase": 0.219,
        "max_loading_pct": 0.0,
        "ano_saturacao": 0,
        "status": "normal"
      }
    },
    {
      "type": "Feature",
      "geometry": {
        "type": "LineString",
        "coordinates": [
          [
            -53.66188694262826,
            -27.65725907254813
          ],
          [
            -53.66202224652943,
            -27.65657078811131
          ]
        ]
      },
      "properties": {
        "nome": "sbt_22669",
        "is_switch": false,
        "normAmps": 216.3,
        "length_m": 93.0,
        "kVBase": 0.219,
        "max_loading_pct": 3.1,
        "ano_saturacao": 0,
        "status": "normal"
      }
    },
    {
      "type": "Feature",
      "geometry": {
        "type": "LineString",
        "coordinates": [
          [
            -53.69433549918392,
            -27.647537523537835
          ],
          [
            -53.6930699983817,
            -27.64633512906289
          ]
        ]
      },
      "properties": {
        "nome": "sbt_22680",
        "is_switch": false,
        "normAmps": 163.8,
        "length_m": 128.5,
        "kVBase": 0.219,
        "max_loading_pct": 0.0,
        "ano_saturacao": 0,
        "status": "normal"
      }
    },
    {
      "type": "Feature",
      "geometry": {
        "type": "LineString",
        "coordinates": [
          [
            -53.68296944448423,
            -27.636390249610315
          ],
          [
            -53.683523711949704,
            -27.636271253115808
          ]
        ]
      },
      "properties": {
        "nome": "sbt_22685",
        "is_switch": false,
        "normAmps": 216.3,
        "length_m": 95.1,
        "kVBase": 0.219,
        "max_loading_pct": 1.2,
        "ano_saturacao": 0,
        "status": "normal"
      }
    },
    {
      "type": "Feature",
      "geometry": {
        "type": "LineString",
        "coordinates": [
          [
            -53.72791035587818,
            -27.63977129311064
          ],
          [
            -53.72768955343008,
            -27.64026282207152
          ]
        ]
      },
      "properties": {
        "nome": "sbt_22586",
        "is_switch": false,
        "normAmps": 163.8,
        "length_m": 58.7,
        "kVBase": 0.219,
        "max_loading_pct": 1.2,
        "ano_saturacao": 0,
        "status": "normal"
      }
    },
    {
      "type": "Feature",
      "geometry": {
        "type": "LineString",
        "coordinates": [
          [
            -53.68416966799572,
            -27.656495273837777
          ],
          [
            -53.683540124577064,
            -27.656209741786085
          ]
        ]
      },
      "properties": {
        "nome": "sbt_22089",
        "is_switch": false,
        "normAmps": 216.3,
        "length_m": 69.8,
        "kVBase": 0.219,
        "max_loading_pct": 0.0,
        "ano_saturacao": 0,
        "status": "normal"
      }
    },
    {
      "type": "Feature",
      "geometry": {
        "type": "LineString",
        "coordinates": [
          [
            -53.688535400788055,
            -27.644023321918723
          ],
          [
            -53.690885643157856,
            -27.64484381838747
          ]
        ]
      },
      "properties": {
        "nome": "sbt_22095",
        "is_switch": false,
        "normAmps": 163.8,
        "length_m": 86.9,
        "kVBase": 0.219,
        "max_loading_pct": 0.0,
        "ano_saturacao": 0,
        "status": "normal"
      }
    },
    {
      "type": "Feature",
      "geometry": {
        "type": "LineString",
        "coordinates": [
          [
            -53.6930699983817,
            -27.64633512906289
          ],
          [
            -53.69240728257,
            -27.64533753899616
          ]
        ]
      },
      "properties": {
        "nome": "sbt_22096",
        "is_switch": false,
        "normAmps": 163.8,
        "length_m": 79.5,
        "kVBase": 0.219,
        "max_loading_pct": 0.9,
        "ano_saturacao": 0,
        "status": "normal"
      }
    },
    {
      "type": "Feature",
      "geometry": {
        "type": "LineString",
        "coordinates": [
          [
            -53.64915998164781,
            -27.663048555346506
          ],
          [
            -53.65012954794025,
            -27.663314567613156
          ]
        ]
      },
      "properties": {
        "nome": "sbt_22076",
        "is_switch": false,
        "normAmps": 163.8,
        "length_m": 106.3,
        "kVBase": 0.219,
        "max_loading_pct": 0.5,
        "ano_saturacao": 0,
        "status": "normal"
      }
    },
    {
      "type": "Feature",
      "geometry": {
        "type": "LineString",
        "coordinates": [
          [
            -53.72873141891978,
            -27.643463127021676
          ],
          [
            -53.72830282361639,
            -27.642930253528334
          ]
        ]
      },
      "properties": {
        "nome": "sbt_21951",
        "is_switch": false,
        "normAmps": 163.8,
        "length_m": 105.2,
        "kVBase": 0.219,
        "max_loading_pct": 0.0,
        "ano_saturacao": 0,
        "status": "normal"
      }
    },
    {
      "type": "Feature",
      "geometry": {
        "type": "LineString",
        "coordinates": [
          [
            -53.72691678398235,
            -27.629938921543953
          ],
          [
            -53.72658595128058,
            -27.62762679603975
          ]
        ]
      },
      "properties": {
        "nome": "sbt_21952",
        "is_switch": false,
        "normAmps": 216.3,
        "length_m": 91.6,
        "kVBase": 0.219,
        "max_loading_pct": 4.5,
        "ano_saturacao": 0,
        "status": "normal"
      }
    },
    {
      "type": "Feature",
      "geometry": {
        "type": "LineString",
        "coordinates": [
          [
            -53.726570383116666,
            -27.62622719822656
          ],
          [
            -53.72648751598604,
            -27.626925022671628
          ]
        ]
      },
      "properties": {
        "nome": "sbt_21953",
        "is_switch": false,
        "normAmps": 163.8,
        "length_m": 78.4,
        "kVBase": 0.219,
        "max_loading_pct": 2.7,
        "ano_saturacao": 0,
        "status": "normal"
      }
    },
    {
      "type": "Feature",
      "geometry": {
        "type": "LineString",
        "coordinates": [
          [
            -53.725945663661435,
            -27.62468019793272
          ],
          [
            -53.72625737227986,
            -27.625404843758474
          ]
        ]
      },
      "properties": {
        "nome": "sbt_21968",
        "is_switch": false,
        "normAmps": 163.8,
        "length_m": 96.3,
        "kVBase": 0.219,
        "max_loading_pct": 2.7,
        "ano_saturacao": 0,
        "status": "normal"
      }
    },
    {
      "type": "Feature",
      "geometry": {
        "type": "LineString",
        "coordinates": [
          [
            -53.726179032336404,
            -27.624287666342696
          ],
          [
            -53.725945663661435,
            -27.62468019793272
          ]
        ]
      },
      "properties": {
        "nome": "sbt_21969",
        "is_switch": false,
        "normAmps": 163.8,
        "length_m": 86.0,
        "kVBase": 0.219,
        "max_loading_pct": 0.0,
        "ano_saturacao": 0,
        "status": "normal"
      }
    },
    {
      "type": "Feature",
      "geometry": {
        "type": "LineString",
        "coordinates": [
          [
            -53.72625737227986,
            -27.625404843758474
          ],
          [
            -53.726570383116666,
            -27.62622719822656
          ]
        ]
      },
      "properties": {
        "nome": "sbt_21849",
        "is_switch": false,
        "normAmps": 163.8,
        "length_m": 77.8,
        "kVBase": 0.219,
        "max_loading_pct": 2.7,
        "ano_saturacao": 0,
        "status": "normal"
      }
    },
    {
      "type": "Feature",
      "geometry": {
        "type": "LineString",
        "coordinates": [
          [
            -53.72526444789594,
            -27.61926238874821
          ],
          [
            -53.724367978499345,
            -27.619054459195866
          ]
        ]
      },
      "properties": {
        "nome": "sbt_21855",
        "is_switch": false,
        "normAmps": 163.8,
        "length_m": 100.6,
        "kVBase": 0.219,
        "max_loading_pct": 0.0,
        "ano_saturacao": 0,
        "status": "normal"
      }
    },
    {
      "type": "Feature",
      "geometry": {
        "type": "LineString",
        "coordinates": [
          [
            -53.58295895049514,
            -27.677723040485887
          ],
          [
            -53.58477336689731,
            -27.677305726278178
          ]
        ]
      },
      "properties": {
        "nome": "sbt_21702",
        "is_switch": false,
        "normAmps": 163.8,
        "length_m": 129.0,
        "kVBase": 0.219,
        "max_loading_pct": 1.3,
        "ano_saturacao": 0,
        "status": "normal"
      }
    },
    {
      "type": "Feature",
      "geometry": {
        "type": "LineString",
        "coordinates": [
          [
            -53.58897057573142,
            -27.66318837474364
          ],
          [
            -53.58794755913249,
            -27.663207492531683
          ]
        ]
      },
      "properties": {
        "nome": "sbt_21666",
        "is_switch": false,
        "normAmps": 163.8,
        "length_m": 101.0,
        "kVBase": 0.219,
        "max_loading_pct": 0.0,
        "ano_saturacao": 0,
        "status": "normal"
      }
    },
    {
      "type": "Feature",
      "geometry": {
        "type": "LineString",
        "coordinates": [
          [
            -53.591804846716286,
            -27.660482767965334
          ],
          [
            -53.59109729250599,
            -27.661416294826097
          ]
        ]
      },
      "properties": {
        "nome": "sbt_21667",
        "is_switch": false,
        "normAmps": 163.8,
        "length_m": 88.2,
        "kVBase": 0.219,
        "max_loading_pct": 0.0,
        "ano_saturacao": 0,
        "status": "normal"
      }
    },
    {
      "type": "Feature",
      "geometry": {
        "type": "LineString",
        "coordinates": [
          [
            -53.708993940418,
            -27.70986398573433
          ],
          [
            -53.7085256391469,
            -27.708961382961434
          ]
        ]
      },
      "properties": {
        "nome": "sbt_21361",
        "is_switch": false,
        "normAmps": 216.3,
        "length_m": 48.1,
        "kVBase": 0.219,
        "max_loading_pct": 4.8,
        "ano_saturacao": 0,
        "status": "normal"
      }
    },
    {
      "type": "Feature",
      "geometry": {
        "type": "LineString",
        "coordinates": [
          [
            -53.63911753474639,
            -27.852212495010576
          ],
          [
            -53.63851795134235,
            -27.852602897006022
          ]
        ]
      },
      "properties": {
        "nome": "sbt_21281",
        "is_switch": false,
        "normAmps": 163.8,
        "length_m": 73.2,
        "kVBase": 0.219,
        "max_loading_pct": 3.0,
        "ano_saturacao": 0,
        "status": "normal"
      }
    },
    {
      "type": "Feature",
      "geometry": {
        "type": "LineString",
        "coordinates": [
          [
            -53.58477336689731,
            -27.677305726278178
          ],
          [
            -53.58527230627186,
            -27.676114469007473
          ]
        ]
      },
      "properties": {
        "nome": "sbt_21191",
        "is_switch": false,
        "normAmps": 163.8,
        "length_m": 88.0,
        "kVBase": 0.219,
        "max_loading_pct": 2.9,
        "ano_saturacao": 0,
        "status": "normal"
      }
    },
    {
      "type": "Feature",
      "geometry": {
        "type": "LineString",
        "coordinates": [
          [
            -53.73690994174035,
            -27.654155117364724
          ],
          [
            -53.73648865972382,
            -27.654325832970756
          ]
        ]
      },
      "properties": {
        "nome": "sbt_21137",
        "is_switch": false,
        "normAmps": 163.8,
        "length_m": 45.7,
        "kVBase": 0.219,
        "max_loading_pct": 2.7,
        "ano_saturacao": 0,
        "status": "normal"
      }
    },
    {
      "type": "Feature",
      "geometry": {
        "type": "LineString",
        "coordinates": [
          [
            -53.5737515286101,
            -27.83610721367694
          ],
          [
            -53.57275894866649,
            -27.835764836378075
          ]
        ]
      },
      "properties": {
        "nome": "sbt_21141",
        "is_switch": false,
        "normAmps": 163.8,
        "length_m": 108.2,
        "kVBase": 0.219,
        "max_loading_pct": 0.0,
        "ano_saturacao": 0,
        "status": "normal"
      }
    },
    {
      "type": "Feature",
      "geometry": {
        "type": "LineString",
        "coordinates": [
          [
            -53.57522540502839,
            -27.836630067823307
          ],
          [
            -53.57462109568695,
            -27.836397745959175
          ]
        ]
      },
      "properties": {
        "nome": "sbt_21142",
        "is_switch": false,
        "normAmps": 163.8,
        "length_m": 91.6,
        "kVBase": 0.219,
        "max_loading_pct": 0.0,
        "ano_saturacao": 0,
        "status": "normal"
      }
    },
    {
      "type": "Feature",
      "geometry": {
        "type": "LineString",
        "coordinates": [
          [
            -53.60629316859479,
            -27.759718313449355
          ],
          [
            -53.60549526399518,
            -27.76028371991771
          ]
        ]
      },
      "properties": {
        "nome": "sbt_21147",
        "is_switch": false,
        "normAmps": 128.1,
        "length_m": 51.2,
        "kVBase": 0.219,
        "max_loading_pct": 2.2,
        "ano_saturacao": 0,
        "status": "normal"
      }
    },
    {
      "type": "Feature",
      "geometry": {
        "type": "LineString",
        "coordinates": [
          [
            -53.73299347426939,
            -27.68486162146661
          ],
          [
            -53.73278769499609,
            -27.685551343919315
          ]
        ]
      },
      "properties": {
        "nome": "sbt_21105",
        "is_switch": false,
        "normAmps": 163.8,
        "length_m": 97.0,
        "kVBase": 0.219,
        "max_loading_pct": 0.1,
        "ano_saturacao": 0,
        "status": "normal"
      }
    },
    {
      "type": "Feature",
      "geometry": {
        "type": "LineString",
        "coordinates": [
          [
            -53.73471550421709,
            -27.68523359455469
          ],
          [
            -53.73299347426939,
            -27.68486162146661
          ]
        ]
      },
      "properties": {
        "nome": "sbt_21106",
        "is_switch": false,
        "normAmps": 163.8,
        "length_m": 89.8,
        "kVBase": 0.219,
        "max_loading_pct": 0.0,
        "ano_saturacao": 0,
        "status": "normal"
      }
    },
    {
      "type": "Feature",
      "geometry": {
        "type": "LineString",
        "coordinates": [
          [
            -53.598562584595584,
            -27.74937995811854
          ],
          [
            -53.59901366474878,
            -27.748730891317564
          ]
        ]
      },
      "properties": {
        "nome": "sbt_21030",
        "is_switch": false,
        "normAmps": 163.8,
        "length_m": 130.2,
        "kVBase": 0.219,
        "max_loading_pct": 0.0,
        "ano_saturacao": 0,
        "status": "normal"
      }
    },
    {
      "type": "Feature",
      "geometry": {
        "type": "LineString",
        "coordinates": [
          [
            -53.7507505862705,
            -27.657417514206884
          ],
          [
            -53.75060545098074,
            -27.66011791031326
          ]
        ]
      },
      "properties": {
        "nome": "sbt_20870",
        "is_switch": false,
        "normAmps": 216.3,
        "length_m": 99.3,
        "kVBase": 0.219,
        "max_loading_pct": 1.9,
        "ano_saturacao": 0,
        "status": "normal"
      }
    },
    {
      "type": "Feature",
      "geometry": {
        "type": "LineString",
        "coordinates": [
          [
            -53.75070902230351,
            -27.65818519169318
          ],
          [
            -53.7507505862705,
            -27.657417514206884
          ]
        ]
      },
      "properties": {
        "nome": "sbt_20871",
        "is_switch": false,
        "normAmps": 216.3,
        "length_m": 85.2,
        "kVBase": 0.219,
        "max_loading_pct": 1.9,
        "ano_saturacao": 0,
        "status": "normal"
      }
    },
    {
      "type": "Feature",
      "geometry": {
        "type": "LineString",
        "coordinates": [
          [
            -53.71265524954009,
            -27.700517729209764
          ],
          [
            -53.711922895625094,
            -27.70041479910367
          ]
        ]
      },
      "properties": {
        "nome": "sbt_20845",
        "is_switch": false,
        "normAmps": 286.65,
        "length_m": 73.2,
        "kVBase": 0.219,
        "max_loading_pct": 0.5,
        "ano_saturacao": 0,
        "status": "normal"
      }
    },
    {
      "type": "Feature",
      "geometry": {
        "type": "LineString",
        "coordinates": [
          [
            -53.711922895625094,
            -27.70041479910367
          ],
          [
            -53.71182219673693,
            -27.701670818353534
          ]
        ]
      },
      "properties": {
        "nome": "sbt_20853",
        "is_switch": false,
        "normAmps": 286.65,
        "length_m": 85.5,
        "kVBase": 0.219,
        "max_loading_pct": 0.5,
        "ano_saturacao": 0,
        "status": "normal"
      }
    },
    {
      "type": "Feature",
      "geometry": {
        "type": "LineString",
        "coordinates": [
          [
            -53.728194781763705,
            -27.67039499483309
          ],
          [
            -53.73056110940763,
            -27.668977030165763
          ]
        ]
      },
      "properties": {
        "nome": "sbt_20854",
        "is_switch": false,
        "normAmps": 163.8,
        "length_m": 102.1,
        "kVBase": 0.219,
        "max_loading_pct": 3.5,
        "ano_saturacao": 0,
        "status": "normal"
      }
    },
    {
      "type": "Feature",
      "geometry": {
        "type": "LineString",
        "coordinates": [
          [
            -53.72781447285962,
            -27.669770956164655
          ],
          [
            -53.728194781763705,
            -27.67039499483309
          ]
        ]
      },
      "properties": {
        "nome": "sbt_20855",
        "is_switch": false,
        "normAmps": 163.8,
        "length_m": 73.8,
        "kVBase": 0.219,
        "max_loading_pct": 3.5,
        "ano_saturacao": 0,
        "status": "normal"
      }
    },
    {
      "type": "Feature",
      "geometry": {
        "type": "LineString",
        "coordinates": [
          [
            -53.73257535966508,
            -27.66766521697616
          ],
          [
            -53.73150848133133,
            -27.668362903824914
          ]
        ]
      },
      "properties": {
        "nome": "sbt_20856",
        "is_switch": false,
        "normAmps": 163.8,
        "length_m": 115.7,
        "kVBase": 0.219,
        "max_loading_pct": 0.0,
        "ano_saturacao": 0,
        "status": "normal"
      }
    },
    {
      "type": "Feature",
      "geometry": {
        "type": "LineString",
        "coordinates": [
          [
            -53.55190630363296,
            -27.796047399667714
          ],
          [
            -53.55106416857649,
            -27.795611838215734
          ]
        ]
      },
      "properties": {
        "nome": "sbt_20827",
        "is_switch": false,
        "normAmps": 163.8,
        "length_m": 96.0,
        "kVBase": 0.219,
        "max_loading_pct": 0.9,
        "ano_saturacao": 0,
        "status": "normal"
      }
    },
    {
      "type": "Feature",
      "geometry": {
        "type": "LineString",
        "coordinates": [
          [
            -53.58503140937199,
            -27.81229392582395
          ],
          [
            -53.58583334203507,
            -27.813163090004537
          ]
        ]
      },
      "properties": {
        "nome": "sbt_20828",
        "is_switch": false,
        "normAmps": 163.8,
        "length_m": 124.6,
        "kVBase": 0.219,
        "max_loading_pct": 3.4,
        "ano_saturacao": 0,
        "status": "normal"
      }
    },
    {
      "type": "Feature",
      "geometry": {
        "type": "LineString",
        "coordinates": [
          [
            -53.73299125923916,
            -27.668090058509335
          ],
          [
            -53.733623446664694,
            -27.668654979343785
          ]
        ]
      },
      "properties": {
        "nome": "sbt_20835",
        "is_switch": false,
        "normAmps": 163.8,
        "length_m": 88.4,
        "kVBase": 0.219,
        "max_loading_pct": 0.0,
        "ano_saturacao": 0,
        "status": "normal"
      }
    },
    {
      "type": "Feature",
      "geometry": {
        "type": "LineString",
        "coordinates": [
          [
            -53.7066106803386,
            -27.692579504340586
          ],
          [
            -53.70643811392779,
            -27.69380084033645
          ]
        ]
      },
      "properties": {
        "nome": "sbt_20840",
        "is_switch": false,
        "normAmps": 163.8,
        "length_m": 57.1,
        "kVBase": 0.219,
        "max_loading_pct": 4.5,
        "ano_saturacao": 0,
        "status": "normal"
      }
    },
    {
      "type": "Feature",
      "geometry": {
        "type": "LineString",
        "coordinates": [
          [
            -53.73499554500836,
            -27.662312594250807
          ],
          [
            -53.73557620487793,
            -27.66203047152902
          ]
        ]
      },
      "properties": {
        "nome": "sbt_20793",
        "is_switch": false,
        "normAmps": 163.8,
        "length_m": 99.5,
        "kVBase": 0.219,
        "max_loading_pct": 4.2,
        "ano_saturacao": 0,
        "status": "normal"
      }
    },
    {
      "type": "Feature",
      "geometry": {
        "type": "LineString",
        "coordinates": [
          [
            -53.73393048330513,
            -27.681793738989825
          ],
          [
            -53.733723589771785,
            -27.682438375730385
          ]
        ]
      },
      "properties": {
        "nome": "sbt_20802",
        "is_switch": false,
        "normAmps": 163.8,
        "length_m": 78.2,
        "kVBase": 0.219,
        "max_loading_pct": 0.1,
        "ano_saturacao": 0,
        "status": "normal"
      }
    },
    {
      "type": "Feature",
      "geometry": {
        "type": "LineString",
        "coordinates": [
          [
            -53.733723589771785,
            -27.682438375730385
          ],
          [
            -53.73393048330513,
            -27.681793738989825
          ]
        ]
      },
      "properties": {
        "nome": "sbt_20803",
        "is_switch": false,
        "normAmps": 163.8,
        "length_m": 74.3,
        "kVBase": 0.219,
        "max_loading_pct": 0.1,
        "ano_saturacao": 0,
        "status": "normal"
      }
    },
    {
      "type": "Feature",
      "geometry": {
        "type": "LineString",
        "coordinates": [
          [
            -53.71025177809702,
            -27.69185867164032
          ],
          [
            -53.709506353435415,
            -27.692044682915764
          ]
        ]
      },
      "properties": {
        "nome": "sbt_20804",
        "is_switch": false,
        "normAmps": 163.8,
        "length_m": 76.4,
        "kVBase": 0.219,
        "max_loading_pct": 0.0,
        "ano_saturacao": 0,
        "status": "normal"
      }
    },
    {
      "type": "Feature",
      "geometry": {
        "type": "LineString",
        "coordinates": [
          [
            -53.7085256391469,
            -27.708961382961434
          ],
          [
            -53.708993940418,
            -27.70986398573433
          ]
        ]
      },
      "properties": {
        "nome": "sbt_20771",
        "is_switch": false,
        "normAmps": 216.3,
        "length_m": 110.2,
        "kVBase": 0.219,
        "max_loading_pct": 4.8,
        "ano_saturacao": 0,
        "status": "normal"
      }
    },
    {
      "type": "Feature",
      "geometry": {
        "type": "LineString",
        "coordinates": [
          [
            -53.59114595572123,
            -27.810834943078135
          ],
          [
            -53.59178057491357,
            -27.81106662912157
          ]
        ]
      },
      "properties": {
        "nome": "sbt_20690",
        "is_switch": false,
        "normAmps": 163.8,
        "length_m": 132.8,
        "kVBase": 0.219,
        "max_loading_pct": 0.4,
        "ano_saturacao": 0,
        "status": "normal"
      }
    },
    {
      "type": "Feature",
      "geometry": {
        "type": "LineString",
        "coordinates": [
          [
            -53.59114595572123,
            -27.810834943078135
          ],
          [
            -53.59105516016746,
            -27.811711809952044
          ]
        ]
      },
      "properties": {
        "nome": "sbt_20691",
        "is_switch": false,
        "normAmps": 163.8,
        "length_m": 97.6,
        "kVBase": 0.219,
        "max_loading_pct": 0.4,
        "ano_saturacao": 0,
        "status": "normal"
      }
    },
    {
      "type": "Feature",
      "geometry": {
        "type": "LineString",
        "coordinates": [
          [
            -53.60692152131111,
            -27.759273390954206
          ],
          [
            -53.60629316859479,
            -27.759718313449355
          ]
        ]
      },
      "properties": {
        "nome": "sbt_20696",
        "is_switch": false,
        "normAmps": 216.3,
        "length_m": 100.6,
        "kVBase": 0.219,
        "max_loading_pct": 1.3,
        "ano_saturacao": 0,
        "status": "normal"
      }
    },
    {
      "type": "Feature",
      "geometry": {
        "type": "LineString",
        "coordinates": [
          [
            -53.607449783080995,
            -27.758884489027878
          ],
          [
            -53.60788142618685,
            -27.758271850165727
          ]
        ]
      },
      "properties": {
        "nome": "sbt_20697",
        "is_switch": false,
        "normAmps": 216.3,
        "length_m": 80.2,
        "kVBase": 0.219,
        "max_loading_pct": 1.3,
        "ano_saturacao": 0,
        "status": "normal"
      }
    },
    {
      "type": "Feature",
      "geometry": {
        "type": "LineString",
        "coordinates": [
          [
            -53.64447834489965,
            -27.71985474230246
          ],
          [
            -53.64442888398577,
            -27.719485779245247
          ]
        ]
      },
      "properties": {
        "nome": "sbt_20633",
        "is_switch": false,
        "normAmps": 163.8,
        "length_m": 75.3,
        "kVBase": 0.219,
        "max_loading_pct": 2.5,
        "ano_saturacao": 0,
        "status": "normal"
      }
    },
    {
      "type": "Feature",
      "geometry": {
        "type": "LineString",
        "coordinates": [
          [
            -53.64442888398577,
            -27.719485779245247
          ],
          [
            -53.64447834489965,
            -27.71985474230246
          ]
        ]
      },
      "properties": {
        "nome": "sbt_20634",
        "is_switch": false,
        "normAmps": 163.8,
        "length_m": 41.2,
        "kVBase": 0.219,
        "max_loading_pct": 1.6,
        "ano_saturacao": 0,
        "status": "normal"
      }
    },
    {
      "type": "Feature",
      "geometry": {
        "type": "LineString",
        "coordinates": [
          [
            -53.586024528908865,
            -27.703849806423364
          ],
          [
            -53.58542609483834,
            -27.704568392617205
          ]
        ]
      },
      "properties": {
        "nome": "sbt_20625",
        "is_switch": false,
        "normAmps": 163.8,
        "length_m": 99.2,
        "kVBase": 0.219,
        "max_loading_pct": 2.0,
        "ano_saturacao": 0,
        "status": "normal"
      }
    },
    {
      "type": "Feature",
      "geometry": {
        "type": "LineString",
        "coordinates": [
          [
            -53.63482755005134,
            -27.84019592740009
          ],
          [
            -53.634182636319565,
            -27.840388688087444
          ]
        ]
      },
      "properties": {
        "nome": "sbt_20626",
        "is_switch": false,
        "normAmps": 163.8,
        "length_m": 111.3,
        "kVBase": 0.219,
        "max_loading_pct": 0.0,
        "ano_saturacao": 0,
        "status": "normal"
      }
    },
    {
      "type": "Feature",
      "geometry": {
        "type": "LineString",
        "coordinates": [
          [
            -53.742037900328796,
            -27.696790000657984
          ],
          [
            -53.74290618677105,
            -27.69624952969201
          ]
        ]
      },
      "properties": {
        "nome": "sbt_20597",
        "is_switch": false,
        "normAmps": 216.3,
        "length_m": 94.0,
        "kVBase": 0.219,
        "max_loading_pct": 0.9,
        "ano_saturacao": 0,
        "status": "normal"
      }
    },
    {
      "type": "Feature",
      "geometry": {
        "type": "LineString",
        "coordinates": [
          [
            -53.634182636319565,
            -27.840388688087444
          ],
          [
            -53.633784391336576,
            -27.839448973890967
          ]
        ]
      },
      "properties": {
        "nome": "sbt_20598",
        "is_switch": false,
        "normAmps": 163.8,
        "length_m": 98.4,
        "kVBase": 0.219,
        "max_loading_pct": 0.0,
        "ano_saturacao": 0,
        "status": "normal"
      }
    },
    {
      "type": "Feature",
      "geometry": {
        "type": "LineString",
        "coordinates": [
          [
            -53.73555596023931,
            -27.702268218203642
          ],
          [
            -53.7357761511484,
            -27.701749621447846
          ]
        ]
      },
      "properties": {
        "nome": "sbt_20489",
        "is_switch": false,
        "normAmps": 163.8,
        "length_m": 80.1,
        "kVBase": 0.219,
        "max_loading_pct": 0.0,
        "ano_saturacao": 0,
        "status": "normal"
      }
    },
    {
      "type": "Feature",
      "geometry": {
        "type": "LineString",
        "coordinates": [
          [
            -53.750493670646335,
            -27.663340906957274
          ],
          [
            -53.75047492158035,
            -27.66259247136543
          ]
        ]
      },
      "properties": {
        "nome": "sbt_20343",
        "is_switch": false,
        "normAmps": 216.3,
        "length_m": 97.1,
        "kVBase": 0.219,
        "max_loading_pct": 0.0,
        "ano_saturacao": 0,
        "status": "normal"
      }
    },
    {
      "type": "Feature",
      "geometry": {
        "type": "LineString",
        "coordinates": [
          [
            -53.75108893640527,
            -27.663238865381288
          ],
          [
            -53.750493670646335,
            -27.663340906957274
          ]
        ]
      },
      "properties": {
        "nome": "sbt_20344",
        "is_switch": false,
        "normAmps": 216.3,
        "length_m": 83.0,
        "kVBase": 0.219,
        "max_loading_pct": 0.0,
        "ano_saturacao": 0,
        "status": "normal"
      }
    },
    {
      "type": "Feature",
      "geometry": {
        "type": "LineString",
        "coordinates": [
          [
            -53.727804323111,
            -27.706039008993002
          ],
          [
            -53.728676741038726,
            -27.70647289770602
          ]
        ]
      },
      "properties": {
        "nome": "sbt_20357",
        "is_switch": false,
        "normAmps": 163.8,
        "length_m": 115.4,
        "kVBase": 0.219,
        "max_loading_pct": 0.5,
        "ano_saturacao": 0,
        "status": "normal"
      }
    },
    {
      "type": "Feature",
      "geometry": {
        "type": "LineString",
        "coordinates": [
          [
            -53.60331105266289,
            -27.661557200604307
          ],
          [
            -53.603670764394224,
            -27.661342923636994
          ]
        ]
      },
      "properties": {
        "nome": "sbt_20214",
        "is_switch": false,
        "normAmps": 216.3,
        "length_m": 42.7,
        "kVBase": 0.219,
        "max_loading_pct": 6.2,
        "ano_saturacao": 0,
        "status": "normal"
      }
    },
    {
      "type": "Feature",
      "geometry": {
        "type": "LineString",
        "coordinates": [
          [
            -53.58612260627319,
            -27.6812323677795
          ],
          [
            -53.58646463193719,
            -27.680693654088827
          ]
        ]
      },
      "properties": {
        "nome": "sbt_20222",
        "is_switch": false,
        "normAmps": 216.3,
        "length_m": 68.6,
        "kVBase": 0.219,
        "max_loading_pct": 0.6,
        "ano_saturacao": 0,
        "status": "normal"
      }
    },
    {
      "type": "Feature",
      "geometry": {
        "type": "LineString",
        "coordinates": [
          [
            -53.586024528908865,
            -27.703849806423364
          ],
          [
            -53.58670785088657,
            -27.70316975348129
          ]
        ]
      },
      "properties": {
        "nome": "sbt_20223",
        "is_switch": false,
        "normAmps": 163.8,
        "length_m": 209.1,
        "kVBase": 0.219,
        "max_loading_pct": 2.0,
        "ano_saturacao": 0,
        "status": "normal"
      }
    },
    {
      "type": "Feature",
      "geometry": {
        "type": "LineString",
        "coordinates": [
          [
            -53.7421750415449,
            -27.679979685014416
          ],
          [
            -53.74298157244158,
            -27.68062229828041
          ]
        ]
      },
      "properties": {
        "nome": "sbt_20076",
        "is_switch": false,
        "normAmps": 163.8,
        "length_m": 137.1,
        "kVBase": 0.219,
        "max_loading_pct": 0.0,
        "ano_saturacao": 0,
        "status": "normal"
      }
    },
    {
      "type": "Feature",
      "geometry": {
        "type": "LineString",
        "coordinates": [
          [
            -53.553715818729984,
            -27.885499897801992
          ],
          [
            -53.55324613160366,
            -27.885618584929716
          ]
        ]
      },
      "properties": {
        "nome": "sbt_36991",
        "is_switch": false,
        "normAmps": 128.1,
        "length_m": 45.0,
        "kVBase": 0.219,
        "max_loading_pct": 0.0,
        "ano_saturacao": 0,
        "status": "normal"
      }
    },
    {
      "type": "Feature",
      "geometry": {
        "type": "LineString",
        "coordinates": [
          [
            -53.5541589641648,
            -27.8853189946758
          ],
          [
            -53.553715818729984,
            -27.885499897801992
          ]
        ]
      },
      "properties": {
        "nome": "sbt_36992",
        "is_switch": false,
        "normAmps": 128.1,
        "length_m": 50.1,
        "kVBase": 0.219,
        "max_loading_pct": 0.0,
        "ano_saturacao": 0,
        "status": "normal"
      }
    },
    {
      "type": "Feature",
      "geometry": {
        "type": "LineString",
        "coordinates": [
          [
            -53.553715818729984,
            -27.885499897801992
          ],
          [
            -53.5541589641648,
            -27.8853189946758
          ]
        ]
      },
      "properties": {
        "nome": "sbt_36993",
        "is_switch": false,
        "normAmps": 128.1,
        "length_m": 50.0,
        "kVBase": 0.219,
        "max_loading_pct": 0.0,
        "ano_saturacao": 0,
        "status": "normal"
      }
    },
    {
      "type": "Feature",
      "geometry": {
        "type": "LineString",
        "coordinates": [
          [
            -53.750555792216005,
            -27.660966944069173
          ],
          [
            -53.75060545098074,
            -27.66011791031326
          ]
        ]
      },
      "properties": {
        "nome": "sbt_4147",
        "is_switch": false,
        "normAmps": 216.3,
        "length_m": 115.2,
        "kVBase": 0.219,
        "max_loading_pct": 0.0,
        "ano_saturacao": 0,
        "status": "normal"
      }
    },
    {
      "type": "Feature",
      "geometry": {
        "type": "LineString",
        "coordinates": [
          [
            -53.71586157185402,
            -27.689601492914505
          ],
          [
            -53.71478156521704,
            -27.690191060568964
          ]
        ]
      },
      "properties": {
        "nome": "sbt_4094",
        "is_switch": false,
        "normAmps": 163.8,
        "length_m": 119.4,
        "kVBase": 0.219,
        "max_loading_pct": 0.0,
        "ano_saturacao": 0,
        "status": "normal"
      }
    },
    {
      "type": "Feature",
      "geometry": {
        "type": "LineString",
        "coordinates": [
          [
            -53.71569410729717,
            -27.700846064494215
          ],
          [
            -53.71417918492142,
            -27.700659261815417
          ]
        ]
      },
      "properties": {
        "nome": "sbt_4103",
        "is_switch": false,
        "normAmps": 163.8,
        "length_m": 36.2,
        "kVBase": 0.219,
        "max_loading_pct": 1.8,
        "ano_saturacao": 0,
        "status": "normal"
      }
    },
    {
      "type": "Feature",
      "geometry": {
        "type": "LineString",
        "coordinates": [
          [
            -53.74084078847159,
            -27.68458016154517
          ],
          [
            -53.74144404470684,
            -27.68398179852113
          ]
        ]
      },
      "properties": {
        "nome": "sbt_37545",
        "is_switch": false,
        "normAmps": 216.3,
        "length_m": 78.1,
        "kVBase": 0.219,
        "max_loading_pct": 3.4,
        "ano_saturacao": 0,
        "status": "normal"
      }
    },
    {
      "type": "Feature",
      "geometry": {
        "type": "LineString",
        "coordinates": [
          [
            -53.74144404470684,
            -27.68398179852113
          ],
          [
            -53.74084078847159,
            -27.68458016154517
          ]
        ]
      },
      "properties": {
        "nome": "sbt_37546",
        "is_switch": false,
        "normAmps": 216.3,
        "length_m": 52.2,
        "kVBase": 0.219,
        "max_loading_pct": 3.4,
        "ano_saturacao": 0,
        "status": "normal"
      }
    },
    {
      "type": "Feature",
      "geometry": {
        "type": "LineString",
        "coordinates": [
          [
            -53.586802747348884,
            -27.71779659703526
          ],
          [
            -53.58544548691964,
            -27.7169919097488
          ]
        ]
      },
      "properties": {
        "nome": "sbt_35533",
        "is_switch": false,
        "normAmps": 286.65,
        "length_m": 60.8,
        "kVBase": 0.219,
        "max_loading_pct": 1.4,
        "ano_saturacao": 0,
        "status": "normal"
      }
    },
    {
      "type": "Feature",
      "geometry": {
        "type": "LineString",
        "coordinates": [
          [
            -53.58544548691964,
            -27.7169919097488
          ],
          [
            -53.586802747348884,
            -27.71779659703526
          ]
        ]
      },
      "properties": {
        "nome": "sbt_35534",
        "is_switch": false,
        "normAmps": 286.65,
        "length_m": 160.9,
        "kVBase": 0.219,
        "max_loading_pct": 0.4,
        "ano_saturacao": 0,
        "status": "normal"
      }
    },
    {
      "type": "Feature",
      "geometry": {
        "type": "LineString",
        "coordinates": [
          [
            -53.58284307105083,
            -27.718845010488792
          ],
          [
            -53.58329166008201,
            -27.71852084895795
          ]
        ]
      },
      "properties": {
        "nome": "sbt_35535",
        "is_switch": false,
        "normAmps": 216.3,
        "length_m": 66.0,
        "kVBase": 0.219,
        "max_loading_pct": 0.0,
        "ano_saturacao": 0,
        "status": "normal"
      }
    },
    {
      "type": "Feature",
      "geometry": {
        "type": "LineString",
        "coordinates": [
          [
            -53.58544548691964,
            -27.7169919097488
          ],
          [
            -53.584956588475734,
            -27.717325853205523
          ]
        ]
      },
      "properties": {
        "nome": "sbt_35536",
        "is_switch": false,
        "normAmps": 286.65,
        "length_m": 106.8,
        "kVBase": 0.219,
        "max_loading_pct": 1.4,
        "ano_saturacao": 0,
        "status": "normal"
      }
    },
    {
      "type": "Feature",
      "geometry": {
        "type": "LineString",
        "coordinates": [
          [
            -53.70870915840089,
            -27.69218659413599
          ],
          [
            -53.7066106803386,
            -27.692579504340586
          ]
        ]
      },
      "properties": {
        "nome": "sbt_4578",
        "is_switch": false,
        "normAmps": 163.8,
        "length_m": 77.9,
        "kVBase": 0.219,
        "max_loading_pct": 0.0,
        "ano_saturacao": 0,
        "status": "normal"
      }
    },
    {
      "type": "Feature",
      "geometry": {
        "type": "LineString",
        "coordinates": [
          [
            -53.58532230318173,
            -27.67866689246307
          ],
          [
            -53.58495966865377,
            -27.678330809519196
          ]
        ]
      },
      "properties": {
        "nome": "sbt_4774",
        "is_switch": false,
        "normAmps": 163.8,
        "length_m": 115.1,
        "kVBase": 0.219,
        "max_loading_pct": 1.6,
        "ano_saturacao": 0,
        "status": "normal"
      }
    },
    {
      "type": "Feature",
      "geometry": {
        "type": "LineString",
        "coordinates": [
          [
            -53.652756464938875,
            -27.67683879557393
          ],
          [
            -53.65295436615105,
            -27.677143922953633
          ]
        ]
      },
      "properties": {
        "nome": "sbt_35105",
        "is_switch": false,
        "normAmps": 128.1,
        "length_m": 41.1,
        "kVBase": 0.219,
        "max_loading_pct": 3.3,
        "ano_saturacao": 0,
        "status": "normal"
      }
    },
    {
      "type": "Feature",
      "geometry": {
        "type": "LineString",
        "coordinates": [
          [
            -53.73368654489809,
            -27.685425333612216
          ],
          [
            -53.73471550421709,
            -27.68523359455469
          ]
        ]
      },
      "properties": {
        "nome": "sbt_3971",
        "is_switch": false,
        "normAmps": 163.8,
        "length_m": 103.8,
        "kVBase": 0.219,
        "max_loading_pct": 0.0,
        "ano_saturacao": 0,
        "status": "normal"
      }
    },
    {
      "type": "Feature",
      "geometry": {
        "type": "LineString",
        "coordinates": [
          [
            -53.73299125923916,
            -27.668090058509335
          ],
          [
            -53.73257535966508,
            -27.66766521697616
          ]
        ]
      },
      "properties": {
        "nome": "sbt_3953",
        "is_switch": false,
        "normAmps": 163.8,
        "length_m": 130.7,
        "kVBase": 0.219,
        "max_loading_pct": 0.0,
        "ano_saturacao": 0,
        "status": "normal"
      }
    },
    {
      "type": "Feature",
      "geometry": {
        "type": "LineString",
        "coordinates": [
          [
            -53.583795262441356,
            -27.720099389375264
          ],
          [
            -53.584532369273404,
            -27.72040140330205
          ]
        ]
      },
      "properties": {
        "nome": "sbt_35524",
        "is_switch": false,
        "normAmps": 286.65,
        "length_m": 80.1,
        "kVBase": 0.219,
        "max_loading_pct": 0.0,
        "ano_saturacao": 0,
        "status": "normal"
      }
    },
    {
      "type": "Feature",
      "geometry": {
        "type": "LineString",
        "coordinates": [
          [
            -53.585454450462464,
            -27.72080822422015
          ],
          [
            -53.584532369273404,
            -27.72040140330205
          ]
        ]
      },
      "properties": {
        "nome": "sbt_35525",
        "is_switch": false,
        "normAmps": 286.65,
        "length_m": 101.5,
        "kVBase": 0.219,
        "max_loading_pct": 0.0,
        "ano_saturacao": 0,
        "status": "normal"
      }
    },
    {
      "type": "Feature",
      "geometry": {
        "type": "LineString",
        "coordinates": [
          [
            -53.584532369273404,
            -27.72040140330205
          ],
          [
            -53.583795262441356,
            -27.720099389375264
          ]
        ]
      },
      "properties": {
        "nome": "sbt_35526",
        "is_switch": false,
        "normAmps": 286.65,
        "length_m": 90.8,
        "kVBase": 0.219,
        "max_loading_pct": 0.0,
        "ano_saturacao": 0,
        "status": "normal"
      }
    },
    {
      "type": "Feature",
      "geometry": {
        "type": "LineString",
        "coordinates": [
          [
            -53.583795262441356,
            -27.720099389375264
          ],
          [
            -53.58284307105083,
            -27.718845010488792
          ]
        ]
      },
      "properties": {
        "nome": "sbt_35527",
        "is_switch": false,
        "normAmps": 286.65,
        "length_m": 94.4,
        "kVBase": 0.219,
        "max_loading_pct": 0.0,
        "ano_saturacao": 0,
        "status": "normal"
      }
    },
    {
      "type": "Feature",
      "geometry": {
        "type": "LineString",
        "coordinates": [
          [
            -53.58208584998192,
            -27.719409515836446
          ],
          [
            -53.58284307105083,
            -27.718845010488792
          ]
        ]
      },
      "properties": {
        "nome": "sbt_35529",
        "is_switch": false,
        "normAmps": 286.65,
        "length_m": 95.3,
        "kVBase": 0.219,
        "max_loading_pct": 0.6,
        "ano_saturacao": 0,
        "status": "normal"
      }
    },
    {
      "type": "Feature",
      "geometry": {
        "type": "LineString",
        "coordinates": [
          [
            -53.58329166008201,
            -27.71852084895795
          ],
          [
            -53.58284307105083,
            -27.718845010488792
          ]
        ]
      },
      "properties": {
        "nome": "sbt_35530",
        "is_switch": false,
        "normAmps": 286.65,
        "length_m": 97.4,
        "kVBase": 0.219,
        "max_loading_pct": 1.4,
        "ano_saturacao": 0,
        "status": "normal"
      }
    },
    {
      "type": "Feature",
      "geometry": {
        "type": "LineString",
        "coordinates": [
          [
            -53.58411938080474,
            -27.717936975810744
          ],
          [
            -53.58329166008201,
            -27.71852084895795
          ]
        ]
      },
      "properties": {
        "nome": "sbt_35531",
        "is_switch": false,
        "normAmps": 286.65,
        "length_m": 57.0,
        "kVBase": 0.219,
        "max_loading_pct": 1.4,
        "ano_saturacao": 0,
        "status": "normal"
      }
    },
    {
      "type": "Feature",
      "geometry": {
        "type": "LineString",
        "coordinates": [
          [
            -53.584956588475734,
            -27.717325853205523
          ],
          [
            -53.58411938080474,
            -27.717936975810744
          ]
        ]
      },
      "properties": {
        "nome": "sbt_35532",
        "is_switch": false,
        "normAmps": 286.65,
        "length_m": 104.2,
        "kVBase": 0.219,
        "max_loading_pct": 1.4,
        "ano_saturacao": 0,
        "status": "normal"
      }
    },
    {
      "type": "Feature",
      "geometry": {
        "type": "LineString",
        "coordinates": [
          [
            -53.60050109664826,
            -27.65671983455269
          ],
          [
            -53.60076900558511,
            -27.656480221884692
          ]
        ]
      },
      "properties": {
        "nome": "sbt_14094",
        "is_switch": false,
        "normAmps": 216.3,
        "length_m": 37.5,
        "kVBase": 0.219,
        "max_loading_pct": 0.0,
        "ano_saturacao": 0,
        "status": "normal"
      }
    },
    {
      "type": "Feature",
      "geometry": {
        "type": "LineString",
        "coordinates": [
          [
            -53.709506353435415,
            -27.692044682915764
          ],
          [
            -53.70870915840089,
            -27.69218659413599
          ]
        ]
      },
      "properties": {
        "nome": "sbt_4576",
        "is_switch": false,
        "normAmps": 163.8,
        "length_m": 75.5,
        "kVBase": 0.219,
        "max_loading_pct": 0.0,
        "ano_saturacao": 0,
        "status": "normal"
      }
    },
    {
      "type": "Feature",
      "geometry": {
        "type": "LineString",
        "coordinates": [
          [
            -53.74363949216877,
            -27.66153717000435
          ],
          [
            -53.74252999406394,
            -27.66255154321908
          ]
        ]
      },
      "properties": {
        "nome": "sbt_18437",
        "is_switch": false,
        "normAmps": 163.8,
        "length_m": 80.7,
        "kVBase": 0.219,
        "max_loading_pct": 0.0,
        "ano_saturacao": 0,
        "status": "normal"
      }
    },
    {
      "type": "Feature",
      "geometry": {
        "type": "LineString",
        "coordinates": [
          [
            -53.75818510086168,
            -27.66821305518829
          ],
          [
            -53.75710083233753,
            -27.66740464650718
          ]
        ]
      },
      "properties": {
        "nome": "sbt_18181",
        "is_switch": false,
        "normAmps": 163.8,
        "length_m": 84.7,
        "kVBase": 0.219,
        "max_loading_pct": 1.3,
        "ano_saturacao": 0,
        "status": "normal"
      }
    },
    {
      "type": "Feature",
      "geometry": {
        "type": "LineString",
        "coordinates": [
          [
            -53.72718023497981,
            -27.631575726338667
          ],
          [
            -53.72704940340719,
            -27.630793393500255
          ]
        ]
      },
      "properties": {
        "nome": "sbt_18140",
        "is_switch": false,
        "normAmps": 216.3,
        "length_m": 87.7,
        "kVBase": 0.219,
        "max_loading_pct": 0.0,
        "ano_saturacao": 0,
        "status": "normal"
      }
    },
    {
      "type": "Feature",
      "geometry": {
        "type": "LineString",
        "coordinates": [
          [
            -53.60347538038445,
            -27.658657920326732
          ],
          [
            -53.602974356381424,
            -27.65975002464387
          ]
        ]
      },
      "properties": {
        "nome": "sbt_18049",
        "is_switch": false,
        "normAmps": 163.8,
        "length_m": 112.6,
        "kVBase": 0.219,
        "max_loading_pct": 0.0,
        "ano_saturacao": 0,
        "status": "normal"
      }
    },
    {
      "type": "Feature",
      "geometry": {
        "type": "LineString",
        "coordinates": [
          [
            -53.58521587741075,
            -27.683613185300203
          ],
          [
            -53.58484231342197,
            -27.683674295132562
          ]
        ]
      },
      "properties": {
        "nome": "sbt_17981",
        "is_switch": false,
        "normAmps": 216.3,
        "length_m": 37.5,
        "kVBase": 0.219,
        "max_loading_pct": 0.0,
        "ano_saturacao": 0,
        "status": "normal"
      }
    },
    {
      "type": "Feature",
      "geometry": {
        "type": "LineString",
        "coordinates": [
          [
            -53.60549526399518,
            -27.76028371991771
          ],
          [
            -53.60515853084149,
            -27.76062389387755
          ]
        ]
      },
      "properties": {
        "nome": "sbt_17923",
        "is_switch": false,
        "normAmps": 128.1,
        "length_m": 44.9,
        "kVBase": 0.219,
        "max_loading_pct": 2.2,
        "ano_saturacao": 0,
        "status": "normal"
      }
    },
    {
      "type": "Feature",
      "geometry": {
        "type": "LineString",
        "coordinates": [
          [
            -53.578743441356664,
            -27.719119993492882
          ],
          [
            -53.575436704340405,
            -27.71862220884782
          ]
        ]
      },
      "properties": {
        "nome": "sbt_17733",
        "is_switch": false,
        "normAmps": 216.3,
        "length_m": 100.0,
        "kVBase": 0.219,
        "max_loading_pct": 0.0,
        "ano_saturacao": 0,
        "status": "normal"
      }
    },
    {
      "type": "Feature",
      "geometry": {
        "type": "LineString",
        "coordinates": [
          [
            -53.57769559537536,
            -27.718968097999266
          ],
          [
            -53.578743441356664,
            -27.719119993492882
          ]
        ]
      },
      "properties": {
        "nome": "sbt_17734",
        "is_switch": false,
        "normAmps": 216.3,
        "length_m": 104.7,
        "kVBase": 0.219,
        "max_loading_pct": 0.0,
        "ano_saturacao": 0,
        "status": "normal"
      }
    },
    {
      "type": "Feature",
      "geometry": {
        "type": "LineString",
        "coordinates": [
          [
            -53.60887514916874,
            -27.773139843329034
          ],
          [
            -53.60895455840608,
            -27.77264211893862
          ]
        ]
      },
      "properties": {
        "nome": "sbt_17593",
        "is_switch": false,
        "normAmps": 216.3,
        "length_m": 55.7,
        "kVBase": 0.219,
        "max_loading_pct": 1.1,
        "ano_saturacao": 0,
        "status": "normal"
      }
    },
    {
      "type": "Feature",
      "geometry": {
        "type": "LineString",
        "coordinates": [
          [
            -53.712852789224826,
            -27.68228056719437
          ],
          [
            -53.7133785068126,
            -27.681819168219988
          ]
        ]
      },
      "properties": {
        "nome": "sbt_16683",
        "is_switch": false,
        "normAmps": 216.3,
        "length_m": 72.9,
        "kVBase": 0.219,
        "max_loading_pct": 0.0,
        "ano_saturacao": 0,
        "status": "normal"
      }
    },
    {
      "type": "Feature",
      "geometry": {
        "type": "LineString",
        "coordinates": [
          [
            -53.5906368234306,
            -27.65005660732652
          ],
          [
            -53.59126005720583,
            -27.649846459146715
          ]
        ]
      },
      "properties": {
        "nome": "sbt_16246",
        "is_switch": false,
        "normAmps": 162.75,
        "length_m": 79.6,
        "kVBase": 0.219,
        "max_loading_pct": 2.4,
        "ano_saturacao": 0,
        "status": "normal"
      }
    },
    {
      "type": "Feature",
      "geometry": {
        "type": "LineString",
        "coordinates": [
          [
            -53.58574370211011,
            -27.696974591004505
          ],
          [
            -53.5860189099447,
            -27.697898759520115
          ]
        ]
      },
      "properties": {
        "nome": "sbt_15929",
        "is_switch": false,
        "normAmps": 216.3,
        "length_m": 78.5,
        "kVBase": 0.219,
        "max_loading_pct": 1.7,
        "ano_saturacao": 0,
        "status": "normal"
      }
    },
    {
      "type": "Feature",
      "geometry": {
        "type": "LineString",
        "coordinates": [
          [
            -53.58574370211011,
            -27.696974591004505
          ],
          [
            -53.58619991109697,
            -27.69611795797732
          ]
        ]
      },
      "properties": {
        "nome": "sbt_15930",
        "is_switch": false,
        "normAmps": 216.3,
        "length_m": 105.1,
        "kVBase": 0.219,
        "max_loading_pct": 1.7,
        "ano_saturacao": 0,
        "status": "normal"
      }
    },
    {
      "type": "Feature",
      "geometry": {
        "type": "LineString",
        "coordinates": [
          [
            -53.71356952101655,
            -27.70059904411056
          ],
          [
            -53.71265524954009,
            -27.700517729209764
          ]
        ]
      },
      "properties": {
        "nome": "sbt_15559",
        "is_switch": false,
        "normAmps": 163.8,
        "length_m": 90.7,
        "kVBase": 0.219,
        "max_loading_pct": 0.0,
        "ano_saturacao": 0,
        "status": "normal"
      }
    },
    {
      "type": "Feature",
      "geometry": {
        "type": "LineString",
        "coordinates": [
          [
            -53.59692564849985,
            -27.64906370002967
          ],
          [
            -53.59728512011219,
            -27.64969755569757
          ]
        ]
      },
      "properties": {
        "nome": "sbt_15526",
        "is_switch": false,
        "normAmps": 216.3,
        "length_m": 103.3,
        "kVBase": 0.127,
        "max_loading_pct": 0.0,
        "ano_saturacao": 0,
        "status": "normal"
      }
    },
    {
      "type": "Feature",
      "geometry": {
        "type": "LineString",
        "coordinates": [
          [
            -53.585984328314055,
            -27.683535676330337
          ],
          [
            -53.58612260627319,
            -27.6812323677795
          ]
        ]
      },
      "properties": {
        "nome": "sbt_15442",
        "is_switch": false,
        "normAmps": 216.3,
        "length_m": 40.8,
        "kVBase": 0.219,
        "max_loading_pct": 0.4,
        "ano_saturacao": 0,
        "status": "normal"
      }
    },
    {
      "type": "Feature",
      "geometry": {
        "type": "LineString",
        "coordinates": [
          [
            -53.65751268606158,
            -27.687963934487925
          ],
          [
            -53.6579245242973,
            -27.68780247020777
          ]
        ]
      },
      "properties": {
        "nome": "sbt_15213",
        "is_switch": false,
        "normAmps": 216.3,
        "length_m": 25.0,
        "kVBase": 0.219,
        "max_loading_pct": 3.7,
        "ano_saturacao": 0,
        "status": "normal"
      }
    },
    {
      "type": "Feature",
      "geometry": {
        "type": "LineString",
        "coordinates": [
          [
            -53.71265524954009,
            -27.700517729209764
          ],
          [
            -53.71356952101655,
            -27.70059904411056
          ]
        ]
      },
      "properties": {
        "nome": "sbt_15177",
        "is_switch": false,
        "normAmps": 163.8,
        "length_m": 60.5,
        "kVBase": 0.219,
        "max_loading_pct": 0.0,
        "ano_saturacao": 0,
        "status": "normal"
      }
    },
    {
      "type": "Feature",
      "geometry": {
        "type": "LineString",
        "coordinates": [
          [
            -53.65447787345505,
            -27.674768957321476
          ],
          [
            -53.654296731109184,
            -27.67440252045992
          ]
        ]
      },
      "properties": {
        "nome": "sbt_15045",
        "is_switch": false,
        "normAmps": 216.3,
        "length_m": 44.4,
        "kVBase": 0.219,
        "max_loading_pct": 3.2,
        "ano_saturacao": 0,
        "status": "normal"
      }
    },
    {
      "type": "Feature",
      "geometry": {
        "type": "LineString",
        "coordinates": [
          [
            -53.672366198341365,
            -27.657355033807733
          ],
          [
            -53.67252651868387,
            -27.656864746810584
          ]
        ]
      },
      "properties": {
        "nome": "sbt_14624",
        "is_switch": false,
        "normAmps": 216.3,
        "length_m": 56.6,
        "kVBase": 0.219,
        "max_loading_pct": 1.5,
        "ano_saturacao": 0,
        "status": "normal"
      }
    },
    {
      "type": "Feature",
      "geometry": {
        "type": "LineString",
        "coordinates": [
          [
            -53.71116600730534,
            -27.685381068081767
          ],
          [
            -53.7116273019584,
            -27.685182572417716
          ]
        ]
      },
      "properties": {
        "nome": "sbt_14629",
        "is_switch": false,
        "normAmps": 216.3,
        "length_m": 99.5,
        "kVBase": 0.219,
        "max_loading_pct": 0.4,
        "ano_saturacao": 0,
        "status": "normal"
      }
    },
    {
      "type": "Feature",
      "geometry": {
        "type": "LineString",
        "coordinates": [
          [
            -53.7116273019584,
            -27.685182572417716
          ],
          [
            -53.71116600730534,
            -27.685381068081767
          ]
        ]
      },
      "properties": {
        "nome": "sbt_14630",
        "is_switch": false,
        "normAmps": 216.3,
        "length_m": 50.6,
        "kVBase": 0.219,
        "max_loading_pct": 0.4,
        "ano_saturacao": 0,
        "status": "normal"
      }
    },
    {
      "type": "Feature",
      "geometry": {
        "type": "LineString",
        "coordinates": [
          [
            -53.57421552662521,
            -27.71842840134957
          ],
          [
            -53.575436704340405,
            -27.71862220884782
          ]
        ]
      },
      "properties": {
        "nome": "sbt_14323",
        "is_switch": false,
        "normAmps": 216.3,
        "length_m": 126.1,
        "kVBase": 0.219,
        "max_loading_pct": 0.0,
        "ano_saturacao": 0,
        "status": "normal"
      }
    },
    {
      "type": "Feature",
      "geometry": {
        "type": "LineString",
        "coordinates": [
          [
            -53.705269017750936,
            -27.64719816796105
          ],
          [
            -53.70460658162841,
            -27.647039682235516
          ]
        ]
      },
      "properties": {
        "nome": "sbt_14107",
        "is_switch": false,
        "normAmps": 216.3,
        "length_m": 67.7,
        "kVBase": 0.219,
        "max_loading_pct": 0.3,
        "ano_saturacao": 0,
        "status": "normal"
      }
    },
    {
      "type": "Feature",
      "geometry": {
        "type": "LineString",
        "coordinates": [
          [
            -53.60050109664826,
            -27.65671983455269
          ],
          [
            -53.599627106705555,
            -27.657467054261076
          ]
        ]
      },
      "properties": {
        "nome": "sbt_14093",
        "is_switch": false,
        "normAmps": 216.3,
        "length_m": 92.2,
        "kVBase": 0.219,
        "max_loading_pct": 0.0,
        "ano_saturacao": 0,
        "status": "normal"
      }
    },
    {
      "type": "Feature",
      "geometry": {
        "type": "LineString",
        "coordinates": [
          [
            -53.66643176731219,
            -27.65623335978171
          ],
          [
            -53.6664283139155,
            -27.657343151065504
          ]
        ]
      },
      "properties": {
        "nome": "sbt_14006",
        "is_switch": false,
        "normAmps": 163.8,
        "length_m": 52.8,
        "kVBase": 0.219,
        "max_loading_pct": 3.8,
        "ano_saturacao": 0,
        "status": "normal"
      }
    },
    {
      "type": "Feature",
      "geometry": {
        "type": "LineString",
        "coordinates": [
          [
            -53.66643176731219,
            -27.65623335978171
          ],
          [
            -53.6664283139155,
            -27.657343151065504
          ]
        ]
      },
      "properties": {
        "nome": "sbt_14007",
        "is_switch": false,
        "normAmps": 163.8,
        "length_m": 123.0,
        "kVBase": 0.219,
        "max_loading_pct": 4.7,
        "ano_saturacao": 0,
        "status": "normal"
      }
    },
    {
      "type": "Feature",
      "geometry": {
        "type": "LineString",
        "coordinates": [
          [
            -53.598562584595584,
            -27.74937995811854
          ],
          [
            -53.59901366474878,
            -27.748730891317564
          ]
        ]
      },
      "properties": {
        "nome": "sbt_13972",
        "is_switch": false,
        "normAmps": 216.3,
        "length_m": 70.7,
        "kVBase": 0.219,
        "max_loading_pct": 1.7,
        "ano_saturacao": 0,
        "status": "normal"
      }
    },
    {
      "type": "Feature",
      "geometry": {
        "type": "LineString",
        "coordinates": [
          [
            -53.721471950170326,
            -27.687786159203824
          ],
          [
            -53.7210630086509,
            -27.687234842414
          ]
        ]
      },
      "properties": {
        "nome": "sbt_13749",
        "is_switch": false,
        "normAmps": 163.8,
        "length_m": 52.8,
        "kVBase": 0.219,
        "max_loading_pct": 0.9,
        "ano_saturacao": 0,
        "status": "normal"
      }
    },
    {
      "type": "Feature",
      "geometry": {
        "type": "LineString",
        "coordinates": [
          [
            -53.722715649607494,
            -27.688077465802337
          ],
          [
            -53.721471950170326,
            -27.687786159203824
          ]
        ]
      },
      "properties": {
        "nome": "sbt_13750",
        "is_switch": false,
        "normAmps": 163.8,
        "length_m": 73.2,
        "kVBase": 0.219,
        "max_loading_pct": 0.9,
        "ano_saturacao": 0,
        "status": "normal"
      }
    },
    {
      "type": "Feature",
      "geometry": {
        "type": "LineString",
        "coordinates": [
          [
            -53.723877194177135,
            -27.68832526949552
          ],
          [
            -53.722715649607494,
            -27.688077465802337
          ]
        ]
      },
      "properties": {
        "nome": "sbt_13751",
        "is_switch": false,
        "normAmps": 163.8,
        "length_m": 126.9,
        "kVBase": 0.219,
        "max_loading_pct": 0.0,
        "ano_saturacao": 0,
        "status": "normal"
      }
    },
    {
      "type": "Feature",
      "geometry": {
        "type": "LineString",
        "coordinates": [
          [
            -53.722715649607494,
            -27.688077465802337
          ],
          [
            -53.723877194177135,
            -27.68832526949552
          ]
        ]
      },
      "properties": {
        "nome": "sbt_13752",
        "is_switch": false,
        "normAmps": 163.8,
        "length_m": 117.9,
        "kVBase": 0.219,
        "max_loading_pct": 0.0,
        "ano_saturacao": 0,
        "status": "normal"
      }
    },
    {
      "type": "Feature",
      "geometry": {
        "type": "LineString",
        "coordinates": [
          [
            -53.580101991413756,
            -27.68423189008962
          ],
          [
            -53.58091474202166,
            -27.683882909068927
          ]
        ]
      },
      "properties": {
        "nome": "sbt_13730",
        "is_switch": false,
        "normAmps": 216.3,
        "length_m": 89.0,
        "kVBase": 0.219,
        "max_loading_pct": 0.0,
        "ano_saturacao": 0,
        "status": "normal"
      }
    },
    {
      "type": "Feature",
      "geometry": {
        "type": "LineString",
        "coordinates": [
          [
            -53.7357761511484,
            -27.701749621447846
          ],
          [
            -53.734473931027026,
            -27.702776783022102
          ]
        ]
      },
      "properties": {
        "nome": "sbt_13506",
        "is_switch": false,
        "normAmps": 163.8,
        "length_m": 111.3,
        "kVBase": 0.219,
        "max_loading_pct": 0.0,
        "ano_saturacao": 0,
        "status": "normal"
      }
    },
    {
      "type": "Feature",
      "geometry": {
        "type": "LineString",
        "coordinates": [
          [
            -53.58015342004427,
            -27.70580363932646
          ],
          [
            -53.5792722310286,
            -27.705405035513934
          ]
        ]
      },
      "properties": {
        "nome": "sbt_13255",
        "is_switch": false,
        "normAmps": 163.8,
        "length_m": 57.9,
        "kVBase": 0.219,
        "max_loading_pct": 0.0,
        "ano_saturacao": 0,
        "status": "normal"
      }
    },
    {
      "type": "Feature",
      "geometry": {
        "type": "LineString",
        "coordinates": [
          [
            -53.61859769552717,
            -27.844393574204048
          ],
          [
            -53.619471934582066,
            -27.844449148709202
          ]
        ]
      },
      "properties": {
        "nome": "sbt_13266",
        "is_switch": false,
        "normAmps": 216.3,
        "length_m": 86.4,
        "kVBase": 0.219,
        "max_loading_pct": 0.0,
        "ano_saturacao": 0,
        "status": "normal"
      }
    },
    {
      "type": "Feature",
      "geometry": {
        "type": "LineString",
        "coordinates": [
          [
            -53.61216780280182,
            -27.84291858982101
          ],
          [
            -53.61248272379862,
            -27.842506626579507
          ]
        ]
      },
      "properties": {
        "nome": "sbt_13219",
        "is_switch": false,
        "normAmps": 216.3,
        "length_m": 55.2,
        "kVBase": 0.219,
        "max_loading_pct": 0.6,
        "ano_saturacao": 0,
        "status": "normal"
      }
    },
    {
      "type": "Feature",
      "geometry": {
        "type": "LineString",
        "coordinates": [
          [
            -53.66012394226607,
            -27.684440612843957
          ],
          [
            -53.660486225159104,
            -27.684334407406936
          ]
        ]
      },
      "properties": {
        "nome": "sbt_13153",
        "is_switch": false,
        "normAmps": 163.8,
        "length_m": 37.6,
        "kVBase": 0.219,
        "max_loading_pct": 2.0,
        "ano_saturacao": 0,
        "status": "normal"
      }
    },
    {
      "type": "Feature",
      "geometry": {
        "type": "LineString",
        "coordinates": [
          [
            -53.57868829402952,
            -27.705145245656524
          ],
          [
            -53.5792722310286,
            -27.705405035513934
          ]
        ]
      },
      "properties": {
        "nome": "sbt_13081",
        "is_switch": false,
        "normAmps": 163.8,
        "length_m": 97.5,
        "kVBase": 0.219,
        "max_loading_pct": 1.0,
        "ano_saturacao": 0,
        "status": "normal"
      }
    },
    {
      "type": "Feature",
      "geometry": {
        "type": "LineString",
        "coordinates": [
          [
            -53.61211582468553,
            -27.844137567794462
          ],
          [
            -53.6133647941499,
            -27.84415901662527
          ]
        ]
      },
      "properties": {
        "nome": "sbt_13089",
        "is_switch": false,
        "normAmps": 216.3,
        "length_m": 103.0,
        "kVBase": 0.219,
        "max_loading_pct": 0.6,
        "ano_saturacao": 0,
        "status": "normal"
      }
    },
    {
      "type": "Feature",
      "geometry": {
        "type": "LineString",
        "coordinates": [
          [
            -53.61216780280182,
            -27.84291858982101
          ],
          [
            -53.61211582468553,
            -27.844137567794462
          ]
        ]
      },
      "properties": {
        "nome": "sbt_13090",
        "is_switch": false,
        "normAmps": 216.3,
        "length_m": 123.1,
        "kVBase": 0.219,
        "max_loading_pct": 0.6,
        "ano_saturacao": 0,
        "status": "normal"
      }
    },
    {
      "type": "Feature",
      "geometry": {
        "type": "LineString",
        "coordinates": [
          [
            -53.71138855263956,
            -27.682083705598473
          ],
          [
            -53.7109229160597,
            -27.681695859476292
          ]
        ]
      },
      "properties": {
        "nome": "sbt_13030",
        "is_switch": false,
        "normAmps": 216.3,
        "length_m": 62.9,
        "kVBase": 0.219,
        "max_loading_pct": 0.0,
        "ano_saturacao": 0,
        "status": "normal"
      }
    },
    {
      "type": "Feature",
      "geometry": {
        "type": "LineString",
        "coordinates": [
          [
            -53.71478156521704,
            -27.690191060568964
          ],
          [
            -53.713762106336105,
            -27.690770411025596
          ]
        ]
      },
      "properties": {
        "nome": "sbt_12998",
        "is_switch": false,
        "normAmps": 163.8,
        "length_m": 85.8,
        "kVBase": 0.219,
        "max_loading_pct": 0.0,
        "ano_saturacao": 0,
        "status": "normal"
      }
    },
    {
      "type": "Feature",
      "geometry": {
        "type": "LineString",
        "coordinates": [
          [
            -53.58584872493867,
            -27.67907209460145
          ],
          [
            -53.58532230318173,
            -27.67866689246307
          ]
        ]
      },
      "properties": {
        "nome": "sbt_12815",
        "is_switch": false,
        "normAmps": 163.8,
        "length_m": 51.7,
        "kVBase": 0.219,
        "max_loading_pct": 1.6,
        "ano_saturacao": 0,
        "status": "normal"
      }
    },
    {
      "type": "Feature",
      "geometry": {
        "type": "LineString",
        "coordinates": [
          [
            -53.58532230318173,
            -27.67866689246307
          ],
          [
            -53.58584872493867,
            -27.67907209460145
          ]
        ]
      },
      "properties": {
        "nome": "sbt_12816",
        "is_switch": false,
        "normAmps": 163.8,
        "length_m": 68.7,
        "kVBase": 0.219,
        "max_loading_pct": 1.6,
        "ano_saturacao": 0,
        "status": "normal"
      }
    },
    {
      "type": "Feature",
      "geometry": {
        "type": "LineString",
        "coordinates": [
          [
            -53.58239829244718,
            -27.68705821826211
          ],
          [
            -53.581941485411164,
            -27.686597571120956
          ]
        ]
      },
      "properties": {
        "nome": "sbt_12631",
        "is_switch": false,
        "normAmps": 216.3,
        "length_m": 89.3,
        "kVBase": 0.219,
        "max_loading_pct": 0.0,
        "ano_saturacao": 0,
        "status": "normal"
      }
    },
    {
      "type": "Feature",
      "geometry": {
        "type": "LineString",
        "coordinates": [
          [
            -53.582792193704734,
            -27.687429812735616
          ],
          [
            -53.58239829244718,
            -27.68705821826211
          ]
        ]
      },
      "properties": {
        "nome": "sbt_12632",
        "is_switch": false,
        "normAmps": 216.3,
        "length_m": 68.1,
        "kVBase": 0.219,
        "max_loading_pct": 0.0,
        "ano_saturacao": 0,
        "status": "normal"
      }
    },
    {
      "type": "Feature",
      "geometry": {
        "type": "LineString",
        "coordinates": [
          [
            -53.58239829244718,
            -27.68705821826211
          ],
          [
            -53.582792193704734,
            -27.687429812735616
          ]
        ]
      },
      "properties": {
        "nome": "sbt_12633",
        "is_switch": false,
        "normAmps": 216.3,
        "length_m": 56.6,
        "kVBase": 0.219,
        "max_loading_pct": 0.0,
        "ano_saturacao": 0,
        "status": "normal"
      }
    },
    {
      "type": "Feature",
      "geometry": {
        "type": "LineString",
        "coordinates": [
          [
            -53.595683952752154,
            -27.81391649255204
          ],
          [
            -53.596346824146565,
            -27.814481449359334
          ]
        ]
      },
      "properties": {
        "nome": "sbt_12635",
        "is_switch": false,
        "normAmps": 163.8,
        "length_m": 90.5,
        "kVBase": 0.219,
        "max_loading_pct": 0.4,
        "ano_saturacao": 0,
        "status": "normal"
      }
    },
    {
      "type": "Feature",
      "geometry": {
        "type": "LineString",
        "coordinates": [
          [
            -53.58896234783407,
            -27.700207602498836
          ],
          [
            -53.58952205889585,
            -27.700729453001827
          ]
        ]
      },
      "properties": {
        "nome": "sbt_12492",
        "is_switch": false,
        "normAmps": 163.8,
        "length_m": 100.6,
        "kVBase": 0.219,
        "max_loading_pct": 1.6,
        "ano_saturacao": 0,
        "status": "normal"
      }
    },
    {
      "type": "Feature",
      "geometry": {
        "type": "LineString",
        "coordinates": [
          [
            -53.58952205889585,
            -27.700729453001827
          ],
          [
            -53.58896234783407,
            -27.700207602498836
          ]
        ]
      },
      "properties": {
        "nome": "sbt_12493",
        "is_switch": false,
        "normAmps": 163.8,
        "length_m": 80.0,
        "kVBase": 0.219,
        "max_loading_pct": 0.0,
        "ano_saturacao": 0,
        "status": "normal"
      }
    },
    {
      "type": "Feature",
      "geometry": {
        "type": "LineString",
        "coordinates": [
          [
            -53.580101991413756,
            -27.68423189008962
          ],
          [
            -53.58038549549417,
            -27.684650662098306
          ]
        ]
      },
      "properties": {
        "nome": "sbt_12437",
        "is_switch": false,
        "normAmps": 216.3,
        "length_m": 47.5,
        "kVBase": 0.219,
        "max_loading_pct": 0.0,
        "ano_saturacao": 0,
        "status": "normal"
      }
    },
    {
      "type": "Feature",
      "geometry": {
        "type": "LineString",
        "coordinates": [
          [
            -53.595683952752154,
            -27.81391649255204
          ],
          [
            -53.59510330277516,
            -27.813395098005344
          ]
        ]
      },
      "properties": {
        "nome": "sbt_12020",
        "is_switch": false,
        "normAmps": 163.8,
        "length_m": 88.4,
        "kVBase": 0.219,
        "max_loading_pct": 0.4,
        "ano_saturacao": 0,
        "status": "normal"
      }
    },
    {
      "type": "Feature",
      "geometry": {
        "type": "LineString",
        "coordinates": [
          [
            -53.57262504590909,
            -27.717618900891523
          ],
          [
            -53.57331271071297,
            -27.717976030669263
          ]
        ]
      },
      "properties": {
        "nome": "sbt_11826",
        "is_switch": false,
        "normAmps": 216.3,
        "length_m": 102.2,
        "kVBase": 0.219,
        "max_loading_pct": 0.0,
        "ano_saturacao": 0,
        "status": "normal"
      }
    },
    {
      "type": "Feature",
      "geometry": {
        "type": "LineString",
        "coordinates": [
          [
            -53.58952205889585,
            -27.700729453001827
          ],
          [
            -53.58854374849517,
            -27.70222743304953
          ]
        ]
      },
      "properties": {
        "nome": "sbt_11694",
        "is_switch": false,
        "normAmps": 163.8,
        "length_m": 89.4,
        "kVBase": 0.219,
        "max_loading_pct": 1.6,
        "ano_saturacao": 0,
        "status": "normal"
      }
    },
    {
      "type": "Feature",
      "geometry": {
        "type": "LineString",
        "coordinates": [
          [
            -53.76292916045236,
            -27.669895762279566
          ],
          [
            -53.76342625531737,
            -27.669515952499182
          ]
        ]
      },
      "properties": {
        "nome": "sbt_11363",
        "is_switch": false,
        "normAmps": 163.8,
        "length_m": 64.7,
        "kVBase": 0.219,
        "max_loading_pct": 11.1,
        "ano_saturacao": 0,
        "status": "normal"
      }
    },
    {
      "type": "Feature",
      "geometry": {
        "type": "LineString",
        "coordinates": [
          [
            -53.76374847880919,
            -27.672252123636554
          ],
          [
            -53.76359446271425,
            -27.672976934937537
          ]
        ]
      },
      "properties": {
        "nome": "sbt_11345",
        "is_switch": false,
        "normAmps": 163.8,
        "length_m": 94.0,
        "kVBase": 0.219,
        "max_loading_pct": 0.0,
        "ano_saturacao": 0,
        "status": "normal"
      }
    },
    {
      "type": "Feature",
      "geometry": {
        "type": "LineString",
        "coordinates": [
          [
            -53.76448058271268,
            -27.673960655659698
          ],
          [
            -53.76549842101525,
            -27.674138806860412
          ]
        ]
      },
      "properties": {
        "nome": "sbt_11346",
        "is_switch": false,
        "normAmps": 163.8,
        "length_m": 102.4,
        "kVBase": 0.219,
        "max_loading_pct": 0.0,
        "ano_saturacao": 0,
        "status": "normal"
      }
    },
    {
      "type": "Feature",
      "geometry": {
        "type": "LineString",
        "coordinates": [
          [
            -53.76359446271425,
            -27.672976934937537
          ],
          [
            -53.76347378268889,
            -27.673818362227564
          ]
        ]
      },
      "properties": {
        "nome": "sbt_11308",
        "is_switch": false,
        "normAmps": 163.8,
        "length_m": 85.2,
        "kVBase": 0.219,
        "max_loading_pct": 1.2,
        "ano_saturacao": 0,
        "status": "normal"
      }
    },
    {
      "type": "Feature",
      "geometry": {
        "type": "LineString",
        "coordinates": [
          [
            -53.7616212170455,
            -27.67067065682528
          ],
          [
            -53.76231228218603,
            -27.67115306666068
          ]
        ]
      },
      "properties": {
        "nome": "sbt_11321",
        "is_switch": false,
        "normAmps": 163.8,
        "length_m": 83.7,
        "kVBase": 0.219,
        "max_loading_pct": 0.0,
        "ano_saturacao": 0,
        "status": "normal"
      }
    },
    {
      "type": "Feature",
      "geometry": {
        "type": "LineString",
        "coordinates": [
          [
            -53.76231228218603,
            -27.67115306666068
          ],
          [
            -53.7616212170455,
            -27.67067065682528
          ]
        ]
      },
      "properties": {
        "nome": "sbt_11322",
        "is_switch": false,
        "normAmps": 163.8,
        "length_m": 86.7,
        "kVBase": 0.219,
        "max_loading_pct": 0.0,
        "ano_saturacao": 0,
        "status": "normal"
      }
    },
    {
      "type": "Feature",
      "geometry": {
        "type": "LineString",
        "coordinates": [
          [
            -53.75818510086168,
            -27.66821305518829
          ],
          [
            -53.758833741384024,
            -27.668218177726658
          ]
        ]
      },
      "properties": {
        "nome": "sbt_11080",
        "is_switch": false,
        "normAmps": 163.8,
        "length_m": 64.0,
        "kVBase": 0.219,
        "max_loading_pct": 1.3,
        "ano_saturacao": 0,
        "status": "normal"
      }
    },
    {
      "type": "Feature",
      "geometry": {
        "type": "LineString",
        "coordinates": [
          [
            -53.74457797789131,
            -27.661789230188788
          ],
          [
            -53.74363949216877,
            -27.66153717000435
          ]
        ]
      },
      "properties": {
        "nome": "sbt_9360",
        "is_switch": false,
        "normAmps": 163.8,
        "length_m": 99.8,
        "kVBase": 0.219,
        "max_loading_pct": 0.0,
        "ano_saturacao": 0,
        "status": "normal"
      }
    },
    {
      "type": "Feature",
      "geometry": {
        "type": "LineString",
        "coordinates": [
          [
            -53.74257214528825,
            -27.66216577543014
          ],
          [
            -53.74252999406394,
            -27.66255154321908
          ]
        ]
      },
      "properties": {
        "nome": "sbt_9361",
        "is_switch": false,
        "normAmps": 216.3,
        "length_m": 43.0,
        "kVBase": 0.219,
        "max_loading_pct": 11.9,
        "ano_saturacao": 0,
        "status": "normal"
      }
    },
    {
      "type": "Feature",
      "geometry": {
        "type": "LineString",
        "coordinates": [
          [
            -53.70651868508918,
            -27.644873155171922
          ],
          [
            -53.7066689851855,
            -27.645628066781796
          ]
        ]
      },
      "properties": {
        "nome": "sbt_7807",
        "is_switch": false,
        "normAmps": 163.8,
        "length_m": 53.9,
        "kVBase": 0.219,
        "max_loading_pct": 1.7,
        "ano_saturacao": 0,
        "status": "normal"
      }
    },
    {
      "type": "Feature",
      "geometry": {
        "type": "LineString",
        "coordinates": [
          [
            -53.70717497434555,
            -27.648072160601714
          ],
          [
            -53.70732372940654,
            -27.648763946998486
          ]
        ]
      },
      "properties": {
        "nome": "sbt_7808",
        "is_switch": false,
        "normAmps": 163.8,
        "length_m": 78.1,
        "kVBase": 0.219,
        "max_loading_pct": 0.0,
        "ano_saturacao": 0,
        "status": "normal"
      }
    },
    {
      "type": "Feature",
      "geometry": {
        "type": "LineString",
        "coordinates": [
          [
            -53.70686542050271,
            -27.644965624364033
          ],
          [
            -53.70651868508918,
            -27.644873155171922
          ]
        ]
      },
      "properties": {
        "nome": "sbt_7815",
        "is_switch": false,
        "normAmps": 163.8,
        "length_m": 85.0,
        "kVBase": 0.219,
        "max_loading_pct": 1.5,
        "ano_saturacao": 0,
        "status": "normal"
      }
    },
    {
      "type": "Feature",
      "geometry": {
        "type": "LineString",
        "coordinates": [
          [
            -53.70651868508918,
            -27.644873155171922
          ],
          [
            -53.70686542050271,
            -27.644965624364033
          ]
        ]
      },
      "properties": {
        "nome": "sbt_7816",
        "is_switch": false,
        "normAmps": 163.8,
        "length_m": 35.7,
        "kVBase": 0.219,
        "max_loading_pct": 1.5,
        "ano_saturacao": 0,
        "status": "normal"
      }
    },
    {
      "type": "Feature",
      "geometry": {
        "type": "LineString",
        "coordinates": [
          [
            -53.66570059870361,
            -27.677449458625574
          ],
          [
            -53.66493737735806,
            -27.677319796171616
          ]
        ]
      },
      "properties": {
        "nome": "sbt_7826",
        "is_switch": false,
        "normAmps": 163.8,
        "length_m": 83.0,
        "kVBase": 0.219,
        "max_loading_pct": 0.0,
        "ano_saturacao": 0,
        "status": "normal"
      }
    },
    {
      "type": "Feature",
      "geometry": {
        "type": "LineString",
        "coordinates": [
          [
            -53.66723629811662,
            -27.67767250218418
          ],
          [
            -53.66658581398411,
            -27.677594810651954
          ]
        ]
      },
      "properties": {
        "nome": "sbt_7793",
        "is_switch": false,
        "normAmps": 163.8,
        "length_m": 88.8,
        "kVBase": 0.219,
        "max_loading_pct": 0.0,
        "ano_saturacao": 0,
        "status": "normal"
      }
    },
    {
      "type": "Feature",
      "geometry": {
        "type": "LineString",
        "coordinates": [
          [
            -53.66743037631079,
            -27.678985992609455
          ],
          [
            -53.66746545976309,
            -27.678344746312973
          ]
        ]
      },
      "properties": {
        "nome": "sbt_7794",
        "is_switch": false,
        "normAmps": 163.8,
        "length_m": 77.9,
        "kVBase": 0.219,
        "max_loading_pct": 0.0,
        "ano_saturacao": 0,
        "status": "normal"
      }
    },
    {
      "type": "Feature",
      "geometry": {
        "type": "LineString",
        "coordinates": [
          [
            -53.66746545976309,
            -27.678344746312973
          ],
          [
            -53.66743037631079,
            -27.678985992609455
          ]
        ]
      },
      "properties": {
        "nome": "sbt_7795",
        "is_switch": false,
        "normAmps": 163.8,
        "length_m": 71.2,
        "kVBase": 0.219,
        "max_loading_pct": 0.0,
        "ano_saturacao": 0,
        "status": "normal"
      }
    },
    {
      "type": "Feature",
      "geometry": {
        "type": "LineString",
        "coordinates": [
          [
            -53.68934559192547,
            -27.615019667023944
          ],
          [
            -53.68899809748416,
            -27.61530609030376
          ]
        ]
      },
      "properties": {
        "nome": "sbt_7584",
        "is_switch": false,
        "normAmps": 163.8,
        "length_m": 40.3,
        "kVBase": 0.219,
        "max_loading_pct": 56.9,
        "ano_saturacao": 0,
        "status": "normal"
      }
    },
    {
      "type": "Feature",
      "geometry": {
        "type": "LineString",
        "coordinates": [
          [
            -53.66658581398411,
            -27.677594810651954
          ],
          [
            -53.66570059870361,
            -27.677449458625574
          ]
        ]
      },
      "properties": {
        "nome": "sbt_7593",
        "is_switch": false,
        "normAmps": 163.8,
        "length_m": 76.7,
        "kVBase": 0.219,
        "max_loading_pct": 0.0,
        "ano_saturacao": 0,
        "status": "normal"
      }
    },
    {
      "type": "Feature",
      "geometry": {
        "type": "LineString",
        "coordinates": [
          [
            -53.70720383179139,
            -27.647187442646327
          ],
          [
            -53.70645482962664,
            -27.646805108468925
          ]
        ]
      },
      "properties": {
        "nome": "sbt_7599",
        "is_switch": false,
        "normAmps": 163.8,
        "length_m": 79.6,
        "kVBase": 0.219,
        "max_loading_pct": 1.5,
        "ano_saturacao": 0,
        "status": "normal"
      }
    },
    {
      "type": "Feature",
      "geometry": {
        "type": "LineString",
        "coordinates": [
          [
            -53.705269017750936,
            -27.64719816796105
          ],
          [
            -53.70577156430619,
            -27.64703498057986
          ]
        ]
      },
      "properties": {
        "nome": "sbt_7601",
        "is_switch": false,
        "normAmps": 163.8,
        "length_m": 72.1,
        "kVBase": 0.219,
        "max_loading_pct": 0.4,
        "ano_saturacao": 0,
        "status": "normal"
      }
    },
    {
      "type": "Feature",
      "geometry": {
        "type": "LineString",
        "coordinates": [
          [
            -53.6844609889834,
            -27.636072659425622
          ],
          [
            -53.68506589457536,
            -27.63678270835527
          ]
        ]
      },
      "properties": {
        "nome": "sbt_7560",
        "is_switch": false,
        "normAmps": 216.3,
        "length_m": 100.4,
        "kVBase": 0.219,
        "max_loading_pct": 1.8,
        "ano_saturacao": 0,
        "status": "normal"
      }
    },
    {
      "type": "Feature",
      "geometry": {
        "type": "LineString",
        "coordinates": [
          [
            -53.69544160684461,
            -27.648436256527987
          ],
          [
            -53.69433549918392,
            -27.647537523537835
          ]
        ]
      },
      "properties": {
        "nome": "sbt_7505",
        "is_switch": false,
        "normAmps": 163.8,
        "length_m": 182.7,
        "kVBase": 0.219,
        "max_loading_pct": 0.0,
        "ano_saturacao": 0,
        "status": "normal"
      }
    },
    {
      "type": "Feature",
      "geometry": {
        "type": "LineString",
        "coordinates": [
          [
            -53.69544160684461,
            -27.648436256527987
          ],
          [
            -53.69610520129396,
            -27.64905488667364
          ]
        ]
      },
      "properties": {
        "nome": "sbt_7506",
        "is_switch": false,
        "normAmps": 163.8,
        "length_m": 94.9,
        "kVBase": 0.219,
        "max_loading_pct": 0.0,
        "ano_saturacao": 0,
        "status": "normal"
      }
    },
    {
      "type": "Feature",
      "geometry": {
        "type": "LineString",
        "coordinates": [
          [
            -53.65447787345505,
            -27.674768957321476
          ],
          [
            -53.65371327165013,
            -27.67500014603985
          ]
        ]
      },
      "properties": {
        "nome": "sbt_7427",
        "is_switch": false,
        "normAmps": 216.3,
        "length_m": 79.1,
        "kVBase": 0.219,
        "max_loading_pct": 9.0,
        "ano_saturacao": 0,
        "status": "normal"
      }
    },
    {
      "type": "Feature",
      "geometry": {
        "type": "LineString",
        "coordinates": [
          [
            -53.728911592695795,
            -27.642151404663537
          ],
          [
            -53.72940466759127,
            -27.641609401252822
          ]
        ]
      },
      "properties": {
        "nome": "sbt_7399",
        "is_switch": false,
        "normAmps": 216.3,
        "length_m": 72.5,
        "kVBase": 0.219,
        "max_loading_pct": 0.9,
        "ano_saturacao": 0,
        "status": "normal"
      }
    },
    {
      "type": "Feature",
      "geometry": {
        "type": "LineString",
        "coordinates": [
          [
            -53.724367978499345,
            -27.619054459195866
          ],
          [
            -53.72526444789594,
            -27.61926238874821
          ]
        ]
      },
      "properties": {
        "nome": "sbt_7384",
        "is_switch": false,
        "normAmps": 163.8,
        "length_m": 91.5,
        "kVBase": 0.219,
        "max_loading_pct": 0.0,
        "ano_saturacao": 0,
        "status": "normal"
      }
    },
    {
      "type": "Feature",
      "geometry": {
        "type": "LineString",
        "coordinates": [
          [
            -53.710690025823965,
            -27.609425418048545
          ],
          [
            -53.71149386055316,
            -27.60916611022776
          ]
        ]
      },
      "properties": {
        "nome": "sbt_7385",
        "is_switch": false,
        "normAmps": 163.8,
        "length_m": 54.2,
        "kVBase": 0.219,
        "max_loading_pct": 0.0,
        "ano_saturacao": 0,
        "status": "normal"
      }
    },
    {
      "type": "Feature",
      "geometry": {
        "type": "LineString",
        "coordinates": [
          [
            -53.70873137075614,
            -27.610086208411758
          ],
          [
            -53.70925376984559,
            -27.609913606927364
          ]
        ]
      },
      "properties": {
        "nome": "sbt_7386",
        "is_switch": false,
        "normAmps": 163.8,
        "length_m": 151.8,
        "kVBase": 0.219,
        "max_loading_pct": 0.0,
        "ano_saturacao": 0,
        "status": "normal"
      }
    },
    {
      "type": "Feature",
      "geometry": {
        "type": "LineString",
        "coordinates": [
          [
            -53.70925376984559,
            -27.609913606927364
          ],
          [
            -53.70873137075614,
            -27.610086208411758
          ]
        ]
      },
      "properties": {
        "nome": "sbt_7387",
        "is_switch": false,
        "normAmps": 163.8,
        "length_m": 55.0,
        "kVBase": 0.219,
        "max_loading_pct": 0.0,
        "ano_saturacao": 0,
        "status": "normal"
      }
    },
    {
      "type": "Feature",
      "geometry": {
        "type": "LineString",
        "coordinates": [
          [
            -53.68646994403264,
            -27.65194867209351
          ],
          [
            -53.68552792307514,
            -27.652372929067383
          ]
        ]
      },
      "properties": {
        "nome": "sbt_7351",
        "is_switch": false,
        "normAmps": 216.3,
        "length_m": 104.2,
        "kVBase": 0.219,
        "max_loading_pct": 0.0,
        "ano_saturacao": 0,
        "status": "normal"
      }
    },
    {
      "type": "Feature",
      "geometry": {
        "type": "LineString",
        "coordinates": [
          [
            -53.68402316393781,
            -27.63556687980764
          ],
          [
            -53.68362584525653,
            -27.635060314182113
          ]
        ]
      },
      "properties": {
        "nome": "sbt_7324",
        "is_switch": false,
        "normAmps": 216.3,
        "length_m": 68.5,
        "kVBase": 0.219,
        "max_loading_pct": 0.6,
        "ano_saturacao": 0,
        "status": "normal"
      }
    },
    {
      "type": "Feature",
      "geometry": {
        "type": "LineString",
        "coordinates": [
          [
            -53.66188694262826,
            -27.65725907254813
          ],
          [
            -53.66202224652943,
            -27.65657078811131
          ]
        ]
      },
      "properties": {
        "nome": "sbt_7295",
        "is_switch": false,
        "normAmps": 163.8,
        "length_m": 77.5,
        "kVBase": 0.219,
        "max_loading_pct": 0.0,
        "ano_saturacao": 0,
        "status": "normal"
      }
    },
    {
      "type": "Feature",
      "geometry": {
        "type": "LineString",
        "coordinates": [
          [
            -53.57331271071297,
            -27.717976030669263
          ],
          [
            -53.57421552662521,
            -27.71842840134957
          ]
        ]
      },
      "properties": {
        "nome": "sbt_6793",
        "is_switch": false,
        "normAmps": 216.3,
        "length_m": 122.4,
        "kVBase": 0.219,
        "max_loading_pct": 0.0,
        "ano_saturacao": 0,
        "status": "normal"
      }
    },
    {
      "type": "Feature",
      "geometry": {
        "type": "LineString",
        "coordinates": [
          [
            -53.691651524698045,
            -27.645090582464377
          ],
          [
            -53.690885643157856,
            -27.64484381838747
          ]
        ]
      },
      "properties": {
        "nome": "sbt_6296",
        "is_switch": false,
        "normAmps": 163.8,
        "length_m": 81.5,
        "kVBase": 0.219,
        "max_loading_pct": 0.9,
        "ano_saturacao": 0,
        "status": "normal"
      }
    },
    {
      "type": "Feature",
      "geometry": {
        "type": "LineString",
        "coordinates": [
          [
            -53.68930149276963,
            -27.644279117886924
          ],
          [
            -53.688535400788055,
            -27.644023321918723
          ]
        ]
      },
      "properties": {
        "nome": "sbt_6297",
        "is_switch": false,
        "normAmps": 163.8,
        "length_m": 80.8,
        "kVBase": 0.219,
        "max_loading_pct": 0.0,
        "ano_saturacao": 0,
        "status": "normal"
      }
    },
    {
      "type": "Feature",
      "geometry": {
        "type": "LineString",
        "coordinates": [
          [
            -53.69240728257,
            -27.64533753899616
          ],
          [
            -53.691651524698045,
            -27.645090582464377
          ]
        ]
      },
      "properties": {
        "nome": "sbt_6298",
        "is_switch": false,
        "normAmps": 163.8,
        "length_m": 80.4,
        "kVBase": 0.219,
        "max_loading_pct": 0.9,
        "ano_saturacao": 0,
        "status": "normal"
      }
    },
    {
      "type": "Feature",
      "geometry": {
        "type": "LineString",
        "coordinates": [
          [
            -53.65012954794025,
            -27.663314567613156
          ],
          [
            -53.65115774823147,
            -27.663599931491603
          ]
        ]
      },
      "properties": {
        "nome": "sbt_6252",
        "is_switch": false,
        "normAmps": 163.8,
        "length_m": 118.6,
        "kVBase": 0.219,
        "max_loading_pct": 0.5,
        "ano_saturacao": 0,
        "status": "normal"
      }
    },
    {
      "type": "Feature",
      "geometry": {
        "type": "LineString",
        "coordinates": [
          [
            -53.65012954794025,
            -27.663314567613156
          ],
          [
            -53.64915998164781,
            -27.663048555346506
          ]
        ]
      },
      "properties": {
        "nome": "sbt_6264",
        "is_switch": false,
        "normAmps": 163.8,
        "length_m": 100.2,
        "kVBase": 0.219,
        "max_loading_pct": 0.5,
        "ano_saturacao": 0,
        "status": "normal"
      }
    },
    {
      "type": "Feature",
      "geometry": {
        "type": "LineString",
        "coordinates": [
          [
            -53.670986623034196,
            -27.65520730976948
          ],
          [
            -53.66966737694787,
            -27.655539492353626
          ]
        ]
      },
      "properties": {
        "nome": "sbt_6273",
        "is_switch": false,
        "normAmps": 163.8,
        "length_m": 135.3,
        "kVBase": 0.219,
        "max_loading_pct": 4.5,
        "ano_saturacao": 0,
        "status": "normal"
      }
    },
    {
      "type": "Feature",
      "geometry": {
        "type": "LineString",
        "coordinates": [
          [
            -53.683540124577064,
            -27.656209741786085
          ],
          [
            -53.68416966799572,
            -27.656495273837777
          ]
        ]
      },
      "properties": {
        "nome": "sbt_6287",
        "is_switch": false,
        "normAmps": 216.3,
        "length_m": 71.9,
        "kVBase": 0.219,
        "max_loading_pct": 0.0,
        "ano_saturacao": 0,
        "status": "normal"
      }
    },
    {
      "type": "Feature",
      "geometry": {
        "type": "LineString",
        "coordinates": [
          [
            -53.602974356381424,
            -27.65975002464387
          ],
          [
            -53.602612131044964,
            -27.6607132057498
          ]
        ]
      },
      "properties": {
        "nome": "sbt_6095",
        "is_switch": false,
        "normAmps": 163.8,
        "length_m": 81.2,
        "kVBase": 0.219,
        "max_loading_pct": 0.0,
        "ano_saturacao": 0,
        "status": "normal"
      }
    },
    {
      "type": "Feature",
      "geometry": {
        "type": "LineString",
        "coordinates": [
          [
            -53.725945663661435,
            -27.62468019793272
          ],
          [
            -53.726179032336404,
            -27.624287666342696
          ]
        ]
      },
      "properties": {
        "nome": "sbt_6076",
        "is_switch": false,
        "normAmps": 163.8,
        "length_m": 49.2,
        "kVBase": 0.219,
        "max_loading_pct": 0.0,
        "ano_saturacao": 0,
        "status": "normal"
      }
    },
    {
      "type": "Feature",
      "geometry": {
        "type": "LineString",
        "coordinates": [
          [
            -53.72830282361639,
            -27.642930253528334
          ],
          [
            -53.728911592695795,
            -27.642151404663537
          ]
        ]
      },
      "properties": {
        "nome": "sbt_6046",
        "is_switch": false,
        "normAmps": 163.8,
        "length_m": 77.3,
        "kVBase": 0.219,
        "max_loading_pct": 0.0,
        "ano_saturacao": 0,
        "status": "normal"
      }
    },
    {
      "type": "Feature",
      "geometry": {
        "type": "LineString",
        "coordinates": [
          [
            -53.72830282361639,
            -27.642930253528334
          ],
          [
            -53.72873141891978,
            -27.643463127021676
          ]
        ]
      },
      "properties": {
        "nome": "sbt_6047",
        "is_switch": false,
        "normAmps": 163.8,
        "length_m": 72.7,
        "kVBase": 0.219,
        "max_loading_pct": 0.0,
        "ano_saturacao": 0,
        "status": "normal"
      }
    },
    {
      "type": "Feature",
      "geometry": {
        "type": "LineString",
        "coordinates": [
          [
            -53.72648751598604,
            -27.626925022671628
          ],
          [
            -53.72658595128058,
            -27.62762679603975
          ]
        ]
      },
      "properties": {
        "nome": "sbt_6048",
        "is_switch": false,
        "normAmps": 163.8,
        "length_m": 78.4,
        "kVBase": 0.219,
        "max_loading_pct": 3.2,
        "ano_saturacao": 0,
        "status": "normal"
      }
    },
    {
      "type": "Feature",
      "geometry": {
        "type": "LineString",
        "coordinates": [
          [
            -53.72704940340719,
            -27.630793393500255
          ],
          [
            -53.72691678398235,
            -27.629938921543953
          ]
        ]
      },
      "properties": {
        "nome": "sbt_5863",
        "is_switch": false,
        "normAmps": 216.3,
        "length_m": 88.5,
        "kVBase": 0.219,
        "max_loading_pct": 0.0,
        "ano_saturacao": 0,
        "status": "normal"
      }
    },
    {
      "type": "Feature",
      "geometry": {
        "type": "LineString",
        "coordinates": [
          [
            -53.72691678398235,
            -27.629938921543953
          ],
          [
            -53.72704940340719,
            -27.630793393500255
          ]
        ]
      },
      "properties": {
        "nome": "sbt_5864",
        "is_switch": false,
        "normAmps": 216.3,
        "length_m": 95.6,
        "kVBase": 0.219,
        "max_loading_pct": 0.0,
        "ano_saturacao": 0,
        "status": "normal"
      }
    },
    {
      "type": "Feature",
      "geometry": {
        "type": "LineString",
        "coordinates": [
          [
            -53.72343882324304,
            -27.62038991736074
          ],
          [
            -53.724032108694814,
            -27.620215867068566
          ]
        ]
      },
      "properties": {
        "nome": "sbt_5870",
        "is_switch": false,
        "normAmps": 163.8,
        "length_m": 99.6,
        "kVBase": 0.219,
        "max_loading_pct": 1.0,
        "ano_saturacao": 0,
        "status": "normal"
      }
    },
    {
      "type": "Feature",
      "geometry": {
        "type": "LineString",
        "coordinates": [
          [
            -53.724032108694814,
            -27.620215867068566
          ],
          [
            -53.72343882324304,
            -27.62038991736074
          ]
        ]
      },
      "properties": {
        "nome": "sbt_5871",
        "is_switch": false,
        "normAmps": 163.8,
        "length_m": 61.7,
        "kVBase": 0.219,
        "max_loading_pct": 1.0,
        "ano_saturacao": 0,
        "status": "normal"
      }
    },
    {
      "type": "Feature",
      "geometry": {
        "type": "LineString",
        "coordinates": [
          [
            -53.5935875934926,
            -27.644145827567854
          ],
          [
            -53.59335880326614,
            -27.64475461463371
          ]
        ]
      },
      "properties": {
        "nome": "sbt_5820",
        "is_switch": false,
        "normAmps": 216.3,
        "length_m": 129.5,
        "kVBase": 0.219,
        "max_loading_pct": 0.0,
        "ano_saturacao": 0,
        "status": "normal"
      }
    },
    {
      "type": "Feature",
      "geometry": {
        "type": "LineString",
        "coordinates": [
          [
            -53.59126005720583,
            -27.649846459146715
          ],
          [
            -53.59151380271976,
            -27.649435701896095
          ]
        ]
      },
      "properties": {
        "nome": "sbt_5828",
        "is_switch": false,
        "normAmps": 163.8,
        "length_m": 83.2,
        "kVBase": 0.219,
        "max_loading_pct": 2.4,
        "ano_saturacao": 0,
        "status": "normal"
      }
    },
    {
      "type": "Feature",
      "geometry": {
        "type": "LineString",
        "coordinates": [
          [
            -53.59151380271976,
            -27.649435701896095
          ],
          [
            -53.59126005720583,
            -27.649846459146715
          ]
        ]
      },
      "properties": {
        "nome": "sbt_5829",
        "is_switch": false,
        "normAmps": 163.8,
        "length_m": 52.0,
        "kVBase": 0.219,
        "max_loading_pct": 0.0,
        "ano_saturacao": 0,
        "status": "normal"
      }
    },
    {
      "type": "Feature",
      "geometry": {
        "type": "LineString",
        "coordinates": [
          [
            -53.602612131044964,
            -27.6607132057498
          ],
          [
            -53.602690215580935,
            -27.66144255413053
          ]
        ]
      },
      "properties": {
        "nome": "sbt_5830",
        "is_switch": false,
        "normAmps": 163.8,
        "length_m": 54.4,
        "kVBase": 0.219,
        "max_loading_pct": 5.0,
        "ano_saturacao": 0,
        "status": "normal"
      }
    },
    {
      "type": "Feature",
      "geometry": {
        "type": "LineString",
        "coordinates": [
          [
            -53.58295895049514,
            -27.677723040485887
          ],
          [
            -53.58247095137324,
            -27.67808853126064
          ]
        ]
      },
      "properties": {
        "nome": "sbt_5607",
        "is_switch": false,
        "normAmps": 163.8,
        "length_m": 62.9,
        "kVBase": 0.219,
        "max_loading_pct": 0.4,
        "ano_saturacao": 0,
        "status": "normal"
      }
    },
    {
      "type": "Feature",
      "geometry": {
        "type": "LineString",
        "coordinates": [
          [
            -53.59109729250599,
            -27.661416294826097
          ],
          [
            -53.58897057573142,
            -27.66318837474364
          ]
        ]
      },
      "properties": {
        "nome": "sbt_5542",
        "is_switch": false,
        "normAmps": 163.8,
        "length_m": 138.7,
        "kVBase": 0.219,
        "max_loading_pct": 0.0,
        "ano_saturacao": 0,
        "status": "normal"
      }
    },
    {
      "type": "Feature",
      "geometry": {
        "type": "LineString",
        "coordinates": [
          [
            -53.59109729250599,
            -27.661416294826097
          ],
          [
            -53.591804846716286,
            -27.660482767965334
          ]
        ]
      },
      "properties": {
        "nome": "sbt_5543",
        "is_switch": false,
        "normAmps": 163.8,
        "length_m": 124.9,
        "kVBase": 0.219,
        "max_loading_pct": 0.0,
        "ano_saturacao": 0,
        "status": "normal"
      }
    },
    {
      "type": "Feature",
      "geometry": {
        "type": "LineString",
        "coordinates": [
          [
            -53.59152703174709,
            -27.659874438654356
          ],
          [
            -53.591804846716286,
            -27.660482767965334
          ]
        ]
      },
      "properties": {
        "nome": "sbt_5544",
        "is_switch": false,
        "normAmps": 163.8,
        "length_m": 72.8,
        "kVBase": 0.219,
        "max_loading_pct": 0.0,
        "ano_saturacao": 0,
        "status": "normal"
      }
    },
    {
      "type": "Feature",
      "geometry": {
        "type": "LineString",
        "coordinates": [
          [
            -53.58794755913249,
            -27.663207492531683
          ],
          [
            -53.58897057573142,
            -27.66318837474364
          ]
        ]
      },
      "properties": {
        "nome": "sbt_5340",
        "is_switch": false,
        "normAmps": 163.8,
        "length_m": 87.1,
        "kVBase": 0.219,
        "max_loading_pct": 0.0,
        "ano_saturacao": 0,
        "status": "normal"
      }
    },
    {
      "type": "Feature",
      "geometry": {
        "type": "LineString",
        "coordinates": [
          [
            -53.58610346870006,
            -27.67655007092901
          ],
          [
            -53.58527230627186,
            -27.676114469007473
          ]
        ]
      },
      "properties": {
        "nome": "sbt_4772",
        "is_switch": false,
        "normAmps": 163.8,
        "length_m": 85.5,
        "kVBase": 0.219,
        "max_loading_pct": 1.4,
        "ano_saturacao": 0,
        "status": "normal"
      }
    },
    {
      "type": "Feature",
      "geometry": {
        "type": "LineString",
        "coordinates": [
          [
            -53.58495966865377,
            -27.678330809519196
          ],
          [
            -53.58477336689731,
            -27.677305726278178
          ]
        ]
      },
      "properties": {
        "nome": "sbt_4773",
        "is_switch": false,
        "normAmps": 163.8,
        "length_m": 80.1,
        "kVBase": 0.219,
        "max_loading_pct": 1.6,
        "ano_saturacao": 0,
        "status": "normal"
      }
    },
    {
      "type": "Feature",
      "geometry": {
        "type": "LineString",
        "coordinates": [
          [
            -53.602974356381424,
            -27.65975002464387
          ],
          [
            -53.60347538038445,
            -27.658657920326732
          ]
        ]
      },
      "properties": {
        "nome": "sbt_4716",
        "is_switch": false,
        "normAmps": 163.8,
        "length_m": 130.8,
        "kVBase": 0.219,
        "max_loading_pct": 0.0,
        "ano_saturacao": 0,
        "status": "normal"
      }
    },
    {
      "type": "Feature",
      "geometry": {
        "type": "LineString",
        "coordinates": [
          [
            -53.73499554500836,
            -27.662312594250807
          ],
          [
            -53.7343759435949,
            -27.662658637186325
          ]
        ]
      },
      "properties": {
        "nome": "sbt_4615",
        "is_switch": false,
        "normAmps": 163.8,
        "length_m": 72.2,
        "kVBase": 0.219,
        "max_loading_pct": 4.2,
        "ano_saturacao": 0,
        "status": "normal"
      }
    },
    {
      "type": "Feature",
      "geometry": {
        "type": "LineString",
        "coordinates": [
          [
            -53.64593393090615,
            -27.729327242058503
          ],
          [
            -53.644316778096766,
            -27.728699556639185
          ]
        ]
      },
      "properties": {
        "nome": "sbt_4617",
        "is_switch": false,
        "normAmps": 286.65,
        "length_m": 16.1,
        "kVBase": 0.219,
        "max_loading_pct": 0.0,
        "ano_saturacao": 0,
        "status": "normal"
      }
    },
    {
      "type": "Feature",
      "geometry": {
        "type": "LineString",
        "coordinates": [
          [
            -53.644316778096766,
            -27.728699556639185
          ],
          [
            -53.64593393090615,
            -27.729327242058503
          ]
        ]
      },
      "properties": {
        "nome": "sbt_4618",
        "is_switch": false,
        "normAmps": 286.65,
        "length_m": 174.1,
        "kVBase": 0.219,
        "max_loading_pct": 0.0,
        "ano_saturacao": 0,
        "status": "normal"
      }
    },
    {
      "type": "Feature",
      "geometry": {
        "type": "LineString",
        "coordinates": [
          [
            -53.64242265658032,
            -27.724576540974567
          ],
          [
            -53.64282062187414,
            -27.72426218295334
          ]
        ]
      },
      "properties": {
        "nome": "sbt_4619",
        "is_switch": false,
        "normAmps": 216.3,
        "length_m": 52.5,
        "kVBase": 0.219,
        "max_loading_pct": 2.5,
        "ano_saturacao": 0,
        "status": "normal"
      }
    },
    {
      "type": "Feature",
      "geometry": {
        "type": "LineString",
        "coordinates": [
          [
            -53.57462109568695,
            -27.836397745959175
          ],
          [
            -53.5737515286101,
            -27.83610721367694
          ]
        ]
      },
      "properties": {
        "nome": "sbt_4624",
        "is_switch": false,
        "normAmps": 163.8,
        "length_m": 104.9,
        "kVBase": 0.219,
        "max_loading_pct": 0.0,
        "ano_saturacao": 0,
        "status": "normal"
      }
    },
    {
      "type": "Feature",
      "geometry": {
        "type": "LineString",
        "coordinates": [
          [
            -53.57462109568695,
            -27.836397745959175
          ],
          [
            -53.57522540502839,
            -27.836630067823307
          ]
        ]
      },
      "properties": {
        "nome": "sbt_4625",
        "is_switch": false,
        "normAmps": 163.8,
        "length_m": 64.9,
        "kVBase": 0.219,
        "max_loading_pct": 0.0,
        "ano_saturacao": 0,
        "status": "normal"
      }
    },
    {
      "type": "Feature",
      "geometry": {
        "type": "LineString",
        "coordinates": [
          [
            -53.7332368497008,
            -27.684053872887887
          ],
          [
            -53.73299347426939,
            -27.68486162146661
          ]
        ]
      },
      "properties": {
        "nome": "sbt_4564",
        "is_switch": false,
        "normAmps": 163.8,
        "length_m": 79.1,
        "kVBase": 0.219,
        "max_loading_pct": 0.1,
        "ano_saturacao": 0,
        "status": "normal"
      }
    },
    {
      "type": "Feature",
      "geometry": {
        "type": "LineString",
        "coordinates": [
          [
            -53.71303262665435,
            -27.69119069839195
          ],
          [
            -53.71025177809702,
            -27.69185867164032
          ]
        ]
      },
      "properties": {
        "nome": "sbt_4577",
        "is_switch": false,
        "normAmps": 163.8,
        "length_m": 97.7,
        "kVBase": 0.219,
        "max_loading_pct": 1.7,
        "ano_saturacao": 0,
        "status": "normal"
      }
    },
    {
      "type": "Feature",
      "geometry": {
        "type": "LineString",
        "coordinates": [
          [
            -53.713762106336105,
            -27.690770411025596
          ],
          [
            -53.71303262665435,
            -27.69119069839195
          ]
        ]
      },
      "properties": {
        "nome": "sbt_4579",
        "is_switch": false,
        "normAmps": 163.8,
        "length_m": 80.5,
        "kVBase": 0.219,
        "max_loading_pct": 0.0,
        "ano_saturacao": 0,
        "status": "normal"
      }
    },
    {
      "type": "Feature",
      "geometry": {
        "type": "LineString",
        "coordinates": [
          [
            -53.70643811392779,
            -27.69380084033645
          ],
          [
            -53.7066106803386,
            -27.692579504340586
          ]
        ]
      },
      "properties": {
        "nome": "sbt_4580",
        "is_switch": false,
        "normAmps": 163.8,
        "length_m": 58.2,
        "kVBase": 0.219,
        "max_loading_pct": 6.1,
        "ano_saturacao": 0,
        "status": "normal"
      }
    },
    {
      "type": "Feature",
      "geometry": {
        "type": "LineString",
        "coordinates": [
          [
            -53.59871013006841,
            -27.747906543951785
          ],
          [
            -53.59901366474878,
            -27.748730891317564
          ]
        ]
      },
      "properties": {
        "nome": "sbt_4429",
        "is_switch": false,
        "normAmps": 216.3,
        "length_m": 84.6,
        "kVBase": 0.219,
        "max_loading_pct": 0.0,
        "ano_saturacao": 0,
        "status": "normal"
      }
    },
    {
      "type": "Feature",
      "geometry": {
        "type": "LineString",
        "coordinates": [
          [
            -53.71656785712088,
            -27.700928154610608
          ],
          [
            -53.71682583304573,
            -27.701112548904973
          ]
        ]
      },
      "properties": {
        "nome": "sbt_4378",
        "is_switch": false,
        "normAmps": 163.8,
        "length_m": 32.6,
        "kVBase": 0.219,
        "max_loading_pct": 1.8,
        "ano_saturacao": 0,
        "status": "normal"
      }
    },
    {
      "type": "Feature",
      "geometry": {
        "type": "LineString",
        "coordinates": [
          [
            -53.71688033735762,
            -27.688995076461538
          ],
          [
            -53.71586157185402,
            -27.689601492914505
          ]
        ]
      },
      "properties": {
        "nome": "sbt_4359",
        "is_switch": false,
        "normAmps": 163.8,
        "length_m": 125.0,
        "kVBase": 0.219,
        "max_loading_pct": 0.0,
        "ano_saturacao": 0,
        "status": "normal"
      }
    },
    {
      "type": "Feature",
      "geometry": {
        "type": "LineString",
        "coordinates": [
          [
            -53.74478563045244,
            -27.683464491393124
          ],
          [
            -53.745502790321495,
            -27.68336907422338
          ]
        ]
      },
      "properties": {
        "nome": "sbt_4329",
        "is_switch": false,
        "normAmps": 216.3,
        "length_m": 71.6,
        "kVBase": 0.219,
        "max_loading_pct": 0.0,
        "ano_saturacao": 0,
        "status": "normal"
      }
    },
    {
      "type": "Feature",
      "geometry": {
        "type": "LineString",
        "coordinates": [
          [
            -53.743008934314844,
            -27.68374329741522
          ],
          [
            -53.742908525008374,
            -27.683375392860057
          ]
        ]
      },
      "properties": {
        "nome": "sbt_4338",
        "is_switch": false,
        "normAmps": 216.3,
        "length_m": 42.0,
        "kVBase": 0.219,
        "max_loading_pct": 1.7,
        "ano_saturacao": 0,
        "status": "normal"
      }
    },
    {
      "type": "Feature",
      "geometry": {
        "type": "LineString",
        "coordinates": [
          [
            -53.73150848133133,
            -27.668362903824914
          ],
          [
            -53.73056110940763,
            -27.668977030165763
          ]
        ]
      },
      "properties": {
        "nome": "sbt_4119",
        "is_switch": false,
        "normAmps": 163.8,
        "length_m": 105.8,
        "kVBase": 0.219,
        "max_loading_pct": 0.0,
        "ano_saturacao": 0,
        "status": "normal"
      }
    },
    {
      "type": "Feature",
      "geometry": {
        "type": "LineString",
        "coordinates": [
          [
            -53.72740333609505,
            -27.669129478742434
          ],
          [
            -53.72781447285962,
            -27.669770956164655
          ]
        ]
      },
      "properties": {
        "nome": "sbt_4120",
        "is_switch": false,
        "normAmps": 163.8,
        "length_m": 78.7,
        "kVBase": 0.219,
        "max_loading_pct": 3.5,
        "ano_saturacao": 0,
        "status": "normal"
      }
    },
    {
      "type": "Feature",
      "geometry": {
        "type": "LineString",
        "coordinates": [
          [
            -53.7066106803386,
            -27.692579504340586
          ],
          [
            -53.70643811392779,
            -27.69380084033645
          ]
        ]
      },
      "properties": {
        "nome": "sbt_4093",
        "is_switch": false,
        "normAmps": 163.8,
        "length_m": 136.5,
        "kVBase": 0.219,
        "max_loading_pct": 1.6,
        "ano_saturacao": 0,
        "status": "normal"
      }
    },
    {
      "type": "Feature",
      "geometry": {
        "type": "LineString",
        "coordinates": [
          [
            -53.71586157185402,
            -27.689601492914505
          ],
          [
            -53.71688033735762,
            -27.688995076461538
          ]
        ]
      },
      "properties": {
        "nome": "sbt_4102",
        "is_switch": false,
        "normAmps": 163.8,
        "length_m": 121.0,
        "kVBase": 0.219,
        "max_loading_pct": 0.0,
        "ano_saturacao": 0,
        "status": "normal"
      }
    },
    {
      "type": "Feature",
      "geometry": {
        "type": "LineString",
        "coordinates": [
          [
            -53.71656785712088,
            -27.700928154610608
          ],
          [
            -53.71569410729717,
            -27.700846064494215
          ]
        ]
      },
      "properties": {
        "nome": "sbt_4104",
        "is_switch": false,
        "normAmps": 163.8,
        "length_m": 78.1,
        "kVBase": 0.219,
        "max_loading_pct": 1.8,
        "ano_saturacao": 0,
        "status": "normal"
      }
    },
    {
      "type": "Feature",
      "geometry": {
        "type": "LineString",
        "coordinates": [
          [
            -53.71356952101655,
            -27.70059904411056
          ],
          [
            -53.71417918492142,
            -27.700659261815417
          ]
        ]
      },
      "properties": {
        "nome": "sbt_4105",
        "is_switch": false,
        "normAmps": 163.8,
        "length_m": 36.7,
        "kVBase": 0.219,
        "max_loading_pct": 0.0,
        "ano_saturacao": 0,
        "status": "normal"
      }
    },
    {
      "type": "Feature",
      "geometry": {
        "type": "LineString",
        "coordinates": [
          [
            -53.71682583304573,
            -27.701112548904973
          ],
          [
            -53.71656785712088,
            -27.700928154610608
          ]
        ]
      },
      "properties": {
        "nome": "sbt_4106",
        "is_switch": false,
        "normAmps": 163.8,
        "length_m": 86.7,
        "kVBase": 0.219,
        "max_loading_pct": 1.8,
        "ano_saturacao": 0,
        "status": "normal"
      }
    },
    {
      "type": "Feature",
      "geometry": {
        "type": "LineString",
        "coordinates": [
          [
            -53.7121744333034,
            -27.701158687723193
          ],
          [
            -53.71182219673693,
            -27.701670818353534
          ]
        ]
      },
      "properties": {
        "nome": "sbt_4118",
        "is_switch": false,
        "normAmps": 286.65,
        "length_m": 66.6,
        "kVBase": 0.219,
        "max_loading_pct": 3.9,
        "ano_saturacao": 0,
        "status": "normal"
      }
    },
    {
      "type": "Feature",
      "geometry": {
        "type": "LineString",
        "coordinates": [
          [
            -53.55106416857649,
            -27.795611838215734
          ],
          [
            -53.55190630363296,
            -27.796047399667714
          ]
        ]
      },
      "properties": {
        "nome": "sbt_4069",
        "is_switch": false,
        "normAmps": 163.8,
        "length_m": 107.0,
        "kVBase": 0.219,
        "max_loading_pct": 0.9,
        "ano_saturacao": 0,
        "status": "normal"
      }
    },
    {
      "type": "Feature",
      "geometry": {
        "type": "LineString",
        "coordinates": [
          [
            -53.733623446664694,
            -27.668654979343785
          ],
          [
            -53.73299125923916,
            -27.668090058509335
          ]
        ]
      },
      "properties": {
        "nome": "sbt_4086",
        "is_switch": false,
        "normAmps": 163.8,
        "length_m": 62.5,
        "kVBase": 0.219,
        "max_loading_pct": 0.0,
        "ano_saturacao": 0,
        "status": "normal"
      }
    },
    {
      "type": "Feature",
      "geometry": {
        "type": "LineString",
        "coordinates": [
          [
            -53.73822720662025,
            -27.659036966582676
          ],
          [
            -53.73800573597589,
            -27.659907441075518
          ]
        ]
      },
      "properties": {
        "nome": "sbt_4087",
        "is_switch": false,
        "normAmps": 286.65,
        "length_m": 105.5,
        "kVBase": 0.219,
        "max_loading_pct": 0.0,
        "ano_saturacao": 0,
        "status": "normal"
      }
    },
    {
      "type": "Feature",
      "geometry": {
        "type": "LineString",
        "coordinates": [
          [
            -53.709506353435415,
            -27.692044682915764
          ],
          [
            -53.71025177809702,
            -27.69185867164032
          ]
        ]
      },
      "properties": {
        "nome": "sbt_4032",
        "is_switch": false,
        "normAmps": 163.8,
        "length_m": 106.0,
        "kVBase": 0.219,
        "max_loading_pct": 0.0,
        "ano_saturacao": 0,
        "status": "normal"
      }
    },
    {
      "type": "Feature",
      "geometry": {
        "type": "LineString",
        "coordinates": [
          [
            -53.73557620487793,
            -27.66203047152902
          ],
          [
            -53.73643593786818,
            -27.661562395987744
          ]
        ]
      },
      "properties": {
        "nome": "sbt_4010",
        "is_switch": false,
        "normAmps": 163.8,
        "length_m": 88.6,
        "kVBase": 0.219,
        "max_loading_pct": 4.2,
        "ano_saturacao": 0,
        "status": "normal"
      }
    },
    {
      "type": "Feature",
      "geometry": {
        "type": "LineString",
        "coordinates": [
          [
            -53.73909994290801,
            -27.659497868231995
          ],
          [
            -53.73937630457277,
            -27.659609686337888
          ]
        ]
      },
      "properties": {
        "nome": "sbt_4011",
        "is_switch": false,
        "normAmps": 163.8,
        "length_m": 30.0,
        "kVBase": 0.219,
        "max_loading_pct": 0.0,
        "ano_saturacao": 0,
        "status": "normal"
      }
    },
    {
      "type": "Feature",
      "geometry": {
        "type": "LineString",
        "coordinates": [
          [
            -53.70870915840089,
            -27.69218659413599
          ],
          [
            -53.709506353435415,
            -27.692044682915764
          ]
        ]
      },
      "properties": {
        "nome": "sbt_4031",
        "is_switch": false,
        "normAmps": 163.8,
        "length_m": 80.2,
        "kVBase": 0.219,
        "max_loading_pct": 0.0,
        "ano_saturacao": 0,
        "status": "normal"
      }
    },
    {
      "type": "Feature",
      "geometry": {
        "type": "LineString",
        "coordinates": [
          [
            -53.72781447285962,
            -27.669770956164655
          ],
          [
            -53.72740333609505,
            -27.669129478742434
          ]
        ]
      },
      "properties": {
        "nome": "sbt_3952",
        "is_switch": false,
        "normAmps": 163.8,
        "length_m": 81.9,
        "kVBase": 0.219,
        "max_loading_pct": 3.5,
        "ano_saturacao": 0,
        "status": "normal"
      }
    },
    {
      "type": "Feature",
      "geometry": {
        "type": "LineString",
        "coordinates": [
          [
            -53.73351759376192,
            -27.683119080680967
          ],
          [
            -53.7332368497008,
            -27.684053872887887
          ]
        ]
      },
      "properties": {
        "nome": "sbt_3970",
        "is_switch": false,
        "normAmps": 163.8,
        "length_m": 92.7,
        "kVBase": 0.219,
        "max_loading_pct": 0.1,
        "ano_saturacao": 0,
        "status": "normal"
      }
    },
    {
      "type": "Feature",
      "geometry": {
        "type": "LineString",
        "coordinates": [
          [
            -53.733723589771785,
            -27.682438375730385
          ],
          [
            -53.73351759376192,
            -27.683119080680967
          ]
        ]
      },
      "properties": {
        "nome": "sbt_3972",
        "is_switch": false,
        "normAmps": 163.8,
        "length_m": 107.3,
        "kVBase": 0.219,
        "max_loading_pct": 0.1,
        "ano_saturacao": 0,
        "status": "normal"
      }
    },
    {
      "type": "Feature",
      "geometry": {
        "type": "LineString",
        "coordinates": [
          [
            -53.73909994290801,
            -27.659497868231995
          ],
          [
            -53.73822720662025,
            -27.659036966582676
          ]
        ]
      },
      "properties": {
        "nome": "sbt_3899",
        "is_switch": false,
        "normAmps": 286.65,
        "length_m": 99.0,
        "kVBase": 0.219,
        "max_loading_pct": 0.0,
        "ano_saturacao": 0,
        "status": "normal"
      }
    },
    {
      "type": "Feature",
      "geometry": {
        "type": "LineString",
        "coordinates": [
          [
            -53.60204934070447,
            -27.795743084375772
          ],
          [
            -53.60310418610925,
            -27.796156268896652
          ]
        ]
      },
      "properties": {
        "nome": "sbt_3829",
        "is_switch": false,
        "normAmps": 163.8,
        "length_m": 113.6,
        "kVBase": 0.219,
        "max_loading_pct": 0.1,
        "ano_saturacao": 0,
        "status": "normal"
      }
    },
    {
      "type": "Feature",
      "geometry": {
        "type": "LineString",
        "coordinates": [
          [
            -53.607449783080995,
            -27.758884489027878
          ],
          [
            -53.60692152131111,
            -27.759273390954206
          ]
        ]
      },
      "properties": {
        "nome": "sbt_3835",
        "is_switch": false,
        "normAmps": 216.3,
        "length_m": 79.2,
        "kVBase": 0.219,
        "max_loading_pct": 1.3,
        "ano_saturacao": 0,
        "status": "normal"
      }
    },
    {
      "type": "Feature",
      "geometry": {
        "type": "LineString",
        "coordinates": [
          [
            -53.60788142618685,
            -27.758271850165727
          ],
          [
            -53.607449783080995,
            -27.758884489027878
          ]
        ]
      },
      "properties": {
        "nome": "sbt_3836",
        "is_switch": false,
        "normAmps": 216.3,
        "length_m": 67.6,
        "kVBase": 0.219,
        "max_loading_pct": 1.3,
        "ano_saturacao": 0,
        "status": "normal"
      }
    },
    {
      "type": "Feature",
      "geometry": {
        "type": "LineString",
        "coordinates": [
          [
            -53.602913518144305,
            -27.736603687310264
          ],
          [
            -53.60236481658296,
            -27.735702760873664
          ]
        ]
      },
      "properties": {
        "nome": "sbt_3837",
        "is_switch": false,
        "normAmps": 163.8,
        "length_m": 113.6,
        "kVBase": 0.219,
        "max_loading_pct": 0.0,
        "ano_saturacao": 0,
        "status": "normal"
      }
    },
    {
      "type": "Feature",
      "geometry": {
        "type": "LineString",
        "coordinates": [
          [
            -53.59105516016746,
            -27.811711809952044
          ],
          [
            -53.59114595572123,
            -27.810834943078135
          ]
        ]
      },
      "properties": {
        "nome": "sbt_3828",
        "is_switch": false,
        "normAmps": 163.8,
        "length_m": 67.6,
        "kVBase": 0.219,
        "max_loading_pct": 0.4,
        "ano_saturacao": 0,
        "status": "normal"
      }
    },
    {
      "type": "Feature",
      "geometry": {
        "type": "LineString",
        "coordinates": [
          [
            -53.55355826919873,
            -27.796837901048264
          ],
          [
            -53.55286063361132,
            -27.79650794878279
          ]
        ]
      },
      "properties": {
        "nome": "sbt_3790",
        "is_switch": false,
        "normAmps": 163.8,
        "length_m": 31.4,
        "kVBase": 0.219,
        "max_loading_pct": 2.3,
        "ano_saturacao": 0,
        "status": "normal"
      }
    },
    {
      "type": "Feature",
      "geometry": {
        "type": "LineString",
        "coordinates": [
          [
            -53.55190630363296,
            -27.796047399667714
          ],
          [
            -53.55286063361132,
            -27.79650794878279
          ]
        ]
      },
      "properties": {
        "nome": "sbt_3791",
        "is_switch": false,
        "normAmps": 163.8,
        "length_m": 77.9,
        "kVBase": 0.219,
        "max_loading_pct": 0.9,
        "ano_saturacao": 0,
        "status": "normal"
      }
    },
    {
      "type": "Feature",
      "geometry": {
        "type": "LineString",
        "coordinates": [
          [
            -53.59178057491357,
            -27.81106662912157
          ],
          [
            -53.59446094401733,
            -27.812838771092345
          ]
        ]
      },
      "properties": {
        "nome": "sbt_3802",
        "is_switch": false,
        "normAmps": 163.8,
        "length_m": 91.2,
        "kVBase": 0.219,
        "max_loading_pct": 0.4,
        "ano_saturacao": 0,
        "status": "normal"
      }
    },
    {
      "type": "Feature",
      "geometry": {
        "type": "LineString",
        "coordinates": [
          [
            -53.634182636319565,
            -27.840388688087444
          ],
          [
            -53.63482755005134,
            -27.84019592740009
          ]
        ]
      },
      "properties": {
        "nome": "sbt_3725",
        "is_switch": false,
        "normAmps": 163.8,
        "length_m": 67.0,
        "kVBase": 0.219,
        "max_loading_pct": 0.0,
        "ano_saturacao": 0,
        "status": "normal"
      }
    },
    {
      "type": "Feature",
      "geometry": {
        "type": "LineString",
        "coordinates": [
          [
            -53.59510330277516,
            -27.813395098005344
          ],
          [
            -53.59446094401733,
            -27.812838771092345
          ]
        ]
      },
      "properties": {
        "nome": "sbt_3750",
        "is_switch": false,
        "normAmps": 163.8,
        "length_m": 109.6,
        "kVBase": 0.219,
        "max_loading_pct": 0.4,
        "ano_saturacao": 0,
        "status": "normal"
      }
    },
    {
      "type": "Feature",
      "geometry": {
        "type": "LineString",
        "coordinates": [
          [
            -53.74290618677105,
            -27.69624952969201
          ],
          [
            -53.743674061208935,
            -27.695747131524854
          ]
        ]
      },
      "properties": {
        "nome": "sbt_3662",
        "is_switch": false,
        "normAmps": 216.3,
        "length_m": 112.3,
        "kVBase": 0.219,
        "max_loading_pct": 0.9,
        "ano_saturacao": 0,
        "status": "normal"
      }
    },
    {
      "type": "Feature",
      "geometry": {
        "type": "LineString",
        "coordinates": [
          [
            -53.74290618677105,
            -27.69624952969201
          ],
          [
            -53.742037900328796,
            -27.696790000657984
          ]
        ]
      },
      "properties": {
        "nome": "sbt_3663",
        "is_switch": false,
        "normAmps": 216.3,
        "length_m": 104.6,
        "kVBase": 0.219,
        "max_loading_pct": 0.0,
        "ano_saturacao": 0,
        "status": "normal"
      }
    },
    {
      "type": "Feature",
      "geometry": {
        "type": "LineString",
        "coordinates": [
          [
            -53.633784391336576,
            -27.839448973890967
          ],
          [
            -53.63343949143933,
            -27.838616504747847
          ]
        ]
      },
      "properties": {
        "nome": "sbt_3664",
        "is_switch": false,
        "normAmps": 163.8,
        "length_m": 120.8,
        "kVBase": 0.219,
        "max_loading_pct": 0.0,
        "ano_saturacao": 0,
        "status": "normal"
      }
    },
    {
      "type": "Feature",
      "geometry": {
        "type": "LineString",
        "coordinates": [
          [
            -53.579281271013826,
            -27.803848318744883
          ],
          [
            -53.580097103598405,
            -27.80402254260622
          ]
        ]
      },
      "properties": {
        "nome": "sbt_3491",
        "is_switch": false,
        "normAmps": 163.8,
        "length_m": 82.7,
        "kVBase": 0.219,
        "max_loading_pct": 2.9,
        "ano_saturacao": 0,
        "status": "normal"
      }
    },
    {
      "type": "Feature",
      "geometry": {
        "type": "LineString",
        "coordinates": [
          [
            -53.73555596023931,
            -27.702268218203642
          ],
          [
            -53.7357761511484,
            -27.701749621447846
          ]
        ]
      },
      "properties": {
        "nome": "sbt_3470",
        "is_switch": false,
        "normAmps": 163.8,
        "length_m": 61.5,
        "kVBase": 0.219,
        "max_loading_pct": 0.0,
        "ano_saturacao": 0,
        "status": "normal"
      }
    },
    {
      "type": "Feature",
      "geometry": {
        "type": "LineString",
        "coordinates": [
          [
            -53.73356838567241,
            -27.703859250204175
          ],
          [
            -53.734473931027026,
            -27.702776783022102
          ]
        ]
      },
      "properties": {
        "nome": "sbt_3472",
        "is_switch": false,
        "normAmps": 163.8,
        "length_m": 55.3,
        "kVBase": 0.219,
        "max_loading_pct": 0.0,
        "ano_saturacao": 0,
        "status": "normal"
      }
    },
    {
      "type": "Feature",
      "geometry": {
        "type": "LineString",
        "coordinates": [
          [
            -53.73472135700496,
            -27.702943307787393
          ],
          [
            -53.734473931027026,
            -27.702776783022102
          ]
        ]
      },
      "properties": {
        "nome": "sbt_3473",
        "is_switch": false,
        "normAmps": 163.8,
        "length_m": 30.6,
        "kVBase": 0.219,
        "max_loading_pct": 2.2,
        "ano_saturacao": 0,
        "status": "normal"
      }
    },
    {
      "type": "Feature",
      "geometry": {
        "type": "LineString",
        "coordinates": [
          [
            -53.63245531655957,
            -27.72242986644511
          ],
          [
            -53.63207212442893,
            -27.722094315000618
          ]
        ]
      },
      "properties": {
        "nome": "sbt_3417",
        "is_switch": false,
        "normAmps": 216.3,
        "length_m": 74.7,
        "kVBase": 0.219,
        "max_loading_pct": 1.4,
        "ano_saturacao": 0,
        "status": "normal"
      }
    },
    {
      "type": "Feature",
      "geometry": {
        "type": "LineString",
        "coordinates": [
          [
            -53.7343759435949,
            -27.662658637186325
          ],
          [
            -53.73499554500836,
            -27.662312594250807
          ]
        ]
      },
      "properties": {
        "nome": "sbt_3373",
        "is_switch": false,
        "normAmps": 163.8,
        "length_m": 65.3,
        "kVBase": 0.219,
        "max_loading_pct": 4.2,
        "ano_saturacao": 0,
        "status": "normal"
      }
    },
    {
      "type": "Feature",
      "geometry": {
        "type": "LineString",
        "coordinates": [
          [
            -53.73430393937525,
            -27.70327634202954
          ],
          [
            -53.73356838567241,
            -27.703859250204175
          ]
        ]
      },
      "properties": {
        "nome": "sbt_3228",
        "is_switch": false,
        "normAmps": 163.8,
        "length_m": 97.2,
        "kVBase": 0.219,
        "max_loading_pct": 0.0,
        "ano_saturacao": 0,
        "status": "normal"
      }
    },
    {
      "type": "Feature",
      "geometry": {
        "type": "LineString",
        "coordinates": [
          [
            -53.728676741038726,
            -27.70647289770602
          ],
          [
            -53.727804323111,
            -27.706039008993002
          ]
        ]
      },
      "properties": {
        "nome": "sbt_3230",
        "is_switch": false,
        "normAmps": 163.8,
        "length_m": 98.6,
        "kVBase": 0.219,
        "max_loading_pct": 0.5,
        "ano_saturacao": 0,
        "status": "normal"
      }
    },
    {
      "type": "Feature",
      "geometry": {
        "type": "LineString",
        "coordinates": [
          [
            -53.75047492158035,
            -27.66259247136543
          ],
          [
            -53.75050364862443,
            -27.661716787999296
          ]
        ]
      },
      "properties": {
        "nome": "sbt_3208",
        "is_switch": false,
        "normAmps": 216.3,
        "length_m": 83.3,
        "kVBase": 0.219,
        "max_loading_pct": 0.0,
        "ano_saturacao": 0,
        "status": "normal"
      }
    },
    {
      "type": "Feature",
      "geometry": {
        "type": "LineString",
        "coordinates": [
          [
            -53.59096258575471,
            -27.694341685420397
          ],
          [
            -53.59001488018254,
            -27.694662270347465
          ]
        ]
      },
      "properties": {
        "nome": "sbt_3174",
        "is_switch": false,
        "normAmps": 163.8,
        "length_m": 100.0,
        "kVBase": 0.219,
        "max_loading_pct": 15.6,
        "ano_saturacao": 0,
        "status": "normal"
      }
    },
    {
      "type": "Feature",
      "geometry": {
        "type": "LineString",
        "coordinates": [
          [
            -53.58612260627319,
            -27.6812323677795
          ],
          [
            -53.585984328314055,
            -27.683535676330337
          ]
        ]
      },
      "properties": {
        "nome": "sbt_2986",
        "is_switch": false,
        "normAmps": 216.3,
        "length_m": 2.8,
        "kVBase": 0.219,
        "max_loading_pct": 0.9,
        "ano_saturacao": 0,
        "status": "normal"
      }
    },
    {
      "type": "Feature",
      "geometry": {
        "type": "LineString",
        "coordinates": [
          [
            -53.58646463193719,
            -27.680693654088827
          ],
          [
            -53.58612260627319,
            -27.6812323677795
          ]
        ]
      },
      "properties": {
        "nome": "sbt_2987",
        "is_switch": false,
        "normAmps": 216.3,
        "length_m": 255.7,
        "kVBase": 0.219,
        "max_loading_pct": 0.6,
        "ano_saturacao": 0,
        "status": "normal"
      }
    },
    {
      "type": "Feature",
      "geometry": {
        "type": "LineString",
        "coordinates": [
          [
            -53.58670785088657,
            -27.70316975348129
          ],
          [
            -53.58854374849517,
            -27.70222743304953
          ]
        ]
      },
      "properties": {
        "nome": "sbt_2988",
        "is_switch": false,
        "normAmps": 163.8,
        "length_m": 73.4,
        "kVBase": 0.219,
        "max_loading_pct": 2.0,
        "ano_saturacao": 0,
        "status": "normal"
      }
    },
    {
      "type": "Feature",
      "geometry": {
        "type": "LineString",
        "coordinates": [
          [
            -53.58542609483834,
            -27.704568392617205
          ],
          [
            -53.586024528908865,
            -27.703849806423364
          ]
        ]
      },
      "properties": {
        "nome": "sbt_2989",
        "is_switch": false,
        "normAmps": 163.8,
        "length_m": 101.1,
        "kVBase": 0.219,
        "max_loading_pct": 2.0,
        "ano_saturacao": 0,
        "status": "normal"
      }
    },
    {
      "type": "Feature",
      "geometry": {
        "type": "LineString",
        "coordinates": [
          [
            -53.74144404470684,
            -27.68398179852113
          ],
          [
            -53.74084078847159,
            -27.68458016154517
          ]
        ]
      },
      "properties": {
        "nome": "sbt_2726",
        "is_switch": false,
        "normAmps": 163.8,
        "length_m": 89.1,
        "kVBase": 0.219,
        "max_loading_pct": 0.0,
        "ano_saturacao": 0,
        "status": "normal"
      }
    },
    {
      "type": "Feature",
      "geometry": {
        "type": "LineString",
        "coordinates": [
          [
            -53.74159114591458,
            -27.679729616828297
          ],
          [
            -53.7421750415449,
            -27.679979685014416
          ]
        ]
      },
      "properties": {
        "nome": "sbt_2727",
        "is_switch": false,
        "normAmps": 163.8,
        "length_m": 106.8,
        "kVBase": 0.219,
        "max_loading_pct": 0.0,
        "ano_saturacao": 0,
        "status": "normal"
      }
    },
    {
      "type": "Feature",
      "geometry": {
        "type": "LineString",
        "coordinates": [
          [
            -53.70577156430619,
            -27.64703498057986
          ],
          [
            -53.70645482962664,
            -27.646805108468925
          ]
        ]
      },
      "properties": {
        "nome": "sbt_7600",
        "is_switch": false,
        "normAmps": 163.8,
        "length_m": 44.0,
        "kVBase": 0.219,
        "max_loading_pct": 0.4,
        "ano_saturacao": 0,
        "status": "normal"
      }
    },
    {
      "type": "Feature",
      "geometry": {
        "type": "LineString",
        "coordinates": [
          [
            -53.63207212442893,
            -27.722094315000618
          ],
          [
            -53.63245531655957,
            -27.72242986644511
          ]
        ]
      },
      "properties": {
        "nome": "sbt_3418",
        "is_switch": false,
        "normAmps": 216.3,
        "length_m": 53.0,
        "kVBase": 0.219,
        "max_loading_pct": 1.4,
        "ano_saturacao": 0,
        "status": "normal"
      }
    },
    {
      "type": "Feature",
      "geometry": {
        "type": "LineString",
        "coordinates": [
          [
            -53.69819888417112,
            -27.524988463246927
          ],
          [
            -53.69857095708397,
            -27.524891468666283
          ]
        ]
      },
      "properties": {
        "nome": "sbt_37305",
        "is_switch": false,
        "normAmps": 128.1,
        "length_m": 37.5,
        "kVBase": 0.219,
        "max_loading_pct": 0.0,
        "ano_saturacao": 0,
        "status": "normal"
      }
    },
    {
      "type": "Feature",
      "geometry": {
        "type": "LineString",
        "coordinates": [
          [
            -53.69857095708397,
            -27.524891468666283
          ],
          [
            -53.69819888417112,
            -27.524988463246927
          ]
        ]
      },
      "properties": {
        "nome": "sbt_37306",
        "is_switch": false,
        "normAmps": 128.1,
        "length_m": 40.3,
        "kVBase": 0.219,
        "max_loading_pct": 0.0,
        "ano_saturacao": 0,
        "status": "normal"
      }
    },
    {
      "type": "Feature",
      "geometry": {
        "type": "LineString",
        "coordinates": [
          [
            -53.701067163019104,
            -27.519523520593964
          ],
          [
            -53.70144338450456,
            -27.51934460676813
          ]
        ]
      },
      "properties": {
        "nome": "sbt_37308",
        "is_switch": false,
        "normAmps": 128.1,
        "length_m": 44.1,
        "kVBase": 0.219,
        "max_loading_pct": 0.0,
        "ano_saturacao": 0,
        "status": "normal"
      }
    },
    {
      "type": "Feature",
      "geometry": {
        "type": "LineString",
        "coordinates": [
          [
            -53.58267431326891,
            -27.820077946639856
          ],
          [
            -53.583074074508886,
            -27.820053682931075
          ]
        ]
      },
      "properties": {
        "nome": "sbt_37156",
        "is_switch": false,
        "normAmps": 163.8,
        "length_m": 39.5,
        "kVBase": 0.219,
        "max_loading_pct": 4.3,
        "ano_saturacao": 0,
        "status": "normal"
      }
    },
    {
      "type": "Feature",
      "geometry": {
        "type": "LineString",
        "coordinates": [
          [
            -53.57275894866649,
            -27.835764836378075
          ],
          [
            -53.57179566953448,
            -27.83623391736137
          ]
        ]
      },
      "properties": {
        "nome": "sbt_36865",
        "is_switch": false,
        "normAmps": 163.8,
        "length_m": 106.5,
        "kVBase": 0.219,
        "max_loading_pct": 0.0,
        "ano_saturacao": 0,
        "status": "normal"
      }
    },
    {
      "type": "Feature",
      "geometry": {
        "type": "LineString",
        "coordinates": [
          [
            -53.642970841031456,
            -27.671623786208727
          ],
          [
            -53.64272358772337,
            -27.67097655042744
          ]
        ]
      },
      "properties": {
        "nome": "sbt_36538",
        "is_switch": false,
        "normAmps": 163.8,
        "length_m": 75.8,
        "kVBase": 0.219,
        "max_loading_pct": 0.1,
        "ano_saturacao": 0,
        "status": "normal"
      }
    },
    {
      "type": "Feature",
      "geometry": {
        "type": "LineString",
        "coordinates": [
          [
            -53.65334517374072,
            -27.664220452911536
          ],
          [
            -53.65402264113192,
            -27.665300600742114
          ]
        ]
      },
      "properties": {
        "nome": "sbt_35588",
        "is_switch": false,
        "normAmps": 216.3,
        "length_m": 137.2,
        "kVBase": 0.219,
        "max_loading_pct": 3.1,
        "ano_saturacao": 0,
        "status": "normal"
      }
    }
  ]
}