hour,meterName,activeEnergyKWh,reactiveEnergyKvarh,activeLossesKWh,reactiveLossesKvarh,deltaActiveEnergyKWh,deltaReactiveEnergyKvarh,deltaActiveLossesKWh,deltaReactiveLossesKvarh
0,busa4-_202312598_segmmt_24122,294.50852311214885,5.702132802518445,14.868084193106093,-110.56326334365941,294.50852311214885,5.702132802518445,14.868084193106093,-110.56326334365941
0,trf_16_1585a_t2,0.1566353566880145,0.03284666872467317,0.0791971112459427,4.221213557439025e-05,0.1566353566880145,0.03284666872467317,0.0791971112459427,4.221213557439025e-05
0,trf_16_1143a_t2,2.1025198807463057,0.842968859074294,0.1453811317523169,0.014077812714188504,2.1025198807463057,0.842968859074294,0.1453811317523169,0.014077812714188504
0,trf_6_4910a_t2,7.3187666942719565,3.1317158162421537,0.1848417456204038,0.15108757868606926,7.3187666942719565,3.1317158162421537,0.1848417456204038,0.15108757868606926
0,trf_6_1541a_t2,0.6157207078315473,0.22848194299371868,0.07985016861953008,0.002238083314665076,0.6157207078315473,0.22848194299371868,0.07985016861953008,0.002238083314665076
0,trf_6_1350a_t2,0.6887391860674085,0.21500346071693885,0.18362063233961323,0.0008544206640111583,0.6887391860674085,0.21500346071693885,0.18362063233961323,0.0008544206640111583
0,trf_6_808a_t2,0.5275003640829385,0.1912418983821188,0.07955106695795362,0.001493323032097244,0.5275003640829385,0.1912418983821188,0.07955106695795362,0.001493323032097244
0,trf_6_810a_t2,0.8653564201361098,0.3094912095527331,0.13957958538137444,0.0021460042605862383,0.8653564201361098,0.3094912095527331,0.13957958538137444,0.0021460042605862383
0,trf_16_3130a_t2,1.2061260570142371,0.4549209170103347,0.14115000987441897,0.005074888360181843,1.2061260570142371,0.4549209170103347,0.14115000987441897,0.005074888360181843
0,trf_6_1048a_t2,0.21101228471669933,0.056073420920366275,0.07932619963448985,0.00023637717938693114,0.21101228471669933,0.056073420920366275,0.07932619963448985,0.00023637717938693114
0,trf_6_6273a_t2,1.2459188907470684,0.47272692674244626,0.13951443317818893,0.004190078214308095,1.2459188907470684,0.47272692674244626,0.13951443317818893,0.004190078214308095
0,trf_6_731a_t2,0.2046457508395425,0.05334871426570358,0.0793864749614299,0.00021875671042825574,0.2046457508395425,0.05334871426570358,0.0793864749614299,0.00021875671042825574
0,trf_6_732a_t2,0.762584935500047,0.26589834718372607,0.13905338889680924,0.0015583695375030544,0.762584935500047,0.26589834718372607,0.13905338889680924,0.0015583695375030544
0,trf_6_730a_t2,0.2768711328931372,0.08396437226637482,0.07976008104207043,0.0005576914747778423,0.2768711328931372,0.08396437226637482,0.07976008104207043,0.0005576914747778423
0,trf_6_729a_t2,0.8894220989907925,0.34614435516164155,0.08123925476337178,0.004583775061759567,0.8894220989907925,0.34614435516164155,0.08123925476337178,0.004583775061759567
0,trf_16_299a_t2,1.2757649913737463,0.46479463380792424,0.1850943595896737,0.003332372733168729,1.2757649913737463,0.46479463380792424,0.1850943595896737,0.003332372733168729
0,trf_11_130a_t2,0.3448583772564041,0.11297247392431087,0.07931574689248937,0.0007035719413946592,0.3448583772564041,0.11297247392431087,0.07931574689248937,0.0007035719413946592
0,trf_6_1151a_t2,0.5941973402983649,0.19403968067455338,0.1393612697322064,0.0011623010912834492,0.5941973402983649,0.19403968067455338,0.1393612697322064,0.0011623010912834492
0,trf_16_538a_t2,0.45696827488898356,0.13559714865832664,0.13925651113254248,0.0011339256072780144,0.45696827488898356,0.13559714865832664,0.13925651113254248,0.0011339256072780144
0,trf_6_723a_t2,0.5308261052984514,0.1926048418320492,0.07960109822036203,0.0015124294221365703,0.5308261052984514,0.1926048418320492,0.07960109822036203,0.0015124294221365703
0,trf_6_722a_t2,0.18496401685847358,0.044974217289198495,0.07932687145431357,0.0001795550515670836,0.18496401685847358,0.044974217289198495,0.07932687145431357,0.0001795550515670836
0,trf_6_737a_t2,0.5018065342907444,0.18003257818271043,0.08013461550516823,0.0014934058688459546,0.5018065342907444,0.18003257818271043,0.08013461550516823,0.0014934058688459546
0,trf_6_728a_t2,0.9226552923514474,0.33407075403395114,0.1393607220722092,0.0023207522461973474,0.9226552923514474,0.33407075403395114,0.1393607220722092,0.0023207522461973474
0,trf_6_3819a_t2,1.1544311387421544,0.4328122188507135,0.13917881648000952,0.0038974181427151246,1.1544311387421544,0.4328122188507135,0.13917881648000952,0.0038974181427151246
0,trf_6_124a_t2,1.489330269660741,0.5556340670691076,0.18483378431417058,0.0047698086909951695,1.489330269660741,0.5556340670691076,0.18483378431417058,0.0047698086909951695
0,trf_16_6318a_t2,1.0741190936121612,0.3792050874497928,0.18356302104289965,0.002396423648143309,1.0741190936121612,0.3792050874497928,0.18356302104289965,0.002396423648143309
0,trf_6_2090a_t2,0.6082673656283235,0.22579803902186843,0.07972985506779211,0.0019935119931636367,0.6082673656283235,0.22579803902186843,0.07972985506779211,0.0019935119931636367
0,trf_16_2658a_t2,0.1955932076966591,0.04952192178419837,0.07914323732911836,0.00020159421401625367,0.1955932076966591,0.04952192178419837,0.07914323732911836,0.00020159421401625367
0,trf_6_1177a_t2,2.1699104558900912,0.8121799936920133,0.2693273467529807,0.006379717219446727,2.1699104558900912,0.8121799936920133,0.2693273467529807,0.006379717219446727
0,trf_16_3364a_t2,0.2976983395501816,0.09298423655654958,0.07922383053210698,0.00046703325540831385,0.2976983395501816,0.09298423655654958,0.07922383053210698,0.00046703325540831385
0,trf_6_3509a_t2,0.7796432144525577,0.32468947910233803,0.03261893608803215,0.010083397553465545,0.7796432144525577,0.32468947910233803,0.03261893608803215,0.010083397553465545
0,trf_11_3987a_t2,0.3266029557987316,0.1270237071872055,0.03003329777591261,0.0017435346463629815,0.3266029557987316,0.1270237071872055,0.03003329777591261,0.0017435346463629815
0,trf_16_3997a_t2,0.5279575040419018,0.16567894200903593,0.13891623960519875,0.0010491502300275781,0.5279575040419018,0.16567894200903593,0.13891623960519875,0.0010491502300275781
0,trf_6_3817a_t2,0.10543286543491891,0.032254115873918236,0.02977767872070292,0.00017616297965960832,0.10543286543491891,0.032254115873918236,0.02977767872070292,0.00017616297965960832
0,trf_16_1142a_t2,1.0285992307077423,0.3606408986876687,0.18483402757244152,0.0018920977197734602,1.0285992307077423,0.3606408986876687,0.18483402757244152,0.0018920977197734602
0,trf_6_724a_t2,0.5115987060184188,0.1586924347653813,0.1388974793671116,0.0006980778961899148,0.5115987060184188,0.1586924347653813,0.1388974793671116,0.0006980778961899148
0,trf_6_5085a_t2,0.8703968132263787,0.3121579051868668,0.13995736647867116,0.002902204929838256,0.8703968132263787,0.3121579051868668,0.13995736647867116,0.002902204929838256
0,trf_6_5595a_t2,0.5937554691446882,0.19377926803510923,0.1385038259866789,0.0012161827070987174,0.5937554691446882,0.19377926803510923,0.1385038259866789,0.0012161827070987174
0,trf_6_5711a_t2,0.4577055982607178,0.13572461769351152,0.13887679925421423,0.0005580202593408998,0.4577055982607178,0.13572461769351152,0.13887679925421423,0.0005580202593408998
0,trf_6_5712a_t2,0.98855494132448,0.3623980691559108,0.13922783212781512,0.0026314486436222998,0.98855494132448,0.3623980691559108,0.13922783212781512,0.0026314486436222998
0,trf_6_5659a_t2,0.284669605920084,0.062066773651830706,0.1388559639205595,0.00022080987893899361,0.284669605920084,0.062066773651830706,0.1388559639205595,0.00022080987893899361
0,trf_6_6158a_t2,1.900486285633588,0.7318692253937678,0.18409322933967917,0.0065895591366196705,1.900486285633588,0.7318692253937678,0.18409322933967917,0.0065895591366196705
0,trf_6_6197a_t2,2.861151083060049,1.106561781084582,0.26928389071959735,0.00891819028632154,2.861151083060049,1.106561781084582,0.26928389071959735,0.00891819028632154
0,trf_6_6153a_t2,3.7320357031227287,1.542528553432487,0.1636443541346847,0.04297606033256214,3.7320357031227287,1.542528553432487,0.1636443541346847,0.04297606033256214
0,trf_6_1504a_t2,0.3736393179975406,0.10006828963751863,0.1391838478063114,0.0006857485170257828,0.3736393179975406,0.10006828963751863,0.1391838478063114,0.0006857485170257828
0,trf_6_6249a_t2,1.310223161237638,0.500008936254351,0.14021555098977487,0.00467190090582709,1.310223161237638,0.500008936254351,0.14021555098977487,0.00467190090582709
0,trf_16_6312a_t2,0.34399297687312697,0.08735652461740635,0.13899244888922865,0.0005592250406106451,0.34399297687312697,0.08735652461740635,0.13899244888922865,0.0005592250406106451
0,trf_6_727a_t2,1.1614602994908338,0.4363694610656009,0.13984552941562026,0.0037933525193313924,1.1614602994908338,0.4363694610656009,0.13984552941562026,0.0037933525193313924
1,busa4-_202312598_segmmt_24122,578.1385727624793,6.699648041387106,29.65195251880103,-221.2649135930139,283.6300496503304,0.9975152388686608,14.783868325694936,-110.70165024935447
1,trf_16_1585a_t2,0.310111004369784,0.06434113146834036,0.15843234058925842,7.856333198221925e-05,0.1534756476817695,0.03149446274366719,0.07923522934331573,3.6351196407829e-05
1,trf_16_1143a_t2,4.123714741512622,1.6507964406413214,0.2902959056518858,0.027064185630388524,2.021194860766316,0.8078275815670274,0.1449147738995689,0.01298637291620002
1,trf_6_4910a_t2,14.343067471348006,6.132340764217162,0.3659080874728916,0.2901073684110634,7.024300777076049,3.000624947975008,0.1810663418524878,0.13901978972499413
1,trf_6_1541a_t2,1.2093590272398629,0.44757497034215044,0.159673392279904,0.004310273946986271,0.5936383194083156,0.21909302734843175,0.07982322366037391,0.002072190632321195
1,trf_6_1350a_t2,1.3566652635848437,0.4211541450661276,0.3673024562533328,0.0016578965381471135,0.6679260775174353,0.20615068434918873,0.18368182391371957,0.0008034758741359552
1,trf_6_808a_t2,1.0365139936541847,0.3745925129289923,0.15911275877529263,0.002882007646985464,0.5090136295712462,0.1833506145468735,0.079561691817339,0.00138868461488822
1,trf_6_810a_t2,1.7007433849982578,0.6062267546803533,0.27915032335643475,0.004140957598904564,0.835386964862148,0.2967355451276201,0.1395707379750603,0.0019949533383183254
1,trf_16_3130a_t2,2.368248006939786,0.8911027890394618,0.28215246041303627,0.009769425859763713,1.1621219499255488,0.4361818720291271,0.1410024505386173,0.00469453749958187
1,trf_6_1048a_t2,0.4166137850069639,0.10983910981091757,0.15868463294175583,0.0004608708961138212,0.20560150029026455,0.0537656888905513,0.07935843330726598,0.00022449371672689008
1,trf_6_6273a_t2,2.4461560501084927,0.9259307186309933,0.27902101898785214,0.008072811630854666,1.2002371593614243,0.45320379188854704,0.1395065858096632,0.003882733416546571
1,trf_6_731a_t2,0.4041414389102794,0.10450025460991277,0.15880222464589666,0.000426550653846423,0.19949568807073692,0.05115154034420919,0.07941574968446675,0.00020779394341816727
1,trf_6_732a_t2,1.499438036966398,0.5208263098021516,0.2781438443469886,0.0030120192813856903,0.736853101466351,0.25492796261842554,0.13909045545017934,0.0014536497438826358
1,trf_6_730a_t2,0.544978306037605,0.1642016602570785,0.15951359576041121,0.0010677672960083284,0.2681071731444678,0.08023728799070368,0.07975351471834079,0.0005100758212304861
1,trf_6_729a_t2,1.7454123725619537,0.6779858614712448,0.16234807190644682,0.00882056646560423,0.8559902735711612,0.3318415063096033,0.08110881714307504,0.004236791403844664
1,trf_16_299a_t2,2.506473663496581,0.9104477784425955,0.3701190149826933,0.006417194467084088,1.2307086721228346,0.44565314463467126,0.18502465539301957,0.003084821733915359
1,trf_11_130a_t2,0.6787948172817129,0.22130439155507672,0.15865384729332455,0.0013561338412884406,0.33393644002530876,0.10833191763076586,0.07933810040083518,0.0006525618998937814
1,trf_6_1151a_t2,1.1696085920975632,0.38006399755984677,0.2787410901669822,0.00224378230031776,0.5754112517991983,0.1860243168852934,0.1393798204347758,0.0010814812090343107
1,trf_16_538a_t2,0.9008478462243121,0.26560618512725614,0.2785341279608158,0.002189605593434443,0.44387957133532857,0.1300090364689295,0.1392776168282733,0.0010556799861564286
1,trf_6_723a_t2,1.0430290931214317,0.3772647050579543,0.15920796455101938,0.00291848325116316,0.5122029878229802,0.18465986322590508,0.07960686633065735,0.0014060538290265898
1,trf_6_722a_t2,0.36559390924105706,0.08809808205408357,0.15868622085233552,0.0003508099704589309,0.18062989238258348,0.04312386476488507,0.07935934939802196,0.00017125491889184727
1,trf_6_737a_t2,0.9861717778632411,0.35263039476840996,0.1602358764447265,0.0028750062525482534,0.48436524357249666,0.17259781658569953,0.08010126093955827,0.0013816003837022989
1,trf_6_728a_t2,1.8129777793226043,0.6543644843532509,0.27872850301816554,0.004474100367290745,0.8903224869711569,0.32029373031929975,0.13936778094595634,0.0021533481210933973
1,trf_6_3819a_t2,2.267050652042453,0.847827432880579,0.2783573720300745,0.007504576796409315,1.1126195133002987,0.4150152140298655,0.13917855555006498,0.0036071586536941904
1,trf_6_124a_t2,2.924889895938035,1.0884397241093473,0.36959586561467284,0.009174743716887661,1.4355596262772943,0.5328056570402397,0.18476208130050226,0.004404935025892492
1,trf_16_6318a_t2,2.111551479937835,0.7428157373739244,0.3671704046712457,0.00462516448976014,1.037432386325674,0.36361064992413156,0.18360738362834603,0.002228740841616831
1,trf_6_2090a_t2,1.1947117742120978,0.44227480798250496,0.1594548091040544,0.0038439116637729144,0.5864444085837743,0.21647676896063653,0.0797249540362623,0.0018503996706092777
1,trf_16_2658a_t2,0.38641893467445515,0.097010893239837,0.1583266992573979,0.0003934665490616247,0.19082572697779604,0.04748897145563863,0.07918346192827953,0.00019187233504537103
1,trf_6_1177a_t2,4.2965453879816025,1.6059458345005568,0.5386838843425917,0.012563716155010052,2.126634932091511,0.7937658408085435,0.26935653758961103,0.006183998935563325
1,trf_16_3364a_t2,0.5864118003554065,0.18214576357983334,0.15848151750271883,0.0009056533609340569,0.2887134608052249,0.08916152702328375,0.07925768697061185,0.00043862010552574306
1,trf_6_3509a_t2,1.528373074870715,0.635815170243438,0.0650080290785143,0.01937420879107509,0.7487298604181573,0.3111256911411,0.03238909299048215,0.009290811237609546
1,trf_11_3987a_t2,0.6409759709438951,0.24880436643345571,0.060049519474629526,0.0033566789484740338,0.3143730151451635,0.12178065924625023,0.030016221698716917,0.0016131443021110523
1,trf_16_3997a_t2,1.0399060578486863,0.32454390900296204,0.27787267731278975,0.0020270182989226664,0.5119485538067845,0.1588649669939261,0.138956437707591,0.0009778680688950882
1,trf_6_3817a_t2,0.20774767076963968,0.06317845981833162,0.05956484727369169,0.00034191758804792016,0.10231480533472077,0.03092434394441338,0.029787168552988772,0.00016575460838831184
1,trf_16_1142a_t2,2.0222043470378788,0.7063080027195678,0.36966222625474154,0.003656897194735507,0.9936051163301365,0.34566710403189915,0.18482819868230002,0.0017647994749620467
1,trf_6_724a_t2,1.0078456109086305,0.3108502147205272,0.2778443017987018,0.0013544884076653503,0.4962469048902116,0.1521577799551459,0.13894682243159018,0.0006564105114754355
1,trf_6_5085a_t2,1.7106065712404592,0.6114204794997273,0.2798794609077733,0.005590929955331763,0.8402097580140805,0.2992625743128605,0.13992209442910217,0.002688725025493507
1,trf_6_5595a_t2,1.1688019394184055,0.3795996279022078,0.27706799540967464,0.002350767719118672,0.5750464702737172,0.18582035986709858,0.13856416942299574,0.0011345850120199545
1,trf_6_5711a_t2,0.9022868976804443,0.2658618853114191,0.27780513437226817,0.0010842780365086001,0.4445812994197265,0.13013726761790756,0.13892833511805394,0.0005262577771677003
1,trf_6_5712a_t2,1.9420563054081152,0.7098467189514484,0.27847274824819257,0.005076275539069024,0.9535013640836353,0.3474486497955376,0.13924491612037745,0.002444826895446724
1,trf_6_5659a_t2,0.5633672009165066,0.12158061379766835,0.2777683610113624,0.000432875327381943,0.2786975949964226,0.059513840145837646,0.13891239709080289,0.00021206544844294938
1,trf_6_6158a_t2,3.7302570802488284,1.4336362061805188,0.3681696115380188,0.012690364204299129,1.8297707946152404,0.701766980786751,0.18407638219833963,0.006100805067679458
1,trf_6_6197a_t2,5.615270831419145,2.1674403570504746,0.538534401330039,0.017171936635280285,2.754119748359096,1.0608785759658925,0.2692505106104417,0.008253746348958745
1,trf_6_6153a_t2,7.347944193546956,3.03501855352004,0.3253244867072156,0.08296958372777262,3.6159084904242276,1.492490000087553,0.1616801325725309,0.03999352339521048
1,trf_6_1504a_t2,0.7376223726115022,0.1960075436339608,0.2784007794119102,0.0013275284323911903,0.36398305461396163,0.09593925399644218,0.1392169316055988,0.0006417799153654075
1,trf_6_6249a_t2,2.5720881476659287,0.9793633934689214,0.280366466392555,0.008999406037908107,1.2618649864282907,0.4793544572145704,0.14015091540278016,0.004327505132081017
1,trf_16_6312a_t2,0.6795658759254214,0.17111868690266147,0.278026856653845,0.0010833796357361055,0.3355728990522944,0.08376216228525511,0.13903440776461637,0.0005241545951254604
1,trf_6_727a_t2,2.2807172991255324,0.8547241650151298,0.2796581517391622,0.007310139560837769,1.1192569996346986,0.4183547039495289,0.13981262232354194,0.0035167870415063764
2,busa4-_202312598_segmmt_24122,855.6172523409462,5.01771342276091,44.383480041056494,-332.0620005153606,277.4786795784669,-1.6819346186261956,14.731527522255465,-110.7970869223467
2,trf_16_1585a_t2,0.45954030963484815,0.0941087490153316,0.237692851623727,0.00010769127576215716,0.14942930526506415,0.02976761754699124,0.07926051103446857,2.9127943779937916e-05
2,trf_16_1143a_t2,6.0416087881236,2.413997301184887,0.43464182766092196,0.038728418014157065,1.9178940466109786,0.7632008605435656,0.14434592200903618,0.011664232383768541
2,trf_6_4910a_t2,20.992066674834046,8.965860234966948,0.5423772578405974,0.41452242662735983,6.64899920348604,2.8335194707497866,0.17646917036770582,0.12441505821629645
2,trf_6_1541a_t2,1.7748486272525623,0.6546753241675896,0.23944303520947358,0.006180851609244343,0.5654896000126994,0.20710035382543912,0.07976964292956959,0.0018705776622580713
2,trf_6_1350a_t2,1.9980398343003745,0.6160017674715148,0.5510088474804936,0.0023989975521955384,0.6413745707155307,0.19484762240538722,0.18370639122716081,0.0007411010140484248
2,trf_6_808a_t2,1.5219676107136444,0.5478698983505186,0.2386661814181068,0.004143309578532332,0.48545361705945966,0.17327738542152626,0.07955342264281418,0.0012613019315468677
2,trf_6_810a_t2,2.4979339381249663,0.8866775557891351,0.41867328466664,0.005952050019849551,0.7971905531267085,0.28045080110878184,0.13952296131020525,0.0018110924209449875
2,trf_16_3130a_t2,3.4743088216483997,1.3033671084872875,0.422942597840516,0.01400231599890289,1.1060608147086137,0.4122643194478257,0.14079013742747976,0.004232890139139177
2,trf_6_1048a_t2,0.6153016093477952,0.16065768129421365,0.23805972671578451,0.0006707267585966221,0.19868782434083132,0.05081857148329608,0.07937509377402868,0.0002098558624828009
2,trf_6_6273a_t2,3.5881909782386163,1.3542153062593545,0.4184813402581632,0.01158210248368815,1.1420349281301236,0.4282845876283612,0.13946032127031105,0.0035092908528334844
2,trf_6_731a_t2,0.5970594007285805,0.15284738490406952,0.2382330452413729,0.0006208360846039547,0.19291796181830112,0.04834713029415674,0.07943082059547624,0.00019428543075753174
2,trf_6_732a_t2,2.203497612578724,0.76175404245579,0.41724384266956754,0.0043379948966576765,0.7040595756123258,0.24092773265363843,0.13909999832257897,0.0013259756152719862
2,trf_6_730a_t2,0.8025738103180562,0.23996575821554464,0.23924268862459663,0.0015245133181340173,0.2575955042804512,0.07576409795846614,0.07972909286418542,0.00045674602212568893
2,trf_6_729a_t2,2.558817160959917,0.9915749880326008,0.2432789932178197,0.012636315279278137,0.8134047883979632,0.31358912656135596,0.08093092131137289,0.0038157488136739068
2,trf_16_299a_t2,3.679784600107707,1.3316746417000516,0.5550166341773306,0.009201131881590437,1.1733109366111258,0.42122686325745606,0.18489761919463732,0.0027839374145063496
2,trf_11_130a_t2,0.9987976374137972,0.32370839712350896,0.2379975428954179,0.0019465087599515516,0.32000282013208436,0.10240400556843224,0.07934369560209337,0.0005903749186631109
2,trf_6_1151a_t2,1.7210852254147362,0.5558683576550827,0.4181136721819027,0.0032267948363057224,0.551476633317173,0.17580436009523592,0.13937258201492053,0.0009830125359879625
2,trf_16_538a_t2,1.3280353306585664,0.3884868631548227,0.41780658535060944,0.0031501450903033143,0.42718748443425425,0.12288067802756658,0.13927245738979366,0.0009605394968688714
2,trf_6_723a_t2,1.5314946407244352,0.5517802143732375,0.23879971371536912,0.004195044102937352,0.48846554760300354,0.17451550931528326,0.07959174916434975,0.0012765608517741923
2,trf_6_722a_t2,0.5406808681362903,0.12885884048728372,0.23806243165169255,0.000511811018298065,0.1750869588952333,0.04076075843320015,0.07937621079935703,0.00016100104783913416
2,trf_6_737a_t2,1.4483232762981078,0.5157461565668615,0.24027924366729264,0.004120645491240516,0.4621514984348667,0.16311576179845155,0.08004336722256614,0.0012456392386922628
2,trf_6_728a_t2,2.6620885483346663,0.957066820743828,0.41806619223988484,0.006423727993006285,0.8491107690120621,0.3027023363905771,0.1393376892217193,0.00194962762571554
2,trf_6_3819a_t2,3.32637501155961,1.240111204637313,0.4174987707960234,0.010759075575901776,1.0593243595171566,0.392283771756734,0.1391413987659489,0.003254498779492461
2,trf_6_124a_t2,4.291910316839312,1.5920843691576978,0.5542223734756472,0.013136605927384037,1.3670204209012766,0.5036446450483505,0.18462650786097434,0.0039618622104963756
2,trf_16_6318a_t2,3.1022096179006695,1.086509579896745,0.5507816142682959,0.006649817444071989,0.9906581379628343,0.34369384252282065,0.18361120959705018,0.002024652954311849
2,trf_6_2090a_t2,1.7533484405971902,0.6468534997273245,0.2391527782973764,0.005520262670171434,0.5586366663850924,0.20457869174481957,0.079697969193322,0.0016763510063985193
2,trf_16_2658a_t2,0.5711492532691828,0.14190297949457356,0.23753699274754914,0.0005733445023930699,0.1847303185947276,0.04489208625473656,0.07921029349015124,0.0001798779533314452
2,trf_6_1177a_t2,6.367984581045175,2.37616449469476,0.8080239662862007,0.01850565490805814,2.071439193063573,0.7702186601942032,0.2693400819436089,0.0059419387530480865
2,trf_16_3364a_t2,0.8636617950325647,0.26642579840843106,0.23775929979771687,0.0013094843938749143,0.27724999467715816,0.08428003482859772,0.07927778229499804,0.0004038310329408574
2,trf_6_3509a_t2,2.2377606534217533,0.9296754736620381,0.09711447263007755,0.02770531556555966,0.7093875785510384,0.29386030341860003,0.03210644355156325,0.008331106774484568
2,trf_11_3987a_t2,0.9397652711010407,0.3638919625529142,0.0900373826584481,0.004811533183496003,0.29878930015714555,0.11508759611945851,0.029987863183818575,0.0014548542350219691
2,trf_16_3997a_t2,1.531432638835688,0.47470914824489885,0.41684255021942784,0.002918031883726022,0.49152658098700175,0.1501652392419368,0.1389698729066381,0.0008910135848033554
2,trf_6_3817a_t2,0.3060891009442655,0.09240747485724714,0.08935771704127392,0.0004949221261796024,0.09834143017462582,0.02922901503891552,0.029792869767582227,0.00015300453813168227
2,trf_16_1142a_t2,2.9713502978798103,1.0329479365652525,0.5544727946057186,0.005266634695005806,0.9491459508419315,0.3266399338456847,0.1848105683509771,0.0016097375002702987
2,trf_6_724a_t2,1.4845031738032743,0.4546630628995425,0.41681182465387934,0.001959866037313688,0.4766575628946439,0.1438128481790153,0.13896752285517755,0.0006053776296483376
2,trf_6_5085a_t2,2.5123617875851236,0.8942346922809863,0.4197267065836551,0.008020343996589067,0.8017552163446644,0.28281421278125896,0.13984724567588175,0.0024294140412573044
2,trf_6_5595a_t2,1.7199796563228524,0.5552538493878849,0.41566786621408325,0.0033859042402200074,0.551177716904447,0.1756542214856771,0.1385998708044086,0.0010351365211013356
2,trf_6_5711a_t2,1.3301147660075476,0.3888636675882706,0.4167566551542278,0.001571569393478882,0.4278278683271033,0.12300178227685155,0.1389515207819596,0.00048729135697028183
2,trf_6_5712a_t2,2.8508809102787693,1.0382075483704438,0.41769962829425356,0.007294023002879919,0.9088246048706541,0.32836082941899547,0.13922688004606099,0.002217747463810895
2,trf_6_5659a_t2,0.8344207234973937,0.17783476676425078,0.41671144038561037,0.0006340998661007049,0.2710535225808871,0.05625415296658243,0.138943079374248,0.00020122453871876188
2,trf_6_6158a_t2,5.469907938190859,2.0969570812388767,0.5521771000540406,0.018197676100307633,1.739650857942031,0.6633208750583579,0.18400748851602183,0.005507311896008504
2,trf_6_6197a_t2,8.233022096551405,3.169993940322087,0.8076702449322457,0.024619009802466407,2.6177512651322603,1.0025535832716126,0.26913584360220666,0.007447073167186121
2,trf_6_6153a_t2,10.824232266277361,4.467238842875133,0.4847956157246063,0.11957546644466922,3.476288072730405,1.4322202893550933,0.1594711290173907,0.036605882716896604
2,trf_6_1504a_t2,1.0892897850120251,0.2866831208021433,0.4176299849397618,0.0019157504683529844,0.3516674124005229,0.0906755771681825,0.13922920552785156,0.0005882220359617941
2,trf_6_6249a_t2,3.7723838360048885,1.4323812390349588,0.42041026152921523,0.012908618064219664,1.2002956883389597,0.4530178455660374,0.1400437951366602,0.0039092120263115576
2,trf_16_6312a_t2,1.0043860835278653,0.25029430183536916,0.41708007681091297,0.0015647750653049125,0.3248202076024439,0.0791756149327077,0.13905322015706795,0.0004813954295688071
2,trf_6_727a_t2,3.346204881740004,1.2500859294730906,0.41939468017825865,0.010490836182529877,1.0654875826144714,0.3953617644579608,0.13973652843909645,0.0031806966216921077
3,busa4-_202312598_segmmt_24122,1133.7701411304777,3.570167920589376,59.101306725092,-442.90581945172397,278.1528887895315,-1.4475455021715344,14.717826684035508,-110.84381893636339
3,trf_16_1585a_t2,0.6022401769654095,0.12101182973792299,0.3169627372229247,0.00012541798433757004,0.1426998673305614,0.026903080722591385,0.07926988559919768,1.7726708575412876e-05
3,trf_16_1143a_t2,7.788824832146576,3.103511823400763,0.5781126844007405,0.04836456122517839,1.7472160440229754,0.6895145222158758,0.14347085673981852,0.009636143211021325
3,trf_6_4910a_t2,27.0192450071103,11.522916435556914,0.7117819722191062,0.5165851852698969,6.027178332276254,2.5570562005899653,0.1694047143785088,0.10206275864253711
3,trf_6_1541a_t2,2.293702848130492,0.8418791570376051,0.3191021425951194,0.007740687181114446,0.5188542208779299,0.18720383287001552,0.0796591073856458,0.0015598355718701032
3,trf_6_1350a_t2,2.595398944563623,0.7921049499045739,0.7346817488625956,0.003042825360697975,0.5973591102632487,0.1761031824330591,0.18367290138210202,0.0006438278085024365
3,trf_6_808a_t2,1.9683972058124,0.7044473696669566,0.3181768665328933,0.005207739089301839,0.44642959509875557,0.15657747131643807,0.07951068511478648,0.001064429510769507
3,trf_6_810a_t2,3.231854582148822,1.1401257302818395,0.5580702371399989,0.007479038063712423,0.7339206440238555,0.2534481744927044,0.13939695247335893,0.0015269880438628716
3,trf_16_3130a_t2,4.487534509550204,1.6759772460465492,0.5633612616228552,0.017525150390789796,1.0132256879018042,0.37261013755926164,0.14041866378233914,0.0035228343918869056
3,trf_6_1048a_t2,0.80251298426119,0.2065881868884895,0.3174281150832401,0.0008575439117982313,0.1872113749133948,0.04593050559427586,0.07936838836745558,0.0001868171532016092
3,trf_6_6273a_t2,4.633842945390712,1.7411923343870415,0.5578187060105037,0.014515975460710666,1.0456519671520956,0.386977028127687,0.13933736575234046,0.0029338729770225155
3,trf_6_731a_t2,0.7790621874405506,0.19654496036394448,0.317657623699108,0.0007938452333960805,0.18200278671197,0.04369757545987496,0.0794245784577351,0.00017300914879212577
3,trf_6_732a_t2,2.8532387200498346,0.9794748587114617,0.5563079137146012,0.005466166108424304,0.6497411074711108,0.21772081625567163,0.13906407104503365,0.0011281712117666275
3,trf_6_730a_t2,1.0441340704892845,0.3089039668780439,0.3189122757776277,0.0019073041166276848,0.24156026017122834,0.06893820866249925,0.07966958715303107,0.0003827907984936675
3,trf_6_729a_t2,3.3017127810134905,1.2749127827356193,0.323909575481628,0.015804702819332647,0.7428956200535737,0.28333779470301845,0.08063058226380831,0.0031683875400545097
3,trf_16_299a_t2,4.758053108307518,1.7124076403878703,0.7396603919853375,0.011521180290566119,1.0782685081998111,0.38073299868781874,0.1846437578080069,0.0023200484089756813
3,trf_11_130a_t2,1.2957008556191978,0.4162767478194331,0.31732008295992076,0.0024405451477578395,0.29690321820540055,0.09256835069592412,0.07932254006450284,0.000494036387806288
3,trf_6_1151a_t2,2.2329250666032125,0.7147428042621189,0.5574327076115567,0.004057390125510725,0.5118398411884764,0.1588744466070362,0.13931903542965401,0.0008305952892050028
3,trf_16_538a_t2,1.7275570673680467,0.4995542933441211,0.5570278826830574,0.003963922229157658,0.3995217367094803,0.11106743018929838,0.13922129733244792,0.0008137771388543437
3,trf_6_723a_t2,1.980638084830424,0.7094747754586245,0.31833679057674436,0.0052714875603404685,0.4491434441059887,0.15769456108538693,0.07953707686137523,0.001076443457403116
3,trf_6_722a_t2,0.7065598116252441,0.16570000878324773,0.3174320770999256,0.0006566025838177527,0.1658789434889537,0.03684116829596401,0.07936964544823305,0.00014479156551968763
3,trf_6_737a_t2,1.8736987285284976,0.6631512090898254,0.32020913704958126,0.005156476604479529,0.42537545223038986,0.14740505252296388,0.07992989338228862,0.0010358311132390129
3,trf_6_728a_t2,3.4429311001083347,1.230598264137904,0.5573026178304988,0.00805867078932134,0.7808425517736683,0.2735314433940761,0.139236425590614,0.001634942796315055
3,trf_6_3819a_t2,4.297405931996861,1.594685754776277,0.5565330378559817,0.013470274420178067,0.9710309204372516,0.3545745501389639,0.13903426705995836,0.002711198844276291
3,trf_6_124a_t2,5.545384192244567,2.047346622539308,0.7385746705601108,0.016416461247065296,1.2534738754052555,0.4552622533816104,0.18435229708446366,0.003279855319681259
3,trf_16_6318a_t2,4.015364317892129,1.3971649912878248,0.7343291683847244,0.008359178040923506,0.9131546999914599,0.31065541139107977,0.18354755411642854,0.001709360596851517
3,trf_6_2090a_t2,2.265930865633832,0.8317081425291362,0.318779539036088,0.006928039309673138,0.512582425036642,0.18485464280181163,0.07962676073871161,0.0014077766395017045
3,trf_16_2658a_t2,0.7457561592848354,0.18248644159885516,0.31675769158531475,0.0007342995675476623,0.17460690601565265,0.0405834621042816,0.07922069883776561,0.0001609550651545924
3,trf_6_1177a_t2,8.347931660491067,3.107275275022418,1.0772645120291988,0.024063860234567993,1.9799470794458918,0.7311107803276582,0.26924054574299816,0.005558205326509854
3,trf_16_3364a_t2,1.1219060733099344,0.3426090636677833,0.3170386205182748,0.001659058256922087,0.25824427827736973,0.07618326525935226,0.07927932072055793,0.00034957386304717273
3,trf_6_3509a_t2,2.8820425326076533,1.194991132414086,0.12878291752890547,0.03456584545234444,0.6442818791859,0.265315658752048,0.03166844489882792,0.006860529886784778
3,trf_11_3987a_t2,1.2127433688883398,0.4678832051460327,0.11997123358980392,0.0060228522877725935,0.2729780977872991,0.10399124259311848,0.029933850931355824,0.0012113191042765906
3,trf_16_3997a_t2,1.9891048817642951,0.6104465790422172,0.5557836456641647,0.003674623829074003,0.4576722429286071,0.13573743079731837,0.13894109544473687,0.0007565919453479814
3,trf_6_3817a_t2,0.39784905285118005,0.11882794881386378,0.11915120938052352,0.0006280211647636091,0.09175995190691455,0.026420473956616647,0.029793492339249605,0.00013309903858400667
3,trf_16_1142a_t2,3.8470322819432505,1.3281488574221199,0.7392417795661673,0.0066363339219642084,0.8756819840634402,0.29520092085686733,0.1847689849604487,0.0013696992269584029
3,trf_6_724a_t2,1.9286803943361701,0.5846355619236621,0.5557548953457598,0.002485618656228944,0.44417722053289577,0.12997249902411956,0.1389430706918805,0.0005257526189152558
3,trf_6_5085a_t2,3.2504429282619176,1.1497953296496914,0.5594136016549379,0.010050373767721532,0.738081140676794,0.25556063736870516,0.13968689507128285,0.0020300297711324643
3,trf_6_5595a_t2,2.231585270251409,0.7140414473563079,0.5542709404962218,0.00426707601468647,0.5116056139285567,0.158787597968423,0.13860307428213858,0.0008811717744664624
3,trf_6_5711a_t2,1.7301554326464648,0.5000305035188367,0.5556872378478508,0.0019979068495252082,0.40004066663891713,0.11116683593056609,0.13893058269362302,0.0004263374560463263
3,trf_6_5712a_t2,3.6857011487495908,1.33491774443415,0.5568436236108945,0.009161087951168014,0.8348202384708214,0.2967101960637062,0.1391439953166409,0.0018670649482880955
3,trf_6_5659a_t2,1.0927665089050076,0.2286828927477615,0.5556472833433043,0.000818099105090571,0.2583457854076139,0.05084812598351071,0.1389358429576939,0.0001839992389898661
3,trf_6_6158a_t2,7.0602817922827255,2.696503606292898,0.7360131573661391,0.02279151232025208,1.5903738540918662,0.5995465250540213,0.1838360573120985,0.0045938362199444485
3,trf_6_6197a_t2,10.624949589677701,4.07584583864419,1.0765249067984373,0.030824816535392135,2.391927493126296,0.9058518983221027,0.26885466186619156,0.006205806732925728
3,trf_6_6153a_t2,14.085190465647319,5.806366852406367,0.641193766090788,0.15136765141755826,3.2609581993699575,1.3391280095312341,0.15639815036618177,0.031792184972889034
3,trf_6_1504a_t2,1.4205427692211496,0.368639760402255,0.5568385453248871,0.0024211125770664072,0.3312529842091245,0.08195663960011168,0.1392085603851253,0.0005053621087134229
3,trf_6_6249a_t2,4.870773432493189,1.8417705725659679,0.5602501020184847,0.01617365662395455,1.0983895964883001,0.40938933353100904,0.13983984048926945,0.003265038559734885
3,trf_16_6312a_t2,1.3113646790734819,0.3218666559929697,0.5561170007453584,0.001979929156300409,0.3069785955456166,0.07157235415760055,0.13903692393444544,0.00041515409099549634
3,trf_6_727a_t2,4.322652288846191,1.6073331028972744,0.5589632058028035,0.013153552270008435,0.9764474071061873,0.3572471734241838,0.1395685256245448,0.002662716087478558
4,busa4-_202312598_segmmt_24122,1411.4745519283483,1.9371168869723252,73.81863064953033,-553.7464706677745,277.70441079787065,-1.6330510336170507,14.717323924438332,-110.8406512160505
4,trf_16_1585a_t2,0.7456318578693824,0.1482092076627239,0.39623249573892694,0.0001442848635101853,0.1433916809039728,0.027197377924800925,0.07926975851600226,1.8866879172615248e-05
4,trf_16_1143a_t2,9.553562483264166,3.8005894635831345,0.7216694433218831,0.05819996600485741,1.7647376511175903,0.6970776401823717,0.1435567589211426,0.009835404779679022
4,trf_6_4910a_t2,33.110242629851896,14.108359916551702,0.8818789143533677,0.620838966120816,6.090997622741597,2.5854434809947886,0.17009694213426152,0.10425378085091908
4,trf_6_1541a_t2,2.8173464607764913,1.0311274068708187,0.39877270426428735,0.00933113399188003,0.5236436126459991,0.18924824983321364,0.07967056166916797,0.0015904468107655837
4,trf_6_1350a_t2,3.1972820972085696,0.9701348215449694,0.9183608598350184,0.003696306975927335,0.6018831526449464,0.17802987164039552,0.18367911097242273,0.0006534816152293601
4,trf_6_808a_t2,2.4188366112170194,0.8627411171653687,0.3976929689831387,0.006291600925163344,0.45043940540461946,0.15829374749841207,0.07951610245024543,0.0010838618358615052
4,trf_6_810a_t2,3.9722763550594564,1.3963492806463789,0.6974817096184109,0.00903406502293636,0.7404217729106346,0.25622355036453937,0.139411472478412,0.0015550269592239374
4,trf_16_3130a_t2,5.510294113245397,2.0526616999848826,0.7038175841964297,0.021117845552761177,1.0227596036951931,0.3766844539383334,0.14045632257357454,0.0035926951619713807
4,trf_6_1048a_t2,0.99090454424207,0.25302114892423166,0.39679850389856525,0.0010466600381130037,0.18839155998087997,0.046432962035742154,0.07937038881532515,0.00018911612631477236
4,trf_6_6273a_t2,5.689397705593252,2.132414366116129,0.6971702474434385,0.01750653970687173,1.05555476020254,0.3912220317290873,0.13935154143293482,0.002990564246161063
4,trf_6_731a_t2,0.9621872698871548,0.24072040387354973,0.39708400826175816,0.0009689784369964515,0.1831250824466042,0.044175443509605256,0.07942638456265017,0.000175133203600371
4,trf_6_732a_t2,3.508561148276893,1.1995805662814623,0.695377552596635,0.006613890907648099,0.6553224282270582,0.22010570757000059,0.13906963888203383,0.001147724799223795
4,trf_6_730a_t2,1.2894970329425188,0.3794600293593373,0.39860108553155654,0.002310701198758685,0.2453629624532343,0.07055606248129342,0.07968880975392884,0.00040339708213100013
4,trf_6_729a_t2,4.051851806045657,1.5613592773991054,0.4045707332265108,0.019036780788507658,0.7501390250321665,0.28644649466348615,0.0806611577448828,0.003232077969175011
4,trf_16_299a_t2,5.8460830277610265,2.0973012430134164,0.9243307200849485,0.013886943152859025,1.0880299194535086,0.38489360262554606,0.18467032809961104,0.002365762862292906
4,trf_11_130a_t2,1.594976796368348,0.5098557278514094,0.39664538913234004,0.0029441023501735756,0.2992759407491503,0.09357898003197634,0.07932530617241929,0.000503557202415736
4,trf_6_1151a_t2,2.7488375624222776,0.8753568868073144,0.6967586831752153,0.004903044837957081,0.5159124958190651,0.1606140825451955,0.13932597556365856,0.0008456547124463558
4,trf_16_538a_t2,2.1299205247796724,0.6118348993420267,0.696255504053922,0.004792165756560053,0.4023634574116257,0.11228060599790562,0.13922762137086464,0.0008282435274023945
4,trf_6_723a_t2,2.4338221392004282,0.8688981764560527,0.397880532504576,0.0063676825680951486,0.4531840543700043,0.15942340099742824,0.07954374192783165,0.00109619500775468
4,trf_6_722a_t2,0.873385930976445,0.20294408946035067,0.39680371856487207,0.0008030157926760192,0.16682611935120095,0.03724408067710294,0.07937164146494646,0.0001464132088582666
4,trf_6_737a_t2,2.302852178540332,0.8121706101381734,0.4001511456927282,0.006212997766589623,0.42915345001183436,0.149019401048348,0.07994200864314693,0.001056521162110094
4,trf_6_728a_t2,4.230788615349048,1.5071279509501776,0.6965512581339768,0.00972466459636276,0.787857515240713,0.2765296868122735,0.13924864030347794,0.0016659938070414208
4,trf_6_3819a_t2,5.2775040268897895,1.953134219359509,0.6955789050726149,0.016234977474630125,0.9800980948929281,0.358448464583232,0.13904586721663315,0.0027647030544520577
4,trf_6_124a_t2,6.81051807183961,2.507579590982014,0.9229553202456877,0.019763446145423767,1.2651338795950426,0.460232968442706,0.18438064968557688,0.0033469848983584717
4,trf_16_6318a_t2,4.936480207906819,1.7112153822976328,0.9178847480108714,0.01009964595632358,0.9211158900146899,0.314050391009808,0.183555579626147,0.0017404679154000742
4,trf_6_2090a_t2,2.783245243451445,1.0185898009952188,0.3984144998894552,0.008362300092735735,0.517314377817613,0.18688165846608262,0.07963496085336719,0.001434260783062597
4,trf_16_2658a_t2,0.9214035004990279,0.2235126532013792,0.3959781750743388,0.0008971448609988908,0.17564734121419245,0.04102621160252404,0.07922048348902405,0.0001628452934512285
4,trf_6_1177a_t2,10.337281061765896,3.84240787982699,1.3465174302266774,0.029660527838261237,1.9893494012748292,0.7351326048045719,0.26925291819747854,0.005596667603693244
4,trf_16_3364a_t2,1.3821028896638823,0.4196242838465329,0.39631856523788256,0.00201401596433983,0.26019681635394787,0.07701522017874957,0.07927994471960775,0.0003549577074177428
4,trf_6_3509a_t2,3.533009486335345,1.4632369834148806,0.16049439847544464,0.04157072970298942,0.6509669537276919,0.26824585100079457,0.03171148094653917,0.00700488425064498
4,trf_11_3987a_t2,1.4883735375727036,0.5730150505233033,0.1499108416206037,0.007258140070137628,0.27563016868436385,0.10513184537727055,0.029939608030799772,0.0012352877823650346
4,trf_16_3997a_t2,2.4502543972076976,0.747665940936143,0.694728907637966,0.004444491203592849,0.46114951544340244,0.1372193618939258,0.1389452619738013,0.0007698673745188461
4,trf_6_3817a_t2,0.4902849168955848,0.14553687392965753,0.14894479709777353,0.0007630967719011499,0.09243586404440474,0.026708925115793744,0.029793587717250006,0.00013507560713754078
4,trf_16_1142a_t2,4.730256938013547,1.626577415713935,0.924015371230232,0.008029753888121789,0.8832246560702961,0.29842855829181514,0.1847735916640647,0.00139341996615758
4,trf_6_724a_t2,2.376196318209987,0.7160307197986375,0.6947027011228044,0.0030192759704162813,0.4475159238738169,0.13139515787497547,0.13894780577704458,0.0005336573141873375
4,trf_6_5085a_t2,3.9950653144369883,1.4081560247802487,0.6991180543498873,0.012119739047592441,0.7446223861750707,0.25836069513055726,0.13970445269494935,0.0020693652798709095
4,trf_6_5595a_t2,2.7472561810286766,0.8745624811951066,0.6928748638164701,0.005163457450295329,0.5156709107772675,0.16052103383879868,0.1386039233202483,0.0008963814356088588
4,trf_6_5711a_t2,2.133052731465129,0.6124138863739584,0.6946222268019123,0.002430304692312625,0.4028972988186643,0.11238338285512173,0.13893498895406153,0.00043239784278741684
4,trf_6_5712a_t2,4.528125677993806,1.634880953935381,0.6959980334179767,0.011062750507798846,0.8424245292442154,0.299963209501231,0.13915440980708227,0.0019016625566308318
4,trf_6_5659a_t2,1.3524197943779983,0.2800867060403216,0.6945860730820554,0.0010038266449649846,0.2596532854729907,0.05140381329256011,0.13893878973875118,0.00018572753987441363
4,trf_6_6158a_t2,8.665986269361417,3.3026025231403557,0.9198674475406592,0.027475261104349696,1.6057044770786915,0.6060989168474578,0.18385429017452004,0.004683748784097615
4,trf_6_6197a_t2,13.040079193986003,4.991636089015423,1.345411501265088,0.03715281211272475,2.4151296043083015,0.9157902503712334,0.26888659446665075,0.006327995577332612
4,trf_6_6153a_t2,17.39156685179726,7.165068466092163,0.7983988802511358,0.18421562602704156,3.3063763861499424,1.3587016136857955,0.15720511416034777,0.0328479746094833
4,trf_6_1504a_t2,1.7538935140696998,0.45149215677343124,0.6960504274827666,0.0029346581141462416,0.3333507448485502,0.08285239637117625,0.1392118821578795,0.0005135455370798344
4,trf_6_6249a_t2,5.9796291407603945,2.255641609553871,0.7001111342123875,0.01950213477660844,1.108855708267206,0.4138710369879033,0.13986103219390278,0.0033284781526538923
4,trf_16_6312a_t2,1.620176368039322,0.3942198724613154,0.6951568551491654,0.00240162927538811,0.3088116889658401,0.0723532164683457,0.13903985440380695,0.0004217001190877012
4,trf_6_727a_t2,5.308247867107345,1.9684972036477215,0.6985502993799653,0.015867307579144653,0.9855955782611536,0.36116410075044714,0.1395870935771618,0.0027137553091362183
5,busa4-_202312598_segmmt_24122,1804.779098644409,50.69550612353156,89.75675249767227,-662.6042414984161,393.3045467160607,48.75838923655923,15.938121848141932,-108.85777083064158
5,trf_16_1585a_t2,0.9595772553207789,0.2054580548568023,0.47505120520657873,0.0003171408382253202,0.2139453974513965,0.057248847194078384,0.07881870946765179,0.0001728559747151349
5,trf_16_1143a_t2,13.122112702787502,5.28059104485876,0.8791932766827668,0.09952423625774703,3.5685502195233365,1.480001581275625,0.1575238333608837,0.04132427025288962
5,trf_6_4910a_t2,45.71553132672197,19.6420888865397,1.163925949534014,1.0756924009819833,12.605288696870076,5.5337289699879975,0.2820470351806462,0.45485343486116725
5,trf_6_1541a_t2,3.8313391026374655,1.4291052606160035,0.4800058577917193,0.0156494753593367,1.0139926418609742,0.3979778537451848,0.08123315352743193,0.006318341367456669
5,trf_6_1350a_t2,4.2624966509220545,1.3451859571465126,1.1016983047443123,0.005754640566745671,1.065214553713485,0.37505113560154313,0.18333744490929393,0.0020583335908183364
5,trf_6_808a_t2,3.2802873852071923,1.196875116747421,0.47754924859118536,0.010335540002965068,0.8614507739901729,0.33413399958205225,0.07985627960804664,0.004043939077801724
5,trf_6_810a_t2,5.379128314194608,1.9365877754569107,0.8382761859655566,0.014864346415651411,1.4068519591351514,0.5402384948105319,0.1407944763471457,0.005830281392715051
5,trf_16_3130a_t2,7.510409887173881,2.8462798927821167,0.8497522583967401,0.03561322425639499,2.000115773928484,0.7936181927972341,0.14593467420031037,0.01449537870363381
5,trf_6_1048a_t2,1.2999320222710578,0.3508257142818854,0.47586784860597475,0.0015548622638813258,0.3090274780289878,0.09780456535765375,0.0790693447074095,0.0005082022257683221
5,trf_6_6273a_t2,7.7601823926395985,2.958874757928757,0.8379066282056117,0.02926558770455777,2.0707846870463467,0.8264603918126281,0.1407363807621732,0.01175904799768604
5,trf_6_731a_t2,1.2601085149249713,0.333792156507841,0.47624213799188775,0.0014376077131810698,0.2979212450378166,0.09307175263429127,0.07915812973012959,0.0004686292761846183
5,trf_6_732a_t2,4.7361499980532535,1.6640253630701647,0.8344213852639966,0.010703413157531757,1.2275888497763607,0.46444479678870243,0.13904383266736153,0.004089522249883658
5,trf_6_730a_t2,1.6239203806406572,0.48789154297242904,0.47812892047832617,0.003043325071850378,0.3344233476981384,0.10843151361309172,0.07952783494676963,0.0007326238730916931
5,trf_6_729a_t2,5.54473274341027,2.1666880173397716,0.48970317884443393,0.03222630591036995,1.492880937364613,0.6053287399406662,0.0851324456179231,0.013189525121862292
5,trf_16_299a_t2,7.935274590242926,2.907793080638303,1.1124657354737821,0.023300015609154325,2.0891915624818997,0.8104918376248866,0.1881350153888336,0.0094130724562953
5,trf_11_130a_t2,2.137087336473381,0.706565997329941,0.4760495075790989,0.0048796720560248105,0.5421105401050328,0.19671026947853154,0.07940411844675888,0.001935569705851235
5,trf_6_1151a_t2,3.6825586931734615,1.214388309870151,0.8364280837013891,0.008023544486303555,0.9337211307511839,0.3390314230628365,0.13966940052617383,0.0031204996483464743
5,trf_16_538a_t2,2.823417929418722,0.8484249692226968,0.8358430558756346,0.007845865184845029,0.6934974046390496,0.2365900698806701,0.13958755182171256,0.003053699428284976
5,trf_6_723a_t2,3.3011168175280288,1.2053798282659915,0.4779262447410624,0.010474004790509554,0.8672946783276005,0.33648165180993883,0.08004571223648638,0.004106322222414405
5,trf_6_722a_t2,1.1369279493978666,0.2813739468017638,0.47586587852650947,0.0011694282077746737,0.26354201842142155,0.07842985734141314,0.0790621599616374,0.00036641241509865444
5,trf_6_737a_t2,3.119692705194155,1.1266783311360848,0.48161264818144534,0.01044335443026928,0.8168405266538232,0.31450772099791147,0.08146150248871714,0.0042303566636796575
5,trf_6_728a_t2,5.73764217033504,2.090597940114155,0.8367559768941366,0.016132648645484464,1.5068535549859927,0.5834699891639772,0.14020471876015983,0.0064079840491217035
5,trf_6_3819a_t2,7.1859524710250735,2.7074251677889394,0.8359821716426261,0.0272829298717992,1.908448444135284,0.7542909484294305,0.14040326657001123,0.011047952397169075
5,trf_6_124a_t2,9.269722197544997,3.475245745114072,1.1111918917167007,0.033545750097870496,2.459204125705387,0.9676661541320577,0.18823657147101303,0.013782303952446728
5,trf_16_6318a_t2,6.673018073805192,2.3721477012986316,1.1017951654670943,0.016589537474581452,1.7365378658983728,0.6609323190009988,0.18391041745622294,0.006489891518257872
5,trf_6_2090a_t2,3.7856549101594466,1.4132270667634854,0.47884811639027725,0.013862820751327389,1.0024096667080014,0.39463726576826663,0.08043361650082204,0.0055005206585916535
5,trf_16_2658a_t2,1.203328199965897,0.309728115616605,0.4747235936385188,0.001319172247347966,0.28192469946686904,0.08621546241522582,0.07874541856417999,0.0004220273863490753
5,trf_6_1177a_t2,13.11338632994168,4.912238295794074,1.616151761791031,0.03881157457956799,2.776105268175783,1.069830415967084,0.2696343315643537,0.009151046741306755
5,trf_16_3364a_t2,1.8421970509094119,0.5816401958025215,0.47529021838148955,0.003152024560096553,0.4600941612455296,0.16201591195598858,0.07897165314360699,0.0011380085957567233
5,trf_6_3509a_t2,4.869115073107894,2.0353609377244695,0.1991614643136519,0.0715232059550998,1.3361055867725486,0.5721239543095888,0.038667065838207254,0.02995247625211038
5,trf_11_3987a_t2,2.035489871873382,0.7950111567759497,0.1806328403358061,0.012228732702263018,0.5471163343006784,0.22199610625264643,0.030721998715202398,0.00497059263212539
5,trf_16_3997a_t2,3.2674725807699803,1.0364053404193299,0.8336417967614876,0.007222779922127363,0.8172181835622827,0.28873939948318683,0.13891288912352162,0.0027782887185345134
5,trf_6_3817a_t2,0.6520638398722567,0.20181349180357339,0.17865726666713144,0.0011838977588919343,0.1617789229766719,0.05627661787391586,0.029712469569357913,0.0004208009869907844
5,trf_16_1142a_t2,6.390471741671712,2.2579184391336153,1.1093403732434184,0.01300070510430784,1.6602148036581656,0.6313410234196803,0.18532500201318636,0.004970951216186051
5,trf_6_724a_t2,3.165539188987882,0.992910740276585,0.8333377281078641,0.004700335533580507,0.7893428707778951,0.27688002047794746,0.1386350269850597,0.0016810595631642257
5,trf_6_5085a_t2,5.410644885661428,1.9537710372332944,0.840835229704103,0.020285302825374104,1.41557957122444,0.5456150124530457,0.14171717535421569,0.008165563777781663
5,trf_6_5595a_t2,3.678855832834922,1.2119840246050715,0.8310256369541682,0.008357367809250352,0.9315996518062453,0.3374215434099649,0.13815077313769808,0.003193910358955023
5,trf_6_5711a_t2,2.8282920951490267,0.8491784047059667,0.833179331508253,0.003730924298922752,0.6952393636838976,0.2367645183320083,0.13855710470634064,0.001300619606610127
5,trf_6_5712a_t2,6.149964794400103,2.2680016209911704,0.8358239905902751,0.01825585861165613,1.6218391164062966,0.6331206670557894,0.1398259571722984,0.007193108103857282
5,trf_6_5659a_t2,1.7454479201743476,0.38829391203865915,0.8329552028547493,0.00141798724719737,0.39302812579634927,0.10820720599833755,0.1383691297726939,0.0004141606022323855
5,trf_6_6158a_t2,11.841541497548413,4.578362429850825,1.1060133850465892,0.04614613963922923,3.1755552281869956,1.2757599067104697,0.18614593750593,0.01867087853487953
5,trf_6_6197a_t2,17.8339871047266,6.925959018984711,1.6175606880887996,0.06251217717187205,4.793907910740597,1.9343229299692881,0.2721491868237116,0.0253593650591473
5,trf_6_6153a_t2,21.9275411841751,9.05887766250538,0.97408786113962,0.2539538416684426,4.53597433237784,1.8938091964132164,0.17568898088848417,0.06973821564140104
5,trf_6_1504a_t2,2.302160071747699,0.6262030399745907,0.8351519105420588,0.004688494383460876,0.5482665576779993,0.17471088320115946,0.13910148305929226,0.0017538362693146348
5,trf_6_6249a_t2,8.16251274195675,3.129365141583483,0.8428661936266832,0.03266740757678098,2.1828836011963553,0.873723532029612,0.14275505941429578,0.013165272800172538
5,trf_16_6312a_t2,2.1165283766510807,0.5464830940759072,0.8339803487760302,0.0038092787338018246,0.49635200861175877,0.15226322161459183,0.13882349362686486,0.0014076494584137145
5,trf_6_727a_t2,7.231902574498363,2.7311345668990503,0.8402229476916183,0.026466388911903567,1.9236547073910186,0.7626373632513288,0.14167264831165305,0.010599081332758914
6,busa4-_202312598_segmmt_24122,2265.6052205446003,130.13771334369216,107.2022821991998,-768.8159695728327,460.8261219001913,79.4422072201606,17.445529701527533,-106.21172807441667
6,trf_16_1585a_t2,1.285811948861403,0.3103230437342789,0.5536176243982405,0.0008823267968703441,0.3262346935406242,0.10486498887747658,0.07856641919166174,0.000565185958645024
6,trf_16_1143a_t2,18.534305308877222,7.566261768016973,1.0634985745544665,0.19824429133300478,5.41219260608972,2.285670723158213,0.1843052978716997,0.09872005507525775
6,trf_6_4910a_t2,68.49346893981938,30.065670679360537,1.792096953286793,2.592443586210854,22.777937613097407,10.423581792820837,0.628171003752779,1.5167511852288706
6,trf_6_1541a_t2,4.909325261143536,1.8477266262910863,0.5611118298914101,0.02283215361519698,1.0779861585060706,0.4186213656750828,0.08110597209969078,0.007182678255860282
6,trf_6_1350a_t2,5.165014209280635,1.647728014614906,1.284421468664463,0.007228445442841825,0.9025175583585803,0.30254205746839347,0.18272316392015076,0.0014738048760961535
6,trf_6_808a_t2,4.794117486025384,1.8121726373537492,0.5594797878966423,0.022988212162908576,1.513830100818192,0.6152975206063283,0.08193053930545696,0.012652672159943508
6,trf_6_810a_t2,7.844279840558112,2.929618688508223,0.9850457044342305,0.03313817035778708,2.4651515263635044,0.9930309130513122,0.1467695184686738,0.01827382394213567
6,trf_16_3130a_t2,11.05827880391835,4.303697730333334,1.014616775449755,0.08248114490375041,3.547868916744469,1.4574178375512172,0.16486451705301497,0.04686792064735543
6,trf_6_1048a_t2,1.800938875494144,0.5303920355093868,0.5549081938475424,0.002907652111638918,0.5010068532230862,0.17956632122750144,0.07904034524156767,0.001352789847757592
6,trf_6_6273a_t2,9.760696724874201,3.7470078428481077,0.9781413625888635,0.04022714402246598,2.0005143322346024,0.7881330849193509,0.14023473438325185,0.010961556317908211
6,trf_6_731a_t2,1.7407333426873821,0.5046797652825297,0.5554090241645091,0.0026788613853088814,0.4806248277624108,0.17088760877468867,0.07916688617262135,0.0012412536721278116
6,trf_6_732a_t2,6.87273927323826,2.518575636054699,0.9749792631238018,0.023249739125632333,2.136589275185006,0.8545502729845342,0.14055787785980522,0.012546325968100576
6,trf_6_730a_t2,2.1114938399622765,0.6614063392637073,0.5580013053729127,0.004636126560427738,0.4875734593216192,0.17351479629127825,0.07987238489458653,0.00159280148857736
6,trf_6_729a_t2,8.214869468327398,3.2830187629266643,0.5896442225009157,0.07504562914926208,2.6701367249171284,1.1163307455868927,0.09994104365648182,0.04281932323889213
6,trf_16_299a_t2,11.612213449961708,4.394331485732716,1.3137680332429282,0.05342053264283138,3.6769388597187813,1.4865384050944126,0.2013022977691461,0.030120517033677054
6,trf_11_130a_t2,3.063977363311556,1.066661135822292,0.5570610282849702,0.010926169566590413,0.926890026838175,0.360095138492351,0.08101152070587125,0.0060464975105656025
6,trf_6_1151a_t2,5.280202006865522,1.8380885862399046,0.9784828692681476,0.017706015535175836,1.597643313692061,0.6237002763697537,0.14205478556675855,0.009682471048872281
6,trf_16_538a_t2,3.978779969698608,1.2828830779079592,0.9781724334525037,0.01742764293132524,1.1553620402798859,0.43445810868526236,0.14232937757686914,0.00958177774648021
6,trf_6_723a_t2,4.825777432625036,1.8248832727028093,0.560535676699356,0.02333847208879368,1.524660615097007,0.6195034444368177,0.08260943195829362,0.012864467298284126
6,trf_6_722a_t2,1.5544758113172752,0.42532532185569993,0.5548609412939728,0.0021032723911520055,0.4175478619194086,0.14395137505393613,0.07899506276746332,0.0009338441833773318
6,trf_6_737a_t2,4.552062325846423,1.7050899843392755,0.5685951259748638,0.023957428319913147,1.4323696206522678,0.5784116532031907,0.0869824777934185,0.013514073889643867
6,trf_6_728a_t2,8.386036695999215,3.1641754450877886,0.9816435941113929,0.03636301175377227,2.648394525664174,1.0735775049736338,0.1448876172172563,0.020230363108287804
6,trf_6_3819a_t2,10.562039524155509,4.091019378531788,0.983265054957343,0.06275870555824843,3.3760870531304352,1.383594210742849,0.14728288331471684,0.03547577568644923
6,trf_6_124a_t2,13.111487322365921,5.0266201045637935,1.3093487120528122,0.06862709530304509,3.841765124820924,1.5513743594497216,0.19815682033611148,0.03508134520517459
6,trf_16_6318a_t2,9.702156220553526,3.584482149127924,1.2897564183520633,0.03691567496459068,3.029138146748334,1.2123344478292926,0.187961252884969,0.02032613749000923
6,trf_6_2090a_t2,5.557781004530174,2.14032807197108,0.5627771532285797,0.03127448722048571,1.7721260943707273,0.7271010052075946,0.08392903683830244,0.017411666469158323
6,trf_16_2658a_t2,1.6542021857975366,0.4675820722805324,0.5532240605404383,0.002417620903752992,0.45087398583163973,0.15785395666392738,0.07850046690191947,0.0010984486564050257
6,trf_6_1177a_t2,16.82111508335241,6.378516011907994,1.8888849326239816,0.054944854664826,3.7077287534107306,1.46627771611392,0.27273317083295057,0.01613328008525801
6,trf_16_3364a_t2,2.6195892679065826,0.8786166329920894,0.5545174562705667,0.006466756417142893,0.7773922169971708,0.2969764371895679,0.07922723788907715,0.0033147318570463397
6,trf_6_3509a_t2,7.283658814822876,3.104738651515984,0.2596779345075694,0.1706649879057478,2.414543741714982,1.0693777137915146,0.06051647019391748,0.099141781950648
6,trf_11_3987a_t2,3.011718868711342,1.2042859550021006,0.21432333739808032,0.028283234939775474,0.97622899683796,0.40927479822615087,0.03369049706227423,0.016054502237512456
6,trf_16_3997a_t2,4.649412326716851,1.5657461875607428,0.97444593279111,0.015800318594227227,1.3819397459468705,0.5293408471414129,0.14080413602962238,0.008577538672099864
6,trf_6_3817a_t2,0.9239133831728691,0.30508358033179456,0.20845979274164866,0.002393490334194741,0.2718495433006124,0.10327008852822117,0.02980252607451722,0.001209592575302807
6,trf_16_1142a_t2,9.28485159472168,3.4207099169972706,1.2970908864613013,0.028269011489185928,2.8943798530499674,1.1627914778636552,0.18775051321788294,0.015268306384878088
6,trf_6_724a_t2,4.498395523064857,1.5014622618897118,0.972614173368926,0.009566154608513507,1.3328563340769746,0.5085515216131268,0.13927644526106187,0.004865819074933
6,trf_6_5085a_t2,7.890844119201951,2.9586360163538648,0.990238501136729,0.04645012061102893,2.4801992335405227,1.0048649791205704,0.149403271432626,0.02616481778565483
6,trf_6_5595a_t2,4.571107249882152,1.528890747389464,0.9692565102546664,0.013349892224259195,0.89225141704723,0.31690672278439247,0.1382308733004982,0.004992524415008843
6,trf_6_5711a_t2,3.9885052344927914,1.2839190425575369,0.9721620213983757,0.007409099017321574,1.1602131393437647,0.43474063785157013,0.13898268989012275,0.0036781747183988215
6,trf_6_5712a_t2,8.60590708039684,3.2574526505650856,0.9778831311870559,0.03491182176399027,2.455942285996737,0.9894510295739152,0.14205914059678082,0.01665596315233414
6,trf_6_5659a_t2,2.3510003008478018,0.5868118727418971,0.9711074189750389,0.002403533575364957,0.6055523806734542,0.1985179607032379,0.1381522161202896,0.0009855463281675868
6,trf_6_6158a_t2,17.4987968327271,6.919621171050716,1.3028512746537024,0.10625864996880173,5.657255335178686,2.3412587411998906,0.19683788960711324,0.0601125103295725
6,trf_6_6197a_t2,26.40158378157406,10.491203676464256,1.9032800094679434,0.1443563281762819,8.567596676847462,3.5652446574795444,0.2857193213791438,0.08184415100440987
6,trf_6_6153a_t2,28.179187016577586,11.718590699429123,1.2129543778750262,0.43224021004032315,6.251645832402485,2.659713036923744,0.23886651673540626,0.17828636837188055
6,trf_6_1504a_t2,3.1917658396541086,0.9472146602231416,0.9752760581345736,0.010031737008384986,0.8896057679064096,0.3210116202485509,0.1401241475925148,0.00534324262492411
6,trf_6_6249a_t2,10.798393889126581,4.190327152495574,0.9874924476356477,0.05195071993866594,2.6358811471698314,1.0609620109120912,0.14462625400896445,0.019283312361884963
6,trf_16_6312a_t2,2.9107631287420643,0.8256189741498039,0.9738282861436534,0.008053426883322954,0.7942347520909836,0.27913588007389667,0.13984793736762313,0.0042441481495211295
6,trf_6_727a_t2,10.644059271439943,4.135979975244193,0.9900593176460096,0.06029429944239202,3.4121566969415795,1.4048454083451425,0.1498363699543913,0.033827910530488454
7,busa4-_202312598_segmmt_24122,2934.531812871434,298.6227516469778,127.82036703896401,-871.5435206183413,668.9265923268335,168.48503830328565,20.618084839764208,-102.72755104550856
7,trf_16_1585a_t2,1.6163745811859507,0.41687558255565105,0.6316132323930119,0.001471968049059296,0.33056263232454763,0.10655253882137217,0.07799560799477145,0.0005896412521889519
7,trf_16_1143a_t2,22.98787948287188,9.423720393150601,1.2352051383602245,0.2685140573712445,4.453574173994657,1.8574586251336287,0.171706563805758,0.07026976603823973
7,trf_6_4910a_t2,91.70973545220907,40.68041615557446,2.4423953820895488,4.179616643150915,23.216266512389694,10.614745476213926,0.6502984288027558,1.587173056940061
7,trf_6_1541a_t2,5.251623061845759,1.9476982389141697,0.6386509104878266,0.023471615466326607,0.34229780070222304,0.0999716126230834,0.07753908059641657,0.000639461851129626
7,trf_6_1350a_t2,5.119747594495614,1.54378990531033,1.4654788795203184,0.0072814917019250565,-0.04526661478502092,-0.10393810930457614,0.18105741085585536,5.30462590832316e-05
7,trf_6_808a_t2,6.335092775643333,2.4370426610803153,0.6409251868542839,0.03619671782750546,1.5409752896179487,0.6248700237265661,0.08144539895764158,0.013208505664596887
7,trf_6_810a_t2,10.353408967945697,3.9379766416776505,1.1311182828242212,0.05221584106347449,2.5091291273875846,1.0083579531694276,0.14607257838999077,0.01907767070568741
7,trf_16_3130a_t2,14.67302635350117,5.785306388958928,1.1798155334280578,0.13146941619566876,3.6147475495828196,1.4816086586255937,0.16519875797830275,0.04898827129191835
7,trf_6_1048a_t2,2.3093388104777013,0.7126139559004958,0.6332788942897335,0.004312247484667339,0.5083999349835573,0.18222192039110896,0.07837070044219108,0.0014045953730284213
7,trf_6_6273a_t2,9.999641175928197,3.7732636947938305,1.1150666095886315,0.04037306275174217,0.23894445105399598,0.026255851945722775,0.13692524699976794,0.00014591872927618987
7,trf_6_731a_t2,2.2286066896054155,0.6782456468228107,0.6339760245271305,0.003967659850721138,0.4878733469180334,0.17356588154028108,0.07856700036262143,0.0012887984654122563
7,trf_6_732a_t2,9.047330133372505,3.3866518719339416,1.1145909784038124,0.036339845012891586,2.174590860134245,0.8680762358792427,0.1396117152800106,0.013090105887259253
7,trf_6_730a_t2,2.5869064685848,0.8293432768843267,0.6371366523723064,0.006105623986285144,0.4754126286225233,0.16793693762061945,0.07913534699939373,0.001469497425857406
7,trf_6_729a_t2,10.93469837428359,4.417044150699798,0.6899553992892771,0.11980001672426197,2.7198289059561915,1.1340253877731339,0.10031117678836132,0.04475438757499989
7,trf_16_299a_t2,15.358147615728566,5.9058527117975155,1.5147757196111047,0.0848927845229194,3.745934165766858,1.5115212260647999,0.20100768636817645,0.03147225188008802
7,trf_11_130a_t2,4.006945285255642,1.4324812639683122,0.6376183759684861,0.01723798401651967,0.9429679219440863,0.3658201281460203,0.08055734768351597,0.006311814449929256
7,trf_6_1151a_t2,6.906451384361402,2.472460635464856,1.1198261427294,0.02781351289838084,1.6262493774958795,0.6343720492249516,0.14134327346125242,0.010107497363205004
7,trf_16_538a_t2,5.153927609179275,1.724877811994019,1.119840613962106,0.02743547229019873,1.1751476394806675,0.4419947340860597,0.14166818050960228,0.01000782935887349
7,trf_6_723a_t2,6.377355033191597,2.4536734497820016,0.6426487191775878,0.03676735330282867,1.551577600566561,0.6287901770791924,0.08211304247823181,0.013428881214034988
7,trf_6_722a_t2,1.9778147545746467,0.5713982345169681,0.6331812144609188,0.0030713803058868352,0.42333894325737154,0.1460729126612682,0.07832027316694601,0.0009681079147348297
7,trf_6_737a_t2,6.011052304992029,2.2932393062388723,0.655424160230453,0.038076201294839435,1.4589899791456062,0.5881493218995968,0.08682903425558919,0.014118772974926287
7,trf_6_728a_t2,11.081209822081172,4.2538259339042295,1.1256778975311257,0.05748534175699218,2.695173126081958,1.0896504888164409,0.14403430341973278,0.021122330003219912
7,trf_6_3819a_t2,14.000851692093054,5.497073641772868,1.1300485072659519,0.09982906746912673,3.438812167937545,1.4060542632410797,0.1467834523086089,0.0370703619108783
7,trf_6_124a_t2,16.48319782932156,6.366806672847538,1.5027717630838509,0.09653988797910379,3.3717105069556403,1.3401865682837446,0.19342305103103863,0.0279127926760587
7,trf_16_6318a_t2,12.785702110808987,4.816060127085877,1.4766628500224226,0.05813791425420524,3.0835458902554613,1.231577977957953,0.18690643167035925,0.02122223928961456
7,trf_6_2090a_t2,7.361983223213698,2.878723347117393,0.6463101771466356,0.04945755648621637,1.8042022186835238,0.738395275146313,0.08353302391805595,0.018183069265730663
7,trf_16_2658a_t2,2.1117808928190067,0.6279190253721194,0.6311314372811412,0.003557563704445096,0.4575787070214701,0.16033695309158702,0.07790737674070292,0.0011399428006921043
7,trf_6_1177a_t2,20.52627242081423,7.840196977315142,2.1603327358677182,0.07128885718661016,3.70515733746182,1.4616809654071483,0.27144780324373663,0.016344002521784154
7,trf_16_3364a_t2,3.4102011178997893,1.1803678042864083,0.6332058661123615,0.009919732507274962,0.7906118499932067,0.30175117129431894,0.07868840984179482,0.0034529760901320693
7,trf_6_3509a_t2,9.746985397135044,4.194804023076701,0.3215022500945375,0.274391745622348,2.4633265823121677,1.090065371560717,0.061824315586968104,0.10372675771660023
7,trf_11_3987a_t2,4.006115736003802,1.6201405512668914,0.24799208531672134,0.045061457363629084,0.9943968672924601,0.4158545962647908,0.03366874791864102,0.01677822242385361
7,trf_16_3997a_t2,6.0551074148349375,2.1037725282599613,1.1144319165953698,0.02475308669507247,1.4056950881180867,0.5380263406992185,0.13998598380425975,0.008952768100845242
7,trf_6_3817a_t2,1.200596655068321,0.4102018105808287,0.23810953835993415,0.003653447336852114,0.27668327189545183,0.10511823024903416,0.029649745618285483,0.001259957002657373
7,trf_16_1142a_t2,12.240095130476146,4.608909071354254,1.484688040881717,0.044216737103680556,2.955243535754466,1.1881991543569832,0.18759715442041558,0.015947725614494628
7,trf_6_724a_t2,5.852912988016791,2.01755232021278,1.1107659384132154,0.01463252898288514,1.3545174649519343,0.5160900583230683,0.1381517650442894,0.005066374374371633
7,trf_6_5085a_t2,10.416702704027806,3.9802595209215053,1.1391992847556265,0.07379000133464084,2.525858584825855,1.0216235045676405,0.14896078361889753,0.027339880723611903
7,trf_6_5595a_t2,4.734609547903158,1.5320488351752055,1.106492339281929,0.016405664380386754,0.16350229802100635,0.003158087785741559,0.1372358290272626,0.003055772156127559
7,trf_6_5711a_t2,5.16706074578172,1.725081040305133,1.1100011037377033,0.011235915275131412,1.1785555112889288,0.44116199774759624,0.13783908233932762,0.003826816257809838
7,trf_6_5712a_t2,10.674463068096067,4.073484692210524,1.1175663308013115,0.04677283881648979,2.068555987699227,0.8160320416454385,0.13968319961425557,0.01186101705249952
7,trf_6_5659a_t2,2.9644996155667678,0.7883604949619116,1.1081471225392274,0.0034229696508368867,0.613499314718966,0.20154862222001457,0.1370397035641885,0.0010194360754719298
7,trf_6_6158a_t2,23.262408712627174,9.298891069153697,1.4991384103281644,0.16907918205800948,5.7636118799000755,2.379269898102981,0.196287135674462,0.06282053208920775
7,trf_6_6197a_t2,35.125255658545626,14.110185476573148,2.1876526194852284,0.22987206934717264,8.723671876971565,3.6189818001088927,0.284372610017285,0.08551574117089072
7,trf_6_6153a_t2,34.31700620025757,14.32498159173403,1.4506768961723036,0.6122621308310017,6.137819183679987,2.6063908923049066,0.2377225182972773,0.18002192079067852
7,trf_6_1504a_t2,4.095963908267376,1.2739013958900545,1.1146886825738211,0.015608074833042263,0.9041980686132676,0.32668673566691286,0.1394126244392475,0.005576337824657277
7,trf_6_6249a_t2,12.151533261564742,4.691893043795937,1.12603400819851,0.05696199040364003,1.3531393724381608,0.5015658913003627,0.13854156056286238,0.005011270464974085
7,trf_16_6312a_t2,3.717368271474786,1.1095111372704822,1.1128744791609952,0.012480962242214165,0.8066051427327219,0.28389216312067833,0.1390461930173419,0.004427535358891212
7,trf_6_727a_t2,14.118521115715625,5.562746557161669,1.1393479250914789,0.09563065181471639,3.474461844275682,1.4267665819174766,0.14928860744546923,0.03533635237232437
8,busa4-_202312598_segmmt_24122,3763.7298419802364,534.298825185284,151.3193072011651,-971.9250649119842,829.1980291088025,235.67607353830624,23.49894016220108,-100.38154429364295
8,trf_16_1585a_t2,1.8643595427071475,0.4885349033709614,0.7092367772458685,0.0017512673750797684,0.24798496152119687,0.07165932081531035,0.07762354485285661,0.00027929932602047233
8,trf_16_1143a_t2,24.392895893432556,9.959206048993828,1.380746360226996,0.2793997242550624,1.4050164105606768,0.5354856558432264,0.14554122186677154,0.010885666883817868
8,trf_6_4910a_t2,107.51992898245487,47.67738818585077,2.8116471597687305,4.908832623576663,15.810193530245797,6.996972030276311,0.3692517776791817,0.7292159804257476
8,trf_6_1541a_t2,4.345172724114859,1.526423977583511,0.7196111687962747,0.02906564076384684,-0.9064503377308997,-0.4212742613306588,0.08096025830844811,0.005594025297520233
8,trf_6_1350a_t2,3.6658705147644097,0.8452107035434556,1.6480935847538591,0.011546533435262029,-1.4538770797312042,-0.6985792017668743,0.18261470523354073,0.0042650417333369725
8,trf_6_808a_t2,7.398317944320894,2.8550642187194883,0.7200143114334128,0.04247881299086151,1.063225168677561,0.41802155763917304,0.07908912457912887,0.006282095163356045
8,trf_6_810a_t2,12.087363366873069,4.613423293358296,1.271175140262695,0.061280935772277154,1.7339543989273718,0.6754466516806454,0.14005685743847374,0.009065094708802665
8,trf_16_3130a_t2,17.15660952118121,6.779960354372427,1.3287079580786119,0.15435721439585545,2.48358316768004,0.9946539654134998,0.14889242465055408,0.022887798200186688
8,trf_6_1048a_t2,2.676541143987897,0.8346939592969759,0.7109546172370372,0.005044266522290216,0.3672023335101957,0.12208000339648006,0.07767572294730374,0.0007320190376228766
8,trf_6_6273a_t2,7.442970679802055,2.631995889875694,1.2575728712801506,0.059234627455133235,-2.5566704961261415,-1.1412678049181366,0.14250626169151914,0.018861564703391065
8,trf_6_731a_t2,2.582213653894451,0.794634647279268,0.7118938651797456,0.004641678628849814,0.3536069642890354,0.11638900045645728,0.07791784065261509,0.0006740187781286763
8,trf_6_732a_t2,10.556042265102597,3.9678951270858436,1.2518429391450288,0.04263413042619804,1.5087121317300927,0.581243255151902,0.13725196074121637,0.006294285413306455
8,trf_6_730a_t2,2.957039438820774,0.9524887158349272,0.7154131784528409,0.006995183853834797,0.37013297023597413,0.12314543895060048,0.07827652608053448,0.0008895598675496526
8,trf_6_729a_t2,12.793128768687886,5.174945702621516,0.7776050053953911,0.14065778327842518,1.8584303944042961,0.7579015519217176,0.08764960610611405,0.020857766554163215
8,trf_16_299a_t2,17.943294104663572,6.921835214346949,1.7038803425483395,0.09968794280225655,2.585146488935006,1.0159825025494333,0.18910462293723485,0.014795158279337153
8,trf_11_130a_t2,4.66838177294334,1.6785663085176155,0.7162821230836743,0.020247728227436337,0.6614364876876975,0.24608504454930324,0.0786637471151882,0.0030097442109166678
8,trf_6_1151a_t2,8.046569293373786,2.897855076943328,1.2583051768219313,0.03264628473365757,1.1401179090123836,0.42539444147847183,0.13847903409253126,0.004832771835276729
8,trf_16_538a_t2,5.991008994933259,2.021835993324824,1.258399835526618,0.03218633271538555,0.8370813857539838,0.2969581813308051,0.13855922156451195,0.004750860425186819
8,trf_6_723a_t2,7.447262789365933,2.874084149008161,0.7219564043602129,0.04314912504514007,1.0699077561743362,0.42041069922615915,0.0793076851826251,0.006381771742311401
8,trf_6_722a_t2,2.2877386001673994,0.6692779043356722,0.710836063292883,0.003588964828351843,0.30992384559275266,0.09787966981870411,0.07765484883196416,0.0005175845224650076
8,trf_6_737a_t2,7.01962763053361,2.6876155647074214,0.7372197047989787,0.0447215702407354,1.0085753255415808,0.39437625846854907,0.08179554456852567,0.0066453689458959644
8,trf_6_728a_t2,12.939924087074257,4.982719941200292,1.2646513432443691,0.06748390246639549,1.8587142649930843,0.7288940072960628,0.13897344571324344,0.00999856070940331
8,trf_6_3819a_t2,16.367631422544306,6.441796561592406,1.270231254951903,0.11721969167439755,2.3667797304512526,0.9447229198195384,0.14018274768595118,0.01739062420527082
8,trf_6_124a_t2,17.990462696318104,6.913046385784407,1.6864565946956092,0.10347675771979506,1.5072648669965432,0.5462397129368686,0.1836848316117583,0.0069368697406912705
8,trf_16_6318a_t2,14.923705838333282,5.64311919949333,1.6588966819880162,0.0682269532316983,2.1380037275242945,0.8270590724074527,0.18223383196559362,0.010089038977493067
8,trf_6_2090a_t2,8.602593769028326,3.372445000687818,0.7263260055848153,0.058049806191042636,1.2406105458146284,0.4937216535704252,0.08001582843817967,0.008592249704826263
8,trf_16_2658a_t2,2.4453529093637587,0.735736384306753,0.708637133278502,0.00415994228902296,0.333572016544752,0.10781735893463362,0.07750569599736079,0.0006023785845778637
8,trf_6_1177a_t2,23.11018452613668,8.822447640646018,2.4272852148890554,0.07917693277835253,2.583912105322451,0.9822506633308761,0.2669524790213371,0.007888075591742372
8,trf_16_3364a_t2,3.9684696242763264,1.3831615225761338,0.7111030277358691,0.011630269965951802,0.5582685063765371,0.20279371828972548,0.07789716162350757,0.0017105374586768394
8,trf_6_3509a_t2,11.424018531800563,4.918306577018473,0.36546224347333,0.3222433564510509,1.6770331346655194,0.7235025539417723,0.04395999337879253,0.04785161082870287
8,trf_11_3987a_t2,4.686933955407952,1.8983108073916664,0.2790145099320218,0.052903595160423374,0.6808182194041494,0.278170256124775,0.03102242461530047,0.00784213779679429
8,trf_16_3997a_t2,7.047442566421375,2.4654203987413035,1.2518956164178459,0.029044186451684002,0.9923351515864374,0.36164787048134217,0.13746369982247608,0.0042910997566115335
8,trf_6_3817a_t2,1.396750637915577,0.4808970237508274,0.267513074840443,0.004282490856054398,0.19615398284725605,0.07069521316999866,0.029403536480508863,0.0006290435192022842
8,trf_16_1142a_t2,14.29520309285079,5.408828271241717,1.6699590861171538,0.05188946074119259,2.0551079623746435,0.7999191998874631,0.18527104523543692,0.0076727236375120356
8,trf_6_724a_t2,6.808457323422854,2.363212356199384,1.2471389585652157,0.017149311403561573,0.9555443354060627,0.345660035986604,0.13637302015200037,0.0025167824206764333
8,trf_6_5085a_t2,12.163481148871739,4.6644093164547975,1.2809085991901679,0.08662551673538754,1.7467784448439332,0.6841497955332922,0.14170931443454138,0.012835515400746705
8,trf_6_5595a_t2,3.738523303385453,1.0464455618313748,1.2445233434135823,0.020793351923829737,-0.9960862445177052,-0.4856032733438307,0.13803100413165326,0.004387687543442983
8,trf_6_5711a_t2,6.004100573914614,2.020609801629527,1.2462332410274215,0.013162183137075097,0.8370398281328937,0.295528761324394,0.13623213728971817,0.0019262678619436854
8,trf_6_5712a_t2,11.44607659291813,4.3328279030036185,1.2538662750460168,0.04840184758720803,0.7716135248220635,0.2593432107930944,0.13629994424470526,0.0016290087707182405
8,trf_6_5659a_t2,3.4213869498892375,0.923548143033954,1.2441974945175158,0.003990364949411703,0.45688733432246975,0.13518764807204242,0.1360503719782884,0.000567395298574816
8,trf_6_6158a_t2,27.21354917069891,10.896891068869834,1.6854038319928906,0.1984949280812456,3.9511404580717375,1.5979999997161372,0.18626542166472615,0.029415746023236128
8,trf_6_6197a_t2,41.085774540707376,16.5279523427701,2.4585716564682256,0.269842173442274,5.96051888216175,2.417766866196951,0.27091903698299724,0.03997010409510138
8,trf_6_6153a_t2,38.84354173013169,16.212566253572035,1.639809780687008,0.7059760265853077,4.526535529874117,1.8875846618380052,0.18913288451470445,0.093713895754306
8,trf_6_1504a_t2,4.750076434091507,1.4933188176903962,1.2524492145419488,0.018297896237522027,0.6541125258241305,0.21941742180034174,0.13776053196812765,0.002689821404479764
8,trf_6_6249a_t2,11.06092549382642,4.16101248929467,1.2648055094837674,0.06053170845855629,-1.0906077677383212,-0.5308805545012669,0.13877150128525728,0.0035697180549162585
8,trf_16_6312a_t2,4.305581156692961,1.3004483086636343,1.2501792321935807,0.014629017435767737,0.5882128852181747,0.19093717139315203,0.1373047530325855,0.002148055193553572
8,trf_6_727a_t2,16.503208278851307,6.5169337452778064,1.2808355506633238,0.11225190537124288,2.3846871631356823,0.954187188116137,0.1414876255718449,0.016621253556526494
9,busa4-_202312598_segmmt_24122,4565.656413021148,758.5448330615627,174.89196679234234,-1072.0763349893048,801.9265710409118,224.24600787627867,23.572659591177256,-100.15127007732053
9,trf_16_1585a_t2,2.06627706723292,0.5407695005908608,0.7870834970635802,0.0018973651428066845,0.2019175245257725,0.052234597219899426,0.07784671981771163,0.0001460977677269161
9,trf_16_1143a_t2,22.56884186446507,9.134435029811106,1.5328400036367777,0.2944940167386416,-1.8240540289674847,-0.8247710191827213,0.1520936434097817,0.015094292483579241
9,trf_6_4910a_t2,119.11898281357512,52.720709196468874,3.0706009086417985,5.297092601193263,11.599053831120244,5.043321010618101,0.258953748873068,0.3882599776166007
9,trf_6_1541a_t2,1.6858681220043756,0.3949908913432669,0.8239899420914591,0.07525416258037622,-2.659304602110484,-1.131433086240244,0.10437877329518441,0.04618852181652938
9,trf_6_1350a_t2,0.07390133528554754,-0.7454052793682456,1.8419164460028878,0.03662957541346938,-3.591969179478862,-1.5906159829117013,0.1938228612490287,0.025083041978207352
9,trf_6_808a_t2,8.193015336163956,3.158611344011021,0.7984568330816817,0.045964632689649815,0.7946973918430622,0.3035471252915327,0.07844252164826893,0.003485819698788306
9,trf_6_810a_t2,13.38579035708662,5.10427008914179,1.4093438118558401,0.06630501114329344,1.2984269902135512,0.49084679578349366,0.13816867159314516,0.00502407537101629
9,trf_16_3130a_t2,19.00291807705216,7.5040281470998895,1.4717952527226457,0.16679289108307283,1.8463085558709516,0.7240677927274621,0.1430872946440338,0.012435676687217373
9,trf_6_1048a_t2,2.964720567625028,0.9234155300940813,0.7886055740391338,0.005493258910016469,0.2881794236371311,0.08872157079710541,0.07765095680209655,0.0004489923877262535
9,trf_6_6273a_t2,0.8063358705364099,-0.14698887268159666,1.4313664135757527,0.1836401864399488,-6.6366348092656455,-2.7789847625572905,0.17379354229560207,0.12440555898481558
9,trf_6_731a_t2,2.8606064150522874,0.8792438339959371,0.7897968592532176,0.005056251510677328,0.2783927611578365,0.08460918671666906,0.07790299407347201,0.000414572881827514
9,trf_6_732a_t2,11.690498044313784,4.390045483084043,1.3886034136616998,0.04617100249669228,1.1344557792111871,0.42215035599819917,0.13676047451667106,0.003536872070494239
9,trf_6_730a_t2,3.26743150252602,1.0504334177190948,0.793577624787997,0.007615656288210222,0.3103920637052462,0.0979447018841676,0.07816444633515607,0.0006204724343754258
9,trf_6_729a_t2,14.166507738047157,5.724814953244541,0.860529421491834,0.15195758249889316,1.3733789693592708,0.5498692506230256,0.08292441609644285,0.011299799220467976
9,trf_16_299a_t2,19.874857254237533,7.661727732979447,1.8890525337033641,0.10777633791009972,1.931563149573961,0.739892518632498,0.1851721911550246,0.008088395107843163
9,trf_11_130a_t2,5.171668426206115,1.8580612843741617,0.794627580517048,0.021916485836509708,0.5032866532627756,0.17949497585654628,0.07834545743337362,0.0016687576090733715
9,trf_6_1151a_t2,8.913117492124135,3.2068861808427993,1.3960377900978427,0.03534100484742814,0.8665481987503494,0.3090311038994713,0.13773261327591135,0.002694720113770567
9,trf_16_538a_t2,6.637917152702748,2.2380011502968236,1.3962426416471492,0.0348215194691694,0.6469081577694888,0.21616515697199956,0.13784280612053124,0.0026351867537838525
9,trf_6_723a_t2,8.246557733201044,3.1792409809414153,0.8004225988900528,0.04668667030209845,0.7992949438351111,0.3051568319332545,0.07846619452983994,0.0035375452569583812
9,trf_6_722a_t2,2.53426414150995,0.7404208419680504,0.7884763109208784,0.003914681929584061,0.24652554134255045,0.07114293763237811,0.07764024762799548,0.00032571710123221846
9,trf_6_737a_t2,7.7745726999045495,2.9741471546345855,0.8172631351165683,0.048355489866197865,0.7549450693709394,0.2865315899271641,0.08004343031758965,0.003633919625462466
9,trf_6_728a_t2,14.328741245438545,5.511928764266191,1.4020871956773406,0.07299631970307818,1.3888171583642883,0.5292088230658987,0.13743585243297152,0.005512417236682693
9,trf_6_3819a_t2,18.130626910892484,7.130577968414316,1.4086249469424008,0.12670941309463216,1.762995488348178,0.6887814068219091,0.13839369199049778,0.009489721420234604
9,trf_6_124a_t2,17.696173299581368,6.699603594601897,1.8754498520269838,0.10822939043279246,-0.2942893967367368,-0.21344279118250942,0.18899325733137462,0.004752632712997404
9,trf_16_6318a_t2,16.530299696894836,6.245680571600514,1.8402202600692017,0.07382404896285177,1.6065938585615545,0.6025613721071839,0.1813235780811855,0.0055970957311534675
9,trf_6_2090a_t2,9.526292314553656,3.730818923981783,0.8052305003164582,0.0627817776542239,0.9236985455253297,0.35837392329396467,0.07890449473164285,0.004731971463181259
9,trf_16_2658a_t2,2.709596977831073,0.81436032642604,0.7863808987984031,0.0045346654632094415,0.2642440684673142,0.07862394211928692,0.07774376551990114,0.00037472317418648163
9,trf_6_1177a_t2,25.062217120173646,9.536808788960883,2.6932220609885134,0.08362729979721883,1.9520325940369645,0.7143611483148646,0.265936846099458,0.004450367018866308
9,trf_16_3364a_t2,4.396346544765921,1.5309486514032389,0.7890693520876562,0.012623390347035196,0.42787692048959425,0.1477871288271051,0.07796632435178708,0.0009931203810833941
9,trf_6_3509a_t2,12.654642541779626,5.440624719380891,0.4024733304058172,0.3478457125816233,1.2306240099790635,0.5223181423624181,0.03701108693248717,0.02560235613057238
9,trf_11_3987a_t2,5.1910079884582645,2.100453119750056,0.3091451873357712,0.057167589086180706,0.5040740330503128,0.20214231235838964,0.030130677403749362,0.0042639939257573325
9,trf_16_3997a_t2,7.807539857414901,2.7289523215332285,1.3889949793608003,0.03144679585272365,0.7600972909935262,0.26353192279192506,0.13709936294295444,0.002402609401039646
9,trf_6_3817a_t2,1.5475504808888396,0.5323538414552019,0.29691970293159775,0.004650762015165842,0.15079984297326265,0.05145681770437455,0.02940662809115474,0.0003682711591114435
9,trf_16_1142a_t2,15.839808598328048,5.9898047159699,1.8544913348813727,0.05619998499291667,1.544605505477259,0.5809764447281829,0.18453224876421892,0.004310524251724075
9,trf_6_724a_t2,7.54032065653455,2.6143721541160145,1.3832511301365398,0.018615879849758703,0.7318633331116962,0.25115979791663046,0.13611217157132405,0.0014665684461971293
9,trf_6_5085a_t2,13.47157919247048,5.161218349546153,1.4201742244434379,0.09363973202375916,1.3080980435987417,0.49680903309135527,0.13926562525327002,0.0070142152883716224
9,trf_6_5595a_t2,1.0430013331960564,-0.14549067248634384,1.3905205591437553,0.04258854920290861,-2.6955219701893967,-1.1919362343177187,0.145997215730173,0.021795197279078873
9,trf_6_5711a_t2,6.649781168148565,2.2353699411598793,1.38227053769228,0.01430088584145647,0.6456805942339514,0.21476013953035222,0.13603729666485842,0.0011387027043813728
9,trf_6_5712a_t2,10.882817848073543,4.027465687212162,1.3911219758261828,0.04945057394090031,-0.5632587448445872,-0.3053622157914564,0.13725570078016602,0.0010487263536922767
9,trf_6_5659a_t2,3.790836423541785,1.021875090108192,1.3803187693022418,0.004362443636604258,0.3694494736525473,0.09832694707423806,0.13612127478472602,0.0003720786871925551
9,trf_6_6158a_t2,30.143617555397764,12.06167617637292,1.868803442266818,0.21452742533735752,2.9300683846988527,1.1647851075030857,0.18339961027392748,0.016032497256111916
9,trf_6_6197a_t2,45.492642137785154,18.28208794550591,2.725092528850851,0.2915845428188535,4.4068675970777775,1.7541356027358113,0.26652087238262556,0.021742369376579473
9,trf_6_6153a_t2,42.42919599781318,17.689306410203358,1.8091399717760552,0.7629418445262316,3.585654267681491,1.4767401566313225,0.16933019108904723,0.056965817940923924
9,trf_6_1504a_t2,5.263511913495446,1.6528724992072106,1.3899774971159018,0.01981922877913101,0.5134354794039391,0.15955368151681437,0.137528282573953,0.0015213325416089836
9,trf_6_6249a_t2,6.734324444094767,2.3006279477113374,1.426374718135002,0.11397667959212744,-4.326601049731654,-1.8603845415833327,0.16156920865123459,0.053444971133571155
9,trf_16_6312a_t2,4.771264416915738,1.4395582967350176,1.3873339629399308,0.015852196431182332,0.46568326022277695,0.1391099880713833,0.1371547307463501,0.0012231789954145946
9,trf_6_727a_t2,18.274937167691153,7.209524758257045,1.4197066366078335,0.12135802819475151,1.7717288888398457,0.6925910129792383,0.1388710859445097,0.00910612282350863
10,busa4-_202312598_segmmt_24122,5267.265316951561,942.3342435770817,198.58189975698696,-1171.0808007782884,701.6089039304125,183.78941051551897,23.689932964644612,-99.00446578898368
10,trf_16_1585a_t2,2.2287190655617457,0.5762643607826061,0.86541061909793,0.0019533009727954105,0.16244199832882567,0.0354948601917453,0.07832712203434988,5.593582998872598e-05
10,trf_16_1143a_t2,16.715530175262526,6.67545764220159,1.7401692037713157,0.40691001589178194,-5.853311689202545,-2.458977387609516,0.20732920013453793,0.11241599915314032
10,trf_6_4910a_t2,127.05730287859362,56.11678488580996,3.2632486788751867,5.4765031590171676,7.938320065018502,3.396075689341089,0.1926477702333882,0.17941055782390425
10,trf_6_1541a_t2,-3.34131775918977,-1.653240201675252,0.9923961735680473,0.2364523973409749,-5.0271858811941454,-2.048231093018519,0.16840623147658818,0.1611982347605987
10,trf_6_1350a_t2,-6.4825139192312236,-3.5519123917748776,2.065281683261563,0.11889727792126345,-6.5564152545167715,-2.806507112406632,0.2233652372586752,0.08226770250779407
10,trf_6_808a_t2,8.756463794195838,3.3641125128344904,0.8767638793642486,0.04769707979222518,0.5634484580318819,0.20550116882346936,0.0783070462825669,0.001732447102575363
10,trf_6_810a_t2,14.30925926783149,5.436788235737635,1.546806891641158,0.0687963990872481,0.9234689107448695,0.3325181465958451,0.1374630797853178,0.002491387943954662
10,trf_16_3130a_t2,20.299310964908063,7.9954740490204745,1.6119425092341322,0.17275162743540223,1.2963928878559017,0.491445901920585,0.14014725651148652,0.005958736352329408
10,trf_6_1048a_t2,3.185059649957526,0.9835212805692158,0.8664657469067658,0.005755178291652002,0.22033908233249777,0.060105750475134556,0.07786017286763203,0.0002619193816355324
10,trf_6_6273a_t2,-11.435411464954152,-5.051297994118631,1.689312968625071,0.6000630044856166,-12.241747335490562,-4.904309121437034,0.2579465550493183,0.4164228180456677
10,trf_6_731a_t2,3.074409252397944,0.9365695831997738,0.8679095849834036,0.005298784962445908,0.21380283734565664,0.05732574920383671,0.07811272573018602,0.00024253345176857965
10,trf_6_732a_t2,12.502781443866358,4.675821256667503,1.5254629851525592,0.04796736252011827,0.8122833995525731,0.2857757735834605,0.13685957149085937,0.0017963600234259872
10,trf_6_730a_t2,3.5287458023946057,1.1276899530225668,0.8718961331429884,0.00805710886592785,0.26131429986858556,0.07725653530347198,0.07831850835499143,0.00044145257771762824
10,trf_6_729a_t2,15.121766648959273,6.096707465052308,0.9408282342538944,0.15734270301251657,0.9552589109121161,0.3718925118077667,0.08029881276206041,0.005385120513623415
10,trf_16_299a_t2,21.242852137166995,8.16397547781139,2.072544158653813,0.11168295487019132,1.3679948829294624,0.5022477448319425,0.1834916249504488,0.003906616960091605
10,trf_11_130a_t2,5.538657074734073,1.9801637832761783,0.8731803952289262,0.02273789154034026,0.36698864852795765,0.12210249890201652,0.07855281471187825,0.0008214057038305501
10,trf_6_1151a_t2,9.544142491245838,3.4160448420014276,1.5336664181745823,0.03668858934029415,0.6310249991217027,0.20915866115862825,0.1376286280767396,0.0013475844928660108
10,trf_16_538a_t2,7.1210145647956535,2.384672259983037,1.5341228028481275,0.03613636306334207,0.48309741209290546,0.14667110968621344,0.13788016120097835,0.0013148435941726724
10,trf_6_723a_t2,8.812886725081723,3.385735670545163,0.8786154163691624,0.048441394122349136,0.5663289918806793,0.20649468960374762,0.07819281747910956,0.0017547238202506865
10,trf_6_722a_t2,2.7264099384809675,0.788624015194407,0.8663306266937577,0.004111759564822519,0.19214579697101764,0.04820317322635659,0.07785431577287927,0.00019707763523845769
10,trf_6_737a_t2,8.311014150040457,3.168111818286996,0.8964548764584838,0.05010707304569359,0.5364414501359072,0.1939646636524106,0.07919174134191542,0.0017515831794957248
10,trf_6_728a_t2,15.313061297210997,5.8701070275420895,1.5390007301068116,0.07569956190677501,0.9843200517724515,0.3581782632758985,0.13691353442947096,0.0027032422036968318
10,trf_6_3819a_t2,19.37213731688346,7.59905571148569,1.546694382374496,0.13128283064087462,1.2415104059909758,0.46847774307137424,0.13806943543209527,0.004573417546242464
10,trf_6_124a_t2,15.223564664681648,5.577443052627199,2.0905135830824584,0.13410884641056672,-2.4726086348997196,-1.122160541974698,0.2150637310554746,0.02587945597777426
10,trf_16_6318a_t2,17.67880493675416,6.655124122930422,2.021860512080274,0.07660698670277924,1.1485052398593254,0.4094435513299084,0.18164025201107226,0.0027829377399274657
10,trf_6_2090a_t2,10.177018450700043,3.9733318290028348,0.8837097132588857,0.06510318050894327,0.6507261361463872,0.24251290502105194,0.07847921294242755,0.002321402854719379
10,trf_16_2658a_t2,2.914313040967556,0.8678367256147163,0.8646393286030211,0.004757724096285837,0.20471606313648305,0.053476399188676305,0.07825842980461795,0.00022305863307639506
10,trf_6_1177a_t2,26.469798627890825,10.020758964536956,2.959237439264191,0.08590357261202125,1.407581507717179,0.4839501755760729,0.2660153782756778,0.002276272814802416
10,trf_16_3364a_t2,4.711971487609396,1.6313846929834361,0.8674327226793741,0.013154934547135858,0.315624942843475,0.10043604158019726,0.07836337059171794,0.0005315442001006618
10,trf_6_3509a_t2,13.498697482438502,5.792185650622274,0.43536142411862216,0.3597829284943298,0.8440549406588751,0.35156093124138277,0.03288809371280499,0.011937215912706522
10,trf_11_3987a_t2,5.542454053798817,2.2374756067281947,0.3388746993392614,0.05921342826996148,0.35144606534055267,0.13702248697813868,0.02972951200349022,0.002045839183780776
10,trf_16_3997a_t2,8.367588257735948,2.9080142057581853,1.5264598585466556,0.032660196779063434,0.5600484003210466,0.17906188422495672,0.13746487918585526,0.001213400926339786
10,trf_6_3817a_t2,1.6592775293043687,0.5672490564577491,0.3264205389227407,0.004850572170889275,0.11172704841552905,0.03489521500254722,0.02950083599114295,0.0001998101557234332
10,trf_16_1142a_t2,16.943811643803667,6.38233158150679,2.038736531224839,0.05838837906165786,1.1040030454756184,0.3925268655368903,0.18424519634346614,0.0021883940687411896
10,trf_6_724a_t2,8.079910130896605,2.784487055877595,1.5196010730958889,0.019406384223331852,0.5395894743620557,0.1701149017615804,0.1363499429593491,0.000790504373573149
10,trf_6_5085a_t2,14.401677157237534,5.497442016108934,1.558334946242231,0.0970349747791182,0.9300979647670538,0.33622366656278135,0.13816072179879302,0.003395242755359032
10,trf_6_5595a_t2,-3.9856833614980114,-2.287037133968245,1.5570557653966632,0.1146431424955419,-5.028684694694068,-2.1415464614819015,0.16653520625290796,0.07205459329263329
10,trf_6_5711a_t2,7.131036878094594,2.380848422313843,1.5185841441413863,0.014928762474941138,0.48125570994602906,0.14547848115396356,0.1363136064491064,0.0006278766334846687
10,trf_6_5712a_t2,8.66321673550932,3.0313781897331484,1.5347519521992858,0.06380420075528902,-2.2196011125642237,-0.9960874974790137,0.14362997637310304,0.01435362681438871
10,trf_6_5659a_t2,4.085358738860474,1.0885454213185641,1.516904109593892,0.004601371300583846,0.29452231531868955,0.06667033121037202,0.13658534029165015,0.00023892766397958821
10,trf_6_6158a_t2,32.191641774717986,12.853734023877974,2.0514793478801767,0.22225477418095185,2.0480242193202223,0.7920578475050544,0.18267590561335867,0.007727348843594328
10,trf_6_6197a_t2,48.56122115577431,19.468592560985766,2.9897566240298468,0.30203007220628436,3.0685790179891583,1.1865046154798549,0.2646640951789956,0.010445529387430874
10,trf_6_6153a_t2,45.226464451028406,18.82543695503872,1.9668438157570416,0.7968320434008491,2.7972684532152243,1.136130544835364,0.15770384398098636,0.03389019887461753
10,trf_6_1504a_t2,5.655888858030863,1.760966580261016,1.5277512621873164,0.02060572712350139,0.3923769445354175,0.10809408105380536,0.1377737650714146,0.0007864983443703795
10,trf_6_6249a_t2,-1.924962913854623,-1.271163635314112,1.6562356154679996,0.32438258748608845,-8.65928735794939,-3.5717915830254494,0.22986089733299764,0.21040590789396102
10,trf_16_6312a_t2,5.131584235646505,1.534035537022762,1.524895771476478,0.016491794367070683,0.36031981873076724,0.09447724028774451,0.1375618085365471,0.0006395979358883516
10,trf_6_727a_t2,19.51866747203875,7.678144250111803,1.5574038300755728,0.12578641703924257,1.2437303043475971,0.46861949185475815,0.13769719346773934,0.004428388844491052
11,busa4-_202312598_segmmt_24122,5993.00455573656,1137.4010143011012,223.54351633230016,-1268.3186110219374,725.7392387849995,195.06677072401953,24.9616165753132,-97.23781024364894
11,trf_16_1585a_t2,2.3873063819334837,0.6101356965354731,0.943706598443545,0.002001934219076473,0.15858731637173795,0.03387133575286694,0.07829597934561494,4.863324628106257e-05
11,trf_16_1143a_t2,9.914918614311887,3.8431536275539773,1.9683614176103021,0.5570550327512107,-6.800611560950639,-2.832304014647613,0.22819221383898647,0.15014501685942877
11,trf_6_4910a_t2,134.6441048170275,59.355272581823954,3.4508748131696096,5.640275012159502,7.586801938433894,3.2384876960139906,0.18762613429442299,0.16377185314233422
11,trf_6_1541a_t2,-8.98460835815138,-3.9316763532950745,1.1834165588006638,0.4390090307166611,-5.6432905989616104,-2.2784361516198226,0.19102038523261644,0.2025566333756862
11,trf_6_1350a_t2,-13.830594500547967,-6.678906750843497,2.2989096551911063,0.22213632664236807,-7.348080581316744,-3.1269943590686196,0.23362797192954332,0.10323904872110462
11,trf_6_808a_t2,9.297616484927698,3.5600730235243576,0.9549612923046726,0.049295013770805494,0.5411526907318596,0.1959605106898672,0.07819741294042404,0.0015979339785803168
11,trf_6_810a_t2,15.196566492806738,5.753887068257116,1.6840424084870975,0.07109358520408693,0.8873072249752489,0.31709883251948145,0.1372355168459396,0.002297186116838823
11,trf_16_3130a_t2,21.542943740197,8.464399172995446,1.7517577850396935,0.17821964136107366,1.243632775288937,0.4689251239749712,0.1398152758055613,0.005468013925671422
11,trf_6_1048a_t2,3.3987628233792813,1.040831028167842,0.9442274209205849,0.006001993778937668,0.21370317342175538,0.05730974759862606,0.07776167401381906,0.00024681548728566587
11,trf_6_6273a_t2,-25.15731925422932,-10.49242052057241,1.9771936746768053,1.1223290844466467,-13.72190778927517,-5.441122526453778,0.2878807060517343,0.5222660799610301
11,trf_6_731a_t2,3.2819152709152855,0.9912397456701242,0.9459386985218547,0.0055274117221311096,0.2075060185173414,0.05467016247035039,0.0780291135384511,0.0002286267596852019
11,trf_6_732a_t2,13.28398963128584,4.948335349403688,1.6621574620234305,0.04962935410342603,0.7812081874194821,0.2725140927361851,0.13669447687087133,0.0016619915833077648
11,trf_6_730a_t2,3.777868491055014,1.1997977967805364,0.9500842845731536,0.0084392896049988,0.24912268866040854,0.07210784375796964,0.07818815143016522,0.0003821807390709496
11,trf_6_729a_t2,16.03679052123192,6.451296157253363,1.0208309032996399,0.16227991799503158,0.9150238722726485,0.35458869220105527,0.08000266904574549,0.004937214982515009
11,trf_16_299a_t2,22.55678914523537,8.643227661182241,2.255762385311868,0.11527095902311783,1.3139370080683754,0.4792521833708516,0.1832182266580551,0.0035880041529265105
11,trf_11_130a_t2,5.892522055989211,2.096697583430936,0.9516879937796541,0.023493959248475017,0.3538649812551382,0.11653380015475756,0.07850759855072786,0.0007560677081347583
11,trf_6_1151a_t2,10.152495669581448,3.6155406144843467,1.671148157009307,0.037932476924314465,0.6083531783356104,0.19949577248291916,0.1374817388347247,0.0012438875840203173
11,trf_16_538a_t2,7.588336207323892,2.5246354590722357,1.6718939679465885,0.03735046764996561,0.4673216425282387,0.13996319908919874,0.137771165098461,0.001214104586623535
11,trf_6_723a_t2,9.356710564482665,3.5826012909053384,0.9566743997726184,0.05005933629337956,0.5438238394009414,0.19686562036017552,0.07805898340345596,0.0016179421710304231
11,trf_6_722a_t2,2.9132121924184684,0.8345852201453319,0.9440862224642559,0.004298311484403979,0.18680225393750094,0.04596120495092493,0.07775559577049818,0.00018655191958145967
11,trf_6_737a_t2,8.826456777783756,3.353110191437886,0.9754997017916401,0.051714892719757204,0.5154426277432993,0.18499837315088996,0.07904482533315638,0.0016078196740636139
11,trf_6_728a_t2,16.258309034777028,6.211590475106317,1.675677320177226,0.07818756596576884,0.9452477375660315,0.34148344756422766,0.13667659007041433,0.0024880040589938257
11,trf_6_3819a_t2,20.563610674840277,8.04620579729771,1.684646088729367,0.13548241042488254,1.1914733579568164,0.4471500858120194,0.13795170635487097,0.004199579784007923
11,trf_6_124a_t2,12.259851985886613,4.251564576971841,2.314948954003896,0.1687673397877032,-2.9637126787950354,-1.325878475655358,0.22443537092143773,0.03465849337713647
11,trf_16_6318a_t2,18.783252164281507,7.045825630684074,2.2033693336285824,0.07917437751371867,1.104447227527345,0.39070150775365153,0.1815088215483085,0.0025673908109394294
11,trf_6_2090a_t2,10.801433989606835,4.204567278682401,0.9620545674340809,0.06724037707793178,0.624415538906792,0.23123544967956589,0.07834485417519521,0.002137196568988503
11,trf_16_2658a_t2,3.1132499508817886,0.918871062596584,0.9428681457722535,0.004968490814489161,0.19893690991423263,0.05103433698186777,0.07822881716923247,0.00021076671820332432
11,trf_6_1177a_t2,27.825182043015577,10.48249179484167,3.2250443714764936,0.0880119845912797,1.3553834151247521,0.46173283030471346,0.26580693221230245,0.0021084119792584427
11,trf_16_3364a_t2,5.016774653888527,1.727228454277907,0.9457590974376268,0.013650251788900265,0.3048031662791315,0.09584376129447092,0.07832637475825266,0.0004953172417644074
11,trf_6_3509a_t2,14.305775230217815,6.127422055279012,0.4679223649303189,0.37069421903641236,0.8070777477793136,0.33523640465673754,0.03256094081169675,0.010911290542082563
11,trf_11_3987a_t2,5.879230598001919,2.368184612164789,0.3685463236473685,0.06109107061894481,0.33677654420310166,0.13070900543659425,0.029671624308107103,0.0018776423489833272
11,trf_16_3997a_t2,8.908363940158432,3.0788945603468068,1.6638365242700568,0.033782115504531904,0.5407756824224847,0.1708803545886215,0.13737666572340124,0.0011219187254684695
11,trf_6_3817a_t2,1.7672524448826845,0.6005482751862471,0.35590756085068626,0.0050371278397463495,0.10797491557831584,0.03329921872849795,0.029487021927945556,0.00018655566885707447
11,trf_16_1142a_t2,18.006014588667444,6.756963274900265,2.222911995325282,0.06041362001440024,1.0622029448637775,0.374631693393475,0.18417546410044316,0.0020252409527423826
11,trf_6_724a_t2,8.600821091159183,2.946684581943418,1.6557694642013974,0.020143667077127825,0.5209109602625777,0.16219752606582327,0.1361683911055085,0.0007372828537959737
11,trf_6_5085a_t2,15.295417372973446,5.818107782066096,1.6962594604063568,0.10015506530577992,0.893740215735912,0.3206657659571617,0.13792451416412588,0.00312009052666172
11,trf_6_5595a_t2,-9.631692326988837,-4.675861944251755,1.7306130677226201,0.2051690551832842,-5.646008965490825,-2.38882481028351,0.1735573023259569,0.09052591268774231
11,trf_6_5711a_t2,7.596287787209543,2.5195569424553015,1.6547180749765578,0.015516133007690044,0.4652509091149488,0.13870852014145862,0.13613393083517145,0.000587370532748906
11,trf_6_5712a_t2,6.055655117256595,1.8747038246738856,1.6804549146824614,0.08353954327590907,-2.607561618252724,-1.1566743650592628,0.1457029624831756,0.01973534252062005
11,trf_6_5659a_t2,4.372506913584275,1.1521302045533341,1.6533473929022233,0.004829233860625422,0.28714817472380094,0.06358478323477001,0.13644328330833133,0.00022786256004157616
11,trf_6_6158a_t2,34.15507132417595,13.609708700559075,2.2339789979825206,0.22935198261776218,1.9634295494579632,0.7559746766811006,0.18249965010234392,0.007097208436810332
11,trf_6_6197a_t2,51.50079114356734,20.599726870016134,3.2539009782436494,0.3116182851322637,2.9395699877930284,1.1311343090303687,0.26414435421380267,0.009588212925979334
11,trf_6_6153a_t2,47.84304050892746,19.88350522721939,2.1217008839587406,0.8263836481103849,2.616576057899053,1.0580682721806696,0.15485706820169898,0.029551604709535773
11,trf_6_1504a_t2,6.036580553714604,1.8640947133102173,1.6654318105427,0.021335732094986376,0.3806916956837405,0.10312813304920132,0.13768054835538357,0.0007300049714849856
11,trf_6_6249a_t2,-11.696881233889238,-5.269467489235719,1.9103756311632967,0.5918279531522235,-9.771918320034615,-3.998303853921607,0.2541400156952971,0.267445365666135
11,trf_16_6312a_t2,5.481708614160017,1.6241992640051937,1.6623750351353732,0.017086382790567407,0.3501243785135122,0.09016372698243158,0.1374792636588953,0.0005945884234967239
11,trf_6_727a_t2,20.71153128936008,8.124964547735074,1.6948325915106268,0.1298584558834262,1.1928638173213315,0.4468202976232707,0.137428761435054,0.00407203884418364
12,busa4-_202312598_segmmt_24122,6635.758587170507,1297.816467672749,247.53645879232258,-1366.339012661145,642.7540314339467,160.4154533716478,23.99294246002242,-98.02040163920765
12,trf_16_1585a_t2,2.547070242097914,0.644450376412209,1.022271344354773,0.0020519586038669916,0.15976386016443023,0.034314679876735976,0.07856474591122808,5.0024384790518534e-05
12,trf_16_1143a_t2,2.5561758733879527,0.7935039916150535,2.2105383938120813,0.7320678045230493,-7.358742740923934,-3.049649635938924,0.24217697620177914,0.1750127717718386
12,trf_6_4910a_t2,142.31606327581605,62.63725175623732,3.640023351540664,5.807233521434673,7.671958458788538,3.2819791744133653,0.18914853837105428,0.16695850927517153
12,trf_6_1541a_t2,-15.022153467992869,-6.355710794670324,1.3900423318401605,0.6695956510428104,-6.0375451098414885,-2.42403444137525,0.2066257730394967,0.2305866203261493
12,trf_6_1350a_t2,-21.693891673519474,-10.013700729008853,2.540308532283904,0.3398535994136108,-7.863297172971507,-3.334793978165356,0.24139887709279773,0.11771727277124275
12,trf_6_808a_t2,9.844184210292031,3.7585418206218795,1.0334117815982782,0.05092080262586893,0.5465677253643335,0.19846879709752185,0.07845048929360554,0.0016257888550634328
12,trf_6_810a_t2,16.092684354133638,6.075041558221836,1.8217279615919377,0.07343095508206632,0.8961178613268999,0.3211544899647194,0.1376855531048402,0.0023373698779793894
12,trf_16_3130a_t2,22.799389399873114,8.939344743393182,1.8920721736840573,0.18378837481166793,1.256445659676114,0.4749455703977361,0.14031438864436385,0.0055687334505942765
12,trf_6_1048a_t2,3.6142342717480958,1.098875111787926,1.0222383929996892,0.006252133253410286,0.2154714483688145,0.058044083620084175,0.07801097207910435,0.00025013947447261823
12,trf_6_6273a_t2,-39.8356504024587,-16.27592823957407,2.2860589778779103,1.7170122797479102,-14.678331148229375,-5.783507719001662,0.30886530320110506,0.5946831953012635
12,trf_6_731a_t2,3.4910849924496112,1.0465974148200508,1.0241996454994282,0.0057590838191253655,0.20916972153432578,0.05535766914992657,0.07826094697757346,0.00023167209699425598
12,trf_6_732a_t2,14.072730780529131,5.224279787684111,1.799261161119884,0.05131927278969586,0.7887411492432914,0.2759444382804226,0.1371036990964536,0.0016899186862698312
12,trf_6_730a_t2,4.019624838998974,1.2688068704962145,1.0284693561057856,0.008775207054096528,0.2417563479439595,0.0690090737156781,0.07838507153263197,0.00033591744909772757
12,trf_6_729a_t2,16.961321764093697,6.81037211760068,1.1011118138724334,0.16730859045871346,0.9245312428617751,0.35907596034731704,0.08028091057279352,0.0050286724636818825
12,trf_16_299a_t2,23.883841773474117,9.128542928528946,2.4395704819927477,0.11892436684315824,1.3270526282387465,0.4853152673467047,0.18380809668087972,0.003653407820040408
12,trf_11_130a_t2,6.2498161835594574,2.2147785395970554,1.0304880645630077,0.024263599569160098,0.35729412757024637,0.11808095616611958,0.0788000707833536,0.0007696403206850812
12,trf_6_1151a_t2,10.766297452157369,3.817454202891524,1.8089829594535476,0.03919768417610003,0.613801782575921,0.20191358840717744,0.13783480244424062,0.001265207251785562
12,trf_16_538a_t2,8.059678865154922,2.6663471543262705,1.810060753885206,0.038585438614738954,0.4713426578310296,0.1417116952540347,0.13816678593861753,0.0012349709647733464
12,trf_6_723a_t2,9.905990927768448,3.78199354071786,1.0349899755174103,0.05170557378686881,0.5492803632857832,0.1993922498125218,0.07831557574479198,0.0016462374934892512
12,trf_6_722a_t2,3.1014832951448033,0.8811356250616155,1.0220916879762008,0.004487223172410796,0.18827110272633485,0.046550404916283594,0.07800546551194487,0.00018891168800681726
12,trf_6_737a_t2,9.346865551675604,3.540374229914478,1.0547663254190802,0.053352029956683054,0.5204087738918481,0.187264038476592,0.07926662362744008,0.0016371372369258508
12,trf_6_728a_t2,17.2130302999635,6.557453684397306,1.812802828322432,0.08071992061058988,0.9547212651864712,0.34586320929098857,0.13712550814520608,0.0025323546448210443
12,trf_6_3819a_t2,21.767656765667,8.499335361530411,1.8231287956528026,0.13975939392816072,1.204046090826722,0.453129564232702,0.13848270692343556,0.004276983503278181
12,trf_6_124a_t2,9.02183592400897,2.812937616873395,2.5463289400796922,0.20909767340274338,-3.2380160618776426,-1.4386269600984463,0.23137998607579613,0.04033033361504018
12,trf_16_6318a_t2,19.89884830550522,7.441687225357678,2.385543943668133,0.08178675220570863,1.1155961412237119,0.3958615946736046,0.1821746100395507,0.002612374691989966
12,trf_6_2090a_t2,11.432179768238143,4.438754303052385,1.0406534401759961,0.06941554325745782,0.630745778631308,0.23418702436998462,0.07859887274191524,0.002175166179526039
12,trf_16_2658a_t2,3.3138454538677853,0.9705809585620637,1.0213807495328724,0.005182048223950367,0.2005955029859967,0.0517098959654797,0.07851260376061886,0.0002135574094612059
12,trf_6_1177a_t2,29.192897168951916,10.949737484799428,3.491481077559074,0.09015506695893068,1.3677151259363391,0.4672456899577586,0.2664367060825805,0.0021430823676509836
12,trf_16_3364a_t2,5.324410072029697,1.8243255994940448,1.0243577090142746,0.014153329229639511,0.30763541814117,0.09709714521613777,0.07859861157664783,0.0005030774407392465
12,trf_6_3509a_t2,15.121227054260613,6.466673857329003,0.5006130324455104,0.3818127864570885,0.8154518240427979,0.33925180204999084,0.03269066751519145,0.011118567420676129
12,trf_11_3987a_t2,6.219584079526162,2.500608800296088,0.39832827789754177,0.0630033393795256,0.34035348152424305,0.13242418813129886,0.02978195425017327,0.0019122687605807875
12,trf_16_3997a_t2,9.454135825520797,3.251991036631228,1.8016741670668335,0.03492318792250683,0.545771885362365,0.17309647628442137,0.13783764279677668,0.0011410724179749254
12,trf_6_3817a_t2,1.8761505714679367,0.6342504243987747,0.38546839844532715,0.00522647827352463,0.10889812658525222,0.033702149212527566,0.0295608375946409,0.00018935043377828024
12,trf_16_1142a_t2,19.077075450387117,7.135459516382442,2.40722441008952,0.062471658294041735,1.0710608617196726,0.37849624148217664,0.18431241476423788,0.0020580382796414956
12,trf_6_724a_t2,9.12646790985467,3.1109609812753853,1.7923758525303621,0.020892274112546,0.5256468186954866,0.16427639933196714,0.13660638832896477,0.0007486070354181737
12,trf_6_5085a_t2,16.197823605178904,6.142746521546046,1.8345812336172078,0.10333148074226275,0.9024062322054576,0.32463873947995037,0.13832177321085104,0.003176415436482838
12,trf_6_5595a_t2,-15.676496618177193,-7.223656860316579,1.9095338444902368,0.3083852787386106,-6.044804291188356,-2.5477949160648237,0.17892077676761664,0.10321622355532639
12,trf_6_5711a_t2,8.065655580249782,2.660044307917046,1.7912906723974862,0.01611220060500206,0.4693677930402389,0.14048736546174467,0.13657259742092842,0.0005960675973120146
12,trf_6_5712a_t2,3.2230838644213646,0.6255079417880713,1.8280454826328423,0.10670019487680305,-2.8325712528352307,-1.2491958828858143,0.14759056795038084,0.023160651600893978
12,trf_6_5659a_t2,4.66177090680157,1.2165276096978583,1.7902240581546613,0.005059672161197593,0.28926399321729424,0.06439740514452419,0.13687666525243802,0.0002304383005721708
12,trf_6_6158a_t2,36.1395522369215,14.375782367511096,2.4171851960152213,0.23657965579787868,1.9844809127455534,0.7660736669520212,0.18320619803270066,0.007227673180116495
12,trf_6_6197a_t2,54.47111139886833,21.745388455850897,3.5189257113707253,0.32138225840776474,2.97032025530099,1.1456615858347625,0.26502473312707586,0.009763973275501048
12,trf_6_6153a_t2,50.33404404331822,20.888748437704084,2.2749430746377524,0.8530896129187647,2.4910035343907637,1.005243210484693,0.1532421906790118,0.026705964808379834
12,trf_6_1504a_t2,6.420235624105652,1.9684640886521176,1.803455475195115,0.022077473523480648,0.3836550703910486,0.10436937534190038,0.1380236646524151,0.0007417414284942719
12,trf_6_6249a_t2,-22.172653625285548,-9.534662672499891,2.181355628396691,0.8979214588122613,-10.47577239139631,-4.265195183264172,0.2709799972333944,0.3060935056600378
12,trf_16_6312a_t2,5.834596137473647,1.715500839633603,1.8002626280629712,0.017690462253229972,0.3528875233136297,0.09130157562840924,0.137887592927598,0.0006040794626625649
12,trf_6_727a_t2,21.91653790456871,8.577453595220128,1.8327016507339642,0.13400369898526562,1.205006615208628,0.45248904748505403,0.13786905922333736,0.004145243101839419
13,busa4-_202312598_segmmt_24122,7318.580022139132,1475.3177907770046,272.2550715939874,-1463.5575473461938,682.821434968625,177.50132310425556,24.71861280166482,-97.21853468504878
13,trf_16_1585a_t2,2.7051779224734154,0.6780876834205711,1.100719230318005,0.0020992136870082554,0.1581076803755015,0.033637307008362094,0.07844788596323182,4.725508314126379e-05
13,trf_16_1143a_t2,-4.840233527601215,-2.271102903474135,2.453512583660415,0.9087878524362665,-7.396409400989167,-3.0646068950891885,0.24297418984833374,0.17672004791321716
13,trf_6_4910a_t2,149.8457265192383,65.85330728930765,3.827055707769885,5.968221858886103,7.529663243422249,3.2160555330703318,0.1870323562292211,0.16098833745143004
13,trf_6_1541a_t2,-21.070320024657043,-8.783636688958918,1.5971741508955943,0.9013335451612579,-6.0481665566641745,-2.4279258942885935,0.20713181905543387,0.23173789411844747
13,trf_6_1350a_t2,-29.567487999317574,-13.352566983057592,2.7816645357665104,0.4580605646244279,-7.8735963257981005,-3.338866254048739,0.24135600348260633,0.11820696521081708
13,trf_6_808a_t2,10.381737324386018,3.9530763260242483,1.111729352412814,0.05249497851570429,0.5375531140939867,0.19453450540236883,0.07831757081453583,0.0015741758898353622
13,trf_6_810a_t2,16.974170312363125,6.38983658013842,1.9591673247831172,0.07569382376244826,0.8814859582294865,0.31479502191658426,0.13743936319117944,0.0022628686803819464
13,trf_16_3130a_t2,24.034482669819532,9.404950176220852,2.032087535458191,0.18916931395034775,1.235093269946418,0.46560543282767064,0.14001536177413354,0.005380939138679819
13,trf_6_1048a_t2,3.8269624918648097,1.1557669876420706,1.1001216413256167,0.006496378341578819,0.212728220116714,0.05689187585414457,0.07788324832592752,0.00024424508816853294
13,trf_6_6273a_t2,-54.536198670325064,-22.067111054606748,2.595472091029069,2.314400127187361,-14.700548267866367,-5.791182815032677,0.3094131131511588,0.597387847439451
13,trf_6_731a_t2,3.697656668355161,1.1008643889320615,1.102344026095678,0.0059853332601054,0.2065716759055496,0.05426697411201076,0.07814438059624984,0.00022624944098003415
13,trf_6_732a_t2,14.848915360836727,5.494778874272152,1.9361538694825065,0.052957568998822625,0.7761845803075964,0.2704990865880408,0.13689270836262235,0.001638296209126762
13,trf_6_730a_t2,4.257260344569982,1.3360740357509049,1.106723900341882,0.009094696895121606,0.2376355055710082,0.06726716525469034,0.07825454423609646,0.00031948984102507863
13,trf_6_729a_t2,17.86969054456542,7.162339251639042,1.181193979189473,0.17216609327193427,0.9083687804717222,0.3519671340383619,0.0800821653170396,0.00485750281322081
13,trf_16_299a_t2,25.189024275121405,9.604355629778526,2.623061068142339,0.12245578225749616,1.3051825016472876,0.4758127012495805,0.18349058614959146,0.003531415414337921
13,trf_11_130a_t2,6.601700363946732,2.3305248270584262,1.1091573337275427,0.02500813002049652,0.351884180387275,0.11574628746137083,0.07866926916453498,0.0007445304513364233
13,trf_6_1151a_t2,11.370956130164677,4.015432021236969,1.9466340798925503,0.04042314985511946,0.6046586780073078,0.19797781834544503,0.13765112043900274,0.001225465679019433
13,trf_16_538a_t2,8.52456214475726,2.8052948477233115,1.9480370855471365,0.03978176008020152,0.4648832796023381,0.13894769339704105,0.13797633166193046,0.0011963214654625645
13,trf_6_723a_t2,10.446178409011589,3.9774189483801887,1.1131643553848316,0.053299343499775505,0.5401874812431409,0.19542540766232852,0.07817437986742126,0.0015937697129066938
13,trf_6_722a_t2,3.28752790423191,0.926761987468264,1.0999691395824422,0.004672006317091149,0.18604460908710685,0.045626362406648524,0.07787745160624149,0.00018478314468035276
13,trf_6_737a_t2,9.858836967023889,3.7239772520942314,1.1339011750231407,0.054934197969056145,0.5119714153482846,0.18360302217975333,0.07913484960406048,0.0015821680123730905
13,trf_6_728a_t2,18.15196481946315,6.896439382899242,1.9496804428544245,0.08316978771479724,0.9389345194996501,0.3389856985019364,0.13687761453199254,0.0024498671042073594
13,trf_6_3819a_t2,22.951271833419895,8.943498387837437,1.9613630738348145,0.14389297608646354,1.1836150677528963,0.44416302630702553,0.13823427818201184,0.004133582158302812
13,trf_6_124a_t2,5.757651052120133,1.3632281221619413,2.777775974085408,0.24989176268962604,-3.264184871888837,-1.4497094947114535,0.23144703400571576,0.04079408928688266
13,trf_16_6318a_t2,20.996431994052166,7.829713202113832,2.5674126553858883,0.08431626651315459,1.0975836885469477,0.388025976756154,0.1818687117177551,0.002529514307445954
13,trf_6_2090a_t2,12.052312204231125,4.668297026505494,1.1191117335702796,0.07152012254296584,0.6201324359929821,0.22954272345310844,0.07845829339428345,0.002104579285508029
13,trf_16_2658a_t2,3.5119997841302655,1.021268429838111,1.0997708640410293,0.005390768551180869,0.1981543302624802,0.050687471276047225,0.07839011450815692,0.00020872032723050216
13,trf_6_1177a_t2,30.53963910199851,11.407951399234745,3.757605241752596,0.09223373356250772,1.3467419330465944,0.45821391443531745,0.2661241641935219,0.0020786666035770424
13,trf_16_3364a_t2,5.627583944812883,1.9195072261077213,1.102836319726837,0.014642371853950654,0.3031738727831854,0.09518162661367646,0.07847861071256235,0.000489042624311143
13,trf_6_3509a_t2,15.92196175316123,6.79930404328936,0.5331539995996377,0.3925404034259986,0.8007346989006177,0.3326301859603573,0.032540967154127354,0.010727616968910114
13,trf_11_3987a_t2,6.553995425537825,2.63040423021927,0.42804890261320755,0.06485119784866095,0.3344113460116631,0.12979542992318205,0.029720624715665778,0.0018478584691353495
13,trf_16_3997a_t2,9.99198101997688,3.4216815823352555,1.9393010515756024,0.03602905281819265,0.5378451944560823,0.16969054570402742,0.13762688450876892,0.0011058648956858222
13,trf_6_3817a_t2,1.9835261036647869,0.6673004961745593,0.41499573947794993,0.005410711026594053,0.10737553219685014,0.03305007177578467,0.029527341032622778,0.0001842327530694231
13,trf_16_1142a_t2,20.13174717264192,7.506910466161441,2.591461741359586,0.06446745742830175,1.0546717222548025,0.37145094977899973,0.18423733127006603,0.0019957991342600123
13,trf_6_724a_t2,9.644487318629425,3.271974931154891,1.9287552888817705,0.021620301527818818,0.5180194087747552,0.1610139498795058,0.13637943635140837,0.0007280274152728188
13,trf_6_5085a_t2,17.085593936500118,6.461015984856641,1.972675133261164,0.10640264754561012,0.8877703313212137,0.31826946331059514,0.13809389964395624,0.003071166803347361
13,trf_6_5595a_t2,-21.730597276424167,-9.775103914663177,2.088399152840626,0.41205920462025636,-6.054100658246973,-2.551447054346598,0.17886530835038905,0.10367392588164576
13,trf_6_5711a_t2,8.528464829342928,2.797741533783105,1.9276366219179537,0.016692566149358094,0.46280924909314614,0.13769722586605893,0.13634594952046752,0.0005803655443560353
13,trf_6_5712a_t2,0.3734030451916217,-0.6308565716582086,1.975520796511366,0.1301756438460523,-2.849680819229743,-1.25636451344628,0.14747531387852364,0.023475448969249246
13,trf_6_5659a_t2,4.947926047005271,1.2796519532738222,1.9268867827472205,0.005285727622094772,0.28615514020370103,0.06312434357596386,0.13666272459255913,0.0002260554608971791
13,trf_6_6158a_t2,38.089574903474514,15.126694061790843,2.6000549548355574,0.24356567332205148,1.9500226665530107,0.7509116942797469,0.18286975882033607,0.0069860175241727995
13,trf_6_6197a_t2,57.38951321060869,22.868240412917245,3.783447749476014,0.3308182958055719,2.9184018117403596,1.1228519570663487,0.2645220381052886,0.009436037397807184
13,trf_6_6153a_t2,52.831269919788305,21.89649256663099,2.4276865697223253,0.8799035492694383,2.4972258764700825,1.0077441289269053,0.15274349508457297,0.02681393635067353
13,trf_6_1504a_t2,6.799115189833387,2.070810449596548,1.941314755412324,0.02279751698567395,0.3788795657277344,0.10234636094443017,0.13785928021720895,0.0007200434621933011
13,trf_6_6249a_t2,-32.67159036917086,-13.808720295643187,2.45289569302823,1.205734124908097,-10.49893674388531,-4.274057623143296,0.2715400646315391,0.3078126660958358
13,trf_16_6312a_t2,6.1832433144907855,1.805019291501575,1.9379624972184102,0.018277190666314787,0.34864717701713843,0.08951845186797214,0.13769986915543897,0.0005867284130848145
13,trf_6_727a_t2,23.101064634557428,9.02098086390045,1.9703165111390748,0.13801252520090782,1.1845267299887183,0.443527268680322,0.13761486040511062,0.004008826215642192
14,busa4-_202312598_segmmt_24122,7882.8826617808145,1602.4777307467255,295.1382692083305,-1562.7650382616482,564.3026396416826,127.15993996972088,22.88319761434309,-99.2074909154544
14,trf_16_1585a_t2,2.858440543964021,0.709592955729556,1.1795330973542557,0.002136431388122534,0.15326262149060543,0.03150527230898492,0.07881386703625082,3.721770111427859e-05
14,trf_16_1143a_t2,-12.501720445997183,-5.439312795056404,2.7028881118662587,1.0975841692778787,-7.661486918395968,-3.168209891582269,0.24937552820584363,0.18879631684161224
14,trf_6_4910a_t2,156.896262553802,68.86200333654804,4.008187279991373,6.108625985366239,7.050536034563692,3.0086960472403916,0.18113157222148768,0.1404041264801359
14,trf_6_1541a_t2,-27.24419531699516,-11.258428061598039,1.8093045216361385,1.1414867983335504,-6.173875292338117,-2.474791372639121,0.2121303707405442,0.24015325317229252
14,trf_6_1350a_t2,-37.591424615851864,-16.752166354703537,3.025822741954156,0.5802300218064712,-8.02393661653429,-3.3995993716459445,0.24415820618764572,0.1221694571820433
14,trf_6_808a_t2,10.88957601004872,4.135252467626162,1.1903668915462595,0.05389207753156766,0.5078386856627013,0.18217614160191387,0.07863753913344551,0.001397099015863372
14,trf_6_810a_t2,17.80752402881126,6.684659825118871,2.0971201084594187,0.07770102208353635,0.833353716448137,0.2948232449804511,0.13795278367630148,0.0020071983210880884
14,trf_16_3130a_t2,25.19829117104256,9.840928717551138,2.172350520883298,0.19390361335432854,1.163808501223027,0.4359785413302859,0.14026298542510718,0.004734299403980791
14,trf_6_1048a_t2,4.031239195244572,1.2090630066865609,1.178372443577146,0.006720881557169029,0.20427670337976211,0.05329601904449022,0.07825080225152936,0.00022450321559021064
14,trf_6_6273a_t2,-69.52884392371071,-27.96357437110029,2.9114398954888943,2.932652981513548,-14.992645253385646,-5.896463316493541,0.3159678044598251,0.6182528543261867
14,trf_6_731a_t2,3.8961410615619583,1.1516808068519888,1.1808243620236467,0.006193333794716303,0.19848439320679745,0.050816417919927304,0.07848033592796866,0.00020800053461090314
14,trf_6_732a_t2,15.583755688724047,5.748044195873369,2.0736097937932976,0.05441891786052777,0.7348403278873192,0.2532653216012175,0.13745592431079112,0.001461348861705146
14,trf_6_730a_t2,4.481441201414437,1.3976534193260217,1.185287463703329,0.009357898901041002,0.22418085684445543,0.06157938357511683,0.07856356336144699,0.00026320200591939576
14,trf_6_729a_t2,18.72402998179179,7.491868998522061,1.2613455339330897,0.176434154887567,0.854339437226372,0.3295297468830185,0.08015155474361668,0.004268061615632729
14,trf_16_299a_t2,26.421222247179386,10.049817068820573,2.807057685426253,0.12556654686693033,1.2321979720579819,0.44546143904204705,0.1839966172839138,0.0031107646094341718
14,trf_11_130a_t2,6.936123910909963,2.4389703784870025,1.1881800630687906,0.025666195955274737,0.3344235469632304,0.10844555142857626,0.07902272934124799,0.000658065934778216
14,trf_6_1151a_t2,11.945316056326504,4.200671139043859,2.084738543478726,0.04151165513457766,0.5743599261618275,0.18523911780688973,0.13810446358617545,0.0010885052794582031
14,trf_16_538a_t2,8.968465190752926,2.9353440841978333,2.0864927652342864,0.04084532812950813,0.44390304599566655,0.13004923647452182,0.1384556796871499,0.0010635680493066083
14,trf_6_723a_t2,10.95651043037836,4.160461585126909,1.1916614592145098,0.05471319699681629,0.5103320213667715,0.1830426367467206,0.07849710382967823,0.0014138534970407832
14,trf_6_722a_t2,3.46686723392996,0.9695060498885981,1.1782154875855282,0.0048430739876525785,0.1793393296980499,0.04274406242033413,0.07824634800308594,0.00017106767056142974
14,trf_6_737a_t2,10.342572646711112,3.895794111790987,1.2132307779851639,0.05632645220000853,0.4837356796872232,0.17181685969675575,0.07932960296202318,0.0013922542309523847
14,trf_6_728a_t2,19.03906177163028,7.213949069368198,2.0871163494092517,0.08533624948531009,0.8870969521671306,0.3175096864689557,0.13743590655482718,0.0021664617705128425
14,trf_6_3819a_t2,24.067339105663894,9.35961614444517,2.1001497029081344,0.14753335006665153,1.116067272243999,0.41611775660773276,0.13878662907331996,0.0036403739801879886
14,trf_6_124a_t2,2.341545249277338,-0.14836115835943398,3.01236039924951,0.2932776090596659,-3.4161058028427953,-1.5115892805213753,0.23458442516410205,0.04338584637003984
14,trf_16_6318a_t2,22.035062318142362,8.193229646302827,2.7500840298283804,0.08656179032204282,1.038630324090196,0.36351644418899465,0.18267137444249215,0.0022455238088882334
14,trf_6_2090a_t2,12.637321285318691,4.883248518879176,1.1978627100502726,0.07338225852010302,0.5850090810875663,0.21495149237368238,0.07875097647999296,0.0018621359771371776
14,trf_16_2658a_t2,3.70271678791619,1.068761643691876,1.1785456409110096,0.005583345199236323,0.1907170037859247,0.04749321385376515,0.07877477686998025,0.00019257664805545378
14,trf_6_1177a_t2,31.81584441271095,11.836566404715644,4.024533888092106,0.09409050879049398,1.276205310712438,0.42861500548089815,0.2669286463395104,0.0018567752279862598
14,trf_16_3364a_t2,5.916428237851084,2.0086662799372768,1.1816757709269934,0.015083605546988094,0.2888442930382018,0.08915905382955547,0.07883945120015645,0.00044123369303743915
14,trf_6_3509a_t2,16.671994824198105,7.110138869925671,0.565380569601287,0.40191600398921395,0.7500330710368743,0.31083482663631123,0.0322265700016493,0.009375600563215347
14,trf_11_3987a_t2,6.868642169765944,2.7519649979638463,0.4578574036377813,0.06647757477171119,0.3146467442281189,0.12156076774457647,0.029808501024573775,0.0016263769230502462
14,trf_16_3997a_t2,10.504230638640221,3.5806069667925535,2.077507266970955,0.03701423734905332,0.5122496186633416,0.15892538445729798,0.1382062153953525,0.000985184530860668
14,trf_6_3817a_t2,2.0858679220121044,0.6982213709528553,0.4446231191940632,0.005577391262869983,0.10234181834731748,0.03092087477829597,0.02962737971611329,0.00016668023627593002
14,trf_16_1142a_t2,21.128186269320235,7.853564696229983,2.775846580812541,0.0662462698315078,0.9964390966783157,0.346654230068542,0.18438483945295525,0.0017788124032060565
14,trf_6_724a_t2,10.138183975387719,3.4228056994919633,2.065765631810756,0.022278439859437917,0.4936966567582939,0.1508307683370722,0.1370103429289855,0.0006581383316190993
14,trf_6_5085a_t2,17.924575771267484,6.758888660487926,2.111168237608824,0.10911123998264961,0.8389818347673668,0.29787267563128506,0.13849310434765982,0.0027085924370394976
14,trf_6_5595a_t2,-27.905651827923528,-12.374842968080495,2.2692480709874165,0.5192883052762529,-6.175054551499361,-2.599739053417318,0.18084891814679072,0.10722910065599656
14,trf_6_5711a_t2,8.970565006048275,2.9267345620592407,2.064618958216565,0.017219795696596523,0.4421001767053472,0.12899302827613557,0.13698233629861134,0.0005272295472384288
14,trf_6_5712a_t2,-2.585420051091035,-1.9314878913679403,2.1242661891088526,0.15533162687228866,-2.9588230962826567,-1.3006313197097317,0.14874539259748665,0.025155983026236367
14,trf_6_5659a_t2,5.2249178752474545,1.3387807038342783,2.0641751455713773,0.005497448905301489,0.27699182824218394,0.05912875056045608,0.1372883628241568,0.0002117212832067174
14,trf_6_6158a_t2,39.9251599688457,15.830177660159888,2.783626343273803,0.24972127966616184,1.835585065371184,0.7034835983690453,0.18357138843824572,0.006155606344110359
14,trf_6_6197a_t2,60.135578107675926,23.91988003778262,4.048968679080038,0.33912723930873506,2.746064897067235,1.0516396248653734,0.26552092960402396,0.008308943503163135
14,trf_6_6153a_t2,55.169153002309386,22.83721767930031,2.578530454855242,0.9032423783924928,2.3378830825210812,0.9407251126693197,0.1508438851329168,0.023338829123054516
14,trf_6_1504a_t2,7.162563174872465,2.1665606734547778,2.0796279511540603,0.02344312565998091,0.3634479850390786,0.09575022385822995,0.13831319574173628,0.0006456086743069599
14,trf_6_6249a_t2,-43.41048924890865,-18.1739136282229,2.7304473220592445,1.5264335845359132,-10.73889887973779,-4.365193332579711,0.27755162903101427,0.3206994596278161
14,trf_16_6312a_t2,6.518582574460275,1.8888254467336754,2.076194681031448,0.01880465545780537,0.33533925996948977,0.08380615523210033,0.13823218381303803,0.0005274647914905832
14,trf_6_727a_t2,24.21757400951143,9.436285730978842,2.108392972813513,0.14155242472235577,1.1165093749540027,0.4153048670783921,0.13807646167443832,0.0035398995214479534
15,busa4-_202312598_segmmt_24122,8390.460976908498,1705.0316491133217,316.9039392679002,-1663.4085474771193,507.5783151276837,102.55391836659624,21.765670059569743,-100.64350921547111
15,trf_16_1585a_t2,3.0151441471096265,0.7425252112535519,1.2584990830638885,0.0021794760167728362,0.15670360314560572,0.03293225552399581,0.07896598570963276,4.304462865030228e-05
15,trf_16_1143a_t2,-19.78970325535854,-8.461852531621807,2.9428970249507906,1.2689518999148492,-7.287982809361356,-3.0225397365654025,0.24000891308453198,0.17136773063697053
15,trf_6_4910a_t2,164.25042210851515,72.00911065073343,4.193468902678144,6.261234173874457,7.3541595547131635,3.1471073141853907,0.18528162268677129,0.15260818850821778
15,trf_6_1541a_t2,-33.19337114393923,-13.650665650793757,2.012111766070041,1.3642825357844792,-5.949175826944071,-2.3922375891957177,0.20280724443390263,0.22279573745092884
15,trf_6_1350a_t2,-45.3301924583684,-20.03715587656859,3.2660693608061564,0.6936855876117018,-7.738767842516538,-3.2849895218650538,0.24024661885200027,0.11345556580523064
15,trf_6_808a_t2,11.416627282645518,4.325745905796767,1.2692023798919005,0.055395237670597994,0.5270512725967986,0.1904934381706047,0.07883548834564102,0.0015031601390303323
15,trf_6_810a_t2,18.672050821159218,6.992928642539796,2.2354472112493453,0.07986130377451361,0.8645267923479558,0.3082688174209247,0.13832710278992666,0.0021602816909772615
15,trf_16_3130a_t2,26.407611036689946,10.296623001618187,2.3130815503296644,0.19902283150193004,1.2093198656473874,0.45569428406704837,0.1407310294463664,0.005119218147601495
15,trf_6_1048a_t2,4.241304268960984,1.2647956332945929,1.2568121552072553,0.00695758081953258,0.2100650737164118,0.05573262660803202,0.07843971163010921,0.00023669926236355096
15,trf_6_6273a_t2,-83.98475875582986,-33.66988832265816,3.2151966466005293,3.506716038593733,-14.455914832119149,-5.7063139515578705,0.303756751111635,0.5740630570801852
15,trf_6_731a_t2,4.100112226201721,1.204807122478135,1.2594748764445238,0.006412565697721554,0.2039711646397624,0.053126315626146114,0.07865051442087712,0.0002192319030052516
15,trf_6_732a_t2,16.345359895454575,6.0128409626369335,2.211377670161452,0.05598648721972344,0.761604206730528,0.26479676676356423,0.13776787636815424,0.001567569359195671
15,trf_6_730a_t2,4.7131949612182185,1.462435074158224,1.264042484988542,0.00964823539870524,0.2317537598037811,0.06478165483220222,0.07875502128521306,0.00029033649766423836
15,trf_6_729a_t2,19.61291148387267,7.836446125645832,1.3418336800203179,0.18105314403219205,0.8888815020808778,0.3445771271237712,0.08048814608722821,0.004618989144625052
15,trf_16_299a_t2,27.70003410842726,10.515367381941038,2.9915268528524015,0.12892776755698968,1.278811861247874,0.465550313120465,0.1844691674261485,0.003361220690059341
15,trf_11_130a_t2,7.281990998321737,2.5523256752880976,1.2673756320256406,0.02637593374381649,0.34586708741177397,0.11335529680109513,0.07919556895684998,0.0007097377885417512
15,trf_6_1151a_t2,12.539178136864624,4.394272741959973,2.223115111867191,0.04268196218285677,0.5938620805381198,0.1936016029161145,0.13837656838846524,0.0011703070482791053
15,trf_16_538a_t2,9.426062866436473,3.0712420858833935,2.225215137323844,0.04198820208173512,0.45759767568354626,0.1358980016855602,0.1387223720895574,0.0011428739522269943
15,trf_6_723a_t2,11.486224631666836,4.351891979341801,1.2703747330986783,0.05623487131233548,0.5297142012884759,0.1914303942148914,0.07871327388416849,0.0015216743155191947
15,trf_6_722a_t2,3.6508883646754366,1.014204128268522,1.2566512114667503,0.005022694802204988,0.18402113074547666,0.04469807837992379,0.07843572388122211,0.00017962081455240916
15,trf_6_737a_t2,10.844335639882246,4.0753822174561245,1.2927682827669063,0.05783169884507671,0.501762993171134,0.1795881056651374,0.07953750478174237,0.0015052466450681812
15,trf_6_728a_t2,19.95980893636461,7.5460021070765055,2.224932437718306,0.0876722333951436,0.9207471647343297,0.33205303770830774,0.13781608830905423,0.002335983909833514
15,trf_6_3819a_t2,25.226812209595188,9.794568913666042,2.2392736845950276,0.15146776538484263,1.159473103931294,0.4349527692208728,0.13912398168689322,0.003934415318191109
15,trf_6_124a_t2,-0.8723926056591913,-1.5760678934256163,3.2431598781591053,0.3325150489845393,-3.213937854936529,-1.4277067350661823,0.2307994789095953,0.03923743992487344
15,trf_16_6318a_t2,23.111924066561656,8.573237361305138,2.9331686385769453,0.08897741242305662,1.0768617484192937,0.3800077150023107,0.18308460874856491,0.0024156221010138007
15,trf_6_2090a_t2,13.244971864028818,5.108022316524991,1.2768288187305479,0.07538934950693364,0.6076505787101265,0.22477379764581507,0.07896610868027532,0.0020070909868306203
15,trf_16_2658a_t2,3.8985429811262824,1.11840587644009,1.2574787963975524,0.005785916036888093,0.1958261932100922,0.049644232748213835,0.0789331554865429,0.00020257083765177
15,trf_6_1177a_t2,33.136861825982606,12.284396882604511,4.291910781630041,0.0960799358766207,1.3210174132716581,0.44783047788886776,0.2673768935379348,0.001989427086126719
15,trf_16_3364a_t2,6.21470692213491,2.101860614226389,1.2606728666494242,0.015553769129290346,0.29827868428382587,0.09319433428911239,0.07899709572243085,0.00047016358230225243
15,trf_6_3509a_t2,17.453620394966165,7.43504891602843,0.5978918404179422,0.412091986834598,0.7816255707680604,0.324910046102759,0.03251127081665517,0.010175982845384068
15,trf_11_3987a_t2,7.195952433586395,2.879064476380141,0.4877588102229582,0.06823597085943907,0.3273102638204515,0.12709947841629488,0.02990140658517687,0.001758396087727876
15,trf_16_3997a_t2,11.033258557235126,3.7467124094120687,2.215997827859414,0.03807176113939172,0.5290279185949043,0.1661054426195152,0.13849056088845924,0.0010575237903384035
15,trf_6_3817a_t2,2.191449703466412,0.7305267951433433,0.4742956397082602,0.0057546433569378285,0.10558178145430785,0.032305424190487986,0.029672520514197,0.00017725209406784567
15,trf_16_1142a_t2,22.160001023066698,8.215397113584444,2.960344907962107,0.06815344058684798,1.0318147537464633,0.3618324173544609,0.1844983271495657,0.001907170755340179
15,trf_6_724a_t2,10.648062012372794,3.58053566172544,2.2031135578391776,0.02297903857139258,0.5098780369850751,0.15772996223347668,0.1373479260284216,0.0007005987119546621
15,trf_6_5085a_t2,18.794806174295626,7.0702653674563605,2.250015578289241,0.11203581178148637,0.8702304030281418,0.3113767069684341,0.13884734068041693,0.0029245717988367614
15,trf_6_5595a_t2,-33.85673490746279,-14.885621349787408,2.447463929411603,0.6188076861051377,-5.951083079539259,-2.5107783817069134,0.17821585842418664,0.09951938082888478
15,trf_6_5711a_t2,9.426557448017675,3.061627688654372,2.2019379845188647,0.017779452048322528,0.4559924419693999,0.1348931265951312,0.13731902630229964,0.0005596563517260046
15,trf_6_5712a_t2,-5.388943094703209,-3.168005362566167,2.272312939712852,0.17789454648538083,-2.803523043612174,-1.2365174711982265,0.1480467506039993,0.022562919613092175
15,trf_6_5659a_t2,5.508415243219878,1.4006010613002569,2.201772105800776,0.005718247944978103,0.28349736797242375,0.06182035746597858,0.13759696022939893,0.00022079903967661338
15,trf_6_6158a_t2,41.834027744337064,16.565515764728275,2.967659778959092,0.2563720802815548,1.908867775491366,0.7353381045683864,0.18403343568528907,0.006650800615392943
15,trf_6_6197a_t2,62.99250915557069,25.019746282746596,4.315272174170475,0.3481086611488236,2.8569310478947614,1.0998662449639767,0.2663034950904368,0.008981421840088544
15,trf_6_6153a_t2,57.60625575626656,23.821337842265976,2.730846512904837,0.9286291379955112,2.437102753957177,0.9841201629656666,0.1523160580495948,0.025386759603018394
15,trf_6_1504a_t2,7.536139988129412,2.266610206016631,2.218171651122301,0.024133333485767617,0.373576813256947,0.10004953256185312,0.13854369996824056,0.0006902078257867081
15,trf_6_6249a_t2,-53.73773592207129,-22.383447385129767,2.997860873252533,1.8227683919552513,-10.327246673162641,-4.209533756906868,0.2674135511932887,0.29633480741933815
15,trf_16_6312a_t2,6.862851901516877,1.9764006869877324,2.2146818634608447,0.019367767433386147,0.34426932705660196,0.08757524025405705,0.1384871824293965,0.0005631119755807774
15,trf_6_727a_t2,25.377806683350812,9.870556615860378,2.2468664935088105,0.1453723116040162,1.1602326738393813,0.43427088488153665,0.1384735206952974,0.0038198868816604337
16,busa4-_202312598_segmmt_24122,8898.888373678805,1805.5913343868472,336.79822710132,-1766.9511849397493,508.4273967703066,100.55968527352547,19.894287833419753,-103.54263746262995
16,trf_16_1585a_t2,3.2104276424616653,0.7918597068517921,1.3373247311344203,0.002304994042102557,0.19528349535203882,0.04933449559824021,0.07882564807053183,0.00012551802532972077
16,trf_16_1143a_t2,-24.10110407680929,-10.301226060250109,3.124788956279189,1.333219505199857,-4.31140082145075,-1.8393735286283022,0.1818919313283982,0.06426760528500775
16,trf_6_4910a_t2,175.16009731620895,76.76461249397775,4.438314858759351,6.600215934567664,10.909675207693795,4.755501843244318,0.24484595608120685,0.3389817606932066
16,trf_6_1541a_t2,-37.49084475238221,-15.420534228696276,2.1570343386183786,1.4818527218688007,-4.297473608442978,-1.7698685779025194,0.1449225725483374,0.11757018608432146
16,trf_6_1350a_t2,-51.01696875305163,-22.48947662555024,3.480470910352207,0.7552588636860793,-5.686776294683227,-2.4523207489816485,0.2144015495460505,0.06157327607437746
16,trf_6_808a_t2,12.167730028927865,4.611948227496179,1.3484185466679515,0.05847407730444847,0.7511027462823474,0.2862023216994123,0.07921616677605092,0.003078839633850479
16,trf_6_810a_t2,19.8998853798263,7.455796605389294,2.3748598784702777,0.08429724287294936,1.2278345586670838,0.46286796284949805,0.13941266722093237,0.0044359390984357455
16,trf_16_3130a_t2,28.149984661058046,10.979744209210072,2.4568970247556723,0.209942102494918,1.7423736243680992,0.6831212075918849,0.14381547442600784,0.01091927099298795
16,trf_6_1048a_t2,4.517288661899219,1.3484734564783891,1.3353309847675863,0.007364989178499765,0.27598439293823507,0.08367782318379624,0.07851882956033096,0.0004074083589671847
16,trf_6_6273a_t2,-94.5397763238367,-37.94883609066087,3.4433737064329444,3.814947243596991,-10.555017568006846,-4.278947768002709,0.2281770598324151,0.30823120500325807
16,trf_6_731a_t2,4.366801479787047,1.284544844281381,1.3381856509303767,0.006788863244752833,0.26668925358532647,0.07973772180324601,0.07871077448585284,0.0003762975470312782
16,trf_6_732a_t2,17.418955178792963,6.410606483478035,2.349485222264958,0.05912092446110654,1.0735952833383884,0.3977655208411015,0.13810755210350623,0.003134437241383098
16,trf_6_730a_t2,4.99465066031162,1.5482881351372138,1.34291655342574,0.010100597218724222,0.2814556990934012,0.08585306097898981,0.0788740684371978,0.0004523618200189816
16,trf_6_729a_t2,20.90647582152065,8.354529158772703,1.4249039461779929,0.19096577682028779,1.2935643376479824,0.5180830331268709,0.08307026615767499,0.009912632788095732
16,trf_16_299a_t2,29.524875601426157,11.213044868770897,3.178074237161273,0.13604002608111165,1.824841492998896,0.6976774868298588,0.1865473843088714,0.007112258524121978
16,trf_11_130a_t2,7.760400020492706,2.7219953402766577,1.3466901613441544,0.027848956823219966,0.47840902217096914,0.16966966498856006,0.0793145293185138,0.0014730230794034772
16,trf_6_1151a_t2,13.360876830927554,4.685000306778858,2.3619515062318843,0.04506374167702591,0.8216986940629294,0.2907275648188845,0.1388363943646933,0.0023817794941691436
16,trf_16_538a_t2,10.042573741147278,3.2749404320045827,2.364315983413189,0.044315865842733705,0.616510874710805,0.2036983461211892,0.13910084608934525,0.0023276637609985842
16,trf_6_723a_t2,12.24163761872788,4.639627657473271,1.3495933789394134,0.05935852013194636,0.7554129870610442,0.2877356781314706,0.07921864584073512,0.003123648819610879
16,trf_6_722a_t2,3.887807024717565,1.0813064359455062,1.3351628104035154,0.0053201822287288385,0.23691866004212825,0.06710230767698433,0.07851159893676507,0.0002974874265238509
16,trf_6_737a_t2,11.55742468778652,4.34506176184354,1.373280579604965,0.061025863604938786,0.7130890479042744,0.26967954438741515,0.08051229683805872,0.0031941647598620754
16,trf_6_728a_t2,21.272426108509222,8.045012829503815,2.36367230108995,0.09253150058846625,1.3126171721446127,0.49901072242730926,0.13873986337164412,0.00485926719332265
16,trf_6_3819a_t2,26.8929464142216,10.445770545970332,2.379219019537876,0.1598122234263164,1.6661342046264132,0.6512016323042893,0.13994533494284855,0.008344458041473768
16,trf_6_124a_t2,-2.4338554662804377,-2.3172850221506627,3.448951110754969,0.34766318456094886,-1.5614628606212464,-0.7412171287250464,0.20579123259586352,0.015148135576409538
16,trf_16_6318a_t2,24.63368863711701,9.14254885222564,3.1166638789255563,0.09392236759736368,1.521764570555355,0.5693114909205033,0.18349524034861098,0.004944955174307056
16,trf_6_2090a_t2,14.11700358007967,5.44584798348888,1.3564293628316597,0.07955998776653211,0.8720317160508522,0.33782566696388905,0.07960054410111184,0.004170638259598472
16,trf_16_2658a_t2,4.152430901333373,1.1927167265975356,1.3362568336432301,0.006127332109310789,0.2538879202070907,0.07431085015744565,0.07877803724567767,0.0003414160724226961
16,trf_6_1177a_t2,34.984180521617795,12.956188151346844,4.559873128146075,0.1000264323153322,1.8473186956351881,0.6717912687423322,0.26796234651603346,0.003946496438711505
16,trf_16_3364a_t2,6.622092815947142,2.241441239996231,1.339604468596876,0.016442009405418605,0.4073858938122319,0.13958062576984176,0.07893160194745175,0.0008882402761282594
16,trf_6_3509a_t2,18.608684876470118,7.925406116061308,0.6341362946422753,0.4344639829727694,1.1550644815039526,0.49035720003287775,0.03624445422433309,0.02237199613817137
16,trf_11_3987a_t2,7.671321224728974,3.069884341478148,0.5181222982235222,0.07198145704037634,0.4753687911425786,0.19081986509800686,0.030363488000563987,0.0037454861809372714
16,trf_16_3997a_t2,11.756640325230046,3.9955067124561747,2.3546465810245074,0.040199577570018505,0.7233817679949208,0.248794303044106,0.13864875316509329,0.002127816430626782
16,trf_6_3817a_t2,2.334862788859067,0.7789515005939893,0.503961178111089,0.006084469765068386,0.14341308539265496,0.04842470545064603,0.02966553840282876,0.0003298264081305572
16,trf_16_1142a_t2,23.61520897054628,8.758561490497165,3.1452315185813253,0.0719666787027613,1.4552079474795825,0.5431643769127206,0.1848866106192184,0.003813238115913317
16,trf_6_724a_t2,11.344462046268953,3.817405829530909,2.340713035135243,0.02429185908386738,0.6964000338961593,0.23687016780546877,0.1375994772960656,0.0013128205124748014
16,trf_6_5085a_t2,20.030812484228385,7.538024684223636,2.3902424209695927,0.11820330581395226,1.2360063099327583,0.46775931676727556,0.1402268426803519,0.006167494032465887
16,trf_6_5595a_t2,-38.18390904038596,-16.74394940824121,2.607964715594899,0.6724177308573481,-4.327174132923176,-1.858328058453802,0.16050078618329566,0.05361004475221043
16,trf_6_5711a_t2,10.04213196437947,3.2641809710314167,2.3394761252365623,0.01880271212592234,0.6155745163617947,0.20255328237704484,0.13753814071769765,0.0010232600775998135
16,trf_6_5712a_t2,-6.956273932461702,-3.89245125904441,2.4142532091630495,0.18510752662340288,-1.567330837758493,-0.724445896478243,0.14194026945019766,0.007212980138022046
16,trf_6_5659a_t2,5.864908990921417,1.4933435283527887,2.3394195891222695,0.0060616772799656216,0.3564937477015384,0.09274246705253186,0.13764748332149335,0.00034342933498751876
16,trf_6_6158a_t2,44.59958201528448,17.666650592266976,3.153039996863056,0.27046720742293245,2.765554270947419,1.1011348275387007,0.18538021790396364,0.014095127141377672
16,trf_6_6197a_t2,67.14536520781087,26.67359418420758,4.584110703569497,0.3672077773114244,4.152856052240182,1.6538479014609848,0.2688385293990221,0.019099116162600793
16,trf_6_6153a_t2,60.820580673038336,25.143059752631917,2.8940040520509305,0.9744798207611468,3.2143249167717727,1.321721910365941,0.16315753914609354,0.04585068276563564
16,trf_6_1504a_t2,8.02702167884809,2.4167031791397267,2.356858492004429,0.025484175219361277,0.4908816907186777,0.15009297312309577,0.13868684088212824,0.00135084173359366
16,trf_6_6249a_t2,-61.00372349900915,-25.411506353074373,3.2016497642163992,1.9705682890797618,-7.26598757693786,-3.028058967944606,0.2037888909638661,0.14779989712451047
16,trf_16_6312a_t2,7.3095649718736615,2.107572135658349,2.3532381875551427,0.020456375927806525,0.4467130703567843,0.1311714486706168,0.13855632409429797,0.0010886084944203775
16,trf_6_727a_t2,27.049219187874595,10.523263991850335,2.386822315649848,0.15338638976443206,1.6714125045237829,0.6527073759899569,0.13995582214103752,0.008014078160415855
17,busa4-_202312598_segmmt_24122,9471.212192995357,1932.0798450702287,355.95434721493314,-1871.6427953884433,572.3238193165525,126.48851068338149,19.156120113613156,-104.69161044869406
17,trf_16_1585a_t2,3.493144304990066,0.8782628431771381,1.4157329765583488,0.0026982576836231532,0.2827166625284008,0.08640313632534602,0.07840824542392855,0.0003932636415205962
17,trf_16_1143a_t2,-23.029751676865075,-9.907634235785546,3.2723377540876295,1.3441620265730576,1.0713523999442138,0.3935918244645631,0.14754879780844066,0.01094252137320062
17,trf_6_4910a_t2,194.04770778205744,85.26958395273117,4.909275707042799,7.636835863085386,18.887610465848496,8.504971458753417,0.47096084828344775,1.0366199285177222
17,trf_6_1541a_t2,-38.98228097816063,-16.08096448107496,2.2440500362043645,1.4965499454120132,-1.491436225778422,-0.6604302523786849,0.08701569758598593,0.014697223543212568
17,trf_6_1350a_t2,-53.29632109919206,-23.53359500268617,3.668142389257668,0.765406595317988,-2.279352346140435,-1.0441183771359306,0.187671478905461,0.01014773163190874
17,trf_6_808a_t2,13.428118975242139,5.116543920060897,1.4289396781771613,0.0672527669342938,1.260388946314274,0.5045956925647177,0.08052113150920981,0.008778689629845328
17,trf_6_810a_t2,21.953773289626135,8.270713062348356,2.5181022754851625,0.09697084420940962,2.0538879097998333,0.8149164569590628,0.14324239701488484,0.012673601336460255
17,trf_16_3130a_t2,31.101028974214152,12.179055529696473,2.6126838081149324,0.24220991881142648,2.951044313156107,1.1993113204864017,0.1557867833592601,0.03226781631650849
17,trf_6_1048a_t2,4.943133244528396,1.4957579300553276,1.4138535116178779,0.008343459812665995,0.42584458262917746,0.14728447357693852,0.0785225268502916,0.0009784706341662295
17,trf_6_6273a_t2,-98.56764539512739,-39.68671098590022,3.5954144802925616,3.8607735168312,-4.027869071290681,-1.7378748952393508,0.15204077385961723,0.04582627323420896
17,trf_6_731a_t2,4.77609328105422,1.4248395627714896,1.416892612842713,0.007688262835169539,0.4092918012671731,0.14029471849010866,0.07870696191233639,0.0008993995904167064
17,trf_6_732a_t2,19.202177170085655,7.11163852618596,2.488548958118703,0.06786863167412704,1.7832219912926917,0.7010320427079249,0.13906373585374476,0.008747707213020504
17,trf_6_730a_t2,5.3835958761992,1.679696433757784,1.4219253964148786,0.011010696409567046,0.38894521588758035,0.13140829862057024,0.07900884298913868,0.0009100991908428235
17,trf_6_729a_t2,23.11961076923904,9.26937238754336,1.5176360360899002,0.22040438321749645,2.2131349477183875,0.9148432287706569,0.09273208991190729,0.02943860639720866
17,trf_16_299a_t2,32.58918896275539,12.436971360343392,3.372758279367514,0.15683655648967026,3.06431336132923,1.2239264915724952,0.19468404220624125,0.02079653040855861
17,trf_11_130a_t2,8.538996754532322,3.018821036795513,1.426723271495124,0.032052208136030075,0.778596734039616,0.29682569651885515,0.08003311015096948,0.004203251312810109
17,trf_6_1151a_t2,14.70095755900865,5.197219542553273,2.502284205285487,0.051798485566795,1.3400807280810962,0.5122192357744151,0.14033269905360246,0.006734743889769086
17,trf_16_538a_t2,11.019620167199289,3.6326031199653803,2.5049204707688757,0.050959200761281416,0.9770464260520111,0.3576626879607976,0.14060448735568665,0.006643334918547711
17,trf_6_723a_t2,13.510283197974404,5.147233195763337,1.4304973415369069,0.06828004874461763,1.2686455792465239,0.5076055382900657,0.08090396259749344,0.008921528612671266
17,trf_6_722a_t2,4.2449481599383345,1.199387982298504,1.413655979857241,0.006003680137583046,0.3571411352207696,0.11808154635299783,0.07849316945372564,0.0006834979088542071
17,trf_6_737a_t2,12.751179117469007,4.820079509143451,1.4573659513175388,0.07036041071439075,1.1937544296824871,0.4750177472999111,0.0840853717125738,0.009334547109451967
17,trf_6_728a_t2,23.476242466249673,8.924907616081684,2.5054930677439606,0.10653747777121225,2.2038163577404504,0.8798947865778697,0.14182076665401055,0.014005977182746002
17,trf_6_3819a_t2,29.705061866572304,11.586063975185022,2.522983920646676,0.18428849789520907,2.812115452350703,1.1402934292146902,0.14376490110880003,0.024476274468892667
17,trf_6_124a_t2,-0.9427303073970321,-1.775936062927454,3.637032116385173,0.35605236604541707,1.4911251588834056,0.5413489592232086,0.18808100563020425,0.008389181484468211
17,trf_16_6318a_t2,27.16406337424448,10.140592190786615,3.302143793315614,0.10802665833246494,2.5303747371274703,0.9980433385609739,0.18547991439005784,0.014104290735101263
17,trf_6_2090a_t2,15.590022161385559,6.041871859532259,1.4382830135768443,0.09160498283707716,1.4730185813058885,0.5960238760433789,0.08185365074518458,0.012044995070545045
17,trf_16_2658a_t2,4.537934597612117,1.3227715010889973,1.4145939157795857,0.006927552061229147,0.3855036962787439,0.13005477449146174,0.0783370821363556,0.000800219951918358
17,trf_6_1177a_t2,38.134503654550954,14.18279047067629,4.8300091001974925,0.11157643301507847,3.15032313293316,1.2266023193294462,0.2701359720514178,0.011550000699746266
17,trf_16_3364a_t2,7.276939417873547,2.4860154320371777,1.4184390714928363,0.018785875112197533,0.6548466019264048,0.24457419204094677,0.07883460289596034,0.0023438657067789276
17,trf_6_3509a_t2,20.608460564941417,8.799647728062006,0.684631161771198,0.5023294545727846,1.9997756884712992,0.8742416120006977,0.050494867128922705,0.06786547160001516
17,trf_11_3987a_t2,8.481945259752601,3.4059599491549926,0.5503316957808829,0.08303613581656759,0.8106240350236273,0.3360756076768445,0.03220939755736074,0.011054678776191249
17,trf_16_3997a_t2,12.9206493147544,4.431517690627502,2.49411053528282,0.046174238559681266,1.164008989524353,0.4360109781713275,0.13946395425831248,0.005974660989662761
17,trf_6_3817a_t2,2.564219285841059,0.863987469293949,0.5336292308346288,0.006942708130502647,0.22935649698199168,0.08503596869995966,0.029668052723539784,0.0008582383654342609
17,trf_16_1142a_t2,26.03530170656929,9.716282935532123,3.331638713208563,0.08261723753320362,2.4200927360230082,0.9577214450349576,0.18640719462723787,0.010650558830442317
17,trf_6_724a_t2,12.465099914612805,4.234475142725585,2.478767145748637,0.0277347958832752,1.1206378683438523,0.4170693131946761,0.1380541106133939,0.0034429367994078183
17,trf_6_5085a_t2,22.09828362410078,8.362750313615473,2.535439805041481,0.1362527942748172,2.0674711398723957,0.8247256293918372,0.1451973840718881,0.018049488460864946
17,trf_6_5595a_t2,-39.79193687423039,-17.485156721919942,2.749933522131685,0.6819689058621992,-1.6080278338444245,-0.741207313678732,0.14196880653678612,0.009551175004851031
17,trf_6_5711a_t2,11.020638779171582,3.6207450763107736,2.4773316947286084,0.021421026309905288,0.9785068147921123,0.3565641052793569,0.13785556949204603,0.002618314183982947
17,trf_6_5712a_t2,-6.281691882608927,-3.6729764295873726,2.552137433416156,0.186353161953944,0.6745820498527753,0.21947482945703722,0.13788422425310642,0.0012456353305411172
17,trf_6_5659a_t2,6.38721630520284,1.6563639504971035,2.476868773087525,0.006796685081020634,0.5223073142814236,0.16302042214431478,0.13744918396525563,0.0007350078010550124
17,trf_6_6158a_t2,49.30308075079893,19.59566953168133,3.3445017278068825,0.31190074170428966,4.703498735514444,1.9290189394143553,0.19146173094382668,0.04143353428135721
17,trf_6_6197a_t2,74.2447792659511,29.593724760228994,4.861838661403555,0.42354151157547226,7.099414058140226,2.920130576021414,0.2777279578340579,0.05633373426404786
17,trf_6_6153a_t2,65.8215091460431,27.24761390354834,3.094353602560112,1.0895692732861484,5.0009284730047625,2.1045541509164245,0.20034955050918146,0.11508945252500158
17,trf_6_1504a_t2,8.784416957421573,2.6807094169201213,2.4960284594627473,0.0292147011368424,0.7573952785734832,0.26400623778039467,0.13916996745831822,0.0037305259174811242
17,trf_6_6249a_t2,-63.035527857162684,-26.331585199044703,3.345499565005755,1.9825015439336937,-2.0318043581535363,-0.9200788459703304,0.1438498007893556,0.01193325485393193
17,trf_16_6312a_t2,7.988637784444209,2.3375243226237985,2.492143801098029,0.02342789283777304,0.6790728125705474,0.22995218696544928,0.1389056135428861,0.0029715169099665158
17,trf_6_727a_t2,29.882907335540974,11.674857886216328,2.532089945026043,0.1767386003821889,2.833688147666379,1.151593894365993,0.14526762937619475,0.02335221061775683
18,busa4-_202312598_segmmt_24122,10079.933697030783,2075.2752266112307,375.6286316236762,-1975.185536249572,608.7215040354258,143.195381541002,19.674284408743063,-103.54274086112855
18,trf_16_1585a_t2,3.8342324746048746,0.9892944334796185,1.4938514216493888,0.0033335614725493955,0.3410881696148085,0.11103159030248044,0.07811844509103993,0.0006353037889262423
18,trf_16_1143a_t2,-17.21508377281349,-7.445191461848312,3.4636150317020706,1.4581386917270232,5.814667904051586,2.4624427739372337,0.19127727761444113,0.11397666515396554
18,trf_6_4910a_t2,218.19162149535066,96.354523851872,5.6024418836921335,9.35431353862444,24.143913713293216,11.084939899140835,0.6931661766493349,1.7174776755390546
18,trf_6_1541a_t2,-37.79991756010021,-15.620259467557036,2.325393002801811,1.5052753259960718,1.1823634180604188,0.46070501351792537,0.08134296659744633,0.008725380584058584
18,trf_6_1350a_t2,-52.294476975479505,-23.19052999105225,3.849951102039852,0.7672339110809533,1.0018441237125586,0.343065011633918,0.18180871278218413,0.0018273157629652426
18,trf_6_808a_t2,15.030309789544827,5.768585095935414,1.5108632874348602,0.08150992248719705,1.6021908143026877,0.6520411758745173,0.08192360925769893,0.014257155552903245
18,trf_6_810a_t2,24.56226572282168,9.322755002021564,2.6652996883252733,0.11756450621383738,2.608492433195547,1.0520419396732077,0.1471974128401108,0.020593662004427762
18,trf_16_3130a_t2,34.85905422535998,13.723379484212035,2.7804883869117587,0.2951548910993061,3.758025251145831,1.544323954515562,0.1678045787968263,0.052944972287879616
18,trf_6_1048a_t2,5.4698102398974555,1.6859213126601391,1.492464838894172,0.009848334383939804,0.5266769953690593,0.19016338260481147,0.07861132727629405,0.0015048745712738093
18,trf_6_6273a_t2,-96.34874513765183,-38.8089642812323,3.7354963437380695,3.8743489656063215,2.2189002574755534,0.8777467046679206,0.14008186344550788,0.013575448775121401
18,trf_6_731a_t2,5.281269427999136,1.6059000956102993,1.4956739796413205,0.009068526574311833,0.5051761469449154,0.18106053283880974,0.07878136679860748,0.0013802637391422939
18,trf_6_732a_t2,21.462136011467518,8.017353144208746,2.628725075952911,0.08198570036073968,2.259958841381863,0.9057146180227864,0.14017611783420802,0.014117068686612638
18,trf_6_730a_t2,5.862487484257907,1.8492403806483786,1.5012383081842986,0.012469407349703393,0.47889160805870734,0.1695439468905946,0.07931291176942001,0.0014587109401363475
18,trf_6_729a_t2,25.949699951522415,10.452878835509644,1.620003777058876,0.2687887734211208,2.830089182283377,1.183506447966284,0.10236774096897583,0.04838439020362434
18,trf_16_299a_t2,36.48220615477945,14.01218535363579,3.57573830247655,0.1908328676818516,3.893017192024061,1.5752139932923974,0.20298002310903573,0.03399631119218133
18,trf_11_130a_t2,9.517607543369458,3.3999897452184236,1.507629661442953,0.038861655460511874,0.9786107888371358,0.38116870842291073,0.08090638994782906,0.006809447324481799
18,trf_6_1151a_t2,16.389262924252563,5.858759449472569,2.644225315879586,0.0627027474398152,1.688305365243913,0.6615399069192964,0.1419411105940993,0.010904261873020203
18,trf_16_538a_t2,12.237633080130056,4.093219707167864,2.647179826443473,0.06176236719122816,1.2180129129307673,0.4606165872024839,0.14225935567459747,0.010803166429946741
18,trf_6_723a_t2,15.123821010613414,5.8035801440561565,1.5131761857390722,0.08277661844294551,1.6135378126390094,0.6563469482928195,0.08267884420216531,0.014496569698327882
18,trf_6_722a_t2,4.683000326446661,1.351825166714511,1.4922127105926888,0.007038642747266968,0.4380521665083261,0.15243718441600684,0.07855673073544778,0.0010349626096839227
18,trf_6_737a_t2,14.267642272813156,5.433455909391839,1.5450618393862554,0.08561058936650713,1.516463155344148,0.6133764002483879,0.08769588806871664,0.015250178652116378
18,trf_6_728a_t2,26.279010805583976,10.06223694760429,2.65053890263477,0.12934555574986928,2.8027683393343032,1.137329331522606,0.14504583489080947,0.022808077978657026
18,trf_6_3819a_t2,33.279030624152,13.051078057572674,2.6708696661779117,0.22433674922834562,3.5739687575796957,1.4650140823876523,0.14788574553123546,0.04004825133313655
18,trf_6_124a_t2,3.1536466866067334,-0.12112273725601086,3.8367311155556685,0.3962367302765941,4.096376994003766,1.6548133256714432,0.19969899917049538,0.04018436423117705
18,trf_16_6318a_t2,30.367526463369256,11.424279893421911,3.4899192542621837,0.13093209989152066,3.2034630891247744,1.2836877026352962,0.1877754609465696,0.022905441559055717
18,trf_6_2090a_t2,17.466475056965248,6.812468793650994,1.5224769173253887,0.11124193762991942,1.876452895579689,0.7705969341187346,0.08419390374854441,0.019636954792842262
18,trf_16_2658a_t2,5.0112914243317555,1.4898594755922423,1.4926290843589323,0.008147102538799057,0.4733568267196384,0.16708797450324497,0.07803516857934656,0.0012195504775699105
18,trf_6_1177a_t2,42.757171840414735,16.039295875967195,5.10363213804558,0.13651660202804083,4.62266818586378,1.8565054052909051,0.27362303784808706,0.024940169012962365
18,trf_16_3364a_t2,8.097040888741518,2.800491055883132,1.4973153465033782,0.022500036068720194,0.8201014708679706,0.3144756238459543,0.07887627501054184,0.0037141609565226608
18,trf_6_3509a_t2,23.17100846077298,9.937403012142397,0.7492078717275691,0.6145433669445625,2.562547895831564,1.1377552840803915,0.0645767099563711,0.11221391237177791
18,trf_11_3987a_t2,9.516111272773678,3.839669868052278,0.5844362875111391,0.10116948357775347,1.0341660130210766,0.4337099188972853,0.03410459173025615,0.018133347761185886
18,trf_16_3997a_t2,14.37876612517205,4.992205080575562,2.634598280850488,0.05583023769250454,1.4581168104176498,0.5606873899480593,0.1404877455676683,0.009655999132823272
18,trf_6_3817a_t2,2.851116873942448,0.9735254973448444,0.5633416471091988,0.008297099734098505,0.2868975881013891,0.10953802805089541,0.029712416274569997,0.0013543916035958581
18,trf_16_1142a_t2,29.103572125882618,10.953582774661585,3.519651606411406,0.09981100810448637,3.068270419313329,1.237299839129463,0.18801289320284287,0.017193770571282754
18,trf_6_724a_t2,13.871097412423174,4.773072237839071,2.617426461668851,0.03318448435889404,1.4059974978103682,0.5385970951134862,0.13865931592021408,0.005449688475618841
18,trf_6_5085a_t2,24.723605230223235,9.428411567302115,2.685688337034865,0.16579185613597433,2.625321606122455,1.0656612536866419,0.1502485319933844,0.029539061861157123
18,trf_6_5595a_t2,-38.811213290681984,-17.132366254988618,2.88755305316952,0.6878089278135511,0.9807235835484036,0.35279046693132443,0.13761953103783497,0.005840021951351915
18,trf_6_5711a_t2,12.243306573057081,4.081141139110512,2.6156527842738226,0.02553292210852307,1.222667793885499,0.46039606279973855,0.13832108954521427,0.00411189579861778
18,trf_6_5712a_t2,-3.6584217811981823,-2.6145142996714155,2.694067431253535,0.20547365540565707,2.6232701014107445,1.0584621299159571,0.14192999783737914,0.019120493451713072
18,trf_6_5659a_t2,7.020981555927377,1.8666136863801526,2.6142621443086265,0.007882738719153003,0.6337652507245366,0.21024973588304907,0.1373933712211013,0.001086053638132369
18,trf_6_6158a_t2,55.2952074893509,22.074856830817392,3.542444048734145,0.3797815254031832,5.992126738551974,2.4791872991360613,0.19794232092726238,0.06788078369889355
18,trf_6_6197a_t2,83.3234528885682,33.371637604796724,5.148730555347301,0.5159799496238305,9.078673622617103,3.77791284456773,0.28689189394374637,0.09243843804835827
18,trf_6_6153a_t2,72.88330053240894,30.258086567611862,3.335066244436351,1.286079576240051,7.06179138636584,3.0104726640635207,0.2407126418762391,0.1965103029539026
18,trf_6_1504a_t2,9.720453208606717,3.021238516288551,2.6358126263088026,0.035227006642070034,0.9360362511851434,0.34052909936842957,0.13978416684605532,0.006012305505227633
18,trf_6_6249a_t2,-60.16690875529153,-25.17421280466436,3.4908726435633355,2.005464257639587,2.868619101871154,1.1573723943803422,0.14537307855758064,0.0229627137058932
18,trf_16_6312a_t2,8.82298325281542,2.633337065849791,2.631571633668831,0.028199155960785576,0.8343454683712119,0.2958127432259925,0.13942783257080205,0.0047712631230125355
18,trf_6_727a_t2,33.4970847207153,13.163834046561858,2.6827884423479453,0.21491466331100761,3.614177385174326,1.4889761603455298,0.15069849732190255,0.03817606292881873
19,busa4-_202312598_segmmt_24122,10597.331471061536,2178.4833976628106,393.5225119913385,-2081.1603353748574,517.3977740307528,103.20817105157994,17.89388036766229,-105.97479912528547
19,trf_16_1585a_t2,4.118933280273848,1.076525384631546,1.5722270237469147,0.0037344080897269345,0.28470080566897327,0.08723095115192736,0.07837560209752592,0.00040084661717753895
19,trf_16_1143a_t2,-11.832240070718083,-5.168012826775421,3.645779369322007,1.5531657586652141,5.382843702095407,2.2771786350728913,0.18216433761993622,0.09502706693819096
19,trf_6_4910a_t2,237.25105861360447,104.9374157002381,6.079991165639913,10.411774768254338,19.05943711825381,8.582891848366103,0.47754928194777957,1.0574612296298973
19,trf_6_1541a_t2,-36.29556689171591,-15.013930688760507,2.4098760788053615,1.5195143464448129,1.5043506683843049,0.606328778796529,0.08448307600355065,0.014239020448741035
19,trf_6_1350a_t2,-50.76370777291954,-22.618027892864518,4.033288838926928,0.771534282336126,1.5307692025599664,0.5725020981877336,0.18333773688707566,0.004300371255172686
19,trf_6_808a_t2,16.304386710667977,6.2796176763921405,1.591625070525463,0.09046245515356832,1.2740769211231502,0.5110325804567264,0.08076178309060289,0.008952532666371277
19,trf_6_810a_t2,26.63839265511673,10.148052068520808,2.8090119192871126,0.13048936475334905,2.076126932295047,0.8252970664992443,0.14371223096183927,0.012924858539511669
19,trf_16_3130a_t2,37.83852305956494,14.934857835148645,2.936632726879044,0.3280631215995581,2.9794688342049582,1.2114783509366092,0.15614433996728527,0.03290823050025199
19,trf_6_1048a_t2,5.900053354875956,1.8352151954158227,1.5712575598044827,0.010844253909796929,0.43024311497850043,0.14929388275568356,0.07879272091031075,0.0009959195258571248
19,trf_6_6273a_t2,-93.25910302835057,-37.54400435848188,3.8792263405339815,3.900826187175595,3.0896421093012663,1.2649599227504211,0.14372999679591203,0.026477221569273457
19,trf_6_731a_t2,5.69458403617929,1.7480054307087987,1.5745947420718378,0.00998371518075021,0.413314608180154,0.14210533509849932,0.07892076243051727,0.0009151886064383778
19,trf_6_732a_t2,23.264679511561557,8.72745023486614,2.768192755228166,0.09090467020261588,1.802543500094039,0.7100970906573938,0.13946767927525539,0.008918969841876193
19,trf_6_730a_t2,6.276952298185799,1.9915802792192203,1.5806060765231245,0.013565232111599275,0.4144648139278919,0.14233989857084173,0.07936776833882586,0.001095824761895882
19,trf_6_729a_t2,28.18775007867946,11.379709679358628,1.7132601072569278,0.298826058981976,2.238050127157045,0.9268308438489843,0.0932563301980518,0.03003728556085522
19,trf_16_299a_t2,39.575890146472275,15.248643977552431,3.770700872570514,0.21203862951093466,3.093683991692828,1.2364586239166417,0.1949625700939639,0.02120576182908307
19,trf_11_130a_t2,10.30286008450213,3.6995245317270653,1.5876113727573637,0.043145243914793394,0.7852525411326727,0.29953478650864174,0.07998171131441079,0.00428358845428152
19,trf_6_1151a_t2,17.74308326646259,6.377278033536378,2.784875963365507,0.06956955767600921,1.3538203422100281,0.5185185840638082,0.14065064748592082,0.00686681023619401
19,trf_16_538a_t2,13.223199039433608,4.4544931077904275,2.7878888592654674,0.06853454095676116,0.9855659593035515,0.3612734006225633,0.1407090328219942,0.006772173765533004
19,trf_6_723a_t2,16.406881434176647,6.318136119703537,1.5944042806949896,0.09187646801090535,1.2830604235632332,0.5145559756473803,0.08122809495591743,0.009099849567959839
19,trf_6_722a_t2,5.043728381352762,1.4715199431705959,1.5709770565471597,0.007733927002528076,0.36072805490610094,0.11969477645608495,0.0787643459544709,0.0006952842552611074
19,trf_6_737a_t2,15.474071395766718,5.914330279158896,1.629425844218962,0.09513172400952827,1.206429122953562,0.480874369767057,0.08436400483270656,0.009521134643021137
19,trf_6_728a_t2,28.507833928526033,10.954151129656333,2.7929275829726468,0.14363270186803917,2.2288231229420568,0.8919141820520426,0.14238868033787666,0.014287146118169891
19,trf_6_3819a_t2,36.11568925375932,14.201016110451047,2.8145564060839576,0.24928754136788586,2.836658629607321,1.1499380528783725,0.14368673990604597,0.02495079213954024
19,trf_6_124a_t2,6.807237206642463,1.3527569264775354,4.032827805436699,0.4275889532567625,3.6535905200357295,1.4738796637335463,0.19609668988103035,0.031352222980168376
19,trf_16_6318a_t2,32.92113112581377,12.432064125089688,3.6753790334307137,0.14530908290635722,2.553604662444517,1.0077842316677774,0.18545977916852996,0.014376983014836558
19,trf_6_2090a_t2,18.955829068462748,7.416271957173903,1.604622626260255,0.12352793653371043,1.4893540114975004,0.6038031635229091,0.08214570893486628,0.012285998903791007
19,trf_16_2658a_t2,5.399773505848246,1.621155658478925,1.570917376652125,0.008960415798113946,0.3884820815164902,0.13129618288668277,0.07828829229319267,0.0008133132593148885
19,trf_6_1177a_t2,46.678601304638555,17.597654861077974,5.3752034269595175,0.1546937892875159,3.92142946422382,1.5583589851107789,0.2715712889139379,0.018177187259475064
19,trf_16_3364a_t2,8.75758399339085,3.047448090560576,1.5761247314232452,0.024886487439057848,0.6605431046493333,0.24695703467744412,0.078809384919867,0.002386451370337654
19,trf_6_3509a_t2,25.19157320806758,10.821633320129694,0.8001665459957518,0.6837866831031479,2.0205647472946,0.8842303079872966,0.05095867426818268,0.06924331615858548
19,trf_11_3987a_t2,10.33477865600425,4.179309174736877,0.6167155933203478,0.11244382641528931,0.8186673832305722,0.3396393066845995,0.03227930580920868,0.011274342837535839
19,trf_16_3997a_t2,15.55289731927743,5.43243101927676,2.774069311039732,0.06191835508048323,1.1741311941053798,0.4402259387011984,0.1394710301892439,0.006088117387978695
19,trf_6_3817a_t2,3.082550353940671,1.059458695213066,0.5930231443245515,0.009170912755101762,0.23143347999822295,0.08593319786822162,0.029681497215352737,0.0008738130210032575
19,trf_16_1142a_t2,31.54702732788785,11.921551873079888,3.7061937272770598,0.11066563931024384,2.4434552020052323,0.9679690984183029,0.1865421208656537,0.01085463120575747
19,trf_6_724a_t2,15.003892400601579,5.1958320589068725,2.7559669713165986,0.0366926695112184,1.1327949881784054,0.4227598210678014,0.13854050964774745,0.0035081851523243585
19,trf_6_5085a_t2,26.81298800940885,10.263294228595827,2.8313541071050765,0.1842024614427245,2.089382779185616,0.8348826612937117,0.1456657700702113,0.018410605306750177
19,trf_6_5595a_t2,-37.46328869759704,-16.618467805293967,3.0257554234467157,0.6947853236872911,1.3479245930849473,0.5138984496946506,0.13820237027719573,0.006976395873739993
19,trf_6_5711a_t2,13.23229416133896,4.4425767285365145,2.753993341158566,0.028200062122550308,0.9889875882818782,0.3614355894260024,0.13834055688474356,0.0026671400140272396
19,trf_6_5712a_t2,-1.2540411553436615,-1.646322648029027,2.8355973594914334,0.2214704039484921,2.404380625854521,0.9681916516423885,0.14152992823789834,0.015996748542835032
19,trf_6_5659a_t2,7.548034686329936,2.0317069786808006,2.752056146640249,0.008629505972833818,0.5270531304025594,0.16509329230064806,0.13779400233162242,0.0007467672536808148
19,trf_6_6158a_t2,60.040497749171415,24.020397944281857,3.73382972472255,0.4220234225606587,4.745290259820514,1.945541113464465,0.19138567598840517,0.042241897157475505
19,trf_6_6197a_t2,90.50490968569741,36.33174380203724,5.427647278533436,0.5734615046973911,7.181456797129215,2.9601061972405134,0.2789167231861347,0.057481555073560564
19,trf_6_6153a_t2,78.96098021348425,32.82961460898341,3.5419864053108716,1.4195811901578441,6.07767968107531,2.5715280413715504,0.2069201608745206,0.13350161391779314
19,trf_6_1504a_t2,10.484614864646083,3.2882462835204467,2.775121463325515,0.03902917342653227,0.7641616560393665,0.2670077672318958,0.13930883701671215,0.003802166784462234
19,trf_6_6249a_t2,-56.90624014217495,-23.837740845500086,3.63927330718461,2.035168579724159,3.2606686131165787,1.3364719591642746,0.14840066362127446,0.029704322084572077
19,trf_16_6312a_t2,9.507494001740008,2.8655584745832297,2.770525587706893,0.031226459698281774,0.6845107489245876,0.23222140873343866,0.1389539540380622,0.003027303737496198
19,trf_6_727a_t2,36.36254360326978,14.330628126430586,2.8286294442634965,0.23873730655426542,2.865458882554478,1.166794079868728,0.14584100191555116,0.023822643243257807
20,busa4-_202312598_segmmt_24122,11002.91030219462,2232.6358279733054,409.6340405603703,-2189.745740305642,405.57883113308344,54.152430310494765,16.111528569031805,-108.58540493078453
20,trf_16_1585a_t2,4.341442012660675,1.1374111816666734,1.6509978161469174,0.003930879244188761,0.2225087323868271,0.06088579703512753,0.07877079240000273,0.00019647115446182672
20,trf_16_1143a_t2,-8.044676825071608,-3.592286291932699,3.8057140294133758,1.5997959290202743,3.7875632456464743,1.5757265348427216,0.15993466009136892,0.04663017035506023
20,trf_6_4910a_t2,250.6411050454336,110.83514834069624,6.381229010843027,10.926044692020675,13.39004643182912,5.8977326404581305,0.30123784520311414,0.5142699237663368
20,trf_6_1541a_t2,-35.22218845083513,-14.59068406714822,2.491418233623574,1.5266198750115865,1.0733784408807807,0.4232466216122859,0.0815421548182127,0.0071055285667736
20,trf_6_1350a_t2,-49.64221123361491,-22.219065615400947,4.216625320554806,0.7738189987497582,1.12149653930463,0.39896227746357127,0.18333648162787863,0.0022847164136322595
20,trf_6_808a_t2,17.215731869594585,6.635137275256996,1.6715680632072363,0.09499579343365215,0.9113451589266077,0.3555195988648556,0.07994299268177318,0.004533338280083829
20,trf_6_810a_t2,28.126161444020354,10.722787595390715,2.9500901940604454,0.13702683935719084,1.487768788903626,0.5747355268699064,0.1410782747733328,0.0065374746038417975
20,trf_16_3130a_t2,39.9571327206531,15.779059971037837,3.083559217026061,0.3443837791377576,2.1186096610881577,0.8442021358891925,0.14692649014701686,0.0163206575381995
20,trf_6_1048a_t2,6.22373877940337,1.9392552778310892,1.6502999813824746,0.01140243173819159,0.32368542452741433,0.10404008241526652,0.0790424215779919,0.0005581778283946619
20,trf_6_6273a_t2,-91.0651052232213,-36.66456762738713,4.0202517048750686,3.9140469109648337,2.1939978051292712,0.8794367310947493,0.14102536434108703,0.013220723789238775
20,trf_6_731a_t2,6.006455045034877,1.8470128637995011,1.653729551196579,0.010498172621524625,0.3118710088555874,0.09900743309070248,0.07913480912474125,0.0005144574407744146
20,trf_6_732a_t2,24.5617663208253,9.221598039339929,2.907276069768227,0.09547726761214932,1.2970868092637424,0.4941478044737888,0.13908331454006095,0.0045725974095334465
20,trf_6_730a_t2,6.622923741461112,2.1049158058044557,1.660130836652887,0.014350961238211455,0.34597144327531293,0.11333552658523538,0.07952476012976262,0.0007857291266121797
20,trf_6_729a_t2,29.770752629131813,12.023864624017085,1.7991868280841157,0.3136845984373999,1.5830025504523526,0.6441549446584567,0.08592672082718789,0.01485853945542387
20,trf_16_299a_t2,41.78654426136615,16.1107269402258,3.9594942968265436,0.22262402619489,2.2106541148938774,0.8620829626733677,0.18879342425602985,0.010585396683955334
20,trf_11_130a_t2,10.874404670599315,3.908712667112696,1.6670649098276389,0.04531580196660321,0.5715445860971844,0.20918813538563086,0.07945353707027514,0.0021705580518098164
20,trf_6_1151a_t2,18.727559525289262,6.737999255829751,2.924639926435947,0.07306438736541157,0.9844762588266711,0.3607212222933729,0.13976396307044014,0.0034948296894023595
20,trf_16_538a_t2,13.952019134785653,4.706168829818249,2.9275802802499657,0.0719580715161457,0.7288200953520452,0.2516757220278212,0.13969142098449838,0.0034235305593845328
20,trf_6_723a_t2,17.32445105444604,6.676149988757447,1.674564409950543,0.09648060138831399,0.9175696202693935,0.3580138690539103,0.08016012925555338,0.004604133377408642
20,trf_6_722a_t2,5.319023921657737,1.5549479690865797,1.650010442026515,0.008134300365026706,0.2752955403049757,0.08342802591598386,0.07903338547935523,0.00040037336249862995
20,trf_6_737a_t2,16.337991550181048,6.248950096666411,1.711170390430348,0.09988867632362,0.8639201544143305,0.334619817507515,0.08174454621138594,0.004756952314091734
20,trf_6_728a_t2,30.101983462811955,11.57493094888638,2.9333443881523977,0.15082575217173283,1.594149534285922,0.6207798192300462,0.14041680517975097,0.00719305030369366
20,trf_6_3819a_t2,38.13655839183622,15.003263132405085,2.9552646286679605,0.26171637705073875,2.020869138076897,0.8022470219540381,0.14070822258400284,0.012428835682852885
20,trf_6_124a_t2,9.41107195099337,2.381831677075578,4.221815185880984,0.44311460647420564,2.6038347443509062,1.0290747505980424,0.18898738044428498,0.015525653217443147
20,trf_16_6318a_t2,34.75654316381059,13.135034646507899,3.8594276184347063,0.15258503717533328,1.835412037996818,0.7029705214182105,0.18404858500399257,0.007275954268976065
20,trf_6_2090a_t2,20.01712120159531,7.836186989114902,1.685221869313862,0.12970361271665554,1.0612921331325609,0.4199150319409988,0.0805992430536071,0.0061756761829451085
20,trf_16_2658a_t2,5.694593623620632,1.7128403365344513,1.649612959056806,0.009422709343861854,0.29482011777238615,0.09168467805552627,0.07869558240468111,0.0004622935457479077
20,trf_6_1177a_t2,49.74844167216281,18.793443280389646,5.645263153909141,0.16618022525551096,3.0698403675242574,1.195788419311672,0.2700597269496239,0.011486435967995062
20,trf_16_3364a_t2,9.241928062788993,3.219760579389321,1.6550750782431036,0.026150596315768784,0.48434406939814245,0.17231248882874484,0.07895034681985846,0.0012641088767109364
20,trf_6_3509a_t2,26.610590289170315,11.431124472385328,0.8400368112914302,0.7176172033099916,1.4190170811027336,0.6094911522556341,0.039870265295678387,0.03383052020684363
20,trf_11_3987a_t2,10.914779252716666,4.415520854832597,0.6475869721337568,0.11803942709698038,0.5800005967124164,0.23621168009571925,0.030871378813409067,0.005595600681691071
20,trf_16_3997a_t2,16.41330014843141,5.73952904983195,2.913028449867,0.06502734055966508,0.8604028291539816,0.30709803055519025,0.13895913882726774,0.0031089854791818486
20,trf_6_3817a_t2,3.252748398321291,1.119323555789916,0.6227311767862141,0.009637552751683248,0.17019804438062014,0.05986486057684992,0.029708032461662648,0.00046663999658148533
20,trf_16_1142a_t2,33.301705257961636,12.59344234532109,3.8916338437054434,0.11622462155381018,1.754677930073786,0.671890472241202,0.18544011642838365,0.005558982243566338
20,trf_6_724a_t2,15.834759383280582,5.490375197923575,2.8945925900735454,0.03855835571750829,0.8308669826790034,0.29454313901670215,0.1386256187569468,0.0018656862062898932
20,trf_6_5085a_t2,28.31002128319914,10.843855859474784,2.9734563464776262,0.19338512158313437,1.49703327379029,0.5805616308789574,0.14210223937254973,0.00918266014040986
20,trf_6_5595a_t2,-36.481284837618496,-16.259638013644945,3.163896346527352,0.6983572700619528,0.9820038599785406,0.35882979164902196,0.1381409230806363,0.0035719463746617386
20,trf_6_5711a_t2,13.963049632893,4.694439103047607,2.8925293799900818,0.029639309960752785,0.7307554715540405,0.2518623745110924,0.13853603883151555,0.0014392478382024773
20,trf_6_5712a_t2,0.4624223211632794,-0.9726862094410562,2.9755878535280678,0.22954031697869767,1.7164634765069409,0.6736364385879707,0.13999049403663433,0.008069913030205572
20,trf_6_5659a_t2,7.957273078865718,2.1468052985734456,2.8903691256092086,0.009078335170302671,0.40923839253578187,0.11509831989264496,0.13831297896895967,0.0004488291974688533
20,trf_6_6158a_t2,63.40616202909584,25.37731736624189,3.9204659993924484,0.44303235873307517,3.365664279924424,1.3569194219600327,0.1866362746698984,0.021008936172416448
20,trf_6_6197a_t2,95.58754390057639,38.390025602252436,5.700453767575949,0.6020052576004324,5.082634214878979,2.058281800215198,0.27280648904251326,0.02854375290304134
20,trf_6_6153a_t2,83.88936127549513,34.894594870057105,3.7220079227802634,1.4995397814127143,4.928381062010885,2.0649802610736927,0.18002151746939177,0.07995859125487015
20,trf_6_1504a_t2,11.058977505788686,3.4741155053695034,2.9142390992965197,0.040987494643121306,0.5743626411426028,0.18586922184905674,0.1391176359710049,0.0019583212165890374
20,trf_6_6249a_t2,-54.593054088168245,-22.908112772347835,3.782572507737939,2.049975432584918,2.3131860540067066,0.9296280731522515,0.1432992005533289,0.014806852860759001
20,trf_16_6312a_t2,10.026605011504262,3.0275066865854168,2.9093556425813736,0.03279609007345535,0.519111009764254,0.16194821200218712,0.13883005487448052,0.0015696303751735786
20,trf_6_727a_t2,38.40007095749635,15.142108661632244,2.970707548525017,0.25065002951418036,2.037527354226569,0.8114805352016585,0.14207810426152045,0.01191272295991494
21,busa4-_202312598_segmmt_24122,11350.231930332235,2261.287359800709,425.00671333109705,-2299.492819049087,347.32162813761533,28.651531827403687,15.372672770726751,-109.74707874344494
21,trf_16_1585a_t2,4.52465494693343,1.1815904037599743,1.7299948062962103,0.004027800607656708,0.1832129342727553,0.04417922209330083,0.07899699014929285,9.692136346794653e-05
21,trf_16_1143a_t2,-5.26178585568636,-2.454488073020886,3.955864153399986,1.624731691912813,2.7828909693852486,1.1377982189118132,0.15015012398661032,0.024935762892538627
21,trf_6_4910a_t2,260.4201443860993,115.07377471830506,6.604401944245245,11.197789760168366,9.779039340665719,4.238626377608824,0.22317293340221767,0.27174506814769117
21,trf_6_1541a_t2,-34.42151827714182,-14.283497339611785,2.5717491578001965,1.5304945906529415,0.8006701736933053,0.30718672753643617,0.08033092417662235,0.0038747156413549977
21,trf_6_1350a_t2,-48.7788448915179,-21.929801189974295,4.400034138048722,0.7751648631143585,0.8633663420970095,0.28926442542665143,0.18340881749391524,0.0013458643646002688
21,trf_6_808a_t2,17.898187486131647,6.892626003056676,1.751192418481566,0.09751615417541663,0.6824556165370623,0.2574887277996796,0.07962435527432965,0.0025203607417644824
21,trf_6_810a_t2,29.242754398323694,11.139310317374974,3.0900700842359328,0.14065596121030657,1.1165929543033393,0.41652272198425955,0.1399798901754874,0.00362912185311573
21,trf_16_3130a_t2,41.531844678719196,16.391137580753096,3.226508956763361,0.3532260018523729,1.5747119580660964,0.6120776097152589,0.14294973973730007,0.008842222714615322
21,trf_6_1048a_t2,6.48020424293608,2.0146903800588776,1.7294813009793624,0.011751411870214397,0.2564654635327095,0.07543510222778838,0.07918131959688779,0.00034898013202280635
21,trf_6_6273a_t2,-89.43639711518556,-36.02789624898815,4.160163751837498,3.921271163758033,1.6287081080357382,0.6366713783989795,0.13991204696242932,0.00722425279319916
21,trf_6_731a_t2,6.254355135848053,1.91879125556378,1.7329858152772268,0.010820599884549418,0.2479000908131761,0.07177839176427891,0.07925626408064779,0.00032242726302479305
21,trf_6_732a_t2,25.540079726898043,9.579562594699873,3.0462507744629064,0.09805859003848508,0.9783134060727434,0.35796455535994376,0.1389747046946792,0.0025813224263357554
21,trf_6_730a_t2,6.9364620755606765,2.204472926053958,1.7398251803250486,0.015059058183762294,0.31353833409956433,0.09955712024950225,0.07969434367216155,0.0007080969455508391
21,trf_6_729a_t2,30.940248402936387,12.490119064317739,1.8819165678253178,0.3217077400123711,1.1694957738045737,0.4662544403006539,0.08272973974120212,0.008023141574971249
21,trf_16_299a_t2,43.439812463549146,16.73597930764694,4.145679468531133,0.22839667934310642,1.6532682021829928,0.6252523674211403,0.1861851717045897,0.005772653148216428
21,trf_11_130a_t2,11.310825425276162,4.060577792761245,1.7463563541157978,0.04651744827424103,0.43642075467684727,0.15186512564854926,0.07929144428815893,0.0012016463076378187
21,trf_6_1151a_t2,19.479253539742263,6.999273849885247,3.0640606879744086,0.07501721091767871,0.7516940144530011,0.2612745940554966,0.1394207615384615,0.001952823552267141
21,trf_16_538a_t2,14.518742489257967,4.88862288320268,3.066893953268683,0.07386284662812273,0.5667233544723143,0.182454053384431,0.13931367301871722,0.0019047751119770362
21,trf_6_723a_t2,18.011394500474974,6.935459313781342,1.7542933235260914,0.09903733757246305,0.6869434460289341,0.2593093250238949,0.07972891357554834,0.002556736184149061
21,trf_6_722a_t2,5.540422146196913,1.6154455164771608,1.7291897505104312,0.008391827692744078,0.22139822453917546,0.06049754739058111,0.0791793084839163,0.0002575273277173728
21,trf_6_737a_t2,16.985960688910307,6.491347828550029,1.7917902963636432,0.10248205438961945,0.647969138729259,0.24239773188361813,0.08061990593329527,0.0025933780659994493
21,trf_6_728a_t2,31.295691747982087,12.024649790780467,3.072956502102994,0.1547910877792735,1.193708285170132,0.4497188418940876,0.13961211395059614,0.003965335607540671
21,trf_6_3819a_t2,39.64115336502345,15.585308179285683,3.0948124966395745,0.26847996319652323,1.5045949731872312,0.582045046880598,0.139547867971614,0.006763586145784484
21,trf_6_124a_t2,11.350767666132217,3.128812271439184,4.407847433879568,0.4514927444606147,1.939695715138848,0.7469805943636061,0.1860322479985843,0.008378137986409073
21,trf_16_6318a_t2,36.138129343251244,13.645011287475096,4.042997977779804,0.1566287505974228,1.381586179440653,0.5099766409671975,0.18357035934509813,0.004043713422089507
21,trf_6_2090a_t2,20.808282131293034,8.140248567745918,1.7651819632910635,0.13310600916713416,0.7911609296977247,0.3040615786310159,0.07996009397720139,0.0034023964504786286
21,trf_16_2658a_t2,5.930235091144318,1.7794026228919406,1.7285450747294777,0.009715986123960501,0.23564146752368575,0.06656228635748929,0.07893211567267167,0.00029327678009864744
21,trf_6_1177a_t2,52.28146449958303,19.760366276865057,5.914714468894727,0.17438045326281687,2.5330228274202184,0.9669229964754109,0.2694513149855853,0.00820022800730591
21,trf_16_3364a_t2,9.614982894535894,3.344792872238602,1.7341460664390438,0.02689161000712455,0.37305483174690046,0.1250322928492813,0.07907098819594016,0.0007410136913557665
21,trf_6_3509a_t2,27.648784257617823,11.8700491913809,0.8750265171667981,0.7356053676404839,1.0381939684475086,0.4389247189955725,0.03498970587536798,0.01798816433049233
21,trf_11_3987a_t2,11.343787451360246,4.586567483968547,0.6778685650688524,0.12107388728436012,0.4290081986435794,0.17104662913595003,0.03028159293509558,0.0030344601873797394
21,trf_16_3997a_t2,17.075498257978133,5.962334438103273,3.051855053485816,0.06677425644875265,0.662198109546722,0.2228053882713228,0.13882660361881616,0.0017469158890875691
21,trf_6_3817a_t2,3.384323005392807,1.1627244792348483,0.6524677476387806,0.009913811532409259,0.1315746070715158,0.043400923444932404,0.029736570852566424,0.00027625878072601133
21,trf_16_1142a_t2,34.62327262138374,13.07955011351068,4.076630020427457,0.11936046218010807,1.3215673634221048,0.4861077681895889,0.1849961767220134,0.0031358406262978894
21,trf_6_724a_t2,16.475185181850527,5.7038973535982915,3.0333092221088713,0.03965799983730352,0.6404257985699449,0.21352215567471688,0.13871663203532592,0.0010996441197952261
21,trf_6_5085a_t2,29.433388929919964,11.264239356559639,3.1140395904600866,0.1983962274349717,1.1233676467208227,0.42038349708485434,0.14058324398246036,0.005011105851837339
21,trf_6_5595a_t2,-35.73069547547511,-15.99915078233983,3.3021515875948326,0.7003718323864334,0.750589362143387,0.260487231305115,0.13825524106748066,0.0020145623244806066
21,trf_6_5711a_t2,14.530923765075515,4.8770419344121665,3.0312032259634645,0.03050192128800909,0.5678741321825154,0.18260283136455957,0.13867384597338273,0.0008626113272563046
21,trf_6_5712a_t2,1.7448154710552164,-0.4847753863414941,3.114968587770598,0.2340063605370948,1.282393149891937,0.48791082309956213,0.1393807342425304,0.004466043558397137
21,trf_6_5659a_t2,8.292178941722177,2.230284164563499,3.028959578368434,0.009380506749548028,0.3349058628564592,0.08347886599005339,0.13859045275922544,0.0003021715792453569
21,trf_6_6158a_t2,65.89879664754203,26.361631031438097,4.105216233435925,0.45445742100960396,2.492634618446189,0.9843136651962077,0.1847502340434768,0.011425062276528786
21,trf_6_6197a_t2,99.3455865283162,39.8802426961989,5.970705135126099,0.6175007216463418,3.758042627739812,1.4902170939464625,0.27025136755015033,0.015495464045909402
21,trf_6_6153a_t2,88.20196787048877,36.68921465140158,3.8933807865061243,1.5581886839723673,4.312606594993639,1.7946197813444726,0.1713728637258609,0.05864890255965305
21,trf_6_1504a_t2,11.513624222376395,3.608806567705888,3.0533276115747325,0.04210396984271351,0.4546467165877086,0.13469106233638461,0.13908851227821284,0.0011164751995922026
21,trf_6_6249a_t2,-52.87781416589773,-22.234826406585213,3.9237112160091754,2.0580499542525406,1.7152399222705128,0.6732863657626211,0.14113870827123653,0.00807452166762257
21,trf_16_6312a_t2,10.441279417433957,3.144991580573806,3.0482052247056384,0.03369809412103051,0.41467440592969496,0.11748489398838924,0.1388495821242648,0.000902004047575157
21,trf_6_727a_t2,39.915205793950335,15.729721841325077,3.1111940113078758,0.2571725140144704,1.5151348364539885,0.5876131796928323,0.1404864627828588,0.006522484500290027
22,busa4-_202312598_segmmt_24122,11697.934743667245,2289.9890759230516,440.33991509391143,-2409.3434998369853,347.70281333501043,28.701716122342532,15.333201762814383,-109.85068078789845
22,trf_16_1585a_t2,4.696948456299956,1.2211282693917738,1.809006905702459,0.004101227201298822,0.17229350936652565,0.03953786563179951,0.07901209940624865,7.342659364211433e-05
22,trf_16_1143a_t2,-2.756044714560599,-1.4370176213479817,4.103872286538692,1.644873841527759,2.505741141125761,1.017470451672904,0.1480081331387062,0.020142149614946092
22,trf_6_4910a_t2,269.1957586932959,118.8573592916841,6.810438355688923,11.416152819774943,8.775614307196577,3.783584573379045,0.20603641144367835,0.21836305960657754
22,trf_6_1541a_t2,-33.69642808708868,-14.008555404475473,2.651786810849408,1.5336489362193786,0.7250901900531446,0.2749419351363116,0.08003765304921151,0.0031543455664371223
22,trf_6_1350a_t2,-47.98696427530965,-21.670969348860158,4.583367316777273,0.7762963492156845,0.7918806162082461,0.25883184111413726,0.18333317872855126,0.0011314861013259625
22,trf_6_808a_t2,18.517287832015867,7.122956206805376,1.830709977980909,0.09958535726485893,0.6191003458842204,0.23033020374870006,0.07951755949934314,0.0020692030894422925
22,trf_6_810a_t2,30.256614069808506,11.511964932742943,3.2297430764351414,0.14363348803365752,1.0138596714848127,0.37265461536796884,0.1396729921992086,0.002977526823350951
22,trf_16_3130a_t2,42.95597750776433,16.938845148142132,3.3685360253702084,0.36040741117730385,1.424132829045135,0.5477075673890361,0.14202706860684744,0.007181409324930943
22,trf_6_1048a_t2,6.718030527505744,2.0821885550350183,1.8086509603901597,0.012051628013430868,0.23782628456966393,0.06749817497614075,0.07916965941079734,0.00030021614321647065
22,trf_6_6273a_t2,-87.9641418133658,-35.458445232555114,4.299768842847548,3.9271594561071494,1.4722553018197573,0.5694510164330353,0.1396050910100497,0.005888292349116586
22,trf_6_731a_t2,6.484525607715833,1.9830193335292554,1.8122305602545667,0.01109817653788742,0.23017047186777972,0.06422807796547536,0.07924474497733991,0.0002775766533380016
22,trf_6_732a_t2,26.430180561613202,9.899799728990343,3.185137999822309,0.10019142361626501,0.8901008347151596,0.32023713429047085,0.13888722535940268,0.0021328335777799357
22,trf_6_730a_t2,7.235461146551082,2.2978392650276365,1.819482902076176,0.015707611118324544,0.2989990709904058,0.09336633897367852,0.0796577217511274,0.0006485529345622507
22,trf_6_729a_t2,31.995311166185026,12.90713354407554,1.9639124319913956,0.3282141280895981,1.055062763248639,0.4170144797578015,0.08199586416607785,0.006506388077226977
22,trf_16_299a_t2,44.93883598770025,17.295539873339333,4.331225934156384,0.23309563808888398,1.4990235241511058,0.5595605656923937,0.1855464656252508,0.004698958745777554
22,trf_11_130a_t2,11.709788416155323,4.196510460515569,1.825580110388419,0.04750079547335842,0.398962990879161,0.13593266775432333,0.07922375627262124,0.0009833471991173917
22,trf_6_1151a_t2,20.16656319121291,7.233024442396927,3.203352437738165,0.07662331346690947,0.6873096514706454,0.2337505925116803,0.13929174976375647,0.0016061025492307562
22,trf_16_538a_t2,15.04057178348028,5.051896500903697,3.2060735863810352,0.07542851748890976,0.5218292942223126,0.16327361770101767,0.13917963311235226,0.00156567086078703
22,trf_6_723a_t2,18.634494912386998,7.167414916642448,1.8338883807387663,0.10113528087567837,0.6231004119120236,0.23195560286110606,0.0795950572126749,0.002097943303215319
22,trf_6_722a_t2,5.746865202330652,1.6695796801373126,1.808358494589075,0.008615708207782872,0.2064430561337396,0.05413416366015178,0.07916874407864372,0.00022388051503879382
22,trf_6_737a_t2,17.57420635218222,6.708210576199259,1.872133124771025,0.10459186310185101,0.5882456632719126,0.21686274764923041,0.08034282840738172,0.002109808712231556
22,trf_6_728a_t2,32.37855375709231,12.426949444536723,3.212322778880901,0.15803373573579493,1.082862009110226,0.40229965375625554,0.13936627677790714,0.003242647956521433
22,trf_6_3819a_t2,41.00266438897948,16.106204546065097,3.2340567220526113,0.2739815277032488,1.3615110239560337,0.5208963667794144,0.13924422541303683,0.005501564506725565
22,trf_6_124a_t2,13.106423198435852,3.7974033228875044,4.593164363943245,0.4582811725646732,1.755655532303635,0.6685910514483204,0.185316930063677,0.006788428104058497
22,trf_16_6318a_t2,37.39399427468047,14.101401295849307,4.226385297438804,0.15994858556452632,1.2558649314292296,0.4563900083742105,0.18338731965899946,0.00331983496710353
22,trf_6_2090a_t2,21.524678226820576,8.412222900942172,1.8449655127482585,0.13588876529871555,0.7163960955275428,0.27197433319625475,0.07978354945719501,0.002782756131581382
22,trf_16_2658a_t2,6.149450731113324,1.8389834693291298,1.8074933490300074,0.00996963936097849,0.21921563996900684,0.059580846437189194,0.07894827430052964,0.0002536532370179898
22,trf_6_1177a_t2,54.66589163352511,20.66377229662746,6.183935563953703,0.18179933341670038,2.384427133942083,0.9034060197624036,0.2692210950589766,0.007418880153883506
22,trf_16_3364a_t2,9.957198605591199,3.4566967432262072,1.8132101151577837,0.0275131378962951,0.3422157110553048,0.11190387098760501,0.07906404871873995,0.0006215278891705499
22,trf_6_3509a_t2,28.581539531196526,12.262144759065752,0.9089436238135898,0.7500995951009608,0.932755273578703,0.39209556768485143,0.033917106646791706,0.014494227460476905
22,trf_11_3987a_t2,11.730959450383825,4.739563353863329,0.7080102615577559,0.12353931173640084,0.3871719990235789,0.15299586989478264,0.030141696488903524,0.002465424452040718
22,trf_16_3997a_t2,17.682775048242824,6.161742907855001,3.1905956962562723,0.06821500677223138,0.6072767902646916,0.1994084697517282,0.13874064277045628,0.0014407503234787344
22,trf_6_3817a_t2,3.5052115602006615,1.2015657007224354,0.6822016639895491,0.010146476244078795,0.12088855480785465,0.03884122148758706,0.029733916350768497,0.00023266471166953628
22,trf_16_1142a_t2,35.82542284537809,13.514473520097635,4.2615140150557655,0.12195125216767999,1.2021502239943516,0.4349234065869556,0.18488399462830873,0.002590789987571923
22,trf_6_724a_t2,17.0628591171862,5.894942355423379,3.1719729456164187,0.04058253658098096,0.5876739353356726,0.19104500182508755,0.1386637235075474,0.0009245367436774427
22,trf_6_5085a_t2,30.45337896163763,11.64029143371046,3.2542327542141782,0.20247860864892422,1.019990031717665,0.37605207715082223,0.14019316375409163,0.004082381213952518
22,trf_6_5595a_t2,-35.04426664904636,-15.765992369214933,3.4403785029195637,0.7020361216575731,0.6864288264287524,0.23315841312489738,0.13822691532473108,0.0016642892711397073
22,trf_6_5711a_t2,15.053667254748031,5.0404275609962506,3.1698337254958804,0.031231980321861405,0.522743489672516,0.16338562658408406,0.1386304995324159,0.000730059033852315
22,trf_6_5712a_t2,2.9070546099863037,-0.04833414810111214,3.254146541721272,0.23766596854708003,1.1622391389310873,0.43644123824038195,0.13917795395067367,0.0036596080099852157
22,trf_6_5659a_t2,8.606446309601846,2.304988796965967,3.1675400374072096,0.009647704561015736,0.314267367879669,0.07470463240246783,0.13858045903877558,0.00026719781146770753
22,trf_6_6158a_t2,68.14951070757364,27.242497916034004,4.2894895416850884,0.46375160588707204,2.250714060031612,0.8808668845959069,0.18427330824916321,0.009294184877468081
22,trf_6_6197a_t2,102.7370315728309,41.21311115492175,6.240266144240895,0.630096954817407,3.391445044514697,1.3328684587228494,0.2695610091147955,0.012596233171065174
22,trf_6_6153a_t2,92.282951367862,38.38263727663394,4.061433126540436,1.6102055644364082,4.080983497373225,1.6934226252323654,0.1680523400343117,0.05201688046404085
22,trf_6_1504a_t2,11.935125020858672,3.7293311527103428,3.192361502475135,0.04303139692653555,0.4215007984822776,0.12052458500445473,0.1390338909004023,0.0009274270838220411
22,trf_6_6249a_t2,-51.32796198622479,-21.63247814649841,4.064333275946676,2.0646259988653624,1.5498521796729392,0.6023482600868029,0.14062205993750032,0.006576044612821796
22,trf_16_6312a_t2,10.827000063416005,3.2501438712599393,3.1870054564338757,0.0344497768307005,0.38572064598204747,0.1051522906861333,0.1388002317282373,0.000751682709669993
22,trf_6_727a_t2,41.2857822362895,16.255334309111696,3.2512683161508256,0.26249356602329055,1.3705764423391642,0.525612467786619,0.1400743048429498,0.00532105200882016
23,busa4-_202312598_segmmt_24122,12031.709436412666,2312.653502476699,455.5366627564904,-2519.4035416826086,333.7746927454209,22.664426553647445,15.196747662578957,-110.06004184562335
23,trf_16_1585a_t2,4.863827043431669,1.2583563383061103,1.8880695814829882,0.004163491957311611,0.16687858713171266,0.0372280689143365,0.07906267578052928,6.226475601278907e-05
23,trf_16_1143a_t2,-0.38933053455294386,-0.4797769360782733,4.250911556328382,1.6628027345568075,2.366714180007655,0.9572406852697084,0.14703926978968962,0.01792889302904843
23,trf_6_4910a_t2,277.46919116607194,122.41532366973429,7.008680891535884,11.609925160842176,8.27343247277605,3.557964378050187,0.19824253584696105,0.1937723410672323
23,trf_6_1541a_t2,-33.009075545683565,-13.749653491400485,2.7317368346941953,1.536469738808167,0.6873525414051116,0.2589019130749879,0.07995002384478722,0.0028208025887883625
23,trf_6_1350a_t2,-47.23070464102955,-21.427274034779845,4.766765882081419,0.7773276716205384,0.7562596342801058,0.24369531408031264,0.1833985653041461,0.0010313224048539293
23,trf_6_808a_t2,19.104769729419893,7.3397833517927324,1.9102222162798628,0.10144524939007075,0.5874818974040252,0.21682714498735667,0.07951223829895371,0.001859892125211829
23,trf_6_810a_t2,31.219210525868558,11.862803329961336,3.3693513208925108,0.14630875455357137,0.9625964560600515,0.35083839721839283,0.1396082444573694,0.0026752665199138437
23,trf_16_3130a_t2,44.30488819719959,17.454514929404773,3.5102126293632283,0.3668210458878536,1.3489106894352574,0.5156697812626412,0.14167660399301996,0.0064136347105497316
23,trf_6_1048a_t2,6.946589823473391,2.1457407024332578,1.8878601250587899,0.012328893659199426,0.22855929596764746,0.06355214739823944,0.07920916466863015,0.0002772656457685589
23,trf_6_6273a_t2,-86.57000125968857,-34.92241096677508,4.4393097369143195,3.9324294033832685,1.3941405536772322,0.5360342657800317,0.13954089406677195,0.005269947276119069
23,trf_6_731a_t2,6.705875898947163,2.0434903816292334,1.891510959509051,0.011354621272291579,0.22135029123132988,0.06047104809997794,0.07928039925448416,0.0002564447344041588
23,trf_6_732a_t2,27.276261783620214,10.20126844316853,3.324057224681508,0.10211576932160275,0.8460812220070117,0.30146871417818666,0.13891922485919883,0.0019243457053377405
23,trf_6_730a_t2,7.525539954078934,2.387415329194348,1.8991532478148059,0.016314601537401132,0.290078807527852,0.0895760641667116,0.07967034573862986,0.0006069904190765876
23,trf_6_729a_t2,32.99321458019512,13.29966386998476,2.045613926130533,0.33401959870383574,0.9979034140100964,0.3925303259092203,0.08170149413913741,0.00580547061423764
23,trf_16_299a_t2,46.36081648677436,17.822385385839393,4.516570438365729,0.2372972472990761,1.4219804990741096,0.52684551250006,0.18534450420934512,0.004201609210192109
23,trf_11_130a_t2,12.09007410560668,4.324516901201078,1.9048191414452995,0.04838262562108501,0.3802856894513571,0.12800644068550948,0.07923903105688046,0.000881830147726588
23,trf_6_1151a_t2,20.82173033994676,7.453062724983939,3.342645508895206,0.07806828746829002,0.6551671487338524,0.2200382825870113,0.13929307115704104,0.00144497400138055
23,trf_16_538a_t2,15.540008962752763,5.205615813991727,3.3452559277683145,0.07683708761469991,0.49943717927248343,0.15371931308802989,0.13918234138727925,0.001408570125790154
23,trf_6_723a_t2,19.225741979818263,7.385775780056495,1.9134674066506767,0.1030203972604624,0.5912470674312651,0.2183608634140466,0.07957902591191046,0.0018851163847840302
23,trf_6_722a_t2,5.945882089197483,1.7205501228813909,1.8875673183027613,0.008823696591043175,0.19901688686683094,0.05097044274407825,0.07920882371368632,0.00020798838326030293
23,trf_6_737a_t2,18.132619835229242,6.912355581116639,1.9523850984849618,0.10647747776427537,0.5584134830470227,0.20414500491737986,0.08025197371393689,0.0018856146624243592
23,trf_6_728a_t2,33.406111477686046,12.805679191511903,3.3516553051227413,0.16094121765292738,1.0275577205937338,0.37872974697518025,0.13933252624184034,0.002907481917132443
23,trf_6_3819a_t2,42.292726434816586,16.59668818227587,3.373243831119966,0.2788989816613217,1.2900620458371037,0.4904836362107723,0.13918710906735487,0.004917453958072915
23,trf_6_124a_t2,14.770184994988494,4.42699916018202,4.778260980437259,0.4643342363536253,1.6637617965526417,0.6295958372945156,0.18509661649401377,0.0060530637889520955
23,trf_16_6318a_t2,38.587129080353726,14.531139598220706,4.409794850330751,0.16293270738530843,1.1931348056732531,0.4297383023713994,0.1834095528919475,0.002984121820782115
23,trf_6_2090a_t2,22.20375332986955,8.668244791543984,1.9247117587695328,0.13838439459296945,0.679075103048973,0.25602189060181146,0.07974624602127434,0.0024956292942538982
23,trf_16_2658a_t2,6.360502940617569,1.8950915505013273,1.8864949443819579,0.010204606040543613,0.21105220950424464,0.056108081172197455,0.0790015953519505,0.00023496667956512257
23,trf_6_1177a_t2,56.976235215500076,21.535643628253474,6.453154880160232,0.18884691451908217,2.310343581974962,0.8718713316260143,0.26921931620652906,0.007047581102381795
23,trf_16_3364a_t2,10.28404329089705,3.562068531656169,1.8923151866414523,0.028078822889083983,0.32684468530585065,0.10537178842996164,0.07910507148366852,0.0005656849927888827
23,trf_6_3509a_t2,29.461500166902685,12.63093633250171,0.9423801689344481,0.7629827674453881,0.8799606357061585,0.36879157343595814,0.03343654512085825,0.012883172344427263
23,trf_11_3987a_t2,12.09723302847148,4.883586210213232,0.7381050068511653,0.12574165534244677,0.3662735780876556,0.14402285634990264,0.030094745293409386,0.002202343606045931
23,trf_16_3997a_t2,18.262668129657765,6.349507216728373,3.3293712297335403,0.0695135491430067,0.5798930814149408,0.1877643088733718,0.138775533477268,0.001298542370775313
23,trf_6_3817a_t2,3.620765268171501,1.2381333458623505,0.7119467367044743,0.010358736231912542,0.11555370797083953,0.03656764513991506,0.029745072714925214,0.00021225998783374646
23,trf_16_1142a_t2,36.967716595581926,13.923768701952698,4.446370021367114,0.12428847426220002,1.1422937502038337,0.40929518185506275,0.1848560063113487,0.0023372220945200306
23,trf_6_724a_t2,17.624257010302376,6.0748127084873635,3.310690987901835,0.041425228816062684,0.561397893116176,0.17987035306398447,0.1387180422854164,0.000842692235081724
23,trf_6_5085a_t2,31.421740627578146,11.994276356510088,3.3943130399512924,0.20613119079148282,0.9683616659405168,0.35398492279962745,0.14008028573711417,0.0036525821425585914
23,trf_6_5595a_t2,-34.389829771707326,-15.546429348527258,3.5786741575348913,0.7035377000282942,0.6544368773390303,0.21956302068767464,0.13829565461532756,0.0015015783707210684
23,trf_6_5711a_t2,15.553943047881589,5.1942591956067945,3.3085231010752,0.031899958963965684,0.5002757931335573,0.15383163461054394,0.13868937557931948,0.0006679786421042791
23,trf_6_5712a_t2,4.0093392754600385,0.36252693095059507,3.393310863498211,0.24095169520831486,1.1022846654737348,0.4108610790517072,0.13916432177693938,0.0032857266612348335
23,trf_6_5659a_t2,8.910476707263285,2.375329037394864,3.306191416740597,0.009898320350025745,0.3040303976614389,0.07034024042889708,0.13865137933338723,0.0002506157890100093
23,trf_6_6158a_t2,70.2793921019406,28.071916914400727,4.473652872690262,0.47206036299761023,2.1298813943669614,0.8294189983667231,0.18416333100517335,0.00830875711053819
23,trf_6_6197a_t2,105.9454558138321,42.4677885877754,6.50966381427434,0.6413528329083258,3.2084242410011967,1.2546774328536543,0.2693976700334453,0.01125587809091877
23,trf_6_6153a_t2,96.22806757598917,40.01720849894856,4.227489237188039,1.6584974616397676,3.9451162081271747,1.6345712223146194,0.16605611064760328,0.04829189720335947
23,trf_6_1504a_t2,12.340098325906473,3.84279368423709,3.3314276376044187,0.04387103550605914,0.4049733050478004,0.11346253152674723,0.1390661351292839,0.0008396385795235925
23,trf_6_6249a_t2,-49.86078601811981,-21.065467221840724,4.204781067270376,2.0705085653281765,1.467175968104982,0.5670109246576871,0.1404477913236999,0.005882566462814154
23,trf_16_6312a_t2,11.198306754182799,3.3491534987240827,3.325849734783251,0.035131599811767715,0.3713066907667937,0.09900962746414343,0.1388442783493753,0.0006818229810672122
23,trf_6_727a_t2,42.584184801998326,16.750117448589926,3.391228576927511,0.2672584347968934,1.2984025657088267,0.4947831394782298,0.13996026077668544,0.004764868773602826
